sample_id,patient_id,fold,pCR,dataset,prob,split,seed,loss,smoke
ISPY1_1005_z019,ISPY1_1005,3,0,spy1,0.2624866,train,42,weighted,False
ISPY1_1005_z021,ISPY1_1005,3,0,spy1,0.26610887,train,42,weighted,False
ISPY1_1005_z022,ISPY1_1005,3,0,spy1,0.2614732,train,42,weighted,False
ISPY1_1005_z023,ISPY1_1005,3,0,spy1,0.26538208,train,42,weighted,False
ISPY1_1005_z027,ISPY1_1005,3,0,spy1,0.26020986,train,42,weighted,False
ISPY1_1005_z028,ISPY1_1005,3,0,spy1,0.25656372,train,42,weighted,False
ISPY1_1005_z030,ISPY1_1005,3,0,spy1,0.26131976,train,42,weighted,False
ISPY1_1005_z031,ISPY1_1005,3,0,spy1,0.26626197,train,42,weighted,False
ISPY1_1005_z036,ISPY1_1005,3,0,spy1,0.2673791,train,42,weighted,False
ISPY1_1005_z037,ISPY1_1005,3,0,spy1,0.2679283,train,42,weighted,False
ISPY1_1025_z000,ISPY1_1025,3,0,spy1,0.28480667,train,42,weighted,False
ISPY1_1025_z001,ISPY1_1025,3,0,spy1,0.28313857,train,42,weighted,False
ISPY1_1025_z002,ISPY1_1025,3,0,spy1,0.2783176,train,42,weighted,False
ISPY1_1025_z003,ISPY1_1025,3,0,spy1,0.25398964,train,42,weighted,False
ISPY1_1025_z004,ISPY1_1025,3,0,spy1,0.254224,train,42,weighted,False
ISPY1_1025_z005,ISPY1_1025,3,0,spy1,0.27092534,train,42,weighted,False
ISPY1_1025_z006,ISPY1_1025,3,0,spy1,0.27645898,train,42,weighted,False
ISPY1_1025_z007,ISPY1_1025,3,0,spy1,0.28070164,train,42,weighted,False
ISPY1_1025_z008,ISPY1_1025,3,0,spy1,0.26905885,train,42,weighted,False
ISPY1_1025_z009,ISPY1_1025,3,0,spy1,0.2511971,train,42,weighted,False
ISPY1_1036_z011,ISPY1_1036,3,0,spy1,0.8208676,train,42,weighted,False
ISPY1_1036_z012,ISPY1_1036,3,0,spy1,0.81871307,train,42,weighted,False
ISPY1_1036_z013,ISPY1_1036,3,0,spy1,0.81734467,train,42,weighted,False
ISPY1_1036_z014,ISPY1_1036,3,0,spy1,0.81892323,train,42,weighted,False
ISPY1_1036_z015,ISPY1_1036,3,0,spy1,0.8235297,train,42,weighted,False
ISPY1_1036_z016,ISPY1_1036,3,0,spy1,0.8221719,train,42,weighted,False
ISPY1_1036_z017,ISPY1_1036,3,0,spy1,0.820148,train,42,weighted,False
ISPY1_1036_z018,ISPY1_1036,3,0,spy1,0.8143396,train,42,weighted,False
ISPY1_1036_z019,ISPY1_1036,3,0,spy1,0.81222457,train,42,weighted,False
ISPY1_1036_z020,ISPY1_1036,3,0,spy1,0.81266075,train,42,weighted,False
ISPY1_1053_z001,ISPY1_1053,3,0,spy1,0.34015983,train,42,weighted,False
ISPY1_1053_z002,ISPY1_1053,3,0,spy1,0.33449465,train,42,weighted,False
ISPY1_1053_z003,ISPY1_1053,3,0,spy1,0.32568356,train,42,weighted,False
ISPY1_1053_z004,ISPY1_1053,3,0,spy1,0.31050792,train,42,weighted,False
ISPY1_1053_z005,ISPY1_1053,3,0,spy1,0.31374702,train,42,weighted,False
ISPY1_1053_z006,ISPY1_1053,3,0,spy1,0.3117373,train,42,weighted,False
ISPY1_1053_z007,ISPY1_1053,3,0,spy1,0.29855746,train,42,weighted,False
ISPY1_1053_z008,ISPY1_1053,3,0,spy1,0.2930375,train,42,weighted,False
ISPY1_1053_z009,ISPY1_1053,3,0,spy1,0.28689745,train,42,weighted,False
ISPY1_1053_z010,ISPY1_1053,3,0,spy1,0.27826446,train,42,weighted,False
ISPY1_1066_z003,ISPY1_1066,3,0,spy1,0.5874763,train,42,weighted,False
ISPY1_1066_z004,ISPY1_1066,3,0,spy1,0.5875153,train,42,weighted,False
ISPY1_1066_z005,ISPY1_1066,3,0,spy1,0.5882309,train,42,weighted,False
ISPY1_1066_z006,ISPY1_1066,3,0,spy1,0.5876039,train,42,weighted,False
ISPY1_1066_z007,ISPY1_1066,3,0,spy1,0.5877056,train,42,weighted,False
ISPY1_1066_z008,ISPY1_1066,3,0,spy1,0.58785737,train,42,weighted,False
ISPY1_1066_z009,ISPY1_1066,3,0,spy1,0.5883124,train,42,weighted,False
ISPY1_1066_z010,ISPY1_1066,3,0,spy1,0.5899418,train,42,weighted,False
ISPY1_1066_z011,ISPY1_1066,3,0,spy1,0.5984447,train,42,weighted,False
ISPY1_1066_z012,ISPY1_1066,3,0,spy1,0.605125,train,42,weighted,False
ISPY1_1072_z005,ISPY1_1072,3,0,spy1,0.4877937,train,42,weighted,False
ISPY1_1072_z006,ISPY1_1072,3,0,spy1,0.47734645,train,42,weighted,False
ISPY1_1072_z007,ISPY1_1072,3,0,spy1,0.47753346,train,42,weighted,False
ISPY1_1072_z008,ISPY1_1072,3,0,spy1,0.4603024,train,42,weighted,False
ISPY1_1072_z009,ISPY1_1072,3,0,spy1,0.44990623,train,42,weighted,False
ISPY1_1072_z010,ISPY1_1072,3,0,spy1,0.457207,train,42,weighted,False
ISPY1_1072_z011,ISPY1_1072,3,0,spy1,0.44097087,train,42,weighted,False
ISPY1_1072_z012,ISPY1_1072,3,0,spy1,0.44048035,train,42,weighted,False
ISPY1_1072_z013,ISPY1_1072,3,0,spy1,0.43908194,train,42,weighted,False
ISPY1_1072_z014,ISPY1_1072,3,0,spy1,0.44295004,train,42,weighted,False
ISPY1_1078_z008,ISPY1_1078,3,1,spy1,0.41340184,train,42,weighted,False
ISPY1_1078_z009,ISPY1_1078,3,1,spy1,0.41231546,train,42,weighted,False
ISPY1_1078_z010,ISPY1_1078,3,1,spy1,0.40636268,train,42,weighted,False
ISPY1_1078_z012,ISPY1_1078,3,1,spy1,0.40107465,train,42,weighted,False
ISPY1_1078_z013,ISPY1_1078,3,1,spy1,0.39926583,train,42,weighted,False
ISPY1_1078_z014,ISPY1_1078,3,1,spy1,0.3917802,train,42,weighted,False
ISPY1_1078_z015,ISPY1_1078,3,1,spy1,0.37902135,train,42,weighted,False
ISPY1_1078_z016,ISPY1_1078,3,1,spy1,0.36115953,train,42,weighted,False
ISPY1_1078_z017,ISPY1_1078,3,1,spy1,0.35230222,train,42,weighted,False
ISPY1_1078_z018,ISPY1_1078,3,1,spy1,0.35126498,train,42,weighted,False
ISPY1_1100_z007,ISPY1_1100,3,0,spy1,0.20662443,train,42,weighted,False
ISPY1_1100_z008,ISPY1_1100,3,0,spy1,0.21246901,train,42,weighted,False
ISPY1_1100_z009,ISPY1_1100,3,0,spy1,0.19827735,train,42,weighted,False
ISPY1_1100_z010,ISPY1_1100,3,0,spy1,0.1953302,train,42,weighted,False
ISPY1_1100_z011,ISPY1_1100,3,0,spy1,0.18253605,train,42,weighted,False
ISPY1_1100_z012,ISPY1_1100,3,0,spy1,0.1982395,train,42,weighted,False
ISPY1_1100_z013,ISPY1_1100,3,0,spy1,0.20606825,train,42,weighted,False
ISPY1_1100_z014,ISPY1_1100,3,0,spy1,0.2110395,train,42,weighted,False
ISPY1_1100_z015,ISPY1_1100,3,0,spy1,0.23212263,train,42,weighted,False
ISPY1_1100_z016,ISPY1_1100,3,0,spy1,0.25578466,train,42,weighted,False
ISPY1_1103_z012,ISPY1_1103,3,1,spy1,0.74009407,train,42,weighted,False
ISPY1_1103_z013,ISPY1_1103,3,1,spy1,0.74383813,train,42,weighted,False
ISPY1_1103_z014,ISPY1_1103,3,1,spy1,0.7419855,train,42,weighted,False
ISPY1_1103_z015,ISPY1_1103,3,1,spy1,0.74513113,train,42,weighted,False
ISPY1_1103_z016,ISPY1_1103,3,1,spy1,0.7441443,train,42,weighted,False
ISPY1_1103_z017,ISPY1_1103,3,1,spy1,0.745898,train,42,weighted,False
ISPY1_1103_z021,ISPY1_1103,3,1,spy1,0.7343136,train,42,weighted,False
ISPY1_1103_z022,ISPY1_1103,3,1,spy1,0.7457853,train,42,weighted,False
ISPY1_1103_z023,ISPY1_1103,3,1,spy1,0.74166113,train,42,weighted,False
ISPY1_1103_z024,ISPY1_1103,3,1,spy1,0.74363965,train,42,weighted,False
ISPY1_1128_z003,ISPY1_1128,3,0,spy1,0.63798773,train,42,weighted,False
ISPY1_1128_z004,ISPY1_1128,3,0,spy1,0.6468397,train,42,weighted,False
ISPY1_1128_z005,ISPY1_1128,3,0,spy1,0.66098976,train,42,weighted,False
ISPY1_1128_z006,ISPY1_1128,3,0,spy1,0.6728573,train,42,weighted,False
ISPY1_1128_z007,ISPY1_1128,3,0,spy1,0.6896435,train,42,weighted,False
ISPY1_1128_z008,ISPY1_1128,3,0,spy1,0.71012926,train,42,weighted,False
ISPY1_1128_z009,ISPY1_1128,3,0,spy1,0.73701626,train,42,weighted,False
ISPY1_1128_z010,ISPY1_1128,3,0,spy1,0.74793106,train,42,weighted,False
ISPY1_1128_z011,ISPY1_1128,3,0,spy1,0.7546581,train,42,weighted,False
ISPY1_1128_z012,ISPY1_1128,3,0,spy1,0.76231235,train,42,weighted,False
ISPY1_1140_z027,ISPY1_1140,3,0,spy1,0.27807337,train,42,weighted,False
ISPY1_1140_z033,ISPY1_1140,3,0,spy1,0.302985,train,42,weighted,False
ISPY1_1140_z034,ISPY1_1140,3,0,spy1,0.3041342,train,42,weighted,False
ISPY1_1140_z035,ISPY1_1140,3,0,spy1,0.3036588,train,42,weighted,False
ISPY1_1140_z036,ISPY1_1140,3,0,spy1,0.30410957,train,42,weighted,False
ISPY1_1140_z037,ISPY1_1140,3,0,spy1,0.30472663,train,42,weighted,False
ISPY1_1140_z038,ISPY1_1140,3,0,spy1,0.30660242,train,42,weighted,False
ISPY1_1140_z039,ISPY1_1140,3,0,spy1,0.30863184,train,42,weighted,False
ISPY1_1140_z040,ISPY1_1140,3,0,spy1,0.30767977,train,42,weighted,False
ISPY1_1140_z041,ISPY1_1140,3,0,spy1,0.30652857,train,42,weighted,False
ISPY1_1155_z012,ISPY1_1155,3,1,spy1,0.6040809,train,42,weighted,False
ISPY1_1155_z015,ISPY1_1155,3,1,spy1,0.60670096,train,42,weighted,False
ISPY1_1155_z016,ISPY1_1155,3,1,spy1,0.6074007,train,42,weighted,False
ISPY1_1155_z017,ISPY1_1155,3,1,spy1,0.6074554,train,42,weighted,False
ISPY1_1155_z018,ISPY1_1155,3,1,spy1,0.6070569,train,42,weighted,False
ISPY1_1155_z019,ISPY1_1155,3,1,spy1,0.6090249,train,42,weighted,False
ISPY1_1155_z020,ISPY1_1155,3,1,spy1,0.61088157,train,42,weighted,False
ISPY1_1155_z021,ISPY1_1155,3,1,spy1,0.6117998,train,42,weighted,False
ISPY1_1155_z022,ISPY1_1155,3,1,spy1,0.61342984,train,42,weighted,False
ISPY1_1155_z023,ISPY1_1155,3,1,spy1,0.61307216,train,42,weighted,False
ISPY1_1167_z021,ISPY1_1167,3,0,spy1,0.37887156,train,42,weighted,False
ISPY1_1167_z022,ISPY1_1167,3,0,spy1,0.3787622,train,42,weighted,False
ISPY1_1167_z023,ISPY1_1167,3,0,spy1,0.371701,train,42,weighted,False
ISPY1_1167_z024,ISPY1_1167,3,0,spy1,0.37667638,train,42,weighted,False
ISPY1_1167_z025,ISPY1_1167,3,0,spy1,0.3784028,train,42,weighted,False
ISPY1_1167_z026,ISPY1_1167,3,0,spy1,0.36771214,train,42,weighted,False
ISPY1_1167_z027,ISPY1_1167,3,0,spy1,0.3628239,train,42,weighted,False
ISPY1_1167_z028,ISPY1_1167,3,0,spy1,0.35523468,train,42,weighted,False
ISPY1_1167_z029,ISPY1_1167,3,0,spy1,0.355687,train,42,weighted,False
ISPY1_1167_z034,ISPY1_1167,3,0,spy1,0.36849886,train,42,weighted,False
ISPY1_1169_z007,ISPY1_1169,3,0,spy1,0.32346323,train,42,weighted,False
ISPY1_1169_z008,ISPY1_1169,3,0,spy1,0.3529581,train,42,weighted,False
ISPY1_1169_z009,ISPY1_1169,3,0,spy1,0.343856,train,42,weighted,False
ISPY1_1169_z014,ISPY1_1169,3,0,spy1,0.41939458,train,42,weighted,False
ISPY1_1169_z015,ISPY1_1169,3,0,spy1,0.42996708,train,42,weighted,False
ISPY1_1169_z016,ISPY1_1169,3,0,spy1,0.414469,train,42,weighted,False
ISPY1_1169_z017,ISPY1_1169,3,0,spy1,0.44373497,train,42,weighted,False
ISPY1_1169_z018,ISPY1_1169,3,0,spy1,0.39708734,train,42,weighted,False
ISPY1_1169_z019,ISPY1_1169,3,0,spy1,0.38102892,train,42,weighted,False
ISPY1_1169_z020,ISPY1_1169,3,0,spy1,0.36536983,train,42,weighted,False
ISPY1_1187_z012,ISPY1_1187,3,0,spy1,0.41285682,train,42,weighted,False
ISPY1_1187_z013,ISPY1_1187,3,0,spy1,0.41237068,train,42,weighted,False
ISPY1_1187_z014,ISPY1_1187,3,0,spy1,0.41160336,train,42,weighted,False
ISPY1_1187_z015,ISPY1_1187,3,0,spy1,0.4117342,train,42,weighted,False
ISPY1_1187_z016,ISPY1_1187,3,0,spy1,0.411437,train,42,weighted,False
ISPY1_1187_z017,ISPY1_1187,3,0,spy1,0.41238472,train,42,weighted,False
ISPY1_1187_z018,ISPY1_1187,3,0,spy1,0.41324764,train,42,weighted,False
ISPY1_1187_z019,ISPY1_1187,3,0,spy1,0.41371396,train,42,weighted,False
ISPY1_1187_z020,ISPY1_1187,3,0,spy1,0.41325676,train,42,weighted,False
ISPY1_1187_z021,ISPY1_1187,3,0,spy1,0.41217327,train,42,weighted,False
ISPY1_1191_z006,ISPY1_1191,3,0,spy1,0.33525723,train,42,weighted,False
ISPY1_1191_z007,ISPY1_1191,3,0,spy1,0.3328996,train,42,weighted,False
ISPY1_1191_z008,ISPY1_1191,3,0,spy1,0.33116502,train,42,weighted,False
ISPY1_1191_z009,ISPY1_1191,3,0,spy1,0.31761265,train,42,weighted,False
ISPY1_1191_z010,ISPY1_1191,3,0,spy1,0.31609496,train,42,weighted,False
ISPY1_1191_z011,ISPY1_1191,3,0,spy1,0.33303455,train,42,weighted,False
ISPY1_1191_z012,ISPY1_1191,3,0,spy1,0.33337677,train,42,weighted,False
ISPY1_1191_z013,ISPY1_1191,3,0,spy1,0.33439094,train,42,weighted,False
ISPY1_1191_z014,ISPY1_1191,3,0,spy1,0.33944693,train,42,weighted,False
ISPY1_1191_z015,ISPY1_1191,3,0,spy1,0.33649787,train,42,weighted,False
ISPY1_1204_z005,ISPY1_1204,3,0,spy1,0.67341244,train,42,weighted,False
ISPY1_1204_z006,ISPY1_1204,3,0,spy1,0.67163914,train,42,weighted,False
ISPY1_1204_z007,ISPY1_1204,3,0,spy1,0.67003673,train,42,weighted,False
ISPY1_1204_z008,ISPY1_1204,3,0,spy1,0.6692877,train,42,weighted,False
ISPY1_1204_z009,ISPY1_1204,3,0,spy1,0.66762465,train,42,weighted,False
ISPY1_1204_z010,ISPY1_1204,3,0,spy1,0.6676467,train,42,weighted,False
ISPY1_1204_z011,ISPY1_1204,3,0,spy1,0.66752493,train,42,weighted,False
ISPY1_1204_z012,ISPY1_1204,3,0,spy1,0.6674606,train,42,weighted,False
ISPY1_1204_z013,ISPY1_1204,3,0,spy1,0.660297,train,42,weighted,False
ISPY1_1204_z014,ISPY1_1204,3,0,spy1,0.6553565,train,42,weighted,False
ISPY1_1218_z007,ISPY1_1218,3,0,spy1,0.60894924,train,42,weighted,False
ISPY1_1218_z008,ISPY1_1218,3,0,spy1,0.60647935,train,42,weighted,False
ISPY1_1218_z009,ISPY1_1218,3,0,spy1,0.63738835,train,42,weighted,False
ISPY1_1218_z010,ISPY1_1218,3,0,spy1,0.63312423,train,42,weighted,False
ISPY1_1218_z011,ISPY1_1218,3,0,spy1,0.62326014,train,42,weighted,False
ISPY1_1218_z012,ISPY1_1218,3,0,spy1,0.6255194,train,42,weighted,False
ISPY1_1218_z013,ISPY1_1218,3,0,spy1,0.60462046,train,42,weighted,False
ISPY1_1218_z014,ISPY1_1218,3,0,spy1,0.5984705,train,42,weighted,False
ISPY1_1218_z015,ISPY1_1218,3,0,spy1,0.5844732,train,42,weighted,False
ISPY1_1218_z016,ISPY1_1218,3,0,spy1,0.62468773,train,42,weighted,False
ISPY1_1219_z008,ISPY1_1219,3,0,spy1,0.286711,train,42,weighted,False
ISPY1_1219_z009,ISPY1_1219,3,0,spy1,0.29132196,train,42,weighted,False
ISPY1_1219_z010,ISPY1_1219,3,0,spy1,0.294074,train,42,weighted,False
ISPY1_1219_z011,ISPY1_1219,3,0,spy1,0.2966848,train,42,weighted,False
ISPY1_1219_z012,ISPY1_1219,3,0,spy1,0.2994049,train,42,weighted,False
ISPY1_1219_z013,ISPY1_1219,3,0,spy1,0.30303034,train,42,weighted,False
ISPY1_1219_z014,ISPY1_1219,3,0,spy1,0.3042668,train,42,weighted,False
ISPY1_1219_z015,ISPY1_1219,3,0,spy1,0.30458423,train,42,weighted,False
ISPY1_1219_z016,ISPY1_1219,3,0,spy1,0.30548576,train,42,weighted,False
ISPY1_1219_z017,ISPY1_1219,3,0,spy1,0.30627802,train,42,weighted,False
ISPY1_1233_z006,ISPY1_1233,3,0,spy1,0.33433914,train,42,weighted,False
ISPY1_1233_z007,ISPY1_1233,3,0,spy1,0.36929375,train,42,weighted,False
ISPY1_1233_z008,ISPY1_1233,3,0,spy1,0.34106648,train,42,weighted,False
ISPY1_1233_z009,ISPY1_1233,3,0,spy1,0.3286216,train,42,weighted,False
ISPY1_1233_z010,ISPY1_1233,3,0,spy1,0.29772106,train,42,weighted,False
ISPY1_1233_z011,ISPY1_1233,3,0,spy1,0.2713862,train,42,weighted,False
ISPY1_1233_z012,ISPY1_1233,3,0,spy1,0.2767908,train,42,weighted,False
ISPY1_1233_z013,ISPY1_1233,3,0,spy1,0.2210589,train,42,weighted,False
ISPY1_1233_z014,ISPY1_1233,3,0,spy1,0.21899232,train,42,weighted,False
ISPY1_1233_z015,ISPY1_1233,3,0,spy1,0.15965146,train,42,weighted,False
ISPY1_1239_z002,ISPY1_1239,3,0,spy1,0.34028098,train,42,weighted,False
ISPY1_1239_z003,ISPY1_1239,3,0,spy1,0.33711877,train,42,weighted,False
ISPY1_1239_z004,ISPY1_1239,3,0,spy1,0.33374333,train,42,weighted,False
ISPY1_1239_z005,ISPY1_1239,3,0,spy1,0.3324411,train,42,weighted,False
ISPY1_1239_z006,ISPY1_1239,3,0,spy1,0.3299757,train,42,weighted,False
ISPY1_1239_z007,ISPY1_1239,3,0,spy1,0.3378295,train,42,weighted,False
ISPY1_1239_z008,ISPY1_1239,3,0,spy1,0.35196662,train,42,weighted,False
ISPY1_1239_z009,ISPY1_1239,3,0,spy1,0.35106188,train,42,weighted,False
ISPY1_1239_z010,ISPY1_1239,3,0,spy1,0.36324,train,42,weighted,False
ISPY1_1239_z011,ISPY1_1239,3,0,spy1,0.38128293,train,42,weighted,False
Breast_MRI_005_z020,Breast_MRI_005,3,1,duke,0.6368714,train,42,weighted,False
Breast_MRI_005_z021,Breast_MRI_005,3,1,duke,0.63791627,train,42,weighted,False
Breast_MRI_005_z022,Breast_MRI_005,3,1,duke,0.6382691,train,42,weighted,False
Breast_MRI_005_z023,Breast_MRI_005,3,1,duke,0.6379056,train,42,weighted,False
Breast_MRI_005_z024,Breast_MRI_005,3,1,duke,0.63768756,train,42,weighted,False
Breast_MRI_005_z025,Breast_MRI_005,3,1,duke,0.63890094,train,42,weighted,False
Breast_MRI_005_z026,Breast_MRI_005,3,1,duke,0.63952535,train,42,weighted,False
Breast_MRI_005_z027,Breast_MRI_005,3,1,duke,0.6400507,train,42,weighted,False
Breast_MRI_005_z028,Breast_MRI_005,3,1,duke,0.6412733,train,42,weighted,False
Breast_MRI_005_z029,Breast_MRI_005,3,1,duke,0.6416068,train,42,weighted,False
Breast_MRI_040_z013,Breast_MRI_040,3,0,duke,0.08019624,train,42,weighted,False
Breast_MRI_040_z014,Breast_MRI_040,3,0,duke,0.08497029,train,42,weighted,False
Breast_MRI_040_z015,Breast_MRI_040,3,0,duke,0.08703296,train,42,weighted,False
Breast_MRI_040_z016,Breast_MRI_040,3,0,duke,0.09101774,train,42,weighted,False
Breast_MRI_040_z017,Breast_MRI_040,3,0,duke,0.0911745,train,42,weighted,False
Breast_MRI_040_z018,Breast_MRI_040,3,0,duke,0.09291753,train,42,weighted,False
Breast_MRI_040_z019,Breast_MRI_040,3,0,duke,0.0856342,train,42,weighted,False
Breast_MRI_040_z020,Breast_MRI_040,3,0,duke,0.09105763,train,42,weighted,False
Breast_MRI_040_z021,Breast_MRI_040,3,0,duke,0.08087375,train,42,weighted,False
Breast_MRI_040_z022,Breast_MRI_040,3,0,duke,0.07596592,train,42,weighted,False
Breast_MRI_053_z009,Breast_MRI_053,3,0,duke,0.27834356,train,42,weighted,False
Breast_MRI_053_z010,Breast_MRI_053,3,0,duke,0.26077315,train,42,weighted,False
Breast_MRI_053_z011,Breast_MRI_053,3,0,duke,0.26856756,train,42,weighted,False
Breast_MRI_053_z012,Breast_MRI_053,3,0,duke,0.28881788,train,42,weighted,False
Breast_MRI_053_z013,Breast_MRI_053,3,0,duke,0.3140857,train,42,weighted,False
Breast_MRI_053_z014,Breast_MRI_053,3,0,duke,0.33018073,train,42,weighted,False
Breast_MRI_053_z015,Breast_MRI_053,3,0,duke,0.32861418,train,42,weighted,False
Breast_MRI_053_z016,Breast_MRI_053,3,0,duke,0.31942585,train,42,weighted,False
Breast_MRI_053_z017,Breast_MRI_053,3,0,duke,0.31647548,train,42,weighted,False
Breast_MRI_053_z018,Breast_MRI_053,3,0,duke,0.32311976,train,42,weighted,False
Breast_MRI_069_z005,Breast_MRI_069,3,0,duke,0.23453301,train,42,weighted,False
Breast_MRI_069_z006,Breast_MRI_069,3,0,duke,0.24969552,train,42,weighted,False
Breast_MRI_069_z007,Breast_MRI_069,3,0,duke,0.25591716,train,42,weighted,False
Breast_MRI_069_z008,Breast_MRI_069,3,0,duke,0.2650345,train,42,weighted,False
Breast_MRI_069_z009,Breast_MRI_069,3,0,duke,0.30331463,train,42,weighted,False
Breast_MRI_069_z010,Breast_MRI_069,3,0,duke,0.3137923,train,42,weighted,False
Breast_MRI_069_z011,Breast_MRI_069,3,0,duke,0.3241245,train,42,weighted,False
Breast_MRI_069_z012,Breast_MRI_069,3,0,duke,0.30606169,train,42,weighted,False
Breast_MRI_069_z013,Breast_MRI_069,3,0,duke,0.25611272,train,42,weighted,False
Breast_MRI_069_z014,Breast_MRI_069,3,0,duke,0.23222351,train,42,weighted,False
Breast_MRI_099_z009,Breast_MRI_099,3,1,duke,0.37109977,train,42,weighted,False
Breast_MRI_099_z010,Breast_MRI_099,3,1,duke,0.38578635,train,42,weighted,False
Breast_MRI_099_z011,Breast_MRI_099,3,1,duke,0.38632002,train,42,weighted,False
Breast_MRI_099_z012,Breast_MRI_099,3,1,duke,0.39480966,train,42,weighted,False
Breast_MRI_099_z013,Breast_MRI_099,3,1,duke,0.40296996,train,42,weighted,False
Breast_MRI_099_z014,Breast_MRI_099,3,1,duke,0.39062458,train,42,weighted,False
Breast_MRI_099_z015,Breast_MRI_099,3,1,duke,0.3691016,train,42,weighted,False
Breast_MRI_099_z016,Breast_MRI_099,3,1,duke,0.37446088,train,42,weighted,False
Breast_MRI_099_z017,Breast_MRI_099,3,1,duke,0.37591684,train,42,weighted,False
Breast_MRI_099_z018,Breast_MRI_099,3,1,duke,0.36971432,train,42,weighted,False
Breast_MRI_107_z008,Breast_MRI_107,3,0,duke,0.65287924,train,42,weighted,False
Breast_MRI_107_z009,Breast_MRI_107,3,0,duke,0.65264183,train,42,weighted,False
Breast_MRI_107_z010,Breast_MRI_107,3,0,duke,0.6494247,train,42,weighted,False
Breast_MRI_107_z011,Breast_MRI_107,3,0,duke,0.6501024,train,42,weighted,False
Breast_MRI_107_z012,Breast_MRI_107,3,0,duke,0.6481861,train,42,weighted,False
Breast_MRI_107_z013,Breast_MRI_107,3,0,duke,0.644309,train,42,weighted,False
Breast_MRI_107_z014,Breast_MRI_107,3,0,duke,0.6430363,train,42,weighted,False
Breast_MRI_107_z015,Breast_MRI_107,3,0,duke,0.64216727,train,42,weighted,False
Breast_MRI_107_z016,Breast_MRI_107,3,0,duke,0.64081836,train,42,weighted,False
Breast_MRI_107_z017,Breast_MRI_107,3,0,duke,0.6406084,train,42,weighted,False
Breast_MRI_123_z009,Breast_MRI_123,3,0,duke,0.35365203,train,42,weighted,False
Breast_MRI_123_z010,Breast_MRI_123,3,0,duke,0.36874115,train,42,weighted,False
Breast_MRI_123_z011,Breast_MRI_123,3,0,duke,0.3631542,train,42,weighted,False
Breast_MRI_123_z012,Breast_MRI_123,3,0,duke,0.37426347,train,42,weighted,False
Breast_MRI_123_z013,Breast_MRI_123,3,0,duke,0.369675,train,42,weighted,False
Breast_MRI_123_z014,Breast_MRI_123,3,0,duke,0.37747002,train,42,weighted,False
Breast_MRI_123_z015,Breast_MRI_123,3,0,duke,0.3665355,train,42,weighted,False
Breast_MRI_123_z016,Breast_MRI_123,3,0,duke,0.36432126,train,42,weighted,False
Breast_MRI_123_z017,Breast_MRI_123,3,0,duke,0.36090738,train,42,weighted,False
Breast_MRI_123_z018,Breast_MRI_123,3,0,duke,0.34728375,train,42,weighted,False
Breast_MRI_141_z008,Breast_MRI_141,3,0,duke,0.44435903,train,42,weighted,False
Breast_MRI_141_z009,Breast_MRI_141,3,0,duke,0.43956223,train,42,weighted,False
Breast_MRI_141_z010,Breast_MRI_141,3,0,duke,0.44102043,train,42,weighted,False
Breast_MRI_141_z011,Breast_MRI_141,3,0,duke,0.44033265,train,42,weighted,False
Breast_MRI_141_z012,Breast_MRI_141,3,0,duke,0.43651927,train,42,weighted,False
Breast_MRI_141_z013,Breast_MRI_141,3,0,duke,0.440009,train,42,weighted,False
Breast_MRI_141_z014,Breast_MRI_141,3,0,duke,0.44950998,train,42,weighted,False
Breast_MRI_141_z015,Breast_MRI_141,3,0,duke,0.45939505,train,42,weighted,False
Breast_MRI_141_z016,Breast_MRI_141,3,0,duke,0.46130297,train,42,weighted,False
Breast_MRI_141_z017,Breast_MRI_141,3,0,duke,0.46095407,train,42,weighted,False
Breast_MRI_156_z019,Breast_MRI_156,3,0,duke,0.6348947,train,42,weighted,False
Breast_MRI_156_z020,Breast_MRI_156,3,0,duke,0.63283885,train,42,weighted,False
Breast_MRI_156_z021,Breast_MRI_156,3,0,duke,0.6323059,train,42,weighted,False
Breast_MRI_156_z022,Breast_MRI_156,3,0,duke,0.6324478,train,42,weighted,False
Breast_MRI_156_z023,Breast_MRI_156,3,0,duke,0.63199407,train,42,weighted,False
Breast_MRI_156_z024,Breast_MRI_156,3,0,duke,0.6349468,train,42,weighted,False
Breast_MRI_156_z025,Breast_MRI_156,3,0,duke,0.63346165,train,42,weighted,False
Breast_MRI_156_z026,Breast_MRI_156,3,0,duke,0.63221437,train,42,weighted,False
Breast_MRI_156_z027,Breast_MRI_156,3,0,duke,0.6283063,train,42,weighted,False
Breast_MRI_156_z028,Breast_MRI_156,3,0,duke,0.63368213,train,42,weighted,False
Breast_MRI_160_z009,Breast_MRI_160,3,0,duke,0.62509394,train,42,weighted,False
Breast_MRI_160_z010,Breast_MRI_160,3,0,duke,0.6276817,train,42,weighted,False
Breast_MRI_160_z011,Breast_MRI_160,3,0,duke,0.6249705,train,42,weighted,False
Breast_MRI_160_z012,Breast_MRI_160,3,0,duke,0.62003326,train,42,weighted,False
Breast_MRI_160_z013,Breast_MRI_160,3,0,duke,0.62300354,train,42,weighted,False
Breast_MRI_160_z014,Breast_MRI_160,3,0,duke,0.6381666,train,42,weighted,False
Breast_MRI_160_z015,Breast_MRI_160,3,0,duke,0.6549304,train,42,weighted,False
Breast_MRI_160_z016,Breast_MRI_160,3,0,duke,0.6522857,train,42,weighted,False
Breast_MRI_160_z017,Breast_MRI_160,3,0,duke,0.66539234,train,42,weighted,False
Breast_MRI_160_z018,Breast_MRI_160,3,0,duke,0.6667698,train,42,weighted,False
Breast_MRI_228_z014,Breast_MRI_228,3,0,duke,0.12296997,train,42,weighted,False
Breast_MRI_228_z015,Breast_MRI_228,3,0,duke,0.13074255,train,42,weighted,False
Breast_MRI_228_z016,Breast_MRI_228,3,0,duke,0.14875957,train,42,weighted,False
Breast_MRI_228_z017,Breast_MRI_228,3,0,duke,0.16754323,train,42,weighted,False
Breast_MRI_228_z018,Breast_MRI_228,3,0,duke,0.17966639,train,42,weighted,False
Breast_MRI_228_z019,Breast_MRI_228,3,0,duke,0.19659592,train,42,weighted,False
Breast_MRI_228_z020,Breast_MRI_228,3,0,duke,0.2131757,train,42,weighted,False
Breast_MRI_228_z021,Breast_MRI_228,3,0,duke,0.2225407,train,42,weighted,False
Breast_MRI_228_z022,Breast_MRI_228,3,0,duke,0.2207578,train,42,weighted,False
Breast_MRI_228_z023,Breast_MRI_228,3,0,duke,0.21050875,train,42,weighted,False
Breast_MRI_240_z010,Breast_MRI_240,3,0,duke,0.4410283,train,42,weighted,False
Breast_MRI_240_z011,Breast_MRI_240,3,0,duke,0.42516908,train,42,weighted,False
Breast_MRI_240_z012,Breast_MRI_240,3,0,duke,0.39371392,train,42,weighted,False
Breast_MRI_240_z013,Breast_MRI_240,3,0,duke,0.3886894,train,42,weighted,False
Breast_MRI_240_z014,Breast_MRI_240,3,0,duke,0.38886327,train,42,weighted,False
Breast_MRI_240_z015,Breast_MRI_240,3,0,duke,0.37948477,train,42,weighted,False
Breast_MRI_240_z016,Breast_MRI_240,3,0,duke,0.426702,train,42,weighted,False
Breast_MRI_240_z017,Breast_MRI_240,3,0,duke,0.42680717,train,42,weighted,False
Breast_MRI_240_z018,Breast_MRI_240,3,0,duke,0.40514484,train,42,weighted,False
Breast_MRI_240_z019,Breast_MRI_240,3,0,duke,0.44078436,train,42,weighted,False
Breast_MRI_253_z004,Breast_MRI_253,3,1,duke,0.6750357,train,42,weighted,False
Breast_MRI_253_z005,Breast_MRI_253,3,1,duke,0.66884965,train,42,weighted,False
Breast_MRI_253_z006,Breast_MRI_253,3,1,duke,0.6777168,train,42,weighted,False
Breast_MRI_253_z007,Breast_MRI_253,3,1,duke,0.67916983,train,42,weighted,False
Breast_MRI_253_z008,Breast_MRI_253,3,1,duke,0.6785425,train,42,weighted,False
Breast_MRI_253_z009,Breast_MRI_253,3,1,duke,0.6668781,train,42,weighted,False
Breast_MRI_253_z010,Breast_MRI_253,3,1,duke,0.6566472,train,42,weighted,False
Breast_MRI_253_z011,Breast_MRI_253,3,1,duke,0.6653209,train,42,weighted,False
Breast_MRI_253_z012,Breast_MRI_253,3,1,duke,0.66949123,train,42,weighted,False
Breast_MRI_253_z013,Breast_MRI_253,3,1,duke,0.6710878,train,42,weighted,False
Breast_MRI_283_z006,Breast_MRI_283,3,0,duke,0.7032474,train,42,weighted,False
Breast_MRI_283_z007,Breast_MRI_283,3,0,duke,0.7005756,train,42,weighted,False
Breast_MRI_283_z008,Breast_MRI_283,3,0,duke,0.6977819,train,42,weighted,False
Breast_MRI_283_z009,Breast_MRI_283,3,0,duke,0.69678915,train,42,weighted,False
Breast_MRI_283_z010,Breast_MRI_283,3,0,duke,0.6956508,train,42,weighted,False
Breast_MRI_283_z011,Breast_MRI_283,3,0,duke,0.6951811,train,42,weighted,False
Breast_MRI_283_z012,Breast_MRI_283,3,0,duke,0.69383603,train,42,weighted,False
Breast_MRI_283_z013,Breast_MRI_283,3,0,duke,0.69357663,train,42,weighted,False
Breast_MRI_283_z014,Breast_MRI_283,3,0,duke,0.6922134,train,42,weighted,False
Breast_MRI_283_z015,Breast_MRI_283,3,0,duke,0.6802326,train,42,weighted,False
Breast_MRI_301_z007,Breast_MRI_301,3,1,duke,0.16800107,train,42,weighted,False
Breast_MRI_301_z008,Breast_MRI_301,3,1,duke,0.18737034,train,42,weighted,False
Breast_MRI_301_z009,Breast_MRI_301,3,1,duke,0.17248715,train,42,weighted,False
Breast_MRI_301_z010,Breast_MRI_301,3,1,duke,0.17048961,train,42,weighted,False
Breast_MRI_301_z011,Breast_MRI_301,3,1,duke,0.17753085,train,42,weighted,False
Breast_MRI_301_z012,Breast_MRI_301,3,1,duke,0.17352913,train,42,weighted,False
Breast_MRI_301_z013,Breast_MRI_301,3,1,duke,0.16441676,train,42,weighted,False
Breast_MRI_301_z014,Breast_MRI_301,3,1,duke,0.15833052,train,42,weighted,False
Breast_MRI_301_z015,Breast_MRI_301,3,1,duke,0.14608246,train,42,weighted,False
Breast_MRI_301_z016,Breast_MRI_301,3,1,duke,0.13038564,train,42,weighted,False
Breast_MRI_333_z004,Breast_MRI_333,3,0,duke,0.44653836,train,42,weighted,False
Breast_MRI_333_z005,Breast_MRI_333,3,0,duke,0.44616032,train,42,weighted,False
Breast_MRI_333_z006,Breast_MRI_333,3,0,duke,0.44640154,train,42,weighted,False
Breast_MRI_333_z007,Breast_MRI_333,3,0,duke,0.44578484,train,42,weighted,False
Breast_MRI_333_z008,Breast_MRI_333,3,0,duke,0.4453741,train,42,weighted,False
Breast_MRI_333_z009,Breast_MRI_333,3,0,duke,0.4369012,train,42,weighted,False
Breast_MRI_333_z010,Breast_MRI_333,3,0,duke,0.43966696,train,42,weighted,False
Breast_MRI_333_z011,Breast_MRI_333,3,0,duke,0.43946615,train,42,weighted,False
Breast_MRI_333_z012,Breast_MRI_333,3,0,duke,0.43318444,train,42,weighted,False
Breast_MRI_333_z013,Breast_MRI_333,3,0,duke,0.42224595,train,42,weighted,False
Breast_MRI_372_z002,Breast_MRI_372,3,0,duke,0.42385966,train,42,weighted,False
Breast_MRI_372_z003,Breast_MRI_372,3,0,duke,0.42372635,train,42,weighted,False
Breast_MRI_372_z004,Breast_MRI_372,3,0,duke,0.42628264,train,42,weighted,False
Breast_MRI_372_z005,Breast_MRI_372,3,0,duke,0.41605392,train,42,weighted,False
Breast_MRI_372_z006,Breast_MRI_372,3,0,duke,0.39455935,train,42,weighted,False
Breast_MRI_387_z018,Breast_MRI_387,3,0,duke,0.20036748,train,42,weighted,False
Breast_MRI_387_z019,Breast_MRI_387,3,0,duke,0.1754916,train,42,weighted,False
Breast_MRI_387_z020,Breast_MRI_387,3,0,duke,0.15084068,train,42,weighted,False
Breast_MRI_387_z021,Breast_MRI_387,3,0,duke,0.13169937,train,42,weighted,False
Breast_MRI_387_z022,Breast_MRI_387,3,0,duke,0.13950412,train,42,weighted,False
Breast_MRI_387_z023,Breast_MRI_387,3,0,duke,0.14486958,train,42,weighted,False
Breast_MRI_387_z024,Breast_MRI_387,3,0,duke,0.15959522,train,42,weighted,False
Breast_MRI_387_z025,Breast_MRI_387,3,0,duke,0.16917536,train,42,weighted,False
Breast_MRI_387_z026,Breast_MRI_387,3,0,duke,0.1667094,train,42,weighted,False
Breast_MRI_387_z027,Breast_MRI_387,3,0,duke,0.18851404,train,42,weighted,False
Breast_MRI_399_z006,Breast_MRI_399,3,0,duke,0.34965506,train,42,weighted,False
Breast_MRI_399_z007,Breast_MRI_399,3,0,duke,0.3520136,train,42,weighted,False
Breast_MRI_399_z008,Breast_MRI_399,3,0,duke,0.355738,train,42,weighted,False
Breast_MRI_399_z009,Breast_MRI_399,3,0,duke,0.37239057,train,42,weighted,False
Breast_MRI_399_z010,Breast_MRI_399,3,0,duke,0.36527267,train,42,weighted,False
Breast_MRI_399_z011,Breast_MRI_399,3,0,duke,0.37398207,train,42,weighted,False
Breast_MRI_399_z012,Breast_MRI_399,3,0,duke,0.37605312,train,42,weighted,False
Breast_MRI_399_z013,Breast_MRI_399,3,0,duke,0.37979126,train,42,weighted,False
Breast_MRI_399_z014,Breast_MRI_399,3,0,duke,0.39002675,train,42,weighted,False
Breast_MRI_399_z015,Breast_MRI_399,3,0,duke,0.4003638,train,42,weighted,False
Breast_MRI_431_z003,Breast_MRI_431,3,0,duke,0.79643863,train,42,weighted,False
Breast_MRI_431_z004,Breast_MRI_431,3,0,duke,0.7944193,train,42,weighted,False
Breast_MRI_431_z005,Breast_MRI_431,3,0,duke,0.7812626,train,42,weighted,False
Breast_MRI_431_z006,Breast_MRI_431,3,0,duke,0.7823723,train,42,weighted,False
Breast_MRI_431_z007,Breast_MRI_431,3,0,duke,0.78293467,train,42,weighted,False
Breast_MRI_431_z008,Breast_MRI_431,3,0,duke,0.7850703,train,42,weighted,False
Breast_MRI_431_z009,Breast_MRI_431,3,0,duke,0.7790362,train,42,weighted,False
Breast_MRI_431_z010,Breast_MRI_431,3,0,duke,0.787947,train,42,weighted,False
Breast_MRI_431_z011,Breast_MRI_431,3,0,duke,0.7946006,train,42,weighted,False
Breast_MRI_431_z012,Breast_MRI_431,3,0,duke,0.7923289,train,42,weighted,False
Breast_MRI_450_z002,Breast_MRI_450,3,0,duke,0.32781786,train,42,weighted,False
Breast_MRI_450_z003,Breast_MRI_450,3,0,duke,0.32942387,train,42,weighted,False
Breast_MRI_450_z004,Breast_MRI_450,3,0,duke,0.3288196,train,42,weighted,False
Breast_MRI_450_z005,Breast_MRI_450,3,0,duke,0.33035433,train,42,weighted,False
Breast_MRI_450_z006,Breast_MRI_450,3,0,duke,0.3294218,train,42,weighted,False
Breast_MRI_450_z007,Breast_MRI_450,3,0,duke,0.3281636,train,42,weighted,False
Breast_MRI_450_z008,Breast_MRI_450,3,0,duke,0.32819405,train,42,weighted,False
Breast_MRI_464_z014,Breast_MRI_464,3,0,duke,0.26727405,train,42,weighted,False
Breast_MRI_464_z015,Breast_MRI_464,3,0,duke,0.2672595,train,42,weighted,False
Breast_MRI_464_z016,Breast_MRI_464,3,0,duke,0.26725438,train,42,weighted,False
Breast_MRI_464_z017,Breast_MRI_464,3,0,duke,0.26728284,train,42,weighted,False
Breast_MRI_464_z018,Breast_MRI_464,3,0,duke,0.26743835,train,42,weighted,False
Breast_MRI_464_z019,Breast_MRI_464,3,0,duke,0.2662482,train,42,weighted,False
Breast_MRI_464_z020,Breast_MRI_464,3,0,duke,0.26632306,train,42,weighted,False
Breast_MRI_464_z021,Breast_MRI_464,3,0,duke,0.26628006,train,42,weighted,False
Breast_MRI_464_z022,Breast_MRI_464,3,0,duke,0.26653135,train,42,weighted,False
Breast_MRI_464_z023,Breast_MRI_464,3,0,duke,0.26145536,train,42,weighted,False
Breast_MRI_482_z002,Breast_MRI_482,3,1,duke,0.7821788,train,42,weighted,False
Breast_MRI_482_z003,Breast_MRI_482,3,1,duke,0.7648331,train,42,weighted,False
Breast_MRI_482_z004,Breast_MRI_482,3,1,duke,0.76379263,train,42,weighted,False
Breast_MRI_482_z005,Breast_MRI_482,3,1,duke,0.76140505,train,42,weighted,False
Breast_MRI_482_z006,Breast_MRI_482,3,1,duke,0.7580335,train,42,weighted,False
Breast_MRI_482_z007,Breast_MRI_482,3,1,duke,0.7637984,train,42,weighted,False
Breast_MRI_482_z008,Breast_MRI_482,3,1,duke,0.77048576,train,42,weighted,False
Breast_MRI_482_z009,Breast_MRI_482,3,1,duke,0.7744696,train,42,weighted,False
Breast_MRI_482_z010,Breast_MRI_482,3,1,duke,0.76823425,train,42,weighted,False
Breast_MRI_482_z011,Breast_MRI_482,3,1,duke,0.75794774,train,42,weighted,False
Breast_MRI_517_z013,Breast_MRI_517,3,0,duke,0.25637984,train,42,weighted,False
Breast_MRI_517_z014,Breast_MRI_517,3,0,duke,0.25399324,train,42,weighted,False
Breast_MRI_517_z015,Breast_MRI_517,3,0,duke,0.25826588,train,42,weighted,False
Breast_MRI_517_z016,Breast_MRI_517,3,0,duke,0.2604108,train,42,weighted,False
Breast_MRI_517_z017,Breast_MRI_517,3,0,duke,0.25846595,train,42,weighted,False
Breast_MRI_517_z018,Breast_MRI_517,3,0,duke,0.25739706,train,42,weighted,False
Breast_MRI_517_z019,Breast_MRI_517,3,0,duke,0.2541423,train,42,weighted,False
Breast_MRI_517_z020,Breast_MRI_517,3,0,duke,0.25280723,train,42,weighted,False
Breast_MRI_517_z021,Breast_MRI_517,3,0,duke,0.25432566,train,42,weighted,False
Breast_MRI_517_z022,Breast_MRI_517,3,0,duke,0.25580132,train,42,weighted,False
Breast_MRI_539_z028,Breast_MRI_539,3,1,duke,0.42494395,train,42,weighted,False
Breast_MRI_539_z029,Breast_MRI_539,3,1,duke,0.42422652,train,42,weighted,False
Breast_MRI_539_z030,Breast_MRI_539,3,1,duke,0.42273492,train,42,weighted,False
Breast_MRI_539_z031,Breast_MRI_539,3,1,duke,0.42567298,train,42,weighted,False
Breast_MRI_539_z032,Breast_MRI_539,3,1,duke,0.42335564,train,42,weighted,False
Breast_MRI_539_z033,Breast_MRI_539,3,1,duke,0.4063463,train,42,weighted,False
Breast_MRI_539_z034,Breast_MRI_539,3,1,duke,0.40337494,train,42,weighted,False
Breast_MRI_539_z035,Breast_MRI_539,3,1,duke,0.39346367,train,42,weighted,False
Breast_MRI_539_z036,Breast_MRI_539,3,1,duke,0.40596038,train,42,weighted,False
Breast_MRI_539_z037,Breast_MRI_539,3,1,duke,0.4143893,train,42,weighted,False
Breast_MRI_543_z024,Breast_MRI_543,3,0,duke,0.540769,train,42,weighted,False
Breast_MRI_543_z025,Breast_MRI_543,3,0,duke,0.5406814,train,42,weighted,False
Breast_MRI_543_z026,Breast_MRI_543,3,0,duke,0.54112756,train,42,weighted,False
Breast_MRI_543_z027,Breast_MRI_543,3,0,duke,0.5407608,train,42,weighted,False
Breast_MRI_543_z028,Breast_MRI_543,3,0,duke,0.540684,train,42,weighted,False
Breast_MRI_543_z029,Breast_MRI_543,3,0,duke,0.5407875,train,42,weighted,False
Breast_MRI_543_z030,Breast_MRI_543,3,0,duke,0.5407137,train,42,weighted,False
Breast_MRI_543_z031,Breast_MRI_543,3,0,duke,0.54024804,train,42,weighted,False
Breast_MRI_543_z032,Breast_MRI_543,3,0,duke,0.5399094,train,42,weighted,False
Breast_MRI_543_z033,Breast_MRI_543,3,0,duke,0.5394429,train,42,weighted,False
Breast_MRI_590_z019,Breast_MRI_590,3,0,duke,0.22710797,train,42,weighted,False
Breast_MRI_590_z020,Breast_MRI_590,3,0,duke,0.23721252,train,42,weighted,False
Breast_MRI_590_z021,Breast_MRI_590,3,0,duke,0.2534547,train,42,weighted,False
Breast_MRI_590_z022,Breast_MRI_590,3,0,duke,0.2596592,train,42,weighted,False
Breast_MRI_590_z023,Breast_MRI_590,3,0,duke,0.25739804,train,42,weighted,False
Breast_MRI_590_z024,Breast_MRI_590,3,0,duke,0.2453865,train,42,weighted,False
Breast_MRI_590_z025,Breast_MRI_590,3,0,duke,0.24110101,train,42,weighted,False
Breast_MRI_590_z026,Breast_MRI_590,3,0,duke,0.24281895,train,42,weighted,False
Breast_MRI_590_z027,Breast_MRI_590,3,0,duke,0.25364995,train,42,weighted,False
Breast_MRI_590_z028,Breast_MRI_590,3,0,duke,0.26513177,train,42,weighted,False
Breast_MRI_607_z008,Breast_MRI_607,3,0,duke,0.56672716,train,42,weighted,False
Breast_MRI_607_z009,Breast_MRI_607,3,0,duke,0.5559302,train,42,weighted,False
Breast_MRI_607_z010,Breast_MRI_607,3,0,duke,0.56130695,train,42,weighted,False
Breast_MRI_607_z011,Breast_MRI_607,3,0,duke,0.5549763,train,42,weighted,False
Breast_MRI_607_z012,Breast_MRI_607,3,0,duke,0.54993397,train,42,weighted,False
Breast_MRI_607_z013,Breast_MRI_607,3,0,duke,0.5464711,train,42,weighted,False
Breast_MRI_607_z014,Breast_MRI_607,3,0,duke,0.5464442,train,42,weighted,False
Breast_MRI_607_z015,Breast_MRI_607,3,0,duke,0.5428377,train,42,weighted,False
Breast_MRI_607_z016,Breast_MRI_607,3,0,duke,0.53814733,train,42,weighted,False
Breast_MRI_607_z017,Breast_MRI_607,3,0,duke,0.52923983,train,42,weighted,False
Breast_MRI_618_z021,Breast_MRI_618,3,0,duke,0.17978084,train,42,weighted,False
Breast_MRI_618_z022,Breast_MRI_618,3,0,duke,0.18022959,train,42,weighted,False
Breast_MRI_618_z023,Breast_MRI_618,3,0,duke,0.1785703,train,42,weighted,False
Breast_MRI_618_z024,Breast_MRI_618,3,0,duke,0.17693223,train,42,weighted,False
Breast_MRI_618_z025,Breast_MRI_618,3,0,duke,0.1854338,train,42,weighted,False
Breast_MRI_618_z026,Breast_MRI_618,3,0,duke,0.19960167,train,42,weighted,False
Breast_MRI_618_z027,Breast_MRI_618,3,0,duke,0.20743349,train,42,weighted,False
Breast_MRI_618_z028,Breast_MRI_618,3,0,duke,0.20538716,train,42,weighted,False
Breast_MRI_618_z029,Breast_MRI_618,3,0,duke,0.20341603,train,42,weighted,False
Breast_MRI_618_z030,Breast_MRI_618,3,0,duke,0.2024452,train,42,weighted,False
Breast_MRI_648_z006,Breast_MRI_648,3,0,duke,0.28083378,train,42,weighted,False
Breast_MRI_648_z007,Breast_MRI_648,3,0,duke,0.27217683,train,42,weighted,False
Breast_MRI_648_z008,Breast_MRI_648,3,0,duke,0.27142537,train,42,weighted,False
Breast_MRI_648_z009,Breast_MRI_648,3,0,duke,0.26490262,train,42,weighted,False
Breast_MRI_648_z010,Breast_MRI_648,3,0,duke,0.27456817,train,42,weighted,False
Breast_MRI_648_z011,Breast_MRI_648,3,0,duke,0.2691941,train,42,weighted,False
Breast_MRI_648_z012,Breast_MRI_648,3,0,duke,0.2731066,train,42,weighted,False
Breast_MRI_648_z013,Breast_MRI_648,3,0,duke,0.25784558,train,42,weighted,False
Breast_MRI_648_z014,Breast_MRI_648,3,0,duke,0.2363508,train,42,weighted,False
Breast_MRI_648_z015,Breast_MRI_648,3,0,duke,0.23493911,train,42,weighted,False
Breast_MRI_656_z005,Breast_MRI_656,3,1,duke,0.61343974,train,42,weighted,False
Breast_MRI_656_z006,Breast_MRI_656,3,1,duke,0.6133043,train,42,weighted,False
Breast_MRI_656_z007,Breast_MRI_656,3,1,duke,0.61038977,train,42,weighted,False
Breast_MRI_656_z008,Breast_MRI_656,3,1,duke,0.60963196,train,42,weighted,False
Breast_MRI_656_z009,Breast_MRI_656,3,1,duke,0.60645795,train,42,weighted,False
Breast_MRI_656_z010,Breast_MRI_656,3,1,duke,0.60245603,train,42,weighted,False
Breast_MRI_656_z011,Breast_MRI_656,3,1,duke,0.6034159,train,42,weighted,False
Breast_MRI_656_z012,Breast_MRI_656,3,1,duke,0.6070174,train,42,weighted,False
Breast_MRI_656_z013,Breast_MRI_656,3,1,duke,0.6032398,train,42,weighted,False
Breast_MRI_656_z014,Breast_MRI_656,3,1,duke,0.5943729,train,42,weighted,False
Breast_MRI_679_z016,Breast_MRI_679,3,0,duke,0.47025606,train,42,weighted,False
Breast_MRI_679_z017,Breast_MRI_679,3,0,duke,0.47184306,train,42,weighted,False
Breast_MRI_679_z018,Breast_MRI_679,3,0,duke,0.47785103,train,42,weighted,False
Breast_MRI_679_z019,Breast_MRI_679,3,0,duke,0.46673518,train,42,weighted,False
Breast_MRI_679_z020,Breast_MRI_679,3,0,duke,0.4626019,train,42,weighted,False
Breast_MRI_679_z021,Breast_MRI_679,3,0,duke,0.4690609,train,42,weighted,False
Breast_MRI_679_z022,Breast_MRI_679,3,0,duke,0.45152906,train,42,weighted,False
Breast_MRI_679_z023,Breast_MRI_679,3,0,duke,0.4348901,train,42,weighted,False
Breast_MRI_679_z024,Breast_MRI_679,3,0,duke,0.43722293,train,42,weighted,False
Breast_MRI_679_z025,Breast_MRI_679,3,0,duke,0.44694677,train,42,weighted,False
Breast_MRI_693_z014,Breast_MRI_693,3,0,duke,0.31001362,train,42,weighted,False
Breast_MRI_693_z015,Breast_MRI_693,3,0,duke,0.32651863,train,42,weighted,False
Breast_MRI_693_z016,Breast_MRI_693,3,0,duke,0.37047464,train,42,weighted,False
Breast_MRI_693_z017,Breast_MRI_693,3,0,duke,0.3953328,train,42,weighted,False
Breast_MRI_693_z018,Breast_MRI_693,3,0,duke,0.40315235,train,42,weighted,False
Breast_MRI_693_z019,Breast_MRI_693,3,0,duke,0.39033636,train,42,weighted,False
Breast_MRI_693_z020,Breast_MRI_693,3,0,duke,0.3662523,train,42,weighted,False
Breast_MRI_693_z021,Breast_MRI_693,3,0,duke,0.31511363,train,42,weighted,False
Breast_MRI_693_z022,Breast_MRI_693,3,0,duke,0.27197373,train,42,weighted,False
Breast_MRI_693_z023,Breast_MRI_693,3,0,duke,0.26614174,train,42,weighted,False
Breast_MRI_723_z008,Breast_MRI_723,3,0,duke,0.5626634,train,42,weighted,False
Breast_MRI_723_z009,Breast_MRI_723,3,0,duke,0.54039043,train,42,weighted,False
Breast_MRI_723_z010,Breast_MRI_723,3,0,duke,0.558739,train,42,weighted,False
Breast_MRI_723_z011,Breast_MRI_723,3,0,duke,0.5838656,train,42,weighted,False
Breast_MRI_723_z012,Breast_MRI_723,3,0,duke,0.58739054,train,42,weighted,False
Breast_MRI_723_z013,Breast_MRI_723,3,0,duke,0.588009,train,42,weighted,False
Breast_MRI_723_z014,Breast_MRI_723,3,0,duke,0.5804175,train,42,weighted,False
Breast_MRI_723_z015,Breast_MRI_723,3,0,duke,0.58490527,train,42,weighted,False
Breast_MRI_723_z016,Breast_MRI_723,3,0,duke,0.5615004,train,42,weighted,False
Breast_MRI_723_z017,Breast_MRI_723,3,0,duke,0.52845466,train,42,weighted,False
Breast_MRI_746_z009,Breast_MRI_746,3,0,duke,0.3402296,train,42,weighted,False
Breast_MRI_746_z010,Breast_MRI_746,3,0,duke,0.34117284,train,42,weighted,False
Breast_MRI_746_z011,Breast_MRI_746,3,0,duke,0.3421019,train,42,weighted,False
Breast_MRI_746_z012,Breast_MRI_746,3,0,duke,0.34230796,train,42,weighted,False
Breast_MRI_746_z013,Breast_MRI_746,3,0,duke,0.341234,train,42,weighted,False
Breast_MRI_746_z014,Breast_MRI_746,3,0,duke,0.3402286,train,42,weighted,False
Breast_MRI_746_z015,Breast_MRI_746,3,0,duke,0.33942115,train,42,weighted,False
Breast_MRI_746_z016,Breast_MRI_746,3,0,duke,0.33951968,train,42,weighted,False
Breast_MRI_746_z017,Breast_MRI_746,3,0,duke,0.33847147,train,42,weighted,False
Breast_MRI_746_z018,Breast_MRI_746,3,0,duke,0.3389425,train,42,weighted,False
Breast_MRI_778_z022,Breast_MRI_778,3,0,duke,0.4721784,train,42,weighted,False
Breast_MRI_778_z023,Breast_MRI_778,3,0,duke,0.47373396,train,42,weighted,False
Breast_MRI_778_z024,Breast_MRI_778,3,0,duke,0.47413716,train,42,weighted,False
Breast_MRI_778_z025,Breast_MRI_778,3,0,duke,0.47319198,train,42,weighted,False
Breast_MRI_778_z026,Breast_MRI_778,3,0,duke,0.47253257,train,42,weighted,False
Breast_MRI_778_z027,Breast_MRI_778,3,0,duke,0.46850452,train,42,weighted,False
Breast_MRI_778_z028,Breast_MRI_778,3,0,duke,0.47217944,train,42,weighted,False
Breast_MRI_778_z029,Breast_MRI_778,3,0,duke,0.47273123,train,42,weighted,False
Breast_MRI_778_z030,Breast_MRI_778,3,0,duke,0.4720365,train,42,weighted,False
Breast_MRI_778_z031,Breast_MRI_778,3,0,duke,0.46743342,train,42,weighted,False
Breast_MRI_817_z022,Breast_MRI_817,3,1,duke,0.694391,train,42,weighted,False
Breast_MRI_817_z023,Breast_MRI_817,3,1,duke,0.69500804,train,42,weighted,False
Breast_MRI_817_z024,Breast_MRI_817,3,1,duke,0.69513583,train,42,weighted,False
Breast_MRI_817_z025,Breast_MRI_817,3,1,duke,0.69545126,train,42,weighted,False
Breast_MRI_817_z026,Breast_MRI_817,3,1,duke,0.69574386,train,42,weighted,False
Breast_MRI_817_z027,Breast_MRI_817,3,1,duke,0.69617295,train,42,weighted,False
Breast_MRI_817_z028,Breast_MRI_817,3,1,duke,0.69646275,train,42,weighted,False
Breast_MRI_817_z029,Breast_MRI_817,3,1,duke,0.6964447,train,42,weighted,False
Breast_MRI_817_z030,Breast_MRI_817,3,1,duke,0.6962231,train,42,weighted,False
Breast_MRI_817_z031,Breast_MRI_817,3,1,duke,0.69573754,train,42,weighted,False
Breast_MRI_847_z004,Breast_MRI_847,3,0,duke,0.68672776,train,42,weighted,False
Breast_MRI_847_z005,Breast_MRI_847,3,0,duke,0.68508965,train,42,weighted,False
Breast_MRI_847_z006,Breast_MRI_847,3,0,duke,0.6836657,train,42,weighted,False
Breast_MRI_847_z007,Breast_MRI_847,3,0,duke,0.69052446,train,42,weighted,False
Breast_MRI_847_z008,Breast_MRI_847,3,0,duke,0.6777435,train,42,weighted,False
Breast_MRI_847_z009,Breast_MRI_847,3,0,duke,0.6640845,train,42,weighted,False
Breast_MRI_847_z010,Breast_MRI_847,3,0,duke,0.6643209,train,42,weighted,False
Breast_MRI_847_z011,Breast_MRI_847,3,0,duke,0.6677251,train,42,weighted,False
Breast_MRI_847_z012,Breast_MRI_847,3,0,duke,0.6765197,train,42,weighted,False
Breast_MRI_847_z013,Breast_MRI_847,3,0,duke,0.6708473,train,42,weighted,False
Breast_MRI_877_z004,Breast_MRI_877,3,0,duke,0.13381456,train,42,weighted,False
Breast_MRI_877_z005,Breast_MRI_877,3,0,duke,0.1433594,train,42,weighted,False
Breast_MRI_877_z006,Breast_MRI_877,3,0,duke,0.14120916,train,42,weighted,False
Breast_MRI_877_z007,Breast_MRI_877,3,0,duke,0.13241331,train,42,weighted,False
Breast_MRI_877_z008,Breast_MRI_877,3,0,duke,0.13719812,train,42,weighted,False
Breast_MRI_877_z009,Breast_MRI_877,3,0,duke,0.152016,train,42,weighted,False
Breast_MRI_877_z010,Breast_MRI_877,3,0,duke,0.15361035,train,42,weighted,False
Breast_MRI_877_z011,Breast_MRI_877,3,0,duke,0.14292015,train,42,weighted,False
Breast_MRI_877_z012,Breast_MRI_877,3,0,duke,0.1342641,train,42,weighted,False
Breast_MRI_877_z013,Breast_MRI_877,3,0,duke,0.14474136,train,42,weighted,False
Breast_MRI_884_z013,Breast_MRI_884,3,0,duke,0.5434119,train,42,weighted,False
Breast_MRI_884_z014,Breast_MRI_884,3,0,duke,0.5401449,train,42,weighted,False
Breast_MRI_884_z015,Breast_MRI_884,3,0,duke,0.5390949,train,42,weighted,False
Breast_MRI_884_z016,Breast_MRI_884,3,0,duke,0.53235936,train,42,weighted,False
Breast_MRI_884_z017,Breast_MRI_884,3,0,duke,0.5355451,train,42,weighted,False
Breast_MRI_884_z018,Breast_MRI_884,3,0,duke,0.5311807,train,42,weighted,False
Breast_MRI_884_z019,Breast_MRI_884,3,0,duke,0.53084815,train,42,weighted,False
Breast_MRI_884_z020,Breast_MRI_884,3,0,duke,0.53172904,train,42,weighted,False
Breast_MRI_884_z021,Breast_MRI_884,3,0,duke,0.532125,train,42,weighted,False
Breast_MRI_884_z022,Breast_MRI_884,3,0,duke,0.5316377,train,42,weighted,False
Breast_MRI_916_z004,Breast_MRI_916,3,0,duke,0.34056887,train,42,weighted,False
Breast_MRI_916_z005,Breast_MRI_916,3,0,duke,0.3412822,train,42,weighted,False
Breast_MRI_916_z006,Breast_MRI_916,3,0,duke,0.33100694,train,42,weighted,False
Breast_MRI_916_z007,Breast_MRI_916,3,0,duke,0.32645693,train,42,weighted,False
Breast_MRI_916_z008,Breast_MRI_916,3,0,duke,0.32680225,train,42,weighted,False
Breast_MRI_916_z009,Breast_MRI_916,3,0,duke,0.33220652,train,42,weighted,False
Breast_MRI_916_z010,Breast_MRI_916,3,0,duke,0.33212838,train,42,weighted,False
Breast_MRI_916_z011,Breast_MRI_916,3,0,duke,0.33267388,train,42,weighted,False
Breast_MRI_916_z012,Breast_MRI_916,3,0,duke,0.32790107,train,42,weighted,False
Breast_MRI_916_z013,Breast_MRI_916,3,0,duke,0.32832962,train,42,weighted,False
ISPY2-756412_z009,ISPY2-756412,3,0,spy2,0.32797897,train,42,weighted,False
ISPY2-756412_z010,ISPY2-756412,3,0,spy2,0.32758626,train,42,weighted,False
ISPY2-756412_z011,ISPY2-756412,3,0,spy2,0.32835907,train,42,weighted,False
ISPY2-756412_z012,ISPY2-756412,3,0,spy2,0.32330188,train,42,weighted,False
ISPY2-756412_z013,ISPY2-756412,3,0,spy2,0.32383785,train,42,weighted,False
ISPY2-756412_z014,ISPY2-756412,3,0,spy2,0.32436568,train,42,weighted,False
ISPY2-756412_z015,ISPY2-756412,3,0,spy2,0.3213019,train,42,weighted,False
ISPY2-756412_z016,ISPY2-756412,3,0,spy2,0.3170841,train,42,weighted,False
ISPY2-756412_z017,ISPY2-756412,3,0,spy2,0.31691232,train,42,weighted,False
ISPY2-756412_z022,ISPY2-756412,3,0,spy2,0.31864372,train,42,weighted,False
ISPY2-451816_z017,ISPY2-451816,3,0,spy2,0.3296962,train,42,weighted,False
ISPY2-451816_z018,ISPY2-451816,3,0,spy2,0.3288501,train,42,weighted,False
ISPY2-451816_z019,ISPY2-451816,3,0,spy2,0.32912138,train,42,weighted,False
ISPY2-451816_z021,ISPY2-451816,3,0,spy2,0.33224714,train,42,weighted,False
ISPY2-451816_z022,ISPY2-451816,3,0,spy2,0.33260983,train,42,weighted,False
ISPY2-451816_z023,ISPY2-451816,3,0,spy2,0.33380118,train,42,weighted,False
ISPY2-451816_z027,ISPY2-451816,3,0,spy2,0.33864695,train,42,weighted,False
ISPY2-451816_z028,ISPY2-451816,3,0,spy2,0.33843377,train,42,weighted,False
ISPY2-451816_z029,ISPY2-451816,3,0,spy2,0.3392103,train,42,weighted,False
ISPY2-451816_z030,ISPY2-451816,3,0,spy2,0.33910587,train,42,weighted,False
ISPY2-208265_z033,ISPY2-208265,3,1,spy2,0.60856676,train,42,weighted,False
ISPY2-208265_z034,ISPY2-208265,3,1,spy2,0.60884935,train,42,weighted,False
ISPY2-208265_z035,ISPY2-208265,3,1,spy2,0.60879916,train,42,weighted,False
ISPY2-208265_z036,ISPY2-208265,3,1,spy2,0.60702187,train,42,weighted,False
ISPY2-208265_z037,ISPY2-208265,3,1,spy2,0.6014247,train,42,weighted,False
ISPY2-208265_z038,ISPY2-208265,3,1,spy2,0.600406,train,42,weighted,False
ISPY2-208265_z039,ISPY2-208265,3,1,spy2,0.6044974,train,42,weighted,False
ISPY2-208265_z040,ISPY2-208265,3,1,spy2,0.60583943,train,42,weighted,False
ISPY2-208265_z041,ISPY2-208265,3,1,spy2,0.60854155,train,42,weighted,False
ISPY2-208265_z042,ISPY2-208265,3,1,spy2,0.6131673,train,42,weighted,False
ISPY2-637752_z022,ISPY2-637752,3,1,spy2,0.57113653,train,42,weighted,False
ISPY2-637752_z023,ISPY2-637752,3,1,spy2,0.5693625,train,42,weighted,False
ISPY2-637752_z024,ISPY2-637752,3,1,spy2,0.57105875,train,42,weighted,False
ISPY2-637752_z025,ISPY2-637752,3,1,spy2,0.5781733,train,42,weighted,False
ISPY2-637752_z026,ISPY2-637752,3,1,spy2,0.583965,train,42,weighted,False
ISPY2-637752_z027,ISPY2-637752,3,1,spy2,0.5859617,train,42,weighted,False
ISPY2-637752_z029,ISPY2-637752,3,1,spy2,0.5767685,train,42,weighted,False
ISPY2-637752_z030,ISPY2-637752,3,1,spy2,0.58199257,train,42,weighted,False
ISPY2-637752_z031,ISPY2-637752,3,1,spy2,0.5824406,train,42,weighted,False
ISPY2-637752_z032,ISPY2-637752,3,1,spy2,0.5867122,train,42,weighted,False
ISPY2-327133_z045,ISPY2-327133,3,0,spy2,0.39869142,train,42,weighted,False
ISPY2-327133_z046,ISPY2-327133,3,0,spy2,0.39918804,train,42,weighted,False
ISPY2-327133_z047,ISPY2-327133,3,0,spy2,0.39868674,train,42,weighted,False
ISPY2-327133_z050,ISPY2-327133,3,0,spy2,0.39969814,train,42,weighted,False
ISPY2-327133_z051,ISPY2-327133,3,0,spy2,0.39990208,train,42,weighted,False
ISPY2-327133_z058,ISPY2-327133,3,0,spy2,0.4021498,train,42,weighted,False
ISPY2-327133_z059,ISPY2-327133,3,0,spy2,0.4008427,train,42,weighted,False
ISPY2-327133_z063,ISPY2-327133,3,0,spy2,0.39918092,train,42,weighted,False
ISPY2-327133_z064,ISPY2-327133,3,0,spy2,0.39977902,train,42,weighted,False
ISPY2-327133_z065,ISPY2-327133,3,0,spy2,0.39972973,train,42,weighted,False
ACRIN-6698-641977_z006,ACRIN-6698-641977,3,0,spy2,0.27721506,train,42,weighted,False
ACRIN-6698-641977_z007,ACRIN-6698-641977,3,0,spy2,0.2775682,train,42,weighted,False
ACRIN-6698-641977_z008,ACRIN-6698-641977,3,0,spy2,0.27287838,train,42,weighted,False
ACRIN-6698-641977_z009,ACRIN-6698-641977,3,0,spy2,0.2702875,train,42,weighted,False
ACRIN-6698-641977_z010,ACRIN-6698-641977,3,0,spy2,0.2691683,train,42,weighted,False
ACRIN-6698-641977_z011,ACRIN-6698-641977,3,0,spy2,0.2629949,train,42,weighted,False
ACRIN-6698-641977_z012,ACRIN-6698-641977,3,0,spy2,0.26048413,train,42,weighted,False
ACRIN-6698-641977_z013,ACRIN-6698-641977,3,0,spy2,0.26290965,train,42,weighted,False
ACRIN-6698-641977_z014,ACRIN-6698-641977,3,0,spy2,0.26700824,train,42,weighted,False
ACRIN-6698-641977_z015,ACRIN-6698-641977,3,0,spy2,0.26833916,train,42,weighted,False
ISPY2-769972_z007,ISPY2-769972,3,0,spy2,0.30315262,train,42,weighted,False
ISPY2-769972_z008,ISPY2-769972,3,0,spy2,0.30423123,train,42,weighted,False
ISPY2-769972_z009,ISPY2-769972,3,0,spy2,0.30145982,train,42,weighted,False
ISPY2-769972_z010,ISPY2-769972,3,0,spy2,0.29867095,train,42,weighted,False
ISPY2-769972_z011,ISPY2-769972,3,0,spy2,0.2951991,train,42,weighted,False
ISPY2-769972_z012,ISPY2-769972,3,0,spy2,0.29203853,train,42,weighted,False
ISPY2-769972_z013,ISPY2-769972,3,0,spy2,0.29148403,train,42,weighted,False
ISPY2-769972_z014,ISPY2-769972,3,0,spy2,0.2907715,train,42,weighted,False
ISPY2-769972_z015,ISPY2-769972,3,0,spy2,0.28876892,train,42,weighted,False
ISPY2-769972_z016,ISPY2-769972,3,0,spy2,0.28740805,train,42,weighted,False
ACRIN-6698-264305_z031,ACRIN-6698-264305,3,1,spy2,0.53656715,train,42,weighted,False
ACRIN-6698-264305_z032,ACRIN-6698-264305,3,1,spy2,0.5471529,train,42,weighted,False
ACRIN-6698-264305_z033,ACRIN-6698-264305,3,1,spy2,0.5582923,train,42,weighted,False
ACRIN-6698-264305_z034,ACRIN-6698-264305,3,1,spy2,0.57048404,train,42,weighted,False
ACRIN-6698-264305_z035,ACRIN-6698-264305,3,1,spy2,0.5735262,train,42,weighted,False
ACRIN-6698-264305_z036,ACRIN-6698-264305,3,1,spy2,0.56917447,train,42,weighted,False
ACRIN-6698-264305_z037,ACRIN-6698-264305,3,1,spy2,0.56630266,train,42,weighted,False
ACRIN-6698-264305_z038,ACRIN-6698-264305,3,1,spy2,0.5739047,train,42,weighted,False
ACRIN-6698-264305_z039,ACRIN-6698-264305,3,1,spy2,0.58040714,train,42,weighted,False
ACRIN-6698-264305_z040,ACRIN-6698-264305,3,1,spy2,0.5845614,train,42,weighted,False
ISPY2-873686_z019,ISPY2-873686,3,0,spy2,0.26434678,train,42,weighted,False
ISPY2-873686_z020,ISPY2-873686,3,0,spy2,0.25315675,train,42,weighted,False
ISPY2-873686_z021,ISPY2-873686,3,0,spy2,0.24773353,train,42,weighted,False
ISPY2-873686_z022,ISPY2-873686,3,0,spy2,0.25388038,train,42,weighted,False
ISPY2-873686_z023,ISPY2-873686,3,0,spy2,0.24888249,train,42,weighted,False
ISPY2-873686_z024,ISPY2-873686,3,0,spy2,0.24139868,train,42,weighted,False
ISPY2-873686_z025,ISPY2-873686,3,0,spy2,0.25276214,train,42,weighted,False
ISPY2-873686_z026,ISPY2-873686,3,0,spy2,0.25913966,train,42,weighted,False
ISPY2-873686_z027,ISPY2-873686,3,0,spy2,0.2474702,train,42,weighted,False
ISPY2-873686_z028,ISPY2-873686,3,0,spy2,0.23879936,train,42,weighted,False
ISPY2-146033_z003,ISPY2-146033,3,1,spy2,0.6182906,train,42,weighted,False
ISPY2-146033_z004,ISPY2-146033,3,1,spy2,0.61753404,train,42,weighted,False
ISPY2-146033_z005,ISPY2-146033,3,1,spy2,0.6172363,train,42,weighted,False
ISPY2-146033_z006,ISPY2-146033,3,1,spy2,0.61696184,train,42,weighted,False
ISPY2-146033_z007,ISPY2-146033,3,1,spy2,0.61748713,train,42,weighted,False
ISPY2-146033_z008,ISPY2-146033,3,1,spy2,0.6183941,train,42,weighted,False
ISPY2-146033_z009,ISPY2-146033,3,1,spy2,0.61856395,train,42,weighted,False
ISPY2-146033_z010,ISPY2-146033,3,1,spy2,0.61904633,train,42,weighted,False
ISPY2-146033_z011,ISPY2-146033,3,1,spy2,0.619391,train,42,weighted,False
ISPY2-146033_z012,ISPY2-146033,3,1,spy2,0.6190612,train,42,weighted,False
ISPY2-498985_z019,ISPY2-498985,3,0,spy2,0.3168658,train,42,weighted,False
ISPY2-498985_z020,ISPY2-498985,3,0,spy2,0.32191676,train,42,weighted,False
ISPY2-498985_z021,ISPY2-498985,3,0,spy2,0.34047714,train,42,weighted,False
ISPY2-498985_z022,ISPY2-498985,3,0,spy2,0.353795,train,42,weighted,False
ISPY2-498985_z023,ISPY2-498985,3,0,spy2,0.34070855,train,42,weighted,False
ISPY2-498985_z024,ISPY2-498985,3,0,spy2,0.35161662,train,42,weighted,False
ISPY2-498985_z025,ISPY2-498985,3,0,spy2,0.37951115,train,42,weighted,False
ISPY2-498985_z027,ISPY2-498985,3,0,spy2,0.33043337,train,42,weighted,False
ISPY2-498985_z032,ISPY2-498985,3,0,spy2,0.39594433,train,42,weighted,False
ISPY2-498985_z033,ISPY2-498985,3,0,spy2,0.3978321,train,42,weighted,False
ISPY2-570685_z004,ISPY2-570685,3,0,spy2,0.42321452,train,42,weighted,False
ISPY2-570685_z005,ISPY2-570685,3,0,spy2,0.42228174,train,42,weighted,False
ISPY2-570685_z007,ISPY2-570685,3,0,spy2,0.42809007,train,42,weighted,False
ISPY2-570685_z008,ISPY2-570685,3,0,spy2,0.43271643,train,42,weighted,False
ISPY2-570685_z009,ISPY2-570685,3,0,spy2,0.44140124,train,42,weighted,False
ISPY2-570685_z010,ISPY2-570685,3,0,spy2,0.4597671,train,42,weighted,False
ISPY2-570685_z011,ISPY2-570685,3,0,spy2,0.45848176,train,42,weighted,False
ISPY2-570685_z012,ISPY2-570685,3,0,spy2,0.45440918,train,42,weighted,False
ISPY2-570685_z014,ISPY2-570685,3,0,spy2,0.44886854,train,42,weighted,False
ISPY2-570685_z015,ISPY2-570685,3,0,spy2,0.45087466,train,42,weighted,False
ISPY2-999264_z006,ISPY2-999264,3,1,spy2,0.8272467,train,42,weighted,False
ISPY2-999264_z009,ISPY2-999264,3,1,spy2,0.8277631,train,42,weighted,False
ISPY2-999264_z010,ISPY2-999264,3,1,spy2,0.82842994,train,42,weighted,False
ISPY2-999264_z011,ISPY2-999264,3,1,spy2,0.82855177,train,42,weighted,False
ISPY2-999264_z012,ISPY2-999264,3,1,spy2,0.82854396,train,42,weighted,False
ISPY2-999264_z013,ISPY2-999264,3,1,spy2,0.8284924,train,42,weighted,False
ISPY2-999264_z014,ISPY2-999264,3,1,spy2,0.82873684,train,42,weighted,False
ISPY2-999264_z015,ISPY2-999264,3,1,spy2,0.8285445,train,42,weighted,False
ISPY2-999264_z016,ISPY2-999264,3,1,spy2,0.82852185,train,42,weighted,False
ISPY2-999264_z017,ISPY2-999264,3,1,spy2,0.8283484,train,42,weighted,False
ISPY2-786003_z018,ISPY2-786003,3,1,spy2,0.48170897,train,42,weighted,False
ISPY2-786003_z019,ISPY2-786003,3,1,spy2,0.4831326,train,42,weighted,False
ISPY2-786003_z020,ISPY2-786003,3,1,spy2,0.4842436,train,42,weighted,False
ISPY2-786003_z021,ISPY2-786003,3,1,spy2,0.48413694,train,42,weighted,False
ISPY2-786003_z022,ISPY2-786003,3,1,spy2,0.48196596,train,42,weighted,False
ISPY2-786003_z023,ISPY2-786003,3,1,spy2,0.48459372,train,42,weighted,False
ISPY2-786003_z024,ISPY2-786003,3,1,spy2,0.48256728,train,42,weighted,False
ISPY2-786003_z025,ISPY2-786003,3,1,spy2,0.47756135,train,42,weighted,False
ISPY2-786003_z026,ISPY2-786003,3,1,spy2,0.4803959,train,42,weighted,False
ISPY2-786003_z027,ISPY2-786003,3,1,spy2,0.48009634,train,42,weighted,False
ACRIN-6698-618717_z007,ACRIN-6698-618717,3,0,spy2,0.7667727,train,42,weighted,False
ACRIN-6698-618717_z008,ACRIN-6698-618717,3,0,spy2,0.7673214,train,42,weighted,False
ACRIN-6698-618717_z009,ACRIN-6698-618717,3,0,spy2,0.7674693,train,42,weighted,False
ACRIN-6698-618717_z010,ACRIN-6698-618717,3,0,spy2,0.767485,train,42,weighted,False
ACRIN-6698-618717_z011,ACRIN-6698-618717,3,0,spy2,0.7673314,train,42,weighted,False
ACRIN-6698-618717_z012,ACRIN-6698-618717,3,0,spy2,0.76731175,train,42,weighted,False
ACRIN-6698-618717_z013,ACRIN-6698-618717,3,0,spy2,0.76741564,train,42,weighted,False
ACRIN-6698-618717_z014,ACRIN-6698-618717,3,0,spy2,0.7675804,train,42,weighted,False
ACRIN-6698-618717_z015,ACRIN-6698-618717,3,0,spy2,0.7679257,train,42,weighted,False
ACRIN-6698-618717_z016,ACRIN-6698-618717,3,0,spy2,0.7682175,train,42,weighted,False
ISPY2-493775_z012,ISPY2-493775,3,1,spy2,0.5809134,train,42,weighted,False
ISPY2-493775_z013,ISPY2-493775,3,1,spy2,0.57417935,train,42,weighted,False
ISPY2-493775_z014,ISPY2-493775,3,1,spy2,0.5711255,train,42,weighted,False
ISPY2-493775_z015,ISPY2-493775,3,1,spy2,0.55914396,train,42,weighted,False
ISPY2-493775_z016,ISPY2-493775,3,1,spy2,0.52603054,train,42,weighted,False
ISPY2-493775_z017,ISPY2-493775,3,1,spy2,0.50207543,train,42,weighted,False
ISPY2-493775_z018,ISPY2-493775,3,1,spy2,0.5092463,train,42,weighted,False
ISPY2-493775_z019,ISPY2-493775,3,1,spy2,0.52574015,train,42,weighted,False
ISPY2-493775_z020,ISPY2-493775,3,1,spy2,0.51421833,train,42,weighted,False
ISPY2-493775_z021,ISPY2-493775,3,1,spy2,0.50276446,train,42,weighted,False
ISPY2-625854_z024,ISPY2-625854,3,1,spy2,0.41787887,train,42,weighted,False
ISPY2-625854_z025,ISPY2-625854,3,1,spy2,0.41786182,train,42,weighted,False
ISPY2-625854_z030,ISPY2-625854,3,1,spy2,0.41757786,train,42,weighted,False
ISPY2-625854_z031,ISPY2-625854,3,1,spy2,0.41770643,train,42,weighted,False
ISPY2-625854_z032,ISPY2-625854,3,1,spy2,0.4177355,train,42,weighted,False
ISPY2-625854_z033,ISPY2-625854,3,1,spy2,0.41783628,train,42,weighted,False
ISPY2-625854_z034,ISPY2-625854,3,1,spy2,0.41811836,train,42,weighted,False
ISPY2-625854_z035,ISPY2-625854,3,1,spy2,0.41813248,train,42,weighted,False
ISPY2-625854_z036,ISPY2-625854,3,1,spy2,0.41765013,train,42,weighted,False
ISPY2-625854_z037,ISPY2-625854,3,1,spy2,0.41713405,train,42,weighted,False
ACRIN-6698-460642_z028,ACRIN-6698-460642,3,0,spy2,0.31844494,train,42,weighted,False
ACRIN-6698-460642_z029,ACRIN-6698-460642,3,0,spy2,0.31826836,train,42,weighted,False
ACRIN-6698-460642_z030,ACRIN-6698-460642,3,0,spy2,0.3181652,train,42,weighted,False
ACRIN-6698-460642_z031,ACRIN-6698-460642,3,0,spy2,0.31871825,train,42,weighted,False
ACRIN-6698-460642_z032,ACRIN-6698-460642,3,0,spy2,0.31983495,train,42,weighted,False
ACRIN-6698-460642_z033,ACRIN-6698-460642,3,0,spy2,0.32069343,train,42,weighted,False
ACRIN-6698-460642_z034,ACRIN-6698-460642,3,0,spy2,0.32139125,train,42,weighted,False
ACRIN-6698-460642_z035,ACRIN-6698-460642,3,0,spy2,0.3221152,train,42,weighted,False
ACRIN-6698-460642_z036,ACRIN-6698-460642,3,0,spy2,0.32275608,train,42,weighted,False
ACRIN-6698-460642_z037,ACRIN-6698-460642,3,0,spy2,0.32278404,train,42,weighted,False
ISPY2-528479_z007,ISPY2-528479,3,0,spy2,0.58663654,train,42,weighted,False
ISPY2-528479_z008,ISPY2-528479,3,0,spy2,0.5854931,train,42,weighted,False
ISPY2-528479_z009,ISPY2-528479,3,0,spy2,0.5853497,train,42,weighted,False
ISPY2-528479_z010,ISPY2-528479,3,0,spy2,0.58493173,train,42,weighted,False
ISPY2-528479_z011,ISPY2-528479,3,0,spy2,0.58411217,train,42,weighted,False
ISPY2-528479_z012,ISPY2-528479,3,0,spy2,0.5839832,train,42,weighted,False
ISPY2-528479_z013,ISPY2-528479,3,0,spy2,0.5839715,train,42,weighted,False
ISPY2-528479_z014,ISPY2-528479,3,0,spy2,0.5846503,train,42,weighted,False
ISPY2-528479_z015,ISPY2-528479,3,0,spy2,0.584059,train,42,weighted,False
ISPY2-528479_z016,ISPY2-528479,3,0,spy2,0.5835867,train,42,weighted,False
ISPY2-621179_z013,ISPY2-621179,3,0,spy2,0.28206396,train,42,weighted,False
ISPY2-621179_z014,ISPY2-621179,3,0,spy2,0.28478423,train,42,weighted,False
ISPY2-621179_z015,ISPY2-621179,3,0,spy2,0.2856343,train,42,weighted,False
ISPY2-621179_z016,ISPY2-621179,3,0,spy2,0.28570384,train,42,weighted,False
ISPY2-621179_z017,ISPY2-621179,3,0,spy2,0.2853481,train,42,weighted,False
ISPY2-621179_z018,ISPY2-621179,3,0,spy2,0.28557009,train,42,weighted,False
ISPY2-621179_z019,ISPY2-621179,3,0,spy2,0.2861432,train,42,weighted,False
ISPY2-621179_z020,ISPY2-621179,3,0,spy2,0.2873285,train,42,weighted,False
ISPY2-621179_z021,ISPY2-621179,3,0,spy2,0.28811172,train,42,weighted,False
ISPY2-621179_z022,ISPY2-621179,3,0,spy2,0.28846285,train,42,weighted,False
ISPY2-910188_z016,ISPY2-910188,3,0,spy2,0.20973903,train,42,weighted,False
ISPY2-910188_z017,ISPY2-910188,3,0,spy2,0.20706289,train,42,weighted,False
ISPY2-910188_z018,ISPY2-910188,3,0,spy2,0.20991352,train,42,weighted,False
ISPY2-910188_z019,ISPY2-910188,3,0,spy2,0.21268061,train,42,weighted,False
ISPY2-910188_z020,ISPY2-910188,3,0,spy2,0.2129007,train,42,weighted,False
ISPY2-910188_z021,ISPY2-910188,3,0,spy2,0.21500994,train,42,weighted,False
ISPY2-910188_z022,ISPY2-910188,3,0,spy2,0.2096726,train,42,weighted,False
ISPY2-910188_z023,ISPY2-910188,3,0,spy2,0.21191077,train,42,weighted,False
ISPY2-910188_z024,ISPY2-910188,3,0,spy2,0.20919777,train,42,weighted,False
ISPY2-910188_z025,ISPY2-910188,3,0,spy2,0.2106596,train,42,weighted,False
ISPY2-102011_z007,ISPY2-102011,3,1,spy2,0.49629417,train,42,weighted,False
ISPY2-102011_z008,ISPY2-102011,3,1,spy2,0.49956432,train,42,weighted,False
ISPY2-102011_z009,ISPY2-102011,3,1,spy2,0.5032084,train,42,weighted,False
ISPY2-102011_z010,ISPY2-102011,3,1,spy2,0.5092514,train,42,weighted,False
ISPY2-102011_z011,ISPY2-102011,3,1,spy2,0.5090523,train,42,weighted,False
ISPY2-102011_z012,ISPY2-102011,3,1,spy2,0.50905263,train,42,weighted,False
ISPY2-102011_z013,ISPY2-102011,3,1,spy2,0.50501245,train,42,weighted,False
ISPY2-102011_z014,ISPY2-102011,3,1,spy2,0.5017454,train,42,weighted,False
ISPY2-102011_z015,ISPY2-102011,3,1,spy2,0.50436383,train,42,weighted,False
ISPY2-102011_z016,ISPY2-102011,3,1,spy2,0.50858897,train,42,weighted,False
ISPY2-999733_z006,ISPY2-999733,3,0,spy2,0.369168,train,42,weighted,False
ISPY2-999733_z007,ISPY2-999733,3,0,spy2,0.3728555,train,42,weighted,False
ISPY2-999733_z008,ISPY2-999733,3,0,spy2,0.37452236,train,42,weighted,False
ISPY2-999733_z009,ISPY2-999733,3,0,spy2,0.37582394,train,42,weighted,False
ISPY2-999733_z010,ISPY2-999733,3,0,spy2,0.37627605,train,42,weighted,False
ISPY2-999733_z011,ISPY2-999733,3,0,spy2,0.3755247,train,42,weighted,False
ISPY2-999733_z012,ISPY2-999733,3,0,spy2,0.3751162,train,42,weighted,False
ISPY2-999733_z013,ISPY2-999733,3,0,spy2,0.37395456,train,42,weighted,False
ISPY2-999733_z014,ISPY2-999733,3,0,spy2,0.368946,train,42,weighted,False
ISPY2-999733_z015,ISPY2-999733,3,0,spy2,0.36276025,train,42,weighted,False
ISPY2-798604_z008,ISPY2-798604,3,1,spy2,0.6417744,train,42,weighted,False
ISPY2-798604_z009,ISPY2-798604,3,1,spy2,0.6437577,train,42,weighted,False
ISPY2-798604_z010,ISPY2-798604,3,1,spy2,0.6478449,train,42,weighted,False
ISPY2-798604_z011,ISPY2-798604,3,1,spy2,0.64109087,train,42,weighted,False
ISPY2-798604_z012,ISPY2-798604,3,1,spy2,0.6456704,train,42,weighted,False
ISPY2-798604_z013,ISPY2-798604,3,1,spy2,0.65044546,train,42,weighted,False
ISPY2-798604_z014,ISPY2-798604,3,1,spy2,0.6484459,train,42,weighted,False
ISPY2-798604_z015,ISPY2-798604,3,1,spy2,0.6585434,train,42,weighted,False
ISPY2-798604_z016,ISPY2-798604,3,1,spy2,0.65381485,train,42,weighted,False
ISPY2-798604_z017,ISPY2-798604,3,1,spy2,0.6483412,train,42,weighted,False
ISPY2-484894_z008,ISPY2-484894,3,0,spy2,0.4441844,train,42,weighted,False
ISPY2-484894_z009,ISPY2-484894,3,0,spy2,0.4497742,train,42,weighted,False
ISPY2-484894_z010,ISPY2-484894,3,0,spy2,0.45019603,train,42,weighted,False
ISPY2-484894_z011,ISPY2-484894,3,0,spy2,0.44946653,train,42,weighted,False
ISPY2-484894_z012,ISPY2-484894,3,0,spy2,0.44785294,train,42,weighted,False
ISPY2-484894_z013,ISPY2-484894,3,0,spy2,0.44505298,train,42,weighted,False
ISPY2-484894_z014,ISPY2-484894,3,0,spy2,0.43988737,train,42,weighted,False
ISPY2-484894_z015,ISPY2-484894,3,0,spy2,0.43544847,train,42,weighted,False
ISPY2-484894_z016,ISPY2-484894,3,0,spy2,0.4378539,train,42,weighted,False
ISPY2-484894_z017,ISPY2-484894,3,0,spy2,0.44066054,train,42,weighted,False
ISPY2-242370_z006,ISPY2-242370,3,1,spy2,0.44951048,train,42,weighted,False
ISPY2-242370_z007,ISPY2-242370,3,1,spy2,0.44863635,train,42,weighted,False
ISPY2-242370_z008,ISPY2-242370,3,1,spy2,0.4356744,train,42,weighted,False
ISPY2-242370_z009,ISPY2-242370,3,1,spy2,0.44816598,train,42,weighted,False
ISPY2-242370_z010,ISPY2-242370,3,1,spy2,0.44864517,train,42,weighted,False
ISPY2-242370_z011,ISPY2-242370,3,1,spy2,0.44913435,train,42,weighted,False
ISPY2-242370_z012,ISPY2-242370,3,1,spy2,0.45108086,train,42,weighted,False
ISPY2-242370_z013,ISPY2-242370,3,1,spy2,0.4492368,train,42,weighted,False
ISPY2-242370_z014,ISPY2-242370,3,1,spy2,0.44840777,train,42,weighted,False
ISPY2-242370_z017,ISPY2-242370,3,1,spy2,0.45694017,train,42,weighted,False
ISPY2-273691_z004,ISPY2-273691,3,1,spy2,0.6308914,train,42,weighted,False
ISPY2-273691_z005,ISPY2-273691,3,1,spy2,0.6304833,train,42,weighted,False
ISPY2-273691_z006,ISPY2-273691,3,1,spy2,0.63478357,train,42,weighted,False
ISPY2-273691_z007,ISPY2-273691,3,1,spy2,0.6342352,train,42,weighted,False
ISPY2-273691_z008,ISPY2-273691,3,1,spy2,0.63711727,train,42,weighted,False
ISPY2-273691_z009,ISPY2-273691,3,1,spy2,0.63904154,train,42,weighted,False
ISPY2-273691_z010,ISPY2-273691,3,1,spy2,0.6399161,train,42,weighted,False
ISPY2-273691_z011,ISPY2-273691,3,1,spy2,0.6397633,train,42,weighted,False
ISPY2-273691_z012,ISPY2-273691,3,1,spy2,0.6394888,train,42,weighted,False
ISPY2-273691_z013,ISPY2-273691,3,1,spy2,0.64000654,train,42,weighted,False
ISPY2-540539_z041,ISPY2-540539,3,1,spy2,0.6169914,train,42,weighted,False
ISPY2-540539_z042,ISPY2-540539,3,1,spy2,0.61672324,train,42,weighted,False
ISPY2-540539_z043,ISPY2-540539,3,1,spy2,0.61696154,train,42,weighted,False
ISPY2-540539_z044,ISPY2-540539,3,1,spy2,0.6170129,train,42,weighted,False
ISPY2-540539_z046,ISPY2-540539,3,1,spy2,0.6118687,train,42,weighted,False
ISPY2-540539_z047,ISPY2-540539,3,1,spy2,0.6106662,train,42,weighted,False
ISPY2-540539_z048,ISPY2-540539,3,1,spy2,0.6134137,train,42,weighted,False
ISPY2-540539_z049,ISPY2-540539,3,1,spy2,0.6147869,train,42,weighted,False
ISPY2-540539_z050,ISPY2-540539,3,1,spy2,0.6071465,train,42,weighted,False
ISPY2-540539_z051,ISPY2-540539,3,1,spy2,0.6029783,train,42,weighted,False
ISPY2-371528_z011,ISPY2-371528,3,0,spy2,0.14947738,train,42,weighted,False
ISPY2-371528_z012,ISPY2-371528,3,0,spy2,0.14911406,train,42,weighted,False
ISPY2-371528_z013,ISPY2-371528,3,0,spy2,0.14946654,train,42,weighted,False
ISPY2-371528_z014,ISPY2-371528,3,0,spy2,0.15003307,train,42,weighted,False
ISPY2-371528_z015,ISPY2-371528,3,0,spy2,0.15096697,train,42,weighted,False
ISPY2-371528_z016,ISPY2-371528,3,0,spy2,0.15127493,train,42,weighted,False
ISPY2-371528_z017,ISPY2-371528,3,0,spy2,0.151974,train,42,weighted,False
ISPY2-371528_z018,ISPY2-371528,3,0,spy2,0.15299824,train,42,weighted,False
ISPY2-371528_z019,ISPY2-371528,3,0,spy2,0.1530589,train,42,weighted,False
ISPY2-371528_z020,ISPY2-371528,3,0,spy2,0.15305343,train,42,weighted,False
ISPY2-199960_z036,ISPY2-199960,3,0,spy2,0.592395,train,42,weighted,False
ISPY2-199960_z037,ISPY2-199960,3,0,spy2,0.59098595,train,42,weighted,False
ISPY2-199960_z038,ISPY2-199960,3,0,spy2,0.59219587,train,42,weighted,False
ISPY2-199960_z039,ISPY2-199960,3,0,spy2,0.5932701,train,42,weighted,False
ISPY2-199960_z040,ISPY2-199960,3,0,spy2,0.5937643,train,42,weighted,False
ISPY2-199960_z041,ISPY2-199960,3,0,spy2,0.59308416,train,42,weighted,False
ISPY2-199960_z042,ISPY2-199960,3,0,spy2,0.59317076,train,42,weighted,False
ISPY2-199960_z043,ISPY2-199960,3,0,spy2,0.58966047,train,42,weighted,False
ISPY2-199960_z044,ISPY2-199960,3,0,spy2,0.5925079,train,42,weighted,False
ISPY2-199960_z045,ISPY2-199960,3,0,spy2,0.59423596,train,42,weighted,False
ACRIN-6698-253531_z011,ACRIN-6698-253531,3,1,spy2,0.52597016,train,42,weighted,False
ACRIN-6698-253531_z012,ACRIN-6698-253531,3,1,spy2,0.5352778,train,42,weighted,False
ACRIN-6698-253531_z013,ACRIN-6698-253531,3,1,spy2,0.5360755,train,42,weighted,False
ACRIN-6698-253531_z016,ACRIN-6698-253531,3,1,spy2,0.5229676,train,42,weighted,False
ACRIN-6698-253531_z017,ACRIN-6698-253531,3,1,spy2,0.5156169,train,42,weighted,False
ACRIN-6698-253531_z018,ACRIN-6698-253531,3,1,spy2,0.5197563,train,42,weighted,False
ACRIN-6698-253531_z019,ACRIN-6698-253531,3,1,spy2,0.52411216,train,42,weighted,False
ACRIN-6698-253531_z020,ACRIN-6698-253531,3,1,spy2,0.51857907,train,42,weighted,False
ACRIN-6698-253531_z021,ACRIN-6698-253531,3,1,spy2,0.524672,train,42,weighted,False
ACRIN-6698-253531_z022,ACRIN-6698-253531,3,1,spy2,0.528967,train,42,weighted,False
ISPY2-791321_z034,ISPY2-791321,3,0,spy2,0.63471293,train,42,weighted,False
ISPY2-791321_z035,ISPY2-791321,3,0,spy2,0.6372143,train,42,weighted,False
ISPY2-791321_z036,ISPY2-791321,3,0,spy2,0.6400804,train,42,weighted,False
ISPY2-791321_z037,ISPY2-791321,3,0,spy2,0.6347534,train,42,weighted,False
ISPY2-791321_z038,ISPY2-791321,3,0,spy2,0.624939,train,42,weighted,False
ISPY2-791321_z039,ISPY2-791321,3,0,spy2,0.61315644,train,42,weighted,False
ISPY2-791321_z040,ISPY2-791321,3,0,spy2,0.6103741,train,42,weighted,False
ISPY2-791321_z041,ISPY2-791321,3,0,spy2,0.6093824,train,42,weighted,False
ISPY2-791321_z042,ISPY2-791321,3,0,spy2,0.6022746,train,42,weighted,False
ISPY2-791321_z043,ISPY2-791321,3,0,spy2,0.60170096,train,42,weighted,False
ISPY2-550421_z022,ISPY2-550421,3,0,spy2,0.51075983,train,42,weighted,False
ISPY2-550421_z023,ISPY2-550421,3,0,spy2,0.51256275,train,42,weighted,False
ISPY2-550421_z024,ISPY2-550421,3,0,spy2,0.5136832,train,42,weighted,False
ISPY2-550421_z025,ISPY2-550421,3,0,spy2,0.5146756,train,42,weighted,False
ISPY2-550421_z026,ISPY2-550421,3,0,spy2,0.51466787,train,42,weighted,False
ISPY2-550421_z027,ISPY2-550421,3,0,spy2,0.514083,train,42,weighted,False
ISPY2-550421_z028,ISPY2-550421,3,0,spy2,0.51391464,train,42,weighted,False
ISPY2-550421_z029,ISPY2-550421,3,0,spy2,0.5135215,train,42,weighted,False
ISPY2-550421_z030,ISPY2-550421,3,0,spy2,0.5123388,train,42,weighted,False
ISPY2-550421_z031,ISPY2-550421,3,0,spy2,0.5131385,train,42,weighted,False
ISPY2-741535_z020,ISPY2-741535,3,0,spy2,0.27570257,train,42,weighted,False
ISPY2-741535_z021,ISPY2-741535,3,0,spy2,0.27577388,train,42,weighted,False
ISPY2-741535_z022,ISPY2-741535,3,0,spy2,0.27610078,train,42,weighted,False
ISPY2-741535_z023,ISPY2-741535,3,0,spy2,0.2758772,train,42,weighted,False
ISPY2-741535_z024,ISPY2-741535,3,0,spy2,0.27577707,train,42,weighted,False
ISPY2-741535_z025,ISPY2-741535,3,0,spy2,0.2758163,train,42,weighted,False
ISPY2-741535_z026,ISPY2-741535,3,0,spy2,0.27567977,train,42,weighted,False
ISPY2-741535_z027,ISPY2-741535,3,0,spy2,0.27642453,train,42,weighted,False
ISPY2-741535_z028,ISPY2-741535,3,0,spy2,0.27653235,train,42,weighted,False
ISPY2-741535_z029,ISPY2-741535,3,0,spy2,0.27648687,train,42,weighted,False
ACRIN-6698-317402_z003,ACRIN-6698-317402,3,0,spy2,0.36482063,train,42,weighted,False
ACRIN-6698-317402_z004,ACRIN-6698-317402,3,0,spy2,0.37499177,train,42,weighted,False
ACRIN-6698-317402_z005,ACRIN-6698-317402,3,0,spy2,0.37669083,train,42,weighted,False
ACRIN-6698-317402_z006,ACRIN-6698-317402,3,0,spy2,0.37551296,train,42,weighted,False
ACRIN-6698-317402_z007,ACRIN-6698-317402,3,0,spy2,0.37947908,train,42,weighted,False
ACRIN-6698-317402_z008,ACRIN-6698-317402,3,0,spy2,0.38608646,train,42,weighted,False
ACRIN-6698-317402_z009,ACRIN-6698-317402,3,0,spy2,0.39548865,train,42,weighted,False
ACRIN-6698-317402_z010,ACRIN-6698-317402,3,0,spy2,0.395604,train,42,weighted,False
ACRIN-6698-317402_z011,ACRIN-6698-317402,3,0,spy2,0.3925244,train,42,weighted,False
ACRIN-6698-317402_z012,ACRIN-6698-317402,3,0,spy2,0.39153823,train,42,weighted,False
ACRIN-6698-900959_z009,ACRIN-6698-900959,3,0,spy2,0.52221465,train,42,weighted,False
ACRIN-6698-900959_z010,ACRIN-6698-900959,3,0,spy2,0.5183938,train,42,weighted,False
ACRIN-6698-900959_z011,ACRIN-6698-900959,3,0,spy2,0.50341314,train,42,weighted,False
ACRIN-6698-900959_z012,ACRIN-6698-900959,3,0,spy2,0.49161455,train,42,weighted,False
ACRIN-6698-900959_z013,ACRIN-6698-900959,3,0,spy2,0.48898557,train,42,weighted,False
ACRIN-6698-900959_z020,ACRIN-6698-900959,3,0,spy2,0.57904845,train,42,weighted,False
ACRIN-6698-900959_z021,ACRIN-6698-900959,3,0,spy2,0.5946592,train,42,weighted,False
ACRIN-6698-900959_z022,ACRIN-6698-900959,3,0,spy2,0.5946165,train,42,weighted,False
ACRIN-6698-900959_z023,ACRIN-6698-900959,3,0,spy2,0.5949319,train,42,weighted,False
ACRIN-6698-900959_z024,ACRIN-6698-900959,3,0,spy2,0.59576637,train,42,weighted,False
ACRIN-6698-618860_z014,ACRIN-6698-618860,3,0,spy2,0.29251122,train,42,weighted,False
ACRIN-6698-618860_z015,ACRIN-6698-618860,3,0,spy2,0.29258218,train,42,weighted,False
ACRIN-6698-618860_z016,ACRIN-6698-618860,3,0,spy2,0.29284737,train,42,weighted,False
ACRIN-6698-618860_z017,ACRIN-6698-618860,3,0,spy2,0.29299143,train,42,weighted,False
ACRIN-6698-618860_z018,ACRIN-6698-618860,3,0,spy2,0.2929605,train,42,weighted,False
ACRIN-6698-618860_z019,ACRIN-6698-618860,3,0,spy2,0.29279983,train,42,weighted,False
ACRIN-6698-618860_z020,ACRIN-6698-618860,3,0,spy2,0.29218873,train,42,weighted,False
ACRIN-6698-618860_z021,ACRIN-6698-618860,3,0,spy2,0.2902342,train,42,weighted,False
ACRIN-6698-618860_z022,ACRIN-6698-618860,3,0,spy2,0.28872323,train,42,weighted,False
ACRIN-6698-618860_z023,ACRIN-6698-618860,3,0,spy2,0.28982553,train,42,weighted,False
ISPY2-732137_z021,ISPY2-732137,3,0,spy2,0.49531054,train,42,weighted,False
ISPY2-732137_z022,ISPY2-732137,3,0,spy2,0.49224743,train,42,weighted,False
ISPY2-732137_z023,ISPY2-732137,3,0,spy2,0.49166125,train,42,weighted,False
ISPY2-732137_z024,ISPY2-732137,3,0,spy2,0.49229127,train,42,weighted,False
ISPY2-732137_z025,ISPY2-732137,3,0,spy2,0.49254167,train,42,weighted,False
ISPY2-732137_z026,ISPY2-732137,3,0,spy2,0.49133232,train,42,weighted,False
ISPY2-732137_z027,ISPY2-732137,3,0,spy2,0.49139783,train,42,weighted,False
ISPY2-732137_z028,ISPY2-732137,3,0,spy2,0.48981112,train,42,weighted,False
ISPY2-732137_z029,ISPY2-732137,3,0,spy2,0.48686105,train,42,weighted,False
ISPY2-732137_z030,ISPY2-732137,3,0,spy2,0.48531345,train,42,weighted,False
ISPY2-332655_z006,ISPY2-332655,3,1,spy2,0.46088275,train,42,weighted,False
ISPY2-332655_z007,ISPY2-332655,3,1,spy2,0.4885264,train,42,weighted,False
ISPY2-332655_z008,ISPY2-332655,3,1,spy2,0.49760222,train,42,weighted,False
ISPY2-332655_z009,ISPY2-332655,3,1,spy2,0.50346065,train,42,weighted,False
ISPY2-332655_z010,ISPY2-332655,3,1,spy2,0.51177555,train,42,weighted,False
ISPY2-332655_z011,ISPY2-332655,3,1,spy2,0.5152568,train,42,weighted,False
ISPY2-332655_z012,ISPY2-332655,3,1,spy2,0.5099353,train,42,weighted,False
ISPY2-332655_z013,ISPY2-332655,3,1,spy2,0.50928694,train,42,weighted,False
ISPY2-332655_z014,ISPY2-332655,3,1,spy2,0.51207113,train,42,weighted,False
ISPY2-332655_z015,ISPY2-332655,3,1,spy2,0.5139978,train,42,weighted,False
ISPY2-845147_z017,ISPY2-845147,3,0,spy2,0.30804262,train,42,weighted,False
ISPY2-845147_z018,ISPY2-845147,3,0,spy2,0.30797035,train,42,weighted,False
ISPY2-845147_z019,ISPY2-845147,3,0,spy2,0.3089814,train,42,weighted,False
ISPY2-845147_z020,ISPY2-845147,3,0,spy2,0.30926424,train,42,weighted,False
ISPY2-845147_z021,ISPY2-845147,3,0,spy2,0.309441,train,42,weighted,False
ISPY2-845147_z022,ISPY2-845147,3,0,spy2,0.3095389,train,42,weighted,False
ISPY2-845147_z024,ISPY2-845147,3,0,spy2,0.30997482,train,42,weighted,False
ISPY2-845147_z025,ISPY2-845147,3,0,spy2,0.3098591,train,42,weighted,False
ISPY2-845147_z026,ISPY2-845147,3,0,spy2,0.30960655,train,42,weighted,False
ISPY2-845147_z028,ISPY2-845147,3,0,spy2,0.30552533,train,42,weighted,False
ISPY2-290413_z007,ISPY2-290413,3,0,spy2,0.3967669,train,42,weighted,False
ISPY2-290413_z008,ISPY2-290413,3,0,spy2,0.40355963,train,42,weighted,False
ISPY2-290413_z009,ISPY2-290413,3,0,spy2,0.41530147,train,42,weighted,False
ISPY2-290413_z010,ISPY2-290413,3,0,spy2,0.42899984,train,42,weighted,False
ISPY2-290413_z011,ISPY2-290413,3,0,spy2,0.43872246,train,42,weighted,False
ISPY2-290413_z012,ISPY2-290413,3,0,spy2,0.43438685,train,42,weighted,False
ISPY2-290413_z013,ISPY2-290413,3,0,spy2,0.42980716,train,42,weighted,False
ISPY2-290413_z014,ISPY2-290413,3,0,spy2,0.42287135,train,42,weighted,False
ISPY2-290413_z015,ISPY2-290413,3,0,spy2,0.4277274,train,42,weighted,False
ISPY2-290413_z016,ISPY2-290413,3,0,spy2,0.42986098,train,42,weighted,False
ACRIN-6698-748611_z008,ACRIN-6698-748611,3,1,spy2,0.19937661,train,42,weighted,False
ACRIN-6698-748611_z009,ACRIN-6698-748611,3,1,spy2,0.19978775,train,42,weighted,False
ACRIN-6698-748611_z010,ACRIN-6698-748611,3,1,spy2,0.20443499,train,42,weighted,False
ACRIN-6698-748611_z011,ACRIN-6698-748611,3,1,spy2,0.21113512,train,42,weighted,False
ACRIN-6698-748611_z012,ACRIN-6698-748611,3,1,spy2,0.21439646,train,42,weighted,False
ACRIN-6698-748611_z013,ACRIN-6698-748611,3,1,spy2,0.22297716,train,42,weighted,False
ACRIN-6698-748611_z014,ACRIN-6698-748611,3,1,spy2,0.22189446,train,42,weighted,False
ACRIN-6698-748611_z015,ACRIN-6698-748611,3,1,spy2,0.22066262,train,42,weighted,False
ACRIN-6698-748611_z016,ACRIN-6698-748611,3,1,spy2,0.22802462,train,42,weighted,False
ACRIN-6698-748611_z017,ACRIN-6698-748611,3,1,spy2,0.23001231,train,42,weighted,False
ISPY2-181442_z026,ISPY2-181442,3,0,spy2,0.45637733,train,42,weighted,False
ISPY2-181442_z027,ISPY2-181442,3,0,spy2,0.45631602,train,42,weighted,False
ISPY2-181442_z028,ISPY2-181442,3,0,spy2,0.45614943,train,42,weighted,False
ISPY2-181442_z029,ISPY2-181442,3,0,spy2,0.45611134,train,42,weighted,False
ISPY2-181442_z030,ISPY2-181442,3,0,spy2,0.45617405,train,42,weighted,False
ISPY2-181442_z031,ISPY2-181442,3,0,spy2,0.45655617,train,42,weighted,False
ISPY2-181442_z032,ISPY2-181442,3,0,spy2,0.45730314,train,42,weighted,False
ISPY2-181442_z033,ISPY2-181442,3,0,spy2,0.45762846,train,42,weighted,False
ISPY2-181442_z034,ISPY2-181442,3,0,spy2,0.45694295,train,42,weighted,False
ISPY2-181442_z035,ISPY2-181442,3,0,spy2,0.45626336,train,42,weighted,False
ISPY2-930172_z015,ISPY2-930172,3,0,spy2,0.45183554,train,42,weighted,False
ISPY2-930172_z016,ISPY2-930172,3,0,spy2,0.45190287,train,42,weighted,False
ISPY2-930172_z017,ISPY2-930172,3,0,spy2,0.45206535,train,42,weighted,False
ISPY2-930172_z018,ISPY2-930172,3,0,spy2,0.45204344,train,42,weighted,False
ISPY2-930172_z019,ISPY2-930172,3,0,spy2,0.45198196,train,42,weighted,False
ISPY2-930172_z020,ISPY2-930172,3,0,spy2,0.45197222,train,42,weighted,False
ISPY2-930172_z021,ISPY2-930172,3,0,spy2,0.4518496,train,42,weighted,False
ISPY2-930172_z022,ISPY2-930172,3,0,spy2,0.45126382,train,42,weighted,False
ISPY2-930172_z023,ISPY2-930172,3,0,spy2,0.45097387,train,42,weighted,False
ISPY2-930172_z028,ISPY2-930172,3,0,spy2,0.448474,train,42,weighted,False
ISPY2-960490_z019,ISPY2-960490,3,1,spy2,0.63903505,train,42,weighted,False
ISPY2-960490_z020,ISPY2-960490,3,1,spy2,0.638362,train,42,weighted,False
ISPY2-960490_z021,ISPY2-960490,3,1,spy2,0.63802785,train,42,weighted,False
ISPY2-960490_z022,ISPY2-960490,3,1,spy2,0.6373525,train,42,weighted,False
ISPY2-960490_z023,ISPY2-960490,3,1,spy2,0.63703954,train,42,weighted,False
ISPY2-960490_z025,ISPY2-960490,3,1,spy2,0.63569957,train,42,weighted,False
ISPY2-960490_z026,ISPY2-960490,3,1,spy2,0.63628274,train,42,weighted,False
ISPY2-960490_z027,ISPY2-960490,3,1,spy2,0.636189,train,42,weighted,False
ISPY2-960490_z031,ISPY2-960490,3,1,spy2,0.63655025,train,42,weighted,False
ISPY2-960490_z032,ISPY2-960490,3,1,spy2,0.6367509,train,42,weighted,False
ISPY2-489973_z013,ISPY2-489973,3,0,spy2,0.6794047,train,42,weighted,False
ISPY2-489973_z014,ISPY2-489973,3,0,spy2,0.6789728,train,42,weighted,False
ISPY2-489973_z015,ISPY2-489973,3,0,spy2,0.6776601,train,42,weighted,False
ISPY2-489973_z016,ISPY2-489973,3,0,spy2,0.6767575,train,42,weighted,False
ISPY2-489973_z017,ISPY2-489973,3,0,spy2,0.67747205,train,42,weighted,False
ISPY2-489973_z018,ISPY2-489973,3,0,spy2,0.67916185,train,42,weighted,False
ISPY2-489973_z019,ISPY2-489973,3,0,spy2,0.6787658,train,42,weighted,False
ISPY2-489973_z020,ISPY2-489973,3,0,spy2,0.6786437,train,42,weighted,False
ISPY2-489973_z021,ISPY2-489973,3,0,spy2,0.6783958,train,42,weighted,False
ISPY2-489973_z022,ISPY2-489973,3,0,spy2,0.6782006,train,42,weighted,False
ISPY2-229328_z019,ISPY2-229328,3,0,spy2,0.24673165,train,42,weighted,False
ISPY2-229328_z028,ISPY2-229328,3,0,spy2,0.2532671,train,42,weighted,False
ISPY2-229328_z029,ISPY2-229328,3,0,spy2,0.25343254,train,42,weighted,False
ISPY2-229328_z030,ISPY2-229328,3,0,spy2,0.2536586,train,42,weighted,False
ISPY2-229328_z031,ISPY2-229328,3,0,spy2,0.25360373,train,42,weighted,False
ISPY2-229328_z032,ISPY2-229328,3,0,spy2,0.2537031,train,42,weighted,False
ISPY2-229328_z033,ISPY2-229328,3,0,spy2,0.25352615,train,42,weighted,False
ISPY2-229328_z035,ISPY2-229328,3,0,spy2,0.2534468,train,42,weighted,False
ISPY2-229328_z036,ISPY2-229328,3,0,spy2,0.25346243,train,42,weighted,False
ISPY2-229328_z037,ISPY2-229328,3,0,spy2,0.2535934,train,42,weighted,False
ACRIN-6698-399478_z009,ACRIN-6698-399478,3,1,spy2,0.6656663,train,42,weighted,False
ACRIN-6698-399478_z010,ACRIN-6698-399478,3,1,spy2,0.6678954,train,42,weighted,False
ACRIN-6698-399478_z011,ACRIN-6698-399478,3,1,spy2,0.6654632,train,42,weighted,False
ACRIN-6698-399478_z012,ACRIN-6698-399478,3,1,spy2,0.6662791,train,42,weighted,False
ACRIN-6698-399478_z013,ACRIN-6698-399478,3,1,spy2,0.6683575,train,42,weighted,False
ACRIN-6698-399478_z014,ACRIN-6698-399478,3,1,spy2,0.6665429,train,42,weighted,False
ACRIN-6698-399478_z015,ACRIN-6698-399478,3,1,spy2,0.66033375,train,42,weighted,False
ACRIN-6698-399478_z016,ACRIN-6698-399478,3,1,spy2,0.6689646,train,42,weighted,False
ACRIN-6698-399478_z017,ACRIN-6698-399478,3,1,spy2,0.6731484,train,42,weighted,False
ACRIN-6698-399478_z018,ACRIN-6698-399478,3,1,spy2,0.68301797,train,42,weighted,False
ISPY2-651401_z007,ISPY2-651401,3,0,spy2,0.68367153,train,42,weighted,False
ISPY2-651401_z008,ISPY2-651401,3,0,spy2,0.6811883,train,42,weighted,False
ISPY2-651401_z009,ISPY2-651401,3,0,spy2,0.6784655,train,42,weighted,False
ISPY2-651401_z010,ISPY2-651401,3,0,spy2,0.6888494,train,42,weighted,False
ISPY2-651401_z011,ISPY2-651401,3,0,spy2,0.69397974,train,42,weighted,False
ISPY2-651401_z012,ISPY2-651401,3,0,spy2,0.69224346,train,42,weighted,False
ISPY2-651401_z013,ISPY2-651401,3,0,spy2,0.6930358,train,42,weighted,False
ISPY2-651401_z014,ISPY2-651401,3,0,spy2,0.70876443,train,42,weighted,False
ISPY2-651401_z015,ISPY2-651401,3,0,spy2,0.71252435,train,42,weighted,False
ISPY2-651401_z016,ISPY2-651401,3,0,spy2,0.7137211,train,42,weighted,False
ACRIN-6698-296841_z004,ACRIN-6698-296841,3,1,spy2,0.53633326,train,42,weighted,False
ACRIN-6698-296841_z005,ACRIN-6698-296841,3,1,spy2,0.5354703,train,42,weighted,False
ACRIN-6698-296841_z006,ACRIN-6698-296841,3,1,spy2,0.5381364,train,42,weighted,False
ACRIN-6698-296841_z007,ACRIN-6698-296841,3,1,spy2,0.5386739,train,42,weighted,False
ACRIN-6698-296841_z008,ACRIN-6698-296841,3,1,spy2,0.53871584,train,42,weighted,False
ACRIN-6698-296841_z009,ACRIN-6698-296841,3,1,spy2,0.53786975,train,42,weighted,False
ACRIN-6698-296841_z010,ACRIN-6698-296841,3,1,spy2,0.5372819,train,42,weighted,False
ACRIN-6698-296841_z011,ACRIN-6698-296841,3,1,spy2,0.53710175,train,42,weighted,False
ACRIN-6698-296841_z012,ACRIN-6698-296841,3,1,spy2,0.5358404,train,42,weighted,False
ACRIN-6698-296841_z013,ACRIN-6698-296841,3,1,spy2,0.53372973,train,42,weighted,False
ACRIN-6698-356431_z031,ACRIN-6698-356431,3,1,spy2,0.7277172,train,42,weighted,False
ACRIN-6698-356431_z032,ACRIN-6698-356431,3,1,spy2,0.72948337,train,42,weighted,False
ACRIN-6698-356431_z035,ACRIN-6698-356431,3,1,spy2,0.7343717,train,42,weighted,False
ACRIN-6698-356431_z036,ACRIN-6698-356431,3,1,spy2,0.7365935,train,42,weighted,False
ACRIN-6698-356431_z037,ACRIN-6698-356431,3,1,spy2,0.7366396,train,42,weighted,False
ACRIN-6698-356431_z038,ACRIN-6698-356431,3,1,spy2,0.7368619,train,42,weighted,False
ACRIN-6698-356431_z039,ACRIN-6698-356431,3,1,spy2,0.73535514,train,42,weighted,False
ACRIN-6698-356431_z040,ACRIN-6698-356431,3,1,spy2,0.73309195,train,42,weighted,False
ACRIN-6698-356431_z041,ACRIN-6698-356431,3,1,spy2,0.73155284,train,42,weighted,False
ACRIN-6698-356431_z042,ACRIN-6698-356431,3,1,spy2,0.73232573,train,42,weighted,False
ISPY2-313243_z011,ISPY2-313243,3,1,spy2,0.3540765,train,42,weighted,False
ISPY2-313243_z012,ISPY2-313243,3,1,spy2,0.3495257,train,42,weighted,False
ISPY2-313243_z013,ISPY2-313243,3,1,spy2,0.35301918,train,42,weighted,False
ISPY2-313243_z014,ISPY2-313243,3,1,spy2,0.35056758,train,42,weighted,False
ISPY2-313243_z015,ISPY2-313243,3,1,spy2,0.3527734,train,42,weighted,False
ISPY2-313243_z016,ISPY2-313243,3,1,spy2,0.34743315,train,42,weighted,False
ISPY2-313243_z017,ISPY2-313243,3,1,spy2,0.34488174,train,42,weighted,False
ISPY2-313243_z018,ISPY2-313243,3,1,spy2,0.34450784,train,42,weighted,False
ISPY2-313243_z022,ISPY2-313243,3,1,spy2,0.34389696,train,42,weighted,False
ISPY2-313243_z023,ISPY2-313243,3,1,spy2,0.34179544,train,42,weighted,False
ACRIN-6698-982086_z004,ACRIN-6698-982086,3,1,spy2,0.8514199,train,42,weighted,False
ACRIN-6698-982086_z005,ACRIN-6698-982086,3,1,spy2,0.85002255,train,42,weighted,False
ACRIN-6698-982086_z006,ACRIN-6698-982086,3,1,spy2,0.8491548,train,42,weighted,False
ACRIN-6698-982086_z007,ACRIN-6698-982086,3,1,spy2,0.84884125,train,42,weighted,False
ACRIN-6698-982086_z008,ACRIN-6698-982086,3,1,spy2,0.84627503,train,42,weighted,False
ACRIN-6698-982086_z009,ACRIN-6698-982086,3,1,spy2,0.8454956,train,42,weighted,False
ACRIN-6698-982086_z010,ACRIN-6698-982086,3,1,spy2,0.83883864,train,42,weighted,False
ACRIN-6698-982086_z011,ACRIN-6698-982086,3,1,spy2,0.83356506,train,42,weighted,False
ACRIN-6698-982086_z012,ACRIN-6698-982086,3,1,spy2,0.824154,train,42,weighted,False
ACRIN-6698-982086_z013,ACRIN-6698-982086,3,1,spy2,0.8243969,train,42,weighted,False
ACRIN-6698-108969_z021,ACRIN-6698-108969,3,1,spy2,0.6408287,train,42,weighted,False
ACRIN-6698-108969_z022,ACRIN-6698-108969,3,1,spy2,0.64176303,train,42,weighted,False
ACRIN-6698-108969_z023,ACRIN-6698-108969,3,1,spy2,0.64196384,train,42,weighted,False
ACRIN-6698-108969_z024,ACRIN-6698-108969,3,1,spy2,0.6418371,train,42,weighted,False
ACRIN-6698-108969_z025,ACRIN-6698-108969,3,1,spy2,0.64144003,train,42,weighted,False
ACRIN-6698-108969_z026,ACRIN-6698-108969,3,1,spy2,0.6408866,train,42,weighted,False
ACRIN-6698-108969_z027,ACRIN-6698-108969,3,1,spy2,0.64072937,train,42,weighted,False
ACRIN-6698-108969_z028,ACRIN-6698-108969,3,1,spy2,0.6407768,train,42,weighted,False
ACRIN-6698-108969_z029,ACRIN-6698-108969,3,1,spy2,0.64100254,train,42,weighted,False
ACRIN-6698-108969_z030,ACRIN-6698-108969,3,1,spy2,0.64129055,train,42,weighted,False
ACRIN-6698-896852_z010,ACRIN-6698-896852,3,0,spy2,0.48232734,train,42,weighted,False
ACRIN-6698-896852_z011,ACRIN-6698-896852,3,0,spy2,0.481272,train,42,weighted,False
ACRIN-6698-896852_z012,ACRIN-6698-896852,3,0,spy2,0.48353434,train,42,weighted,False
ACRIN-6698-896852_z013,ACRIN-6698-896852,3,0,spy2,0.48729244,train,42,weighted,False
ACRIN-6698-896852_z014,ACRIN-6698-896852,3,0,spy2,0.49150854,train,42,weighted,False
ACRIN-6698-896852_z015,ACRIN-6698-896852,3,0,spy2,0.49118277,train,42,weighted,False
ACRIN-6698-896852_z020,ACRIN-6698-896852,3,0,spy2,0.48662707,train,42,weighted,False
ACRIN-6698-896852_z021,ACRIN-6698-896852,3,0,spy2,0.4762315,train,42,weighted,False
ACRIN-6698-896852_z024,ACRIN-6698-896852,3,0,spy2,0.480382,train,42,weighted,False
ACRIN-6698-896852_z025,ACRIN-6698-896852,3,0,spy2,0.48034135,train,42,weighted,False
ISPY2-676365_z015,ISPY2-676365,3,0,spy2,0.70006406,train,42,weighted,False
ISPY2-676365_z016,ISPY2-676365,3,0,spy2,0.6997284,train,42,weighted,False
ISPY2-676365_z017,ISPY2-676365,3,0,spy2,0.6991183,train,42,weighted,False
ISPY2-676365_z018,ISPY2-676365,3,0,spy2,0.70410615,train,42,weighted,False
ISPY2-676365_z019,ISPY2-676365,3,0,spy2,0.7107183,train,42,weighted,False
ISPY2-676365_z020,ISPY2-676365,3,0,spy2,0.7167987,train,42,weighted,False
ISPY2-676365_z021,ISPY2-676365,3,0,spy2,0.71818674,train,42,weighted,False
ISPY2-676365_z022,ISPY2-676365,3,0,spy2,0.72481436,train,42,weighted,False
ISPY2-676365_z023,ISPY2-676365,3,0,spy2,0.7268151,train,42,weighted,False
ISPY2-676365_z024,ISPY2-676365,3,0,spy2,0.7270133,train,42,weighted,False
ISPY2-458196_z009,ISPY2-458196,3,0,spy2,0.3495264,train,42,weighted,False
ISPY2-458196_z010,ISPY2-458196,3,0,spy2,0.35313645,train,42,weighted,False
ISPY2-458196_z011,ISPY2-458196,3,0,spy2,0.34251463,train,42,weighted,False
ISPY2-458196_z012,ISPY2-458196,3,0,spy2,0.3228847,train,42,weighted,False
ISPY2-458196_z013,ISPY2-458196,3,0,spy2,0.3213539,train,42,weighted,False
ISPY2-458196_z014,ISPY2-458196,3,0,spy2,0.33710536,train,42,weighted,False
ISPY2-458196_z015,ISPY2-458196,3,0,spy2,0.34181502,train,42,weighted,False
ISPY2-458196_z016,ISPY2-458196,3,0,spy2,0.3369667,train,42,weighted,False
ISPY2-458196_z017,ISPY2-458196,3,0,spy2,0.34083498,train,42,weighted,False
ISPY2-458196_z018,ISPY2-458196,3,0,spy2,0.34257814,train,42,weighted,False
ISPY2-768214_z038,ISPY2-768214,3,0,spy2,0.58823717,train,42,weighted,False
ISPY2-768214_z039,ISPY2-768214,3,0,spy2,0.5875978,train,42,weighted,False
ISPY2-768214_z040,ISPY2-768214,3,0,spy2,0.58702415,train,42,weighted,False
ISPY2-768214_z041,ISPY2-768214,3,0,spy2,0.58669496,train,42,weighted,False
ISPY2-768214_z044,ISPY2-768214,3,0,spy2,0.5857043,train,42,weighted,False
ISPY2-768214_z045,ISPY2-768214,3,0,spy2,0.5855714,train,42,weighted,False
ISPY2-768214_z046,ISPY2-768214,3,0,spy2,0.5854845,train,42,weighted,False
ISPY2-768214_z047,ISPY2-768214,3,0,spy2,0.5854552,train,42,weighted,False
ISPY2-768214_z048,ISPY2-768214,3,0,spy2,0.58540773,train,42,weighted,False
ISPY2-768214_z049,ISPY2-768214,3,0,spy2,0.5849166,train,42,weighted,False
ISPY2-825363_z002,ISPY2-825363,3,1,spy2,0.85841167,train,42,weighted,False
ISPY2-825363_z003,ISPY2-825363,3,1,spy2,0.8581042,train,42,weighted,False
ISPY2-825363_z004,ISPY2-825363,3,1,spy2,0.8534956,train,42,weighted,False
ISPY2-825363_z005,ISPY2-825363,3,1,spy2,0.85707617,train,42,weighted,False
ISPY2-825363_z006,ISPY2-825363,3,1,spy2,0.86204535,train,42,weighted,False
ISPY2-825363_z007,ISPY2-825363,3,1,spy2,0.8663948,train,42,weighted,False
ISPY2-825363_z008,ISPY2-825363,3,1,spy2,0.87227523,train,42,weighted,False
ISPY2-825363_z009,ISPY2-825363,3,1,spy2,0.8764628,train,42,weighted,False
ISPY2-825363_z010,ISPY2-825363,3,1,spy2,0.87631583,train,42,weighted,False
ISPY2-825363_z011,ISPY2-825363,3,1,spy2,0.8748069,train,42,weighted,False
ISPY2-668752_z007,ISPY2-668752,3,0,spy2,0.6498815,train,42,weighted,False
ISPY2-668752_z008,ISPY2-668752,3,0,spy2,0.6496103,train,42,weighted,False
ISPY2-668752_z009,ISPY2-668752,3,0,spy2,0.6487002,train,42,weighted,False
ISPY2-668752_z010,ISPY2-668752,3,0,spy2,0.64975446,train,42,weighted,False
ISPY2-668752_z011,ISPY2-668752,3,0,spy2,0.65107185,train,42,weighted,False
ISPY2-668752_z012,ISPY2-668752,3,0,spy2,0.6489208,train,42,weighted,False
ISPY2-668752_z013,ISPY2-668752,3,0,spy2,0.6456128,train,42,weighted,False
ISPY2-668752_z014,ISPY2-668752,3,0,spy2,0.6437381,train,42,weighted,False
ISPY2-668752_z015,ISPY2-668752,3,0,spy2,0.64254385,train,42,weighted,False
ISPY2-668752_z016,ISPY2-668752,3,0,spy2,0.6410672,train,42,weighted,False
ISPY2-920479_z017,ISPY2-920479,3,0,spy2,0.823061,train,42,weighted,False
ISPY2-920479_z018,ISPY2-920479,3,0,spy2,0.82099015,train,42,weighted,False
ISPY2-920479_z019,ISPY2-920479,3,0,spy2,0.82523274,train,42,weighted,False
ISPY2-920479_z020,ISPY2-920479,3,0,spy2,0.8194977,train,42,weighted,False
ISPY2-920479_z021,ISPY2-920479,3,0,spy2,0.820425,train,42,weighted,False
ISPY2-920479_z022,ISPY2-920479,3,0,spy2,0.8207591,train,42,weighted,False
ISPY2-920479_z023,ISPY2-920479,3,0,spy2,0.82429516,train,42,weighted,False
ISPY2-920479_z024,ISPY2-920479,3,0,spy2,0.83201647,train,42,weighted,False
ISPY2-920479_z025,ISPY2-920479,3,0,spy2,0.8349336,train,42,weighted,False
ISPY2-920479_z026,ISPY2-920479,3,0,spy2,0.83921236,train,42,weighted,False
ACRIN-6698-335536_z005,ACRIN-6698-335536,3,0,spy2,0.28275412,train,42,weighted,False
ACRIN-6698-335536_z007,ACRIN-6698-335536,3,0,spy2,0.28839627,train,42,weighted,False
ACRIN-6698-335536_z008,ACRIN-6698-335536,3,0,spy2,0.28819585,train,42,weighted,False
ACRIN-6698-335536_z009,ACRIN-6698-335536,3,0,spy2,0.27994686,train,42,weighted,False
ACRIN-6698-335536_z010,ACRIN-6698-335536,3,0,spy2,0.30094433,train,42,weighted,False
ACRIN-6698-335536_z011,ACRIN-6698-335536,3,0,spy2,0.3030959,train,42,weighted,False
ACRIN-6698-335536_z012,ACRIN-6698-335536,3,0,spy2,0.3019718,train,42,weighted,False
ACRIN-6698-335536_z013,ACRIN-6698-335536,3,0,spy2,0.3018994,train,42,weighted,False
ACRIN-6698-335536_z014,ACRIN-6698-335536,3,0,spy2,0.3026518,train,42,weighted,False
ACRIN-6698-335536_z015,ACRIN-6698-335536,3,0,spy2,0.30198494,train,42,weighted,False
ISPY2-520258_z009,ISPY2-520258,3,0,spy2,0.34244657,train,42,weighted,False
ISPY2-520258_z010,ISPY2-520258,3,0,spy2,0.34098324,train,42,weighted,False
ISPY2-520258_z011,ISPY2-520258,3,0,spy2,0.34026763,train,42,weighted,False
ISPY2-520258_z012,ISPY2-520258,3,0,spy2,0.3331029,train,42,weighted,False
ISPY2-520258_z013,ISPY2-520258,3,0,spy2,0.3360676,train,42,weighted,False
ISPY2-520258_z014,ISPY2-520258,3,0,spy2,0.3408597,train,42,weighted,False
ISPY2-520258_z015,ISPY2-520258,3,0,spy2,0.34285435,train,42,weighted,False
ISPY2-520258_z016,ISPY2-520258,3,0,spy2,0.34418133,train,42,weighted,False
ISPY2-520258_z017,ISPY2-520258,3,0,spy2,0.3455271,train,42,weighted,False
ISPY2-520258_z018,ISPY2-520258,3,0,spy2,0.34938434,train,42,weighted,False
ISPY2-896621_z030,ISPY2-896621,3,0,spy2,0.21871775,train,42,weighted,False
ISPY2-896621_z031,ISPY2-896621,3,0,spy2,0.22532807,train,42,weighted,False
ISPY2-896621_z032,ISPY2-896621,3,0,spy2,0.22505625,train,42,weighted,False
ISPY2-896621_z033,ISPY2-896621,3,0,spy2,0.22936037,train,42,weighted,False
ISPY2-896621_z034,ISPY2-896621,3,0,spy2,0.23715916,train,42,weighted,False
ISPY2-896621_z035,ISPY2-896621,3,0,spy2,0.23233089,train,42,weighted,False
ISPY2-896621_z037,ISPY2-896621,3,0,spy2,0.24237953,train,42,weighted,False
ISPY2-896621_z039,ISPY2-896621,3,0,spy2,0.22894697,train,42,weighted,False
ISPY2-896621_z041,ISPY2-896621,3,0,spy2,0.25029278,train,42,weighted,False
ISPY2-896621_z042,ISPY2-896621,3,0,spy2,0.26521915,train,42,weighted,False
ISPY2-567907_z015,ISPY2-567907,3,0,spy2,0.27923706,train,42,weighted,False
ISPY2-567907_z017,ISPY2-567907,3,0,spy2,0.2770818,train,42,weighted,False
ISPY2-567907_z018,ISPY2-567907,3,0,spy2,0.27769524,train,42,weighted,False
ISPY2-567907_z019,ISPY2-567907,3,0,spy2,0.28401586,train,42,weighted,False
ISPY2-567907_z020,ISPY2-567907,3,0,spy2,0.28440177,train,42,weighted,False
ISPY2-567907_z021,ISPY2-567907,3,0,spy2,0.2852233,train,42,weighted,False
ISPY2-567907_z022,ISPY2-567907,3,0,spy2,0.28637254,train,42,weighted,False
ISPY2-567907_z023,ISPY2-567907,3,0,spy2,0.2869289,train,42,weighted,False
ISPY2-567907_z024,ISPY2-567907,3,0,spy2,0.28700465,train,42,weighted,False
ISPY2-567907_z025,ISPY2-567907,3,0,spy2,0.2875326,train,42,weighted,False
ISPY2-983841_z010,ISPY2-983841,3,1,spy2,0.65730727,train,42,weighted,False
ISPY2-983841_z011,ISPY2-983841,3,1,spy2,0.6570584,train,42,weighted,False
ISPY2-983841_z012,ISPY2-983841,3,1,spy2,0.6564862,train,42,weighted,False
ISPY2-983841_z013,ISPY2-983841,3,1,spy2,0.6550201,train,42,weighted,False
ISPY2-983841_z014,ISPY2-983841,3,1,spy2,0.6529523,train,42,weighted,False
ISPY2-983841_z015,ISPY2-983841,3,1,spy2,0.65050286,train,42,weighted,False
ISPY2-983841_z016,ISPY2-983841,3,1,spy2,0.6524386,train,42,weighted,False
ISPY2-983841_z017,ISPY2-983841,3,1,spy2,0.6542301,train,42,weighted,False
ISPY2-983841_z018,ISPY2-983841,3,1,spy2,0.6541335,train,42,weighted,False
ISPY2-983841_z019,ISPY2-983841,3,1,spy2,0.6532832,train,42,weighted,False
ACRIN-6698-856159_z004,ACRIN-6698-856159,3,0,spy2,0.674375,train,42,weighted,False
ACRIN-6698-856159_z005,ACRIN-6698-856159,3,0,spy2,0.6646389,train,42,weighted,False
ACRIN-6698-856159_z006,ACRIN-6698-856159,3,0,spy2,0.6425904,train,42,weighted,False
ACRIN-6698-856159_z007,ACRIN-6698-856159,3,0,spy2,0.6112771,train,42,weighted,False
ACRIN-6698-856159_z008,ACRIN-6698-856159,3,0,spy2,0.59369344,train,42,weighted,False
ACRIN-6698-856159_z009,ACRIN-6698-856159,3,0,spy2,0.6187146,train,42,weighted,False
ACRIN-6698-856159_z010,ACRIN-6698-856159,3,0,spy2,0.6758784,train,42,weighted,False
ACRIN-6698-856159_z011,ACRIN-6698-856159,3,0,spy2,0.6887573,train,42,weighted,False
ACRIN-6698-856159_z012,ACRIN-6698-856159,3,0,spy2,0.68920636,train,42,weighted,False
ACRIN-6698-856159_z013,ACRIN-6698-856159,3,0,spy2,0.6907485,train,42,weighted,False
ISPY2-934906_z018,ISPY2-934906,3,0,spy2,0.6103224,train,42,weighted,False
ISPY2-934906_z019,ISPY2-934906,3,0,spy2,0.6104538,train,42,weighted,False
ISPY2-934906_z020,ISPY2-934906,3,0,spy2,0.6112256,train,42,weighted,False
ISPY2-934906_z021,ISPY2-934906,3,0,spy2,0.6129517,train,42,weighted,False
ISPY2-934906_z024,ISPY2-934906,3,0,spy2,0.60951966,train,42,weighted,False
ISPY2-934906_z025,ISPY2-934906,3,0,spy2,0.611375,train,42,weighted,False
ISPY2-934906_z026,ISPY2-934906,3,0,spy2,0.6136137,train,42,weighted,False
ISPY2-934906_z027,ISPY2-934906,3,0,spy2,0.6139364,train,42,weighted,False
ISPY2-934906_z028,ISPY2-934906,3,0,spy2,0.6138993,train,42,weighted,False
ISPY2-934906_z029,ISPY2-934906,3,0,spy2,0.6136699,train,42,weighted,False
ISPY2-815493_z012,ISPY2-815493,3,1,spy2,0.6760983,train,42,weighted,False
ISPY2-815493_z013,ISPY2-815493,3,1,spy2,0.6784755,train,42,weighted,False
ISPY2-815493_z014,ISPY2-815493,3,1,spy2,0.6763828,train,42,weighted,False
ISPY2-815493_z015,ISPY2-815493,3,1,spy2,0.6764668,train,42,weighted,False
ISPY2-815493_z016,ISPY2-815493,3,1,spy2,0.6728403,train,42,weighted,False
ISPY2-815493_z017,ISPY2-815493,3,1,spy2,0.6701805,train,42,weighted,False
ISPY2-815493_z018,ISPY2-815493,3,1,spy2,0.6711007,train,42,weighted,False
ISPY2-815493_z019,ISPY2-815493,3,1,spy2,0.6689834,train,42,weighted,False
ISPY2-815493_z020,ISPY2-815493,3,1,spy2,0.67077976,train,42,weighted,False
ISPY2-815493_z021,ISPY2-815493,3,1,spy2,0.6704956,train,42,weighted,False
ISPY2-597253_z031,ISPY2-597253,3,0,spy2,0.20607834,train,42,weighted,False
ISPY2-597253_z032,ISPY2-597253,3,0,spy2,0.20163931,train,42,weighted,False
ISPY2-597253_z035,ISPY2-597253,3,0,spy2,0.17988025,train,42,weighted,False
ISPY2-597253_z036,ISPY2-597253,3,0,spy2,0.1869678,train,42,weighted,False
ISPY2-597253_z037,ISPY2-597253,3,0,spy2,0.19478291,train,42,weighted,False
ISPY2-597253_z038,ISPY2-597253,3,0,spy2,0.18775272,train,42,weighted,False
ISPY2-597253_z039,ISPY2-597253,3,0,spy2,0.18873216,train,42,weighted,False
ISPY2-597253_z041,ISPY2-597253,3,0,spy2,0.18876286,train,42,weighted,False
ISPY2-597253_z042,ISPY2-597253,3,0,spy2,0.19222632,train,42,weighted,False
ISPY2-597253_z043,ISPY2-597253,3,0,spy2,0.19691603,train,42,weighted,False
ISPY2-136536_z004,ISPY2-136536,3,1,spy2,0.7535897,train,42,weighted,False
ISPY2-136536_z005,ISPY2-136536,3,1,spy2,0.74981034,train,42,weighted,False
ISPY2-136536_z006,ISPY2-136536,3,1,spy2,0.74359775,train,42,weighted,False
ISPY2-136536_z007,ISPY2-136536,3,1,spy2,0.74122995,train,42,weighted,False
ISPY2-136536_z008,ISPY2-136536,3,1,spy2,0.7390009,train,42,weighted,False
ISPY2-136536_z009,ISPY2-136536,3,1,spy2,0.73988557,train,42,weighted,False
ISPY2-136536_z010,ISPY2-136536,3,1,spy2,0.73956776,train,42,weighted,False
ISPY2-136536_z011,ISPY2-136536,3,1,spy2,0.73788345,train,42,weighted,False
ISPY2-136536_z012,ISPY2-136536,3,1,spy2,0.75092095,train,42,weighted,False
ISPY2-136536_z013,ISPY2-136536,3,1,spy2,0.754873,train,42,weighted,False
ISPY2-157463_z026,ISPY2-157463,3,0,spy2,0.33542094,train,42,weighted,False
ISPY2-157463_z027,ISPY2-157463,3,0,spy2,0.33409062,train,42,weighted,False
ISPY2-157463_z039,ISPY2-157463,3,0,spy2,0.3319278,train,42,weighted,False
ISPY2-157463_z040,ISPY2-157463,3,0,spy2,0.31785882,train,42,weighted,False
ISPY2-157463_z041,ISPY2-157463,3,0,spy2,0.3233254,train,42,weighted,False
ISPY2-157463_z042,ISPY2-157463,3,0,spy2,0.3375388,train,42,weighted,False
ISPY2-157463_z043,ISPY2-157463,3,0,spy2,0.34093586,train,42,weighted,False
ISPY2-157463_z044,ISPY2-157463,3,0,spy2,0.33875653,train,42,weighted,False
ISPY2-157463_z045,ISPY2-157463,3,0,spy2,0.33695364,train,42,weighted,False
ISPY2-157463_z046,ISPY2-157463,3,0,spy2,0.34341684,train,42,weighted,False
ISPY2-709559_z010,ISPY2-709559,3,0,spy2,0.26190135,train,42,weighted,False
ISPY2-709559_z011,ISPY2-709559,3,0,spy2,0.2643739,train,42,weighted,False
ISPY2-709559_z012,ISPY2-709559,3,0,spy2,0.2618595,train,42,weighted,False
ISPY2-709559_z013,ISPY2-709559,3,0,spy2,0.26146898,train,42,weighted,False
ISPY2-709559_z014,ISPY2-709559,3,0,spy2,0.25887904,train,42,weighted,False
ISPY2-709559_z015,ISPY2-709559,3,0,spy2,0.25688803,train,42,weighted,False
ISPY2-709559_z016,ISPY2-709559,3,0,spy2,0.25756645,train,42,weighted,False
ISPY2-709559_z017,ISPY2-709559,3,0,spy2,0.25942454,train,42,weighted,False
ISPY2-709559_z018,ISPY2-709559,3,0,spy2,0.2639173,train,42,weighted,False
ISPY2-709559_z019,ISPY2-709559,3,0,spy2,0.26935077,train,42,weighted,False
ACRIN-6698-284443_z021,ACRIN-6698-284443,3,0,spy2,0.5303584,train,42,weighted,False
ACRIN-6698-284443_z022,ACRIN-6698-284443,3,0,spy2,0.5302839,train,42,weighted,False
ACRIN-6698-284443_z023,ACRIN-6698-284443,3,0,spy2,0.5303811,train,42,weighted,False
ACRIN-6698-284443_z024,ACRIN-6698-284443,3,0,spy2,0.5305766,train,42,weighted,False
ACRIN-6698-284443_z025,ACRIN-6698-284443,3,0,spy2,0.5310816,train,42,weighted,False
ACRIN-6698-284443_z026,ACRIN-6698-284443,3,0,spy2,0.53135407,train,42,weighted,False
ACRIN-6698-284443_z027,ACRIN-6698-284443,3,0,spy2,0.53144324,train,42,weighted,False
ACRIN-6698-284443_z029,ACRIN-6698-284443,3,0,spy2,0.5309756,train,42,weighted,False
ACRIN-6698-284443_z030,ACRIN-6698-284443,3,0,spy2,0.5307388,train,42,weighted,False
ACRIN-6698-284443_z034,ACRIN-6698-284443,3,0,spy2,0.5292294,train,42,weighted,False
ACRIN-6698-144302_z006,ACRIN-6698-144302,3,0,spy2,0.6674937,train,42,weighted,False
ACRIN-6698-144302_z007,ACRIN-6698-144302,3,0,spy2,0.67051494,train,42,weighted,False
ACRIN-6698-144302_z008,ACRIN-6698-144302,3,0,spy2,0.67246217,train,42,weighted,False
ACRIN-6698-144302_z009,ACRIN-6698-144302,3,0,spy2,0.67102283,train,42,weighted,False
ACRIN-6698-144302_z010,ACRIN-6698-144302,3,0,spy2,0.67239535,train,42,weighted,False
ACRIN-6698-144302_z011,ACRIN-6698-144302,3,0,spy2,0.6744394,train,42,weighted,False
ACRIN-6698-144302_z012,ACRIN-6698-144302,3,0,spy2,0.67500114,train,42,weighted,False
ACRIN-6698-144302_z013,ACRIN-6698-144302,3,0,spy2,0.67444974,train,42,weighted,False
ACRIN-6698-144302_z014,ACRIN-6698-144302,3,0,spy2,0.6785611,train,42,weighted,False
ACRIN-6698-144302_z015,ACRIN-6698-144302,3,0,spy2,0.6792398,train,42,weighted,False
ISPY2-809649_z002,ISPY2-809649,3,1,spy2,0.87354964,train,42,weighted,False
ISPY2-809649_z003,ISPY2-809649,3,1,spy2,0.8735822,train,42,weighted,False
ISPY2-809649_z004,ISPY2-809649,3,1,spy2,0.87364995,train,42,weighted,False
ISPY2-809649_z005,ISPY2-809649,3,1,spy2,0.8737246,train,42,weighted,False
ISPY2-809649_z006,ISPY2-809649,3,1,spy2,0.8737347,train,42,weighted,False
ISPY2-809649_z007,ISPY2-809649,3,1,spy2,0.8736235,train,42,weighted,False
ISPY2-809649_z008,ISPY2-809649,3,1,spy2,0.8735225,train,42,weighted,False
ISPY2-809649_z009,ISPY2-809649,3,1,spy2,0.87340736,train,42,weighted,False
ISPY2-809649_z010,ISPY2-809649,3,1,spy2,0.8736698,train,42,weighted,False
ISPY2-809649_z011,ISPY2-809649,3,1,spy2,0.8735962,train,42,weighted,False
ISPY2-220664_z022,ISPY2-220664,3,1,spy2,0.56989,train,42,weighted,False
ISPY2-220664_z023,ISPY2-220664,3,1,spy2,0.57357997,train,42,weighted,False
ISPY2-220664_z024,ISPY2-220664,3,1,spy2,0.57028687,train,42,weighted,False
ISPY2-220664_z025,ISPY2-220664,3,1,spy2,0.57145613,train,42,weighted,False
ISPY2-220664_z026,ISPY2-220664,3,1,spy2,0.570411,train,42,weighted,False
ISPY2-220664_z027,ISPY2-220664,3,1,spy2,0.5624994,train,42,weighted,False
ISPY2-220664_z028,ISPY2-220664,3,1,spy2,0.5614259,train,42,weighted,False
ISPY2-220664_z029,ISPY2-220664,3,1,spy2,0.5602357,train,42,weighted,False
ISPY2-220664_z030,ISPY2-220664,3,1,spy2,0.551967,train,42,weighted,False
ISPY2-220664_z031,ISPY2-220664,3,1,spy2,0.56151485,train,42,weighted,False
ISPY2-697871_z016,ISPY2-697871,3,1,spy2,0.6630694,train,42,weighted,False
ISPY2-697871_z017,ISPY2-697871,3,1,spy2,0.66309696,train,42,weighted,False
ISPY2-697871_z018,ISPY2-697871,3,1,spy2,0.66288245,train,42,weighted,False
ISPY2-697871_z019,ISPY2-697871,3,1,spy2,0.66268027,train,42,weighted,False
ISPY2-697871_z020,ISPY2-697871,3,1,spy2,0.66289616,train,42,weighted,False
ISPY2-697871_z021,ISPY2-697871,3,1,spy2,0.66333807,train,42,weighted,False
ISPY2-697871_z022,ISPY2-697871,3,1,spy2,0.66362286,train,42,weighted,False
ISPY2-697871_z023,ISPY2-697871,3,1,spy2,0.6630055,train,42,weighted,False
ISPY2-697871_z024,ISPY2-697871,3,1,spy2,0.66320574,train,42,weighted,False
ISPY2-697871_z025,ISPY2-697871,3,1,spy2,0.6636965,train,42,weighted,False
ACRIN-6698-435279_z016,ACRIN-6698-435279,3,0,spy2,0.23100881,train,42,weighted,False
ACRIN-6698-435279_z017,ACRIN-6698-435279,3,0,spy2,0.21850145,train,42,weighted,False
ACRIN-6698-435279_z018,ACRIN-6698-435279,3,0,spy2,0.2341495,train,42,weighted,False
ACRIN-6698-435279_z019,ACRIN-6698-435279,3,0,spy2,0.24663892,train,42,weighted,False
ACRIN-6698-435279_z025,ACRIN-6698-435279,3,0,spy2,0.25623062,train,42,weighted,False
ACRIN-6698-435279_z029,ACRIN-6698-435279,3,0,spy2,0.25768563,train,42,weighted,False
ACRIN-6698-435279_z030,ACRIN-6698-435279,3,0,spy2,0.25758597,train,42,weighted,False
ACRIN-6698-435279_z031,ACRIN-6698-435279,3,0,spy2,0.25956735,train,42,weighted,False
ACRIN-6698-435279_z032,ACRIN-6698-435279,3,0,spy2,0.2646239,train,42,weighted,False
ACRIN-6698-435279_z033,ACRIN-6698-435279,3,0,spy2,0.26523155,train,42,weighted,False
ISPY2-536253_z009,ISPY2-536253,3,1,spy2,0.523464,train,42,weighted,False
ISPY2-536253_z010,ISPY2-536253,3,1,spy2,0.51736623,train,42,weighted,False
ISPY2-536253_z011,ISPY2-536253,3,1,spy2,0.51320165,train,42,weighted,False
ISPY2-536253_z012,ISPY2-536253,3,1,spy2,0.50863904,train,42,weighted,False
ISPY2-536253_z013,ISPY2-536253,3,1,spy2,0.52629167,train,42,weighted,False
ISPY2-536253_z014,ISPY2-536253,3,1,spy2,0.5488257,train,42,weighted,False
ISPY2-536253_z015,ISPY2-536253,3,1,spy2,0.5621455,train,42,weighted,False
ISPY2-536253_z016,ISPY2-536253,3,1,spy2,0.5583676,train,42,weighted,False
ISPY2-536253_z017,ISPY2-536253,3,1,spy2,0.54847986,train,42,weighted,False
ISPY2-536253_z018,ISPY2-536253,3,1,spy2,0.53837126,train,42,weighted,False
ACRIN-6698-875089_z021,ACRIN-6698-875089,3,0,spy2,0.6709542,train,42,weighted,False
ACRIN-6698-875089_z022,ACRIN-6698-875089,3,0,spy2,0.6694274,train,42,weighted,False
ACRIN-6698-875089_z023,ACRIN-6698-875089,3,0,spy2,0.66990733,train,42,weighted,False
ACRIN-6698-875089_z024,ACRIN-6698-875089,3,0,spy2,0.671563,train,42,weighted,False
ACRIN-6698-875089_z025,ACRIN-6698-875089,3,0,spy2,0.673039,train,42,weighted,False
ACRIN-6698-875089_z026,ACRIN-6698-875089,3,0,spy2,0.67313635,train,42,weighted,False
ACRIN-6698-875089_z027,ACRIN-6698-875089,3,0,spy2,0.67275184,train,42,weighted,False
ACRIN-6698-875089_z033,ACRIN-6698-875089,3,0,spy2,0.6748742,train,42,weighted,False
ACRIN-6698-875089_z034,ACRIN-6698-875089,3,0,spy2,0.67721087,train,42,weighted,False
ACRIN-6698-875089_z035,ACRIN-6698-875089,3,0,spy2,0.67797834,train,42,weighted,False
ISPY2-889049_z018,ISPY2-889049,3,0,spy2,0.83062065,train,42,weighted,False
ISPY2-889049_z019,ISPY2-889049,3,0,spy2,0.8299872,train,42,weighted,False
ISPY2-889049_z020,ISPY2-889049,3,0,spy2,0.8300189,train,42,weighted,False
ISPY2-889049_z021,ISPY2-889049,3,0,spy2,0.83067346,train,42,weighted,False
ISPY2-889049_z022,ISPY2-889049,3,0,spy2,0.83089566,train,42,weighted,False
ISPY2-889049_z023,ISPY2-889049,3,0,spy2,0.8308511,train,42,weighted,False
ISPY2-889049_z024,ISPY2-889049,3,0,spy2,0.8308827,train,42,weighted,False
ISPY2-889049_z025,ISPY2-889049,3,0,spy2,0.8313858,train,42,weighted,False
ISPY2-889049_z026,ISPY2-889049,3,0,spy2,0.83152056,train,42,weighted,False
ISPY2-889049_z027,ISPY2-889049,3,0,spy2,0.8313528,train,42,weighted,False
ISPY2-406190_z017,ISPY2-406190,3,0,spy2,0.30588317,train,42,weighted,False
ISPY2-406190_z019,ISPY2-406190,3,0,spy2,0.29659495,train,42,weighted,False
ISPY2-406190_z022,ISPY2-406190,3,0,spy2,0.2922476,train,42,weighted,False
ISPY2-406190_z023,ISPY2-406190,3,0,spy2,0.2860723,train,42,weighted,False
ISPY2-406190_z024,ISPY2-406190,3,0,spy2,0.28912914,train,42,weighted,False
ISPY2-406190_z025,ISPY2-406190,3,0,spy2,0.28185946,train,42,weighted,False
ISPY2-406190_z026,ISPY2-406190,3,0,spy2,0.26700613,train,42,weighted,False
ISPY2-406190_z027,ISPY2-406190,3,0,spy2,0.2518038,train,42,weighted,False
ISPY2-406190_z033,ISPY2-406190,3,0,spy2,0.30974397,train,42,weighted,False
ISPY2-406190_z034,ISPY2-406190,3,0,spy2,0.35077915,train,42,weighted,False
ACRIN-6698-213913_z010,ACRIN-6698-213913,3,1,spy2,0.7270795,train,42,weighted,False
ACRIN-6698-213913_z011,ACRIN-6698-213913,3,1,spy2,0.7209739,train,42,weighted,False
ACRIN-6698-213913_z012,ACRIN-6698-213913,3,1,spy2,0.711696,train,42,weighted,False
ACRIN-6698-213913_z013,ACRIN-6698-213913,3,1,spy2,0.7015795,train,42,weighted,False
ACRIN-6698-213913_z014,ACRIN-6698-213913,3,1,spy2,0.71020705,train,42,weighted,False
ACRIN-6698-213913_z015,ACRIN-6698-213913,3,1,spy2,0.7146043,train,42,weighted,False
ACRIN-6698-213913_z016,ACRIN-6698-213913,3,1,spy2,0.70922023,train,42,weighted,False
ACRIN-6698-213913_z017,ACRIN-6698-213913,3,1,spy2,0.7046129,train,42,weighted,False
ACRIN-6698-213913_z018,ACRIN-6698-213913,3,1,spy2,0.69890887,train,42,weighted,False
ACRIN-6698-213913_z019,ACRIN-6698-213913,3,1,spy2,0.70253676,train,42,weighted,False
ISPY2-472799_z019,ISPY2-472799,3,1,spy2,0.7872337,train,42,weighted,False
ISPY2-472799_z020,ISPY2-472799,3,1,spy2,0.7860387,train,42,weighted,False
ISPY2-472799_z021,ISPY2-472799,3,1,spy2,0.78562385,train,42,weighted,False
ISPY2-472799_z022,ISPY2-472799,3,1,spy2,0.78749806,train,42,weighted,False
ISPY2-472799_z023,ISPY2-472799,3,1,spy2,0.7895789,train,42,weighted,False
ISPY2-472799_z024,ISPY2-472799,3,1,spy2,0.7914191,train,42,weighted,False
ISPY2-472799_z025,ISPY2-472799,3,1,spy2,0.7894289,train,42,weighted,False
ISPY2-472799_z026,ISPY2-472799,3,1,spy2,0.7871941,train,42,weighted,False
ISPY2-472799_z027,ISPY2-472799,3,1,spy2,0.7869786,train,42,weighted,False
ISPY2-472799_z028,ISPY2-472799,3,1,spy2,0.78899556,train,42,weighted,False
ISPY2-382853_z014,ISPY2-382853,3,1,spy2,0.8310588,train,42,weighted,False
ISPY2-382853_z015,ISPY2-382853,3,1,spy2,0.82977545,train,42,weighted,False
ISPY2-382853_z016,ISPY2-382853,3,1,spy2,0.82921857,train,42,weighted,False
ISPY2-382853_z017,ISPY2-382853,3,1,spy2,0.82936513,train,42,weighted,False
ISPY2-382853_z018,ISPY2-382853,3,1,spy2,0.8296891,train,42,weighted,False
ISPY2-382853_z019,ISPY2-382853,3,1,spy2,0.830174,train,42,weighted,False
ISPY2-382853_z020,ISPY2-382853,3,1,spy2,0.8297868,train,42,weighted,False
ISPY2-382853_z021,ISPY2-382853,3,1,spy2,0.823412,train,42,weighted,False
ISPY2-382853_z023,ISPY2-382853,3,1,spy2,0.82799935,train,42,weighted,False
ISPY2-382853_z024,ISPY2-382853,3,1,spy2,0.82853156,train,42,weighted,False
ISPY2-631337_z059,ISPY2-631337,3,0,spy2,0.22179912,train,42,weighted,False
ISPY2-631337_z060,ISPY2-631337,3,0,spy2,0.22303073,train,42,weighted,False
ISPY2-631337_z061,ISPY2-631337,3,0,spy2,0.2231484,train,42,weighted,False
ISPY2-631337_z062,ISPY2-631337,3,0,spy2,0.22371162,train,42,weighted,False
ISPY2-631337_z063,ISPY2-631337,3,0,spy2,0.22383082,train,42,weighted,False
ISPY2-631337_z064,ISPY2-631337,3,0,spy2,0.22370905,train,42,weighted,False
ISPY2-631337_z065,ISPY2-631337,3,0,spy2,0.22331865,train,42,weighted,False
ISPY2-631337_z066,ISPY2-631337,3,0,spy2,0.22339559,train,42,weighted,False
ISPY2-631337_z067,ISPY2-631337,3,0,spy2,0.22362642,train,42,weighted,False
ISPY2-631337_z068,ISPY2-631337,3,0,spy2,0.2225136,train,42,weighted,False
ACRIN-6698-516763_z020,ACRIN-6698-516763,3,1,spy2,0.72107774,train,42,weighted,False
ACRIN-6698-516763_z021,ACRIN-6698-516763,3,1,spy2,0.7232441,train,42,weighted,False
ACRIN-6698-516763_z022,ACRIN-6698-516763,3,1,spy2,0.72597915,train,42,weighted,False
ACRIN-6698-516763_z023,ACRIN-6698-516763,3,1,spy2,0.7258951,train,42,weighted,False
ACRIN-6698-516763_z024,ACRIN-6698-516763,3,1,spy2,0.725844,train,42,weighted,False
ACRIN-6698-516763_z025,ACRIN-6698-516763,3,1,spy2,0.7260517,train,42,weighted,False
ACRIN-6698-516763_z026,ACRIN-6698-516763,3,1,spy2,0.72660357,train,42,weighted,False
ACRIN-6698-516763_z027,ACRIN-6698-516763,3,1,spy2,0.7270037,train,42,weighted,False
ACRIN-6698-516763_z028,ACRIN-6698-516763,3,1,spy2,0.727527,train,42,weighted,False
ACRIN-6698-516763_z029,ACRIN-6698-516763,3,1,spy2,0.7272848,train,42,weighted,False
ISPY2-685182_z006,ISPY2-685182,3,1,spy2,0.6421567,train,42,weighted,False
ISPY2-685182_z007,ISPY2-685182,3,1,spy2,0.6425225,train,42,weighted,False
ISPY2-685182_z008,ISPY2-685182,3,1,spy2,0.64401805,train,42,weighted,False
ISPY2-685182_z009,ISPY2-685182,3,1,spy2,0.644514,train,42,weighted,False
ISPY2-685182_z010,ISPY2-685182,3,1,spy2,0.6460522,train,42,weighted,False
ISPY2-685182_z011,ISPY2-685182,3,1,spy2,0.64590514,train,42,weighted,False
ISPY2-685182_z012,ISPY2-685182,3,1,spy2,0.6463711,train,42,weighted,False
ISPY2-685182_z013,ISPY2-685182,3,1,spy2,0.6469743,train,42,weighted,False
ISPY2-685182_z014,ISPY2-685182,3,1,spy2,0.64698577,train,42,weighted,False
ISPY2-685182_z015,ISPY2-685182,3,1,spy2,0.6468602,train,42,weighted,False
ISPY2-174904_z023,ISPY2-174904,3,0,spy2,0.38509372,train,42,weighted,False
ISPY2-174904_z024,ISPY2-174904,3,0,spy2,0.38462245,train,42,weighted,False
ISPY2-174904_z025,ISPY2-174904,3,0,spy2,0.38647726,train,42,weighted,False
ISPY2-174904_z026,ISPY2-174904,3,0,spy2,0.3861458,train,42,weighted,False
ISPY2-174904_z027,ISPY2-174904,3,0,spy2,0.38462394,train,42,weighted,False
ISPY2-174904_z028,ISPY2-174904,3,0,spy2,0.38533014,train,42,weighted,False
ISPY2-174904_z029,ISPY2-174904,3,0,spy2,0.38514754,train,42,weighted,False
ISPY2-174904_z030,ISPY2-174904,3,0,spy2,0.38424295,train,42,weighted,False
ISPY2-174904_z031,ISPY2-174904,3,0,spy2,0.38599655,train,42,weighted,False
ISPY2-174904_z032,ISPY2-174904,3,0,spy2,0.3859539,train,42,weighted,False
ISPY2-916645_z005,ISPY2-916645,3,1,spy2,0.23152992,train,42,weighted,False
ISPY2-916645_z006,ISPY2-916645,3,1,spy2,0.21926081,train,42,weighted,False
ISPY2-916645_z007,ISPY2-916645,3,1,spy2,0.20163287,train,42,weighted,False
ISPY2-916645_z008,ISPY2-916645,3,1,spy2,0.19787316,train,42,weighted,False
ISPY2-916645_z009,ISPY2-916645,3,1,spy2,0.17135444,train,42,weighted,False
ISPY2-916645_z010,ISPY2-916645,3,1,spy2,0.13243264,train,42,weighted,False
ISPY2-916645_z011,ISPY2-916645,3,1,spy2,0.10330689,train,42,weighted,False
ISPY2-916645_z012,ISPY2-916645,3,1,spy2,0.09114813,train,42,weighted,False
ISPY2-916645_z013,ISPY2-916645,3,1,spy2,0.07755574,train,42,weighted,False
ISPY2-916645_z014,ISPY2-916645,3,1,spy2,0.06378881,train,42,weighted,False
ACRIN-6698-172366_z007,ACRIN-6698-172366,3,1,spy2,0.54402196,train,42,weighted,False
ACRIN-6698-172366_z008,ACRIN-6698-172366,3,1,spy2,0.5476021,train,42,weighted,False
ACRIN-6698-172366_z009,ACRIN-6698-172366,3,1,spy2,0.55150956,train,42,weighted,False
ACRIN-6698-172366_z010,ACRIN-6698-172366,3,1,spy2,0.5523747,train,42,weighted,False
ACRIN-6698-172366_z011,ACRIN-6698-172366,3,1,spy2,0.5512368,train,42,weighted,False
ACRIN-6698-172366_z012,ACRIN-6698-172366,3,1,spy2,0.5524921,train,42,weighted,False
ACRIN-6698-172366_z013,ACRIN-6698-172366,3,1,spy2,0.55321586,train,42,weighted,False
ACRIN-6698-172366_z014,ACRIN-6698-172366,3,1,spy2,0.55276597,train,42,weighted,False
ACRIN-6698-172366_z015,ACRIN-6698-172366,3,1,spy2,0.5516258,train,42,weighted,False
ACRIN-6698-172366_z016,ACRIN-6698-172366,3,1,spy2,0.5521506,train,42,weighted,False
ISPY2-201873_z061,ISPY2-201873,3,1,spy2,0.37049532,train,42,weighted,False
ISPY2-201873_z062,ISPY2-201873,3,1,spy2,0.37173364,train,42,weighted,False
ISPY2-201873_z063,ISPY2-201873,3,1,spy2,0.3731098,train,42,weighted,False
ISPY2-201873_z064,ISPY2-201873,3,1,spy2,0.3733208,train,42,weighted,False
ISPY2-201873_z065,ISPY2-201873,3,1,spy2,0.3724047,train,42,weighted,False
ISPY2-201873_z070,ISPY2-201873,3,1,spy2,0.3761466,train,42,weighted,False
ISPY2-201873_z071,ISPY2-201873,3,1,spy2,0.37569556,train,42,weighted,False
ISPY2-201873_z072,ISPY2-201873,3,1,spy2,0.37597734,train,42,weighted,False
ISPY2-201873_z073,ISPY2-201873,3,1,spy2,0.37464172,train,42,weighted,False
ISPY2-201873_z074,ISPY2-201873,3,1,spy2,0.37261802,train,42,weighted,False
ACRIN-6698-655128_z008,ACRIN-6698-655128,3,0,spy2,0.31711817,train,42,weighted,False
ACRIN-6698-655128_z009,ACRIN-6698-655128,3,0,spy2,0.3235027,train,42,weighted,False
ACRIN-6698-655128_z010,ACRIN-6698-655128,3,0,spy2,0.3367309,train,42,weighted,False
ACRIN-6698-655128_z011,ACRIN-6698-655128,3,0,spy2,0.33907232,train,42,weighted,False
ACRIN-6698-655128_z012,ACRIN-6698-655128,3,0,spy2,0.33994085,train,42,weighted,False
ACRIN-6698-655128_z013,ACRIN-6698-655128,3,0,spy2,0.34070277,train,42,weighted,False
ACRIN-6698-655128_z014,ACRIN-6698-655128,3,0,spy2,0.3406303,train,42,weighted,False
ACRIN-6698-655128_z015,ACRIN-6698-655128,3,0,spy2,0.34090158,train,42,weighted,False
ACRIN-6698-655128_z016,ACRIN-6698-655128,3,0,spy2,0.34138495,train,42,weighted,False
ACRIN-6698-655128_z017,ACRIN-6698-655128,3,0,spy2,0.34200463,train,42,weighted,False
ISPY2-966016_z006,ISPY2-966016,3,1,spy2,0.2642246,train,42,weighted,False
ISPY2-966016_z007,ISPY2-966016,3,1,spy2,0.26934803,train,42,weighted,False
ISPY2-966016_z008,ISPY2-966016,3,1,spy2,0.25925148,train,42,weighted,False
ISPY2-966016_z009,ISPY2-966016,3,1,spy2,0.23885296,train,42,weighted,False
ISPY2-966016_z010,ISPY2-966016,3,1,spy2,0.23524953,train,42,weighted,False
ISPY2-966016_z011,ISPY2-966016,3,1,spy2,0.23851511,train,42,weighted,False
ISPY2-966016_z012,ISPY2-966016,3,1,spy2,0.23595771,train,42,weighted,False
ISPY2-966016_z013,ISPY2-966016,3,1,spy2,0.23814993,train,42,weighted,False
ISPY2-966016_z014,ISPY2-966016,3,1,spy2,0.24502216,train,42,weighted,False
ISPY2-966016_z015,ISPY2-966016,3,1,spy2,0.24856927,train,42,weighted,False
ACRIN-6698-649198_z007,ACRIN-6698-649198,3,0,spy2,0.8113487,train,42,weighted,False
ACRIN-6698-649198_z008,ACRIN-6698-649198,3,0,spy2,0.8210735,train,42,weighted,False
ACRIN-6698-649198_z009,ACRIN-6698-649198,3,0,spy2,0.8326823,train,42,weighted,False
ACRIN-6698-649198_z010,ACRIN-6698-649198,3,0,spy2,0.8331763,train,42,weighted,False
ACRIN-6698-649198_z011,ACRIN-6698-649198,3,0,spy2,0.8332227,train,42,weighted,False
ACRIN-6698-649198_z012,ACRIN-6698-649198,3,0,spy2,0.83339655,train,42,weighted,False
ACRIN-6698-649198_z013,ACRIN-6698-649198,3,0,spy2,0.831703,train,42,weighted,False
ACRIN-6698-649198_z014,ACRIN-6698-649198,3,0,spy2,0.828219,train,42,weighted,False
ACRIN-6698-649198_z020,ACRIN-6698-649198,3,0,spy2,0.819518,train,42,weighted,False
ACRIN-6698-649198_z027,ACRIN-6698-649198,3,0,spy2,0.81902605,train,42,weighted,False
ISPY2-851488_z034,ISPY2-851488,3,0,spy2,0.13697198,train,42,weighted,False
ISPY2-851488_z035,ISPY2-851488,3,0,spy2,0.13086022,train,42,weighted,False
ISPY2-851488_z036,ISPY2-851488,3,0,spy2,0.12533134,train,42,weighted,False
ISPY2-851488_z037,ISPY2-851488,3,0,spy2,0.1231256,train,42,weighted,False
ISPY2-851488_z038,ISPY2-851488,3,0,spy2,0.11850653,train,42,weighted,False
ISPY2-851488_z039,ISPY2-851488,3,0,spy2,0.11396279,train,42,weighted,False
ISPY2-851488_z040,ISPY2-851488,3,0,spy2,0.11435159,train,42,weighted,False
ISPY2-851488_z041,ISPY2-851488,3,0,spy2,0.11141247,train,42,weighted,False
ISPY2-851488_z042,ISPY2-851488,3,0,spy2,0.111501545,train,42,weighted,False
ISPY2-851488_z043,ISPY2-851488,3,0,spy2,0.112282,train,42,weighted,False
ACRIN-6698-531988_z009,ACRIN-6698-531988,3,1,spy2,0.3514772,train,42,weighted,False
ACRIN-6698-531988_z010,ACRIN-6698-531988,3,1,spy2,0.3032144,train,42,weighted,False
ACRIN-6698-531988_z011,ACRIN-6698-531988,3,1,spy2,0.29189083,train,42,weighted,False
ACRIN-6698-531988_z012,ACRIN-6698-531988,3,1,spy2,0.3028092,train,42,weighted,False
ACRIN-6698-531988_z013,ACRIN-6698-531988,3,1,spy2,0.31157368,train,42,weighted,False
ACRIN-6698-531988_z014,ACRIN-6698-531988,3,1,spy2,0.31648076,train,42,weighted,False
ACRIN-6698-531988_z015,ACRIN-6698-531988,3,1,spy2,0.271529,train,42,weighted,False
ACRIN-6698-531988_z016,ACRIN-6698-531988,3,1,spy2,0.20430906,train,42,weighted,False
ACRIN-6698-531988_z017,ACRIN-6698-531988,3,1,spy2,0.16725424,train,42,weighted,False
ACRIN-6698-531988_z018,ACRIN-6698-531988,3,1,spy2,0.17731206,train,42,weighted,False
ISPY2-515141_z018,ISPY2-515141,3,1,spy2,0.6537171,train,42,weighted,False
ISPY2-515141_z020,ISPY2-515141,3,1,spy2,0.6296098,train,42,weighted,False
ISPY2-515141_z021,ISPY2-515141,3,1,spy2,0.64138955,train,42,weighted,False
ISPY2-515141_z022,ISPY2-515141,3,1,spy2,0.64402294,train,42,weighted,False
ISPY2-515141_z023,ISPY2-515141,3,1,spy2,0.63748646,train,42,weighted,False
ISPY2-515141_z024,ISPY2-515141,3,1,spy2,0.6250033,train,42,weighted,False
ISPY2-515141_z025,ISPY2-515141,3,1,spy2,0.6347229,train,42,weighted,False
ISPY2-515141_z026,ISPY2-515141,3,1,spy2,0.63143855,train,42,weighted,False
ISPY2-515141_z027,ISPY2-515141,3,1,spy2,0.62603664,train,42,weighted,False
ISPY2-515141_z028,ISPY2-515141,3,1,spy2,0.62876236,train,42,weighted,False
ISPY2-111004_z021,ISPY2-111004,3,0,spy2,0.1760686,train,42,weighted,False
ISPY2-111004_z022,ISPY2-111004,3,0,spy2,0.17724022,train,42,weighted,False
ISPY2-111004_z023,ISPY2-111004,3,0,spy2,0.17718914,train,42,weighted,False
ISPY2-111004_z025,ISPY2-111004,3,0,spy2,0.17553629,train,42,weighted,False
ISPY2-111004_z026,ISPY2-111004,3,0,spy2,0.17535442,train,42,weighted,False
ISPY2-111004_z027,ISPY2-111004,3,0,spy2,0.17545952,train,42,weighted,False
ISPY2-111004_z028,ISPY2-111004,3,0,spy2,0.17506152,train,42,weighted,False
ISPY2-111004_z032,ISPY2-111004,3,0,spy2,0.17412214,train,42,weighted,False
ISPY2-111004_z033,ISPY2-111004,3,0,spy2,0.17409512,train,42,weighted,False
ISPY2-111004_z034,ISPY2-111004,3,0,spy2,0.1738174,train,42,weighted,False
ISPY2-345483_z019,ISPY2-345483,3,0,spy2,0.540476,train,42,weighted,False
ISPY2-345483_z020,ISPY2-345483,3,0,spy2,0.5402954,train,42,weighted,False
ISPY2-345483_z021,ISPY2-345483,3,0,spy2,0.5400361,train,42,weighted,False
ISPY2-345483_z022,ISPY2-345483,3,0,spy2,0.53955364,train,42,weighted,False
ISPY2-345483_z023,ISPY2-345483,3,0,spy2,0.5401228,train,42,weighted,False
ISPY2-345483_z024,ISPY2-345483,3,0,spy2,0.54005444,train,42,weighted,False
ISPY2-345483_z025,ISPY2-345483,3,0,spy2,0.5411147,train,42,weighted,False
ISPY2-345483_z026,ISPY2-345483,3,0,spy2,0.54015136,train,42,weighted,False
ISPY2-345483_z027,ISPY2-345483,3,0,spy2,0.5407498,train,42,weighted,False
ISPY2-345483_z028,ISPY2-345483,3,0,spy2,0.541729,train,42,weighted,False
ACRIN-6698-820807_z012,ACRIN-6698-820807,3,1,spy2,0.21881068,train,42,weighted,False
ACRIN-6698-820807_z013,ACRIN-6698-820807,3,1,spy2,0.21891974,train,42,weighted,False
ACRIN-6698-820807_z014,ACRIN-6698-820807,3,1,spy2,0.21834393,train,42,weighted,False
ACRIN-6698-820807_z015,ACRIN-6698-820807,3,1,spy2,0.21742961,train,42,weighted,False
ACRIN-6698-820807_z016,ACRIN-6698-820807,3,1,spy2,0.21660887,train,42,weighted,False
ACRIN-6698-820807_z017,ACRIN-6698-820807,3,1,spy2,0.21799524,train,42,weighted,False
ACRIN-6698-820807_z018,ACRIN-6698-820807,3,1,spy2,0.2188229,train,42,weighted,False
ACRIN-6698-820807_z019,ACRIN-6698-820807,3,1,spy2,0.21879192,train,42,weighted,False
ACRIN-6698-820807_z020,ACRIN-6698-820807,3,1,spy2,0.21815732,train,42,weighted,False
ACRIN-6698-820807_z021,ACRIN-6698-820807,3,1,spy2,0.21709564,train,42,weighted,False
ISPY2-192548_z011,ISPY2-192548,3,0,spy2,0.2319607,train,42,weighted,False
ISPY2-192548_z012,ISPY2-192548,3,0,spy2,0.23283015,train,42,weighted,False
ISPY2-192548_z013,ISPY2-192548,3,0,spy2,0.23196831,train,42,weighted,False
ISPY2-192548_z014,ISPY2-192548,3,0,spy2,0.23197463,train,42,weighted,False
ISPY2-192548_z015,ISPY2-192548,3,0,spy2,0.23171501,train,42,weighted,False
ISPY2-192548_z016,ISPY2-192548,3,0,spy2,0.2312988,train,42,weighted,False
ISPY2-192548_z017,ISPY2-192548,3,0,spy2,0.23097634,train,42,weighted,False
ISPY2-192548_z018,ISPY2-192548,3,0,spy2,0.23145685,train,42,weighted,False
ISPY2-192548_z019,ISPY2-192548,3,0,spy2,0.23329331,train,42,weighted,False
ISPY2-192548_z020,ISPY2-192548,3,0,spy2,0.23503609,train,42,weighted,False
ISPY2-604326_z006,ISPY2-604326,3,0,spy2,0.5344255,train,42,weighted,False
ISPY2-604326_z007,ISPY2-604326,3,0,spy2,0.53478485,train,42,weighted,False
ISPY2-604326_z008,ISPY2-604326,3,0,spy2,0.5352422,train,42,weighted,False
ISPY2-604326_z009,ISPY2-604326,3,0,spy2,0.5345764,train,42,weighted,False
ISPY2-604326_z010,ISPY2-604326,3,0,spy2,0.53146404,train,42,weighted,False
ISPY2-604326_z011,ISPY2-604326,3,0,spy2,0.53375095,train,42,weighted,False
ISPY2-604326_z012,ISPY2-604326,3,0,spy2,0.53035367,train,42,weighted,False
ISPY2-604326_z013,ISPY2-604326,3,0,spy2,0.52603495,train,42,weighted,False
ISPY2-604326_z017,ISPY2-604326,3,0,spy2,0.52636856,train,42,weighted,False
ISPY2-604326_z018,ISPY2-604326,3,0,spy2,0.52970594,train,42,weighted,False
ACRIN-6698-688291_z013,ACRIN-6698-688291,3,0,spy2,0.26868197,train,42,weighted,False
ACRIN-6698-688291_z014,ACRIN-6698-688291,3,0,spy2,0.2689944,train,42,weighted,False
ACRIN-6698-688291_z015,ACRIN-6698-688291,3,0,spy2,0.2687301,train,42,weighted,False
ACRIN-6698-688291_z016,ACRIN-6698-688291,3,0,spy2,0.2675283,train,42,weighted,False
ACRIN-6698-688291_z020,ACRIN-6698-688291,3,0,spy2,0.26485455,train,42,weighted,False
ACRIN-6698-688291_z021,ACRIN-6698-688291,3,0,spy2,0.26848,train,42,weighted,False
ACRIN-6698-688291_z022,ACRIN-6698-688291,3,0,spy2,0.26837456,train,42,weighted,False
ACRIN-6698-688291_z023,ACRIN-6698-688291,3,0,spy2,0.2677218,train,42,weighted,False
ACRIN-6698-688291_z024,ACRIN-6698-688291,3,0,spy2,0.2682383,train,42,weighted,False
ACRIN-6698-688291_z025,ACRIN-6698-688291,3,0,spy2,0.26825535,train,42,weighted,False
ISPY2-349639_z020,ISPY2-349639,3,1,spy2,0.52530825,train,42,weighted,False
ISPY2-349639_z021,ISPY2-349639,3,1,spy2,0.5124976,train,42,weighted,False
ISPY2-349639_z022,ISPY2-349639,3,1,spy2,0.512811,train,42,weighted,False
ISPY2-349639_z023,ISPY2-349639,3,1,spy2,0.5199597,train,42,weighted,False
ISPY2-349639_z024,ISPY2-349639,3,1,spy2,0.5227044,train,42,weighted,False
ISPY2-349639_z025,ISPY2-349639,3,1,spy2,0.5263425,train,42,weighted,False
ISPY2-349639_z026,ISPY2-349639,3,1,spy2,0.5327113,train,42,weighted,False
ISPY2-349639_z027,ISPY2-349639,3,1,spy2,0.53171164,train,42,weighted,False
ISPY2-349639_z028,ISPY2-349639,3,1,spy2,0.52864236,train,42,weighted,False
ISPY2-349639_z029,ISPY2-349639,3,1,spy2,0.52778006,train,42,weighted,False
ISPY2-446263_z014,ISPY2-446263,3,1,spy2,0.18872571,train,42,weighted,False
ISPY2-446263_z015,ISPY2-446263,3,1,spy2,0.20816568,train,42,weighted,False
ISPY2-446263_z016,ISPY2-446263,3,1,spy2,0.2170679,train,42,weighted,False
ISPY2-446263_z017,ISPY2-446263,3,1,spy2,0.23578325,train,42,weighted,False
ISPY2-446263_z018,ISPY2-446263,3,1,spy2,0.23780301,train,42,weighted,False
ISPY2-446263_z019,ISPY2-446263,3,1,spy2,0.23564231,train,42,weighted,False
ISPY2-446263_z020,ISPY2-446263,3,1,spy2,0.20191696,train,42,weighted,False
ISPY2-446263_z021,ISPY2-446263,3,1,spy2,0.21147642,train,42,weighted,False
ISPY2-446263_z022,ISPY2-446263,3,1,spy2,0.22335528,train,42,weighted,False
ISPY2-446263_z023,ISPY2-446263,3,1,spy2,0.23501544,train,42,weighted,False
ISPY2-122795_z008,ISPY2-122795,3,0,spy2,0.6979707,train,42,weighted,False
ISPY2-122795_z009,ISPY2-122795,3,0,spy2,0.7056196,train,42,weighted,False
ISPY2-122795_z010,ISPY2-122795,3,0,spy2,0.70656157,train,42,weighted,False
ISPY2-122795_z011,ISPY2-122795,3,0,spy2,0.706409,train,42,weighted,False
ISPY2-122795_z012,ISPY2-122795,3,0,spy2,0.7055115,train,42,weighted,False
ISPY2-122795_z013,ISPY2-122795,3,0,spy2,0.7057118,train,42,weighted,False
ISPY2-122795_z014,ISPY2-122795,3,0,spy2,0.70658475,train,42,weighted,False
ISPY2-122795_z015,ISPY2-122795,3,0,spy2,0.7070188,train,42,weighted,False
ISPY2-122795_z016,ISPY2-122795,3,0,spy2,0.7070001,train,42,weighted,False
ISPY2-122795_z025,ISPY2-122795,3,0,spy2,0.7079731,train,42,weighted,False
ISPY2-697098_z010,ISPY2-697098,3,1,spy2,0.55116713,train,42,weighted,False
ISPY2-697098_z011,ISPY2-697098,3,1,spy2,0.5515374,train,42,weighted,False
ISPY2-697098_z012,ISPY2-697098,3,1,spy2,0.55428326,train,42,weighted,False
ISPY2-697098_z013,ISPY2-697098,3,1,spy2,0.55689454,train,42,weighted,False
ISPY2-697098_z014,ISPY2-697098,3,1,spy2,0.55754286,train,42,weighted,False
ISPY2-697098_z015,ISPY2-697098,3,1,spy2,0.557828,train,42,weighted,False
ISPY2-697098_z016,ISPY2-697098,3,1,spy2,0.55709434,train,42,weighted,False
ISPY2-697098_z017,ISPY2-697098,3,1,spy2,0.55903184,train,42,weighted,False
ISPY2-697098_z018,ISPY2-697098,3,1,spy2,0.56002325,train,42,weighted,False
ISPY2-697098_z019,ISPY2-697098,3,1,spy2,0.56016845,train,42,weighted,False
ISPY2-832056_z072,ISPY2-832056,3,0,spy2,0.5041844,train,42,weighted,False
ISPY2-832056_z073,ISPY2-832056,3,0,spy2,0.5034019,train,42,weighted,False
ISPY2-832056_z074,ISPY2-832056,3,0,spy2,0.5024197,train,42,weighted,False
ISPY2-832056_z075,ISPY2-832056,3,0,spy2,0.50158703,train,42,weighted,False
ISPY2-832056_z076,ISPY2-832056,3,0,spy2,0.5017775,train,42,weighted,False
ISPY2-832056_z077,ISPY2-832056,3,0,spy2,0.5034808,train,42,weighted,False
ISPY2-832056_z078,ISPY2-832056,3,0,spy2,0.5054433,train,42,weighted,False
ISPY2-832056_z079,ISPY2-832056,3,0,spy2,0.5074201,train,42,weighted,False
ISPY2-832056_z080,ISPY2-832056,3,0,spy2,0.5077692,train,42,weighted,False
ISPY2-832056_z081,ISPY2-832056,3,0,spy2,0.5044319,train,42,weighted,False
ISPY2-357034_z005,ISPY2-357034,3,0,spy2,0.23214285,train,42,weighted,False
ISPY2-357034_z006,ISPY2-357034,3,0,spy2,0.22455636,train,42,weighted,False
ISPY2-357034_z007,ISPY2-357034,3,0,spy2,0.22199099,train,42,weighted,False
ISPY2-357034_z008,ISPY2-357034,3,0,spy2,0.23020113,train,42,weighted,False
ISPY2-357034_z009,ISPY2-357034,3,0,spy2,0.23849314,train,42,weighted,False
ISPY2-357034_z010,ISPY2-357034,3,0,spy2,0.2245993,train,42,weighted,False
ISPY2-357034_z011,ISPY2-357034,3,0,spy2,0.20024492,train,42,weighted,False
ISPY2-357034_z012,ISPY2-357034,3,0,spy2,0.17776701,train,42,weighted,False
ISPY2-357034_z013,ISPY2-357034,3,0,spy2,0.18503802,train,42,weighted,False
ISPY2-357034_z015,ISPY2-357034,3,0,spy2,0.17671917,train,42,weighted,False
ACRIN-6698-799149_z009,ACRIN-6698-799149,3,1,spy2,0.627023,train,42,weighted,False
ACRIN-6698-799149_z010,ACRIN-6698-799149,3,1,spy2,0.627924,train,42,weighted,False
ACRIN-6698-799149_z031,ACRIN-6698-799149,3,1,spy2,0.6370887,train,42,weighted,False
ACRIN-6698-799149_z032,ACRIN-6698-799149,3,1,spy2,0.63408065,train,42,weighted,False
ACRIN-6698-799149_z033,ACRIN-6698-799149,3,1,spy2,0.6293617,train,42,weighted,False
ACRIN-6698-799149_z034,ACRIN-6698-799149,3,1,spy2,0.62590367,train,42,weighted,False
ACRIN-6698-799149_z035,ACRIN-6698-799149,3,1,spy2,0.6227439,train,42,weighted,False
ACRIN-6698-799149_z036,ACRIN-6698-799149,3,1,spy2,0.62158793,train,42,weighted,False
ACRIN-6698-799149_z037,ACRIN-6698-799149,3,1,spy2,0.62379605,train,42,weighted,False
ACRIN-6698-799149_z038,ACRIN-6698-799149,3,1,spy2,0.62509114,train,42,weighted,False
ISPY2-234272_z011,ISPY2-234272,3,0,spy2,0.53992116,train,42,weighted,False
ISPY2-234272_z012,ISPY2-234272,3,0,spy2,0.544123,train,42,weighted,False
ISPY2-234272_z013,ISPY2-234272,3,0,spy2,0.54466593,train,42,weighted,False
ISPY2-234272_z014,ISPY2-234272,3,0,spy2,0.5511566,train,42,weighted,False
ISPY2-234272_z015,ISPY2-234272,3,0,spy2,0.5521669,train,42,weighted,False
ISPY2-234272_z016,ISPY2-234272,3,0,spy2,0.55425084,train,42,weighted,False
ISPY2-234272_z017,ISPY2-234272,3,0,spy2,0.5553741,train,42,weighted,False
ISPY2-234272_z018,ISPY2-234272,3,0,spy2,0.55460596,train,42,weighted,False
ISPY2-234272_z019,ISPY2-234272,3,0,spy2,0.5587965,train,42,weighted,False
ISPY2-234272_z020,ISPY2-234272,3,0,spy2,0.55925256,train,42,weighted,False
ACRIN-6698-771151_z007,ACRIN-6698-771151,3,1,spy2,0.57183063,train,42,weighted,False
ACRIN-6698-771151_z008,ACRIN-6698-771151,3,1,spy2,0.5710485,train,42,weighted,False
ACRIN-6698-771151_z009,ACRIN-6698-771151,3,1,spy2,0.5641116,train,42,weighted,False
ACRIN-6698-771151_z010,ACRIN-6698-771151,3,1,spy2,0.5557634,train,42,weighted,False
ACRIN-6698-771151_z011,ACRIN-6698-771151,3,1,spy2,0.5520629,train,42,weighted,False
ACRIN-6698-771151_z012,ACRIN-6698-771151,3,1,spy2,0.5539239,train,42,weighted,False
ACRIN-6698-771151_z013,ACRIN-6698-771151,3,1,spy2,0.5497861,train,42,weighted,False
ACRIN-6698-771151_z014,ACRIN-6698-771151,3,1,spy2,0.5578391,train,42,weighted,False
ACRIN-6698-771151_z015,ACRIN-6698-771151,3,1,spy2,0.56727785,train,42,weighted,False
ACRIN-6698-771151_z016,ACRIN-6698-771151,3,1,spy2,0.56727886,train,42,weighted,False
ACRIN-6698-169918_z022,ACRIN-6698-169918,3,0,spy2,0.2809173,train,42,weighted,False
ACRIN-6698-169918_z023,ACRIN-6698-169918,3,0,spy2,0.2789901,train,42,weighted,False
ACRIN-6698-169918_z024,ACRIN-6698-169918,3,0,spy2,0.27586904,train,42,weighted,False
ACRIN-6698-169918_z030,ACRIN-6698-169918,3,0,spy2,0.23672244,train,42,weighted,False
ACRIN-6698-169918_z031,ACRIN-6698-169918,3,0,spy2,0.2316103,train,42,weighted,False
ACRIN-6698-169918_z032,ACRIN-6698-169918,3,0,spy2,0.2388292,train,42,weighted,False
ACRIN-6698-169918_z033,ACRIN-6698-169918,3,0,spy2,0.24558866,train,42,weighted,False
ACRIN-6698-169918_z034,ACRIN-6698-169918,3,0,spy2,0.23890086,train,42,weighted,False
ACRIN-6698-169918_z035,ACRIN-6698-169918,3,0,spy2,0.23348838,train,42,weighted,False
ACRIN-6698-169918_z036,ACRIN-6698-169918,3,0,spy2,0.2294357,train,42,weighted,False
ISPY2-255535_z019,ISPY2-255535,3,0,spy2,0.39330533,train,42,weighted,False
ISPY2-255535_z030,ISPY2-255535,3,0,spy2,0.4577738,train,42,weighted,False
ISPY2-255535_z031,ISPY2-255535,3,0,spy2,0.4488698,train,42,weighted,False
ISPY2-255535_z032,ISPY2-255535,3,0,spy2,0.44632998,train,42,weighted,False
ISPY2-255535_z033,ISPY2-255535,3,0,spy2,0.4455714,train,42,weighted,False
ISPY2-255535_z034,ISPY2-255535,3,0,spy2,0.44393632,train,42,weighted,False
ISPY2-255535_z036,ISPY2-255535,3,0,spy2,0.4490522,train,42,weighted,False
ISPY2-255535_z037,ISPY2-255535,3,0,spy2,0.44639504,train,42,weighted,False
ISPY2-255535_z038,ISPY2-255535,3,0,spy2,0.44118914,train,42,weighted,False
ISPY2-255535_z039,ISPY2-255535,3,0,spy2,0.43802756,train,42,weighted,False
ACRIN-6698-698094_z042,ACRIN-6698-698094,3,0,spy2,0.24996224,train,42,weighted,False
ACRIN-6698-698094_z043,ACRIN-6698-698094,3,0,spy2,0.24293141,train,42,weighted,False
ACRIN-6698-698094_z044,ACRIN-6698-698094,3,0,spy2,0.24514142,train,42,weighted,False
ACRIN-6698-698094_z045,ACRIN-6698-698094,3,0,spy2,0.24607615,train,42,weighted,False
ACRIN-6698-698094_z051,ACRIN-6698-698094,3,0,spy2,0.28996843,train,42,weighted,False
ACRIN-6698-698094_z052,ACRIN-6698-698094,3,0,spy2,0.29607317,train,42,weighted,False
ACRIN-6698-698094_z054,ACRIN-6698-698094,3,0,spy2,0.30205503,train,42,weighted,False
ACRIN-6698-698094_z055,ACRIN-6698-698094,3,0,spy2,0.29069337,train,42,weighted,False
ACRIN-6698-698094_z056,ACRIN-6698-698094,3,0,spy2,0.29127315,train,42,weighted,False
ACRIN-6698-698094_z057,ACRIN-6698-698094,3,0,spy2,0.30151626,train,42,weighted,False
ISPY2-166782_z009,ISPY2-166782,3,0,spy2,0.49338588,train,42,weighted,False
ISPY2-166782_z010,ISPY2-166782,3,0,spy2,0.4768357,train,42,weighted,False
ISPY2-166782_z011,ISPY2-166782,3,0,spy2,0.48403358,train,42,weighted,False
ISPY2-166782_z012,ISPY2-166782,3,0,spy2,0.5063073,train,42,weighted,False
ISPY2-166782_z013,ISPY2-166782,3,0,spy2,0.5084161,train,42,weighted,False
ISPY2-166782_z014,ISPY2-166782,3,0,spy2,0.5082528,train,42,weighted,False
ISPY2-166782_z015,ISPY2-166782,3,0,spy2,0.5104666,train,42,weighted,False
ISPY2-166782_z016,ISPY2-166782,3,0,spy2,0.5101199,train,42,weighted,False
ISPY2-166782_z017,ISPY2-166782,3,0,spy2,0.5078548,train,42,weighted,False
ISPY2-166782_z018,ISPY2-166782,3,0,spy2,0.5086385,train,42,weighted,False
ISPY2-252748_z019,ISPY2-252748,3,1,spy2,0.5657512,train,42,weighted,False
ISPY2-252748_z020,ISPY2-252748,3,1,spy2,0.56612515,train,42,weighted,False
ISPY2-252748_z021,ISPY2-252748,3,1,spy2,0.56491953,train,42,weighted,False
ISPY2-252748_z022,ISPY2-252748,3,1,spy2,0.5630572,train,42,weighted,False
ISPY2-252748_z023,ISPY2-252748,3,1,spy2,0.55728114,train,42,weighted,False
ISPY2-252748_z024,ISPY2-252748,3,1,spy2,0.55654037,train,42,weighted,False
ISPY2-252748_z025,ISPY2-252748,3,1,spy2,0.5563302,train,42,weighted,False
ISPY2-252748_z026,ISPY2-252748,3,1,spy2,0.5553152,train,42,weighted,False
ISPY2-252748_z027,ISPY2-252748,3,1,spy2,0.55683595,train,42,weighted,False
ISPY2-252748_z028,ISPY2-252748,3,1,spy2,0.5561309,train,42,weighted,False
ISPY2-306127_z032,ISPY2-306127,3,0,spy2,0.22539873,train,42,weighted,False
ISPY2-306127_z033,ISPY2-306127,3,0,spy2,0.22090031,train,42,weighted,False
ISPY2-306127_z034,ISPY2-306127,3,0,spy2,0.21489385,train,42,weighted,False
ISPY2-306127_z035,ISPY2-306127,3,0,spy2,0.22456995,train,42,weighted,False
ISPY2-306127_z036,ISPY2-306127,3,0,spy2,0.22362943,train,42,weighted,False
ISPY2-306127_z037,ISPY2-306127,3,0,spy2,0.2052521,train,42,weighted,False
ISPY2-306127_z038,ISPY2-306127,3,0,spy2,0.18300113,train,42,weighted,False
ISPY2-306127_z039,ISPY2-306127,3,0,spy2,0.19275577,train,42,weighted,False
ISPY2-306127_z040,ISPY2-306127,3,0,spy2,0.20821778,train,42,weighted,False
ISPY2-306127_z041,ISPY2-306127,3,0,spy2,0.21579447,train,42,weighted,False
ISPY2-727255_z012,ISPY2-727255,3,0,spy2,0.728803,train,42,weighted,False
ISPY2-727255_z013,ISPY2-727255,3,0,spy2,0.7292979,train,42,weighted,False
ISPY2-727255_z014,ISPY2-727255,3,0,spy2,0.7292156,train,42,weighted,False
ISPY2-727255_z015,ISPY2-727255,3,0,spy2,0.72892123,train,42,weighted,False
ISPY2-727255_z019,ISPY2-727255,3,0,spy2,0.7269668,train,42,weighted,False
ISPY2-727255_z022,ISPY2-727255,3,0,spy2,0.7275516,train,42,weighted,False
ISPY2-727255_z024,ISPY2-727255,3,0,spy2,0.72796476,train,42,weighted,False
ISPY2-727255_z025,ISPY2-727255,3,0,spy2,0.7286985,train,42,weighted,False
ISPY2-727255_z026,ISPY2-727255,3,0,spy2,0.72854716,train,42,weighted,False
ISPY2-727255_z027,ISPY2-727255,3,0,spy2,0.72655815,train,42,weighted,False
ISPY2-572731_z014,ISPY2-572731,3,1,spy2,0.36696446,train,42,weighted,False
ISPY2-572731_z015,ISPY2-572731,3,1,spy2,0.3688826,train,42,weighted,False
ISPY2-572731_z016,ISPY2-572731,3,1,spy2,0.37091425,train,42,weighted,False
ISPY2-572731_z017,ISPY2-572731,3,1,spy2,0.37346733,train,42,weighted,False
ISPY2-572731_z018,ISPY2-572731,3,1,spy2,0.3761149,train,42,weighted,False
ISPY2-572731_z019,ISPY2-572731,3,1,spy2,0.37856,train,42,weighted,False
ISPY2-572731_z020,ISPY2-572731,3,1,spy2,0.38053256,train,42,weighted,False
ISPY2-572731_z021,ISPY2-572731,3,1,spy2,0.38079903,train,42,weighted,False
ISPY2-572731_z022,ISPY2-572731,3,1,spy2,0.3781828,train,42,weighted,False
ISPY2-572731_z023,ISPY2-572731,3,1,spy2,0.37977785,train,42,weighted,False
ISPY2-644609_z006,ISPY2-644609,3,1,spy2,0.7037405,train,42,weighted,False
ISPY2-644609_z007,ISPY2-644609,3,1,spy2,0.7022765,train,42,weighted,False
ISPY2-644609_z008,ISPY2-644609,3,1,spy2,0.70191747,train,42,weighted,False
ISPY2-644609_z009,ISPY2-644609,3,1,spy2,0.7035077,train,42,weighted,False
ISPY2-644609_z010,ISPY2-644609,3,1,spy2,0.705053,train,42,weighted,False
ISPY2-644609_z011,ISPY2-644609,3,1,spy2,0.7059828,train,42,weighted,False
ISPY2-644609_z012,ISPY2-644609,3,1,spy2,0.7068809,train,42,weighted,False
ISPY2-644609_z013,ISPY2-644609,3,1,spy2,0.705228,train,42,weighted,False
ISPY2-644609_z014,ISPY2-644609,3,1,spy2,0.7039309,train,42,weighted,False
ISPY2-644609_z015,ISPY2-644609,3,1,spy2,0.700715,train,42,weighted,False
ISPY2-609642_z008,ISPY2-609642,3,1,spy2,0.82616705,train,42,weighted,False
ISPY2-609642_z009,ISPY2-609642,3,1,spy2,0.82272923,train,42,weighted,False
ISPY2-609642_z010,ISPY2-609642,3,1,spy2,0.82691896,train,42,weighted,False
ISPY2-609642_z011,ISPY2-609642,3,1,spy2,0.8237928,train,42,weighted,False
ISPY2-609642_z012,ISPY2-609642,3,1,spy2,0.81835544,train,42,weighted,False
ISPY2-609642_z013,ISPY2-609642,3,1,spy2,0.8191657,train,42,weighted,False
ISPY2-609642_z014,ISPY2-609642,3,1,spy2,0.82045037,train,42,weighted,False
ISPY2-609642_z015,ISPY2-609642,3,1,spy2,0.82418275,train,42,weighted,False
ISPY2-609642_z016,ISPY2-609642,3,1,spy2,0.819304,train,42,weighted,False
ISPY2-609642_z017,ISPY2-609642,3,1,spy2,0.8208669,train,42,weighted,False
ACRIN-6698-946927_z003,ACRIN-6698-946927,3,1,spy2,0.7841109,train,42,weighted,False
ACRIN-6698-946927_z004,ACRIN-6698-946927,3,1,spy2,0.78675723,train,42,weighted,False
ACRIN-6698-946927_z005,ACRIN-6698-946927,3,1,spy2,0.7901879,train,42,weighted,False
ACRIN-6698-946927_z006,ACRIN-6698-946927,3,1,spy2,0.7922398,train,42,weighted,False
ACRIN-6698-946927_z007,ACRIN-6698-946927,3,1,spy2,0.8024673,train,42,weighted,False
ACRIN-6698-946927_z008,ACRIN-6698-946927,3,1,spy2,0.8031112,train,42,weighted,False
ACRIN-6698-946927_z009,ACRIN-6698-946927,3,1,spy2,0.8026992,train,42,weighted,False
ACRIN-6698-946927_z010,ACRIN-6698-946927,3,1,spy2,0.8001567,train,42,weighted,False
ACRIN-6698-946927_z011,ACRIN-6698-946927,3,1,spy2,0.7975868,train,42,weighted,False
ACRIN-6698-946927_z015,ACRIN-6698-946927,3,1,spy2,0.7840485,train,42,weighted,False
ISPY2-318569_z014,ISPY2-318569,3,0,spy2,0.6273295,train,42,weighted,False
ISPY2-318569_z015,ISPY2-318569,3,0,spy2,0.63108903,train,42,weighted,False
ISPY2-318569_z016,ISPY2-318569,3,0,spy2,0.6329418,train,42,weighted,False
ISPY2-318569_z017,ISPY2-318569,3,0,spy2,0.6295259,train,42,weighted,False
ISPY2-318569_z018,ISPY2-318569,3,0,spy2,0.6289609,train,42,weighted,False
ISPY2-318569_z019,ISPY2-318569,3,0,spy2,0.6346448,train,42,weighted,False
ISPY2-318569_z020,ISPY2-318569,3,0,spy2,0.64144164,train,42,weighted,False
ISPY2-318569_z021,ISPY2-318569,3,0,spy2,0.64615446,train,42,weighted,False
ISPY2-318569_z022,ISPY2-318569,3,0,spy2,0.6453051,train,42,weighted,False
ISPY2-318569_z023,ISPY2-318569,3,0,spy2,0.64655787,train,42,weighted,False
ISPY2-663467_z011,ISPY2-663467,3,0,spy2,0.18963125,train,42,weighted,False
ISPY2-663467_z012,ISPY2-663467,3,0,spy2,0.18945654,train,42,weighted,False
ISPY2-663467_z013,ISPY2-663467,3,0,spy2,0.18994021,train,42,weighted,False
ISPY2-663467_z014,ISPY2-663467,3,0,spy2,0.18997706,train,42,weighted,False
ISPY2-663467_z015,ISPY2-663467,3,0,spy2,0.19020362,train,42,weighted,False
ISPY2-663467_z016,ISPY2-663467,3,0,spy2,0.19047605,train,42,weighted,False
ISPY2-663467_z017,ISPY2-663467,3,0,spy2,0.19055231,train,42,weighted,False
ISPY2-663467_z018,ISPY2-663467,3,0,spy2,0.190625,train,42,weighted,False
ISPY2-663467_z019,ISPY2-663467,3,0,spy2,0.19057891,train,42,weighted,False
ISPY2-663467_z020,ISPY2-663467,3,0,spy2,0.1903281,train,42,weighted,False
ACRIN-6698-407539_z011,ACRIN-6698-407539,3,0,spy2,0.27103007,train,42,weighted,False
ACRIN-6698-407539_z012,ACRIN-6698-407539,3,0,spy2,0.27196872,train,42,weighted,False
ACRIN-6698-407539_z013,ACRIN-6698-407539,3,0,spy2,0.27283853,train,42,weighted,False
ACRIN-6698-407539_z014,ACRIN-6698-407539,3,0,spy2,0.27332875,train,42,weighted,False
ACRIN-6698-407539_z015,ACRIN-6698-407539,3,0,spy2,0.273794,train,42,weighted,False
ACRIN-6698-407539_z016,ACRIN-6698-407539,3,0,spy2,0.27349684,train,42,weighted,False
ACRIN-6698-407539_z017,ACRIN-6698-407539,3,0,spy2,0.27581394,train,42,weighted,False
ACRIN-6698-407539_z018,ACRIN-6698-407539,3,0,spy2,0.27649492,train,42,weighted,False
ACRIN-6698-407539_z019,ACRIN-6698-407539,3,0,spy2,0.27546006,train,42,weighted,False
ACRIN-6698-407539_z020,ACRIN-6698-407539,3,0,spy2,0.27424628,train,42,weighted,False
ISPY2-128051_z013,ISPY2-128051,3,0,spy2,0.2808625,train,42,weighted,False
ISPY2-128051_z014,ISPY2-128051,3,0,spy2,0.27258402,train,42,weighted,False
ISPY2-128051_z015,ISPY2-128051,3,0,spy2,0.27574793,train,42,weighted,False
ISPY2-128051_z016,ISPY2-128051,3,0,spy2,0.2742723,train,42,weighted,False
ISPY2-128051_z017,ISPY2-128051,3,0,spy2,0.2651535,train,42,weighted,False
ISPY2-128051_z018,ISPY2-128051,3,0,spy2,0.27726218,train,42,weighted,False
ISPY2-128051_z019,ISPY2-128051,3,0,spy2,0.28515032,train,42,weighted,False
ISPY2-128051_z020,ISPY2-128051,3,0,spy2,0.27839416,train,42,weighted,False
ISPY2-128051_z021,ISPY2-128051,3,0,spy2,0.27250922,train,42,weighted,False
ISPY2-128051_z026,ISPY2-128051,3,0,spy2,0.27077767,train,42,weighted,False
ISPY2-424541_z007,ISPY2-424541,3,0,spy2,0.2651787,train,42,weighted,False
ISPY2-424541_z008,ISPY2-424541,3,0,spy2,0.26826283,train,42,weighted,False
ISPY2-424541_z009,ISPY2-424541,3,0,spy2,0.2696445,train,42,weighted,False
ISPY2-424541_z010,ISPY2-424541,3,0,spy2,0.2681305,train,42,weighted,False
ISPY2-424541_z011,ISPY2-424541,3,0,spy2,0.26510414,train,42,weighted,False
ISPY2-424541_z012,ISPY2-424541,3,0,spy2,0.261453,train,42,weighted,False
ISPY2-424541_z013,ISPY2-424541,3,0,spy2,0.26290977,train,42,weighted,False
ISPY2-424541_z014,ISPY2-424541,3,0,spy2,0.2664679,train,42,weighted,False
ISPY2-424541_z015,ISPY2-424541,3,0,spy2,0.26531783,train,42,weighted,False
ISPY2-424541_z016,ISPY2-424541,3,0,spy2,0.26359227,train,42,weighted,False
ISPY2-437968_z008,ISPY2-437968,3,0,spy2,0.5486965,train,42,weighted,False
ISPY2-437968_z009,ISPY2-437968,3,0,spy2,0.5487043,train,42,weighted,False
ISPY2-437968_z010,ISPY2-437968,3,0,spy2,0.54894805,train,42,weighted,False
ISPY2-437968_z011,ISPY2-437968,3,0,spy2,0.5498938,train,42,weighted,False
ISPY2-437968_z012,ISPY2-437968,3,0,spy2,0.5497746,train,42,weighted,False
ISPY2-437968_z013,ISPY2-437968,3,0,spy2,0.549856,train,42,weighted,False
ISPY2-437968_z014,ISPY2-437968,3,0,spy2,0.5495273,train,42,weighted,False
ISPY2-437968_z015,ISPY2-437968,3,0,spy2,0.5487143,train,42,weighted,False
ISPY2-437968_z016,ISPY2-437968,3,0,spy2,0.5479526,train,42,weighted,False
ISPY2-437968_z017,ISPY2-437968,3,0,spy2,0.5474791,train,42,weighted,False
ISPY2-395379_z043,ISPY2-395379,3,0,spy2,0.34918144,train,42,weighted,False
ISPY2-395379_z044,ISPY2-395379,3,0,spy2,0.34916803,train,42,weighted,False
ISPY2-395379_z045,ISPY2-395379,3,0,spy2,0.34979716,train,42,weighted,False
ISPY2-395379_z046,ISPY2-395379,3,0,spy2,0.35107437,train,42,weighted,False
ISPY2-395379_z047,ISPY2-395379,3,0,spy2,0.35032055,train,42,weighted,False
ISPY2-395379_z048,ISPY2-395379,3,0,spy2,0.3503294,train,42,weighted,False
ISPY2-395379_z049,ISPY2-395379,3,0,spy2,0.35132775,train,42,weighted,False
ISPY2-395379_z050,ISPY2-395379,3,0,spy2,0.3514173,train,42,weighted,False
ISPY2-395379_z051,ISPY2-395379,3,0,spy2,0.35052574,train,42,weighted,False
ISPY2-395379_z052,ISPY2-395379,3,0,spy2,0.35012737,train,42,weighted,False
ISPY2-375342_z013,ISPY2-375342,3,0,spy2,0.6302512,train,42,weighted,False
ISPY2-375342_z014,ISPY2-375342,3,0,spy2,0.63214743,train,42,weighted,False
ISPY2-375342_z015,ISPY2-375342,3,0,spy2,0.62797564,train,42,weighted,False
ISPY2-375342_z016,ISPY2-375342,3,0,spy2,0.6263378,train,42,weighted,False
ISPY2-375342_z017,ISPY2-375342,3,0,spy2,0.6274103,train,42,weighted,False
ISPY2-375342_z018,ISPY2-375342,3,0,spy2,0.62976444,train,42,weighted,False
ISPY2-375342_z019,ISPY2-375342,3,0,spy2,0.6312809,train,42,weighted,False
ISPY2-375342_z020,ISPY2-375342,3,0,spy2,0.6323808,train,42,weighted,False
ISPY2-375342_z021,ISPY2-375342,3,0,spy2,0.63139147,train,42,weighted,False
ISPY2-375342_z022,ISPY2-375342,3,0,spy2,0.63152754,train,42,weighted,False
ISPY2-503034_z015,ISPY2-503034,3,0,spy2,0.74116397,train,42,weighted,False
ISPY2-503034_z016,ISPY2-503034,3,0,spy2,0.74142593,train,42,weighted,False
ISPY2-503034_z017,ISPY2-503034,3,0,spy2,0.74249023,train,42,weighted,False
ISPY2-503034_z018,ISPY2-503034,3,0,spy2,0.7441858,train,42,weighted,False
ISPY2-503034_z019,ISPY2-503034,3,0,spy2,0.74530834,train,42,weighted,False
ISPY2-503034_z020,ISPY2-503034,3,0,spy2,0.7449935,train,42,weighted,False
ISPY2-503034_z021,ISPY2-503034,3,0,spy2,0.745684,train,42,weighted,False
ISPY2-503034_z022,ISPY2-503034,3,0,spy2,0.7467145,train,42,weighted,False
ISPY2-503034_z023,ISPY2-503034,3,0,spy2,0.74552464,train,42,weighted,False
ISPY2-503034_z024,ISPY2-503034,3,0,spy2,0.74647087,train,42,weighted,False
ISPY2-299364_z024,ISPY2-299364,3,0,spy2,0.6868134,train,42,weighted,False
ISPY2-299364_z025,ISPY2-299364,3,0,spy2,0.6880747,train,42,weighted,False
ISPY2-299364_z026,ISPY2-299364,3,0,spy2,0.6851588,train,42,weighted,False
ISPY2-299364_z027,ISPY2-299364,3,0,spy2,0.68764096,train,42,weighted,False
ISPY2-299364_z028,ISPY2-299364,3,0,spy2,0.6886038,train,42,weighted,False
ISPY2-299364_z029,ISPY2-299364,3,0,spy2,0.69060093,train,42,weighted,False
ISPY2-299364_z030,ISPY2-299364,3,0,spy2,0.69050944,train,42,weighted,False
ISPY2-299364_z031,ISPY2-299364,3,0,spy2,0.6900801,train,42,weighted,False
ISPY2-299364_z032,ISPY2-299364,3,0,spy2,0.6917497,train,42,weighted,False
ISPY2-299364_z033,ISPY2-299364,3,0,spy2,0.6914046,train,42,weighted,False
ISPY2-841336_z010,ISPY2-841336,3,0,spy2,0.22558984,train,42,weighted,False
ISPY2-841336_z011,ISPY2-841336,3,0,spy2,0.22472109,train,42,weighted,False
ISPY2-841336_z012,ISPY2-841336,3,0,spy2,0.22424607,train,42,weighted,False
ISPY2-841336_z013,ISPY2-841336,3,0,spy2,0.22112083,train,42,weighted,False
ISPY2-841336_z014,ISPY2-841336,3,0,spy2,0.20402443,train,42,weighted,False
ISPY2-841336_z015,ISPY2-841336,3,0,spy2,0.18933187,train,42,weighted,False
ISPY2-841336_z016,ISPY2-841336,3,0,spy2,0.17861736,train,42,weighted,False
ISPY2-841336_z017,ISPY2-841336,3,0,spy2,0.16433644,train,42,weighted,False
ISPY2-841336_z018,ISPY2-841336,3,0,spy2,0.1496548,train,42,weighted,False
ISPY2-841336_z019,ISPY2-841336,3,0,spy2,0.13528809,train,42,weighted,False
ISPY2-589502_z011,ISPY2-589502,3,1,spy2,0.14713022,train,42,weighted,False
ISPY2-589502_z012,ISPY2-589502,3,1,spy2,0.14783092,train,42,weighted,False
ISPY2-589502_z013,ISPY2-589502,3,1,spy2,0.14765014,train,42,weighted,False
ISPY2-589502_z014,ISPY2-589502,3,1,spy2,0.14732832,train,42,weighted,False
ISPY2-589502_z015,ISPY2-589502,3,1,spy2,0.14120154,train,42,weighted,False
ISPY2-589502_z016,ISPY2-589502,3,1,spy2,0.13374235,train,42,weighted,False
ISPY2-589502_z017,ISPY2-589502,3,1,spy2,0.13461365,train,42,weighted,False
ISPY2-589502_z018,ISPY2-589502,3,1,spy2,0.13797563,train,42,weighted,False
ISPY2-589502_z019,ISPY2-589502,3,1,spy2,0.13335562,train,42,weighted,False
ISPY2-589502_z020,ISPY2-589502,3,1,spy2,0.13135615,train,42,weighted,False
ISPY2-462581_z002,ISPY2-462581,3,0,spy2,0.51153964,train,42,weighted,False
ISPY2-462581_z003,ISPY2-462581,3,0,spy2,0.46494025,train,42,weighted,False
ISPY2-462581_z004,ISPY2-462581,3,0,spy2,0.38253605,train,42,weighted,False
ISPY2-462581_z005,ISPY2-462581,3,0,spy2,0.3206748,train,42,weighted,False
ISPY2-462581_z006,ISPY2-462581,3,0,spy2,0.32889396,train,42,weighted,False
ISPY2-462581_z007,ISPY2-462581,3,0,spy2,0.3584195,train,42,weighted,False
ISPY2-462581_z008,ISPY2-462581,3,0,spy2,0.36619213,train,42,weighted,False
ISPY2-462581_z009,ISPY2-462581,3,0,spy2,0.3495826,train,42,weighted,False
ISPY2-462581_z010,ISPY2-462581,3,0,spy2,0.3397272,train,42,weighted,False
ISPY2-462581_z011,ISPY2-462581,3,0,spy2,0.37128603,train,42,weighted,False
ISPY2-132463_z020,ISPY2-132463,3,1,spy2,0.35726172,train,42,weighted,False
ISPY2-132463_z021,ISPY2-132463,3,1,spy2,0.3551979,train,42,weighted,False
ISPY2-132463_z022,ISPY2-132463,3,1,spy2,0.3531362,train,42,weighted,False
ISPY2-132463_z023,ISPY2-132463,3,1,spy2,0.34895,train,42,weighted,False
ISPY2-132463_z024,ISPY2-132463,3,1,spy2,0.34315866,train,42,weighted,False
ISPY2-132463_z025,ISPY2-132463,3,1,spy2,0.34202456,train,42,weighted,False
ISPY2-132463_z026,ISPY2-132463,3,1,spy2,0.34245044,train,42,weighted,False
ISPY2-132463_z027,ISPY2-132463,3,1,spy2,0.34444612,train,42,weighted,False
ISPY2-132463_z028,ISPY2-132463,3,1,spy2,0.3451843,train,42,weighted,False
ISPY2-132463_z029,ISPY2-132463,3,1,spy2,0.34405077,train,42,weighted,False
ISPY2-262131_z066,ISPY2-262131,3,0,spy2,0.40161723,train,42,weighted,False
ISPY2-262131_z071,ISPY2-262131,3,0,spy2,0.40007353,train,42,weighted,False
ISPY2-262131_z072,ISPY2-262131,3,0,spy2,0.39917582,train,42,weighted,False
ISPY2-262131_z073,ISPY2-262131,3,0,spy2,0.39765662,train,42,weighted,False
ISPY2-262131_z074,ISPY2-262131,3,0,spy2,0.3973521,train,42,weighted,False
ISPY2-262131_z075,ISPY2-262131,3,0,spy2,0.40054274,train,42,weighted,False
ISPY2-262131_z076,ISPY2-262131,3,0,spy2,0.40233496,train,42,weighted,False
ISPY2-262131_z077,ISPY2-262131,3,0,spy2,0.40246174,train,42,weighted,False
ISPY2-262131_z078,ISPY2-262131,3,0,spy2,0.40245748,train,42,weighted,False
ISPY2-262131_z079,ISPY2-262131,3,0,spy2,0.40244964,train,42,weighted,False
ACRIN-6698-783764_z011,ACRIN-6698-783764,3,0,spy2,0.33819672,train,42,weighted,False
ACRIN-6698-783764_z012,ACRIN-6698-783764,3,0,spy2,0.33780056,train,42,weighted,False
ACRIN-6698-783764_z013,ACRIN-6698-783764,3,0,spy2,0.33808494,train,42,weighted,False
ACRIN-6698-783764_z014,ACRIN-6698-783764,3,0,spy2,0.3386163,train,42,weighted,False
ACRIN-6698-783764_z015,ACRIN-6698-783764,3,0,spy2,0.33899662,train,42,weighted,False
ACRIN-6698-783764_z016,ACRIN-6698-783764,3,0,spy2,0.33909962,train,42,weighted,False
ACRIN-6698-783764_z017,ACRIN-6698-783764,3,0,spy2,0.33879825,train,42,weighted,False
ACRIN-6698-783764_z018,ACRIN-6698-783764,3,0,spy2,0.33770803,train,42,weighted,False
ACRIN-6698-783764_z019,ACRIN-6698-783764,3,0,spy2,0.33544257,train,42,weighted,False
ACRIN-6698-783764_z020,ACRIN-6698-783764,3,0,spy2,0.3359929,train,42,weighted,False
ACRIN-6698-928815_z012,ACRIN-6698-928815,3,0,spy2,0.48993555,train,42,weighted,False
ACRIN-6698-928815_z013,ACRIN-6698-928815,3,0,spy2,0.4815438,train,42,weighted,False
ACRIN-6698-928815_z014,ACRIN-6698-928815,3,0,spy2,0.49027207,train,42,weighted,False
ACRIN-6698-928815_z015,ACRIN-6698-928815,3,0,spy2,0.4996263,train,42,weighted,False
ACRIN-6698-928815_z016,ACRIN-6698-928815,3,0,spy2,0.5013588,train,42,weighted,False
ACRIN-6698-928815_z017,ACRIN-6698-928815,3,0,spy2,0.5014335,train,42,weighted,False
ACRIN-6698-928815_z018,ACRIN-6698-928815,3,0,spy2,0.50166357,train,42,weighted,False
ACRIN-6698-928815_z043,ACRIN-6698-928815,3,0,spy2,0.5026644,train,42,weighted,False
ACRIN-6698-928815_z044,ACRIN-6698-928815,3,0,spy2,0.50227153,train,42,weighted,False
ACRIN-6698-928815_z045,ACRIN-6698-928815,3,0,spy2,0.5022872,train,42,weighted,False
ISPY2-889225_z017,ISPY2-889225,3,0,spy2,0.25570208,train,42,weighted,False
ISPY2-889225_z018,ISPY2-889225,3,0,spy2,0.26188672,train,42,weighted,False
ISPY2-889225_z019,ISPY2-889225,3,0,spy2,0.26365033,train,42,weighted,False
ISPY2-889225_z020,ISPY2-889225,3,0,spy2,0.2682489,train,42,weighted,False
ISPY2-889225_z021,ISPY2-889225,3,0,spy2,0.27821574,train,42,weighted,False
ISPY2-889225_z022,ISPY2-889225,3,0,spy2,0.2664265,train,42,weighted,False
ISPY2-889225_z023,ISPY2-889225,3,0,spy2,0.2632995,train,42,weighted,False
ISPY2-889225_z027,ISPY2-889225,3,0,spy2,0.28725976,train,42,weighted,False
ISPY2-889225_z028,ISPY2-889225,3,0,spy2,0.2904066,train,42,weighted,False
ISPY2-889225_z029,ISPY2-889225,3,0,spy2,0.297081,train,42,weighted,False
ISPY2-723918_z022,ISPY2-723918,3,1,spy2,0.6850536,train,42,weighted,False
ISPY2-723918_z023,ISPY2-723918,3,1,spy2,0.6880313,train,42,weighted,False
ISPY2-723918_z024,ISPY2-723918,3,1,spy2,0.68785423,train,42,weighted,False
ISPY2-723918_z025,ISPY2-723918,3,1,spy2,0.6881466,train,42,weighted,False
ISPY2-723918_z026,ISPY2-723918,3,1,spy2,0.6896369,train,42,weighted,False
ISPY2-723918_z027,ISPY2-723918,3,1,spy2,0.6888243,train,42,weighted,False
ISPY2-723918_z028,ISPY2-723918,3,1,spy2,0.68970627,train,42,weighted,False
ISPY2-723918_z029,ISPY2-723918,3,1,spy2,0.69063044,train,42,weighted,False
ISPY2-723918_z030,ISPY2-723918,3,1,spy2,0.6934838,train,42,weighted,False
ISPY2-723918_z031,ISPY2-723918,3,1,spy2,0.6968839,train,42,weighted,False
ISPY2-423619_z011,ISPY2-423619,3,1,spy2,0.57123023,train,42,weighted,False
ISPY2-423619_z012,ISPY2-423619,3,1,spy2,0.5721658,train,42,weighted,False
ISPY2-423619_z013,ISPY2-423619,3,1,spy2,0.56973016,train,42,weighted,False
ISPY2-423619_z014,ISPY2-423619,3,1,spy2,0.571689,train,42,weighted,False
ISPY2-423619_z015,ISPY2-423619,3,1,spy2,0.56809497,train,42,weighted,False
ISPY2-423619_z016,ISPY2-423619,3,1,spy2,0.56919587,train,42,weighted,False
ISPY2-423619_z017,ISPY2-423619,3,1,spy2,0.5700018,train,42,weighted,False
ISPY2-423619_z018,ISPY2-423619,3,1,spy2,0.569989,train,42,weighted,False
ISPY2-423619_z019,ISPY2-423619,3,1,spy2,0.56904465,train,42,weighted,False
ISPY2-423619_z020,ISPY2-423619,3,1,spy2,0.57158417,train,42,weighted,False
ACRIN-6698-584561_z017,ACRIN-6698-584561,3,1,spy2,0.83670914,train,42,weighted,False
ACRIN-6698-584561_z018,ACRIN-6698-584561,3,1,spy2,0.8365172,train,42,weighted,False
ACRIN-6698-584561_z019,ACRIN-6698-584561,3,1,spy2,0.83623016,train,42,weighted,False
ACRIN-6698-584561_z020,ACRIN-6698-584561,3,1,spy2,0.8361065,train,42,weighted,False
ACRIN-6698-584561_z021,ACRIN-6698-584561,3,1,spy2,0.8361114,train,42,weighted,False
ACRIN-6698-584561_z022,ACRIN-6698-584561,3,1,spy2,0.8363188,train,42,weighted,False
ACRIN-6698-584561_z023,ACRIN-6698-584561,3,1,spy2,0.83631206,train,42,weighted,False
ACRIN-6698-584561_z024,ACRIN-6698-584561,3,1,spy2,0.8361865,train,42,weighted,False
ACRIN-6698-584561_z025,ACRIN-6698-584561,3,1,spy2,0.83585304,train,42,weighted,False
ACRIN-6698-584561_z026,ACRIN-6698-584561,3,1,spy2,0.83589756,train,42,weighted,False
ISPY2-154293_z014,ISPY2-154293,3,0,spy2,0.4799314,train,42,weighted,False
ISPY2-154293_z023,ISPY2-154293,3,0,spy2,0.48519343,train,42,weighted,False
ISPY2-154293_z024,ISPY2-154293,3,0,spy2,0.48293644,train,42,weighted,False
ISPY2-154293_z025,ISPY2-154293,3,0,spy2,0.47848868,train,42,weighted,False
ISPY2-154293_z026,ISPY2-154293,3,0,spy2,0.47484705,train,42,weighted,False
ISPY2-154293_z027,ISPY2-154293,3,0,spy2,0.47312668,train,42,weighted,False
ISPY2-154293_z028,ISPY2-154293,3,0,spy2,0.46785447,train,42,weighted,False
ISPY2-154293_z029,ISPY2-154293,3,0,spy2,0.4685344,train,42,weighted,False
ISPY2-154293_z030,ISPY2-154293,3,0,spy2,0.46934053,train,42,weighted,False
ISPY2-154293_z031,ISPY2-154293,3,0,spy2,0.47242644,train,42,weighted,False
ISPY2-282082_z045,ISPY2-282082,3,1,spy2,0.43275484,train,42,weighted,False
ISPY2-282082_z046,ISPY2-282082,3,1,spy2,0.42978865,train,42,weighted,False
ISPY2-282082_z047,ISPY2-282082,3,1,spy2,0.43020174,train,42,weighted,False
ISPY2-282082_z048,ISPY2-282082,3,1,spy2,0.42823076,train,42,weighted,False
ISPY2-282082_z049,ISPY2-282082,3,1,spy2,0.4238586,train,42,weighted,False
ISPY2-282082_z050,ISPY2-282082,3,1,spy2,0.4251324,train,42,weighted,False
ISPY2-282082_z051,ISPY2-282082,3,1,spy2,0.43035054,train,42,weighted,False
ISPY2-282082_z052,ISPY2-282082,3,1,spy2,0.436421,train,42,weighted,False
ISPY2-282082_z053,ISPY2-282082,3,1,spy2,0.44566634,train,42,weighted,False
ISPY2-282082_z054,ISPY2-282082,3,1,spy2,0.45001128,train,42,weighted,False
ISPY2-478655_z013,ISPY2-478655,3,1,spy2,0.5756145,train,42,weighted,False
ISPY2-478655_z018,ISPY2-478655,3,1,spy2,0.61893976,train,42,weighted,False
ISPY2-478655_z019,ISPY2-478655,3,1,spy2,0.6132336,train,42,weighted,False
ISPY2-478655_z020,ISPY2-478655,3,1,spy2,0.60513264,train,42,weighted,False
ISPY2-478655_z021,ISPY2-478655,3,1,spy2,0.60376924,train,42,weighted,False
ISPY2-478655_z022,ISPY2-478655,3,1,spy2,0.60655874,train,42,weighted,False
ISPY2-478655_z023,ISPY2-478655,3,1,spy2,0.5929549,train,42,weighted,False
ISPY2-478655_z024,ISPY2-478655,3,1,spy2,0.5710154,train,42,weighted,False
ISPY2-478655_z025,ISPY2-478655,3,1,spy2,0.56512946,train,42,weighted,False
ISPY2-478655_z026,ISPY2-478655,3,1,spy2,0.5825653,train,42,weighted,False
ISPY2-586091_z010,ISPY2-586091,3,1,spy2,0.4215698,train,42,weighted,False
ISPY2-586091_z011,ISPY2-586091,3,1,spy2,0.42434022,train,42,weighted,False
ISPY2-586091_z012,ISPY2-586091,3,1,spy2,0.42928937,train,42,weighted,False
ISPY2-586091_z013,ISPY2-586091,3,1,spy2,0.4308741,train,42,weighted,False
ISPY2-586091_z014,ISPY2-586091,3,1,spy2,0.4309989,train,42,weighted,False
ISPY2-586091_z015,ISPY2-586091,3,1,spy2,0.4299724,train,42,weighted,False
ISPY2-586091_z016,ISPY2-586091,3,1,spy2,0.42888972,train,42,weighted,False
ISPY2-586091_z017,ISPY2-586091,3,1,spy2,0.42943645,train,42,weighted,False
ISPY2-586091_z018,ISPY2-586091,3,1,spy2,0.43007633,train,42,weighted,False
ISPY2-586091_z019,ISPY2-586091,3,1,spy2,0.42660275,train,42,weighted,False
ACRIN-6698-234723_z049,ACRIN-6698-234723,3,0,spy2,0.5932798,train,42,weighted,False
ACRIN-6698-234723_z050,ACRIN-6698-234723,3,0,spy2,0.59345275,train,42,weighted,False
ACRIN-6698-234723_z051,ACRIN-6698-234723,3,0,spy2,0.5936626,train,42,weighted,False
ACRIN-6698-234723_z052,ACRIN-6698-234723,3,0,spy2,0.5937715,train,42,weighted,False
ACRIN-6698-234723_z053,ACRIN-6698-234723,3,0,spy2,0.59361637,train,42,weighted,False
ACRIN-6698-234723_z054,ACRIN-6698-234723,3,0,spy2,0.5934574,train,42,weighted,False
ACRIN-6698-234723_z055,ACRIN-6698-234723,3,0,spy2,0.5933027,train,42,weighted,False
ACRIN-6698-234723_z056,ACRIN-6698-234723,3,0,spy2,0.59317553,train,42,weighted,False
ACRIN-6698-234723_z065,ACRIN-6698-234723,3,0,spy2,0.5934135,train,42,weighted,False
ACRIN-6698-234723_z068,ACRIN-6698-234723,3,0,spy2,0.59278566,train,42,weighted,False
ISPY2-117424_z015,ISPY2-117424,3,1,spy2,0.6535107,train,42,weighted,False
ISPY2-117424_z016,ISPY2-117424,3,1,spy2,0.6548893,train,42,weighted,False
ISPY2-117424_z017,ISPY2-117424,3,1,spy2,0.6679172,train,42,weighted,False
ISPY2-117424_z018,ISPY2-117424,3,1,spy2,0.68737054,train,42,weighted,False
ISPY2-117424_z019,ISPY2-117424,3,1,spy2,0.7026568,train,42,weighted,False
ISPY2-117424_z020,ISPY2-117424,3,1,spy2,0.7075839,train,42,weighted,False
ISPY2-117424_z021,ISPY2-117424,3,1,spy2,0.70579576,train,42,weighted,False
ISPY2-117424_z022,ISPY2-117424,3,1,spy2,0.69958234,train,42,weighted,False
ISPY2-117424_z023,ISPY2-117424,3,1,spy2,0.70410395,train,42,weighted,False
ISPY2-117424_z024,ISPY2-117424,3,1,spy2,0.7097819,train,42,weighted,False
ISPY2-796558_z012,ISPY2-796558,3,0,spy2,0.61886495,train,42,weighted,False
ISPY2-796558_z013,ISPY2-796558,3,0,spy2,0.60921866,train,42,weighted,False
ISPY2-796558_z014,ISPY2-796558,3,0,spy2,0.58695483,train,42,weighted,False
ISPY2-796558_z015,ISPY2-796558,3,0,spy2,0.55857456,train,42,weighted,False
ISPY2-796558_z016,ISPY2-796558,3,0,spy2,0.55168486,train,42,weighted,False
ISPY2-796558_z017,ISPY2-796558,3,0,spy2,0.5508067,train,42,weighted,False
ISPY2-796558_z018,ISPY2-796558,3,0,spy2,0.5521553,train,42,weighted,False
ISPY2-796558_z019,ISPY2-796558,3,0,spy2,0.55409396,train,42,weighted,False
ISPY2-796558_z020,ISPY2-796558,3,0,spy2,0.56243503,train,42,weighted,False
ISPY2-796558_z021,ISPY2-796558,3,0,spy2,0.5635093,train,42,weighted,False
ISPY2-414256_z008,ISPY2-414256,3,0,spy2,0.34063792,train,42,weighted,False
ISPY2-414256_z009,ISPY2-414256,3,0,spy2,0.34744927,train,42,weighted,False
ISPY2-414256_z010,ISPY2-414256,3,0,spy2,0.359024,train,42,weighted,False
ISPY2-414256_z011,ISPY2-414256,3,0,spy2,0.36281893,train,42,weighted,False
ISPY2-414256_z012,ISPY2-414256,3,0,spy2,0.3650401,train,42,weighted,False
ISPY2-414256_z013,ISPY2-414256,3,0,spy2,0.36609918,train,42,weighted,False
ISPY2-414256_z014,ISPY2-414256,3,0,spy2,0.36601856,train,42,weighted,False
ISPY2-414256_z015,ISPY2-414256,3,0,spy2,0.36602157,train,42,weighted,False
ISPY2-414256_z016,ISPY2-414256,3,0,spy2,0.36666444,train,42,weighted,False
ISPY2-414256_z017,ISPY2-414256,3,0,spy2,0.36696512,train,42,weighted,False
ACRIN-6698-962153_z026,ACRIN-6698-962153,3,0,spy2,0.51888984,train,42,weighted,False
ACRIN-6698-962153_z027,ACRIN-6698-962153,3,0,spy2,0.5200369,train,42,weighted,False
ACRIN-6698-962153_z028,ACRIN-6698-962153,3,0,spy2,0.52075964,train,42,weighted,False
ACRIN-6698-962153_z029,ACRIN-6698-962153,3,0,spy2,0.5217283,train,42,weighted,False
ACRIN-6698-962153_z030,ACRIN-6698-962153,3,0,spy2,0.5272839,train,42,weighted,False
ACRIN-6698-962153_z031,ACRIN-6698-962153,3,0,spy2,0.5311371,train,42,weighted,False
ACRIN-6698-962153_z032,ACRIN-6698-962153,3,0,spy2,0.5304977,train,42,weighted,False
ACRIN-6698-962153_z033,ACRIN-6698-962153,3,0,spy2,0.5307278,train,42,weighted,False
ACRIN-6698-962153_z034,ACRIN-6698-962153,3,0,spy2,0.5301085,train,42,weighted,False
ACRIN-6698-962153_z035,ACRIN-6698-962153,3,0,spy2,0.5264779,train,42,weighted,False
ISPY2-559263_z017,ISPY2-559263,3,0,spy2,0.4387674,train,42,weighted,False
ISPY2-559263_z018,ISPY2-559263,3,0,spy2,0.43785498,train,42,weighted,False
ISPY2-559263_z019,ISPY2-559263,3,0,spy2,0.43789548,train,42,weighted,False
ISPY2-559263_z020,ISPY2-559263,3,0,spy2,0.43878064,train,42,weighted,False
ISPY2-559263_z021,ISPY2-559263,3,0,spy2,0.4394162,train,42,weighted,False
ISPY2-559263_z022,ISPY2-559263,3,0,spy2,0.4394358,train,42,weighted,False
ISPY2-559263_z023,ISPY2-559263,3,0,spy2,0.43810844,train,42,weighted,False
ISPY2-559263_z024,ISPY2-559263,3,0,spy2,0.43572623,train,42,weighted,False
ISPY2-559263_z025,ISPY2-559263,3,0,spy2,0.43053055,train,42,weighted,False
ISPY2-559263_z026,ISPY2-559263,3,0,spy2,0.4264299,train,42,weighted,False
ISPY2-944536_z002,ISPY2-944536,3,1,spy2,0.89047325,train,42,weighted,False
ISPY2-944536_z004,ISPY2-944536,3,1,spy2,0.8900833,train,42,weighted,False
ISPY2-944536_z005,ISPY2-944536,3,1,spy2,0.8899348,train,42,weighted,False
ISPY2-944536_z006,ISPY2-944536,3,1,spy2,0.88997245,train,42,weighted,False
ISPY2-944536_z007,ISPY2-944536,3,1,spy2,0.8899325,train,42,weighted,False
ISPY2-944536_z008,ISPY2-944536,3,1,spy2,0.88996065,train,42,weighted,False
ISPY2-944536_z009,ISPY2-944536,3,1,spy2,0.8901281,train,42,weighted,False
ISPY2-944536_z010,ISPY2-944536,3,1,spy2,0.88971806,train,42,weighted,False
ISPY2-944536_z011,ISPY2-944536,3,1,spy2,0.8898238,train,42,weighted,False
ISPY2-944536_z012,ISPY2-944536,3,1,spy2,0.89023143,train,42,weighted,False
Breast_MRI_577_z021,Breast_MRI_577,3,1,duke,0.7462063,train,42,weighted,False
Breast_MRI_577_z022,Breast_MRI_577,3,1,duke,0.7446936,train,42,weighted,False
Breast_MRI_577_z023,Breast_MRI_577,3,1,duke,0.75321907,train,42,weighted,False
Breast_MRI_577_z024,Breast_MRI_577,3,1,duke,0.7518618,train,42,weighted,False
Breast_MRI_577_z025,Breast_MRI_577,3,1,duke,0.763168,train,42,weighted,False
Breast_MRI_577_z026,Breast_MRI_577,3,1,duke,0.76193714,train,42,weighted,False
Breast_MRI_577_z027,Breast_MRI_577,3,1,duke,0.7541238,train,42,weighted,False
Breast_MRI_577_z028,Breast_MRI_577,3,1,duke,0.7592656,train,42,weighted,False
Breast_MRI_577_z029,Breast_MRI_577,3,1,duke,0.7610551,train,42,weighted,False
Breast_MRI_577_z030,Breast_MRI_577,3,1,duke,0.76253587,train,42,weighted,False
