patient_id,label,fold,cohort,historical,clinical,selected,selected_calibrated_crossfit,clinical_calibrated_crossfit
ACRIN-6698-103939,0,0,spy2,0.499141159,0.27268175732699534,0.3568707925,0.192684097632596,0.14897863513240006
ACRIN-6698-104268,0,1,spy2,0.5207526925000001,0.535889025252991,0.535889,0.33110205470036386,0.3275077939142753
ACRIN-6698-107700,0,2,spy2,0.363753789,0.47674923525772417,0.38517613500000003,0.21046384716183503,0.2813080274138616
ACRIN-6698-108969,1,3,spy2,0.467351396,0.6059108150556811,0.63755137,0.41944168759133854,0.3736477552590683
ACRIN-6698-115987,0,4,spy2,0.610318216,0.6192111201466394,0.6873186,0.4917563084920648,0.41119589647813964
ACRIN-6698-118307,0,2,spy2,0.420676346,0.5746109706649296,0.613471895,0.4060551124420166,0.36322135809224687
ACRIN-6698-130580,1,0,spy2,0.40515464,0.4455588972771338,0.46479595500000004,0.26749332206549314,0.2559741642795061
ACRIN-6698-139973,0,1,spy2,0.53464164,0.3157078886259056,0.3157079,0.16166192500137672,0.16870402784294047
ACRIN-6698-144302,0,3,spy2,0.560177399,0.6097210079044327,0.6696129925000001,0.45462477878268365,0.37717515129282647
ACRIN-6698-145777,0,4,spy2,0.3526020217,0.4475778885098599,0.44507078749999995,0.24815239461327898,0.2538368308349069
ACRIN-6698-146987,0,0,spy2,0.420374149,0.2897008681844299,0.3196800275,0.1693092333976535,0.15869095934625274
ACRIN-6698-148357,0,1,spy2,0.5394851884999999,0.18149500350631304,0.18149501,0.08326154486819619,0.09162344587404114
ACRIN-6698-150547,0,2,spy2,0.422353568,0.2795865996837472,0.270403525,0.1354037667294036,0.14752132331653153
ACRIN-6698-152090,1,4,spy2,0.5682506315,0.34357725513430154,0.389653515,0.20556307984757394,0.17809078061211883
ACRIN-6698-169918,0,3,spy2,0.27924419325,0.26009734065186485,0.1980675525,0.09051446449027681,0.12949791623064053
ACRIN-6698-172366,1,3,spy2,0.707981917,0.5166651975085234,0.5773930899999999,0.3588866148923231,0.2976139293638602
ACRIN-6698-179568,0,0,spy2,0.511885119,0.3030298366430813,0.2855001675,0.14875033506366306,0.1664010485027223
ACRIN-6698-188700,1,1,spy2,0.50179186,0.5729979452623813,0.572998,0.36615133919886905,0.3598371439159704
ACRIN-6698-202535,0,2,spy2,0.3974270275,0.5876086278963436,0.5919377125,0.38427709721564446,0.3751135488786288
ACRIN-6698-209967,0,4,spy2,0.4992310064999999,0.30531299938474116,0.32050161499999996,0.15778758032930318,0.15319910674218304
ACRIN-6698-213913,1,3,spy2,0.588343596,0.7352613393013973,0.77127755,0.5822616261461246,0.5099835369940744
ACRIN-6698-218503,0,0,spy2,0.3968169155,0.29228102018182484,0.2158445625,0.10926130965144962,0.16017613864259966
ACRIN-6698-219545,0,1,spy2,0.4797866765,0.5213709110715176,0.5213709,0.31797753949424085,0.31538164912110933
ACRIN-6698-220471,0,2,spy2,0.4416929265,0.8395946625900631,0.825628305,0.6741805527619712,0.6756814898601934
ACRIN-6698-220925,0,4,spy2,0.4236015292499999,0.7899666849414182,0.803124425,0.6517217877274615,0.6240232796036339
ACRIN-6698-222135,0,1,spy2,0.2851110405,0.28027626043313536,0.28027627,0.1394193830505614,0.14721653749322605
ACRIN-6698-227055,0,2,spy2,0.4055178665,0.5177908789654806,0.4723409075,0.2767709707063264,0.3141284378380101
ACRIN-6698-233191,0,0,spy2,0.4174652255,0.5288601402732367,0.5597448899999999,0.34401211232041395,0.31629668107350506
ACRIN-6698-234723,0,3,spy2,0.4527191184999999,0.562036315044775,0.6018008825000001,0.3826482529971725,0.334769309636598
ACRIN-6698-239910,0,4,spy2,0.3673246972,0.5894101895116716,0.6521246574999999,0.4494665109789959,0.38042713724750277
ACRIN-6698-240957,0,0,spy2,0.436477152,0.2518439187626394,0.27807792,0.1443947373785307,0.1372746771830771
ACRIN-6698-241998,0,1,spy2,0.3706980729999999,0.31306931422702966,0.3130693,0.15996430567119868,0.16707222501704605
ACRIN-6698-253531,1,3,spy2,0.639213041,0.5290585454064173,0.6048204400000001,0.3856622468498685,0.3074795893277042
ACRIN-6698-255388,1,2,spy2,0.488394616,0.8030871119544302,0.78800352,0.618205300852858,0.6213712781781976
ACRIN-6698-263143,0,4,spy2,0.3031602542,0.6846152595631151,0.6674747249999999,0.4675786952804884,0.4848035213781739
ACRIN-6698-264305,1,3,spy2,0.2159151335999999,0.5966963804600165,0.5281196875,0.31396922652366416,0.36522084360324525
ACRIN-6698-266840,0,0,spy2,0.399461664,0.5855787734576426,0.605567235,0.38546717153433463,0.3619537991762304
ACRIN-6698-275034,1,1,spy2,0.4734996125,0.6525959943119691,0.652596,0.4493997817910876,0.43656902637720163
ACRIN-6698-277888,1,2,spy2,0.4735555935,0.294482829862728,0.31620217000000006,0.16385983088212713,0.1564938669434967
ACRIN-6698-283070,0,4,spy2,0.30189068175,0.41557751526860776,0.26491893,0.1232689188506764,0.22917550654889635
ACRIN-6698-284443,0,3,spy2,0.5363359245,0.47981455221591357,0.5223502600000001,0.3089591368552928,0.2694368965368001
ACRIN-6698-284593,0,0,spy2,0.4409336075,0.6628384401606229,0.66713131,0.4468629298249548,0.43186704498002365
ACRIN-6698-285339,1,1,spy2,0.517192925,0.7571995193635804,0.7571995,0.578793393755749,0.5569036726883594
ACRIN-6698-287961,1,2,spy2,0.587879533,0.5084602222399865,0.6238141150000001,0.41681065675893647,0.3064842230747303
ACRIN-6698-293142,0,4,spy2,0.674150396,0.18054694885344894,0.2727108225,0.12791273482180102,0.081464261642688
ACRIN-6698-296123,1,1,spy2,0.4940810255,0.601982328548246,0.6019823,0.39512469401189393,0.3865325022643477
ACRIN-6698-296841,1,3,spy2,0.684424209,0.46863770386697057,0.5612309575,0.3437191585611748,0.2612131920107542
ACRIN-6698-298101,0,0,spy2,0.4504952765,0.3846398827436698,0.36717547,0.19935996343715814,0.21590960229275144
ACRIN-6698-299962,0,2,spy2,0.4254820334999999,0.45384101838112245,0.441041105,0.2519216551424084,0.2638494439447428
ACRIN-6698-301665,0,4,spy2,0.6598032345,0.4216087222953961,0.43316412,0.23865578463459586,0.23372645425248037
ACRIN-6698-317402,0,3,spy2,0.849393443,0.3438902433122151,0.37572611,0.1965496600462392,0.17807435810611708
ACRIN-6698-317641,1,0,spy2,0.4325710769999999,0.7632282351944303,0.7685131574999999,0.5660702483074969,0.5408989800705771
ACRIN-6698-320538,0,1,spy2,0.5198425915,0.5489975326452439,0.5489975,0.34323108829298216,0.3387029553255631
ACRIN-6698-323721,0,2,spy2,0.4452787995,0.2147375552806566,0.2482616275,0.12229733591732174,0.11017219005614812
ACRIN-6698-326433,1,4,spy2,0.711788505,0.7347157224597317,0.76803044,0.5996414163489885,0.5475321271697242
ACRIN-6698-328160,0,1,spy2,0.4208786345,0.34591257811108694,0.34591258,0.18158717288793358,0.1877680028144792
ACRIN-6698-329076,0,0,spy2,0.419038074,0.3267569492491857,0.3436431125,0.18424398555713478,0.1803682484163392
ACRIN-6698-335536,0,3,spy2,0.458059827,0.27422674815806863,0.290741145,0.1423628268822071,0.1373506137209597
ACRIN-6698-342959,1,4,spy2,0.3930149065,0.521780800617553,0.3793285275,0.19806646533504377,0.31626899878363934
ACRIN-6698-343898,0,2,spy2,0.569084091,0.5208552564877695,0.6109939074999999,0.4035070908818536,0.3166633611339687
ACRIN-6698-345907,0,0,spy2,0.436534526,0.5335841021109637,0.5100710399999999,0.3025460010188337,0.31994317337621475
ACRIN-6698-355942,0,2,spy2,0.4568625515,0.26114793593470964,0.2237876875,0.10827645696575891,0.1366270115273468
ACRIN-6698-356431,1,3,spy2,0.6890719005,0.7091182171953466,0.755450355,0.5605924825553449,0.4793198486132481
ACRIN-6698-361701,0,4,spy2,0.4652947115,0.3676926886450562,0.38706893249999996,0.20367404974416842,0.19455784437397794
ACRIN-6698-373346,0,1,spy2,0.5561010655,0.2663148960625422,0.2663149,0.1309742983479784,0.13899166165888557
ACRIN-6698-375954,0,4,spy2,0.2750694597499999,0.8546989794796946,0.655519225,0.45342848143384773,0.7247931877115459
ACRIN-6698-384830,0,0,spy2,0.3715586535,0.5287616724714216,0.4884778525,0.28552390580062825,0.3162209548013714
ACRIN-6698-396723,0,1,spy2,0.3897466535,0.4241314233558876,0.4241314,0.2377121450077075,0.24075811759328108
ACRIN-6698-397505,1,2,spy2,0.5377587764999999,0.6020910570414479,0.665315815,0.46202790710640934,0.38867932092706375
ACRIN-6698-399478,1,3,spy2,0.6841504065,0.6375968818827455,0.6929911750000001,0.48169662544788955,0.4037808697771951
ACRIN-6698-401215,0,4,spy2,0.7417946245,0.33066151710898717,0.4166308775,0.2257885707568723,0.169523170012097
ACRIN-6698-407539,0,3,spy2,0.619966555,0.2726859453775639,0.34034192750000003,0.17313871857374405,0.13648807079972963
ACRIN-6698-408692,1,0,spy2,0.4191676574999999,0.7794347497185221,0.781189725,0.5829367656037271,0.5610473813860407
ACRIN-6698-409288,0,1,spy2,0.5225632635,0.5234599752797188,0.52346,0.31984649803898724,0.31710928521626147
ACRIN-6698-417474,1,2,spy2,0.527914295,0.6376176534230007,0.6771666825,0.47557802299992546,0.4234570246378298
ACRIN-6698-421917,0,2,spy2,0.4395612315,0.6327539852556608,0.6517801775000001,0.4469066505790214,0.4185640350176266
ACRIN-6698-422013,0,0,spy2,0.394830665,0.6254915858733552,0.49351495,0.28944371949983905,0.396822477890079
ACRIN-6698-429220,0,1,spy2,0.569518434,0.5682610416223909,0.568261,0.36155267149846076,0.35559859922218784
ACRIN-6698-432114,1,4,spy2,0.721629987,0.541947478956225,0.597654085,0.3891114416168679,0.3346249147882432
ACRIN-6698-435279,0,3,spy2,0.4523408974999999,0.2509116308814561,0.2769015075,0.1341721635871911,0.12445986845870079
ACRIN-6698-460642,0,3,spy2,0.5485472490000001,0.2868708962967664,0.33241087,0.16806263089737636,0.14448780728641145
ACRIN-6698-462582,0,0,spy2,0.444611479,0.2736099434888501,0.2877152525,0.1500575177983368,0.14950465600968998
ACRIN-6698-465008,0,1,spy2,0.4930200715,0.31930836835947385,0.31930837,0.1639893502449994,0.17093921087041863
ACRIN-6698-474874,1,2,spy2,0.4405478129999999,0.7684504676156041,0.7818753224999999,0.6094864373391469,0.5740145807844639
ACRIN-6698-490023,1,4,spy2,0.5577198195,0.8439340754318408,0.7955081575,0.6401377641488245,0.7071313119795831
ACRIN-6698-490805,1,1,spy2,0.5258310214999999,0.6221616731986502,0.6221616,0.41618083866181566,0.4059334904486269
ACRIN-6698-506623,0,0,spy2,0.3934953625,0.3833910427903,0.331580545,0.17667017329549675,0.21511862757174857
ACRIN-6698-511851,0,2,spy2,0.422828687,0.2595728245744262,0.20513164,0.09790457020698806,0.13570691023151923
ACRIN-6698-516763,1,3,spy2,0.424212584,0.6955270312117128,0.76660236,0.5757849291927681,0.46407190286018435
ACRIN-6698-516834,0,4,spy2,0.4103682525,0.4010425799756611,0.4676314475,0.26669256979081607,0.2183872725567207
ACRIN-6698-520471,1,1,spy2,0.5486614949999999,0.3487438735039234,0.34874386,0.18350236662149524,0.1895923608682447
ACRIN-6698-522140,0,0,spy2,0.356761683,0.269017036614607,0.1871935425,0.0938421868491858,0.14690577740751687
ACRIN-6698-530095,0,2,spy2,0.4116894375,0.3317702005616902,0.3095685025,0.15962123014742668,0.1796673059019759
ACRIN-6698-531988,1,3,spy2,0.212376096535,0.7583619840811767,0.6165126249999999,0.39749280180893193,0.5386689470607944
ACRIN-6698-563681,0,4,spy2,0.4999600454999999,0.2611843615549043,0.18947489,0.08139127412628785,0.12625590896094896
ACRIN-6698-571995,0,0,spy2,0.4134433985,0.473077795880637,0.4062947175,0.22555343275132442,0.2751240103743381
ACRIN-6698-573919,0,1,spy2,0.359424426,0.7729180950308427,0.77291805,0.6005395367790438,0.577391630711765
ACRIN-6698-580632,0,2,spy2,0.4275739169999999,0.20077350482403772,0.19724639500000002,0.09360051266594295,0.10246370484685918
ACRIN-6698-584561,1,3,spy2,0.5017423305000001,0.8074014885280394,0.828308175,0.666789622321918,0.6052639498802711
ACRIN-6698-587604,0,4,spy2,0.369323404,0.6520457759450146,0.5496714125,0.34062480110744275,0.44705258340730114
ACRIN-6698-587691,1,0,spy2,0.5665436575,0.4566908028258658,0.5062664325,0.2995049254399383,0.2636354334564492
ACRIN-6698-591810,1,2,spy2,0.5294735665,0.4035575653977796,0.5446563775,0.3392008037531807,0.22748150739395892
ACRIN-6698-598835,0,1,spy2,0.503884574,0.7992911517324333,0.7992912,0.6385459137699466,0.6134630483144795
ACRIN-6698-609151,1,4,spy2,0.6032570460000001,0.8690895523076921,0.9134026875000001,0.8375337293155175,0.7489976396681008
ACRIN-6698-618717,0,3,spy2,0.640762541,0.7103767263881281,0.756221755,0.561631891581579,0.48075497941130557
ACRIN-6698-618860,0,3,spy2,0.515319254,0.25757286444909727,0.2899503725,0.14189032853875225,0.12810814843095364
ACRIN-6698-628788,0,0,spy2,0.3882495259999999,0.6869934337678165,0.561895925,0.3458857643301594,0.4559536633337448
ACRIN-6698-629371,1,1,spy2,0.567291341,0.7687103319021722,0.7687103,0.5946535567523593,0.5718361661137981
ACRIN-6698-629606,0,4,spy2,0.639457319,0.6198210279583587,0.605632905,0.39758572079661936,0.41184280379576466
ACRIN-6698-631299,0,2,spy2,0.5353774005,0.6679106411550969,0.5928733325000001,0.38520643484181777,0.4549419253551784
ACRIN-6698-635632,1,0,spy2,0.4854664775,0.8340818369660888,0.8322356125,0.6563699158441504,0.6359322730200911
ACRIN-6698-638126,0,1,spy2,0.5409850165,0.18181500213296162,0.18181501,0.08343054593802705,0.09179454336938188
ACRIN-6698-641246,1,2,spy2,0.4781321209999999,0.5139639952610642,0.5226681475,0.3194301053952151,0.31097978478559435
ACRIN-6698-641697,0,4,spy2,0.5180052980000001,0.39296553203267054,0.424193245,0.23162860063950413,0.2124997143245112
ACRIN-6698-641977,0,3,spy2,0.6285187045,0.24674916755631404,0.26680243,0.12829901611046055,0.1221938209536802
ACRIN-6698-649198,0,3,spy2,0.4368444509999999,0.814317208434741,0.8409859625,0.6870781674890272,0.6153579884916092
ACRIN-6698-652480,0,0,spy2,0.395098236,0.5930680352891478,0.498402975,0.29327685227813527,0.3683105264453093
ACRIN-6698-653927,1,1,spy2,0.4638585935,0.6207723824084785,0.6207724,0.41470712033267826,0.4045752621344939
ACRIN-6698-654021,0,2,spy2,0.5783459425,0.42435157935905116,0.44736331500000004,0.25684278365199154,0.24221021990448655
ACRIN-6698-654064,0,4,spy2,0.472810066,0.3082019518369133,0.266664255,0.12430372144140962,0.15502743718958178
ACRIN-6698-655128,0,3,spy2,0.4781786555,0.2958795023298388,0.34304455,0.17488246031856258,0.14963849386390535
ACRIN-6698-661730,1,0,spy2,0.372894175,0.6603291380407186,0.55351976,0.3386278164345299,0.4294318445321093
ACRIN-6698-663144,0,1,spy2,0.476112894,0.26394400523572964,0.263944,0.12955754863038038,0.13760789795877304
ACRIN-6698-664111,1,2,spy2,0.437170151,0.6261798515562889,0.719671225,0.5267123344486773,0.41201841499250635
ACRIN-6698-683896,0,4,spy2,0.6149890570000001,0.24634388831346737,0.2962614375,0.14233035157828308,0.11759532533679543
ACRIN-6698-685795,0,0,spy2,0.4062536719999999,0.4571866664314857,0.45300108000000006,0.2587491744469887,0.26397934552657526
ACRIN-6698-688291,0,3,spy2,0.5205212185,0.23526163234523312,0.26246325,0.12580193287218167,0.11599334740337759
ACRIN-6698-688955,0,1,spy2,0.4845248159999999,0.3386652387120896,0.33866525,0.17672239877425786,0.18312790218423497
ACRIN-6698-689480,0,2,spy2,0.3137162445,0.2506094078935111,0.1750067625,0.08170973664057614,0.13050169369175227
ACRIN-6698-690089,0,4,spy2,0.42287598,0.6813392563820969,0.665665985,0.46541810677512135,0.4809030094138525
ACRIN-6698-691753,0,0,spy2,0.424874284,0.30455447105253103,0.2451345575,0.12549994364304953,0.16728902760249625
ACRIN-6698-698094,0,3,spy2,0.4369770544999999,0.2849948676112699,0.3487543025,0.17859007322493112,0.1434221277080474
ACRIN-6698-706639,0,4,spy2,0.683346419,0.6346227707462705,0.5651438950000001,0.3558086348011047,0.4277615189518419
ACRIN-6698-721099,0,1,spy2,0.3945848225,0.5790265986098139,0.5790266,0.3720583829711157,0.36528086822190114
ACRIN-6698-724293,1,2,spy2,0.44246947,0.6501910869226628,0.5624866749999999,0.35577539628855614,0.4363100743263799
ACRIN-6698-724384,0,0,spy2,0.405063669,0.36782831540322436,0.334856385,0.17871563025782025,0.20535532643328355
ACRIN-6698-738041,1,2,spy2,0.508736751,0.6377498384010636,0.7164468749999999,0.5226879578677379,0.42359061232924095
ACRIN-6698-748583,0,1,spy2,0.4282356845,0.26490210266426406,0.26490209,0.130129460553925,0.13816664178626667
ACRIN-6698-748611,1,3,spy2,0.5209143725,0.22706772715687482,0.266334725,0.12802910723155453,0.11161728242802901
ACRIN-6698-753109,1,4,spy2,0.633024314,0.5691482321079506,0.6003509149999999,0.3919621490010437,0.3604112009439549
ACRIN-6698-755914,1,4,spy2,0.7832331115,0.6534693732566332,0.798349775,0.6444412705556309,0.4486559664008022
ACRIN-6698-760011,1,0,spy2,0.4186541815,0.5593240929361216,0.6331535725,0.41210525074251586,0.34029541970821964
ACRIN-6698-760901,1,1,spy2,0.4546551394999999,0.620248171416746,0.62024814,0.4141519062269015,0.40406365381653664
ACRIN-6698-765671,1,2,spy2,0.424850859,0.5635468380074329,0.5384648375,0.3335603705270715,0.35330112010276277
ACRIN-6698-771151,1,3,spy2,0.5214402025,0.5896562586446452,0.622663365,0.4038202851812208,0.35887903704459073
ACRIN-6698-771443,0,4,spy2,0.5261547195,0.4319169207994462,0.46269404249999996,0.26257276196945234,0.24160789872664315
ACRIN-6698-774840,1,0,spy2,0.3972240675,0.4722086879492544,0.5026560250000001,0.2966358625018728,0.2745082104385932
ACRIN-6698-775346,0,1,spy2,0.4760571275,0.2957798279528641,0.29577982,0.14900628102308291,0.15650739879685735
ACRIN-6698-779739,1,2,spy2,0.678332312,0.5864166031311119,0.5922652700000001,0.38460228390377754,0.3740119393535404
ACRIN-6698-783764,0,3,spy2,0.5119885475,0.29424416573338236,0.3324259775,0.16807224231670373,0.14869935034848472
ACRIN-6698-786753,0,4,spy2,0.3147966961,0.7869026787105807,0.5691075425,0.3597660992863588,0.6195636250767879
ACRIN-6698-792181,1,0,spy2,0.483357838,0.556406590438037,0.5996732699999999,0.3799464768601453,0.33794623359977
ACRIN-6698-793155,0,1,spy2,0.402927444,0.32865917322429294,0.32865918,0.17009358861170648,0.17679064757572704
ACRIN-6698-794128,0,2,spy2,0.4682193845,0.5746369004334896,0.544632545,0.33917898046826395,0.3632448233900184
ACRIN-6698-799149,1,3,spy2,0.5200636975,0.5921311679567379,0.664476475,0.44884094420319987,0.36109906287110105
ACRIN-6698-801641,0,1,spy2,0.5036168445,0.558477838348764,0.5584779,0.35217266791097346,0.3469504694881909
ACRIN-6698-802308,0,4,spy2,0.3918018975,0.6243418324315422,0.6758595000000001,0.4776880349296113,0.41665995044063603
ACRIN-6698-804979,0,0,spy2,0.4743542705,0.3253403278642413,0.36719788249999996,0.19937458159038812,0.17952521979470612
ACRIN-6698-805136,0,2,spy2,0.4375874165,0.6819844484620475,0.71652393,0.5227838435595453,0.470193749776325
ACRIN-6698-820807,1,3,spy2,0.4458145905,0.20161292653696072,0.22187208,0.10318341977947096,0.09825848268087337
ACRIN-6698-831848,1,0,spy2,0.396978339,0.8698575183689016,0.842795575,0.6727959814911812,0.6921493378359367
ACRIN-6698-839274,0,1,spy2,0.3197942185,0.3486948353099212,0.34869486,0.18346915034934438,0.1895607068216608
ACRIN-6698-845783,1,2,spy2,0.6223541825,0.38000998994296276,0.3579859525,0.19152204739501152,0.21129866913400636
ACRIN-6698-856159,0,3,spy2,0.5628570457500001,0.6445829144711887,0.654962875,0.43827919096849566,0.4106788455718649
ACRIN-6698-860243,0,4,spy2,0.5376333615,0.20021697259895782,0.1960891075,0.08484645991368231,0.09189007824293732
ACRIN-6698-861745,0,0,spy2,0.4957810875,0.4498995729959271,0.52335157,0.3133064351970286,0.2589481127477041
ACRIN-6698-863161,1,4,spy2,0.718060312,0.7801658634553068,0.7678868525,0.5994350440096148,0.6098513425113382
ACRIN-6698-866660,0,1,spy2,0.4917906475,0.28269366490558206,0.28269368,0.14089961966353773,0.14865415807028476
ACRIN-6698-870077,0,2,spy2,0.537422811,0.2567135480206795,0.2737721825,0.1374339641527156,0.13404081595923603
ACRIN-6698-875089,0,3,spy2,0.6433422775000001,0.6515614717262751,0.695957675,0.4852221066876297,0.41766615187267275
ACRIN-6698-879224,0,2,spy2,0.6425013545,0.6688795833537876,0.7108199374999999,0.515723753332883,0.45597883792175076
ACRIN-6698-882553,0,0,spy2,0.4895675634999999,0.23895247879473805,0.3176294575,0.1680517658333431,0.13012939788805958
ACRIN-6698-884011,0,1,spy2,0.4119641129999999,0.2526354674537457,0.25263548,0.12286839237556145,0.13105821884681587
ACRIN-6698-894673,0,4,spy2,0.7421631995,0.5606412774440865,0.474074575,0.2721222569995183,0.3522159874609997
ACRIN-6698-896852,0,3,spy2,0.27663401745,0.464945979401424,0.49495695,0.2858364727187221,0.2585282139141725
ACRIN-6698-899692,1,2,spy2,0.444150311,0.5523477066871183,0.5680509174999999,0.3610508915126029,0.34344340708170246
ACRIN-6698-900959,0,3,spy2,0.7026713185,0.5481782102158567,0.6484004349999999,0.43110563366330784,0.32311160748311923
ACRIN-6698-901705,0,0,spy2,0.46615883,0.31565453473678945,0.37910969,0.20720539904104252,0.17379275058033644
ACRIN-6698-913527,0,1,spy2,0.4076986895,0.608280156800939,0.6082802,0.4016161520075461,0.39251295045160944
ACRIN-6698-924071,0,4,spy2,0.3365021445,0.3047379142470862,0.219916355,0.09763165482994146,0.15283612297501392
ACRIN-6698-928170,0,0,spy2,0.420555869,0.19034314494859286,0.2383428825,0.12168940629530649,0.1037507438056961
ACRIN-6698-928446,0,1,spy2,0.4638923025,0.31564771991867985,0.31564772,0.16162313093624203,0.16866675853712207
ACRIN-6698-928815,0,3,spy2,0.3025495648,0.510548585320989,0.5284783150000001,0.31428230823264186,0.2928193013607458
ACRIN-6698-929391,0,4,spy2,0.6555654344999999,0.5781461597498015,0.63586159,0.4308200348178195,0.3692123876588861
ACRIN-6698-929980,1,2,spy2,0.494134839,0.8473590966794579,0.9019961425,0.8022751222218776,0.6878849071016406
ACRIN-6698-938719,0,2,spy2,0.428951089,0.22433893163109603,0.1504832725,0.06901079327757859,0.11553740619029312
ACRIN-6698-942017,0,0,spy2,0.4114762289999999,0.2601512024170349,0.19222239500000002,0.09651716868343876,0.1419169674973577
ACRIN-6698-943633,0,1,spy2,0.6227624924999999,0.6259183134798452,0.6259183,0.4201843226411648,0.40962323938575573
ACRIN-6698-946927,1,3,spy2,0.6792868015,0.7768049056745995,0.80699238,0.6339513915729817,0.5627483727769936
ACRIN-6698-949444,0,4,spy2,0.44437707,0.5488238093402945,0.6314976125,0.42590932204526244,0.3410298929279729
ACRIN-6698-960029,0,2,spy2,0.579900593,0.6856557225060285,0.6775487499999999,0.4760198138943178,0.4742409741302704
ACRIN-6698-962153,0,3,spy2,0.4122626259999999,0.4885383936357081,0.5448559225,0.3287902626538915,0.27595710473928037
ACRIN-6698-963303,0,0,spy2,0.4367214064999999,0.39568766124977484,0.3974411675,0.21950313493590284,0.22295707716129395
ACRIN-6698-963604,0,1,spy2,0.504154518,0.24400149922386524,0.24400148,0.11783635669027595,0.12611267751954577
ACRIN-6698-970839,0,4,spy2,0.4815351045,0.2755033313014513,0.40289047,0.2153700580978058,0.13479988862478612
ACRIN-6698-971492,0,2,spy2,0.4206498214999999,0.34454029991869284,0.3545452625,0.18917938832574882,0.1878517223067392
ACRIN-6698-982086,1,3,spy2,0.5129190015,0.8248269094692388,0.8467890225000001,0.6965615183033949,0.6310671666178821
ACRIN-6698-987914,0,0,spy2,0.3658314735,0.5702647091168235,0.4450928975,0.2529708732848572,0.3492055238154525
ACRIN-6698-991818,1,1,spy2,0.5828251905,0.517010456799814,0.51701045,0.31409751862317403,0.3117939357683251
ACRIN-6698-992609,1,4,spy2,0.4369156985,0.49981452299707024,0.5229691175,0.31538089597682295,0.29697602506029025
ACRIN-6698-995480,0,2,spy2,0.473794251,0.4834865612204477,0.5068966475000001,0.30568471196211366,0.28655633265599684
Breast_MRI_005,1,3,duke,0.4389866255,0.6041725656476488,0.6564605649999999,0.43992905915592945,0.37204691703555764
Breast_MRI_009,1,0,duke,0.4802327695,0.5721268396283927,0.6299162675000001,0.4089088070668254,0.3507381808134186
Breast_MRI_010,0,1,duke,0.457536379,0.5373850757184577,0.5373851,0.332472829221951,0.32877347710271443
Breast_MRI_012,0,4,duke,0.44979238,0.47706365783458243,0.40737897,0.2187463925765751,0.27772846154044045
Breast_MRI_019,0,1,duke,0.4825520095,0.31988026910437184,0.31988028,0.16436021491942907,0.17129515579443838
Breast_MRI_021,0,2,duke,0.3537029305,0.3771469635316477,0.24222239250000002,0.11879282645386022,0.20936558550572232
Breast_MRI_022,0,0,duke,0.3788739285,0.5408538712598218,0.3617002375,0.1958016738850809,0.32560739047240045
Breast_MRI_040,0,3,duke,0.4080621759999999,0.2929364143813261,0.211713125,0.09772460470206369,0.14794966123792197
Breast_MRI_041,0,4,duke,0.620941036,0.2348845444471219,0.2814805575,0.13321389306933148,0.11104035240124563
Breast_MRI_043,0,0,duke,0.473941003,0.6149446604125719,0.5235074399999999,0.31343408939552275,0.38736463105984975
Breast_MRI_044,1,4,duke,0.454795698,0.8988173427972623,0.911963125,0.8348945649842224,0.8012183048818564
Breast_MRI_046,0,1,duke,0.397589372,0.22048554566712902,0.22048554,0.10445277007566188,0.11287486868847264
Breast_MRI_053,0,3,duke,0.4135313365,0.33796687024748556,0.3150832725,0.15718140177670709,0.17447184402194488
Breast_MRI_056,0,2,duke,0.3544399884999999,0.5572785861662839,0.20870226,0.09986900214345162,0.34776129658852767
Breast_MRI_057,0,0,duke,0.4382372595,0.27089638029055035,0.18494774,0.09265174758459187,0.14796798516075554
Breast_MRI_061,1,2,duke,0.4451931,0.4877913813999246,0.5774078475,0.3700358055709142,0.289937640640628
Breast_MRI_064,0,1,duke,0.4504200685,0.6534945554698317,0.6534946,0.450408434435593,0.4375000731779576
Breast_MRI_069,0,3,duke,0.508183608,0.41981491319173136,0.3501029225,0.17947051808610767,0.2268914375011982
Breast_MRI_082,0,4,duke,0.447668224,0.35672825697170496,0.2931170525,0.1403716748363334,0.18699365345039956
Breast_MRI_086,0,0,duke,0.4781570324999999,0.5628220216404911,0.5464850250000001,0.33261035812490936,0.34312673694749035
Breast_MRI_090,0,4,duke,0.2630886743,0.6149466332122159,0.5980287125,0.3895066192987671,0.4066923610082872
Breast_MRI_091,0,1,duke,0.4378956155,0.20965168596915162,0.20965172,0.09844174061412789,0.1068857511478254
Breast_MRI_097,0,2,duke,0.433799035,0.5180395931852994,0.5466860375,0.3410625514265329,0.31433372592886627
Breast_MRI_099,1,3,duke,0.2376682762499999,0.5411778028641698,0.42610065750000004,0.2321869351174118,0.31732867845906915
Breast_MRI_101,0,0,duke,0.4192606835,0.369919227092184,0.3691372375,0.20064112405956266,0.20665715095369477
Breast_MRI_103,0,1,duke,0.624982597,0.598015260089456,0.59801525,0.39107233135728836,0.3827991821454578
Breast_MRI_104,0,2,duke,0.5329033715,0.2586438842968525,0.1972176425,0.09358490391281338,0.13516503284951933
Breast_MRI_107,0,3,duke,0.5589709595000001,0.6065678585632057,0.6747865799999999,0.4605091383983712,0.37425422379357964
Breast_MRI_114,0,4,duke,0.521090941,0.36920713384686515,0.264970065,0.12329919280637366,0.19561292528554894
Breast_MRI_115,1,1,duke,0.5025494045000001,0.5954637838566539,0.5954638,0.3884808145905503,0.38041168019077265
Breast_MRI_117,0,0,duke,0.557992716,0.7395584624310116,0.8085704075,0.6211608410976189,0.512899541848954
Breast_MRI_119,0,2,duke,0.3687787514999999,0.4182087638952965,0.3557178325,0.1899764130745461,0.23781497104520513
Breast_MRI_123,0,3,duke,0.4014094144999999,0.36586991475505287,0.308576775,0.15316788360119676,0.19168956629490658
Breast_MRI_129,0,4,duke,0.5147162985,0.7121155381825,0.69710702,0.5040086926648463,0.5185024062321815
Breast_MRI_134,1,1,duke,0.636314957,0.685873609008253,0.6858736,0.48787409092178474,0.4721391724108055
Breast_MRI_136,0,0,duke,0.3445215275,0.4062271116101446,0.3517821525,0.18942023316823545,0.22976649742518027
Breast_MRI_137,0,2,duke,0.3883283859999999,0.3110532828077526,0.253437625,0.12532464116511774,0.16666271062227087
Breast_MRI_141,0,3,duke,0.3479029205,0.4829393835777509,0.4517768375,0.2514859782355662,0.27176203824212497
Breast_MRI_142,1,4,duke,0.372535269,0.4150907605014823,0.45246979249999997,0.25415307074561144,0.22881013946494638
Breast_MRI_144,1,0,duke,0.439693966,0.8028306086201418,0.7619712299999999,0.5575583561692655,0.5916976231699151
Breast_MRI_148,0,1,duke,0.389643914,0.5155162098260558,0.5155162,0.3127743792501499,0.31057015563640206
Breast_MRI_150,0,2,duke,0.3192531975,0.18034166424237977,0.12007691375,0.05384410289643466,0.09137784961129733
Breast_MRI_156,0,3,duke,0.437413986,0.6043539074036641,0.6028672724999999,0.38371076528766496,0.3722136791389969
Breast_MRI_157,1,4,duke,0.4742606119999999,0.2932200811437298,0.2323242825,0.10450264656545873,0.14563348366425286
Breast_MRI_160,0,3,duke,0.567041334,0.6913622969540202,0.6180665624999999,0.39908454544195954,0.4594891009534548
Breast_MRI_163,0,0,duke,0.452899074,0.3531855098622865,0.39309883,0.2165624114706951,0.196321834568725
Breast_MRI_167,0,2,duke,0.4132574499999999,0.3389586115965324,0.245586725,0.12074145570145063,0.1842582251672791
Breast_MRI_168,0,1,duke,0.5584590235,0.35829099259196606,0.35829097,0.19002206206004768,0.19579305683681195
Breast_MRI_180,0,4,duke,0.3147561149,0.15879266705890555,0.08412717875,0.03167435505335926,0.07029175106586646
Breast_MRI_189,0,1,duke,0.5309627994999999,0.5309575219397922,0.5309576,0.32660811222186087,0.3233571811689553
Breast_MRI_198,0,2,duke,0.42335467,0.2846249191578389,0.2306690625,0.11217046804503018,0.15053860279177497
Breast_MRI_205,0,0,duke,0.3775639915,0.2798907961319423,0.1601127575,0.07965200350777278,0.1530750985305427
Breast_MRI_217,1,4,duke,0.4368498609999999,0.5018417196144006,0.4485097775,0.2509318905976256,0.29872679752472914
Breast_MRI_228,0,3,duke,0.3657206205,0.22528290203223245,0.21472667499999998,0.09933572296695853,0.11066910510543732
Breast_MRI_233,0,0,duke,0.401363115,0.6751570171510588,0.49154959,0.28791067233246476,0.44400174853739793
Breast_MRI_234,0,1,duke,0.349517444,0.5272353885192097,0.5272354,0.3232406737813159,0.320246095140273
Breast_MRI_237,0,2,duke,0.4299336649999999,0.33004331727823655,0.26051187249999996,0.1294979997991659,0.17857054909462503
Breast_MRI_239,0,4,duke,0.284849058,0.5355816863522211,0.252281125,0.11586764143334959,0.32876238018066356
Breast_MRI_240,0,3,duke,0.716305946,0.4139949723654594,0.4619113675,0.2593286644377753,0.2229632586613785
Breast_MRI_244,0,2,duke,0.4538672525,0.6064475827650396,0.5483250074999999,0.34257055996166114,0.392827183799371
Breast_MRI_253,1,3,duke,0.3096186535999999,0.6406628455054536,0.696092685,0.4853830528477933,0.40679641308884157
Breast_MRI_255,1,0,duke,0.4441310145,0.46736636580389035,0.472763765,0.2734878059642357,0.2710906780873207
Breast_MRI_260,0,1,duke,0.308522705,0.5643527953807691,0.5643528,0.3577866514035602,0.3521268418403024
Breast_MRI_265,0,4,duke,0.2875852675,0.6343303632697936,0.419253605,0.22780536042578448,0.42744292328266886
Breast_MRI_268,0,0,duke,0.4797912669999999,0.33371789291195403,0.362993815,0.1966400571800236,0.18452817758511664
Breast_MRI_269,0,1,duke,0.456553624,0.21700426658103678,0.21700427,0.10251072824334408,0.11094303170985653
Breast_MRI_283,0,3,duke,0.8715500304999999,0.6636473038932724,0.7159574075,0.5095451242002758,0.43000299213757687
Breast_MRI_287,0,2,duke,0.495257974,0.30386329441958626,0.26396890000000006,0.13155262088710204,0.16222559258024188
Breast_MRI_290,0,4,duke,0.3111530485,0.4159154189216174,0.4199060625,0.2283084945019767,0.2294293113818403
Breast_MRI_293,0,0,duke,0.478433392,0.48600247478151937,0.38788152499999995,0.2130520217943044,0.28437026880382277
Breast_MRI_298,0,1,duke,0.4731072345,0.3017548451679488,0.30175483,0.15276100024564165,0.16013371097205534
Breast_MRI_301,1,3,duke,0.1974112668285,0.31570661147750645,0.21931508,0.10180203228780584,0.1611749633539073
Breast_MRI_303,0,2,duke,0.4834062209999999,0.29921609400036836,0.27131127499999996,0.13594988835727145,0.15937801324825418
Breast_MRI_306,0,4,duke,0.2696470629999999,0.8386025643492734,0.7090810599999999,0.5192978347708462,0.6985220453636676
Breast_MRI_307,0,2,duke,0.441584506,0.5343621500131593,0.54158745,0.3363977492445138,0.3279839165201347
Breast_MRI_321,0,0,duke,0.4148824539999999,0.8063737926595043,0.7430737875,0.5336684562980553,0.59651364920779
Breast_MRI_323,0,1,duke,0.5393339659999999,0.369280202350081,0.36928022,0.1976461118209859,0.20302578681401923
Breast_MRI_328,1,4,duke,0.531793432,0.5903381432577828,0.6533891549999999,0.4509395145391986,0.3813609574911703
Breast_MRI_333,0,3,duke,0.5151561545,0.41096164727721846,0.4450012575,0.24631480350945792,0.22092894540813143
Breast_MRI_350,1,0,duke,0.4857051205,0.26261528688946956,0.3102297375,0.16354016469350452,0.14329988484941822
Breast_MRI_356,0,1,duke,0.5366111495,0.2999947562322934,0.29999477,0.15165146382139555,0.159062806093289
Breast_MRI_368,0,2,duke,0.480533619,0.6255853363002463,0.672232925,0.4699009276987315,0.41143029228157796
Breast_MRI_372,0,3,duke,0.469381066,0.40838453674777103,0.400152715,0.21347624615680952,0.21920753697630152
Breast_MRI_377,1,4,duke,0.3477471625,0.680294418189904,0.6972329325,0.5041677311921847,0.4796639637035902
Breast_MRI_378,0,0,duke,0.4833043695,0.1993028134604648,0.22557872999999998,0.11460247217272364,0.10855318305019747
Breast_MRI_383,0,1,duke,0.3712985875,0.5023286745497619,0.5023287,0.3012383317836043,0.29989275294309214
Breast_MRI_385,0,2,duke,0.4235136895,0.2719513909897734,0.184510505,0.08674669025345512,0.142982250102004
Breast_MRI_386,0,4,duke,0.5467037175,0.8206891173195922,0.7310438674999999,0.5482258070642216,0.6702503333239123
Breast_MRI_387,0,3,duke,0.309638319,0.29516364461815653,0.21522326,0.0996018692460813,0.1492271623935133
Breast_MRI_397,0,0,duke,0.450550328,0.5962367063626662,0.647784725,0.4267962527868623,0.37102497302361537
Breast_MRI_398,1,1,duke,0.563939204,0.7642851325236171,0.76428515,0.5885147798462405,0.5660501235977191
Breast_MRI_399,0,3,duke,0.45297581,0.36829360583377946,0.32576973249999996,0.16385866516982778,0.1932154639240532
Breast_MRI_408,1,2,duke,0.416789075,0.5137219542961798,0.38435125,0.20987776635892044,0.31078127211839285
Breast_MRI_412,0,4,duke,0.4676247434999999,0.2117734281658717,0.1302236865,0.05220861182590334,0.09816223729490575
Breast_MRI_414,0,2,duke,0.414367295,0.56778280971256,0.3546033075,0.18921881038066118,0.35707752928711245
Breast_MRI_420,1,0,duke,0.4202222479999999,0.6334163116666633,0.5797455225,0.3617013470924694,0.4040512414255577
Breast_MRI_424,1,1,duke,0.4499585674999999,0.6277716293640601,0.6277716,0.4221692269748468,0.4114528206625678
Breast_MRI_431,0,3,duke,0.3268970331999999,0.8578331409268735,0.870194,0.7361199219552819,0.6835676668546665
Breast_MRI_435,0,4,duke,0.5183542975,0.5378696896481765,0.5394506775,0.33082113778239985,0.3308621578645399
Breast_MRI_438,1,0,duke,0.4746050995,0.6419822052818919,0.57266215,0.3553671990281,0.41198709869374417
Breast_MRI_441,0,1,duke,0.3424489465,0.2705186761996404,0.27051866,0.13349862396422457,0.14145436034704598
Breast_MRI_444,1,2,duke,0.439676987,0.7327810346403743,0.7275117125,0.5366023318282229,0.5289111849559657
Breast_MRI_450,0,3,duke,0.6481450842857143,0.28980502786143364,0.293240785,0.14386002462340294,0.14615931356654005
Breast_MRI_454,0,4,duke,0.3647783985,0.21812778422082124,0.1507537725,0.06196365872401097,0.1016581554340035
Breast_MRI_464,0,3,duke,0.5246605555,0.25675244066409036,0.32395117,0.162714793271511,0.1276573411775493
Breast_MRI_465,0,0,duke,0.4961465145,0.42143927247811463,0.44699958500000003,0.2543579390600358,0.2397495742967427
Breast_MRI_468,0,1,duke,0.52623509,0.8351267421779118,0.83512676,0.6934373442182468,0.666281425554305
Breast_MRI_473,0,2,duke,0.3704768605,0.6693217638711204,0.6121097424999999,0.4046530882867045,0.4564526732806123
Breast_MRI_480,0,4,duke,0.484347902,0.26510503334408103,0.2406461575,0.10919430227324232,0.128576806115829
Breast_MRI_482,1,3,duke,0.8072244470000001,0.7867596112050247,0.80833209,0.6359698333328369,0.5762138868536162
Breast_MRI_486,0,4,duke,0.3747279487,0.35984322248941125,0.233535275,0.10518118671236948,0.18912938978322383
Breast_MRI_489,1,0,duke,0.427624176,0.6535479849362934,0.6437670875,0.42272168475932637,0.42291119649820647
Breast_MRI_491,0,1,duke,0.418545613,0.47693826900926173,0.47693828,0.2797217474587288,0.27993542493022266
Breast_MRI_501,1,2,duke,0.5370187019999999,0.28486438209224596,0.3217884275,0.1674609435130612,0.15068245022006405
Breast_MRI_506,0,0,duke,0.43080929,0.39134061510273555,0.403538225,0.22366180247287118,0.22017320438216165
Breast_MRI_508,0,1,duke,0.4299591465,0.5332098099884374,0.5332098,0.32865589921046057,0.3252487448392267
Breast_MRI_512,1,2,duke,0.417215106,0.2712780166867568,0.2274803975,0.11036144029235369,0.14258384241164324
Breast_MRI_517,0,3,duke,0.384646417,0.23133139102785327,0.25076601,0.11914810107570165,0.11388958272924551
Breast_MRI_521,0,4,duke,0.192589512275,0.2733742291146004,0.118690085,0.04689263103081558,0.13351762488064842
Breast_MRI_525,1,4,duke,0.4522698715,0.8560423385174789,0.8453378225,0.718836540222591,0.7270236968879059
Breast_MRI_527,0,0,duke,0.4425962529999999,0.3645071949851644,0.42413763,0.23797526743070216,0.20329374951822457
Breast_MRI_530,0,1,duke,0.3524154105,0.31449345536552953,0.31449345,0.16087973235145675,0.16795232084590211
Breast_MRI_534,0,2,duke,0.458212586,0.4033344999149677,0.3420307475,0.18075844753770248,0.22732577980742957
Breast_MRI_539,1,3,duke,0.6062115895,0.3975741390393249,0.385385605,0.2031660398787947,0.21205504172791875
Breast_MRI_541,0,0,duke,0.394230602,0.6067176404655494,0.4995099075,0.29414894926006663,0.38011193045048836
Breast_MRI_543,0,3,duke,0.448032201,0.5176417929231758,0.5483808,0.3319674975418856,0.29838395667780837
Breast_MRI_558,0,1,duke,0.530089853,0.8157749740259393,0.81577504,0.6633145512475055,0.6371796962124874
Breast_MRI_559,1,4,duke,0.23765431825,0.8453124822641648,0.7241203675,0.5389810007969831,0.7093719389460161
Breast_MRI_560,0,2,duke,0.39115381,0.29188209873848625,0.1329679825,0.060197482428212074,0.15491602282078576
Breast_MRI_562,1,0,duke,0.5579527265,0.5794858965211231,0.644154875,0.42311361411704673,0.3568421895213531
Breast_MRI_568,0,1,duke,0.3951265515,0.6616660395007326,0.6616661,0.45965632689377095,0.4460399060739713
Breast_MRI_573,0,2,duke,0.417010052,0.2702944539973178,0.20635132900000003,0.09857451194598014,0.14200246035673392
Breast_MRI_577,1,3,duke,0.565201391,0.8236215733038855,0.803568535,0.62881993315383,0.6292422652032508
Breast_MRI_585,0,4,duke,0.4299396798,0.38779671476890226,0.26785924250000004,0.1250140149797144,0.2087715640601625
Breast_MRI_590,0,3,duke,0.8738507959999999,0.3824368388380898,0.30174209750000003,0.14899357768702312,0.20222053694462544
Breast_MRI_592,0,0,duke,0.37402378,0.2559255029743648,0.12697682999999998,0.06273898515873629,0.1395517410398185
Breast_MRI_595,0,1,duke,0.4565485185,0.3208273576870804,0.32082736,0.1649750719990278,0.17188516356838066
Breast_MRI_596,0,2,duke,0.4141511055,0.1867364901714893,0.1610821435,0.07444703891331923,0.0948236213654593
Breast_MRI_597,0,4,duke,0.29604068535,0.3094159742618552,0.17807545125000002,0.07553066096372363,0.15579818801825374
Breast_MRI_600,0,1,duke,0.54030411,0.2813011347215106,0.2813011,0.140046256887462,0.14782553335553414
Breast_MRI_605,0,0,duke,0.429030662,0.3618407892413052,0.38187121999999996,0.20903860385010084,0.20164403137095463
Breast_MRI_607,0,3,duke,0.5159701680000001,0.631342001718516,0.66637316,0.45096993566549803,0.39768509225578413
Breast_MRI_609,0,4,duke,0.5121910885000001,0.22794693766123594,0.2430486925,0.11056136763791245,0.10712698722822583
Breast_MRI_610,0,2,duke,0.6276942099999999,0.6233711946709063,0.5968005075,0.38912373305866604,0.4092454691903062
Breast_MRI_612,0,0,duke,0.4683274884999999,0.657126377761094,0.648190185,0.4272091899953073,0.42634124495131814
Breast_MRI_614,1,1,duke,0.4947326875,0.6813988848497835,0.68139887,0.48256341776521583,0.4672217346395193
Breast_MRI_615,1,2,duke,0.418942912,0.44788817681149773,0.334199205,0.1755670205025178,0.2594074872586631
Breast_MRI_618,0,3,duke,0.2985665565,0.2447510839164652,0.182130125,0.08226639053709647,0.12110975232121492
Breast_MRI_623,0,4,duke,0.4331223549999999,0.35296519580328367,0.36833184750000003,0.19022645973598262,0.1844274291135531
Breast_MRI_626,0,0,duke,0.4616163975,0.26744704254997353,0.27312102250000003,0.14150659524008982,0.1460196891269731
Breast_MRI_633,1,1,duke,0.392391712,0.2793099668132504,0.27930996,0.1388291843364762,0.14664301337750027
Breast_MRI_640,0,4,duke,0.566796066,0.27628463998301256,0.1917628575,0.08258191322316766,0.13527148358873778
Breast_MRI_642,0,2,duke,0.465633435,0.5298180593074843,0.3785241425,0.20575827336649755,0.3241482564292536
Breast_MRI_648,0,3,duke,0.567258789,0.31207088123536425,0.22038509499999998,0.10237948486574712,0.1590383758677306
Breast_MRI_650,0,2,duke,0.4632366904999999,0.35445715423973195,0.2614249875,0.13003971879976034,0.19429934554946332
Breast_MRI_651,0,0,duke,0.4426066466666666,0.30383519673647635,0.30198964250000004,0.1585635585291846,0.16686994916953027
Breast_MRI_652,1,1,duke,0.54220799,0.7904497786165623,0.7904498,0.6255865981287027,0.601122588065247
Breast_MRI_656,1,3,duke,0.585194972,0.6194563904404368,0.6348042250000001,0.4165261326088725,0.38630476175010864
Breast_MRI_660,0,4,duke,0.2976151055,0.7448653360265651,0.6234529925,0.4169578177570343,0.5609805869839809
Breast_MRI_662,0,2,duke,0.348391822,0.5953389697964429,0.34358699000000004,0.18179719263633273,0.3823124178924628
Breast_MRI_666,0,4,duke,0.4373103685,0.6201052755536622,0.40351742749999997,0.2158401050159547,0.41214453628227393
Breast_MRI_670,0,0,duke,0.504466779,0.24556118521040163,0.25172739,0.12922595735640482,0.13378367313804776
Breast_MRI_677,0,1,duke,0.478872829,0.3372816108622421,0.3372816,0.1757997279360777,0.18224685283635025
Breast_MRI_679,0,3,duke,0.517295418,0.7964825433182655,0.6268828725,0.40820331860039305,0.5897017814408996
Breast_MRI_681,0,0,duke,0.3932147095,0.5240765556410405,0.37694062,0.2057702232654251,0.312631068695025
Breast_MRI_684,0,2,duke,0.3865001744999999,0.32684058065186455,0.2344809875,0.11434366391056225,0.17654268485818023
Breast_MRI_685,0,4,duke,0.23665853195,0.24701112934638678,0.09973397625,0.0384129015894387,0.11798052882443157
Breast_MRI_687,0,1,duke,0.386290102,0.8321349309813209,0.8321349,0.6887046072441025,0.6616889000106008
Breast_MRI_693,0,3,duke,0.19699110057,0.5579098033697453,0.45945982500000004,0.2574195205958052,0.33126835687402306
Breast_MRI_694,0,1,duke,0.368844765,0.2465603249784637,0.24656034,0.11932098779088418,0.12757348163360607
Breast_MRI_697,0,0,duke,0.444136616,0.33970436190928116,0.350872525,0.18883904803687493,0.18812940466709896
Breast_MRI_705,0,2,duke,0.324934752,0.2458808558508561,0.1349871775,0.06120280036766048,0.12777653240038703
Breast_MRI_717,0,4,duke,0.31873433585,0.3723457590833987,0.2106046775,0.09257168973568973,0.19780756973780877
Breast_MRI_723,0,3,duke,0.431215904,0.5898432096568739,0.5913699875,0.37236412278276504,0.35904638152195834
Breast_MRI_724,0,0,duke,0.4896672605,0.15883379256034816,0.1542325075,0.07661630263244996,0.0870316902450295
Breast_MRI_735,1,1,duke,0.3567007795,0.5475123121662787,0.5475123,0.34184330806239344,0.33742247935164543
Breast_MRI_746,0,3,duke,0.773491737,0.29701118115246716,0.35123277499999994,0.18020953818967722,0.15028948098449407
Breast_MRI_757,0,2,duke,0.4507860205,0.6731466834201171,0.6890074225,0.489416077182513,0.4605681519850183
Breast_MRI_758,0,4,duke,0.435824694,0.8476516386537917,0.8245230475,0.6851217901720931,0.7131882732215546
Breast_MRI_762,0,2,duke,0.2301720964999999,0.6900844011156859,0.43965210499999996,0.25084697310218584,0.4791619197793026
Breast_MRI_774,1,0,duke,0.460567758,0.7238714356105614,0.73434555,0.5229688962303469,0.4951953129977057
Breast_MRI_776,0,1,duke,0.4301950105,0.19513222432243046,0.19513223,0.09053504325479876,0.09896229992877792
Breast_MRI_778,0,3,duke,0.5408047144999999,0.4738743285640111,0.53943158,0.3239391363578076,0.26504829300206834
Breast_MRI_789,0,4,duke,0.6912829585,0.3656880152529905,0.25580859,0.11791736604617775,0.19316509547813526
Breast_MRI_805,0,1,duke,0.466894701,0.33407502653469395,0.33407503,0.1736689316391669,0.18021088014179037
Breast_MRI_809,0,0,duke,0.438694798,0.25973827131741895,0.2085847225,0.1053124648974666,0.14168548728865074
Breast_MRI_812,1,2,duke,0.5203701395,0.5456087117134742,0.5084011675,0.3069806931071726,0.33759813913098863
Breast_MRI_816,0,4,duke,0.579032895,0.3904876816804903,0.3956698325,0.20999285181572094,0.21070867506493351
Breast_MRI_817,1,3,duke,0.37670235,0.6653514554095197,0.69154596,0.47998660724054487,0.43176719894865384
Breast_MRI_830,1,0,duke,0.4557420965,0.6833981254561535,0.688844675,0.4703107347300306,0.4522921189655022
Breast_MRI_831,0,1,duke,0.520897132,0.23886916198397523,0.23886919,0.11487555928978274,0.12319494840088893
Breast_MRI_836,0,2,duke,0.5549801091666667,0.38126580653248016,0.326536465,0.17054479250552376,0.21214889783375998
Breast_MRI_847,0,3,duke,0.417499091,0.709410981720256,0.71012013,0.5023445174370058,0.4796533427566095
Breast_MRI_851,0,4,duke,0.2643187852,0.2300971822981788,0.10663533375,0.041462930254464396,0.10833549296791077
Breast_MRI_857,0,2,duke,0.4097389185,0.20667999570793447,0.15649056249999999,0.07208232570406667,0.1057107918200678
Breast_MRI_860,0,0,duke,0.562093605,0.33221453962215536,0.393565285,0.2168774711412543,0.1836272777488343
Breast_MRI_865,0,4,duke,0.5322138384999999,0.32896595951433844,0.328724515,0.16317780984805408,0.1684111502869167
Breast_MRI_874,0,1,duke,0.470790848,0.2631105682233784,0.26311058,0.1290607188965801,0.1371223453229505
Breast_MRI_877,0,3,duke,0.3196302723,0.3301019683252337,0.27501906750000005,0.133070857589119,0.1697308282965869
Breast_MRI_879,0,2,duke,0.484405755,0.4474544522356962,0.41624407750000003,0.23308021790913297,0.2590853344179609
Breast_MRI_882,1,0,duke,0.483730439,0.6262592924200415,0.6161563925,0.3955339187719045,0.39751810441450786
Breast_MRI_883,1,1,duke,0.316843776,0.5712160820270447,0.5712161,0.36441708040848786,0.35823877516102787
Breast_MRI_884,0,3,duke,0.404738121,0.5176293569767375,0.564409575,0.34666762574520577,0.29837414331418494
Breast_MRI_891,0,4,duke,0.6510542455,0.7022938621448539,0.7662214325000001,0.5970453327383552,0.5062674264668804
Breast_MRI_899,0,0,duke,0.5072225214999999,0.34423376863505184,0.3798243725,0.20767918251453352,0.19086896666856304
Breast_MRI_900,0,2,duke,0.4392378245,0.24793225039932323,0.189741415,0.08954719718793742,0.12895704800355284
Breast_MRI_901,0,4,duke,0.5325132404999999,0.2028184161050727,0.19366303499999998,0.08357441839058354,0.09329240901722839
Breast_MRI_914,0,1,duke,0.4432483815,0.568185056449227,0.56818503,0.3614792244676345,0.3555308832767297
Breast_MRI_916,0,3,duke,0.6891978974999999,0.2938599447362034,0.35860075750000003,0.18506029490776235,0.1484789673762269
ISPY1_1001,0,0,spy1,0.375634729,0.33370074313428666,0.212653945,0.10752224126021143,0.18451789263251434
ISPY1_1002,0,1,spy1,0.2880075165,0.35274215374878454,0.35274217,0.18622117855203885,0.1921799308752092
ISPY1_1003,0,2,spy1,0.392501091,0.26997047520076484,0.23602481499999997,0.11522709990237426,0.14181110013826453
ISPY1_1005,0,3,spy1,0.58875567,0.24673665966555072,0.2622645725,0.12568797514255284,0.12218702733430137
ISPY1_1007,0,4,spy1,0.2912565705,0.3211550103469627,0.22802007000000002,0.10210239516756844,0.1633259887210654
ISPY1_1008,0,1,spy1,0.3062631644999999,0.2925090811912419,0.29250908,0.14696516999261902,0.15453321501988795
ISPY1_1011,1,2,spy1,0.414490672,0.6983625112452809,0.6086670475,0.4011245447732113,0.48847596500200535
ISPY1_1012,0,0,spy1,0.444356112,0.2167271475801875,0.1662149325,0.08281894368559116,0.11796583602805168
ISPY1_1025,0,3,spy1,0.3503988731999999,0.26778187493181876,0.26783970749999997,0.12889827581273602,0.13375296646155618
ISPY1_1027,0,4,spy1,0.623657927,0.6248364949787423,0.5112233925,0.3046479891062298,0.4171894119063295
ISPY1_1029,0,1,spy1,0.411695642,0.48735763258658893,0.48735762,0.28844311041801723,0.288032112823518
ISPY1_1031,0,2,spy1,0.349512395,0.23376455408197847,0.1642743075,0.07609979445861588,0.12085766679792474
ISPY1_1034,0,4,spy1,0.277773322665,0.5518513421424764,0.49368366,0.289027417053572,0.34387398767252436
ISPY1_1035,0,0,spy1,0.563113639,0.4963324480830136,0.554259405,0.33926461615940495,0.2918828852209365
ISPY1_1036,0,3,spy1,0.3808170725,0.8003670712094479,0.8214806674999999,0.6561010918481396,0.5951867603367286
ISPY1_1037,0,1,spy1,0.3314600175,0.48550294693534934,0.48550293,0.28687977550577404,0.28658153494889654
ISPY1_1038,0,2,spy1,0.4235698069999999,0.6599901550801294,0.695410275,0.4970270200338529,0.4465368922095535
ISPY1_1040,0,0,spy1,0.3808639835,0.4689480312417002,0.353672745,0.19063036160504776,0.27220446092317374
ISPY1_1053,0,3,spy1,0.6070914945,0.3073204336806209,0.2835274725,0.13807283917899912,0.1562611622209556
ISPY1_1054,0,4,spy1,0.449385484,0.552049472962214,0.3818005975,0.19984930303097698,0.3440606311650162
ISPY1_1056,0,0,spy1,0.415910265,0.798392091281271,0.7340718700000001,0.5226366989146665,0.5857315854029747
ISPY1_1060,0,1,spy1,0.5270303015,0.15762453036581323,0.15762451,0.07087779030739577,0.07900404271865823
ISPY1_1061,0,4,spy1,0.3692734472,0.7690817900080755,0.6857057424999999,0.48975838466161087,0.5941458813843817
ISPY1_1062,0,2,spy1,0.3618547285,0.3066533870303267,0.228776035,0.11109552679242783,0.16394286282639392
ISPY1_1064,0,4,spy1,0.260448997905,0.47439907961613703,0.31949129,0.1571304927782695,0.2755214161383707
ISPY1_1066,0,3,spy1,0.6212772025000001,0.5658938339941625,0.606256425,0.38710147966111447,0.3380652187350281
ISPY1_1069,0,0,spy1,0.420786654,0.2613830124336966,0.11750547250000001,0.057985594321352536,0.14260795126213494
ISPY1_1070,1,1,spy1,0.4030200115,0.3337488855079283,0.3337489,0.17345279782972914,0.18000425980553547
ISPY1_1072,0,3,spy1,0.134972355365,0.637363814632882,0.6089952424999999,0.3898570919265595,0.403552382291546
ISPY1_1074,0,2,spy1,0.429324635,0.2904966696242035,0.32763741999999996,0.17126291509418012,0.1540774685215096
ISPY1_1075,1,0,spy1,0.366800976,0.6789960142975224,0.5032979175,0.29714476467671985,0.4478461235053158
ISPY1_1077,1,1,spy1,0.4570408985,0.5728744186924375,0.5728744,0.36603087211920426,0.3597261827795214
ISPY1_1078,1,3,spy1,0.25868016665,0.3947224648588704,0.4356366075,0.23926088451448685,0.21018642611082933
ISPY1_1084,0,4,spy1,0.4015364274999999,0.5312053477493315,0.5772698900000001,0.36800441283160606,0.32476883922222166
ISPY1_1087,1,2,spy1,0.444432477,0.8283885426877022,0.8324476075,0.6847976098796084,0.658488049293155
ISPY1_1089,0,0,spy1,0.5004520345,0.13633827192782025,0.1629552575,0.0811250803037227,0.07521917941937617
ISPY1_1097,0,1,spy1,0.478836594,0.5740546684137419,0.57405466,0.36718226261180387,0.36078732216148784
ISPY1_1099,1,2,spy1,0.402474117,0.5410453621226932,0.5195145175,0.31665307882170884,0.3336761156099423
ISPY1_1100,0,3,spy1,0.4684749685,0.2454171070869557,0.256597015,0.12245093815454286,0.12147084160634132
ISPY1_1101,0,4,spy1,0.40824132855,0.7622727126160279,0.7328201599999999,0.5506165640812573,0.5846636887136536
ISPY1_1103,1,3,spy1,0.3828334683,0.7239531976566945,0.716920665,0.5107415636196193,0.4964964359912949
ISPY1_1104,1,0,spy1,0.47998542,0.7118300280006052,0.7325555575,0.5207997545597515,0.4820304146626285
ISPY1_1107,0,4,spy1,0.36695699535,0.2998129080111378,0.174161475,0.07354576732870446,0.14974066919631795
ISPY1_1112,1,1,spy1,0.39529881,0.8312835382499839,0.8312835,0.6873629168925484,0.6603883772576257
ISPY1_1114,0,2,spy1,0.422498586,0.2640721634280992,0.28441292,0.14391106220789388,0.13833953638659197
ISPY1_1120,0,0,spy1,0.3846907805,0.4276701441286272,0.28284041249999997,0.14718519626140153,0.24389328039639963
ISPY1_1122,0,1,spy1,0.462333785,0.7672931007001313,0.7672931,0.5926818503990574,0.5699768484915779
ISPY1_1124,0,2,spy1,0.4734243245,0.7116751960319324,0.75408449,0.5712569755589536,0.5037806639199963
ISPY1_1128,0,3,spy1,0.352776300975,0.712239051493469,0.74621085,0.5482727214652614,0.482886043445121
ISPY1_1130,1,4,spy1,0.4765337109999999,0.45156212100215837,0.40747677,0.2188202497607529,0.25699802434666336
ISPY1_1134,0,0,spy1,0.394642866,0.3355415654705126,0.2476606525,0.12692441801602064,0.18562288651704575
ISPY1_1135,0,1,spy1,0.4636251585,0.6039579643104598,0.603958,0.39715340181778175,0.38840143882772105
ISPY1_1139,1,2,spy1,0.4582492605,0.48006748496855417,0.49338539000000003,0.29418722218250426,0.28388629615255384
ISPY1_1140,0,3,spy1,0.37816360295,0.3001304215462896,0.33803169499999997,0.1716538090589905,0.15208841366637357
ISPY1_1141,0,4,spy1,0.39115001075,0.7607967593826841,0.828653635,0.6917155540685654,0.582624697952769
ISPY1_1144,1,4,spy1,0.548280809,0.4309669781782504,0.312680665,0.15273044448661044,0.24087608495293283
ISPY1_1147,0,0,spy1,0.405774215,0.4473513599483339,0.341418275,0.1828383652011539,0.25720018526987554
ISPY1_1148,1,1,spy1,0.706974208,0.8273397667260884,0.82733977,0.681177523579053,0.654400667175129
ISPY1_1152,0,2,spy1,0.440713661,0.5590739290330353,0.45554841,0.26328684686005327,0.3493421529212735
ISPY1_1155,1,3,spy1,0.5683847945,0.5718586503658508,0.6214078199999999,0.40252275284582595,0.3432063655300569
ISPY1_1156,1,4,spy1,0.1613781518499999,0.6782514823693013,0.3837620525,0.20126926583469693,0.4772482117411833
ISPY1_1159,0,0,spy1,0.429571993,0.3809984593815857,0.432935625,0.24421627714109978,0.21360640733672293
ISPY1_1161,0,1,spy1,0.3188102535,0.7366492258179468,0.73664916,0.5513324959287398,0.5311655119908713
ISPY1_1164,0,2,spy1,0.4170349525,0.23417486689885356,0.270797275,0.13564056876556274,0.12109048759476371
ISPY1_1167,0,3,spy1,0.3997666844999999,0.37431249455435744,0.3885209975,0.20533519524783447,0.19702651292666748
ISPY1_1169,0,3,spy1,0.219283787585,0.621350403316349,0.6057271474999999,0.3865705614663466,0.3881007741892514
ISPY1_1173,0,0,spy1,0.4718626645,0.37933622583335885,0.5176635975,0.30866988013206664,0.2125582344680476
ISPY1_1176,1,1,spy1,0.431414748,0.8142665781241585,0.8142665,0.6610143277237948,0.6349697206996552
ISPY1_1177,1,2,spy1,0.4899488975,0.8780395407952525,0.8610364875,0.7309946063254383,0.7386302663787121
ISPY1_1179,0,4,spy1,0.5603140695,0.6256999025855106,0.4636727,0.2633865540252498,0.4181146861308456
ISPY1_1181,0,2,spy1,0.4240288945,0.27105643569620597,0.3089216325,0.15921008319495494,0.1424528092389883
ISPY1_1183,0,0,spy1,0.4594991085,0.26021197242872324,0.204737835,0.10323175892927673,0.14195104033918488
ISPY1_1184,1,1,spy1,0.590468604,0.5541548548401788,0.5541549,0.34807746843988746,0.34317363703355436
ISPY1_1187,0,3,spy1,0.6226972395000001,0.4241553038117683,0.416616355,0.22525802932118227,0.22984266521764063
ISPY1_1188,0,4,spy1,0.5908293895,0.7851124697878509,0.7229812725,0.5374711640244879,0.616970285164528
ISPY1_1189,1,0,spy1,0.41830792,0.6998236291554246,0.5758381075,0.3581976644714502,0.46924971088102574
ISPY1_1191,0,3,spy1,0.4051000785,0.31371492893197905,0.33568838,0.1701529379666507,0.16000332819732205
ISPY1_1193,0,1,spy1,0.612265105,0.2658123581392715,0.26581234,0.13067357176516534,0.13869804649647816
ISPY1_1194,0,2,spy1,0.4174269685,0.19574344265143068,0.20167999250000002,0.09601477436659434,0.0997136601831044
ISPY1_1196,0,4,spy1,0.4655848635,0.6677563583114985,0.7027961575,0.5112312104534863,0.46498044016641843
ISPY1_1197,0,2,spy1,0.4827886865,0.24753426591916486,0.30724517500000004,0.15814632236017023,0.12872781145973408
ISPY1_1198,0,0,spy1,0.4146817024999999,0.292654161577906,0.23434040750000001,0.11945678952443378,0.16039121110622642
ISPY1_1199,0,1,spy1,0.511164051,0.6412485036844252,0.6412485,0.4368020188500221,0.4249450033595771
ISPY1_1204,0,3,spy1,0.446504731,0.6530134278237779,0.6923231999999999,0.48090564877756214,0.4191322992348142
ISPY1_1205,0,4,spy1,0.4074350727999999,0.141007501437509,0.157579245,0.06529006339334813,0.06143052571178921
ISPY1_1208,1,0,spy1,0.433942163,0.5978823487791515,0.6274975924999999,0.4065331728840686,0.3724406555929545
ISPY1_1212,1,2,spy1,0.7043149635,0.7432828655417717,0.8072799025,0.6463454478894645,0.5418335166383903
ISPY1_1215,1,1,spy1,0.6279127045,0.44328413501179514,0.44328415,0.2525388277237657,0.25462281104652634
ISPY1_1217,0,4,spy1,0.34341689875,0.3656519707177497,0.24257395,0.11029078570202423,0.1931400936873924
ISPY1_1218,0,3,spy1,0.4702960045,0.6186591812129348,0.64192279,0.42411250440942605,0.38555075526156996
ISPY1_1219,0,3,spy1,0.38788119,0.2723286443718798,0.313786935,0.1563786479020903,0.13628827318746983
ISPY1_1222,0,0,spy1,0.4387648975,0.7563804654314431,0.6491876400000001,0.42822639883154734,0.5326310981625003
ISPY1_1223,0,1,spy1,0.493432621,0.2794622385458543,0.27946222,0.1389221244711487,0.1467333486054924
ISPY1_1225,0,2,spy1,0.438554338,0.3466212106132085,0.36473995000000003,0.1961555892165566,0.18919792165669144
ISPY1_1227,1,4,spy1,0.7864786125000001,0.747165815858295,0.77727275,0.6130387245644543,0.5640652243025425
ISPY1_1228,1,2,spy1,0.4016083769999999,0.6979028015907739,0.5715247400000001,0.3643698581137282,0.4879547144289354
ISPY1_1230,0,0,spy1,0.2942121354999999,0.239058268794292,0.0918465615,0.04526269952845239,0.13018775339130645
ISPY1_1231,0,1,spy1,0.3747499105,0.239465461119718,0.23946548,0.11521840187102192,0.12353310928604534
ISPY1_1233,0,3,spy1,0.36825625405,0.4662789307648173,0.44548898,0.24668513040693446,0.2594958943011536
ISPY1_1235,1,4,spy1,0.2541015867,0.7528846731997765,0.67246576,0.47357766490034964,0.571792670371603
ISPY1_1236,0,2,spy1,0.470890161,0.3968351648458918,0.49375031999999996,0.29449446489694997,0.22280911622445015
ISPY1_1237,0,0,spy1,0.3833435585,0.5772015826670339,0.4258062,0.23915290283209079,0.35493935469887317
ISPY1_1238,0,1,spy1,0.361095698,0.4515522892750755,0.4515523,0.25908103691049794,0.2607266289088582
ISPY1_1239,0,3,spy1,0.432843819,0.3551045136059798,0.421058925,0.22849051456349173,0.18497148735948313
ISPY2-100899,0,4,spy2,0.6632949079999999,0.6502399912246699,0.6935859249999999,0.4995760202813789,0.4450247211260604
ISPY2-102011,1,3,spy2,0.32508904275,0.46365473048324607,0.50342749,0.2928714353674238,0.2575927069601468
ISPY2-103693,0,0,spy2,0.476222569,0.2659472387268646,0.37639131,0.20540742714727656,0.14517429095731205
ISPY2-104384,0,2,spy2,0.431771105,0.2911692317432342,0.29075695,0.14781974414915094,0.15448437708553878
ISPY2-105286,0,1,spy2,0.6152053654999999,0.27221041970981463,0.27221042,0.1345189860909414,0.14244876936662618
ISPY2-105513,1,4,spy2,0.427469312,0.2916552369847963,0.21479658499999998,0.09483941182621158,0.14466471181181964
ISPY2-108939,1,0,spy2,0.400052088,0.7033647670094494,0.6844376575,0.4654690376425242,0.4729843905270121
ISPY2-109623,0,1,spy2,0.4452384805,0.34774251512414694,0.34774253,0.1828240768004036,0.18894637870269496
ISPY2-109980,1,2,spy2,0.4666648725,0.4411002412106583,0.4774727625,0.2809640672070983,0.2543886060129892
ISPY2-111004,0,3,spy2,0.4693275725,0.19037268770705457,0.2283224925,0.10669055287304294,0.09246722511658084
ISPY2-111646,0,2,spy2,0.624658659,0.19773363562914315,0.26618033750000003,0.13287222123314613,0.10080008328459464
ISPY2-111881,1,4,spy2,0.45227815,0.6304724019784965,0.6653087900000001,0.4649922682838545,0.4232551296623499
ISPY2-114087,0,4,spy2,0.4969910125,0.2740093274619895,0.363584125,0.18688688194269507,0.1338996799479915
ISPY2-115638,0,0,spy2,0.3899125455,0.6480968785449723,0.5859640875000001,0.3673265754502621,0.4177320230903177
ISPY2-117424,1,3,spy2,0.761533738,0.6944565020976406,0.7493685999999999,0.5524564245820908,0.4628899722442422
ISPY2-117707,1,1,spy2,0.545348599,0.5213877232712203,0.5213877,0.3179925431648983,0.3153955298348288
ISPY2-120001,0,2,spy2,0.3433390515,0.6922193794274057,0.583112615,0.37558481891060214,0.4815495271227885
ISPY2-120422,1,0,spy2,0.4259710339999999,0.26436130209563213,0.291324705,0.1521948369545582,0.14428147703443087
ISPY2-122287,1,1,spy2,0.314938604,0.37684318906251163,0.3768432,0.20296880076656162,0.2080642752010041
ISPY2-122579,0,2,spy2,0.577429618,0.25655874694201175,0.32611879,0.1702726561739283,0.13395076586540508
ISPY2-122795,0,3,spy2,0.490083178,0.6808266534469126,0.7098177225,0.5019737912562503,0.44807688032670134
ISPY2-125130,1,4,spy2,0.659517271,0.8041605988701604,0.8717885875,0.7634424333279015,0.6450344944678439
ISPY2-125418,0,2,spy2,0.5356639385,0.3079444597172136,0.39953462,0.22078352013694277,0.1647394571641487
ISPY2-127675,0,0,spy2,0.375078624,0.4746727594222949,0.370606895,0.20160307597148147,0.27625603796066556
ISPY2-127791,0,1,spy2,0.6040002075,0.5484047504666808,0.5484047,0.3426767529304928,0.3381915174359573
ISPY2-128051,0,3,spy2,0.19436128985,0.5012392395189387,0.39210501499999995,0.20782780714615082,0.28561381942836833
ISPY2-128675,1,4,spy2,0.614860873,0.16612722071616468,0.24152898750000001,0.10969598320578801,0.07401719222574485
ISPY2-129837,0,0,spy2,0.413939034,0.4443259112632386,0.4325235875,0.24392223970967467,0.25513248826566143
ISPY2-129973,1,2,spy2,0.4428140424999999,0.6620567215101545,0.61388216,0.40647804519439934,0.44871776431714594
ISPY2-130892,1,4,spy2,0.2564280452499999,0.21544869875943967,0.1507155775,0.06194516151282785,0.1001801171979727
ISPY2-131595,0,1,spy2,0.5468831805,0.3151146771215549,0.31511468,0.16127966941924168,0.1683367041238699
ISPY2-132463,1,3,spy2,0.3430124513,0.3282186147571479,0.30815898,0.15291149500765147,0.16860258815271745
ISPY2-133650,0,0,spy2,0.416247629,0.2589210379815148,0.21553942999999998,0.10909474935918016,0.14122759030316437
ISPY2-134526,1,1,spy2,0.3548799365,0.7439923582541423,0.7439924,0.5610218355113822,0.5402311282320164
ISPY2-136536,1,3,spy2,0.3854757095,0.7129403762062969,0.7165898725,0.510330430266325,0.4836908648188072
ISPY2-138425,1,2,spy2,0.505164822,0.7153607099608975,0.7849226375,0.6138085700974595,0.5080908368592372
ISPY2-139771,1,4,spy2,0.6187978295,0.40847040609789864,0.4987284825,0.29347113707739353,0.2238690248207055
ISPY2-141782,0,0,spy2,0.4107014679999999,0.5338160331825572,0.4100877575,0.22816821612355753,0.3201228917715389
ISPY2-142688,0,1,spy2,0.4594797224999999,0.6221401312849898,0.62214017,0.4161580773144665,0.40591240421836894
ISPY2-145513,0,2,spy2,0.4435638755,0.6654790545171999,0.6311749325,0.4245866267982816,0.4523481616676738
ISPY2-146033,1,3,spy2,0.625160711,0.5492943120613295,0.61341504,0.39433355095524536,0.32404008727916955
ISPY2-147139,1,4,spy2,0.4142947287,0.532879394845496,0.4808257375,0.2778772918240968,0.3262929387216006
ISPY2-149654,0,2,spy2,0.425197909,0.31880515394379144,0.34836072250000005,0.18499840938779047,0.17149009963604553
ISPY2-151230,0,0,spy2,0.371786743,0.48449906113846847,0.466746855,0.2689544491946125,0.28328608528885363
ISPY2-151980,1,4,spy2,0.326092592,0.294356559040349,0.2185641775,0.09689177854983208,0.14633852044512094
ISPY2-153327,1,1,spy2,0.5500045809999999,0.6011704495875763,0.6011704,0.3942930436561107,0.38576634854814157
ISPY2-154293,0,3,spy2,0.4657840304999999,0.4455508693870211,0.4079684025,0.21903095925784147,0.24466936264699118
ISPY2-155171,0,0,spy2,0.4512778825,0.19604590269681824,0.2571052225,0.13228539157664954,0.10680466642069421
ISPY2-157270,0,1,spy2,0.5384938945,0.5018454420769184,0.5018454,0.30082032338341363,0.2995056412685338
ISPY2-157463,0,3,spy2,0.420187112,0.3166151355923122,0.33480409499999997,0.16958794409292666,0.16171038131392101
ISPY2-159284,0,2,spy2,0.4220287615,0.5197256604691164,0.59114336,0.3834892598236487,0.31572751430303275
ISPY2-159352,0,4,spy2,0.39576147,0.4837564336581733,0.408065325,0.21926498040357528,0.2833151909933399
ISPY2-160120,0,0,spy2,0.4252857975,0.2531430811050748,0.2467808775,0.1264278638961301,0.13799867317541262
ISPY2-164468,0,1,spy2,0.3896561129999999,0.47397234477091915,0.47397238,0.2772661786155056,0.2776537539363288
ISPY2-166412,0,2,spy2,0.4547914289999999,0.5753365440197573,0.5890443275,0.38141264748136816,0.36387835634887583
ISPY2-166782,0,3,spy2,0.464140801,0.4810157258106257,0.45400653,0.25320026400754714,0.2703293142192084
ISPY2-167271,0,4,spy2,0.3789202,0.7091822065041049,0.6812628225,0.48428503587352484,0.5148246455950397
ISPY2-172168,0,2,spy2,0.533800952,0.6744414551470079,0.7428612800000001,0.5564018499572064,0.4619681219629048
ISPY2-172283,0,0,spy2,0.486678765,0.555433086231732,0.5784475125,0.3605348278118995,0.3371648350814661
ISPY2-174903,0,1,spy2,0.554330838,0.284172857842177,0.28417286,0.14180799994366064,0.14953582301308704
ISPY2-174904,0,3,spy2,0.7129403950000001,0.358020241828551,0.42249495000000004,0.22954031453762147,0.18678152001965273
ISPY2-177795,1,4,spy2,0.6625746785000001,0.5265464360013825,0.66883519,0.46920850232971606,0.3205500317797612
ISPY2-178649,1,0,spy2,0.487342381,0.5434930462848508,0.5901679424999999,0.3711640636370608,0.3276797334360591
ISPY2-178815,0,1,spy2,0.483937245,0.2780742263672271,0.27807423,0.13807567156945585,0.14591049838808506
ISPY2-180027,1,2,spy2,0.4503401174999999,0.6679596991072791,0.6392560300000001,0.43324189978014616,0.4549943787255125
ISPY2-181442,0,3,spy2,0.3398064515,0.4228092481887346,0.48598197,0.2784916074385357,0.22892542370077532
ISPY2-182346,0,4,spy2,0.4956704495,0.17565841046919173,0.14072593,0.05715199878662035,0.07892120338244368
ISPY2-183831,1,0,spy2,0.4608271415,0.27685829615449387,0.2806352725,0.14589123945788296,0.1513488297815837
ISPY2-188091,1,4,spy2,0.518301064,0.8432179462279641,0.8721280174999999,0.7640276346563651,0.7059696361908927
ISPY2-188511,0,1,spy2,0.5953618055,0.25110711634966837,0.2511071,0.1219729251298968,0.1301793460078809
ISPY2-190224,0,2,spy2,0.4354265794999999,0.19220206302370957,0.262529335,0.13069582287890025,0.0977857844563562
ISPY2-192548,0,3,spy2,0.3484166965,0.22492767987354062,0.24410278000000002,0.11540767529611044,0.11048060787423579
ISPY2-194024,1,0,spy2,0.4427841939999999,0.34504973265552447,0.301561115,0.15830609504255952,0.19136387174719113
ISPY2-196024,0,1,spy2,0.387267151,0.38556561668060296,0.38556564,0.20918552774181695,0.21393819336065362
ISPY2-199115,0,2,spy2,0.6306693925,0.255769609724419,0.33294798249999996,0.17474310994257608,0.13349195507408243
ISPY2-199960,0,3,spy2,0.3718949115,0.57038565975032,0.60422095,0.38506252742914626,0.34193167974265026
ISPY2-200222,0,4,spy2,0.551972251,0.187558080588265,0.19120372749999998,0.08229050141310659,0.0851447080213428
ISPY2-201831,1,1,spy2,0.5676237065,0.7121225687216858,0.71212256,0.5199273661655222,0.5018856460860396
ISPY2-201873,1,3,spy2,0.4620078685,0.35918915508079075,0.40502605,0.2169317185001233,0.18750913197199717
ISPY2-202539,1,4,spy2,0.31046219225,0.15072694999543088,0.166011515,0.06945722138801101,0.06624302418041675
ISPY2-202956,1,0,spy2,0.418838275,0.6021226198642243,0.5808101000000001,0.3626600407885277,0.3761073206940072
ISPY2-203254,0,2,spy2,0.470944168,0.6690946899319963,0.7367363325,0.5484307063187359,0.456209293685184
ISPY2-204939,1,1,spy2,0.509610688,0.47162113366961145,0.47162113,0.27532790451161604,0.2758521470122926
ISPY2-208265,1,3,spy2,0.591827798,0.6213352553265314,0.68262032,0.46953334618165976,0.38808638399832446
ISPY2-209397,0,4,spy2,0.5590542565,0.2572978369405722,0.3626792,0.1862534192617168,0.12396887158580121
ISPY2-211408,1,0,spy2,0.509863928,0.7202701376267011,0.7782811075,0.5790223152897683,0.4912204617524861
ISPY2-212307,0,2,spy2,0.4786773205,0.28950098518538475,0.4138753675,0.23131786534107793,0.1534756580205879
ISPY2-213328,1,1,spy2,0.516698133,0.6871152211930454,0.68711525,0.48935546486860054,0.4735113221113988
ISPY2-213672,0,0,spy2,0.478144957,0.33231135494107555,0.3190616825,0.16892971336257162,0.18368525386127285
ISPY2-218249,0,2,spy2,0.3078440865,0.31172970537850797,0.24121517250000002,0.11821122549185172,0.16708213462255245
ISPY2-220664,1,3,spy2,0.519320475,0.5525178540262495,0.5828998925,0.3641559542745254,0.326731870437035
ISPY2-221375,0,4,spy2,0.5452387625,0.207320050040542,0.21219765499999999,0.09343149880784983,0.09573217270510474
ISPY2-225836,0,0,spy2,0.4707440744999999,0.4472309796411455,0.3889741175,0.21378510531679096,0.2571177563009846
ISPY2-227832,0,1,spy2,0.3803237574999999,0.43040343641342366,0.43040344,0.24251779512486266,0.2452570103866746
ISPY2-228192,0,2,spy2,0.4715906205,0.5697147634453601,0.486840025,0.28870714113389456,0.358808747031377
ISPY2-228340,0,1,spy2,0.4930702274999999,0.6806439569486568,0.6806439,0.4816717060725027,0.46639636653686756
ISPY2-229328,0,3,spy2,0.6248715185,0.23471151019391986,0.27770233250000004,0.1346415987764047,0.11569834673610092
ISPY2-229824,0,4,spy2,0.4591502805,0.19713181785459516,0.12861370249999998,0.05145945553482262,0.09023416143158
ISPY2-231633,1,0,spy2,0.4929400465,0.5187266269847648,0.57233423,0.35507583015276906,0.30856300318964125
ISPY2-233832,0,1,spy2,0.5501720315,0.5965599727416808,0.59656,0.3895928149566699,0.38143612026700247
ISPY2-233962,1,2,spy2,0.5626578600000001,0.7139267942096255,0.748899785,0.564353978602976,0.5064100451041903
ISPY2-234272,0,3,spy2,0.367977389,0.5171871524642735,0.5439273825,0.32795657002453443,0.29802532581875385
ISPY2-235995,1,4,spy2,0.5149933225,0.5522742631088178,0.5891928,0.3802564259399699,0.3442724654839257
ISPY2-238790,0,1,spy2,0.406906319,0.5372450544624672,0.5372451,0.3323444101364985,0.32865488714511953
ISPY2-239061,0,0,spy2,0.4393812739999999,0.41872937675771305,0.48199068749999996,0.2805201633431976,0.23795746564284384
ISPY2-241705,0,2,spy2,0.4847581809999999,0.3358226738574729,0.30406944999999996,0.15613827394817836,0.18225035834594833
ISPY2-242370,1,3,spy2,0.707991925,0.41753916141606673,0.43235838000000004,0.236816747808106,0.2253514757577702
ISPY2-243836,1,4,spy2,0.510212604,0.3566042061164451,0.446468195,0.24927982605930565,0.18690881540320423
ISPY2-245655,0,0,spy2,0.3798313795,0.5708750013172728,0.5098537350000001,0.3023718139696605,0.3497073108971463
ISPY2-247641,0,1,spy2,0.5376078879999999,0.56024973757733,0.56024975,0.3538598940435271,0.348506347252861
ISPY2-248255,0,4,spy2,0.4763710525,0.39705085820100405,0.465178275,0.2646412042493976,0.2154681349236747
ISPY2-250274,0,2,spy2,0.5574619245,0.5460193498582816,0.669505725,0.4667848997796345,0.33795248913814907
ISPY2-252748,1,3,spy2,0.6635778495,0.561857814165709,0.592424165,0.3733945798627033,0.3346173406915945
ISPY2-254060,1,0,spy2,0.5160750249999999,0.6780977471464841,0.7400877349999999,0.5299848756275098,0.4469438719792541
ISPY2-254273,0,1,spy2,0.4628315715,0.6054406219414096,0.6054406,0.3986804004969132,0.38980829464775557
ISPY2-255078,0,2,spy2,0.3502765605,0.46589100175582326,0.334222905,0.17558264115290395,0.27295952885719194
ISPY2-255535,0,3,spy2,0.3053600825999999,0.4553336140877934,0.400938265,0.21403144786200504,0.2516084249723663
ISPY2-257735,0,4,spy2,0.6347634005,0.6463671651504221,0.659046015,0.45757074712077334,0.440698014819246
ISPY2-259206,0,0,spy2,0.367322942,0.4225106396466688,0.3452615375,0.18526898453264393,0.24045976160552
ISPY2-259899,0,1,spy2,0.3946158385,0.5709976441668175,0.57099766,0.36420484611042253,0.3580431622547898
ISPY2-261304,0,2,spy2,0.4279846055,0.3348920244172204,0.29408866250000004,0.14988672964997327,0.18165600312057853
ISPY2-262131,0,3,spy2,0.392384485,0.3932349976288683,0.4240210825,0.2306586396621878,0.209214696666552
ISPY2-264678,0,4,spy2,0.561859928,0.3366870499532117,0.36951384,0.19106210080400868,0.17349876114177984
ISPY2-266509,1,1,spy2,0.592235426,0.601695433784152,0.6016954,0.3948306798074924,0.38626164081894576
ISPY2-267306,1,2,spy2,0.4664710155,0.455521352617311,0.5509599199999999,0.34500364438654973,0.2651102359766678
ISPY2-268937,1,0,spy2,0.352371059,0.5863308679171632,0.3607012925,0.1951552126298095,0.36258846326712435
ISPY2-273691,1,3,spy2,0.544143971,0.5765267488680607,0.6398998200000001,0.42194616376628985,0.34726834976358245
ISPY2-273745,0,4,spy2,0.7305088965,0.30117074547487765,0.32811028249999996,0.16277255609314428,0.15059175319361084
ISPY2-277848,0,0,spy2,0.377254501,0.4333959977104359,0.4754526325,0.2755270051452243,0.24772999421845604
ISPY2-279902,1,1,spy2,0.531583547,0.35543216522559323,0.35543215,0.18805974685643487,0.1939283078158278
ISPY2-282082,1,3,spy2,0.38204777935,0.5344057042397143,0.54998941,0.33342402082390926,0.31180009777136336
ISPY2-282644,0,2,spy2,0.4635612464999999,0.547700120938642,0.5199567425,0.3170416252439433,0.3394053322450763
ISPY2-282777,0,4,spy2,0.682079201,0.2476575724379418,0.22417374750000002,0.09997257681810905,0.11835409840618574
ISPY2-286984,0,0,spy2,0.4398088384999999,0.2732843718821087,0.3009519675,0.15794034037385699,0.1493201013055145
ISPY2-287300,1,1,spy2,0.4502585339999999,0.47255256036315063,0.4725526,0.2760948838782383,0.27656509407393576
ISPY2-289107,1,2,spy2,0.4303306475,0.6781556257086538,0.5320127875,0.3277442147901788,0.4660034530511828
ISPY2-290413,0,3,spy2,0.579889368,0.4367715453320412,0.4919251125,0.2833428722990234,0.23852845819541643
ISPY2-291515,0,4,spy2,0.539866799,0.5921321753778679,0.594865485,0.3861782126399473,0.3831706624015284
ISPY2-294176,1,4,spy2,0.3967360669999999,0.5013042034889156,0.34247407750000003,0.17236133080112678,0.2982619961512436
ISPY2-294265,1,0,spy2,0.453570313,0.5330166776402676,0.5821872349999999,0.36390283490502423,0.3195037609764068
ISPY2-299364,0,3,spy2,0.4761580654999999,0.6496532056944005,0.6755541174999999,0.4613872018152408,0.41574575410981573
ISPY2-299840,0,1,spy2,0.5084423985,0.6372981515232773,0.63729817,0.43247631924441715,0.4209555204321327
ISPY2-300724,0,2,spy2,0.5271110145,0.21502841294313377,0.2014682025,0.0958991108832458,0.11033393083538698
ISPY2-301289,0,0,spy2,0.5287437045,0.31035809862430785,0.411207525,0.2289427800627622,0.1706808802114953
ISPY2-301968,0,1,spy2,0.5183708175,0.276231876541149,0.27623188,0.13695483969553565,0.14482034018020792
ISPY2-303685,1,2,spy2,0.5478774365,0.24817980192812455,0.28404792,0.14368725416397893,0.1290996868596746
ISPY2-306127,0,3,spy2,0.456140094,0.22988164287607643,0.3103508825,0.15425837984297783,0.11311579248787623
ISPY2-307659,0,4,spy2,0.4501714424999999,0.5410337502141711,0.533729845,0.3254107229515928,0.3337794918069849
ISPY2-309830,0,0,spy2,0.4846045639999999,0.5983162806100609,0.7001759525,0.48296060067196356,0.3728146313910257
ISPY2-311316,0,2,spy2,0.3809137935,0.3803299566839723,0.3384497625,0.1783772543220602,0.21151516263116613
ISPY2-311455,0,1,spy2,0.5067318545,0.2728874240035652,0.27288744,0.1349280435628214,0.1428472528995356
ISPY2-313243,1,3,spy2,0.5189639785,0.3283451192447204,0.36726291499999997,0.19083374008368204,0.16867828715225391
ISPY2-313672,0,4,spy2,0.4512341825,0.20035285878392145,0.150821275,0.06199635226160429,0.09196319187891265
ISPY2-316996,0,0,spy2,0.392578985,0.7199361997196783,0.7127005949999999,0.4972910535176458,0.4908535285152868
ISPY2-318293,0,1,spy2,0.4919572559999999,0.3289780714131973,0.32897806,0.17030328632193653,0.17699140022140647
ISPY2-318407,0,4,spy2,0.34959137905,0.5535654162814936,0.5215266599999999,0.3140508306257222,0.34549079359145485
ISPY2-318438,0,2,spy2,0.470673454,0.49963828560661644,0.505186225,0.304215224418173,0.2993576914756618
ISPY2-318569,0,3,spy2,0.6349717939999999,0.5928593060569717,0.5704102600000001,0.35227963017186403,0.3617541434172445
ISPY2-319324,0,0,spy2,0.474618265,0.523652843532911,0.55757121,0.3421256291539757,0.3123076728424484
ISPY2-324021,0,1,spy2,0.5493126075,0.5001509132787474,0.5001509,0.29935737587023675,0.2981504555035676
ISPY2-326202,0,2,spy2,0.4141482684999999,0.27400401190480406,0.3350017775,0.17609629719045572,0.14419859985359307
ISPY2-327133,0,3,spy2,0.336211575,0.419716830558558,0.4343654475,0.23831161251312882,0.22682496180180126
ISPY2-327142,0,4,spy2,0.5366176865,0.19836710728727452,0.15646663,0.06474498464927729,0.09089625604765068
ISPY2-329941,1,0,spy2,0.4379155485,0.5593231242217034,0.613239505,0.3927416562295136,0.3402946378432129
ISPY2-330134,0,1,spy2,0.6364017145,0.287220809506895,0.2872208,0.14368612811794118,0.15135734366568354
ISPY2-331192,1,2,spy2,0.436382232,0.23517712531330381,0.2476958475,0.12196775810975592,0.12165962456161186
ISPY2-332655,1,3,spy2,0.533857979,0.5149776589085424,0.5191210049999999,0.3061766057776873,0.296286272559527
ISPY2-333145,1,4,spy2,0.498615283,0.1993389129838046,0.198682615,0.08621232109853387,0.09141800122662225
ISPY2-335091,1,0,spy2,0.4223295969999999,0.6334329815662247,0.50930924,0.3019356210365853,0.40406656063541546
ISPY2-340186,0,1,spy2,0.5149364025,0.6282167838414987,0.6282168,0.4226470158837547,0.41189319194102736
ISPY2-342996,0,4,spy2,0.478459565,0.3654648268520094,0.4828963175,0.27965598151520865,0.19301030673315941
ISPY2-345460,0,2,spy2,0.3082487515,0.349139733221786,0.2236208225,0.1081824939130367,0.19083199261588463
ISPY2-345483,0,3,spy2,0.6796860005,0.5319212729752729,0.5960171999999999,0.37692170371777467,0.3097878069759721
ISPY2-345574,1,2,spy2,0.588009741,0.6778185504370177,0.7325761625,0.5430702247787396,0.4656360386151618
ISPY2-347516,0,0,spy2,0.4977527815,0.6364790243553318,0.7189201425,0.5045483389573141,0.4068738932128911
ISPY2-349330,1,1,spy2,0.538667616,0.6138075648061201,0.61380756,0.40737288311061565,0.39781699136279003
ISPY2-349639,1,3,spy2,0.403113192,0.5251593585170504,0.5827570925000001,0.36401864860392297,0.30435355177521894
ISPY2-350331,0,4,spy2,0.3604677875,0.7384540316638318,0.6534312,0.45098855059025067,0.552455177485667
ISPY2-353318,0,0,spy2,0.458528908,0.5349801407122223,0.609839685,0.38950567849072393,0.3210259125954017
ISPY2-355292,0,1,spy2,0.5715213055,0.2957766745708967,0.29577667,0.14900431043268392,0.1565054917677872
ISPY2-356399,0,4,spy2,0.2898909529,0.31320604717026046,0.25608527999999997,0.1180786696226703,0.15821371362421613
ISPY2-357017,0,2,spy2,0.3704534075,0.16105839128124275,0.15358439499999998,0.07059325695988074,0.0811133543560794
ISPY2-357034,0,3,spy2,0.4087249345,0.23630001127732958,0.26180996749999996,0.1254273455632224,0.11655064938519154
ISPY2-360937,0,0,spy2,0.4140027245,0.2775538370111322,0.32046593749999996,0.1697920158808258,0.1517443722875376
ISPY2-363669,0,1,spy2,0.5615577555,0.25602003263718187,0.25602004,0.12485863170869238,0.13300981603816564
ISPY2-367682,0,2,spy2,0.4780957905,0.5510812683728421,0.412367575,0.2301993793942293,0.3423400219058109
ISPY2-371528,0,3,spy2,0.32031213245,0.13673415012924284,0.14979508,0.06608430440501062,0.065637002556655
ISPY2-373672,0,4,spy2,0.3120094293,0.30305987407122426,0.30275683,0.14640982561225294,0.15177880864315976
ISPY2-374106,0,0,spy2,0.4169717324999999,0.740460708532597,0.7530146025,0.5461088942531681,0.5139377183612694
ISPY2-374121,0,1,spy2,0.3525228155,0.5399041655814026,0.5399042,0.3347887360765189,0.3309115941583428
ISPY2-375342,0,3,spy2,0.3196016385,0.6544940069599915,0.5613254700000001,0.34380658731383423,0.42063178943841656
ISPY2-375455,0,2,spy2,0.5367797905,0.561805794998296,0.57235009,0.3651613106771796,0.35175664390239053
ISPY2-377460,1,4,spy2,0.6545486054999999,0.8502109217991045,0.8754166674999999,0.7697141767763461,0.7173839969047641
ISPY2-378401,1,2,spy2,0.4383302729999999,0.4882648212718973,0.426546805,0.24082078044446356,0.2903108551599507
ISPY2-380239,0,0,spy2,0.5708596885,0.5953360617175977,0.6687651975000001,0.44859242164976787,0.370251907617647
ISPY2-380972,0,1,spy2,0.3769277265,0.3695870658693652,0.36958706,0.19786085017116553,0.20322924633346148
ISPY2-382853,1,3,spy2,0.7388712175000001,0.8197479831037368,0.855034025,0.7102538792621841,0.6234187355994424
ISPY2-386664,0,4,spy2,0.27477780285,0.18632482629104105,0.12849995599999997,0.05140661416286077,0.08449447092063907
ISPY2-388581,1,0,spy2,0.487742043,0.5716610979946598,0.590956325,0.37188689532536884,0.3503543981390216
ISPY2-395076,1,1,spy2,0.4987948445,0.6105522707573084,0.61055225,0.4039757085663271,0.3946869460189932
ISPY2-395249,0,2,spy2,0.5225151535,0.532469001975588,0.5568794775,0.35050928171504403,0.3263825355460778
ISPY2-395379,0,3,spy2,0.29160526045,0.326510446527973,0.38105086,0.2001845870741861,0.16758162751291342
ISPY2-402384,0,4,spy2,0.3019244675,0.5732217348937317,0.40123414,0.21413069405850926,0.36437853516037216
ISPY2-405717,0,0,spy2,0.4376987105,0.5912094975055779,0.6181536624999999,0.3974544238523113,0.366725356262299
ISPY2-406190,0,3,spy2,0.54927749895,0.46134621324910624,0.3808381925,0.2000388317911719,0.25592482580792303
ISPY2-410083,1,1,spy2,0.5886794424999999,0.8164232036640025,0.8164232,0.6643049664371794,0.6381319491409669
ISPY2-411008,0,2,spy2,0.547778372,0.5671882633483827,0.60306266,0.39542575091316257,0.35654587929292525
ISPY2-411684,0,4,spy2,0.6229232615,0.5919133031399898,0.5896840725,0.38076689208080955,0.3829495717252767
ISPY2-411806,0,0,spy2,0.3854687525,0.30767399760966974,0.3332479475,0.17771026138651608,0.1691098761475984
ISPY2-411950,0,1,spy2,0.5677322714999999,0.23497398903590966,0.23497401,0.11264342060688548,0.12099135018749949
ISPY2-413961,0,2,spy2,0.402080721,0.5925546469320232,0.38513803,0.21043675749991242,0.37970849774797905
ISPY2-414256,0,3,spy2,0.47871558,0.326953574266516,0.36034183,0.18621457056654975,0.16784626942092867
ISPY2-414286,0,4,spy2,0.4776728555,0.19455721169789209,0.1217585575,0.048295390959753874,0.08885820088548764
ISPY2-415039,0,1,spy2,0.5650488215,0.44169219987289243,0.4416922,0.25128911531571035,0.25345592416569346
ISPY2-416434,1,0,spy2,0.3994170925,0.6264749481174859,0.6357142,0.414647259571752,0.3977136903976514
ISPY2-420523,0,2,spy2,0.453191609,0.6047151980106489,0.5148086325000001,0.31253584869893575,0.3911739942396034
ISPY2-423619,1,3,spy2,0.3266404104,0.5524322340881067,0.593186295,0.3741407961203034,0.3266601789523717
ISPY2-423979,0,4,spy2,0.4846867815,0.3030743443617558,0.39593959749999996,0.21019255018386276,0.15178791454051108
ISPY2-424541,0,3,spy2,0.484652552,0.23809857421103364,0.2669568,0.12838814209304278,0.11751742194546362
ISPY2-425173,1,2,spy2,0.4286835555,0.23954238794738175,0.29598233,0.15106596314250686,0.1241456609778694
ISPY2-426106,0,0,spy2,0.4143516319999999,0.18979123480115004,0.19569019999999998,0.09836939378297209,0.10345569127885479
ISPY2-427321,1,1,spy2,0.4981618725,0.16095947781084033,0.16095948,0.07258172903346803,0.08075050307779802
ISPY2-431061,0,4,spy2,0.650440946,0.2601686664363533,0.33577693,0.16786132565130152,0.12565691237756937
ISPY2-433144,1,0,spy2,0.5722497945,0.4679320935956708,0.54109932,0.328050694462535,0.27148877720891845
ISPY2-437162,0,1,spy2,0.4983051504999999,0.5475917133586636,0.54759175,0.3419174581713726,0.33749085598177725
ISPY2-437968,0,3,spy2,0.4630969505,0.4819693216433804,0.5479880374999999,0.33161249535493215,0.27103899943908466
ISPY2-439489,0,2,spy2,0.4010878795,0.28298307806714706,0.241061315,0.11812245541198656,0.14955341624757426
ISPY2-442669,0,4,spy2,0.635896143,0.559044158251232,0.6730646675,0.47430119315807656,0.35069082348233205
ISPY2-442981,1,0,spy2,0.4107698314999999,0.365536888032477,0.367194915,0.19937264606673955,0.20393212047176718
ISPY2-443444,0,1,spy2,0.630543402,0.7500614993536245,0.75006145,0.5691327313434116,0.5478330843293462
ISPY2-443708,0,2,spy2,0.4214198145,0.45154330610378945,0.46068438,0.26737296770437513,0.2621303823781372
ISPY2-446263,1,3,spy2,0.355727161,0.2299254728587853,0.246233755,0.1166000097607123,0.11313916887352451
ISPY2-451482,0,4,spy2,0.3126244558,0.26457628969657093,0.20827861250000002,0.09132048782191685,0.1282629989218077
ISPY2-451816,0,3,spy2,0.648540649,0.303219190724624,0.3462207775,0.17694095474616633,0.1538765019245394
ISPY2-452703,0,0,spy2,0.432926005,0.22349176776535465,0.2546632125,0.13089388052140877,0.12164833044822734
ISPY2-454808,0,1,spy2,0.549701086,0.6439516402919627,0.64395165,0.4397797255071851,0.4276917620591766
ISPY2-455828,1,2,spy2,0.4712654964999999,0.22316912026645977,0.318933025,0.16561659310108778,0.11488082092128794
ISPY2-456432,0,4,spy2,0.5023414,0.6554984657150098,0.7365476,0.5556587079617537,0.4509485198720393
ISPY2-458196,0,3,spy2,0.5175868625000001,0.3664891471622526,0.32888877499999997,0.1658278381497924,0.19207894641929557
ISPY2-460776,1,2,spy2,0.533331683,0.3092059649238337,0.361389955,0.19385152786237933,0.16551900784941598
ISPY2-460812,0,0,spy2,0.449599488,0.22201019517837628,0.29975378500000005,0.1572216836674264,0.12084037721897918
ISPY2-461824,0,1,spy2,0.4777625355,0.6628925164595291,0.6628925,0.4610561316028046,0.44733314010938785
ISPY2-462581,0,3,spy2,0.6943923985,0.5645236833526565,0.549700575,0.3331621896329052,0.336891963988123
ISPY2-462605,1,4,spy2,0.392375824,0.8004089730518716,0.7867303,0.6269820279332792,0.6394240924866597
ISPY2-464547,1,0,spy2,0.5162357399999999,0.5539761682399789,0.5845750200000001,0.36606475586588216,0.33599771269987216
ISPY2-466267,1,1,spy2,0.577170632,0.6476915882436262,0.64769155,0.44392339158639543,0.4315148884711041
ISPY2-467622,0,2,spy2,0.5078374485,0.2777312325508159,0.348225925,0.18490770604149448,0.14641464327831982
ISPY2-472799,1,3,spy2,0.6565649309999999,0.7502696274178816,0.79441736,0.6152924277479368,0.5284405643427665
ISPY2-473365,0,4,spy2,0.19881550225,0.2731351592681146,0.19113283749999999,0.08225357498388397,0.1333739040307847
ISPY2-473468,0,4,spy2,0.78164641,0.5716611177069942,0.690936925,0.4962599561250137,0.362855266058866
ISPY2-473505,0,0,spy2,0.4394947945,0.23350654499584572,0.21890505,0.11093480767045398,0.12713138936347554
ISPY2-477994,1,1,spy2,0.6078577405,0.567323022180941,0.56732297,0.36064646393057215,0.3547632661268785
ISPY2-478055,0,2,spy2,0.4820867125,0.31010635872244763,0.27628170750000003,0.13895270804123888,0.16607613601694132
ISPY2-478655,1,3,spy2,0.8233456755,0.604896154326479,0.5351444925,0.3201375159268078,0.3727126692312652
ISPY2-479417,1,0,spy2,0.4959240924999999,0.5475097443775965,0.59548305,0.3760567317298395,0.3308504020697572
ISPY2-483667,0,1,spy2,0.471348649,0.5843656463493299,0.58436567,0.37734139720508086,0.3701487743592374
ISPY2-483910,0,2,spy2,0.5486728144999999,0.5200090036861479,0.5675735275,0.3605963156011694,0.3159621022534299
ISPY2-484867,0,4,spy2,0.6351700655,0.42994742552431114,0.43247974749999996,0.23811585227291504,0.2400918962243162
ISPY2-484894,0,3,spy2,0.464790871,0.3993436375534459,0.435122125,0.23887644611256229,0.21321831559930474
ISPY2-485637,0,0,spy2,0.5174497065,0.5296376442079291,0.634080595,0.413024128730215,0.3168950206029357
ISPY2-489194,1,1,spy2,0.468853835,0.3656785345368225,0.36567855,0.19513312028946211,0.2006438741477178
ISPY2-489504,1,2,spy2,0.496360444,0.5463911037856062,0.5973472925,0.38967126504463134,0.33827348854642864
ISPY2-489973,0,3,spy2,0.6407101374999999,0.6380279549319571,0.679595925,0.4660328833599012,0.4042037495128612
ISPY2-491526,0,4,spy2,0.667260995,0.19807537252229662,0.268085475,0.12514864992897348,0.09073977902765443
ISPY2-493472,0,0,spy2,0.4330591339999999,0.21771454715078947,0.16902200750000002,0.08428159934707807,0.11850232610624004
ISPY2-493519,0,2,spy2,0.5044413194999999,0.30795586079796067,0.37986669,0.20670419356566816,0.16474649717872814
ISPY2-493775,1,3,spy2,0.5291335215,0.6019694751357293,0.557006465,0.3398262517393956,0.37002547815350195
ISPY2-494296,0,1,spy2,0.5518244015,0.23808224822674054,0.23808227,0.114423575359699,0.12274902405343624
ISPY2-494946,1,4,spy2,0.7400505085,0.5262649444119722,0.6654142000000001,0.46511790651981083,0.3202962005131201
ISPY2-495440,0,0,spy2,0.37451061,0.20748641118081698,0.1809117975,0.09051877539521495,0.11296141263999886
ISPY2-497010,1,1,spy2,0.554653274,0.5692482202553343,0.5692482,0.3625079579241938,0.35647913259010156
ISPY2-498024,0,2,spy2,0.6335186965,0.6327819003612772,0.62680643,0.4199594667634842,0.41859199522463664
ISPY2-498985,0,3,spy2,0.3949302016,0.5327439912059302,0.5096271,0.2980849180825487,0.31045323675293746
ISPY2-500826,0,4,spy2,0.444616422,0.19690404580842835,0.18317051499999998,0.07813541456562575,0.09011221495175177
ISPY2-501303,1,4,spy2,0.4400335304999999,0.7852970769321769,0.842078155,0.7134761665393363,0.6172372933341038
ISPY2-502486,0,0,spy2,0.426746239,0.5969430500524685,0.6596423899999999,0.43900607983810497,0.3716321133424665
ISPY2-503034,0,3,spy2,0.4602802435,0.7356914307360158,0.7482446,0.5509640729703293,0.510503476593527
ISPY2-504838,0,1,spy2,0.462240856,0.5112212784842731,0.51122123,0.3089895055371143,0.30706857224230194
ISPY2-507198,0,2,spy2,0.597833909,0.6483917224572485,0.6779396474999999,0.476472137963769,0.4344523701429036
ISPY2-507249,0,2,spy2,0.44597816,0.6065703564690847,0.6629947900000001,0.45940841114043884,0.3929445352164089
ISPY2-509012,1,0,spy2,0.497340796,0.5681889546705522,0.6326829375,0.4116393584014894,0.3475026276365405
ISPY2-510543,0,1,spy2,0.508185625,0.26086729441782697,0.2608673,0.12772648188095706,0.13581769918208575
ISPY2-515141,1,3,spy2,0.28631142085,0.669415102645405,0.6861101125,0.47359846826132695,0.4359991853273839
ISPY2-515281,0,4,spy2,0.6312491165,0.20992653803165895,0.2938857675,0.1408495471883235,0.09715245587071454
ISPY2-515284,0,2,spy2,0.475033373,0.6561492843604387,0.752500025,0.5691399530322134,0.4425060160075585
ISPY2-515565,0,4,spy2,0.23306416165,0.47580868684453165,0.237584775,0.10746053230327587,0.2766877684116872
ISPY2-517446,0,0,spy2,0.4422898765,0.21274333900466158,0.1478961975,0.07336232473181137,0.11580476690228465
ISPY2-517870,0,1,spy2,0.5079464025,0.6521343918742107,0.65213436,0.4488822399548488,0.43609134697338126
ISPY2-520258,0,3,spy2,0.4439495452,0.3302419727058824,0.33198299499999995,0.16779050707026644,0.16981480731008852
ISPY2-520986,1,2,spy2,0.424265679,0.26563756911520403,0.2330854875,0.11354674239433409,0.13925861959039365
ISPY2-521860,0,4,spy2,0.420056453,0.4963181401384452,0.41141839999999996,0.2218072692062813,0.2939703341704551
ISPY2-527320,0,0,spy2,0.4436360415,0.5052314353013185,0.45375875499999996,0.2593063099193495,0.298445315499464
ISPY2-527581,0,1,spy2,0.484632037,0.5683131292442757,0.5683131,0.36160304678959554,0.3556450233049478
ISPY2-528479,0,3,spy2,0.6139341025,0.5321876216360748,0.5808027349999999,0.36214304697574873,0.31000313312778216
ISPY2-528833,1,0,spy2,0.4849119375,0.45135524438196595,0.4562823975,0.2611664889876861,0.25994926212026337
ISPY2-531672,0,1,spy2,0.584629557,0.39836238046619815,0.39836237,0.21846036364632893,0.2226811469161258
ISPY2-532183,0,0,spy2,0.4360448489999999,0.5184084474265908,0.55188889,0.33722649385631254,0.308322097137338
ISPY2-535415,1,2,spy2,0.4179448725,0.7879977493148909,0.7938685175,0.6266510833112989,0.6002771038063333
ISPY2-535779,0,4,spy2,0.4947414645,0.5591139056899362,0.513800505,0.30698391831662053,0.3507573406121997
ISPY2-536253,1,3,spy2,0.3658599369,0.5470978164480327,0.5164486300000001,0.30388558594595305,0.3222145424508423
ISPY2-539876,0,0,spy2,0.489620951,0.2564621722290341,0.24984265249999998,0.12815802684233013,0.1398516867267201
ISPY2-539904,0,1,spy2,0.493850244,0.518844661856305,0.51884466,0.3157261990308398,0.3133000821418143
ISPY2-540539,1,3,spy2,0.6475769895,0.6132764630125317,0.6246767925,0.40590741929414415,0.3804897496423593
ISPY2-541165,0,2,spy2,0.4974385865,0.6214972813431423,0.6600822175000001,0.4561369732638649,0.407403124966552
ISPY2-542392,0,4,spy2,0.4180542925,0.5879923912546959,0.5640642,0.3547354603632439,0.37900331589856445
ISPY2-543795,0,0,spy2,0.444264693,0.27307472692785184,0.3394710825,0.1816114070555405,0.14920128812237185
ISPY2-549172,0,2,spy2,0.5765740669999999,0.6122186075048166,0.6750972725,0.47319053849376586,0.3983707696365213
ISPY2-550157,1,1,spy2,0.3689840255,0.5304618969808378,0.5304619,0.32615844215663287,0.32294185124773944
ISPY2-550421,0,3,spy2,0.488515015,0.49952455429557063,0.426365715,0.2323820950291298,0.2842985256069266
ISPY2-553012,0,4,spy2,0.307981939,0.35009699909451736,0.40581924,0.21757018202614128,0.18248158715365986
ISPY2-553141,1,1,spy2,0.5511084095000001,0.2636626089548669,0.2636626,0.12938972768133444,0.13744390801525222
ISPY2-554577,0,0,spy2,0.4424845965,0.23319344325345048,0.2837732275,0.14773356173269056,0.1269593829308601
ISPY2-555214,1,4,spy2,0.6394636615,0.8065986091889482,0.8620658625000001,0.7468170469207885,0.6487026268705277
ISPY2-559021,1,2,spy2,0.4203563955,0.1765560463316262,0.18357907499999998,0.08625012979004788,0.08934800849754367
ISPY2-559263,0,3,spy2,0.5748078445,0.4296683938728223,0.40662033500000005,0.21806795588029068,0.2336183621085027
ISPY2-563856,1,0,spy2,0.4473673445,0.617474244040709,0.56884055,0.35198170755008656,0.38961640031172284
ISPY2-566011,0,1,spy2,0.5769877164999999,0.5022857289857208,0.5022858,0.30120121387244936,0.29985833806337203
ISPY2-567201,1,2,spy2,0.402998125,0.5984901548056463,0.55354271,0.34739908373207784,0.3852745667635145
ISPY2-567907,0,3,spy2,0.5012619789999999,0.2706260913049705,0.24189278,0.11417497123043695,0.13533736262470414
ISPY2-568953,0,4,spy2,0.5034437945000001,0.17690235351091904,0.2168977925,0.09598236730748556,0.07956651717897328
ISPY2-570148,0,1,spy2,0.5220105939999999,0.4853879762545728,0.48538798,0.28678303932396115,0.2864917487693877
ISPY2-570380,0,0,spy2,0.47297201,0.5892168245597477,0.6741201975,0.45429990191641173,0.36503143928869136
ISPY2-570685,0,3,spy2,0.14263574349,0.5022736562882585,0.533583605,0.31876042517527237,0.28640906830948715
ISPY2-571276,0,2,spy2,0.455666476,0.571053624545409,0.660489975,0.45659392565673124,0.360011777201476
ISPY2-572016,1,4,spy2,0.400056834,0.6396837277973382,0.588015875,0.3790353460881792,0.43330247889801654
ISPY2-572235,0,0,spy2,0.4736326885,0.4536218970824767,0.5091905350000001,0.3018405767038475,0.26151202223754527
ISPY2-572444,0,1,spy2,0.468134477,0.2256465756210678,0.22564657,0.10735031708756988,0.11575182520851937
ISPY2-572731,1,3,spy2,0.598906989,0.34226150409568257,0.3906445675,0.20681040367054848,0.1770810209541707
ISPY2-573586,0,2,spy2,0.3976628775,0.3362271314642887,0.3098477775,0.15979885458982016,0.18250887947399552
ISPY2-574091,1,4,spy2,0.773528909,0.6428008486071218,0.72490261,0.5400196619039156,0.4367405701049009
ISPY2-575457,1,4,spy2,0.537184521,0.7751394115892204,0.8051338025,0.6548043733679033,0.6026872938991756
ISPY2-578975,1,0,spy2,0.5387173510000001,0.6202420037973123,0.68332935,0.4642581644489654,0.3920921151066539
ISPY2-579881,0,1,spy2,0.3711822274999999,0.2935754826730542,0.2935755,0.14762957024137344,0.15517604313366698
ISPY2-581648,0,2,spy2,0.418585041,0.6715406668293726,0.6120628124999999,0.40460484442146183,0.4588364687732735
ISPY2-586091,1,3,spy2,0.7788867925,0.374913454142291,0.4309916775,0.2358015962187459,0.19740874283383422
ISPY2-586207,1,1,spy2,0.4801271944999999,0.5840569573423394,0.584057,0.37703463662221076,0.36986611275719916
ISPY2-589502,1,3,spy2,0.3186551,0.14749224618889184,0.15852954,0.07038419601821769,0.07092006346314994
ISPY2-590220,1,4,spy2,0.4587858625,0.5852657133633262,0.4523181025,0.2540292745274764,0.37627500585389845
ISPY2-590299,0,0,spy2,0.4395969395,0.6223674014118367,0.6232340199999999,0.4023712499703598,0.3940017879000276
ISPY2-591079,1,2,spy2,0.5389777915,0.6881686754174766,0.7151080249999999,0.5210241635792795,0.4770280150590519
ISPY2-591180,0,2,spy2,0.444036024,0.502172251159068,0.4614654725,0.26799730499450164,0.30139478147290333
ISPY2-592535,0,1,spy2,0.638209178,0.3512705766555605,0.35127056,0.1852185589321813,0.19122602888830076
ISPY2-596458,1,2,spy2,0.4079712135,0.4991178262770225,0.4867409275,0.28862461534830963,0.298940265971674
ISPY2-597253,0,3,spy2,0.2038005545249999,0.2903022960707517,0.2576579825,0.12305489426746927,0.14644317540521148
ISPY2-597873,0,0,spy2,0.4494990794999999,0.5103115734139475,0.5598700074999999,0.3441209091984402,0.30223019274550095
ISPY2-598798,0,4,spy2,0.7009152430000001,0.29488831956686684,0.22828804749999998,0.10225131170529711,0.14666883145959436
ISPY2-600536,0,0,spy2,0.452790479,0.5812296817141506,0.6367823575,0.4157112546252586,0.3582997246748464
ISPY2-601489,0,1,spy2,0.5205376905000001,0.6385931310053097,0.63859314,0.4338909712823557,0.42226012526467954
ISPY2-604199,0,2,spy2,0.442753213,0.21948470237516823,0.16854912,0.07832441444772688,0.11281813185408368
ISPY2-604326,0,3,spy2,0.5667680925,0.4710618959990794,0.5201436150000001,0.3070560768881595,0.26298468570415723
ISPY2-604380,1,4,spy2,0.597746271,0.5433016008471927,0.59073944,0.3818650134641243,0.33588024640145764
ISPY2-605713,0,0,spy2,0.4103575819999999,0.2840945540594884,0.2495681675,0.12800268253204636,0.15547563784806956
ISPY2-607047,1,1,spy2,0.4959439339999999,0.25406508165011055,0.2540651,0.12370783834431046,0.1318816626178495
ISPY2-609642,1,3,spy2,0.546754007,0.8448547319909978,0.8565470850000001,0.7127948975730832,0.662319358068007
ISPY2-609897,0,2,spy2,0.4722569735,0.33423314114741637,0.30300735749999996,0.15546874905576255,0.1812356284620636
ISPY2-611662,0,4,spy2,0.368414517,0.7113667570195477,0.6495572,0.4464860867626964,0.5175616668139731
ISPY2-613188,0,0,spy2,0.3809802195,0.5455073955138398,0.43503313,0.24571578938014552,0.32926727679674783
ISPY2-614434,1,4,spy2,0.6852231265000001,0.5594782298153731,0.627775275,0.4217511721361178,0.3511049217671746
ISPY2-615873,1,1,spy2,0.5024808405,0.612275327566935,0.61227536,0.40577148377250394,0.3963414493033131
ISPY2-618240,0,2,spy2,0.422751327,0.5203113424724032,0.476593,0.28024279586904544,0.31621253233734614
ISPY2-621179,0,3,spy2,0.3631376262,0.27120772637399493,0.3227408,0.16195520384659085,0.13566200738285922
ISPY2-622688,1,0,spy2,0.43828104,0.6502453546752477,0.689430435,0.47095752347818287,0.4197667565948135
ISPY2-623569,1,2,spy2,0.4756707885,0.6551682199590694,0.73628021,0.5478408752127107,0.44148106263237913
ISPY2-624777,0,4,spy2,0.4580812609999999,0.5833438924292985,0.452543235,0.254213019839136,0.37435986468371235
ISPY2-625800,0,1,spy2,0.5606913525,0.4068677415083146,0.4068677,0.22472843710605198,0.22857674397539302
ISPY2-625854,1,3,spy2,0.361225671,0.40181817244383483,0.41829087,0.226473737762882,0.21484996349909063
ISPY2-627118,0,0,spy2,0.3783040569999999,0.7411368392573698,0.6445183800000001,0.4234812631975179,0.5147171720475184
ISPY2-628692,0,2,spy2,0.5049143414999999,0.18781879894228778,0.2427508025,0.11909827530658205,0.09540893509093894
ISPY2-629210,0,4,spy2,0.3580277724,0.19790505211145973,0.1982926425,0.08600654482958926,0.09064845675121663
ISPY2-630758,0,1,spy2,0.3765111815,0.5277289363960045,0.5277289,0.3236859304595928,0.3206575561632061
ISPY2-631337,0,3,spy2,0.276728191,0.22148274286402647,0.23718871000000002,0.11156407863659856,0.10865619968576012
ISPY2-632408,0,0,spy2,0.4764956095,0.20920743114255164,0.2167959775,0.10978098620621038,0.11389124796699195
ISPY2-636424,0,1,spy2,0.5231278815,0.6499411320103728,0.6499411,0.4464292681366072,0.4338273464834626
ISPY2-637051,0,2,spy2,0.3929395925,0.5618400472813855,0.5708739899999999,0.36374662015757037,0.35178698614406506
ISPY2-637752,1,3,spy2,0.731025713,0.5881966424220819,0.6360251750000001,0.4178200603713708,0.3575744733936596
ISPY2-639663,0,4,spy2,0.395909482,0.6595498672375713,0.5156861825000001,0.30869984212540785,0.4555514581244114
ISPY2-640043,0,0,spy2,0.4564222509999999,0.4617444350503058,0.5069100525,0.30001809901985665,0.26715119924797964
ISPY2-640463,1,1,spy2,0.5843731475,0.274924990990112,0.274925,0.13616163999230746,0.14404842955722383
ISPY2-640927,0,2,spy2,0.403052613,0.4936684260624625,0.48055874,0.28350213700783267,0.2945895464087284
ISPY2-644609,1,3,spy2,0.4635281525,0.6669374076948168,0.70563449,0.4968686156818228,0.43341461962246225
ISPY2-646233,0,4,spy2,0.5922001785,0.3180731348714244,0.36655672,0.1889746524133029,0.16133645862149243
ISPY2-646600,0,1,spy2,0.5361933565,0.25296552081293794,0.2529655,0.12306201571693906,0.1312482103552219
ISPY2-650589,0,2,spy2,0.4203408915,0.5801228435043922,0.52506936,0.3215542673449098,0.36823248175038314
ISPY2-651401,0,3,spy2,0.4779763365,0.6942998540755833,0.7222512825,0.5174051352718154,0.46271725254322266
ISPY2-651541,1,4,spy2,0.646967049,0.5604115282928134,0.576132295,0.3668490153958637,0.3519963295565064
ISPY2-654956,0,0,spy2,0.4841379019999999,0.7988512563171593,0.8471333125,0.6796794685484132,0.5863453682881979
ISPY2-655703,0,1,spy2,0.623672831,0.31525532493108305,0.31525534,0.1613702760581943,0.1684237709054781
ISPY2-655795,1,0,spy2,0.4485811285,0.26136167272870536,0.32846938999999997,0.1747352894619013,0.14259597490355017
ISPY2-660915,0,4,spy2,0.5338069285,0.21237750071920802,0.24560976,0.11202488380120784,0.0984931266291923
ISPY2-663197,0,2,spy2,0.43019134,0.6129592316475156,0.54818919,0.3424454372984397,0.39908629149901587
ISPY2-663467,0,3,spy2,0.3967892895,0.18104257014366476,0.1975570775,0.09024741354314803,0.08770739824622327
ISPY2-664658,1,0,spy2,0.4676678019999999,0.3130687922590009,0.40560955,0.2250825667610904,0.17227154078545798
ISPY2-666147,0,1,spy2,0.4554658745,0.3691020047282721,0.369102,0.19752143340304354,0.202907674119526
ISPY2-666715,0,2,spy2,0.46050521,0.41775663220885534,0.42399328999999997,0.23889081351703845,0.23749294853777125
ISPY2-668752,0,3,spy2,0.5509161395,0.598672395187549,0.6395452975,0.4215673721655899,0.3670157781612936
ISPY2-672734,0,4,spy2,0.3922209365,0.31734035636955293,0.3575426275,0.18267621992695862,0.16086480137828132
ISPY2-674897,0,1,spy2,0.6695585805000001,0.6582476320214595,0.65824765,0.45577092809431746,0.4424513191849641
ISPY2-676048,0,0,spy2,0.4295974004999999,0.5596165617164534,0.55256251,0.3378048378941449,0.34053153243387335
ISPY2-676365,0,3,spy2,0.4479649695,0.7218103968841769,0.7070415875,0.49858102575075913,0.4939798118280545
ISPY2-676630,1,2,spy2,0.4157672879999999,0.5862033482920253,0.458361805,0.2655210498268593,0.3738150961819507
ISPY2-677915,0,4,spy2,0.5622695005,0.2513590799186896,0.289260015,0.1379833834880487,0.12050022979672124
ISPY2-679787,0,0,spy2,0.474085768,0.6877734560431468,0.61048444,0.3901178339439235,0.4567517085186392
ISPY2-683374,0,1,spy2,0.3977652845,0.3742731360349703,0.37427315,0.20115304985973345,0.20634646064653378
ISPY2-683457,0,2,spy2,0.356670575,0.5286250386423985,0.4248400225,0.23952993697246003,0.3231458192839583
ISPY2-685182,1,3,spy2,0.703473728,0.5900735461522573,0.6392299,0.4212305980458617,0.3592526405649466
ISPY2-685753,0,4,spy2,0.382384765,0.29548935352981137,0.2639360825,0.12268754906757251,0.14704249760300736
ISPY2-687733,0,1,spy2,0.5471351995,0.2535740382491545,0.253574,0.12341927267153324,0.1315986790421102
ISPY2-689188,1,0,spy2,0.4102243289999999,0.16154351617419757,0.1469379425,0.07287173612032759,0.08846048081126784
ISPY2-690410,0,2,spy2,0.580553817,0.14454797343636888,0.1941057375,0.09189920296570148,0.07246758949323491
ISPY2-692885,0,4,spy2,0.529857027,0.6927895804705418,0.728038125,0.5441979319274441,0.49464023061496115
ISPY2-697098,1,3,spy2,0.4321808325,0.5361435646525332,0.5676561825,0.3496964651728677,0.3132127553272724
ISPY2-697871,1,3,spy2,0.487340647,0.6245579680704203,0.6662567399999999,0.45083903061862546,0.39115737155937214
ISPY2-701790,0,0,spy2,0.336149357,0.25940116136060454,0.16908618,0.08431508055106217,0.14149656772053595
ISPY2-703401,0,1,spy2,0.4945697464999999,0.3737793054351605,0.37377933,0.20080499135071125,0.20601705313451982
ISPY2-703455,0,2,spy2,0.4623900125,0.5202334291167683,0.621924285,0.41483058549078317,0.31614798458891363
ISPY2-705381,1,4,spy2,0.483213628,0.5101195333497923,0.4742324925,0.272256101891244,0.30593803412083437
ISPY2-706418,1,0,spy2,0.471351141,0.6992135649970678,0.7463755000000001,0.537769857940371,0.4686091918865494
ISPY2-706943,0,2,spy2,0.5759217624999999,0.7100839477636024,0.7307293100000001,0.5407042697519063,0.5019296588341502
ISPY2-708387,1,1,spy2,0.5063218574999999,0.6506086633739427,0.6506086,0.4471747826255696,0.43451542249343234
ISPY2-709559,0,3,spy2,0.5380176775000001,0.24404062629769027,0.27502472499999997,0.13307416292939106,0.12072486315901367
ISPY2-712276,1,4,spy2,0.4086051525,0.25169248276891104,0.25699277,0.11860825230015698,0.12069413043660812
ISPY2-712917,1,0,spy2,0.5475399065,0.6682466719762741,0.7263791500000001,0.513379364416925,0.43715734240264603
ISPY2-714205,1,1,spy2,0.4197507319999999,0.5220740900566815,0.5220741,0.31860591049963505,0.3159625328256761
ISPY2-719713,0,2,spy2,0.4571938585,0.349273349880786,0.2803416575,0.14142125914629922,0.1909188324013319
ISPY2-723918,1,3,spy2,0.639285015,0.6432969390127036,0.6877485700000001,0.4755167290555989,0.40940187585871396
ISPY2-725455,0,4,spy2,0.31798265225,0.7906469697379406,0.66148405,0.4604498229437137,0.625017055022861
ISPY2-726091,1,0,spy2,0.402072244,0.6489605311717925,0.5607973675,0.344928018779452,0.41854893274873195
ISPY2-726381,0,1,spy2,0.6461266864999999,0.4607357886846203,0.46073583,0.2664502575509616,0.2675927059403842
ISPY2-726940,0,2,spy2,0.4933586015,0.5693312178278943,0.5925627175,0.38489773843898073,0.35846460880061887
ISPY2-727255,0,3,spy2,0.446686064,0.6946175267837341,0.7305323100000001,0.5279018572286692,0.46306757862665926
ISPY2-727804,1,4,spy2,0.545618672,0.5688410867911888,0.57412049,0.36481146715564766,0.3601131997016822
ISPY2-728287,1,0,spy2,0.4638459414999999,0.46199027237518603,0.50971717,0.3022623769914805,0.2673228378381229
ISPY2-728714,0,1,spy2,0.3480281085,0.2620586420111495,0.26205865,0.12843450723837854,0.13651015426433638
ISPY2-729270,1,4,spy2,0.397609535,0.8031640742914422,0.7815629275,0.6193342293820101,0.6435402065423809
ISPY2-729732,0,2,spy2,0.48445378,0.41418003102597317,0.48590331,0.28792759469827617,0.23495268072105288
ISPY2-732137,0,3,spy2,0.515731429,0.4731910945085946,0.5045179375,0.29378444651793234,0.2645461398252745
ISPY2-733276,0,0,spy2,0.410955447,0.5447980104407142,0.4988218925,0.29360671957864437,0.32870761995878806
ISPY2-735673,0,1,spy2,0.4281338345,0.1938622213790395,0.19386221,0.08985146912852576,0.09827470383366678
ISPY2-741535,0,3,spy2,0.493106139,0.25463153346858164,0.28341728499999996,0.1380076622312572,0.12649386499904047
ISPY2-742477,0,2,spy2,0.5781335715,0.5978123669031348,0.6135043525,0.40608856100844787,0.3846360747417863
ISPY2-745633,0,4,spy2,0.642338078,0.2629874841835269,0.32735109,0.16227224753550307,0.1273215702240665
ISPY2-746265,0,0,spy2,0.4024049715,0.30411158221128703,0.3178225825,0.16817006066334309,0.16703094914591576
ISPY2-749097,0,1,spy2,0.5514908144999999,0.22964455272169432,0.22964458,0.10961015530493733,0.11799125057590626
ISPY2-752469,0,2,spy2,0.5275036424999999,0.5764930813430145,0.5631741800000001,0.35642452883519127,0.36492724713466757
ISPY2-756412,0,3,spy2,0.419113911,0.2958908398311137,0.3196942025,0.16004935321981598,0.1496450112422302
ISPY2-759015,0,4,spy2,0.323323974475,0.400377561820312,0.3718316225,0.19270562746761036,0.21789965449234483
ISPY2-759418,0,1,spy2,0.5606914335,0.29838858208416474,0.2983886,0.1506414998976408,0.15808751019397577
ISPY2-765773,1,0,spy2,0.5630700325,0.5974604392550457,0.6450119,0.42398081517097896,0.37207731390283183
ISPY2-766301,0,4,spy2,0.539549891,0.17990594656707692,0.19703061,0.08534157744804247,0.08112972714587001
ISPY2-766967,1,2,spy2,0.452666068,0.34178726504784396,0.3399439125,0.17936927374875963,0.1860761507147317
ISPY2-768214,0,3,spy2,0.5297315235,0.5687470278785689,0.6074934025000001,0.38834431606701714,0.34051759281559285
ISPY2-769972,0,3,spy2,0.3254134605,0.27526594169278584,0.295212195,0.14504473038701857,0.13793322694865584
ISPY2-771813,0,0,spy2,0.5132268225,0.6100981284246032,0.6684549550000001,0.44826359913406905,0.38307908729798906
ISPY2-778020,0,1,spy2,0.5084254445,0.2541335309503952,0.2541335,0.12374804623430506,0.13192112155368493
ISPY2-778527,1,2,spy2,0.555431115,0.6989293916192031,0.7497262775,0.5654496968215225,0.4891193894086694
ISPY2-780272,0,4,spy2,0.550374527,0.5331568742940342,0.4959189125,0.2909914910700811,0.3265459842716843
ISPY2-781335,0,4,spy2,0.5939497405,0.3508042262301801,0.395774085,0.21007001564146438,0.18296057344507416
ISPY2-782334,0,0,spy2,0.4568909755,0.3610370029014654,0.371207095,0.20199646851158146,0.20114766894791986
ISPY2-783578,1,1,spy2,0.5090989495,0.6681854529447848,0.6681855,0.4671334472993249,0.45294907437965926
ISPY2-783771,0,2,spy2,0.4485316345,0.2849551346904399,0.401283705,0.2220560440344247,0.15073697659043223
ISPY2-786003,1,3,spy2,0.414596054,0.43925624950236636,0.4823995275,0.27559063945497847,0.24025827649372694
ISPY2-789497,0,4,spy2,0.3904138805,0.31719072855767144,0.22485563,0.1003491193359591,0.16076855822619546
ISPY2-790070,0,0,spy2,0.4445378395,0.5038125724180521,0.5626292325,0.3465260684024874,0.29739326848801945
ISPY2-790397,1,1,spy2,0.492172098,0.5879923229510999,0.5879923,0.380957915457678,0.37348091131835665
ISPY2-790722,0,2,spy2,0.4549509804999999,0.4754303509549545,0.4510015925,0.2596969428001597,0.280286797565892
ISPY2-791321,0,3,spy2,0.327681001,0.6562015569105969,0.6761669575,0.46208923905336385,0.42236674748592357
ISPY2-791944,0,4,spy2,0.3967406393,0.5270646123407365,0.40859483,0.2196654755523473,0.3210176079443859
ISPY2-792412,0,0,spy2,0.480916516,0.617839749752015,0.69207197,0.47388384218371665,0.389942622156459
ISPY2-793684,0,1,spy2,0.3350476974999999,0.5528296216247455,0.5528296,0.34682803190864375,0.3420212200980087
ISPY2-794428,0,2,spy2,0.4360721955,0.5250628219397687,0.54099264,0.33585613127762376,0.32016392248395503
ISPY2-796558,0,3,spy2,0.28720096455,0.6802164686923828,0.592143475,0.37312001221238533,0.44742372439130446
ISPY2-797427,0,4,spy2,0.32591098505,0.6354969666477382,0.5036225599999999,0.29781977690564965,0.42871501161259445
ISPY2-797499,1,0,spy2,0.504472745,0.8092132587053591,0.8301023825,0.6531071033249899,0.6004081278449693
ISPY2-798604,1,3,spy2,0.583168492,0.6348652813490047,0.6786477,0.4649396774298306,0.40110953039567876
ISPY2-800710,0,1,spy2,0.363371835,0.6567559577093011,0.6567559,0.45408293695573193,0.4408926620594743
ISPY2-802105,0,4,spy2,0.376907512,0.2048699908922793,0.1796727175,0.07634468524983681,0.09440224010870407
ISPY2-802778,0,2,spy2,0.6011520850000001,0.22266017724221857,0.26138559,0.13001633123592787,0.11459541723742156
ISPY2-803514,0,0,spy2,0.483838971,0.2106643303448827,0.27442751249999997,0.14226622974559458,0.11467916024035467
ISPY2-803677,0,1,spy2,0.3840826275,0.5489267279094885,0.5489267,0.34316485292270504,0.3386418406130691
ISPY2-808714,0,4,spy2,0.3460954208,0.55106487054322,0.43590611,0.24082547501058743,0.34313374249073014
ISPY2-809037,0,2,spy2,0.3734823295,0.297274136959891,0.2259009825,0.10946835826072325,0.15819274702367495
ISPY2-809649,1,3,spy2,0.4035317165,0.840875745474408,0.8588645875,0.7167041235730248,0.6559664614771816
ISPY2-810965,1,0,spy2,0.392307978,0.37399564645847266,0.333962885,0.17815688924314052,0.2092039259960774
ISPY2-814299,1,1,spy2,0.5704004819999999,0.8494133605469313,0.8494134,0.7164280293711723,0.6887083383265795
ISPY2-815421,0,2,spy2,0.4696478619999999,0.3521589497247599,0.4046643625,0.22452522583593207,0.19279785160288196
ISPY2-815493,1,3,spy2,0.51575766275,0.656436778278924,0.6853428075,0.47270226223304807,0.422606216269345
ISPY2-819622,0,4,spy2,0.762569791,0.28564858730713916,0.36372044,0.1869823896023657,0.14096760213690718
ISPY2-820348,0,2,spy2,0.4804480169999999,0.39214615093091676,0.4041860175,0.2241750764051434,0.21957511619015216
ISPY2-823618,0,0,spy2,0.5336390565,0.36260669587653654,0.42935057499999996,0.24166371386295474,0.20211740794734268
ISPY2-824234,1,1,spy2,0.569530445,0.48218206021809806,0.48218206,0.28409241488744236,0.2839943701680747
ISPY2-825363,1,3,spy2,0.6284239935,0.8855893286624394,0.8968629625,0.7839107362299647,0.7319649931979634
ISPY2-828199,0,4,spy2,0.448319143,0.27657148629554124,0.34944226749999996,0.17709832725269933,0.13544476433454286
ISPY2-829491,0,0,spy2,0.4353633374999999,0.41650413729977015,0.4439139325,0.2521151302188867,0.2364903686629363
ISPY2-830486,0,1,spy2,0.4520698625,0.642311605534627,0.64231163,0.4379714075933527,0.42602361921234927
ISPY2-830958,0,2,spy2,0.4558729985,0.21732670230699538,0.27734966,0.13960066869293528,0.11161369147039109
ISPY2-832056,0,3,spy2,0.412433241,0.4915111083305456,0.5575986225,0.3403701722948242,0.27819967991699557
ISPY2-833536,1,4,spy2,0.2656802173,0.47156437406649837,0.33982369749999997,0.1705743190687212,0.2731841063159972
ISPY2-834418,0,0,spy2,0.436862522,0.26079065059823436,0.2933916475,0.15342285989651483,0.142275580183653
ISPY2-835658,1,4,spy2,0.53622754,0.3190653992927303,0.42052893,0.22878933834791107,0.16197598799713153
ISPY2-836114,0,1,spy2,0.3763730555,0.23996386736701342,0.2399639,0.11550520558728242,0.12381592288376914
ISPY2-836983,1,2,spy2,0.470875203,0.5101781014857477,0.5808614425,0.3733886122048127,0.30788328838021184
ISPY2-841336,0,3,spy2,0.5239029504999999,0.2236688870660119,0.2617215125,0.12537665338238302,0.10981319982369826
ISPY2-845079,1,2,spy2,0.696430025,0.6426318156109689,0.6649835725,0.4616522576863238,0.42854708835577277
ISPY2-845147,0,3,spy2,0.7118212265,0.271582318126728,0.3105000525,0.15435020204608074,0.13587120452264453
ISPY2-845663,0,0,spy2,0.4730321795,0.44494748654091676,0.4984158775,0.29328700885327164,0.25555662588198463
ISPY2-846156,0,1,spy2,0.5419419165,0.5512802736672829,0.55128026,0.3453709461549359,0.3406770991322807
ISPY2-847272,0,4,spy2,0.427552233,0.38931538139528254,0.4485226725,0.2509423439059754,0.2098637686209132
ISPY2-847753,1,1,spy2,0.549935654,0.314270479789122,0.31427047,0.16073627330120152,0.16781442482856782
ISPY2-849605,0,0,spy2,0.462590532,0.5888909589596352,0.5643271000000001,0.3480116564308656,0.36475498410187546
ISPY2-851180,0,2,spy2,0.3798032335,0.5287617657165133,0.46196666500000005,0.26839832101779526,0.32326060804423995
ISPY2-851488,0,3,spy2,0.4938272595,0.20607175350312038,0.22425672749999997,0.10447622291874613,0.10057359295824735
ISPY2-857165,0,4,spy2,0.4114488975,0.2042053767530911,0.2280454775,0.10211651128562176,0.0940423283501458
ISPY2-859699,1,0,spy2,0.353829944,0.5164931986755925,0.32660373,0.1735785929392733,0.3068744254877796
ISPY2-862244,0,2,spy2,0.5262590115,0.6818272266439691,0.7485471725,0.5638870426202542,0.47002107219775935
ISPY2-865416,0,1,spy2,0.5419488225,0.5452316657727229,0.54523164,0.3397190362281898,0.33546227534475376
ISPY2-873686,0,3,spy2,0.4498303179999999,0.2513506813341212,0.22558947,0.10520066135985856,0.1246994974955165
ISPY2-877463,0,4,spy2,0.5942712385,0.486675601283235,0.5130986575,0.3063467051076266,0.285771449761605
ISPY2-883696,0,0,spy2,0.3952737,0.4024746773792816,0.38929962,0.2140037132264734,0.227332247692647
ISPY2-883886,0,2,spy2,0.417725912,0.5351569472015046,0.3989085875,0.22032888058080155,0.3286576666690018
ISPY2-884266,0,4,spy2,0.3614453036,0.19322858363395815,0.1986134475,0.0861758132717829,0.08815023717188897
ISPY2-885590,0,1,spy2,0.5854986605,0.3053178638374284,0.30531785,0.15501613806133088,0.16230850902994792
ISPY2-889049,0,3,spy2,0.417441083,0.8030217524832741,0.832790035,0.6738957001072209,0.5989676261261823
ISPY2-889225,0,3,spy2,0.6608802020000001,0.35989210135260646,0.366501845,0.19032338240786556,0.18794723972909244
ISPY2-889721,1,4,spy2,0.631925722,0.7468337961335239,0.7823252,0.6204579235682418,0.5636191901736091
ISPY2-890414,1,0,spy2,0.5055540035,0.6027685481688085,0.6925071325000001,0.474367428975671,0.3766682829611131
ISPY2-891645,0,1,spy2,0.603487009,0.8604089520950335,0.86040896,0.7345720178376305,0.7065547994028127
ISPY2-892390,1,2,spy2,0.467676664,0.4722018833276803,0.5657194425,0.358834332614886,0.2777953866253959
ISPY2-893874,1,0,spy2,0.4330376489999999,0.6788521876785873,0.66515919,0.44478277531650023,0.44770154636863174
ISPY2-894128,1,2,spy2,0.6125337465,0.5807013496352177,0.6903305150000001,0.49098135780266344,0.3687611413590485
ISPY2-894491,0,1,spy2,0.4755411295,0.2283463602183945,0.22834639,0.10887490027671151,0.11726303981657057
ISPY2-896621,0,3,spy2,0.3812420285,0.3488709451405249,0.3107593275,0.15450984841199947,0.18112511824883887
ISPY2-899381,1,4,spy2,0.647323968,0.3646154574164271,0.460682005,0.2609040140804068,0.19242173679845104
ISPY2-903880,0,0,spy2,0.410873861,0.49632308554463295,0.45102582,0.2572996329434524,0.29187602558072273
ISPY2-905264,0,1,spy2,0.388825294,0.7671840832336877,0.7671841,0.5925304250320891,0.5698340696586232
ISPY2-906795,0,2,spy2,0.5966412815,0.7051190931179081,0.709002305,0.513489999895256,0.496192424546062
ISPY2-910188,0,3,spy2,0.676007511,0.21826995360350004,0.25859349750000005,0.12358820566734159,0.10696062557845111
ISPY2-910706,1,4,spy2,0.575725956,0.5880860457470004,0.47352763,0.27165897161970964,0.37909725881138384
ISPY2-912836,0,4,spy2,0.67148344,0.6187098578656968,0.6307906400000001,0.4251174216873202,0.41066475372751526
ISPY2-913225,1,0,spy2,0.4137937674999999,0.5270715001299653,0.5464138875,0.33254986641549333,0.31492291899911035
ISPY2-914968,0,1,spy2,0.368687904,0.585846759379363,0.5858468,0.3788156500221052,0.37150709042631547
ISPY2-916586,0,2,spy2,0.4281554534999999,0.2970931652280829,0.23395556,0.11404342843763274,0.15808243102574376
ISPY2-916645,1,3,spy2,0.4164004937,0.2693602201494242,0.2207849925,0.10259552175232739,0.1346315574936351
ISPY2-917762,0,0,spy2,0.4240407695,0.2911404590064664,0.3117723725,0.16447735705295455,0.15951918711291715
ISPY2-920479,0,3,spy2,0.4791706495,0.8186420676574938,0.8308670125000001,0.6708379173024933,0.6217675095751561
ISPY2-923968,1,1,spy2,0.4955269435,0.245944455407576,0.24594444,0.11896313238587888,0.12722151455771502
ISPY2-924812,0,2,spy2,0.3946051445,0.5910010558625811,0.5519117175,0.3458851890555153,0.3782609804987898
ISPY2-924868,1,4,spy2,0.4729111729999999,0.5466600275146763,0.6136349325,0.4062077271840992,0.3390062715234253
ISPY2-924895,0,2,spy2,0.4124464885,0.2177037499051373,0.2756108125,0.138546157512162,0.1118239364678375
ISPY2-925691,0,0,spy2,0.4587871745,0.7333360287424411,0.6678562100000001,0.44762956203686166,0.5057994981877616
ISPY2-930172,0,3,spy2,0.4439365885,0.4149949962346183,0.46212303750000006,0.25949386493637877,0.22363587802015186
ISPY2-930853,1,1,spy2,0.43297547,0.3631050230881708,0.36310503,0.19334603657490834,0.1989487648289873
ISPY2-930903,0,4,spy2,0.4041495825,0.3637671617613192,0.355493395,0.18125782855575706,0.1918346950620943
ISPY2-932200,0,0,spy2,0.4352632865,0.3759854172995156,0.472078535,0.2729694582646897,0.21045129221354514
ISPY2-934459,0,1,spy2,0.599919234,0.4863327011325329,0.4863327,0.2875786089555863,0.28722999413852923
ISPY2-934906,0,3,spy2,0.487615785,0.587312002864618,0.6272986249999999,0.4086370636365685,0.35678550704515655
ISPY2-935460,0,2,spy2,0.6106945804999999,0.4684576234766905,0.56601377,0.3591136685932859,0.2749208275902514
ISPY2-940186,1,4,spy2,0.4195821054999999,0.2828964984641701,0.30528477249999997,0.14800977005964536,0.13928501877181887
ISPY2-941926,0,0,spy2,0.3296695859999999,0.20757897669844746,0.1657386375,0.08257113232573882,0.11301139898838067
ISPY2-943879,1,1,spy2,0.5268253555,0.591541207502322,0.59154123,0.3845190656054593,0.376761793566928
ISPY2-944419,0,2,spy2,0.4620193314999999,0.39119838331140444,0.390680195,0.214393214032977,0.21892392195752786
ISPY2-944536,1,3,spy2,0.8359418484999999,0.8511114381277672,0.88297141,0.7586422070083809,0.6724602557295811
ISPY2-950131,1,4,spy2,0.391796727,0.35975465321314554,0.36268129250000003,0.18625488291786926,0.18906851910681152
ISPY2-953262,0,0,spy2,0.435560313,0.37670013226401144,0.36371057,0.19710520494776962,0.21090002390608983
ISPY2-955953,1,1,spy2,0.529998889,0.8120066025538563,0.8120066,0.6575811800763981,0.6316738508002954
ISPY2-957408,0,2,spy2,0.405325799,0.43140781479352036,0.3392135,0.17888405493755793,0.24730588821716898
ISPY2-960490,1,3,spy2,0.39125704975,0.6283819988135249,0.6568739475,0.4403852830857293,0.3948263205258193
ISPY2-960963,0,4,spy2,0.754007594,0.47652315374686693,0.565419025,0.35608243345884816,0.27727997984321096
ISPY2-962472,0,0,spy2,0.3546251055,0.3357779316731508,0.1987085725,0.09998669097430576,0.18576492121812127
ISPY2-962664,1,1,spy2,0.553809911,0.6159680037031162,0.615968,0.4096382607013316,0.3999043529962946
ISPY2-965265,0,2,spy2,0.3797017925,0.507035493816069,0.4837949125,0.2861772461901289,0.30532672455708154
ISPY2-966016,1,3,spy2,0.29257380675,0.28707088320768703,0.28391215999999997,0.13830046807923313,0.14460154996753435
ISPY2-972307,0,4,spy2,0.3347722882,0.2640197988898537,0.18672450125,0.07996636817405524,0.12793299706967298
ISPY2-974181,1,0,spy2,0.4177616795,0.6640118970556949,0.659303955,0.43865371296284095,0.4330100405849063
ISPY2-981461,0,1,spy2,0.421320261,0.5826755488815385,0.5826756,0.375663789357571,0.3686030090690319
ISPY2-982505,0,2,spy2,0.4005937774999999,0.4891613244134113,0.4012427125,0.2220261816957634,0.291018304232281
ISPY2-983841,1,3,spy2,0.6883212715,0.6101821275866863,0.6560983249999999,0.4395295763661431,0.3776037724166066
ISPY2-986734,0,4,spy2,0.28328184985,0.2696223564247852,0.188787285,0.08103439190127736,0.13126816266422814
ISPY2-987995,0,2,spy2,0.7263455050000001,0.2943457813200602,0.35053722,0.18646544569429743,0.15641059945073177
ISPY2-988443,0,0,spy2,0.392614812,0.23259076324563566,0.1653481525,0.08236804606761812,0.12662840104358
ISPY2-990443,0,4,spy2,0.40505976,0.26211305499262627,0.2046739825,0.08939157237597,0.12680440914727412
ISPY2-994987,0,1,spy2,0.3425545355,0.22379618244640953,0.22379619,0.10630891966339913,0.11471854871805293
ISPY2-999264,1,3,spy2,0.4192726435,0.7962043114820812,0.816766025,0.6488149460736801,0.5893110570807382
ISPY2-999733,0,3,spy2,0.379449671,0.3340763872420007,0.3581034875,0.18473118709310457,0.17212065756231745
