epoch,lr,train_loss,val_loss,patient_auc,patient_ap,patient_accuracy,patient_f1,patient_precision,patient_recall,patient_balanced_accuracy,patient_sensitivity,patient_specificity,patient_brier,patient_logloss,patient_tn,patient_fp,patient_fn,patient_tp,n_patients,epoch_seconds,peak_vram_gib,bad_epochs,smoke,train_patient_auc,train_patient_ap,train_patient_accuracy,train_patient_f1,train_patient_precision,train_patient_recall,train_patient_balanced_accuracy,train_patient_sensitivity,train_patient_specificity,train_patient_brier,train_patient_logloss,train_patient_tn,train_patient_fp,train_patient_fn,train_patient_tp,train_n_patients,train_eval_loss,loss,seed,fold
1,0.0008,0.5503607988357544,0.5196264982223511,0.7623991935483871,0.5577115881951188,0.726027397260274,0.3333333333333333,0.5769230769230769,0.234375,0.5817036290322581,0.234375,0.9290322580645162,0.1721448451280594,0.5185527801513672,144,11,49,15,219,10.436717993999991,0.6451430320739746,0,False,,,,,,,,,,,,,,,,,,normal,2026,0
2,0.0007990791638302,0.5456205010414124,0.5333033800125122,0.7566532258064517,0.571595994243214,0.7351598173515982,0.1944444444444444,0.875,0.109375,0.5514616935483871,0.109375,0.9935483870967742,0.1780183017253875,0.5316112041473389,154,1,57,7,219,10.518442795000738,0.6451430320739746,1,False,,,,,,,,,,,,,,,,,,normal,2026,0
3,0.0007963209486843,0.5403035879135132,0.5172794461250305,0.7612903225806452,0.5723065271793749,0.7351598173515982,0.3695652173913043,0.6071428571428571,0.265625,0.5973286290322581,0.265625,0.9290322580645162,0.1711630970239639,0.516284704208374,144,11,47,17,219,10.428778956000317,0.6451430320739746,2,False,,,,,,,,,,,,,,,,,,normal,2026,0
4,0.0007917382146345,0.5368029475212097,0.5441620349884033,0.7371975806451614,0.5424238049959271,0.7214611872146118,0.1408450704225352,0.7142857142857143,0.078125,0.5326108870967742,0.078125,0.9870967741935484,0.1821796596050262,0.5427042841911316,153,2,59,5,219,10.51648589100114,0.6451430320739746,3,False,,,,,,,,,,,,,,,,,,normal,2026,0
5,0.0007853523285023,0.5350224375724792,0.5730164647102356,0.7180443548387097,0.5339417581733106,0.7168949771689498,0.1842105263157894,0.5833333333333334,0.109375,0.5385584677419355,0.109375,0.967741935483871,0.1875438541173935,0.569038987159729,150,5,57,7,219,10.324626170000556,0.6451430320739746,4,False,,,,,,,,,,,,,,,,,,normal,2026,0
6,0.0007771930642369,0.5303351879119873,0.5420671701431274,0.74375,0.5514889318709694,0.7488584474885844,0.5528455284552846,0.576271186440678,0.53125,0.6849798387096775,0.53125,0.8387096774193549,0.1808257102966308,0.5410610437393188,130,25,30,34,219,10.431072104000124,0.6451430320739746,5,False,,,,,,,,,,,,,,,,,,normal,2026,0
7,0.0007672984640946,0.5249457955360413,0.5499160885810852,0.7149193548387098,0.5358168660541107,0.7351598173515982,0.2926829268292683,0.6666666666666666,0.1875,0.5743951612903226,0.1875,0.9612903225806452,0.1820748448371887,0.5479269027709961,149,6,52,12,219,10.425708732000205,0.6451430320739746,6,False,,,,,,,,,,,,,,,,,,normal,2026,0
8,0.0007557146612689,0.5120474100112915,0.6503767371177673,0.6630040322580646,0.4526025938690302,0.7077625570776256,0.0857142857142857,0.5,0.046875,0.5137600806451612,0.046875,0.9806451612903224,0.2104585170745849,0.6469234228134155,152,3,61,3,219,10.411994534999394,0.6451430320739746,7,False,,,,,,,,,,,,,,,,,,normal,2026,0
9,0.0007424956647958,0.5112574100494385,0.557112455368042,0.7126008064516128,0.5467090852252938,0.7534246575342466,0.5178571428571429,0.6041666666666666,0.453125,0.6652721774193548,0.453125,0.8774193548387097,0.1828195601701736,0.553811252117157,136,19,35,29,219,10.425733649999527,0.6451430320739746,8,False,,,,,,,,,,,,,,,,,,normal,2026,0
10,0.0007277031077391,0.5028263330459595,0.5745384097099304,0.7345766129032257,0.5440904777471411,0.7123287671232876,0.5655172413793104,0.5061728395061729,0.640625,0.6912802419354839,0.640625,0.7419354838709677,0.194474384188652,0.5726032853126526,115,40,23,41,219,10.2800322589992,0.6451430320739746,9,False,0.7551700425106276,0.5629789329515347,0.7118451025056948,0.5733558178752108,0.5074626865671642,0.6589147286821705,0.6963928482120529,0.6589147286821705,0.7338709677419355,0.190608724951744,0.5640847682952881,455.0,165.0,88.0,170.0,878.0,0.5654762983322144,normal,2026,0
11,0.0007114059598282,0.4983764886856079,0.5861274003982544,0.687399193548387,0.519024918996701,0.7351598173515982,0.3829787234042553,0.6,0.28125,0.6019153225806452,0.28125,0.9225806451612903,0.1869321465492248,0.5759389996528625,143,12,46,18,219,10.422943060999389,0.6451430320739746,10,False,,,,,,,,,,,,,,,,,,normal,2026,0
12,0.0006936802058898,0.4877299666404724,0.6700296401977539,0.6477822580645161,0.4745075953772972,0.7351598173515982,0.275,0.6875,0.171875,0.5698084677419355,0.171875,0.967741935483871,0.1997405737638473,0.6585578918457031,150,5,53,11,219,10.327555314001074,0.6451430320739746,11,False,0.8062828207051763,0.6631661170947323,0.7596810933940774,0.3848396501457726,0.7764705882352941,0.2558139534883721,0.6125843960990247,0.2558139534883721,0.9693548387096774,0.1619588732719421,0.4960596561431885,601.0,19.0,192.0,66.0,878.0,0.5045141577720642,normal,2026,0
1,0.0008,0.5435301661491394,0.5502354502677917,0.7058763098417917,0.4680175783280492,0.7214611872146118,0.2823529411764706,0.5217391304347826,0.1935483870967742,0.5617423464146292,0.1935483870967742,0.929936305732484,0.1828924715518951,0.549229085445404,146,11,50,12,219,10.454119629999695,0.6451430320739746,1,False,,,,,,,,,,,,,,,,,,normal,2026,1
2,0.0007990791638302,0.5381265878677368,0.5489194989204407,0.7016642695705774,0.4669482279139184,0.7123287671232876,0.3076923076923077,0.4827586206896552,0.2258064516129032,0.565132525169509,0.2258064516129032,0.9044585987261148,0.1839410662651062,0.5483418107032776,142,15,48,14,219,10.280453650999334,0.6451430320739746,2,False,,,,,,,,,,,,,,,,,,normal,2026,1
3,0.0007963209486843,0.5336833596229553,0.5585473775863647,0.6909800698582289,0.4505184102254548,0.7168949771689498,0.392156862745098,0.5,0.3225806451612903,0.5975960550647216,0.3225806451612903,0.8726114649681529,0.1871707141399383,0.5578555464744568,137,20,42,20,219,10.36770100099966,0.6451430320739746,3,False,,,,,,,,,,,,,,,,,,normal,2026,1
4,0.0007917382146345,0.5303433537483215,0.5683322548866272,0.6888226833778508,0.4334972434080371,0.7077625570776256,0.2,0.4444444444444444,0.1290322580645161,0.5326689952742962,0.1290322580645161,0.9363057324840764,0.1886306256055832,0.5666596293449402,147,10,54,8,219,10.27822881999964,0.6451430320739746,4,False,,,,,,,,,,,,,,,,,,normal,2026,1
5,0.0007853523285023,0.5281183123588562,0.5874627828598022,0.6697144031230737,0.4387456309796061,0.726027397260274,0.4444444444444444,0.5217391304347826,0.3870967741935484,0.6234846928292583,0.3870967741935484,0.8598726114649682,0.1947855204343795,0.5854036808013916,135,22,38,24,219,10.237163285999486,0.6451430320739746,5,False,,,,,,,,,,,,,,,,,,normal,2026,1
6,0.0007771930642369,0.5176080465316772,0.6072021126747131,0.648243271008835,0.4087286002673478,0.7077625570776256,0.238095238095238,0.4545454545454545,0.1612903225806451,0.5424286007807685,0.1612903225806451,0.9235668789808916,0.1990376263856887,0.6025006771087646,145,12,52,10,219,10.425307808998696,0.6451430320739746,6,False,,,,,,,,,,,,,,,,,,normal,2026,1
7,0.0007672984640946,0.5199758410453796,0.5905718803405762,0.6571810149989726,0.4435801639861133,0.7077625570776256,0.3846153846153846,0.4761904761904761,0.3225806451612903,0.5912266283131292,0.3225806451612903,0.8598726114649682,0.1935809105634689,0.5876065492630005,135,22,42,20,219,10.290269649000038,0.6451430320739746,7,False,,,,,,,,,,,,,,,,,,normal,2026,1
8,0.0007557146612689,0.5133041143417358,0.5789161324501038,0.6857407026915965,0.4687464555429376,0.7214611872146118,0.4695652173913043,0.5094339622641509,0.4354838709677419,0.6349393877131704,0.4354838709677419,0.8343949044585988,0.1947513073682785,0.5768346786499023,131,26,35,27,219,10.34741412099902,0.6451430320739746,8,False,,,,,,,,,,,,,,,,,,normal,2026,1
9,0.0007424956647958,0.5090762376785278,0.6173915266990662,0.658105609204849,0.4563140793408914,0.7351598173515982,0.4629629629629629,0.5434782608695652,0.4032258064516129,0.6347339223340867,0.4032258064516129,0.8662420382165605,0.1956693977117538,0.6112024784088135,136,21,37,25,219,10.340801845999522,0.6451430320739746,9,False,,,,,,,,,,,,,,,,,,normal,2026,1
10,0.0007277031077391,0.5085258483886719,0.6007551550865173,0.6637559071296486,0.4272395227765551,0.7077625570776256,0.2888888888888888,0.4642857142857143,0.2096774193548387,0.5570680090404767,0.2096774193548387,0.9044585987261148,0.1948570162057876,0.5952553749084473,142,15,49,13,219,10.384804098999666,0.6451430320739746,10,False,0.786127707244212,0.6289858785567387,0.7665148063781321,0.4862155388471177,0.697841726618705,0.3730769230769231,0.6525578790141897,0.3730769230769231,0.9320388349514565,0.1624136865139007,0.4937099516391754,576.0,42.0,163.0,97.0,878.0,0.4972104430198669,normal,2026,1
11,0.0007114059598282,0.5034571886062622,0.6178147792816162,0.6641668378878158,0.4564000014766525,0.726027397260274,0.375,0.5294117647058824,0.2903225806451613,0.5942058763098418,0.2903225806451613,0.8980891719745223,0.1948022991418838,0.6082738637924194,141,16,44,18,219,10.394912364999982,0.6451430320739746,11,False,,,,,,,,,,,,,,,,,,normal,2026,1
12,0.0006936802058898,0.5007525086402893,0.5911355018615723,0.6667351551263612,0.4638557709515974,0.7123287671232876,0.4521739130434782,0.490566037735849,0.4193548387096774,0.623690158208342,0.4193548387096774,0.8280254777070064,0.1967641562223434,0.5865814089775085,130,27,36,26,219,10.40959444299915,0.6451430320739746,12,False,0.7800784167289023,0.6156198945006861,0.7562642369020501,0.572,0.5958333333333333,0.55,0.6965210355987055,0.55,0.843042071197411,0.1671640425920486,0.5079111456871033,521.0,97.0,117.0,143.0,878.0,0.509509265422821,normal,2026,1
1,0.0008,0.5449094772338867,0.5311280488967896,0.7076534372039162,0.4971535391024033,0.7454545454545455,0.1764705882352941,0.6666666666666666,0.1016949152542373,0.5415306874407833,0.1016949152542373,0.9813664596273292,0.1764108687639236,0.5320069789886475,158,3,53,6,220,10.55342168399875,0.6451430320739746,0,False,,,,,,,,,,,,,,,,,,normal,2026,2
2,0.0007990791638302,0.5397327542304993,0.5333594679832458,0.7048110327402886,0.4780423838897849,0.7318181818181818,0.1917808219178082,0.5,0.1186440677966101,0.5375829034635224,0.1186440677966101,0.9565217391304348,0.1779515147209167,0.5341671109199524,154,7,52,7,220,10.595313341000292,0.6451430320739746,1,False,,,,,,,,,,,,,,,,,,normal,2026,2
3,0.0007963209486843,0.5376326441764832,0.5557953715324402,0.6989156753342457,0.5106057122019942,0.7045454545454546,0.4247787610619469,0.4444444444444444,0.4067796610169492,0.6102221286451206,0.4067796610169492,0.8136645962732919,0.1873146444559097,0.5561189651489258,131,30,35,24,220,10.63301580299958,0.6451430320739746,2,False,,,,,,,,,,,,,,,,,,normal,2026,2
4,0.0007917382146345,0.5327035188674927,0.5231314301490784,0.7084956311190652,0.4911308452531432,0.7454545454545455,0.3636363636363636,0.5517241379310345,0.2711864406779661,0.5952205495315296,0.2711864406779661,0.9192546583850932,0.1747089773416519,0.5235257148742676,148,13,43,16,220,10.60827966999932,0.6451430320739746,3,False,,,,,,,,,,,,,,,,,,normal,2026,2
5,0.0007853523285023,0.5281021595001221,0.5304628610610962,0.7067059690493737,0.4724795389093585,0.75,0.3209876543209876,0.5909090909090909,0.2203389830508474,0.5822191809664176,0.2203389830508474,0.9440993788819876,0.1758210808038711,0.5292056798934937,152,9,46,13,220,10.64585490799982,0.6451430320739746,4,False,,,,,,,,,,,,,,,,,,normal,2026,2
6,0.0007771930642369,0.5269360542297363,0.5264134407043457,0.7103905674281503,0.4954777008537392,0.740909090909091,0.4242424242424242,0.525,0.3559322033898305,0.6189598905147911,0.3559322033898305,0.8819875776397516,0.1762515902519226,0.5266916155815125,142,19,38,21,220,10.495299574000455,0.6451430320739746,0,False,,,,,,,,,,,,,,,,,,normal,2026,2
7,0.0007672984640946,0.5245681405067444,0.5469022989273071,0.6939677860827456,0.499670392056258,0.7181818181818181,0.4150943396226415,0.4680851063829787,0.3728813559322034,0.6088009264133067,0.3728813559322034,0.84472049689441,0.1840859651565551,0.5470114350318909,136,25,37,22,220,10.55892490000042,0.6451430320739746,1,False,,,,,,,,,,,,,,,,,,normal,2026,2
8,0.0007557146612689,0.5198882818222046,0.5385718941688538,0.6969154647857668,0.4799169639211883,0.7181818181818181,0.38,0.4634146341463415,0.3220338983050847,0.5926939677860827,0.3220338983050847,0.8633540372670807,0.1790716499090194,0.5363759994506836,139,22,40,19,220,10.47419175700088,0.6451430320739746,2,False,,,,,,,,,,,,,,,,,,normal,2026,2
9,0.0007424956647958,0.5141785740852356,0.5316591262817383,0.7086009053584587,0.4898012102939286,0.75,0.3209876543209876,0.5909090909090909,0.2203389830508474,0.5822191809664176,0.2203389830508474,0.9440993788819876,0.1749287694692611,0.5292723774909973,152,9,46,13,220,10.625791279999248,0.6451430320739746,3,False,,,,,,,,,,,,,,,,,,normal,2026,2
10,0.0007277031077391,0.5066095590591431,0.5740132331848145,0.6753342457100746,0.449875835034518,0.7454545454545455,0.3170731707317073,0.5652173913043478,0.2203389830508474,0.5791135909043057,0.2203389830508474,0.937888198757764,0.1854750216007232,0.5716061592102051,151,10,46,13,220,10.549250638001467,0.6451430320739746,4,False,0.7907816351048415,0.6360876280009479,0.7548460661345496,0.3943661971830985,0.7608695652173914,0.2661596958174905,0.6151645384624912,0.2661596958174905,0.9641693811074918,0.1672208458185196,0.5088487863540649,592.0,22.0,193.0,70.0,877.0,0.5159216523170471,normal,2026,2
11,0.0007114059598282,0.5056556463241577,0.54163658618927,0.7048110327402884,0.5181461234721445,0.7545454545454545,0.5,0.5510204081632653,0.4576271186440678,0.6604905779555743,0.4576271186440678,0.8633540372670807,0.1783125400543213,0.539112389087677,139,22,32,27,220,10.611089568999889,0.6451430320739746,5,False,,,,,,,,,,,,,,,,,,normal,2026,2
12,0.0006936802058898,0.4956881403923034,0.5679863095283508,0.6793346668070323,0.4634860957951749,0.7363636363636363,0.3958333333333333,0.5135135135135135,0.3220338983050847,0.60511632803453,0.3220338983050847,0.8881987577639752,0.1849621832370758,0.5632189512252808,143,18,40,19,220,10.673817635000889,0.6451430320739746,6,False,,,,,,,,,,,,,,,,,,normal,2026,2
13,0.0006746084915713,0.4850075244903564,0.5718716979026794,0.681334877355511,0.4575765723353061,0.7272727272727273,0.3877551020408163,0.4871794871794871,0.3220338983050847,0.5989051479103064,0.3220338983050847,0.8757763975155279,0.1859543919563293,0.5631006360054016,141,20,40,19,220,10.854143844999273,0.6451430320739746,7,False,,,,,,,,,,,,,,,,,,normal,2026,2
14,0.0006542797380087,0.481284350156784,0.5638357400894165,0.6887040741130644,0.4848276346823983,0.7363636363636363,0.3695652173913043,0.5151515151515151,0.288135593220339,0.5943783556163806,0.288135593220339,0.9006211180124224,0.1808952391147613,0.5576630234718323,145,16,42,17,220,10.647112540000307,0.6451430320739746,8,False,,,,,,,,,,,,,,,,,,normal,2026,2
15,0.0006327887272353,0.4709820747375488,0.6013648509979248,0.681650700073692,0.4609511060251939,0.7272727272727273,0.4642857142857143,0.490566037735849,0.4406779661016949,0.6364880513738288,0.4406779661016949,0.8322981366459627,0.1927523463964462,0.5849046111106873,134,27,33,26,220,10.777944698000285,0.6451430320739746,9,False,,,,,,,,,,,,,,,,,,normal,2026,2
16,0.0006102356602639,0.4592926204204559,0.5898194909095764,0.6760711653858301,0.4476394992788072,0.7272727272727273,0.4117647058823529,0.4883720930232558,0.3559322033898305,0.6096431203284556,0.3559322033898305,0.8633540372670807,0.1906595081090927,0.5766857862472534,139,22,38,21,220,10.435781215999668,0.6451430320739746,10,False,0.8612043447566912,0.7444512143548,0.8129988597491448,0.6339285714285714,0.7675675675675676,0.5399239543726235,0.7349456905413606,0.5399239543726235,0.9299674267100976,0.1360886394977569,0.4264542758464813,571.0,43.0,121.0,142.0,877.0,0.4368732273578644,normal,2026,2
1,0.0008,0.530693769454956,0.5883907675743103,0.7112643678160919,0.5644943865471262,0.7,0.3773584905660377,0.6451612903225806,0.2666666666666666,0.5954022988505747,0.2666666666666666,0.9241379310344828,0.1982303410768509,0.5863691568374634,134,11,55,20,220,10.73150660600004,0.6451430320739746,1,False,,,,,,,,,,,,,,,,,,normal,2026,3
2,0.0007990791638302,0.523915708065033,0.5930814146995544,0.7167816091954022,0.5672566259850337,0.6954545454545454,0.3619047619047619,0.6333333333333333,0.2533333333333333,0.588735632183908,0.2533333333333333,0.9241379310344828,0.1973743438720703,0.5900320410728455,134,11,56,19,220,10.719961339000292,0.6451430320739746,0,False,,,,,,,,,,,,,,,,,,normal,2026,3
3,0.0007963209486843,0.5195122957229614,0.6143361926078796,0.7051954022988505,0.5497308681372626,0.6909090909090909,0.3461538461538461,0.6206896551724138,0.24,0.5820689655172413,0.24,0.9241379310344828,0.2030551731586456,0.6099825501441956,134,11,57,18,220,10.795081305001077,0.6451430320739746,1,False,,,,,,,,,,,,,,,,,,normal,2026,3
4,0.0007917382146345,0.5139790773391724,0.6215832233428955,0.6953563218390805,0.5284460282690673,0.6909090909090909,0.4603174603174603,0.5686274509803921,0.3866666666666666,0.6174712643678161,0.3866666666666666,0.8482758620689655,0.2041828483343124,0.6169964075088501,123,22,46,29,220,10.71707513399997,0.6451430320739746,2,False,,,,,,,,,,,,,,,,,,normal,2026,3
5,0.0007853523285023,0.5091727375984192,0.6251296997070312,0.7081379310344827,0.5686493406161308,0.7090909090909091,0.3725490196078431,0.7037037037037037,0.2533333333333333,0.5990804597701149,0.2533333333333333,0.9448275862068966,0.2011425346136093,0.6163718700408936,137,8,56,19,220,10.688933790999728,0.6451430320739746,3,False,,,,,,,,,,,,,,,,,,normal,2026,3
6,0.0007771930642369,0.5089536905288696,0.6097089052200317,0.7025287356321839,0.554078371943977,0.6863636363636364,0.4102564102564102,0.5714285714285714,0.32,0.5979310344827586,0.32,0.8758620689655172,0.2005484849214553,0.6050810813903809,127,18,51,24,220,10.677770746000531,0.6451430320739746,4,False,,,,,,,,,,,,,,,,,,normal,2026,3
7,0.0007672984640946,0.5055200457572937,0.6441417336463928,0.6781609195402298,0.5240905940884899,0.6863636363636364,0.4102564102564102,0.5714285714285714,0.32,0.5979310344827586,0.32,0.8758620689655172,0.2081318646669387,0.639319896697998,127,18,51,24,220,10.66161998499956,0.6451430320739746,5,False,,,,,,,,,,,,,,,,,,normal,2026,3
8,0.0007557146612689,0.4978169202804565,0.6061995625495911,0.711448275862069,0.5641531955668901,0.7227272727272728,0.5906040268456376,0.5945945945945946,0.5866666666666667,0.6898850574712644,0.5866666666666667,0.7931034482758621,0.2002868950366974,0.6041873693466187,115,30,31,44,220,10.66481727000064,0.6451430320739746,6,False,,,,,,,,,,,,,,,,,,normal,2026,3
9,0.0007424956647958,0.4920524954795837,0.6216753125190735,0.6953563218390804,0.5515369750279536,0.7181818181818181,0.5571428571428572,0.6,0.52,0.670344827586207,0.52,0.8206896551724138,0.2031125724315643,0.6181102395057678,119,26,36,39,220,10.819247302000804,0.6451430320739746,7,False,,,,,,,,,,,,,,,,,,normal,2026,3
10,0.0007277031077391,0.4851215481758117,0.6308069825172424,0.6953563218390805,0.5531255528723084,0.7045454545454546,0.5390070921985816,0.5757575757575758,0.5066666666666667,0.6567816091954023,0.5066666666666667,0.8068965517241379,0.2041910737752914,0.6239955425262451,117,28,37,38,220,10.799568583999644,0.6451430320739746,8,False,0.7829252618726303,0.603924507206766,0.7594070695553021,0.570264765784114,0.5737704918032787,0.5668016194331984,0.7008611271769167,0.5668016194331984,0.834920634920635,0.1661914736032486,0.5038708448410034,526.0,104.0,107.0,140.0,877.0,0.5062850713729858,normal,2026,3
11,0.0007114059598282,0.4759703278541565,0.788525402545929,0.6909425287356321,0.5634630719472584,0.6727272727272727,0.1,0.8,0.0533333333333333,0.5232183908045976,0.0533333333333333,0.993103448275862,0.2389317750930786,0.7788546681404114,144,1,71,4,220,10.722071068999869,0.6451430320739746,9,False,,,,,,,,,,,,,,,,,,normal,2026,3
12,0.0006936802058898,0.4741904139518738,0.6991463303565979,0.6773333333333332,0.5587149400012323,0.7045454545454546,0.4347826086956521,0.625,0.3333333333333333,0.6149425287356322,0.3333333333333333,0.896551724137931,0.2084952443838119,0.6849708557128906,130,15,50,25,220,10.666284915001595,0.6451430320739746,10,False,0.8243364822312191,0.6571719164377656,0.7913340935005702,0.5525672371638142,0.6975308641975309,0.4574898785425101,0.6898560503823662,0.4574898785425101,0.9222222222222224,0.1461022198200225,0.4505553841590881,581.0,49.0,134.0,113.0,877.0,0.4564463496208191,normal,2026,3
1,0.0008,0.5428354144096375,0.5637897253036499,0.6789603451818369,0.5096932994201234,0.7214611872146118,0.419047619047619,0.5116279069767442,0.3548387096774194,0.6105403739469899,0.3548387096774194,0.8662420382165605,0.1891900151968002,0.5624679923057556,136,21,40,22,219,10.291432625001107,0.6451430320739746,0,False,,,,,,,,,,,,,,,,,,normal,2026,4
2,0.0007990791638302,0.5357899069786072,0.6026334166526794,0.6878980891719746,0.5118817417394519,0.6575342465753424,0.4755244755244755,0.419753086419753,0.5483870967741935,0.6245120197246763,0.5483870967741935,0.7006369426751592,0.2081738710403442,0.6021009683609009,110,47,28,34,219,10.43891828500091,0.6451430320739746,0,False,,,,,,,,,,,,,,,,,,normal,2026,4
3,0.0007963209486843,0.5376375317573547,0.5604952573776245,0.678343949044586,0.5311968963909653,0.7077625570776256,0.3962264150943396,0.4772727272727273,0.3387096774193548,0.5961064310663653,0.3387096774193548,0.8535031847133758,0.1883013099431991,0.5593289732933044,134,23,41,21,219,10.672219091000445,0.6451430320739746,1,False,,,,,,,,,,,,,,,,,,normal,2026,4
4,0.0007917382146345,0.5336951613426208,0.5455646514892578,0.6970412985411958,0.559361808949297,0.7625570776255708,0.3809523809523809,0.7272727272727273,0.2580645161290322,0.6099239778097391,0.2580645161290322,0.961783439490446,0.1778190433979034,0.5433548092842102,151,6,46,16,219,10.7395790949995,0.6451430320739746,0,False,,,,,,,,,,,,,,,,,,normal,2026,4
5,0.0007853523285023,0.5300421118736267,0.5832169651985168,0.6843024450380111,0.529174102755711,0.6666666666666666,0.4511278195488721,0.4225352112676056,0.4838709677419355,0.6113622354633244,0.4838709677419355,0.7388535031847133,0.1998606324195861,0.5817813277244568,116,41,32,30,219,10.540139982000255,0.6451430320739746,1,False,,,,,,,,,,,,,,,,,,normal,2026,4
6,0.0007771930642369,0.52736896276474,0.552666187286377,0.6919046640641053,0.5529116753373733,0.7123287671232876,0.4220183486238532,0.4893617021276595,0.3709677419354839,0.6090507499486337,0.3709677419354839,0.8471337579617835,0.1851406693458557,0.5510745644569397,133,24,39,23,219,10.581317462001609,0.6451430320739746,2,False,,,,,,,,,,,,,,,,,,normal,2026,4
7,0.0007672984640946,0.5194410681724548,0.5409770607948303,0.6988904869529484,0.5739579816198093,0.7625570776255708,0.4583333333333333,0.6470588235294118,0.3548387096774194,0.6392027943291556,0.3548387096774194,0.9235668789808916,0.1769739836454391,0.537921667098999,145,12,40,22,219,10.555833258998971,0.6451430320739746,0,False,,,,,,,,,,,,,,,,,,normal,2026,4
8,0.0007557146612689,0.5168818831443787,0.5622389912605286,0.6784466817341278,0.5382889736282019,0.7214611872146118,0.419047619047619,0.5116279069767442,0.3548387096774194,0.6105403739469899,0.3548387096774194,0.8662420382165605,0.1882407814264297,0.5596606135368347,136,21,40,22,219,10.338214987001264,0.6451430320739746,1,False,,,,,,,,,,,,,,,,,,normal,2026,4
9,0.0007424956647958,0.5133602023124695,0.5735288858413696,0.6706389973289502,0.5298830662902371,0.7488584474885844,0.4660194174757281,0.5853658536585366,0.3870967741935484,0.6394082597082391,0.3870967741935484,0.89171974522293,0.1862402856349945,0.5667948126792908,140,17,38,24,219,10.415597197999888,0.6451430320739746,2,False,,,,,,,,,,,,,,,,,,normal,2026,4
10,0.0007277031077391,0.5123459100723267,0.5724820494651794,0.6709471953975755,0.539472658156612,0.7488584474885844,0.4554455445544554,0.5897435897435898,0.3709677419354839,0.6345284569550032,0.3709677419354839,0.8980891719745223,0.1865880638360977,0.5676571130752563,141,16,39,23,219,10.38016914400032,0.6451430320739746,3,False,0.790453074433657,0.6365396100149066,0.7767653758542141,0.51,0.7285714285714285,0.3923076923076923,0.6654095095842668,0.3923076923076923,0.9385113268608414,0.1602513790130615,0.4914102852344513,580.0,38.0,158.0,102.0,878.0,0.4949926137924194,normal,2026,4
11,0.0007114059598282,0.504157304763794,0.587427020072937,0.6688925416067393,0.5298350923523603,0.7488584474885844,0.4660194174757281,0.5853658536585366,0.3870967741935484,0.6394082597082391,0.3870967741935484,0.89171974522293,0.1885731965303421,0.5786728262901306,140,17,38,24,219,10.3911268189986,0.6451430320739746,4,False,,,,,,,,,,,,,,,,,,normal,2026,4
12,0.0006936802058898,0.4959737956523895,0.5791456699371338,0.6697144031230737,0.5358197233337804,0.6940639269406392,0.4552845528455284,0.4590163934426229,0.4516129032258064,0.6207109102116294,0.4516129032258064,0.7898089171974523,0.1932952255010604,0.5738256573677063,124,33,34,28,219,10.457287720999377,0.6451430320739746,5,False,,,,,,,,,,,,,,,,,,normal,2026,4
13,0.0006746084915713,0.4907685220241546,0.5898585319519043,0.6780357509759606,0.541201576461845,0.7214611872146118,0.5196850393700787,0.5076923076923077,0.532258064516129,0.6642182042325868,0.532258064516129,0.7961783439490446,0.1963320821523666,0.5820841789245605,125,32,29,33,219,10.455206683000142,0.6451430320739746,6,False,,,,,,,,,,,,,,,,,,normal,2026,4
14,0.0006542797380087,0.4887413084506988,0.6094104051589966,0.6736182453256625,0.5592292805061262,0.6940639269406392,0.5037037037037037,0.4657534246575342,0.5483870967741935,0.6499897267310458,0.5483870967741935,0.7515923566878981,0.20195072889328,0.5979464650154114,118,39,28,34,219,10.3493802590001,0.6451430320739746,7,False,,,,,,,,,,,,,,,,,,normal,2026,4
15,0.0006327887272353,0.4796828031539917,0.6197507381439209,0.6601602629956852,0.5225422067451269,0.726027397260274,0.5081967213114754,0.5166666666666667,0.5,0.6576433121019108,0.5,0.8152866242038217,0.1982457786798477,0.6043210625648499,128,29,31,31,219,10.4408638219993,0.6451430320739746,8,False,,,,,,,,,,,,,,,,,,normal,2026,4
16,0.0006102356602639,0.4745521247386932,0.5724120140075684,0.6904664064105198,0.5542970743934017,0.7579908675799086,0.4646464646464646,0.6216216216216216,0.3709677419354839,0.6408978837065955,0.3709677419354839,0.910828025477707,0.1806376278400421,0.5604280233383179,143,14,39,23,219,10.309313355000995,0.6451430320739746,9,False,,,,,,,,,,,,,,,,,,normal,2026,4
17,0.0005867256899038,0.4603298902511596,0.6132094860076904,0.6772138894596259,0.5325515069667268,0.6986301369863014,0.4677419354838709,0.4677419354838709,0.4677419354838709,0.6287754263406616,0.4677419354838709,0.7898089171974523,0.1983280032873153,0.5946905612945557,124,33,33,29,219,10.430053784000847,0.6451430320739746,10,False,0.8399676375404531,0.6981822899824581,0.8132118451025057,0.6693548387096774,0.7033898305084746,0.6384615384615384,0.7625964650236494,0.6384615384615384,0.8867313915857605,0.1455214172601699,0.4504189193248749,548.0,70.0,94.0,166.0,878.0,0.4578325450420379,normal,2026,4
1,0.0008,0.5509134531021118,0.5459144115447998,0.7661290322580645,0.5777446282005823,0.726027397260274,0.1666666666666666,0.75,0.09375,0.5404233870967742,0.09375,0.9870967741935484,0.1833227127790451,0.5439680814743042,153,2,58,6,219,12.833390011999654,0.6451430320739746,0,False,,,,,,,,,,,,,,,,,,normal,42,0
2,0.0007990791638302,0.5431569218635559,0.5151777863502502,0.7622983870967742,0.5558296014859302,0.7351598173515982,0.3255813953488372,0.6363636363636364,0.21875,0.5835685483870967,0.21875,0.9483870967741936,0.17161525785923,0.5140723586082458,147,8,50,14,219,10.70102225499977,0.6451430320739746,1,False,,,,,,,,,,,,,,,,,,normal,42,0
3,0.0007963209486843,0.5380557775497437,0.5212543606758118,0.7515120967741936,0.5526562759728795,0.726027397260274,0.3617021276595745,0.5666666666666667,0.265625,0.5908770161290322,0.265625,0.9161290322580644,0.1730151623487472,0.5200219750404358,142,13,47,17,219,10.67685978300142,0.6451430320739746,2,False,,,,,,,,,,,,,,,,,,normal,42,0
4,0.0007917382146345,0.5376763343811035,0.5300697684288025,0.7382056451612904,0.5360831975083703,0.7442922374429224,0.4509803921568627,0.6052631578947368,0.359375,0.6313004032258065,0.359375,0.9032258064516128,0.1758720427751541,0.5284358859062195,140,15,41,23,219,10.641216684000028,0.6451430320739746,3,False,,,,,,,,,,,,,,,,,,normal,42,0
5,0.0007853523285023,0.5304595232009888,0.5230687260627747,0.7524193548387096,0.5388133298525728,0.730593607305936,0.3058823529411765,0.6190476190476191,0.203125,0.5757560483870967,0.203125,0.9483870967741936,0.1742208749055862,0.521504282951355,147,8,51,13,219,10.658215587000086,0.6451430320739746,4,False,,,,,,,,,,,,,,,,,,normal,42,0
6,0.0007771930642369,0.5262709259986877,0.5298357605934143,0.7420362903225807,0.5601013664500959,0.7351598173515982,0.3409090909090909,0.625,0.234375,0.5881552419354839,0.234375,0.9419354838709676,0.1738022267818451,0.5268269777297974,146,9,49,15,219,10.582922115001566,0.6451430320739746,5,False,,,,,,,,,,,,,,,,,,normal,42,0
7,0.0007672984640946,0.5238741636276245,0.5362852811813354,0.7259072580645162,0.5287517217730342,0.7397260273972602,0.3595505617977528,0.64,0.25,0.5959677419354839,0.25,0.9419354838709676,0.1768662631511688,0.5329594612121582,146,9,48,16,219,10.647117614998932,0.6451430320739746,6,False,,,,,,,,,,,,,,,,,,normal,42,0
8,0.0007557146612689,0.5195410251617432,0.541845440864563,0.7313508064516129,0.5252408137311999,0.7534246575342466,0.4,0.6923076923076923,0.28125,0.6148185483870967,0.28125,0.9483870967741936,0.1792121827602386,0.5372633934020996,147,8,46,18,219,10.650442546000704,0.6451430320739746,7,False,,,,,,,,,,,,,,,,,,normal,42,0
9,0.0007424956647958,0.5135595798492432,0.535582423210144,0.730241935483871,0.5490344014099333,0.7442922374429224,0.4285714285714285,0.6176470588235294,0.328125,0.6221270161290322,0.328125,0.9161290322580644,0.1760955154895782,0.5304611921310425,142,13,43,21,219,10.550895510999908,0.6451430320739746,8,False,,,,,,,,,,,,,,,,,,normal,42,0
10,0.0007277031077391,0.5072278380393982,0.5632933974266052,0.7184475806451612,0.508557141930232,0.7397260273972602,0.4123711340206185,0.6060606060606061,0.3125,0.6143145161290322,0.3125,0.9161290322580644,0.181632250547409,0.5556384325027466,142,13,44,20,219,10.765499647999604,0.6451430320739746,9,False,0.795380095023756,0.6439863351792912,0.7801822323462415,0.5113924050632911,0.7372262773722628,0.3914728682170542,0.666704176044011,0.3914728682170542,0.9419354838709676,0.1578699350357055,0.4834320545196533,584.0,36.0,157.0,101.0,878.0,0.4896772801876068,normal,42,0
11,0.0007114059598282,0.5026499629020691,0.5747659206390381,0.6995967741935484,0.5020013829620997,0.7077625570776256,0.4181818181818181,0.5,0.359375,0.6054939516129032,0.359375,0.8516129032258064,0.1879377961158752,0.5693807005882263,132,23,41,23,219,10.728516106000823,0.6451430320739746,10,False,,,,,,,,,,,,,,,,,,normal,42,0
12,0.0006936802058898,0.4916439056396484,0.5832099318504333,0.7107862903225807,0.5091685483805802,0.726027397260274,0.1891891891891892,0.7,0.109375,0.5450100806451612,0.109375,0.9806451612903224,0.1910838186740875,0.5762527585029602,152,3,57,7,219,10.892235313000128,0.6451430320739746,11,False,0.7974806201550388,0.6476007934785053,0.7494305239179955,0.2993630573248407,0.8392857142857143,0.1821705426356589,0.5838272068017004,0.1821705426356589,0.985483870967742,0.1682084202766418,0.5079067349433899,611.0,9.0,211.0,47.0,878.0,0.512848973274231,normal,42,0
1,0.0008,0.5450789928436279,0.5428982377052307,0.7057735771522499,0.48179568404975,0.7077625570776256,0.238095238095238,0.4545454545454545,0.1612903225806451,0.5424286007807685,0.1612903225806451,0.9235668789808916,0.1814570873975753,0.5425034761428833,145,12,52,10,219,10.920745221999823,0.6451430320739746,1,False,,,,,,,,,,,,,,,,,,normal,42,1
2,0.0007990791638302,0.5389152765274048,0.5630080699920654,0.693651119786316,0.4549841635626822,0.7077625570776256,0.3725490196078431,0.475,0.3064516129032258,0.5863468255598931,0.3064516129032258,0.8662420382165605,0.1893054246902465,0.5627373456954956,136,21,43,19,219,10.833288072999494,0.6451430320739746,2,False,,,,,,,,,,,,,,,,,,normal,42,1
3,0.0007963209486843,0.5319826602935791,0.5513291954994202,0.7008424080542428,0.4903898093963277,0.730593607305936,0.404040404040404,0.5405405405405406,0.3225806451612903,0.6071501951921101,0.3225806451612903,0.89171974522293,0.1844540238380432,0.5507423877716064,140,17,42,20,219,10.92963411600067,0.6451430320739746,3,False,,,,,,,,,,,,,,,,,,normal,42,1
4,0.0007917382146345,0.5280961990356445,0.5653087496757507,0.6914937333059379,0.4733171956257035,0.7077625570776256,0.2,0.4444444444444444,0.1290322580645161,0.5326689952742962,0.1290322580645161,0.9363057324840764,0.1863009631633758,0.5628116130828857,147,10,54,8,219,10.93089355399934,0.6451430320739746,4,False,,,,,,,,,,,,,,,,,,normal,42,1
5,0.0007853523285023,0.523888111114502,0.5618705153465271,0.6894390795151017,0.4643126361116644,0.7123287671232876,0.3368421052631579,0.4848484848484848,0.2580645161290322,0.5748921306759811,0.2580645161290322,0.89171974522293,0.1864765882492065,0.5603448748588562,140,17,46,16,219,10.8542292559996,0.6451430320739746,5,False,,,,,,,,,,,,,,,,,,normal,42,1
6,0.0007771930642369,0.5203045010566711,0.5533818006515503,0.6976576946784467,0.4820612553469076,0.7168949771689498,0.3404255319148936,0.5,0.2580645161290322,0.5780768440517773,0.2580645161290322,0.8980891719745223,0.1834180504083633,0.5516425967216492,141,16,46,16,219,10.929376198000682,0.6451430320739746,6,False,,,,,,,,,,,,,,,,,,normal,42,1
7,0.0007672984640946,0.5160076022148132,0.5678797364234924,0.690877337168687,0.4515345125169379,0.726027397260274,0.4444444444444444,0.5217391304347826,0.3870967741935484,0.6234846928292583,0.3870967741935484,0.8598726114649682,0.1904668658971786,0.5659447908401489,135,22,38,24,219,10.753945327998736,0.6451430320739746,7,False,,,,,,,,,,,,,,,,,,normal,42,1
8,0.0007557146612689,0.5101968050003052,0.586143434047699,0.6610848572015615,0.4376515311265012,0.726027397260274,0.3478260869565217,0.5333333333333333,0.2580645161290322,0.5844462708033696,0.2580645161290322,0.910828025477707,0.1930648535490036,0.5833635330200195,143,14,46,16,219,10.694106930999624,0.6451430320739746,8,False,,,,,,,,,,,,,,,,,,normal,42,1
9,0.0007424956647958,0.5075395107269287,0.60572350025177,0.6472159441134169,0.4389611986705902,0.7123287671232876,0.4220183486238532,0.4893617021276595,0.3709677419354839,0.6090507499486337,0.3709677419354839,0.8471337579617835,0.1984277963638305,0.6000136137008667,133,24,39,23,219,10.723368854,0.6451430320739746,9,False,,,,,,,,,,,,,,,,,,normal,42,1
10,0.0007277031077391,0.5031002163887024,0.6168811917304993,0.641668378878159,0.4523172168069261,0.7077625570776256,0.3333333333333333,0.4705882352941176,0.2580645161290322,0.5717074173001849,0.2580645161290322,0.8853503184713376,0.1971092075109481,0.6094778180122375,139,18,46,16,219,10.891358783999747,0.6451430320739746,10,False,0.7901916853373164,0.6141205189765595,0.7585421412300684,0.5092592592592593,0.6395348837209303,0.4230769230769231,0.6613766492407269,0.4230769230769231,0.8996763754045307,0.1616722196340561,0.4897193312644958,556.0,62.0,150.0,110.0,878.0,0.4935200810432434,normal,42,1
11,0.0007114059598282,0.5001320838928223,0.6207907199859619,0.6454694883912061,0.4586769191015176,0.7168949771689498,0.38,0.5,0.3064516129032258,0.5927162523114855,0.3064516129032258,0.8789808917197452,0.1976701766252517,0.6120048761367798,138,19,43,19,219,10.642710416001137,0.6451430320739746,11,False,,,,,,,,,,,,,,,,,,normal,42,1
12,0.0006936802058898,0.4954022169113159,0.6101307272911072,0.6387918635709883,0.4226529805257047,0.7123287671232876,0.411214953271028,0.4888888888888889,0.3548387096774194,0.6041709471953975,0.3548387096774194,0.8535031847133758,0.2023213654756546,0.6032719016075134,134,23,40,22,219,10.839087370000923,0.6451430320739746,12,False,0.7863828727906398,0.6105980620062015,0.7585421412300684,0.548936170212766,0.6142857142857143,0.4961538461538461,0.6825429424943987,0.4961538461538461,0.8689320388349514,0.1636886745691299,0.4956203401088714,537.0,81.0,131.0,129.0,878.0,0.4994382560253143,normal,42,1
1,0.0008,0.5439471006393433,0.5456858277320862,0.6703863564585746,0.455266196805315,0.7454545454545455,0.3488372093023256,0.5555555555555556,0.2542372881355932,0.589851563322455,0.2542372881355932,0.9254658385093169,0.1819027960300445,0.5456151962280273,149,12,44,15,220,10.647818339999503,0.6451430320739746,1,False,,,,,,,,,,,,,,,,,,normal,42,2
2,0.0007990791638302,0.5379294753074646,0.5298408269882202,0.7050215812190757,0.4973542232589058,0.7545454545454545,0.3863636363636363,0.5862068965517241,0.288135593220339,0.6068007158648279,0.288135593220339,0.9254658385093169,0.1761438548564911,0.5304192900657654,149,12,42,17,220,10.698312511998664,0.6451430320739746,0,False,,,,,,,,,,,,,,,,,,normal,42,2
3,0.0007963209486843,0.535943865776062,0.5351242423057556,0.6900726392251816,0.4797117322402141,0.7454545454545455,0.3636363636363636,0.5517241379310345,0.2711864406779661,0.5952205495315296,0.2711864406779661,0.9192546583850932,0.1783321052789688,0.5360483527183533,148,13,43,16,220,10.624557899000138,0.6451430320739746,1,False,,,,,,,,,,,,,,,,,,normal,42,2
4,0.0007917382146345,0.5314229130744934,0.5376890301704407,0.6937572376039582,0.4843055871876247,0.740909090909091,0.4,0.5277777777777778,0.3220338983050847,0.6082219180966417,0.3220338983050847,0.8944099378881988,0.1798701137304306,0.5378707051277161,144,17,40,19,220,10.67984633299966,0.6451430320739746,2,False,,,,,,,,,,,,,,,,,,normal,42,2
5,0.0007853523285023,0.5282067060470581,0.5322433114051819,0.6964943678281925,0.4816619991715111,0.7363636363636363,0.2564102564102564,0.5263157894736842,0.1694915254237288,0.5567954521528582,0.1694915254237288,0.9440993788819876,0.176711693406105,0.5317435264587402,152,9,49,10,220,10.635303361999831,0.6451430320739746,3,False,,,,,,,,,,,,,,,,,,normal,42,2
6,0.0007771930642369,0.5343232750892639,0.5371198058128357,0.6987051268554585,0.4779515642207844,0.740909090909091,0.2191780821917808,0.5714285714285714,0.135593220338983,0.5491630697968207,0.135593220338983,0.9627329192546584,0.178274393081665,0.5366482138633728,155,6,51,8,220,10.668955866998658,0.6451430320739746,4,False,,,,,,,,,,,,,,,,,,normal,42,2
7,0.0007672984640946,0.5306837558746338,0.5299416780471802,0.7133382461311717,0.5026914145376812,0.740909090909091,0.4242424242424242,0.525,0.3559322033898305,0.6189598905147911,0.3559322033898305,0.8819875776397516,0.1764243096113205,0.5293959975242615,142,19,38,21,220,10.796634794000056,0.6451430320739746,0,False,,,,,,,,,,,,,,,,,,normal,42,2
8,0.0007557146612689,0.5248433351516724,0.5552040934562683,0.6803874092009685,0.4894095162850111,0.7136363636363636,0.4,0.4565217391304347,0.3559322033898305,0.6003263501421202,0.3559322033898305,0.84472049689441,0.186346098780632,0.5547511577606201,136,25,38,21,220,10.800950447001014,0.6451430320739746,1,False,,,,,,,,,,,,,,,,,,normal,42,2
9,0.0007424956647958,0.5239381194114685,0.5334466695785522,0.6997578692493946,0.5114756001541112,0.75,0.4086021505376344,0.5588235294117647,0.3220338983050847,0.6144330982208653,0.3220338983050847,0.906832298136646,0.1777955144643783,0.531558632850647,146,15,40,19,220,10.94622310700106,0.6451430320739746,2,False,,,,,,,,,,,,,,,,,,normal,42,2
10,0.0007277031077391,0.5217702984809875,0.5745320916175842,0.6971260132645541,0.4969680261772259,0.7,0.5074626865671642,0.4533333333333333,0.576271186440678,0.6608064006737551,0.576271186440678,0.7453416149068323,0.1959719508886337,0.5736851096153259,120,41,25,34,220,10.600723331999689,0.6451430320739746,3,False,0.7675716178893003,0.5986149211009113,0.7377423033067275,0.5979020979020979,0.5533980582524272,0.6501901140684411,0.7127172068713541,0.6501901140684411,0.7752442996742671,0.1810741126537323,0.5405767560005188,476.0,138.0,92.0,171.0,877.0,0.5429208874702454,normal,42,2
11,0.0007114059598282,0.5150830149650574,0.5321943759918213,0.704074113064533,0.4816725483442003,0.75,0.4086021505376344,0.5588235294117647,0.3220338983050847,0.6144330982208653,0.3220338983050847,0.906832298136646,0.1766145825386047,0.5285753011703491,146,15,40,19,220,10.883258361000117,0.6451430320739746,4,False,,,,,,,,,,,,,,,,,,normal,42,2
12,0.0006936802058898,0.5185922980308533,0.5476580858230591,0.6937572376039584,0.463151856154549,0.7363636363636363,0.4313725490196078,0.5116279069767442,0.3728813559322034,0.6212232866617539,0.3728813559322034,0.8695652173913043,0.1823601424694061,0.5452842116355896,140,21,37,22,220,11.294012864000251,0.6451430320739746,5,False,,,,,,,,,,,,,,,,,,normal,42,2
13,0.0006746084915713,0.5093591213226318,0.5552111268043518,0.6731234866828086,0.4510271272276649,0.7318181818181818,0.3516483516483517,0.5,0.2711864406779661,0.5859037793451942,0.2711864406779661,0.9006211180124224,0.1850174069404602,0.5531693696975708,145,16,43,16,220,11.24481921700135,0.6451430320739746,6,False,,,,,,,,,,,,,,,,,,normal,42,2
14,0.0006542797380087,0.50499027967453,0.5555140972137451,0.7041793873039267,0.4877975799337621,0.75,0.1791044776119403,0.75,0.1016949152542373,0.544636277502895,0.1016949152542373,0.9875776397515528,0.1817241460084915,0.5536993741989136,159,2,53,6,220,10.878336011999636,0.6451430320739746,7,False,,,,,,,,,,,,,,,,,,normal,42,2
15,0.0006327887272353,0.5027599334716797,0.5518369078636169,0.6951258027160755,0.4834338529865106,0.7227272727272728,0.396039603960396,0.4761904761904761,0.3389830508474576,0.6011685440572692,0.3389830508474576,0.8633540372670807,0.1840677410364151,0.5471581220626831,139,22,39,20,220,10.6597270989987,0.6451430320739746,8,False,,,,,,,,,,,,,,,,,,normal,42,2
16,0.0006102356602639,0.492189884185791,0.6355498433113098,0.6816507000736921,0.4512778606523345,0.6818181818181818,0.5205479452054794,0.4367816091954023,0.6440677966101694,0.6698599852616065,0.6440677966101694,0.6956521739130435,0.2159746885299682,0.6270971298217773,112,49,21,38,220,10.97778536399892,0.6451430320739746,9,False,,,,,,,,,,,,,,,,,,normal,42,2
17,0.0005867256899038,0.491122156381607,0.571725606918335,0.6922833982524477,0.4806246754254277,0.7318181818181818,0.4957264957264957,0.5,0.4915254237288136,0.6557006000631646,0.4915254237288136,0.8198757763975155,0.1927929073572158,0.5666283369064331,132,29,30,29,220,10.645682864000264,0.6451430320739746,10,False,0.8169021934333239,0.674631095795381,0.7776510832383124,0.6299810246679317,0.6287878787878788,0.6311787072243346,0.735784793351581,0.6311787072243346,0.8403908794788274,0.1584416627883911,0.4876127541065216,516.0,98.0,97.0,166.0,877.0,0.4942824244499206,normal,42,2
1,0.0008,0.5297175049781799,0.5750948190689087,0.7246896551724138,0.5849424522363436,0.6909090909090909,0.4035087719298245,0.5897435897435898,0.3066666666666666,0.5981609195402299,0.3066666666666666,0.8896551724137931,0.1935987919569015,0.5732874870300293,129,16,52,23,220,10.829204810001102,0.6451430320739746,0,False,,,,,,,,,,,,,,,,,,normal,42,3
2,0.0007990791638302,0.5229768753051758,0.6098563075065613,0.7006896551724137,0.5471610489090246,0.6954545454545454,0.4552845528455284,0.5833333333333334,0.3733333333333333,0.6177011494252873,0.3733333333333333,0.8620689655172413,0.20064277946949,0.6056950688362122,125,20,47,28,220,10.776909943999271,0.6451430320739746,1,False,,,,,,,,,,,,,,,,,,normal,42,3
3,0.0007963209486843,0.520766019821167,0.6023271679878235,0.7057471264367816,0.5729516626859557,0.6909090909090909,0.32,0.64,0.2133333333333333,0.5756321839080459,0.2133333333333333,0.9379310344827586,0.2008145898580551,0.5994360446929932,136,9,59,16,220,10.69807612400109,0.6451430320739746,2,False,,,,,,,,,,,,,,,,,,normal,42,3
4,0.0007917382146345,0.516435444355011,0.6056476831436157,0.694528735632184,0.5552384392109945,0.6727272727272727,0.4098360655737705,0.5319148936170213,0.3333333333333333,0.5908045977011495,0.3333333333333333,0.8482758620689655,0.2013409286737442,0.6022809147834778,123,22,50,25,220,10.77004780400057,0.6451430320739746,3,False,,,,,,,,,,,,,,,,,,normal,42,3
5,0.0007853523285023,0.5137029886245728,0.6160699725151062,0.6834942528735631,0.5314774580636792,0.6863636363636364,0.4,0.575,0.3066666666666666,0.5947126436781609,0.3066666666666666,0.8827586206896552,0.2054461687803268,0.613167941570282,128,17,52,23,220,10.691916560999744,0.6451430320739746,4,False,,,,,,,,,,,,,,,,,,normal,42,3
6,0.0007771930642369,0.5076140761375427,0.6043387055397034,0.7062988505747126,0.5674320682393827,0.6954545454545454,0.4462809917355372,0.5869565217391305,0.36,0.6144827586206896,0.36,0.8689655172413793,0.1986836642026901,0.6001134514808655,126,19,48,27,220,10.68205428299916,0.6451430320739746,5,False,,,,,,,,,,,,,,,,,,normal,42,3
7,0.0007672984640946,0.5061747431755066,0.62861168384552,0.6917701149425287,0.5457423937950052,0.6818181818181818,0.3137254901960784,0.5925925925925926,0.2133333333333333,0.568735632183908,0.2133333333333333,0.9241379310344828,0.2070542424917221,0.6221266388893127,134,11,59,16,220,10.67454959099996,0.6451430320739746,6,False,,,,,,,,,,,,,,,,,,normal,42,3
8,0.0007557146612689,0.5006221532821655,0.6146466732025146,0.7057471264367816,0.5561709618735112,0.6954545454545454,0.464,0.58,0.3866666666666666,0.620919540229885,0.3866666666666666,0.8551724137931035,0.1996517330408096,0.608745276927948,124,21,46,29,220,10.70751349800048,0.6451430320739746,7,False,,,,,,,,,,,,,,,,,,normal,42,3
9,0.0007424956647958,0.498382955789566,0.6258261799812317,0.6876321839080459,0.5314770583076156,0.7,0.4310344827586206,0.6097560975609756,0.3333333333333333,0.6114942528735632,0.3333333333333333,0.8896551724137931,0.2053522318601608,0.6184794902801514,129,16,50,25,220,10.70981693900103,0.6451430320739746,8,False,,,,,,,,,,,,,,,,,,normal,42,3
10,0.0007277031077391,0.4909772872924804,0.6315490007400513,0.694344827586207,0.527914792493145,0.6909090909090909,0.46875,0.5660377358490566,0.4,0.6206896551724138,0.4,0.8413793103448276,0.2045294046401977,0.6250521540641785,122,23,45,30,220,10.96632651499931,0.6451430320739746,9,False,0.7928089454405244,0.6182749704787421,0.766248574686431,0.5243619489559165,0.6141304347826086,0.4574898785425101,0.6723957329220487,0.4574898785425101,0.8873015873015873,0.1578688621520996,0.4833381772041321,559.0,71.0,134.0,113.0,877.0,0.4849916696548462,normal,42,3
11,0.0007114059598282,0.485119491815567,0.6780707240104675,0.6849655172413793,0.5545935649081503,0.6863636363636364,0.3300970873786408,0.6071428571428571,0.2266666666666666,0.5754022988505747,0.2266666666666666,0.9241379310344828,0.2124028354883194,0.6653603911399841,134,11,58,17,220,10.857801841000764,0.6451430320739746,10,False,,,,,,,,,,,,,,,,,,normal,42,3
12,0.0006936802058898,0.476388931274414,0.7076816558837891,0.6628965517241379,0.5127904541050831,0.6772727272727272,0.3603603603603603,0.5555555555555556,0.2666666666666666,0.5781609195402299,0.2666666666666666,0.8896551724137931,0.2188467234373092,0.6900845766067505,129,16,55,20,220,10.801506947000236,0.6451430320739746,11,False,0.8279994858942228,0.667489407549449,0.7913340935005702,0.4958677685950413,0.7758620689655172,0.3643724696356275,0.6615513141828931,0.3643724696356275,0.9587301587301588,0.1470249891281128,0.4494992196559906,604.0,26.0,157.0,90.0,877.0,0.4564217329025268,normal,42,3
1,0.0008,0.5411258339881897,0.5661912560462952,0.6956030408876104,0.5502812932539474,0.7671232876712328,0.3376623376623376,0.8666666666666667,0.2096774193548387,0.598469282925827,0.2096774193548387,0.9872611464968152,0.1830099821090698,0.563687264919281,155,2,49,13,219,10.82564702899981,0.6451430320739746,0,False,,,,,,,,,,,,,,,,,,normal,42,4
2,0.0007990791638302,0.5332949161529541,0.5782298445701599,0.6726936511197863,0.5084113544015657,0.771689497716895,0.4318181818181818,0.7307692307692307,0.3064516129032258,0.6309328128210396,0.3064516129032258,0.9554140127388536,0.1863811612129211,0.5749127268791199,150,7,43,19,219,10.707258575001106,0.6451430320739746,1,False,,,,,,,,,,,,,,,,,,normal,42,4
3,0.0007963209486843,0.5330148339271545,0.5447351932525635,0.6981713581261558,0.550041996730793,0.7579908675799086,0.4044943820224719,0.6666666666666666,0.2903225806451613,0.616498869940415,0.2903225806451613,0.9426751592356688,0.1792939454317093,0.5432546734809875,148,9,44,18,219,10.678262434999851,0.6451430320739746,0,False,,,,,,,,,,,,,,,,,,normal,42,4
4,0.0007917382146345,0.5346418023109436,0.5390345454216003,0.7024861310869118,0.5623790526332137,0.7579908675799086,0.4175824175824176,0.6551724137931034,0.3064516129032258,0.6213786726936511,0.3064516129032258,0.9363057324840764,0.1778192073106765,0.5374882817268372,147,10,43,19,219,10.967153800000233,0.6451430320739746,0,False,,,,,,,,,,,,,,,,,,normal,42,4
5,0.0007853523285023,0.5307427048683167,0.5592183470726013,0.7085473597698787,0.5870729360265047,0.7808219178082192,0.4,0.8888888888888888,0.2580645161290322,0.6226628313129238,0.2580645161290322,0.9872611464968152,0.1773395985364914,0.5557143688201904,155,2,46,16,219,10.8940409679999,0.6451430320739746,0,False,,,,,,,,,,,,,,,,,,normal,42,4
6,0.0007771930642369,0.5269474387168884,0.5585541725158691,0.7010478734333265,0.5713070036692289,0.7671232876712328,0.3376623376623376,0.8666666666666667,0.2096774193548387,0.598469282925827,0.2096774193548387,0.9872611464968152,0.1794671565294265,0.556197464466095,155,2,49,13,219,10.843303311999987,0.6451430320739746,1,False,,,,,,,,,,,,,,,,,,normal,42,4
7,0.0007672984640946,0.524590253829956,0.5485309958457947,0.6918019313745635,0.5742857480475154,0.7488584474885844,0.4086021505376344,0.6129032258064516,0.3064516129032258,0.6150092459420587,0.3064516129032258,0.9235668789808916,0.1790930181741714,0.5457240343093872,145,12,43,19,219,10.774404558998867,0.6451430320739746,2,False,,,,,,,,,,,,,,,,,,normal,42,4
8,0.0007557146612689,0.5203028917312622,0.5503732562065125,0.697452229299363,0.5620792464630254,0.7397260273972602,0.495575221238938,0.5490196078431373,0.4516129032258064,0.6525580439695912,0.4516129032258064,0.8535031847133758,0.1818498969078064,0.5478872656822205,134,23,34,28,219,10.657648427000822,0.6451430320739746,3,False,,,,,,,,,,,,,,,,,,normal,42,4
9,0.0007424956647958,0.5170602202415466,0.5532330870628357,0.6967331004725703,0.5754377198667271,0.730593607305936,0.4957264957264957,0.5272727272727272,0.4677419354838709,0.6510684199712349,0.4677419354838709,0.8343949044585988,0.1833608299493789,0.5505588054656982,131,26,33,29,219,10.699960881000152,0.6451430320739746,4,False,,,,,,,,,,,,,,,,,,normal,42,4
10,0.0007277031077391,0.5106762647628784,0.5640175938606262,0.7024861310869117,0.5710849047256681,0.6986301369863014,0.4923076923076923,0.4705882352941176,0.5161290322580645,0.6434148346003699,0.5161290322580645,0.7707006369426752,0.1897079646587371,0.5613189339637756,121,36,30,32,219,10.822287187000256,0.6451430320739746,5,False,0.7858725416977844,0.6078085049001535,0.7596810933940774,0.570264765784114,0.6060606060606061,0.5384615384615384,0.6956061737615136,0.5384615384615384,0.8527508090614887,0.1675344705581665,0.5086597204208374,527.0,91.0,120.0,140.0,878.0,0.5106834769248962,normal,42,4
11,0.0007114059598282,0.5073873996734619,0.5532346963882446,0.7050544483254572,0.5844680863017867,0.7579908675799086,0.4646464646464646,0.6216216216216216,0.3709677419354839,0.6408978837065955,0.3709677419354839,0.910828025477707,0.1753892004489898,0.5482807159423828,143,14,39,23,219,10.717659953001204,0.6451430320739746,6,False,,,,,,,,,,,,,,,,,,normal,42,4
12,0.0006936802058898,0.4982626438140869,0.573682963848114,0.6851243065543455,0.5608051937083168,0.7579908675799086,0.5137614678899083,0.5957446808510638,0.4516129032258064,0.6652968974727759,0.4516129032258064,0.8789808917197452,0.1828565895557403,0.5660980343818665,138,19,34,28,219,10.7814991439991,0.6451430320739746,7,False,,,,,,,,,,,,,,,,,,normal,42,4
13,0.0006746084915713,0.4955565631389618,0.5839052796363831,0.6764947606328334,0.532848608242197,0.7488584474885844,0.4859813084112149,0.5777777777777777,0.4193548387096774,0.6491678652147114,0.4193548387096774,0.8789808917197452,0.1863869428634643,0.5754556655883789,138,19,36,26,219,10.727607076998538,0.6451430320739746,8,False,,,,,,,,,,,,,,,,,,normal,42,4
14,0.0006542797380087,0.4860076606273651,0.5596998333930969,0.7054653790836245,0.5531726301450526,0.7671232876712328,0.5321100917431193,0.6170212765957447,0.4677419354838709,0.6765461269776043,0.4677419354838709,0.8853503184713376,0.1801236271858215,0.5506934523582458,139,18,33,29,219,10.751490312000897,0.6451430320739746,9,False,,,,,,,,,,,,,,,,,,normal,42,4
15,0.0006327887272353,0.4784376323223114,0.5981031656265259,0.6937538524758577,0.5622480391256021,0.7488584474885844,0.5045045045045045,0.5714285714285714,0.4516129032258064,0.6589274707211835,0.4516129032258064,0.8662420382165605,0.1870667338371276,0.5859777927398682,136,21,34,28,219,10.767977825998967,0.6451430320739746,10,False,0.8243838685586258,0.668310468584134,0.7870159453302962,0.58719646799117,0.689119170984456,0.5115384615384615,0.7072255414488424,0.5115384615384615,0.9029126213592232,0.1494534760713577,0.4602228701114654,558.0,60.0,127.0,133.0,878.0,0.4659800231456756,normal,42,4
1,0.0008,0.8818727731704712,0.8587128520011902,0.7521169354838709,0.5388597556798804,0.5981735159817352,0.5463917525773195,0.4076923076923077,0.828125,0.6656754032258064,0.828125,0.5032258064516129,0.2375967651605606,0.6711565256118774,78,77,11,53,219,10.57067401200038,0.6451430320739746,1,False,,,,,,,,,,,,,,,,,,weighted,2026,0
2,0.0007990791638302,0.8759356737136841,0.8315424919128418,0.7606854838709676,0.5483722727870441,0.7123287671232876,0.5935483870967742,0.5054945054945055,0.71875,0.7142137096774194,0.71875,0.7096774193548387,0.1972333788871765,0.5799016952514648,110,45,18,46,219,10.57002076900062,0.6451430320739746,0,False,,,,,,,,,,,,,,,,,,weighted,2026,0
3,0.0007963209486843,0.8672504425048828,0.839590311050415,0.765625,0.5352566372796926,0.6438356164383562,0.5760869565217391,0.4416666666666666,0.828125,0.6979334677419355,0.828125,0.567741935483871,0.2241531461477279,0.642233669757843,88,67,11,53,219,10.567413419999866,0.6451430320739746,0,False,,,,,,,,,,,,,,,,,,weighted,2026,0
4,0.0007917382146345,0.8592895865440369,0.844108521938324,0.7527217741935484,0.5277427210581146,0.6757990867579908,0.5847953216374269,0.4672897196261682,0.78125,0.7067540322580645,0.78125,0.632258064516129,0.2133497893810272,0.6184709668159485,98,57,14,50,219,10.611962563001724,0.6451430320739746,1,False,,,,,,,,,,,,,,,,,,weighted,2026,0
5,0.0007853523285023,0.8509044647216797,0.8601109981536865,0.7383064516129032,0.5290430268111697,0.639269406392694,0.5433526011560693,0.4311926605504587,0.734375,0.6671875,0.734375,0.6,0.2188573628664016,0.6287607550621033,93,62,17,47,219,10.522819976000392,0.6451430320739746,2,False,,,,,,,,,,,,,,,,,,weighted,2026,0
6,0.0007771930642369,0.8425066471099854,0.8418416380882263,0.7589717741935484,0.5215227048640924,0.730593607305936,0.5874125874125874,0.5316455696202531,0.65625,0.7087701612903226,0.65625,0.7612903225806451,0.1889083534479141,0.5604667663574219,118,37,22,42,219,10.520210880000375,0.6451430320739746,3,False,,,,,,,,,,,,,,,,,,weighted,2026,0
7,0.0007672984640946,0.8343921899795532,0.8489888906478882,0.7435483870967742,0.5172891930986916,0.7077625570776256,0.5789473684210527,0.5,0.6875,0.7018145161290323,0.6875,0.7161290322580646,0.2020479291677475,0.5905342102050781,111,44,20,44,219,10.571403703001124,0.6451430320739746,4,False,,,,,,,,,,,,,,,,,,weighted,2026,0
8,0.0007557146612689,0.8288600444793701,0.8901345133781433,0.7350806451612903,0.4929745852150827,0.726027397260274,0.5238095238095238,0.532258064516129,0.515625,0.6642641129032258,0.515625,0.8129032258064516,0.1905173063278198,0.5667060017585754,126,29,31,33,219,10.615452504000132,0.6451430320739746,5,False,,,,,,,,,,,,,,,,,,weighted,2026,0
9,0.0007424956647958,0.8152408003807068,0.8756905794143677,0.7351814516129032,0.4835895813297378,0.6529680365296804,0.5581395348837209,0.4444444444444444,0.75,0.6814516129032258,0.75,0.6129032258064516,0.2246646732091903,0.6490488052368164,95,60,16,48,219,10.490057447001163,0.6451430320739746,6,False,,,,,,,,,,,,,,,,,,weighted,2026,0
10,0.0007277031077391,0.80391526222229,0.8954587578773499,0.7259072580645162,0.49525189670658,0.6940639269406392,0.4962406015037593,0.4782608695652174,0.515625,0.6416834677419354,0.515625,0.7677419354838709,0.1930906623601913,0.5694918036460876,119,36,31,33,219,10.629612871000065,0.6451430320739746,7,False,0.7816079019754939,0.618381629263776,0.7460136674259681,0.5862708719851577,0.5622775800711743,0.6124031007751938,0.7070080020005001,0.6124031007751938,0.8016129032258065,0.1752176433801651,0.5280706882476807,497.0,123.0,100.0,158.0,878.0,0.8151866793632507,weighted,2026,0
11,0.0007114059598282,0.7992597818374634,0.933136522769928,0.6945564516129032,0.4628277727640343,0.6757990867579908,0.4892086330935252,0.4533333333333333,0.53125,0.6333669354838709,0.53125,0.7354838709677419,0.2123680263757705,0.6165382862091064,114,41,30,34,219,10.662489678999918,0.6451430320739746,8,False,,,,,,,,,,,,,,,,,,weighted,2026,0
12,0.0006936802058898,0.7746034264564514,0.9180391430854796,0.716733870967742,0.4820558165507846,0.6940639269406392,0.5179856115107914,0.48,0.5625,0.6554435483870968,0.5625,0.7483870967741936,0.2074733078479766,0.612079918384552,116,39,28,36,219,10.7101137009995,0.6451430320739746,9,False,,,,,,,,,,,,,,,,,,weighted,2026,0
13,0.0006746084915713,0.7599061727523804,1.0120699405670166,0.7072580645161289,0.4658469126822205,0.730593607305936,0.4485981308411215,0.5581395348837209,0.375,0.6262096774193548,0.375,0.8774193548387097,0.19034443795681,0.5705065727233887,136,19,40,24,219,10.72424313999909,0.6451430320739746,10,False,0.814066016504126,0.6750723611009175,0.7870159453302962,0.5720823798627003,0.6983240223463687,0.4844961240310077,0.6986996749187298,0.4844961240310077,0.9129032258064516,0.1520471572875976,0.4663428664207458,566.0,54.0,133.0,125.0,878.0,0.8216052651405334,weighted,2026,0
1,0.0008,0.8669232130050659,0.8919590711593628,0.7034107252927881,0.4892040197031133,0.7214611872146118,0.5040650406504065,0.5081967213114754,0.5,0.6544585987261147,0.5,0.8089171974522293,0.194530963897705,0.5740286111831665,127,30,31,31,219,10.687269864998598,0.6451430320739746,1,False,,,,,,,,,,,,,,,,,,weighted,2026,1
2,0.0007990791638302,0.8548109531402588,0.9052813649177552,0.6795767413190877,0.4297825006793965,0.6484018264840182,0.5095541401273885,0.4210526315789473,0.6451612903225806,0.6474214094925005,0.6451612903225806,0.6496815286624203,0.2153710722923278,0.6203851699829102,102,55,22,40,219,10.707738029999746,0.6451430320739746,2,False,,,,,,,,,,,,,,,,,,weighted,2026,1
3,0.0007963209486843,0.8512737154960632,0.8842297196388245,0.6948839120608177,0.4569184178408926,0.6438356164383562,0.5357142857142857,0.4245283018867924,0.7258064516129032,0.6686357098828848,0.7258064516129032,0.6114649681528662,0.2193888127803802,0.6300264596939087,96,61,17,45,219,10.71087619699938,0.6451430320739746,3,False,,,,,,,,,,,,,,,,,,weighted,2026,1
4,0.0007917382146345,0.8472772836685181,0.9022015929222108,0.6775220875282515,0.4546284458174607,0.6438356164383562,0.5125,0.4183673469387755,0.6612903225806451,0.6491164988699404,0.6612903225806451,0.6369426751592356,0.2206876426935196,0.6332482695579529,100,57,21,41,219,10.723565383999812,0.6451430320739746,4,False,,,,,,,,,,,,,,,,,,weighted,2026,1
5,0.0007853523285023,0.8401426672935486,0.934614360332489,0.6582083418943908,0.4126812434225687,0.6073059360730594,0.4819277108433735,0.3846153846153846,0.6451612903225806,0.6187589891103349,0.6451612903225806,0.5923566878980892,0.2376563400030136,0.6755696535110474,93,64,22,40,219,10.718101448999732,0.6451430320739746,5,False,,,,,,,,,,,,,,,,,,weighted,2026,1
6,0.0007771930642369,0.8332791328430176,0.9215017557144164,0.6710499280871173,0.4302910771443275,0.634703196347032,0.4871794871794871,0.4042553191489361,0.6129032258064516,0.6281076638586398,0.6129032258064516,0.643312101910828,0.2194069623947143,0.6311559081077576,101,56,24,38,219,10.751602932999958,0.6451430320739746,6,False,,,,,,,,,,,,,,,,,,weighted,2026,1
7,0.0007672984640946,0.8352773785591125,1.011525273323059,0.6537908362440928,0.4051003087112946,0.7031963470319634,0.4144144144144144,0.4693877551020408,0.3709677419354839,0.6026813231970414,0.3709677419354839,0.8343949044585988,0.205044686794281,0.6049694418907166,131,26,39,23,219,10.689464381001017,0.6451430320739746,7,False,,,,,,,,,,,,,,,,,,weighted,2026,1
8,0.0007557146612689,0.8208778500556946,0.9442307949066162,0.6569755496198891,0.4039700530881252,0.6255707762557078,0.4810126582278481,0.3958333333333333,0.6129032258064516,0.6217382371070475,0.6129032258064516,0.6305732484076433,0.23123799264431,0.6602131128311157,99,58,24,38,219,10.78606262899848,0.6451430320739746,8,False,,,,,,,,,,,,,,,,,,weighted,2026,1
9,0.0007424956647958,0.8149086833000183,1.0214303731918335,0.6344770906102323,0.4102399429198104,0.680365296803653,0.453125,0.4393939393939394,0.4677419354838709,0.6160365728374769,0.4677419354838709,0.7643312101910829,0.213852658867836,0.6235542893409729,120,37,33,29,219,10.696900550001374,0.6451430320739746,9,False,,,,,,,,,,,,,,,,,,weighted,2026,1
10,0.0007277031077391,0.8130900263786316,0.998098611831665,0.631806040682145,0.3890379779313799,0.639269406392694,0.4397163120567376,0.3924050632911392,0.5,0.5971337579617835,0.5,0.6942675159235668,0.2235108464956283,0.6428878903388977,109,48,31,31,219,10.676923332001024,0.6451430320739746,10,False,0.7809621608165298,0.6177787652667153,0.7380410022779044,0.6075085324232082,0.5460122699386503,0.6846153846153846,0.7225665919840677,0.6846153846153846,0.7605177993527508,0.1796976029872894,0.5340086221694946,470.0,148.0,82.0,178.0,878.0,0.7972860932350159,weighted,2026,1
11,0.0007114059598282,0.8016273379325867,0.9658434987068176,0.6601602629956853,0.4280212932411215,0.6164383561643836,0.475,0.3877551020408163,0.6129032258064516,0.6153688103554551,0.6129032258064516,0.6178343949044586,0.2340448498725891,0.6708158254623413,97,60,24,38,219,10.668911901000683,0.6451430320739746,11,False,,,,,,,,,,,,,,,,,,weighted,2026,1
12,0.0006936802058898,0.7965917587280273,0.9522802829742432,0.6540990343127183,0.4261494741243113,0.6301369863013698,0.4968944099378882,0.404040404040404,0.6451612903225806,0.6346825559893158,0.6451612903225806,0.6242038216560509,0.2360430359840393,0.6709752082824707,98,59,22,40,219,10.75816057299926,0.6451430320739746,12,False,0.7914675130694548,0.632249779528597,0.7198177676537585,0.615625,0.5184210526315789,0.7576923076923077,0.7307879014189693,0.7576923076923077,0.7038834951456311,0.1944210529327392,0.5709032416343689,435.0,183.0,63.0,197.0,878.0,0.7824259400367737,weighted,2026,1
1,0.0008,0.8590289950370789,0.8385246396064758,0.7055479524160438,0.5096115481355171,0.6818181818181818,0.4927536231884058,0.430379746835443,0.576271186440678,0.648384040425308,0.576271186440678,0.7204968944099379,0.1958590745925903,0.573127806186676,116,45,25,34,220,10.80074951700044,0.6451430320739746,0,False,,,,,,,,,,,,,,,,,,weighted,2026,2
2,0.0007990791638302,0.8543603420257568,0.8461574912071228,0.7048110327402884,0.4972837619689207,0.6954545454545454,0.4462809917355372,0.4354838709677419,0.4576271186440678,0.6201179071481209,0.4576271186440678,0.782608695652174,0.1901305168867111,0.561754047870636,126,35,32,27,220,10.66708914800074,0.6451430320739746,1,False,,,,,,,,,,,,,,,,,,weighted,2026,2
3,0.0007963209486843,0.8482586145401001,0.8531829714775085,0.6961785451100115,0.5138784635396424,0.6181818181818182,0.4878048780487805,0.3809523809523809,0.6779661016949152,0.6371196968101905,0.6779661016949152,0.5962732919254659,0.2232797741889953,0.6346226334571838,96,65,19,40,220,10.842331756000933,0.6451430320739746,2,False,,,,,,,,,,,,,,,,,,weighted,2026,2
4,0.0007917382146345,0.8456954956054688,0.8608167767524719,0.6914412043372988,0.4962874066950663,0.6181818181818182,0.4615384615384615,0.3711340206185567,0.6101694915254238,0.615643751973892,0.6101694915254238,0.6211180124223602,0.222528874874115,0.6337184309959412,100,61,23,36,220,10.935644596000202,0.6451430320739746,3,False,,,,,,,,,,,,,,,,,,weighted,2026,2
5,0.0007853523285023,0.8393716216087341,0.8576774001121521,0.6950205284766817,0.4749980603185318,0.6227272727272727,0.457516339869281,0.3723404255319149,0.5932203389830508,0.6133803558269291,0.5932203389830508,0.6335403726708074,0.2162403762340545,0.6219948530197144,102,59,24,35,220,10.953444800001307,0.6451430320739746,4,False,,,,,,,,,,,,,,,,,,weighted,2026,2
6,0.0007771930642369,0.8314875960350037,0.8586704134941101,0.6939677860827456,0.4646755472927316,0.6409090909090909,0.4768211920529801,0.391304347826087,0.6101694915254238,0.631171702284451,0.6101694915254238,0.6521739130434783,0.21473228931427,0.6160758137702942,105,56,23,36,220,10.860760924000717,0.6451430320739746,5,False,,,,,,,,,,,,,,,,,,weighted,2026,2
7,0.0007672984640946,0.8274508118629456,0.8642402291297913,0.6991262238130329,0.4870890404207261,0.6136363636363636,0.4848484848484848,0.3773584905660377,0.6779661016949152,0.6340141067480787,0.6779661016949152,0.5900621118012422,0.2324260771274566,0.6574108004570007,95,66,19,40,220,10.879806947999896,0.6451430320739746,6,False,,,,,,,,,,,,,,,,,,weighted,2026,2
8,0.0007557146612689,0.8208682537078857,0.9139302968978882,0.6822823455100537,0.4504613588853837,0.5636363636363636,0.4725274725274725,0.3495934959349593,0.7288135593220338,0.6159595746920727,0.7288135593220338,0.5031055900621118,0.2575664222240448,0.7199288606643677,81,80,16,43,220,10.81659773499996,0.6451430320739746,7,False,,,,,,,,,,,,,,,,,,weighted,2026,2
9,0.0007424956647958,0.8130661249160767,0.8641193509101868,0.6925992209706285,0.4738572532764373,0.6727272727272727,0.4857142857142857,0.419753086419753,0.576271186440678,0.6421728603010843,0.576271186440678,0.7080745341614907,0.2012703269720077,0.5860870480537415,114,47,25,34,220,10.87261572100033,0.6451430320739746,8,False,,,,,,,,,,,,,,,,,,weighted,2026,2
10,0.0007277031077391,0.8017945289611816,0.9297081232070924,0.6903884619433625,0.5058997562711162,0.7272727272727273,0.4117647058823529,0.4883720930232558,0.3559322033898305,0.6096431203284556,0.3559322033898305,0.8633540372670807,0.1806291043758392,0.5394482016563416,139,22,38,21,220,10.86149768299947,0.6451430320739746,9,False,0.7946768060836502,0.6413145528202477,0.7673888255416191,0.5299539170506913,0.672514619883041,0.4372623574144487,0.6730285728440322,0.4372623574144487,0.9087947882736156,0.1596729308366775,0.4879977405071258,558.0,56.0,148.0,115.0,877.0,0.8576198816299438,weighted,2026,2
11,0.0007114059598282,0.7907550930976868,0.8983023762702942,0.6993367722918202,0.5063609715416587,0.6227272727272727,0.5146198830409356,0.3928571428571428,0.7457627118644068,0.6617012317086008,0.7457627118644068,0.577639751552795,0.2449538707733154,0.691961407661438,93,68,15,44,220,10.37530403600067,0.6451430320739746,10,False,,,,,,,,,,,,,,,,,,weighted,2026,2
12,0.0006936802058898,0.7834245562553406,0.921896994113922,0.6629118854616276,0.4369635539571205,0.6772727272727272,0.4964539007092198,0.4268292682926829,0.5932203389830508,0.6506474365722708,0.5932203389830508,0.7080745341614907,0.2224079817533493,0.641127347946167,114,47,24,35,220,10.451523161000296,0.6451430320739746,11,False,0.8073469488859439,0.6714948534477625,0.74230330672748,0.6245847176079734,0.5545722713864307,0.714828897338403,0.734450279288094,0.714828897338403,0.754071661237785,0.175540417432785,0.5270349979400635,463.0,151.0,75.0,188.0,877.0,0.7660366296768188,weighted,2026,2
1,0.0008,0.8832581639289856,0.9483840465545654,0.7171494252873563,0.5634267452297099,0.6545454545454545,0.5777777777777777,0.4952380952380952,0.6933333333333334,0.6639080459770115,0.6933333333333334,0.6344827586206897,0.2165843993425369,0.6249008178710938,92,53,23,52,220,10.383174231999874,0.6451430320739746,0,False,,,,,,,,,,,,,,,,,,weighted,2026,3
2,0.0007990791638302,0.8706142902374268,0.9359301328659058,0.7226666666666666,0.5700419462773314,0.6636363636363637,0.6063829787234043,0.504424778761062,0.76,0.6868965517241379,0.76,0.6137931034482759,0.2206944674253463,0.6346923112869263,89,56,18,57,220,10.465707449000549,0.6451430320739746,0,False,,,,,,,,,,,,,,,,,,weighted,2026,3
3,0.0007963209486843,0.8674518465995789,0.9399239420890808,0.7249655172413793,0.5812738681212224,0.6409090909090909,0.5775401069518716,0.4821428571428571,0.72,0.6599999999999999,0.72,0.6,0.2250779271125793,0.6458688974380493,87,58,21,54,220,10.384916994000378,0.6451430320739746,0,False,,,,,,,,,,,,,,,,,,weighted,2026,3
4,0.0007917382146345,0.8642387390136719,0.9551854729652404,0.7188045977011495,0.5674881704617383,0.6636363636363637,0.5795454545454546,0.504950495049505,0.68,0.6675862068965517,0.68,0.6551724137931034,0.220524325966835,0.6359356045722961,95,50,24,51,220,10.359189849999892,0.6451430320739746,1,False,,,,,,,,,,,,,,,,,,weighted,2026,3
5,0.0007853523285023,0.8545780181884766,0.9869667291641236,0.7099770114942529,0.5485940063710565,0.6636363636363637,0.5697674418604651,0.5051546391752577,0.6533333333333333,0.6611494252873563,0.6533333333333333,0.6689655172413793,0.2182966768741607,0.6336585283279419,97,48,26,49,220,10.388300594999237,0.6451430320739746,2,False,,,,,,,,,,,,,,,,,,weighted,2026,3
6,0.0007771930642369,0.8557326197624207,0.9497212767601012,0.7205517241379311,0.5595568661056307,0.65,0.5882352941176471,0.4910714285714285,0.7333333333333333,0.6701149425287356,0.7333333333333333,0.6068965517241379,0.2276510000228881,0.6544317603111267,88,57,20,55,220,10.364134913999806,0.6451430320739746,3,False,,,,,,,,,,,,,,,,,,weighted,2026,3
7,0.0007672984640946,0.843501091003418,1.1415494680404663,0.6883678160919541,0.5280060581041683,0.6909090909090909,0.5,0.5573770491803278,0.4533333333333333,0.6335632183908045,0.4533333333333333,0.8137931034482758,0.2066333591938018,0.6117849349975586,118,27,41,34,220,10.366664302000572,0.6451430320739746,4,False,,,,,,,,,,,,,,,,,,weighted,2026,3
8,0.0007557146612689,0.8356043696403503,0.9657480120658876,0.7110804597701149,0.5537064291192088,0.5727272727272728,0.5688073394495413,0.4335664335664335,0.8266666666666667,0.6340229885057471,0.8266666666666667,0.4413793103448276,0.2679934799671173,0.7511910796165466,64,81,13,62,220,10.34138355200048,0.6451430320739746,5,False,,,,,,,,,,,,,,,,,,weighted,2026,3
9,0.0007424956647958,0.8305229544639587,1.011114478111267,0.7085977011494253,0.5589943062882703,0.6863636363636364,0.591715976331361,0.5319148936170213,0.6666666666666666,0.6816091954022988,0.6666666666666666,0.696551724137931,0.2110614627599716,0.6200881004333496,101,44,25,50,220,10.409184391999588,0.6451430320739746,6,False,,,,,,,,,,,,,,,,,,weighted,2026,3
10,0.0007277031077391,0.8194360136985779,1.0151147842407229,0.7082298850574712,0.5691358447159989,0.6,0.5643564356435643,0.4488188976377952,0.76,0.6386206896551725,0.76,0.5172413793103449,0.2501586973667145,0.7146230936050415,75,70,18,57,220,10.257017408999673,0.6451430320739746,7,False,0.7857978279030909,0.6054773298490393,0.6145952109464082,0.5552631578947368,0.4113060428849902,0.854251012145749,0.6874429663903348,0.854251012145749,0.5206349206349207,0.2347854077816009,0.6630279421806335,328.0,302.0,36.0,211.0,877.0,0.8392689228057861,weighted,2026,3
11,0.0007114059598282,0.8106516599655151,1.0852954387664795,0.7027126436781609,0.5676961837525237,0.6909090909090909,0.5526315789473685,0.5454545454545454,0.56,0.6593103448275862,0.56,0.7586206896551724,0.2054005116224289,0.6143816709518433,110,35,33,42,220,10.537368852999862,0.6451430320739746,8,False,,,,,,,,,,,,,,,,,,weighted,2026,3
12,0.0006936802058898,0.7984407544136047,1.0194306373596191,0.713103448275862,0.5458329826479708,0.6590909090909091,0.5945945945945946,0.5,0.7333333333333333,0.6770114942528735,0.7333333333333333,0.6206896551724138,0.2300912141799926,0.6711986064910889,90,55,20,55,220,10.500800630999947,0.6451430320739746,9,False,,,,,,,,,,,,,,,,,,weighted,2026,3
13,0.0006746084915713,0.7904943227767944,1.0187501907348633,0.7150344827586208,0.5642076332241464,0.6545454545454545,0.5913978494623656,0.4954954954954955,0.7333333333333333,0.6735632183908046,0.7333333333333333,0.6137931034482759,0.2266385853290558,0.6595748662948608,89,56,20,55,220,10.584305227001096,0.6451430320739746,10,False,0.8163614163614163,0.6463068388617268,0.6966932725199544,0.6053412462908012,0.477751756440281,0.8259109311740891,0.7359713386029176,0.8259109311740891,0.6460317460317461,0.1969416290521621,0.5742127895355225,407.0,223.0,43.0,204.0,877.0,0.772558867931366,weighted,2026,3
1,0.0008,0.8593893051147461,0.872376024723053,0.6988904869529484,0.5282466535493193,0.6575342465753424,0.5098039215686274,0.4285714285714285,0.6290322580645161,0.6489110334908568,0.6290322580645161,0.6687898089171974,0.2151557356119156,0.61610347032547,105,52,23,39,219,10.598607003001234,0.6451430320739746,0,False,,,,,,,,,,,,,,,,,,weighted,2026,4
2,0.0007990791638302,0.8545867800712585,0.8653982877731323,0.7032052599137045,0.5218582785464096,0.6529680365296804,0.5,0.4222222222222222,0.6129032258064516,0.6408465173618245,0.6129032258064516,0.6687898089171974,0.2127686589956283,0.6116631031036377,105,52,24,38,219,10.51295716399909,0.6451430320739746,0,False,,,,,,,,,,,,,,,,,,weighted,2026,4
3,0.0007963209486843,0.8502113223075867,0.9187262058258056,0.6857407026915965,0.5295996144328784,0.593607305936073,0.5082872928176796,0.3865546218487395,0.7419354838709677,0.6384836655023629,0.7419354838709677,0.535031847133758,0.2568546831607818,0.7159092426300049,84,73,16,46,219,10.572486668999773,0.6451430320739746,1,False,,,,,,,,,,,,,,,,,,weighted,2026,4
4,0.0007917382146345,0.848256528377533,0.8916996121406555,0.6880008218615163,0.5225775015091707,0.6621004566210046,0.4714285714285714,0.4230769230769231,0.532258064516129,0.6228169303472364,0.532258064516129,0.7133757961783439,0.2023291438817978,0.5876811742782593,112,45,29,33,219,10.690290595000988,0.6451430320739746,2,False,,,,,,,,,,,,,,,,,,weighted,2026,4
5,0.0007853523285023,0.8414851427078247,0.9009678363800048,0.6904664064105199,0.5341260559589578,0.6164383561643836,0.4939759036144578,0.3942307692307692,0.6612903225806451,0.6300082186151633,0.6612903225806451,0.5987261146496815,0.2332523763179779,0.6607626080513,94,63,21,41,219,10.599126205001085,0.6451430320739746,3,False,,,,,,,,,,,,,,,,,,weighted,2026,4
6,0.0007771930642369,0.8370773196220398,0.9694883823394777,0.6770084240805424,0.5026849837402755,0.547945205479452,0.4870466321243523,0.3587786259541984,0.7580645161290323,0.6115163344976371,0.7580645161290323,0.464968152866242,0.2845746874809265,0.788718581199646,73,84,15,47,219,10.548087398999996,0.6451430320739746,4,False,,,,,,,,,,,,,,,,,,weighted,2026,4
7,0.0007672984640946,0.8300546407699585,0.8886744379997253,0.6924183275118142,0.5514912614422756,0.684931506849315,0.4888888888888889,0.4520547945205479,0.532258064516129,0.6387404972262174,0.532258064516129,0.7452229299363057,0.2047697603702545,0.5930641293525696,117,40,29,33,219,10.490623620000406,0.6451430320739746,5,False,,,,,,,,,,,,,,,,,,weighted,2026,4
8,0.0007557146612689,0.8155791759490967,0.8984417915344238,0.6999178138483666,0.5582990650392082,0.589041095890411,0.4767441860465116,0.3727272727272727,0.6612903225806451,0.6108999383603863,0.6612903225806451,0.5605095541401274,0.2381478250026703,0.6716549396514893,88,69,21,41,219,10.618212757999572,0.6451430320739746,6,False,,,,,,,,,,,,,,,,,,weighted,2026,4
9,0.0007424956647958,0.8071067929267883,0.9694945216178894,0.6779330182864187,0.5719622049249724,0.7397260273972602,0.4864864864864865,0.5510204081632653,0.4354838709677419,0.6476782412163551,0.4354838709677419,0.8598726114649682,0.1870337426662445,0.5622146725654602,135,22,35,27,219,10.528351060000205,0.6451430320739746,7,False,,,,,,,,,,,,,,,,,,weighted,2026,4
10,0.0007277031077391,0.8089428544044495,0.9654939770698548,0.6705362646394082,0.538744065325087,0.7123287671232876,0.5039370078740157,0.4923076923076923,0.5161290322580645,0.6529689747277584,0.5161290322580645,0.7898089171974523,0.1980536133050918,0.5877564549446106,124,33,30,32,219,10.493417399000464,0.6451430320739746,8,False,0.801250933532487,0.6342353035050483,0.7870159453302962,0.6326129666011788,0.6465863453815262,0.6192307692307693,0.7384179736121483,0.6192307692307693,0.8576051779935275,0.1624340862035751,0.4970071911811828,530.0,88.0,99.0,161.0,878.0,0.8022211194038391,weighted,2026,4
11,0.0007114059598282,0.7901449203491211,0.9505758881568908,0.6716663242243681,0.5539576410885448,0.6255707762557078,0.4743589743589743,0.3936170212765957,0.5967741935483871,0.6168584343538114,0.5967741935483871,0.6369426751592356,0.232227936387062,0.6625569462776184,100,57,25,37,219,10.638553311999203,0.6451430320739746,9,False,,,,,,,,,,,,,,,,,,weighted,2026,4
12,0.0006936802058898,0.7719756364822388,0.9359816312789916,0.6946784466817342,0.6014230236950799,0.6894977168949772,0.5211267605633803,0.4625,0.5967741935483871,0.6614444216149579,0.5967741935483871,0.7261146496815286,0.2041777223348617,0.5957930088043213,114,43,25,37,219,10.793466783999976,0.6451430320739746,10,False,0.8216704007966144,0.6677386964116077,0.7642369020501139,0.6215722120658135,0.5923344947735192,0.6538461538461539,0.7322628827483196,0.6538461538461539,0.8106796116504854,0.1618364304304123,0.4926368594169616,501.0,117.0,90.0,170.0,878.0,0.7522356510162354,weighted,2026,4
1,0.0008,0.8819692134857178,0.8398853540420532,0.7672379032258065,0.5679710866982801,0.730593607305936,0.5755395683453237,0.5333333333333333,0.625,0.6995967741935484,0.625,0.7741935483870968,0.1800062209367752,0.5401099324226379,120,35,24,40,219,10.408763526000255,0.6451430320739746,0,False,,,,,,,,,,,,,,,,,,weighted,42,0
2,0.0007990791638302,0.8750154972076416,0.8565623164176941,0.7587701612903226,0.5512801960759983,0.6073059360730594,0.5520833333333334,0.4140625,0.828125,0.6721270161290323,0.828125,0.5161290322580645,0.2376063168048858,0.6705880165100098,80,75,11,53,219,10.375198137999178,0.6451430320739746,1,False,,,,,,,,,,,,,,,,,,weighted,42,0
3,0.0007963209486843,0.8686147332191467,0.8390697836875916,0.7623991935483873,0.5551521413576562,0.7442922374429224,0.6111111111111112,0.55,0.6875,0.7276209677419354,0.6875,0.7677419354838709,0.1862699538469314,0.5542879700660706,119,36,20,44,219,10.373503303000687,0.6451430320739746,2,False,,,,,,,,,,,,,,,,,,weighted,42,0
4,0.0007917382146345,0.8627609014511108,0.8756312727928162,0.7627016129032258,0.5659339220497466,0.7488584474885844,0.4859813084112149,0.6046511627906976,0.40625,0.6482862903225807,0.40625,0.8903225806451613,0.1756336390972137,0.52928626537323,138,17,38,26,219,10.33804614300061,0.6451430320739746,3,False,,,,,,,,,,,,,,,,,,weighted,42,0
5,0.0007853523285023,0.8642877340316772,0.833199679851532,0.7653225806451612,0.5561634500481825,0.7214611872146118,0.6013071895424836,0.5168539325842697,0.71875,0.7206653225806452,0.71875,0.7225806451612903,0.1936355680227279,0.5729572176933289,112,43,18,46,219,10.27527070999895,0.6451430320739746,4,False,,,,,,,,,,,,,,,,,,weighted,42,0
6,0.0007771930642369,0.8556674122810364,0.8783298134803772,0.7558467741935484,0.5408285039938645,0.589041095890411,0.5454545454545454,0.4029850746268656,0.84375,0.6638104838709677,0.84375,0.4838709677419355,0.2503831386566162,0.7091026902198792,75,80,10,54,219,10.3190021900009,0.6451430320739746,5,False,,,,,,,,,,,,,,,,,,weighted,42,0
7,0.0007672984640946,0.8523070812225342,0.8377313613891602,0.7625,0.5504480977077839,0.6484018264840182,0.574585635359116,0.4444444444444444,0.8125,0.6965725806451613,0.8125,0.5806451612903226,0.2204119116067886,0.6328617334365845,90,65,12,52,219,10.328901406001023,0.6451430320739746,6,False,,,,,,,,,,,,,,,,,,weighted,42,0
8,0.0007557146612689,0.8504009246826172,0.8430505394935608,0.7545362903225806,0.5280272128247823,0.7397260273972602,0.6068965517241379,0.5432098765432098,0.6875,0.7243951612903226,0.6875,0.7612903225806451,0.1975399851799011,0.5817406177520752,118,37,20,44,219,10.445150765001015,0.6451430320739746,7,False,,,,,,,,,,,,,,,,,,weighted,42,0
9,0.0007424956647958,0.8490312099456787,0.8387407660484314,0.7485887096774193,0.5469089817723553,0.7123287671232876,0.5882352941176471,0.5056179775280899,0.703125,0.7096270161290323,0.703125,0.7161290322580646,0.1979252398014068,0.5810778141021729,111,44,19,45,219,10.325571458999548,0.6451430320739746,8,False,,,,,,,,,,,,,,,,,,weighted,42,0
10,0.0007277031077391,0.8429998159408569,0.835886538028717,0.7618951612903225,0.5736882867027627,0.7397260273972602,0.583941605839416,0.547945205479452,0.625,0.7060483870967742,0.625,0.7870967741935484,0.1841761916875839,0.5491451621055603,122,33,24,40,219,10.365425770000002,0.6451430320739746,9,False,0.7489934983745936,0.5859000373189202,0.7107061503416856,0.5512367491166078,0.5064935064935064,0.6046511627906976,0.6797449362340585,0.6046511627906976,0.7548387096774194,0.1892908066511154,0.5605735778808594,468.0,152.0,102.0,156.0,878.0,0.8453603982925415,weighted,42,0
11,0.0007114059598282,0.8309493064880371,0.863669216632843,0.7334677419354839,0.5520079256519382,0.6529680365296804,0.5365853658536586,0.44,0.6875,0.6631048387096774,0.6875,0.6387096774193548,0.2156120836734771,0.6215903759002686,99,56,20,44,219,10.512756633001118,0.6451430320739746,10,False,,,,,,,,,,,,,,,,,,weighted,42,0
12,0.0006936802058898,0.830622673034668,0.9356557726860046,0.738407258064516,0.5467594075244172,0.7488584474885844,0.4761904761904761,0.6097560975609756,0.390625,0.6436995967741935,0.390625,0.896774193548387,0.1749676913022995,0.5266364216804504,139,16,39,25,219,10.588181914001323,0.6451430320739746,11,False,0.7601462865716428,0.5872431836698868,0.7699316628701595,0.5144230769230769,0.6772151898734177,0.4147286821705426,0.6662353088272068,0.4147286821705426,0.917741935483871,0.1695764660835266,0.5156031847000122,569.0,51.0,151.0,107.0,878.0,0.9095146656036376,weighted,42,0
1,0.0008,0.8649625182151794,0.9242951273918152,0.6703307992603246,0.429127498161411,0.6940639269406392,0.5314685314685315,0.4691358024691358,0.6129032258064516,0.6695089377439901,0.6129032258064516,0.7261146496815286,0.2112877517938614,0.6122692227363586,114,43,24,38,219,10.54918819500017,0.6451430320739746,1,False,,,,,,,,,,,,,,,,,,weighted,42,1
2,0.0007990791638302,0.8582826852798462,0.8998880386352539,0.6973494966098213,0.4518965128959328,0.593607305936073,0.5082872928176796,0.3865546218487395,0.7419354838709677,0.6384836655023629,0.7419354838709677,0.535031847133758,0.2461058944463729,0.6929584741592407,84,73,16,46,219,10.573940190999563,0.6451430320739746,2,False,,,,,,,,,,,,,,,,,,weighted,42,1
3,0.0007963209486843,0.84837406873703,0.9018758535385132,0.6878980891719745,0.4542132659113932,0.6073059360730594,0.5168539325842697,0.396551724137931,0.7419354838709677,0.6480378056297513,0.7419354838709677,0.554140127388535,0.2430362552404403,0.6846606135368347,87,70,16,46,219,10.577944343998752,0.6451430320739746,3,False,,,,,,,,,,,,,,,,,,weighted,42,1
4,0.0007917382146345,0.8409050107002258,0.9000183343887329,0.6847133757961784,0.4508858803511246,0.684931506849315,0.5306122448979592,0.4588235294117647,0.6290322580645161,0.6680193137456338,0.6290322580645161,0.7070063694267515,0.2148905992507934,0.6215217709541321,111,46,23,39,219,10.586974405001456,0.6451430320739746,4,False,,,,,,,,,,,,,,,,,,weighted,42,1
5,0.0007853523285023,0.840541422367096,0.9957124590873718,0.6611875898911034,0.4341656272633808,0.684931506849315,0.4390243902439024,0.4426229508196721,0.4354838709677419,0.609461680706801,0.4354838709677419,0.7834394904458599,0.2033522427082061,0.6015191674232483,123,34,35,27,219,10.474916143000884,0.6451430320739746,5,False,,,,,,,,,,,,,,,,,,weighted,42,1
6,0.0007771930642369,0.8302870988845825,0.9062929749488832,0.690363673720978,0.4710733207579607,0.589041095890411,0.5054945054945055,0.3833333333333333,0.7419354838709677,0.6352989521265666,0.7419354838709677,0.5286624203821656,0.2466703653335571,0.6927298903465271,83,74,16,46,219,10.536711213999297,0.6451430320739746,6,False,,,,,,,,,,,,,,,,,,weighted,42,1
7,0.0007672984640946,0.826239287853241,0.9219253659248352,0.6847133757961783,0.4497122649645019,0.684931506849315,0.4651162790697674,0.4477611940298507,0.4838709677419355,0.6241010889665092,0.4838709677419355,0.7643312101910829,0.2020179778337478,0.5917304754257202,120,37,32,30,219,10.542988455999875,0.6451430320739746,7,False,,,,,,,,,,,,,,,,,,weighted,42,1
8,0.0007557146612689,0.8219056129455566,1.0295158624649048,0.6429011711526608,0.3958123511245148,0.6757990867579908,0.4661654135338345,0.4366197183098591,0.5,0.6226114649681529,0.5,0.7452229299363057,0.2178584188222885,0.6379975080490112,117,40,31,31,219,10.670986916000402,0.6451430320739746,8,False,,,,,,,,,,,,,,,,,,weighted,42,1
9,0.0007424956647958,0.8128005266189575,0.9711495637893676,0.6509143209369221,0.435831184643128,0.6529680365296804,0.5128205128205128,0.425531914893617,0.6451612903225806,0.6506061228682967,0.6451612903225806,0.6560509554140127,0.2269750088453292,0.6511756777763367,103,54,22,40,219,10.529650602000402,0.6451430320739746,9,False,,,,,,,,,,,,,,,,,,weighted,42,1
10,0.0007277031077391,0.8081717491149902,1.0067570209503174,0.6495787959728786,0.4218731935616712,0.5296803652968036,0.4717948717948718,0.3458646616541353,0.7419354838709677,0.5938976782412164,0.7419354838709677,0.445859872611465,0.2784285843372345,0.7772487998008728,70,87,16,46,219,10.552842658000372,0.6451430320739746,10,False,0.779412496888225,0.6089335710484797,0.6195899772209568,0.5684754521963824,0.4280155642023346,0.8461538461538461,0.6852128454070201,0.8461538461538461,0.5242718446601942,0.2363811433315277,0.6678574681282043,324.0,294.0,40.0,220.0,878.0,0.8308213949203491,weighted,42,1
11,0.0007114059598282,0.8044650554656982,1.0158921480178833,0.6506061228682967,0.4395215939204387,0.634703196347032,0.5061728395061729,0.41,0.6612903225806451,0.642747072118348,0.6612903225806451,0.6242038216560509,0.23886738717556,0.6926975846290588,98,59,21,41,219,10.630422973999885,0.6451430320739746,11,False,,,,,,,,,,,,,,,,,,weighted,42,1
12,0.0006936802058898,0.797646701335907,1.0047205686569214,0.6451612903225805,0.3946559214629981,0.6575342465753424,0.4755244755244755,0.419753086419753,0.5483870967741935,0.6245120197246763,0.5483870967741935,0.7006369426751592,0.226034939289093,0.6576357483863831,110,47,28,34,219,10.760966924999591,0.6451430320739746,12,False,0.7931789892954941,0.6383780122191585,0.7391799544419134,0.6151260504201681,0.5462686567164179,0.7038461538461539,0.7289457306447598,0.7038461538461539,0.7540453074433657,0.1765629053115844,0.5262184143066406,466.0,152.0,77.0,183.0,878.0,0.7839616537094116,weighted,42,1
1,0.0008,0.8587292432785034,0.8574903011322021,0.6870196862827666,0.5066448550603138,0.6863636363636364,0.4732824427480916,0.4305555555555556,0.5254237288135594,0.6353826718601958,0.5254237288135594,0.7453416149068323,0.1984416246414184,0.5804767608642578,120,41,28,31,220,10.725835576999089,0.6451430320739746,0,False,,,,,,,,,,,,,,,,,,weighted,42,2
2,0.0007990791638302,0.852447509765625,0.8449916243553162,0.70049478892515,0.5223859193777997,0.6818181818181818,0.5070422535211268,0.4337349397590361,0.6101694915254238,0.6591220128434572,0.6101694915254238,0.7080745341614907,0.2028007507324218,0.5897881388664246,114,47,23,36,220,10.71225704599965,0.6451430320739746,0,False,,,,,,,,,,,,,,,,,,weighted,42,2
3,0.0007963209486843,0.8496363759040833,0.8480648398399353,0.7024949994736288,0.496753715518014,0.6318181818181818,0.490566037735849,0.39,0.6610169491525424,0.6410674807874512,0.6610169491525424,0.6211180124223602,0.2192602902650833,0.6260146498680115,100,61,20,39,220,10.650472596000329,0.6451430320739746,0,False,,,,,,,,,,,,,,,,,,weighted,42,2
4,0.0007917382146345,0.8419535160064697,0.8673661351203918,0.6904937361827561,0.4702601331625952,0.6272727272727273,0.5176470588235295,0.3963963963963964,0.7457627118644068,0.6648068217707127,0.7457627118644068,0.5838509316770186,0.2355493754148483,0.6630552411079407,94,67,15,44,220,10.712918696999624,0.6451430320739746,1,False,,,,,,,,,,,,,,,,,,weighted,42,2
5,0.0007853523285023,0.8363944292068481,0.9952495098114014,0.6781766501737025,0.4652124886846771,0.45,0.4372093023255814,0.3012820512820512,0.7966101694915254,0.5597957679755764,0.7966101694915254,0.3229813664596273,0.3160410523414612,0.8581297397613525,52,109,12,47,220,10.744479138000315,0.6451430320739746,2,False,,,,,,,,,,,,,,,,,,weighted,42,2
6,0.0007771930642369,0.8354465365409851,0.845917820930481,0.699968417728182,0.4898876499041939,0.6772727272727272,0.4740740740740741,0.4210526315789473,0.5423728813559322,0.6345404779450469,0.5423728813559322,0.7267080745341615,0.2009413689374923,0.5854390859603882,117,44,27,32,220,10.710936385001332,0.6451430320739746,3,False,,,,,,,,,,,,,,,,,,weighted,42,2
7,0.0007672984640946,0.8332300782203674,0.8544875979423523,0.6945994315191073,0.4847855308624864,0.6454545454545455,0.4935064935064935,0.4,0.6440677966101694,0.645015264764712,0.6440677966101694,0.6459627329192547,0.2113927006721496,0.6099623441696167,104,57,21,38,220,10.785071967000476,0.6451430320739746,4,False,,,,,,,,,,,,,,,,,,weighted,42,2
8,0.0007557146612689,0.8223624229431152,0.8630338907241821,0.7000736919675755,0.4783071406461735,0.6363636363636364,0.5061728395061729,0.3980582524271844,0.6949152542372882,0.6549110432677124,0.6949152542372882,0.6149068322981367,0.2286711633205413,0.6497564315795898,99,62,18,41,220,10.663564462000068,0.6451430320739746,5,False,,,,,,,,,,,,,,,,,,weighted,42,2
9,0.0007424956647958,0.815963089466095,0.8604171276092529,0.7115485840614801,0.5091225607660945,0.6318181818181818,0.509090909090909,0.3962264150943396,0.711864406779661,0.6571744394146752,0.711864406779661,0.6024844720496895,0.2326023131608963,0.6591575145721436,97,64,17,42,220,10.758186999000827,0.6451430320739746,0,False,,,,,,,,,,,,,,,,,,weighted,42,2
10,0.0007277031077391,0.8045276999473572,0.997478723526001,0.6703863564585746,0.3965959361680187,0.55,0.4870466321243523,0.3507462686567164,0.7966101694915254,0.6281187493420359,0.7966101694915254,0.4596273291925465,0.2862147092819214,0.819549560546875,74,87,12,47,220,10.637927965000928,0.6451430320739746,1,False,0.7840873905450763,0.6235339489344742,0.5997719498289624,0.5584905660377358,0.4172932330827067,0.844106463878327,0.6696102351964925,0.844106463878327,0.495114006514658,0.2453868687152862,0.6960364580154419,304.0,310.0,41.0,222.0,877.0,0.8461250066757202,weighted,42,2
11,0.0007114059598282,0.7922885417938232,0.9293485879898072,0.7022844509948416,0.4637357658968186,0.5909090909090909,0.5161290322580645,0.3779527559055118,0.8135593220338984,0.6614380461101168,0.8135593220338984,0.5093167701863354,0.2671294510364532,0.7519858479499817,82,79,11,48,220,10.704583845999878,0.6451430320739746,2,False,,,,,,,,,,,,,,,,,,weighted,42,2
12,0.0006936802058898,0.7844668626785278,0.9122639894485474,0.6955468996736499,0.449089130194508,0.5954545454545455,0.5027932960893855,0.375,0.7627118644067796,0.6484366775450048,0.7627118644067796,0.5341614906832298,0.2517875432968139,0.7115699052810669,86,75,14,45,220,10.686025647999486,0.6451430320739746,3,False,,,,,,,,,,,,,,,,,,weighted,42,2
13,0.0006746084915713,0.7682372331619263,0.889678418636322,0.679439941046426,0.4627564487613132,0.6818181818181818,0.4696969696969697,0.4246575342465753,0.5254237288135594,0.6322770817980841,0.5254237288135594,0.7391304347826086,0.2024489194154739,0.589816153049469,119,42,28,31,220,10.820581170000878,0.6451430320739746,4,False,,,,,,,,,,,,,,,,,,weighted,42,2
14,0.0006542797380087,0.7634479999542236,0.9304685592651368,0.6833350879039899,0.4523587234822382,0.7136363636363636,0.4615384615384615,0.4655172413793103,0.4576271186440678,0.6325402673965681,0.4576271186440678,0.8074534161490683,0.1919800490140915,0.5693092942237854,130,31,32,27,220,10.77892593300021,0.6451430320739746,5,False,,,,,,,,,,,,,,,,,,weighted,42,2
15,0.0006327887272353,0.7475020885467529,0.9148837327957152,0.6675439519949468,0.4376643108021631,0.6409090909090909,0.4397163120567376,0.3780487804878049,0.5254237288135594,0.6043267712390779,0.5254237288135594,0.6832298136645962,0.218690276145935,0.6285470724105835,110,51,28,31,220,10.81432305999988,0.6451430320739746,6,False,,,,,,,,,,,,,,,,,,weighted,42,2
16,0.0006102356602639,0.7373214960098267,0.9614352583885192,0.6861774923676176,0.4877800205757451,0.5909090909090909,0.4827586206896552,0.3652173913043478,0.711864406779661,0.629224128855669,0.711864406779661,0.546583850931677,0.2543889880180359,0.7259119749069214,88,73,17,42,220,10.58564817899969,0.6451430320739746,7,False,,,,,,,,,,,,,,,,,,weighted,42,2
17,0.0005867256899038,0.7181011438369751,0.9413599371910096,0.6734393094009895,0.4435285048880389,0.6545454545454545,0.4647887323943662,0.3975903614457831,0.559322033898305,0.6243815138435624,0.559322033898305,0.6894409937888198,0.2183867990970611,0.632313072681427,111,50,26,33,220,10.724288256000364,0.6451430320739746,8,False,,,,,,,,,,,,,,,,,,weighted,42,2
18,0.0005623684304892,0.7126083970069885,0.9090986251831056,0.7099694704705759,0.5126672528812806,0.7,0.5,0.4520547945205479,0.559322033898305,0.6554374144646804,0.559322033898305,0.7515527950310559,0.1992292553186416,0.5876758694648743,121,40,26,33,220,10.708722456000032,0.6451430320739746,9,False,,,,,,,,,,,,,,,,,,weighted,42,2
19,0.0005372774468075,0.6960933208465576,1.0153656005859375,0.6777555532161281,0.4785352667221682,0.7090909090909091,0.4285714285714285,0.4528301886792453,0.4067796610169492,0.6133277187072323,0.4067796610169492,0.8198757763975155,0.1948578953742981,0.585312008857727,132,29,35,24,220,10.692279464999956,0.6451430320739746,10,False,0.8767726433905947,0.7723128110206744,0.8323831242873432,0.703030303030303,0.75,0.6615969581749049,0.7835672087291463,0.6615969581749049,0.9055374592833876,0.128592237830162,0.408988356590271,556.0,58.0,89.0,174.0,877.0,0.6976368427276611,weighted,42,2
1,0.0008,0.8764907717704773,0.9468242526054382,0.711816091954023,0.5563576801042613,0.6545454545454545,0.5957446808510638,0.495575221238938,0.7466666666666667,0.6767816091954023,0.7466666666666667,0.6068965517241379,0.2295062690973281,0.6550357937812805,88,57,19,56,220,10.304231977001107,0.6451430320739746,1,False,,,,,,,,,,,,,,,,,,weighted,42,3
2,0.0007990791638302,0.8706403374671936,1.0098800659179688,0.7042758620689656,0.5622086883828012,0.6818181818181818,0.5679012345679012,0.5287356321839081,0.6133333333333333,0.6652873563218391,0.6133333333333333,0.7172413793103448,0.210035815834999,0.6135278940200806,104,41,29,46,220,10.248865093999484,0.6451430320739746,2,False,,,,,,,,,,,,,,,,,,weighted,42,3
3,0.0007963209486843,0.8657000064849854,0.9945894479751588,0.7095172413793104,0.5682716657766278,0.6636363636363637,0.5432098765432098,0.5057471264367817,0.5866666666666667,0.6450574712643677,0.5866666666666667,0.7034482758620689,0.2088991403579712,0.6097166538238525,102,43,31,44,220,10.308550587000354,0.6451430320739746,3,False,,,,,,,,,,,,,,,,,,weighted,42,3
4,0.0007917382146345,0.8611231446266174,0.9960338473320008,0.6989425287356322,0.5572105431784211,0.6727272727272727,0.5862068965517241,0.5151515151515151,0.68,0.6744827586206896,0.68,0.6689655172413793,0.2194468826055526,0.6356995105743408,97,48,24,51,220,10.388961066000777,0.6451430320739746,4,False,,,,,,,,,,,,,,,,,,weighted,42,3
5,0.0007853523285023,0.8560671210289001,0.985999882221222,0.697103448275862,0.5413401968520797,0.6863636363636364,0.5964912280701754,0.53125,0.68,0.6848275862068967,0.68,0.6896551724137931,0.2199943959712982,0.6353862285614014,100,45,24,51,220,10.414453826999306,0.6451430320739746,5,False,,,,,,,,,,,,,,,,,,weighted,42,3
6,0.0007771930642369,0.853951632976532,1.1913635730743408,0.6695172413793103,0.5574931245183045,0.6772727272727272,0.4740740740740741,0.5333333333333333,0.4266666666666667,0.6167816091954023,0.4266666666666667,0.8068965517241379,0.2108480036258697,0.6293372511863708,117,28,43,32,220,10.389312032000817,0.6451430320739746,6,False,,,,,,,,,,,,,,,,,,weighted,42,3
7,0.0007672984640946,0.8521631360054016,0.989403486251831,0.6933333333333334,0.5439266526907658,0.6363636363636364,0.574468085106383,0.4778761061946903,0.72,0.6565517241379311,0.72,0.593103448275862,0.2330479025840759,0.6661810278892517,86,59,21,54,220,10.295535892999396,0.6451430320739746,7,False,,,,,,,,,,,,,,,,,,weighted,42,3
8,0.0007557146612689,0.8484283089637756,1.208141565322876,0.6702528735632183,0.5506192710678554,0.6818181818181818,0.4696969696969697,0.543859649122807,0.4133333333333333,0.6170114942528735,0.4133333333333333,0.8206896551724138,0.210511565208435,0.6334232091903687,119,26,44,31,220,10.378993386999356,0.6451430320739746,8,False,,,,,,,,,,,,,,,,,,weighted,42,3
9,0.0007424956647958,0.8499941825866699,1.1144744157791138,0.6728275862068965,0.5437838965227775,0.65,0.5095541401273885,0.4878048780487805,0.5333333333333333,0.6218390804597701,0.5333333333333333,0.7103448275862069,0.218406856060028,0.6462868452072144,103,42,35,40,220,10.37447103299928,0.6451430320739746,9,False,,,,,,,,,,,,,,,,,,weighted,42,3
10,0.0007277031077391,0.8372610211372375,1.083270788192749,0.6729195402298851,0.5472426630225278,0.6545454545454545,0.5581395348837209,0.4948453608247423,0.64,0.6510344827586207,0.64,0.6620689655172414,0.2286966443061828,0.6680000424385071,96,49,27,48,220,10.39893105400006,0.6451430320739746,10,False,0.7698155645524066,0.5656228493906074,0.7069555302166477,0.5834683954619124,0.4864864864864865,0.728744939271255,0.7135788188419767,0.728744939271255,0.6984126984126984,0.1946113854646682,0.5687128305435181,440.0,190.0,67.0,180.0,877.0,0.8267220854759216,weighted,42,3
11,0.0007114059598282,0.8367938995361328,1.2265321016311646,0.6597701149425287,0.5448500209258906,0.6636363636363637,0.4393939393939394,0.5087719298245614,0.3866666666666666,0.5967816091954022,0.3866666666666666,0.8068965517241379,0.2138327360153198,0.6414124369621277,117,28,46,29,220,10.346431955000298,0.6451430320739746,11,False,,,,,,,,,,,,,,,,,,weighted,42,3
12,0.0006936802058898,0.8343029022216797,0.9990671873092652,0.704551724137931,0.5625493132977153,0.6545454545454545,0.5957446808510638,0.495575221238938,0.7466666666666667,0.6767816091954023,0.7466666666666667,0.6068965517241379,0.2308345139026641,0.6652327179908752,88,57,19,56,220,10.356369549999728,0.6451430320739746,12,False,0.7737613263929054,0.5768532258685344,0.6636259977194983,0.5655375552282769,0.4444444444444444,0.7773279352226721,0.6981877771351456,0.7773279352226721,0.6190476190476191,0.2076822817325592,0.6002243757247925,390.0,240.0,55.0,192.0,877.0,0.8241602182388306,weighted,42,3
1,0.0008,0.8604099154472351,0.8904208540916443,0.6883090199301418,0.5045655425881117,0.6666666666666666,0.4895104895104895,0.4320987654320987,0.5645161290322581,0.6357612492295048,0.5645161290322581,0.7070063694267515,0.2043496072292328,0.5927598476409912,111,46,27,35,219,10.33175531300003,0.6451430320739746,0,False,,,,,,,,,,,,,,,,,,weighted,42,4
2,0.0007990791638302,0.8546971678733826,0.9380934238433838,0.689850010273269,0.5468537507780187,0.726027397260274,0.4444444444444444,0.5217391304347826,0.3870967741935484,0.6234846928292583,0.3870967741935484,0.8598726114649682,0.1853146106004715,0.5536421537399292,135,22,38,24,219,10.37136886100052,0.6451430320739746,0,False,,,,,,,,,,,,,,,,,,weighted,42,4
3,0.0007963209486843,0.8507444262504578,0.8950803875923157,0.6855352373125129,0.5223837570099896,0.6255707762557078,0.4605263157894737,0.3888888888888889,0.5645161290322581,0.6070988288473392,0.5645161290322581,0.6496815286624203,0.219152957201004,0.6278401017189026,102,55,27,35,219,10.309254221001538,0.6451430320739746,1,False,,,,,,,,,,,,,,,,,,weighted,42,4
4,0.0007917382146345,0.8496259450912476,0.8819824457168579,0.6943702486131087,0.5424207028646997,0.6164383561643836,0.4939759036144578,0.3942307692307692,0.6612903225806451,0.6300082186151633,0.6612903225806451,0.5987261146496815,0.2270710915327072,0.643871545791626,94,63,21,41,219,10.365334715001154,0.6451430320739746,0,False,,,,,,,,,,,,,,,,,,weighted,42,4
5,0.0007853523285023,0.8446193933486938,0.8857399821281433,0.6908773371686873,0.5487170765212503,0.6529680365296804,0.525,0.4285714285714285,0.6774193548387096,0.6603657283747688,0.6774193548387096,0.643312101910828,0.2255963534116745,0.6399461030960083,101,56,20,42,219,10.391328028999853,0.6451430320739746,1,False,,,,,,,,,,,,,,,,,,weighted,42,4
6,0.0007771930642369,0.8426911234855652,0.8907316327095032,0.6908773371686872,0.53920840341546,0.6666666666666666,0.4822695035460992,0.430379746835443,0.5483870967741935,0.6308814464762686,0.5483870967741935,0.7133757961783439,0.2026060223579406,0.5881158709526062,112,45,28,34,219,10.321872292999617,0.6451430320739746,2,False,,,,,,,,,,,,,,,,,,weighted,42,4
7,0.0007672984640946,0.8336360454559326,0.9030539989471436,0.693651119786316,0.5601483816288085,0.6986301369863014,0.4923076923076923,0.4705882352941176,0.5161290322580645,0.6434148346003699,0.5161290322580645,0.7707006369426752,0.1987791210412979,0.580004870891571,121,36,30,32,219,10.29518606199963,0.6451430320739746,3,False,,,,,,,,,,,,,,,,,,weighted,42,4
8,0.0007557146612689,0.828021228313446,0.883874773979187,0.6976576946784467,0.561012609005229,0.6164383561643836,0.4814814814814814,0.39,0.6290322580645161,0.6202486131086912,0.6290322580645161,0.6114649681528662,0.2290984839200973,0.6469488143920898,96,61,23,39,219,10.352516740000285,0.6451430320739746,0,False,,,,,,,,,,,,,,,,,,weighted,42,4
9,0.0007424956647958,0.8175929188728333,0.8834960460662842,0.7024861310869118,0.5815005511177616,0.6575342465753424,0.4755244755244755,0.419753086419753,0.5483870967741935,0.6245120197246763,0.5483870967741935,0.7006369426751592,0.2103710770606994,0.6053518652915955,110,47,28,34,219,10.551102028999594,0.6451430320739746,0,False,,,,,,,,,,,,,,,,,,weighted,42,4
10,0.0007277031077391,0.8117496967315674,0.9196152091026306,0.6860489007602218,0.5452162709375534,0.6073059360730594,0.4880952380952381,0.3867924528301887,0.6612903225806451,0.623638791863571,0.6612903225806451,0.5859872611464968,0.2388825565576553,0.6740544438362122,92,65,21,41,219,10.50757953900029,0.6451430320739746,1,False,0.7894075180482947,0.6295790770226999,0.6970387243735763,0.6053412462908012,0.4927536231884058,0.7846153846153846,0.7224047796863331,0.7846153846153846,0.6601941747572816,0.2001563310623169,0.5856958627700806,408.0,210.0,56.0,204.0,878.0,0.7950171232223511,weighted,42,4
11,0.0007114059598282,0.8016670942306519,0.9018933773040771,0.6967331004725704,0.5614560763862593,0.7077625570776256,0.5076923076923077,0.4852941176470588,0.532258064516129,0.6546640641051983,0.532258064516129,0.7770700636942676,0.1988130807876587,0.5806889533996582,122,35,29,33,219,10.53381413599891,0.6451430320739746,2,False,,,,,,,,,,,,,,,,,,weighted,42,4
12,0.0006936802058898,0.7977240085601807,0.8948925733566284,0.6979658927470722,0.571904002466205,0.6438356164383562,0.5,0.4148936170212766,0.6290322580645161,0.6393568933634682,0.6290322580645161,0.6496815286624203,0.2207453846931457,0.6270949244499207,102,55,23,39,219,10.47841793200132,0.6451430320739746,3,False,,,,,,,,,,,,,,,,,,weighted,42,4
13,0.0006746084915713,0.7831869125366211,0.971778392791748,0.665810560920485,0.5422384875783712,0.547945205479452,0.4530386740331492,0.3445378151260504,0.6612903225806451,0.5822375179782207,0.6612903225806451,0.5031847133757962,0.2666884362697601,0.7382495999336243,79,78,21,41,219,10.61843469499945,0.6451430320739746,4,False,,,,,,,,,,,,,,,,,,weighted,42,4
14,0.0006542797380087,0.7799583077430725,0.9508477449417114,0.673412779946579,0.5470258350861087,0.6255707762557078,0.4675324675324675,0.391304347826087,0.5806451612903226,0.6119786316005753,0.5806451612903226,0.643312101910828,0.2355381101369857,0.6679826378822327,101,56,26,36,219,10.586171728000409,0.6451430320739746,5,False,,,,,,,,,,,,,,,,,,weighted,42,4
15,0.0006327887272353,0.7625086903572083,0.9703853726387024,0.6888226833778509,0.5833019300387279,0.684931506849315,0.5106382978723404,0.4556962025316455,0.5806451612903226,0.6533799054859256,0.5806451612903226,0.7261146496815286,0.2083102762699127,0.6120778918266296,114,43,26,36,219,10.543217295000431,0.6451430320739746,6,False,,,,,,,,,,,,,,,,,,weighted,42,4
16,0.0006102356602639,0.7551344633102417,0.9193202257156372,0.6896445448941853,0.5589654459806759,0.6484018264840182,0.4761904761904761,0.4117647058823529,0.5645161290322581,0.6230223957263201,0.5645161290322581,0.6815286624203821,0.2157874852418899,0.619739294052124,107,50,27,35,219,10.606069637000472,0.6451430320739746,7,False,,,,,,,,,,,,,,,,,,weighted,42,4
17,0.0005867256899038,0.7493102550506592,1.0338579416275024,0.6422847750154099,0.5179998802771419,0.6210045662100456,0.4429530201342282,0.3793103448275862,0.532258064516129,0.5941545099650709,0.532258064516129,0.6560509554140127,0.2373042106628418,0.6799008250236511,103,54,29,33,219,10.61021184299898,0.6451430320739746,8,False,,,,,,,,,,,,,,,,,,weighted,42,4
18,0.0005623684304892,0.7292165756225586,1.1170815229415894,0.6149578795972878,0.4685091038616281,0.5844748858447488,0.4550898203592814,0.3619047619047619,0.6129032258064516,0.5930758167248819,0.6129032258064516,0.5732484076433121,0.2706453204154968,0.7659340500831604,90,67,24,38,219,10.5940070200013,0.6451430320739746,9,False,,,,,,,,,,,,,,,,,,weighted,42,4
19,0.0005372774468075,0.7144920825958252,1.1057395935058594,0.6235874255188001,0.4968242182493036,0.6210045662100456,0.4503311258278146,0.3820224719101123,0.5483870967741935,0.5990343127183069,0.5483870967741935,0.6496815286624203,0.2491847276687622,0.718571126461029,102,55,28,34,219,10.60077695199834,0.6451430320739746,10,False,0.8258899676375404,0.6656775606104627,0.7574031890660592,0.6558966074313409,0.5654596100278552,0.7807692307692308,0.7641710231516057,0.7807692307692308,0.7475728155339806,0.1727258116006851,0.5205472707748413,462.0,156.0,57.0,203.0,878.0,0.7551186084747314,weighted,42,4
