sample_id,patient_id,fold,pCR,dataset,prob,split,seed,loss,smoke
ISPY1_1003_z010,ISPY1_1003,2,0,spy1,0.22323123,train,2026,weighted,False
ISPY1_1003_z011,ISPY1_1003,2,0,spy1,0.22091062,train,2026,weighted,False
ISPY1_1003_z012,ISPY1_1003,2,0,spy1,0.221606,train,2026,weighted,False
ISPY1_1003_z013,ISPY1_1003,2,0,spy1,0.2220625,train,2026,weighted,False
ISPY1_1003_z014,ISPY1_1003,2,0,spy1,0.22644965,train,2026,weighted,False
ISPY1_1003_z015,ISPY1_1003,2,0,spy1,0.23834604,train,2026,weighted,False
ISPY1_1003_z016,ISPY1_1003,2,0,spy1,0.2548302,train,2026,weighted,False
ISPY1_1003_z017,ISPY1_1003,2,0,spy1,0.26336616,train,2026,weighted,False
ISPY1_1003_z018,ISPY1_1003,2,0,spy1,0.26256853,train,2026,weighted,False
ISPY1_1003_z019,ISPY1_1003,2,0,spy1,0.26341438,train,2026,weighted,False
ISPY1_1011_z003,ISPY1_1011,2,1,spy1,0.6700323,train,2026,weighted,False
ISPY1_1011_z004,ISPY1_1011,2,1,spy1,0.66878,train,2026,weighted,False
ISPY1_1011_z005,ISPY1_1011,2,1,spy1,0.66120964,train,2026,weighted,False
ISPY1_1011_z006,ISPY1_1011,2,1,spy1,0.6531582,train,2026,weighted,False
ISPY1_1011_z007,ISPY1_1011,2,1,spy1,0.6433889,train,2026,weighted,False
ISPY1_1011_z008,ISPY1_1011,2,1,spy1,0.6277971,train,2026,weighted,False
ISPY1_1011_z009,ISPY1_1011,2,1,spy1,0.62096804,train,2026,weighted,False
ISPY1_1011_z010,ISPY1_1011,2,1,spy1,0.61135054,train,2026,weighted,False
ISPY1_1011_z011,ISPY1_1011,2,1,spy1,0.611142,train,2026,weighted,False
ISPY1_1011_z015,ISPY1_1011,2,1,spy1,0.6037603,train,2026,weighted,False
ISPY1_1031_z006,ISPY1_1031,2,0,spy1,0.21456817,train,2026,weighted,False
ISPY1_1031_z007,ISPY1_1031,2,0,spy1,0.21006353,train,2026,weighted,False
ISPY1_1031_z008,ISPY1_1031,2,0,spy1,0.20956254,train,2026,weighted,False
ISPY1_1031_z009,ISPY1_1031,2,0,spy1,0.2098534,train,2026,weighted,False
ISPY1_1031_z010,ISPY1_1031,2,0,spy1,0.19808204,train,2026,weighted,False
ISPY1_1031_z011,ISPY1_1031,2,0,spy1,0.19515392,train,2026,weighted,False
ISPY1_1031_z012,ISPY1_1031,2,0,spy1,0.19436012,train,2026,weighted,False
ISPY1_1031_z013,ISPY1_1031,2,0,spy1,0.18983345,train,2026,weighted,False
ISPY1_1031_z014,ISPY1_1031,2,0,spy1,0.19815253,train,2026,weighted,False
ISPY1_1031_z016,ISPY1_1031,2,0,spy1,0.20071071,train,2026,weighted,False
ISPY1_1038_z004,ISPY1_1038,2,0,spy1,0.6293559,train,2026,weighted,False
ISPY1_1038_z005,ISPY1_1038,2,0,spy1,0.62858933,train,2026,weighted,False
ISPY1_1038_z006,ISPY1_1038,2,0,spy1,0.62953067,train,2026,weighted,False
ISPY1_1038_z007,ISPY1_1038,2,0,spy1,0.6399363,train,2026,weighted,False
ISPY1_1038_z008,ISPY1_1038,2,0,spy1,0.6555356,train,2026,weighted,False
ISPY1_1038_z009,ISPY1_1038,2,0,spy1,0.6527066,train,2026,weighted,False
ISPY1_1038_z010,ISPY1_1038,2,0,spy1,0.65519136,train,2026,weighted,False
ISPY1_1038_z011,ISPY1_1038,2,0,spy1,0.655084,train,2026,weighted,False
ISPY1_1038_z012,ISPY1_1038,2,0,spy1,0.6558568,train,2026,weighted,False
ISPY1_1038_z013,ISPY1_1038,2,0,spy1,0.6559207,train,2026,weighted,False
ISPY1_1062_z010,ISPY1_1062,2,0,spy1,0.25999385,train,2026,weighted,False
ISPY1_1062_z011,ISPY1_1062,2,0,spy1,0.25951126,train,2026,weighted,False
ISPY1_1062_z012,ISPY1_1062,2,0,spy1,0.2562425,train,2026,weighted,False
ISPY1_1062_z013,ISPY1_1062,2,0,spy1,0.24740848,train,2026,weighted,False
ISPY1_1062_z014,ISPY1_1062,2,0,spy1,0.23529497,train,2026,weighted,False
ISPY1_1062_z015,ISPY1_1062,2,0,spy1,0.2343626,train,2026,weighted,False
ISPY1_1062_z016,ISPY1_1062,2,0,spy1,0.23598543,train,2026,weighted,False
ISPY1_1062_z017,ISPY1_1062,2,0,spy1,0.2427257,train,2026,weighted,False
ISPY1_1062_z018,ISPY1_1062,2,0,spy1,0.24106753,train,2026,weighted,False
ISPY1_1062_z019,ISPY1_1062,2,0,spy1,0.23701711,train,2026,weighted,False
ISPY1_1074_z007,ISPY1_1074,2,0,spy1,0.28340062,train,2026,weighted,False
ISPY1_1074_z008,ISPY1_1074,2,0,spy1,0.28342927,train,2026,weighted,False
ISPY1_1074_z009,ISPY1_1074,2,0,spy1,0.28341976,train,2026,weighted,False
ISPY1_1074_z013,ISPY1_1074,2,0,spy1,0.28341967,train,2026,weighted,False
ISPY1_1074_z014,ISPY1_1074,2,0,spy1,0.28333122,train,2026,weighted,False
ISPY1_1074_z015,ISPY1_1074,2,0,spy1,0.2830095,train,2026,weighted,False
ISPY1_1074_z016,ISPY1_1074,2,0,spy1,0.28282636,train,2026,weighted,False
ISPY1_1074_z017,ISPY1_1074,2,0,spy1,0.28226238,train,2026,weighted,False
ISPY1_1074_z018,ISPY1_1074,2,0,spy1,0.2814904,train,2026,weighted,False
ISPY1_1074_z024,ISPY1_1074,2,0,spy1,0.26924244,train,2026,weighted,False
ISPY1_1087_z004,ISPY1_1087,2,1,spy1,0.78340125,train,2026,weighted,False
ISPY1_1087_z005,ISPY1_1087,2,1,spy1,0.7956256,train,2026,weighted,False
ISPY1_1087_z006,ISPY1_1087,2,1,spy1,0.8008361,train,2026,weighted,False
ISPY1_1087_z007,ISPY1_1087,2,1,spy1,0.8118667,train,2026,weighted,False
ISPY1_1087_z008,ISPY1_1087,2,1,spy1,0.81410116,train,2026,weighted,False
ISPY1_1087_z009,ISPY1_1087,2,1,spy1,0.81454253,train,2026,weighted,False
ISPY1_1087_z010,ISPY1_1087,2,1,spy1,0.8198269,train,2026,weighted,False
ISPY1_1087_z011,ISPY1_1087,2,1,spy1,0.82110363,train,2026,weighted,False
ISPY1_1087_z012,ISPY1_1087,2,1,spy1,0.8200618,train,2026,weighted,False
ISPY1_1087_z013,ISPY1_1087,2,1,spy1,0.81987,train,2026,weighted,False
ISPY1_1099_z017,ISPY1_1099,2,1,spy1,0.5358758,train,2026,weighted,False
ISPY1_1099_z018,ISPY1_1099,2,1,spy1,0.53589106,train,2026,weighted,False
ISPY1_1099_z019,ISPY1_1099,2,1,spy1,0.536172,train,2026,weighted,False
ISPY1_1099_z020,ISPY1_1099,2,1,spy1,0.5357164,train,2026,weighted,False
ISPY1_1099_z021,ISPY1_1099,2,1,spy1,0.53579515,train,2026,weighted,False
ISPY1_1099_z022,ISPY1_1099,2,1,spy1,0.5355869,train,2026,weighted,False
ISPY1_1099_z023,ISPY1_1099,2,1,spy1,0.5360348,train,2026,weighted,False
ISPY1_1099_z024,ISPY1_1099,2,1,spy1,0.5362391,train,2026,weighted,False
ISPY1_1099_z025,ISPY1_1099,2,1,spy1,0.5362234,train,2026,weighted,False
ISPY1_1099_z026,ISPY1_1099,2,1,spy1,0.53603363,train,2026,weighted,False
ISPY1_1114_z006,ISPY1_1114,2,0,spy1,0.21598484,train,2026,weighted,False
ISPY1_1114_z007,ISPY1_1114,2,0,spy1,0.21553132,train,2026,weighted,False
ISPY1_1114_z008,ISPY1_1114,2,0,spy1,0.232856,train,2026,weighted,False
ISPY1_1114_z009,ISPY1_1114,2,0,spy1,0.24503161,train,2026,weighted,False
ISPY1_1114_z010,ISPY1_1114,2,0,spy1,0.24972787,train,2026,weighted,False
ISPY1_1114_z011,ISPY1_1114,2,0,spy1,0.24705167,train,2026,weighted,False
ISPY1_1114_z012,ISPY1_1114,2,0,spy1,0.2407155,train,2026,weighted,False
ISPY1_1114_z013,ISPY1_1114,2,0,spy1,0.2528205,train,2026,weighted,False
ISPY1_1114_z014,ISPY1_1114,2,0,spy1,0.24968877,train,2026,weighted,False
ISPY1_1114_z016,ISPY1_1114,2,0,spy1,0.23395854,train,2026,weighted,False
ISPY1_1124_z014,ISPY1_1124,2,0,spy1,0.72292227,train,2026,weighted,False
ISPY1_1124_z015,ISPY1_1124,2,0,spy1,0.7247111,train,2026,weighted,False
ISPY1_1124_z017,ISPY1_1124,2,0,spy1,0.7270211,train,2026,weighted,False
ISPY1_1124_z018,ISPY1_1124,2,0,spy1,0.72732246,train,2026,weighted,False
ISPY1_1124_z019,ISPY1_1124,2,0,spy1,0.72748435,train,2026,weighted,False
ISPY1_1124_z020,ISPY1_1124,2,0,spy1,0.7274641,train,2026,weighted,False
ISPY1_1124_z021,ISPY1_1124,2,0,spy1,0.72749,train,2026,weighted,False
ISPY1_1124_z022,ISPY1_1124,2,0,spy1,0.72750247,train,2026,weighted,False
ISPY1_1124_z023,ISPY1_1124,2,0,spy1,0.72749937,train,2026,weighted,False
ISPY1_1124_z024,ISPY1_1124,2,0,spy1,0.7274499,train,2026,weighted,False
ISPY1_1139_z003,ISPY1_1139,2,1,spy1,0.4923571,train,2026,weighted,False
ISPY1_1139_z006,ISPY1_1139,2,1,spy1,0.49215183,train,2026,weighted,False
ISPY1_1139_z007,ISPY1_1139,2,1,spy1,0.49208486,train,2026,weighted,False
ISPY1_1139_z008,ISPY1_1139,2,1,spy1,0.49214074,train,2026,weighted,False
ISPY1_1139_z009,ISPY1_1139,2,1,spy1,0.49212274,train,2026,weighted,False
ISPY1_1139_z010,ISPY1_1139,2,1,spy1,0.49203947,train,2026,weighted,False
ISPY1_1139_z011,ISPY1_1139,2,1,spy1,0.49206442,train,2026,weighted,False
ISPY1_1139_z012,ISPY1_1139,2,1,spy1,0.49153373,train,2026,weighted,False
ISPY1_1139_z013,ISPY1_1139,2,1,spy1,0.49109513,train,2026,weighted,False
ISPY1_1139_z014,ISPY1_1139,2,1,spy1,0.49084765,train,2026,weighted,False
ISPY1_1152_z006,ISPY1_1152,2,0,spy1,0.5188932,train,2026,weighted,False
ISPY1_1152_z007,ISPY1_1152,2,0,spy1,0.5150295,train,2026,weighted,False
ISPY1_1152_z008,ISPY1_1152,2,0,spy1,0.5172239,train,2026,weighted,False
ISPY1_1152_z009,ISPY1_1152,2,0,spy1,0.51009756,train,2026,weighted,False
ISPY1_1152_z010,ISPY1_1152,2,0,spy1,0.49747828,train,2026,weighted,False
ISPY1_1152_z013,ISPY1_1152,2,0,spy1,0.46310455,train,2026,weighted,False
ISPY1_1152_z016,ISPY1_1152,2,0,spy1,0.49393514,train,2026,weighted,False
ISPY1_1152_z017,ISPY1_1152,2,0,spy1,0.50525033,train,2026,weighted,False
ISPY1_1152_z019,ISPY1_1152,2,0,spy1,0.5365406,train,2026,weighted,False
ISPY1_1152_z020,ISPY1_1152,2,0,spy1,0.5452773,train,2026,weighted,False
ISPY1_1164_z004,ISPY1_1164,2,0,spy1,0.21221247,train,2026,weighted,False
ISPY1_1164_z005,ISPY1_1164,2,0,spy1,0.21233675,train,2026,weighted,False
ISPY1_1164_z006,ISPY1_1164,2,0,spy1,0.21204537,train,2026,weighted,False
ISPY1_1164_z007,ISPY1_1164,2,0,spy1,0.2092846,train,2026,weighted,False
ISPY1_1164_z008,ISPY1_1164,2,0,spy1,0.20771997,train,2026,weighted,False
ISPY1_1164_z009,ISPY1_1164,2,0,spy1,0.22252055,train,2026,weighted,False
ISPY1_1164_z010,ISPY1_1164,2,0,spy1,0.22445522,train,2026,weighted,False
ISPY1_1164_z011,ISPY1_1164,2,0,spy1,0.22274245,train,2026,weighted,False
ISPY1_1164_z012,ISPY1_1164,2,0,spy1,0.2252191,train,2026,weighted,False
ISPY1_1164_z013,ISPY1_1164,2,0,spy1,0.22262377,train,2026,weighted,False
ISPY1_1177_z007,ISPY1_1177,2,1,spy1,0.8772886,train,2026,weighted,False
ISPY1_1177_z008,ISPY1_1177,2,1,spy1,0.87091887,train,2026,weighted,False
ISPY1_1177_z009,ISPY1_1177,2,1,spy1,0.8695339,train,2026,weighted,False
ISPY1_1177_z010,ISPY1_1177,2,1,spy1,0.8671906,train,2026,weighted,False
ISPY1_1177_z011,ISPY1_1177,2,1,spy1,0.8707679,train,2026,weighted,False
ISPY1_1177_z012,ISPY1_1177,2,1,spy1,0.8720956,train,2026,weighted,False
ISPY1_1177_z013,ISPY1_1177,2,1,spy1,0.872846,train,2026,weighted,False
ISPY1_1177_z014,ISPY1_1177,2,1,spy1,0.8686565,train,2026,weighted,False
ISPY1_1177_z015,ISPY1_1177,2,1,spy1,0.8681487,train,2026,weighted,False
ISPY1_1177_z016,ISPY1_1177,2,1,spy1,0.8723809,train,2026,weighted,False
ISPY1_1181_z008,ISPY1_1181,2,0,spy1,0.26342356,train,2026,weighted,False
ISPY1_1181_z009,ISPY1_1181,2,0,spy1,0.26341826,train,2026,weighted,False
ISPY1_1181_z010,ISPY1_1181,2,0,spy1,0.26342124,train,2026,weighted,False
ISPY1_1181_z019,ISPY1_1181,2,0,spy1,0.26342937,train,2026,weighted,False
ISPY1_1181_z020,ISPY1_1181,2,0,spy1,0.26342195,train,2026,weighted,False
ISPY1_1181_z021,ISPY1_1181,2,0,spy1,0.26334417,train,2026,weighted,False
ISPY1_1181_z022,ISPY1_1181,2,0,spy1,0.26342446,train,2026,weighted,False
ISPY1_1181_z023,ISPY1_1181,2,0,spy1,0.2634313,train,2026,weighted,False
ISPY1_1181_z024,ISPY1_1181,2,0,spy1,0.26335153,train,2026,weighted,False
ISPY1_1181_z025,ISPY1_1181,2,0,spy1,0.26330057,train,2026,weighted,False
ISPY1_1194_z023,ISPY1_1194,2,0,spy1,0.1706313,train,2026,weighted,False
ISPY1_1194_z024,ISPY1_1194,2,0,spy1,0.17407331,train,2026,weighted,False
ISPY1_1194_z025,ISPY1_1194,2,0,spy1,0.18057606,train,2026,weighted,False
ISPY1_1194_z026,ISPY1_1194,2,0,spy1,0.18676634,train,2026,weighted,False
ISPY1_1194_z027,ISPY1_1194,2,0,spy1,0.1880494,train,2026,weighted,False
ISPY1_1194_z028,ISPY1_1194,2,0,spy1,0.18827133,train,2026,weighted,False
ISPY1_1194_z029,ISPY1_1194,2,0,spy1,0.18827473,train,2026,weighted,False
ISPY1_1194_z030,ISPY1_1194,2,0,spy1,0.18826698,train,2026,weighted,False
ISPY1_1194_z031,ISPY1_1194,2,0,spy1,0.18825717,train,2026,weighted,False
ISPY1_1194_z032,ISPY1_1194,2,0,spy1,0.18825462,train,2026,weighted,False
ISPY1_1197_z016,ISPY1_1197,2,0,spy1,0.24071793,train,2026,weighted,False
ISPY1_1197_z017,ISPY1_1197,2,0,spy1,0.24091117,train,2026,weighted,False
ISPY1_1197_z018,ISPY1_1197,2,0,spy1,0.24071828,train,2026,weighted,False
ISPY1_1197_z019,ISPY1_1197,2,0,spy1,0.24073364,train,2026,weighted,False
ISPY1_1197_z020,ISPY1_1197,2,0,spy1,0.24083951,train,2026,weighted,False
ISPY1_1197_z021,ISPY1_1197,2,0,spy1,0.24079336,train,2026,weighted,False
ISPY1_1197_z022,ISPY1_1197,2,0,spy1,0.24059184,train,2026,weighted,False
ISPY1_1197_z023,ISPY1_1197,2,0,spy1,0.24058624,train,2026,weighted,False
ISPY1_1197_z036,ISPY1_1197,2,0,spy1,0.22626215,train,2026,weighted,False
ISPY1_1197_z037,ISPY1_1197,2,0,spy1,0.22302924,train,2026,weighted,False
ISPY1_1212_z006,ISPY1_1212,2,1,spy1,0.7579852,train,2026,weighted,False
ISPY1_1212_z007,ISPY1_1212,2,1,spy1,0.75844896,train,2026,weighted,False
ISPY1_1212_z008,ISPY1_1212,2,1,spy1,0.75877863,train,2026,weighted,False
ISPY1_1212_z009,ISPY1_1212,2,1,spy1,0.75868094,train,2026,weighted,False
ISPY1_1212_z010,ISPY1_1212,2,1,spy1,0.75865036,train,2026,weighted,False
ISPY1_1212_z011,ISPY1_1212,2,1,spy1,0.75865763,train,2026,weighted,False
ISPY1_1212_z012,ISPY1_1212,2,1,spy1,0.75562936,train,2026,weighted,False
ISPY1_1212_z013,ISPY1_1212,2,1,spy1,0.7506909,train,2026,weighted,False
ISPY1_1212_z014,ISPY1_1212,2,1,spy1,0.75280803,train,2026,weighted,False
ISPY1_1212_z015,ISPY1_1212,2,1,spy1,0.7567635,train,2026,weighted,False
ISPY1_1225_z008,ISPY1_1225,2,0,spy1,0.341133,train,2026,weighted,False
ISPY1_1225_z009,ISPY1_1225,2,0,spy1,0.3411427,train,2026,weighted,False
ISPY1_1225_z010,ISPY1_1225,2,0,spy1,0.34122816,train,2026,weighted,False
ISPY1_1225_z011,ISPY1_1225,2,0,spy1,0.3413414,train,2026,weighted,False
ISPY1_1225_z012,ISPY1_1225,2,0,spy1,0.34154245,train,2026,weighted,False
ISPY1_1225_z013,ISPY1_1225,2,0,spy1,0.34159836,train,2026,weighted,False
ISPY1_1225_z014,ISPY1_1225,2,0,spy1,0.34165907,train,2026,weighted,False
ISPY1_1225_z015,ISPY1_1225,2,0,spy1,0.34159526,train,2026,weighted,False
ISPY1_1225_z016,ISPY1_1225,2,0,spy1,0.3415656,train,2026,weighted,False
ISPY1_1225_z017,ISPY1_1225,2,0,spy1,0.34163392,train,2026,weighted,False
ISPY1_1228_z026,ISPY1_1228,2,1,spy1,0.6670663,train,2026,weighted,False
ISPY1_1228_z027,ISPY1_1228,2,1,spy1,0.66793925,train,2026,weighted,False
ISPY1_1228_z028,ISPY1_1228,2,1,spy1,0.66181576,train,2026,weighted,False
ISPY1_1228_z029,ISPY1_1228,2,1,spy1,0.66011167,train,2026,weighted,False
ISPY1_1228_z030,ISPY1_1228,2,1,spy1,0.6675149,train,2026,weighted,False
ISPY1_1228_z031,ISPY1_1228,2,1,spy1,0.6676007,train,2026,weighted,False
ISPY1_1228_z032,ISPY1_1228,2,1,spy1,0.67420226,train,2026,weighted,False
ISPY1_1228_z033,ISPY1_1228,2,1,spy1,0.6729463,train,2026,weighted,False
ISPY1_1228_z034,ISPY1_1228,2,1,spy1,0.67171615,train,2026,weighted,False
ISPY1_1228_z035,ISPY1_1228,2,1,spy1,0.67662346,train,2026,weighted,False
ISPY1_1236_z002,ISPY1_1236,2,0,spy1,0.2760613,train,2026,weighted,False
ISPY1_1236_z003,ISPY1_1236,2,0,spy1,0.27866971,train,2026,weighted,False
ISPY1_1236_z006,ISPY1_1236,2,0,spy1,0.31836113,train,2026,weighted,False
ISPY1_1236_z007,ISPY1_1236,2,0,spy1,0.32174358,train,2026,weighted,False
ISPY1_1236_z008,ISPY1_1236,2,0,spy1,0.32771447,train,2026,weighted,False
ISPY1_1236_z009,ISPY1_1236,2,0,spy1,0.3268745,train,2026,weighted,False
ISPY1_1236_z010,ISPY1_1236,2,0,spy1,0.31888357,train,2026,weighted,False
ISPY1_1236_z011,ISPY1_1236,2,0,spy1,0.32195976,train,2026,weighted,False
ISPY1_1236_z012,ISPY1_1236,2,0,spy1,0.31552064,train,2026,weighted,False
ISPY1_1236_z013,ISPY1_1236,2,0,spy1,0.31065178,train,2026,weighted,False
Breast_MRI_021_z006,Breast_MRI_021,2,0,duke,0.30371386,train,2026,weighted,False
Breast_MRI_021_z007,Breast_MRI_021,2,0,duke,0.33566287,train,2026,weighted,False
Breast_MRI_021_z008,Breast_MRI_021,2,0,duke,0.3307562,train,2026,weighted,False
Breast_MRI_021_z009,Breast_MRI_021,2,0,duke,0.332174,train,2026,weighted,False
Breast_MRI_021_z010,Breast_MRI_021,2,0,duke,0.3255516,train,2026,weighted,False
Breast_MRI_021_z011,Breast_MRI_021,2,0,duke,0.31798896,train,2026,weighted,False
Breast_MRI_021_z012,Breast_MRI_021,2,0,duke,0.30432954,train,2026,weighted,False
Breast_MRI_021_z013,Breast_MRI_021,2,0,duke,0.28461537,train,2026,weighted,False
Breast_MRI_021_z014,Breast_MRI_021,2,0,duke,0.2792329,train,2026,weighted,False
Breast_MRI_021_z015,Breast_MRI_021,2,0,duke,0.29075316,train,2026,weighted,False
Breast_MRI_056_z015,Breast_MRI_056,2,0,duke,0.32782212,train,2026,weighted,False
Breast_MRI_056_z016,Breast_MRI_056,2,0,duke,0.28694227,train,2026,weighted,False
Breast_MRI_056_z017,Breast_MRI_056,2,0,duke,0.26569295,train,2026,weighted,False
Breast_MRI_056_z018,Breast_MRI_056,2,0,duke,0.2627635,train,2026,weighted,False
Breast_MRI_056_z019,Breast_MRI_056,2,0,duke,0.25605485,train,2026,weighted,False
Breast_MRI_056_z020,Breast_MRI_056,2,0,duke,0.24194007,train,2026,weighted,False
Breast_MRI_056_z021,Breast_MRI_056,2,0,duke,0.22225557,train,2026,weighted,False
Breast_MRI_056_z022,Breast_MRI_056,2,0,duke,0.20235245,train,2026,weighted,False
Breast_MRI_056_z023,Breast_MRI_056,2,0,duke,0.1749188,train,2026,weighted,False
Breast_MRI_056_z024,Breast_MRI_056,2,0,duke,0.15245226,train,2026,weighted,False
Breast_MRI_061_z018,Breast_MRI_061,2,1,duke,0.5025583,train,2026,weighted,False
Breast_MRI_061_z019,Breast_MRI_061,2,1,duke,0.5018172,train,2026,weighted,False
Breast_MRI_061_z020,Breast_MRI_061,2,1,duke,0.5002712,train,2026,weighted,False
Breast_MRI_061_z021,Breast_MRI_061,2,1,duke,0.50228655,train,2026,weighted,False
Breast_MRI_061_z022,Breast_MRI_061,2,1,duke,0.501667,train,2026,weighted,False
Breast_MRI_061_z023,Breast_MRI_061,2,1,duke,0.49989054,train,2026,weighted,False
Breast_MRI_061_z024,Breast_MRI_061,2,1,duke,0.49917436,train,2026,weighted,False
Breast_MRI_061_z025,Breast_MRI_061,2,1,duke,0.49833366,train,2026,weighted,False
Breast_MRI_061_z026,Breast_MRI_061,2,1,duke,0.49745798,train,2026,weighted,False
Breast_MRI_061_z027,Breast_MRI_061,2,1,duke,0.4994357,train,2026,weighted,False
Breast_MRI_097_z016,Breast_MRI_097,2,0,duke,0.5343597,train,2026,weighted,False
Breast_MRI_097_z017,Breast_MRI_097,2,0,duke,0.5330313,train,2026,weighted,False
Breast_MRI_097_z018,Breast_MRI_097,2,0,duke,0.53352404,train,2026,weighted,False
Breast_MRI_097_z019,Breast_MRI_097,2,0,duke,0.5342962,train,2026,weighted,False
Breast_MRI_097_z020,Breast_MRI_097,2,0,duke,0.53597397,train,2026,weighted,False
Breast_MRI_097_z021,Breast_MRI_097,2,0,duke,0.5340125,train,2026,weighted,False
Breast_MRI_097_z022,Breast_MRI_097,2,0,duke,0.5337753,train,2026,weighted,False
Breast_MRI_097_z023,Breast_MRI_097,2,0,duke,0.5342771,train,2026,weighted,False
Breast_MRI_097_z024,Breast_MRI_097,2,0,duke,0.5348458,train,2026,weighted,False
Breast_MRI_097_z025,Breast_MRI_097,2,0,duke,0.5346345,train,2026,weighted,False
Breast_MRI_104_z006,Breast_MRI_104,2,0,duke,0.2037455,train,2026,weighted,False
Breast_MRI_104_z007,Breast_MRI_104,2,0,duke,0.20092584,train,2026,weighted,False
Breast_MRI_104_z008,Breast_MRI_104,2,0,duke,0.20051466,train,2026,weighted,False
Breast_MRI_104_z009,Breast_MRI_104,2,0,duke,0.20375896,train,2026,weighted,False
Breast_MRI_104_z010,Breast_MRI_104,2,0,duke,0.20344143,train,2026,weighted,False
Breast_MRI_104_z011,Breast_MRI_104,2,0,duke,0.20240502,train,2026,weighted,False
Breast_MRI_104_z012,Breast_MRI_104,2,0,duke,0.20473136,train,2026,weighted,False
Breast_MRI_104_z013,Breast_MRI_104,2,0,duke,0.20267668,train,2026,weighted,False
Breast_MRI_104_z014,Breast_MRI_104,2,0,duke,0.20408228,train,2026,weighted,False
Breast_MRI_104_z015,Breast_MRI_104,2,0,duke,0.206389,train,2026,weighted,False
Breast_MRI_119_z029,Breast_MRI_119,2,0,duke,0.3916668,train,2026,weighted,False
Breast_MRI_119_z030,Breast_MRI_119,2,0,duke,0.3872075,train,2026,weighted,False
Breast_MRI_119_z031,Breast_MRI_119,2,0,duke,0.39278486,train,2026,weighted,False
Breast_MRI_119_z032,Breast_MRI_119,2,0,duke,0.3991241,train,2026,weighted,False
Breast_MRI_119_z033,Breast_MRI_119,2,0,duke,0.4003809,train,2026,weighted,False
Breast_MRI_119_z034,Breast_MRI_119,2,0,duke,0.39854428,train,2026,weighted,False
Breast_MRI_119_z035,Breast_MRI_119,2,0,duke,0.3962558,train,2026,weighted,False
Breast_MRI_119_z036,Breast_MRI_119,2,0,duke,0.3885724,train,2026,weighted,False
Breast_MRI_119_z037,Breast_MRI_119,2,0,duke,0.382362,train,2026,weighted,False
Breast_MRI_119_z038,Breast_MRI_119,2,0,duke,0.37278143,train,2026,weighted,False
Breast_MRI_137_z007,Breast_MRI_137,2,0,duke,0.2289957,train,2026,weighted,False
Breast_MRI_137_z008,Breast_MRI_137,2,0,duke,0.23006238,train,2026,weighted,False
Breast_MRI_137_z009,Breast_MRI_137,2,0,duke,0.23560302,train,2026,weighted,False
Breast_MRI_137_z010,Breast_MRI_137,2,0,duke,0.23409612,train,2026,weighted,False
Breast_MRI_137_z011,Breast_MRI_137,2,0,duke,0.23019433,train,2026,weighted,False
Breast_MRI_137_z012,Breast_MRI_137,2,0,duke,0.23903401,train,2026,weighted,False
Breast_MRI_137_z013,Breast_MRI_137,2,0,duke,0.24319114,train,2026,weighted,False
Breast_MRI_137_z014,Breast_MRI_137,2,0,duke,0.2524835,train,2026,weighted,False
Breast_MRI_137_z015,Breast_MRI_137,2,0,duke,0.2582346,train,2026,weighted,False
Breast_MRI_137_z016,Breast_MRI_137,2,0,duke,0.2593511,train,2026,weighted,False
Breast_MRI_150_z021,Breast_MRI_150,2,0,duke,0.16562513,train,2026,weighted,False
Breast_MRI_150_z022,Breast_MRI_150,2,0,duke,0.16484472,train,2026,weighted,False
Breast_MRI_150_z023,Breast_MRI_150,2,0,duke,0.16266696,train,2026,weighted,False
Breast_MRI_150_z024,Breast_MRI_150,2,0,duke,0.16548128,train,2026,weighted,False
Breast_MRI_150_z025,Breast_MRI_150,2,0,duke,0.17233565,train,2026,weighted,False
Breast_MRI_150_z026,Breast_MRI_150,2,0,duke,0.1753034,train,2026,weighted,False
Breast_MRI_150_z027,Breast_MRI_150,2,0,duke,0.1811334,train,2026,weighted,False
Breast_MRI_150_z028,Breast_MRI_150,2,0,duke,0.18000287,train,2026,weighted,False
Breast_MRI_150_z029,Breast_MRI_150,2,0,duke,0.17647219,train,2026,weighted,False
Breast_MRI_150_z030,Breast_MRI_150,2,0,duke,0.17580368,train,2026,weighted,False
Breast_MRI_167_z013,Breast_MRI_167,2,0,duke,0.26001567,train,2026,weighted,False
Breast_MRI_167_z014,Breast_MRI_167,2,0,duke,0.25909227,train,2026,weighted,False
Breast_MRI_167_z015,Breast_MRI_167,2,0,duke,0.2538267,train,2026,weighted,False
Breast_MRI_167_z016,Breast_MRI_167,2,0,duke,0.2518971,train,2026,weighted,False
Breast_MRI_167_z017,Breast_MRI_167,2,0,duke,0.2528993,train,2026,weighted,False
Breast_MRI_167_z018,Breast_MRI_167,2,0,duke,0.25458726,train,2026,weighted,False
Breast_MRI_167_z019,Breast_MRI_167,2,0,duke,0.25674203,train,2026,weighted,False
Breast_MRI_167_z020,Breast_MRI_167,2,0,duke,0.2610483,train,2026,weighted,False
Breast_MRI_167_z021,Breast_MRI_167,2,0,duke,0.25935748,train,2026,weighted,False
Breast_MRI_167_z022,Breast_MRI_167,2,0,duke,0.25410074,train,2026,weighted,False
Breast_MRI_198_z022,Breast_MRI_198,2,0,duke,0.17001548,train,2026,weighted,False
Breast_MRI_198_z023,Breast_MRI_198,2,0,duke,0.16675077,train,2026,weighted,False
Breast_MRI_198_z024,Breast_MRI_198,2,0,duke,0.17128545,train,2026,weighted,False
Breast_MRI_198_z025,Breast_MRI_198,2,0,duke,0.17423886,train,2026,weighted,False
Breast_MRI_198_z026,Breast_MRI_198,2,0,duke,0.1709887,train,2026,weighted,False
Breast_MRI_198_z027,Breast_MRI_198,2,0,duke,0.16869137,train,2026,weighted,False
Breast_MRI_198_z028,Breast_MRI_198,2,0,duke,0.17059588,train,2026,weighted,False
Breast_MRI_198_z029,Breast_MRI_198,2,0,duke,0.17278767,train,2026,weighted,False
Breast_MRI_198_z030,Breast_MRI_198,2,0,duke,0.169942,train,2026,weighted,False
Breast_MRI_198_z031,Breast_MRI_198,2,0,duke,0.16860121,train,2026,weighted,False
Breast_MRI_237_z013,Breast_MRI_237,2,0,duke,0.28121024,train,2026,weighted,False
Breast_MRI_237_z014,Breast_MRI_237,2,0,duke,0.27289858,train,2026,weighted,False
Breast_MRI_237_z015,Breast_MRI_237,2,0,duke,0.2735527,train,2026,weighted,False
Breast_MRI_237_z016,Breast_MRI_237,2,0,duke,0.27176008,train,2026,weighted,False
Breast_MRI_237_z017,Breast_MRI_237,2,0,duke,0.26463512,train,2026,weighted,False
Breast_MRI_237_z018,Breast_MRI_237,2,0,duke,0.26454592,train,2026,weighted,False
Breast_MRI_237_z019,Breast_MRI_237,2,0,duke,0.26810282,train,2026,weighted,False
Breast_MRI_237_z020,Breast_MRI_237,2,0,duke,0.2609487,train,2026,weighted,False
Breast_MRI_237_z021,Breast_MRI_237,2,0,duke,0.2660741,train,2026,weighted,False
Breast_MRI_237_z022,Breast_MRI_237,2,0,duke,0.26535916,train,2026,weighted,False
Breast_MRI_244_z011,Breast_MRI_244,2,0,duke,0.59348667,train,2026,weighted,False
Breast_MRI_244_z012,Breast_MRI_244,2,0,duke,0.59841746,train,2026,weighted,False
Breast_MRI_244_z013,Breast_MRI_244,2,0,duke,0.5919952,train,2026,weighted,False
Breast_MRI_244_z014,Breast_MRI_244,2,0,duke,0.59242207,train,2026,weighted,False
Breast_MRI_244_z015,Breast_MRI_244,2,0,duke,0.59849095,train,2026,weighted,False
Breast_MRI_244_z016,Breast_MRI_244,2,0,duke,0.60207736,train,2026,weighted,False
Breast_MRI_244_z017,Breast_MRI_244,2,0,duke,0.5981076,train,2026,weighted,False
Breast_MRI_244_z018,Breast_MRI_244,2,0,duke,0.60424775,train,2026,weighted,False
Breast_MRI_244_z019,Breast_MRI_244,2,0,duke,0.61081153,train,2026,weighted,False
Breast_MRI_244_z020,Breast_MRI_244,2,0,duke,0.60902816,train,2026,weighted,False
Breast_MRI_287_z037,Breast_MRI_287,2,0,duke,0.3067286,train,2026,weighted,False
Breast_MRI_287_z038,Breast_MRI_287,2,0,duke,0.30685496,train,2026,weighted,False
Breast_MRI_287_z039,Breast_MRI_287,2,0,duke,0.306329,train,2026,weighted,False
Breast_MRI_287_z040,Breast_MRI_287,2,0,duke,0.30580202,train,2026,weighted,False
Breast_MRI_287_z041,Breast_MRI_287,2,0,duke,0.3064518,train,2026,weighted,False
Breast_MRI_287_z042,Breast_MRI_287,2,0,duke,0.30650014,train,2026,weighted,False
Breast_MRI_287_z043,Breast_MRI_287,2,0,duke,0.308075,train,2026,weighted,False
Breast_MRI_287_z044,Breast_MRI_287,2,0,duke,0.30863443,train,2026,weighted,False
Breast_MRI_287_z045,Breast_MRI_287,2,0,duke,0.30845922,train,2026,weighted,False
Breast_MRI_287_z046,Breast_MRI_287,2,0,duke,0.30740485,train,2026,weighted,False
Breast_MRI_303_z008,Breast_MRI_303,2,0,duke,0.31109592,train,2026,weighted,False
Breast_MRI_303_z009,Breast_MRI_303,2,0,duke,0.3104488,train,2026,weighted,False
Breast_MRI_303_z010,Breast_MRI_303,2,0,duke,0.30918527,train,2026,weighted,False
Breast_MRI_303_z011,Breast_MRI_303,2,0,duke,0.30935878,train,2026,weighted,False
Breast_MRI_303_z012,Breast_MRI_303,2,0,duke,0.30888262,train,2026,weighted,False
Breast_MRI_303_z013,Breast_MRI_303,2,0,duke,0.307483,train,2026,weighted,False
Breast_MRI_303_z014,Breast_MRI_303,2,0,duke,0.30762985,train,2026,weighted,False
Breast_MRI_303_z015,Breast_MRI_303,2,0,duke,0.3085402,train,2026,weighted,False
Breast_MRI_303_z016,Breast_MRI_303,2,0,duke,0.30838656,train,2026,weighted,False
Breast_MRI_303_z017,Breast_MRI_303,2,0,duke,0.30682287,train,2026,weighted,False
Breast_MRI_307_z011,Breast_MRI_307,2,0,duke,0.53694904,train,2026,weighted,False
Breast_MRI_307_z012,Breast_MRI_307,2,0,duke,0.5372688,train,2026,weighted,False
Breast_MRI_307_z013,Breast_MRI_307,2,0,duke,0.53837,train,2026,weighted,False
Breast_MRI_307_z014,Breast_MRI_307,2,0,duke,0.5389517,train,2026,weighted,False
Breast_MRI_307_z015,Breast_MRI_307,2,0,duke,0.5400944,train,2026,weighted,False
Breast_MRI_307_z016,Breast_MRI_307,2,0,duke,0.54098105,train,2026,weighted,False
Breast_MRI_307_z017,Breast_MRI_307,2,0,duke,0.5420852,train,2026,weighted,False
Breast_MRI_307_z018,Breast_MRI_307,2,0,duke,0.54079664,train,2026,weighted,False
Breast_MRI_307_z019,Breast_MRI_307,2,0,duke,0.5421051,train,2026,weighted,False
Breast_MRI_307_z020,Breast_MRI_307,2,0,duke,0.5434663,train,2026,weighted,False
Breast_MRI_368_z008,Breast_MRI_368,2,0,duke,0.62577724,train,2026,weighted,False
Breast_MRI_368_z009,Breast_MRI_368,2,0,duke,0.628116,train,2026,weighted,False
Breast_MRI_368_z010,Breast_MRI_368,2,0,duke,0.6303102,train,2026,weighted,False
Breast_MRI_368_z011,Breast_MRI_368,2,0,duke,0.63062745,train,2026,weighted,False
Breast_MRI_368_z012,Breast_MRI_368,2,0,duke,0.62987876,train,2026,weighted,False
Breast_MRI_368_z013,Breast_MRI_368,2,0,duke,0.63049775,train,2026,weighted,False
Breast_MRI_368_z014,Breast_MRI_368,2,0,duke,0.6315783,train,2026,weighted,False
Breast_MRI_368_z015,Breast_MRI_368,2,0,duke,0.63224,train,2026,weighted,False
Breast_MRI_368_z016,Breast_MRI_368,2,0,duke,0.63249785,train,2026,weighted,False
Breast_MRI_368_z017,Breast_MRI_368,2,0,duke,0.63263476,train,2026,weighted,False
Breast_MRI_385_z062,Breast_MRI_385,2,0,duke,0.24478501,train,2026,weighted,False
Breast_MRI_385_z063,Breast_MRI_385,2,0,duke,0.24332224,train,2026,weighted,False
Breast_MRI_385_z064,Breast_MRI_385,2,0,duke,0.24867932,train,2026,weighted,False
Breast_MRI_385_z065,Breast_MRI_385,2,0,duke,0.24666207,train,2026,weighted,False
Breast_MRI_385_z066,Breast_MRI_385,2,0,duke,0.24438304,train,2026,weighted,False
Breast_MRI_385_z067,Breast_MRI_385,2,0,duke,0.24325538,train,2026,weighted,False
Breast_MRI_385_z068,Breast_MRI_385,2,0,duke,0.24731931,train,2026,weighted,False
Breast_MRI_385_z069,Breast_MRI_385,2,0,duke,0.24708846,train,2026,weighted,False
Breast_MRI_385_z070,Breast_MRI_385,2,0,duke,0.24189872,train,2026,weighted,False
Breast_MRI_385_z071,Breast_MRI_385,2,0,duke,0.23948139,train,2026,weighted,False
Breast_MRI_408_z002,Breast_MRI_408,2,1,duke,0.47186807,train,2026,weighted,False
Breast_MRI_408_z003,Breast_MRI_408,2,1,duke,0.45893678,train,2026,weighted,False
Breast_MRI_408_z004,Breast_MRI_408,2,1,duke,0.4646559,train,2026,weighted,False
Breast_MRI_408_z005,Breast_MRI_408,2,1,duke,0.46070406,train,2026,weighted,False
Breast_MRI_408_z006,Breast_MRI_408,2,1,duke,0.45275033,train,2026,weighted,False
Breast_MRI_408_z007,Breast_MRI_408,2,1,duke,0.45561707,train,2026,weighted,False
Breast_MRI_414_z019,Breast_MRI_414,2,0,duke,0.40860674,train,2026,weighted,False
Breast_MRI_414_z020,Breast_MRI_414,2,0,duke,0.40502065,train,2026,weighted,False
Breast_MRI_414_z021,Breast_MRI_414,2,0,duke,0.39750558,train,2026,weighted,False
Breast_MRI_414_z022,Breast_MRI_414,2,0,duke,0.3974709,train,2026,weighted,False
Breast_MRI_414_z023,Breast_MRI_414,2,0,duke,0.40882662,train,2026,weighted,False
Breast_MRI_414_z024,Breast_MRI_414,2,0,duke,0.43303868,train,2026,weighted,False
Breast_MRI_414_z025,Breast_MRI_414,2,0,duke,0.462107,train,2026,weighted,False
Breast_MRI_414_z026,Breast_MRI_414,2,0,duke,0.49934545,train,2026,weighted,False
Breast_MRI_414_z027,Breast_MRI_414,2,0,duke,0.5269629,train,2026,weighted,False
Breast_MRI_414_z028,Breast_MRI_414,2,0,duke,0.5161887,train,2026,weighted,False
Breast_MRI_444_z012,Breast_MRI_444,2,1,duke,0.7500587,train,2026,weighted,False
Breast_MRI_444_z013,Breast_MRI_444,2,1,duke,0.7498127,train,2026,weighted,False
Breast_MRI_444_z014,Breast_MRI_444,2,1,duke,0.74937814,train,2026,weighted,False
Breast_MRI_444_z015,Breast_MRI_444,2,1,duke,0.7491371,train,2026,weighted,False
Breast_MRI_444_z016,Breast_MRI_444,2,1,duke,0.749642,train,2026,weighted,False
Breast_MRI_444_z017,Breast_MRI_444,2,1,duke,0.7497812,train,2026,weighted,False
Breast_MRI_444_z018,Breast_MRI_444,2,1,duke,0.7496428,train,2026,weighted,False
Breast_MRI_444_z019,Breast_MRI_444,2,1,duke,0.7500684,train,2026,weighted,False
Breast_MRI_444_z020,Breast_MRI_444,2,1,duke,0.7501164,train,2026,weighted,False
Breast_MRI_444_z021,Breast_MRI_444,2,1,duke,0.7501405,train,2026,weighted,False
Breast_MRI_473_z006,Breast_MRI_473,2,0,duke,0.5859801,train,2026,weighted,False
Breast_MRI_473_z007,Breast_MRI_473,2,0,duke,0.5864457,train,2026,weighted,False
Breast_MRI_473_z008,Breast_MRI_473,2,0,duke,0.58967525,train,2026,weighted,False
Breast_MRI_473_z009,Breast_MRI_473,2,0,duke,0.5909302,train,2026,weighted,False
Breast_MRI_473_z010,Breast_MRI_473,2,0,duke,0.58296186,train,2026,weighted,False
Breast_MRI_473_z011,Breast_MRI_473,2,0,duke,0.5856424,train,2026,weighted,False
Breast_MRI_473_z012,Breast_MRI_473,2,0,duke,0.5846338,train,2026,weighted,False
Breast_MRI_473_z013,Breast_MRI_473,2,0,duke,0.5566588,train,2026,weighted,False
Breast_MRI_473_z014,Breast_MRI_473,2,0,duke,0.53429186,train,2026,weighted,False
Breast_MRI_473_z015,Breast_MRI_473,2,0,duke,0.53801787,train,2026,weighted,False
Breast_MRI_501_z012,Breast_MRI_501,2,1,duke,0.29920667,train,2026,weighted,False
Breast_MRI_501_z013,Breast_MRI_501,2,1,duke,0.2987228,train,2026,weighted,False
Breast_MRI_501_z014,Breast_MRI_501,2,1,duke,0.29783145,train,2026,weighted,False
Breast_MRI_501_z015,Breast_MRI_501,2,1,duke,0.29780704,train,2026,weighted,False
Breast_MRI_501_z016,Breast_MRI_501,2,1,duke,0.2976305,train,2026,weighted,False
Breast_MRI_501_z017,Breast_MRI_501,2,1,duke,0.29657283,train,2026,weighted,False
Breast_MRI_501_z018,Breast_MRI_501,2,1,duke,0.2968258,train,2026,weighted,False
Breast_MRI_501_z019,Breast_MRI_501,2,1,duke,0.29699874,train,2026,weighted,False
Breast_MRI_501_z020,Breast_MRI_501,2,1,duke,0.2988518,train,2026,weighted,False
Breast_MRI_501_z021,Breast_MRI_501,2,1,duke,0.29937822,train,2026,weighted,False
Breast_MRI_512_z016,Breast_MRI_512,2,1,duke,0.2120126,train,2026,weighted,False
Breast_MRI_512_z017,Breast_MRI_512,2,1,duke,0.2087366,train,2026,weighted,False
Breast_MRI_512_z018,Breast_MRI_512,2,1,duke,0.21009745,train,2026,weighted,False
Breast_MRI_512_z019,Breast_MRI_512,2,1,duke,0.2104435,train,2026,weighted,False
Breast_MRI_512_z020,Breast_MRI_512,2,1,duke,0.2080133,train,2026,weighted,False
Breast_MRI_512_z021,Breast_MRI_512,2,1,duke,0.21008538,train,2026,weighted,False
Breast_MRI_512_z022,Breast_MRI_512,2,1,duke,0.20970312,train,2026,weighted,False
Breast_MRI_512_z023,Breast_MRI_512,2,1,duke,0.20990445,train,2026,weighted,False
Breast_MRI_512_z024,Breast_MRI_512,2,1,duke,0.21456,train,2026,weighted,False
Breast_MRI_512_z025,Breast_MRI_512,2,1,duke,0.21210437,train,2026,weighted,False
Breast_MRI_534_z015,Breast_MRI_534,2,0,duke,0.36502123,train,2026,weighted,False
Breast_MRI_534_z016,Breast_MRI_534,2,0,duke,0.36327392,train,2026,weighted,False
Breast_MRI_534_z017,Breast_MRI_534,2,0,duke,0.3609388,train,2026,weighted,False
Breast_MRI_534_z018,Breast_MRI_534,2,0,duke,0.36070007,train,2026,weighted,False
Breast_MRI_534_z019,Breast_MRI_534,2,0,duke,0.34909013,train,2026,weighted,False
Breast_MRI_534_z020,Breast_MRI_534,2,0,duke,0.3433867,train,2026,weighted,False
Breast_MRI_534_z021,Breast_MRI_534,2,0,duke,0.3412982,train,2026,weighted,False
Breast_MRI_534_z022,Breast_MRI_534,2,0,duke,0.33874756,train,2026,weighted,False
Breast_MRI_534_z023,Breast_MRI_534,2,0,duke,0.33546302,train,2026,weighted,False
Breast_MRI_534_z024,Breast_MRI_534,2,0,duke,0.32789624,train,2026,weighted,False
Breast_MRI_560_z010,Breast_MRI_560,2,0,duke,0.25389358,train,2026,weighted,False
Breast_MRI_560_z011,Breast_MRI_560,2,0,duke,0.22469454,train,2026,weighted,False
Breast_MRI_560_z012,Breast_MRI_560,2,0,duke,0.19321638,train,2026,weighted,False
Breast_MRI_560_z013,Breast_MRI_560,2,0,duke,0.1700488,train,2026,weighted,False
Breast_MRI_560_z014,Breast_MRI_560,2,0,duke,0.14378391,train,2026,weighted,False
Breast_MRI_560_z015,Breast_MRI_560,2,0,duke,0.11869892,train,2026,weighted,False
Breast_MRI_560_z016,Breast_MRI_560,2,0,duke,0.1012895,train,2026,weighted,False
Breast_MRI_560_z017,Breast_MRI_560,2,0,duke,0.090614766,train,2026,weighted,False
Breast_MRI_560_z018,Breast_MRI_560,2,0,duke,0.082409255,train,2026,weighted,False
Breast_MRI_560_z019,Breast_MRI_560,2,0,duke,0.078647874,train,2026,weighted,False
Breast_MRI_573_z010,Breast_MRI_573,2,0,duke,0.17932191,train,2026,weighted,False
Breast_MRI_573_z011,Breast_MRI_573,2,0,duke,0.17093225,train,2026,weighted,False
Breast_MRI_573_z012,Breast_MRI_573,2,0,duke,0.17089774,train,2026,weighted,False
Breast_MRI_573_z013,Breast_MRI_573,2,0,duke,0.16685958,train,2026,weighted,False
Breast_MRI_573_z014,Breast_MRI_573,2,0,duke,0.18194692,train,2026,weighted,False
Breast_MRI_573_z015,Breast_MRI_573,2,0,duke,0.20055424,train,2026,weighted,False
Breast_MRI_573_z016,Breast_MRI_573,2,0,duke,0.20515224,train,2026,weighted,False
Breast_MRI_573_z017,Breast_MRI_573,2,0,duke,0.20998335,train,2026,weighted,False
Breast_MRI_573_z018,Breast_MRI_573,2,0,duke,0.21872368,train,2026,weighted,False
Breast_MRI_573_z019,Breast_MRI_573,2,0,duke,0.22438821,train,2026,weighted,False
Breast_MRI_596_z003,Breast_MRI_596,2,0,duke,0.14231348,train,2026,weighted,False
Breast_MRI_596_z004,Breast_MRI_596,2,0,duke,0.14303748,train,2026,weighted,False
Breast_MRI_596_z005,Breast_MRI_596,2,0,duke,0.14175582,train,2026,weighted,False
Breast_MRI_596_z006,Breast_MRI_596,2,0,duke,0.1374522,train,2026,weighted,False
Breast_MRI_596_z007,Breast_MRI_596,2,0,duke,0.13808356,train,2026,weighted,False
Breast_MRI_596_z008,Breast_MRI_596,2,0,duke,0.1421345,train,2026,weighted,False
Breast_MRI_596_z009,Breast_MRI_596,2,0,duke,0.13566913,train,2026,weighted,False
Breast_MRI_596_z010,Breast_MRI_596,2,0,duke,0.13742867,train,2026,weighted,False
Breast_MRI_596_z011,Breast_MRI_596,2,0,duke,0.14146656,train,2026,weighted,False
Breast_MRI_596_z012,Breast_MRI_596,2,0,duke,0.13866234,train,2026,weighted,False
Breast_MRI_610_z002,Breast_MRI_610,2,0,duke,0.62263906,train,2026,weighted,False
Breast_MRI_610_z003,Breast_MRI_610,2,0,duke,0.62814814,train,2026,weighted,False
Breast_MRI_610_z004,Breast_MRI_610,2,0,duke,0.62924194,train,2026,weighted,False
Breast_MRI_610_z005,Breast_MRI_610,2,0,duke,0.6299948,train,2026,weighted,False
Breast_MRI_610_z006,Breast_MRI_610,2,0,duke,0.6305552,train,2026,weighted,False
Breast_MRI_610_z007,Breast_MRI_610,2,0,duke,0.63122284,train,2026,weighted,False
Breast_MRI_610_z008,Breast_MRI_610,2,0,duke,0.63090366,train,2026,weighted,False
Breast_MRI_610_z009,Breast_MRI_610,2,0,duke,0.6297201,train,2026,weighted,False
Breast_MRI_610_z010,Breast_MRI_610,2,0,duke,0.62891513,train,2026,weighted,False
Breast_MRI_610_z011,Breast_MRI_610,2,0,duke,0.6284051,train,2026,weighted,False
Breast_MRI_615_z009,Breast_MRI_615,2,1,duke,0.41459474,train,2026,weighted,False
Breast_MRI_615_z010,Breast_MRI_615,2,1,duke,0.41446093,train,2026,weighted,False
Breast_MRI_615_z011,Breast_MRI_615,2,1,duke,0.4101456,train,2026,weighted,False
Breast_MRI_615_z012,Breast_MRI_615,2,1,duke,0.40944383,train,2026,weighted,False
Breast_MRI_615_z013,Breast_MRI_615,2,1,duke,0.39940095,train,2026,weighted,False
Breast_MRI_615_z014,Breast_MRI_615,2,1,duke,0.40442908,train,2026,weighted,False
Breast_MRI_615_z015,Breast_MRI_615,2,1,duke,0.39883152,train,2026,weighted,False
Breast_MRI_615_z016,Breast_MRI_615,2,1,duke,0.3887956,train,2026,weighted,False
Breast_MRI_615_z017,Breast_MRI_615,2,1,duke,0.39196202,train,2026,weighted,False
Breast_MRI_615_z018,Breast_MRI_615,2,1,duke,0.39189142,train,2026,weighted,False
Breast_MRI_642_z007,Breast_MRI_642,2,0,duke,0.46942174,train,2026,weighted,False
Breast_MRI_642_z008,Breast_MRI_642,2,0,duke,0.45894924,train,2026,weighted,False
Breast_MRI_642_z009,Breast_MRI_642,2,0,duke,0.473327,train,2026,weighted,False
Breast_MRI_642_z010,Breast_MRI_642,2,0,duke,0.49388233,train,2026,weighted,False
Breast_MRI_642_z011,Breast_MRI_642,2,0,duke,0.5040892,train,2026,weighted,False
Breast_MRI_642_z012,Breast_MRI_642,2,0,duke,0.5092229,train,2026,weighted,False
Breast_MRI_642_z013,Breast_MRI_642,2,0,duke,0.5042121,train,2026,weighted,False
Breast_MRI_642_z014,Breast_MRI_642,2,0,duke,0.4983378,train,2026,weighted,False
Breast_MRI_642_z015,Breast_MRI_642,2,0,duke,0.5074129,train,2026,weighted,False
Breast_MRI_642_z016,Breast_MRI_642,2,0,duke,0.5110667,train,2026,weighted,False
Breast_MRI_650_z008,Breast_MRI_650,2,0,duke,0.32599208,train,2026,weighted,False
Breast_MRI_650_z009,Breast_MRI_650,2,0,duke,0.33004037,train,2026,weighted,False
Breast_MRI_650_z010,Breast_MRI_650,2,0,duke,0.3312727,train,2026,weighted,False
Breast_MRI_650_z011,Breast_MRI_650,2,0,duke,0.32794717,train,2026,weighted,False
Breast_MRI_650_z012,Breast_MRI_650,2,0,duke,0.3230943,train,2026,weighted,False
Breast_MRI_650_z013,Breast_MRI_650,2,0,duke,0.31915635,train,2026,weighted,False
Breast_MRI_650_z014,Breast_MRI_650,2,0,duke,0.33209383,train,2026,weighted,False
Breast_MRI_650_z015,Breast_MRI_650,2,0,duke,0.3288881,train,2026,weighted,False
Breast_MRI_650_z016,Breast_MRI_650,2,0,duke,0.3126358,train,2026,weighted,False
Breast_MRI_650_z017,Breast_MRI_650,2,0,duke,0.31684458,train,2026,weighted,False
Breast_MRI_662_z003,Breast_MRI_662,2,0,duke,0.42967466,train,2026,weighted,False
Breast_MRI_662_z004,Breast_MRI_662,2,0,duke,0.42795718,train,2026,weighted,False
Breast_MRI_662_z005,Breast_MRI_662,2,0,duke,0.4390139,train,2026,weighted,False
Breast_MRI_662_z006,Breast_MRI_662,2,0,duke,0.45494378,train,2026,weighted,False
Breast_MRI_662_z007,Breast_MRI_662,2,0,duke,0.44575727,train,2026,weighted,False
Breast_MRI_662_z008,Breast_MRI_662,2,0,duke,0.44601342,train,2026,weighted,False
Breast_MRI_662_z009,Breast_MRI_662,2,0,duke,0.4489952,train,2026,weighted,False
Breast_MRI_662_z010,Breast_MRI_662,2,0,duke,0.44942015,train,2026,weighted,False
Breast_MRI_662_z011,Breast_MRI_662,2,0,duke,0.43292618,train,2026,weighted,False
Breast_MRI_662_z012,Breast_MRI_662,2,0,duke,0.41273904,train,2026,weighted,False
Breast_MRI_684_z004,Breast_MRI_684,2,0,duke,0.2670823,train,2026,weighted,False
Breast_MRI_684_z005,Breast_MRI_684,2,0,duke,0.26012263,train,2026,weighted,False
Breast_MRI_684_z006,Breast_MRI_684,2,0,duke,0.25420064,train,2026,weighted,False
Breast_MRI_684_z007,Breast_MRI_684,2,0,duke,0.25053048,train,2026,weighted,False
Breast_MRI_684_z008,Breast_MRI_684,2,0,duke,0.2508616,train,2026,weighted,False
Breast_MRI_684_z009,Breast_MRI_684,2,0,duke,0.25775185,train,2026,weighted,False
Breast_MRI_684_z010,Breast_MRI_684,2,0,duke,0.2524563,train,2026,weighted,False
Breast_MRI_684_z011,Breast_MRI_684,2,0,duke,0.25009978,train,2026,weighted,False
Breast_MRI_684_z012,Breast_MRI_684,2,0,duke,0.25497898,train,2026,weighted,False
Breast_MRI_684_z013,Breast_MRI_684,2,0,duke,0.26782212,train,2026,weighted,False
Breast_MRI_705_z008,Breast_MRI_705,2,0,duke,0.1886802,train,2026,weighted,False
Breast_MRI_705_z009,Breast_MRI_705,2,0,duke,0.19090043,train,2026,weighted,False
Breast_MRI_705_z010,Breast_MRI_705,2,0,duke,0.18975677,train,2026,weighted,False
Breast_MRI_705_z011,Breast_MRI_705,2,0,duke,0.19018339,train,2026,weighted,False
Breast_MRI_705_z012,Breast_MRI_705,2,0,duke,0.18592954,train,2026,weighted,False
Breast_MRI_705_z013,Breast_MRI_705,2,0,duke,0.18446976,train,2026,weighted,False
Breast_MRI_705_z014,Breast_MRI_705,2,0,duke,0.19007471,train,2026,weighted,False
Breast_MRI_705_z015,Breast_MRI_705,2,0,duke,0.19177131,train,2026,weighted,False
Breast_MRI_705_z016,Breast_MRI_705,2,0,duke,0.18782039,train,2026,weighted,False
Breast_MRI_705_z017,Breast_MRI_705,2,0,duke,0.17809784,train,2026,weighted,False
Breast_MRI_757_z010,Breast_MRI_757,2,0,duke,0.6846984,train,2026,weighted,False
Breast_MRI_757_z011,Breast_MRI_757,2,0,duke,0.6829252,train,2026,weighted,False
Breast_MRI_757_z012,Breast_MRI_757,2,0,duke,0.68340516,train,2026,weighted,False
Breast_MRI_757_z013,Breast_MRI_757,2,0,duke,0.68319595,train,2026,weighted,False
Breast_MRI_757_z014,Breast_MRI_757,2,0,duke,0.683311,train,2026,weighted,False
Breast_MRI_757_z015,Breast_MRI_757,2,0,duke,0.68203473,train,2026,weighted,False
Breast_MRI_757_z016,Breast_MRI_757,2,0,duke,0.6818079,train,2026,weighted,False
Breast_MRI_757_z017,Breast_MRI_757,2,0,duke,0.6808916,train,2026,weighted,False
Breast_MRI_757_z018,Breast_MRI_757,2,0,duke,0.6781023,train,2026,weighted,False
Breast_MRI_757_z019,Breast_MRI_757,2,0,duke,0.67293817,train,2026,weighted,False
Breast_MRI_762_z016,Breast_MRI_762,2,0,duke,0.5717029,train,2026,weighted,False
Breast_MRI_762_z017,Breast_MRI_762,2,0,duke,0.5730871,train,2026,weighted,False
Breast_MRI_762_z018,Breast_MRI_762,2,0,duke,0.57608646,train,2026,weighted,False
Breast_MRI_762_z019,Breast_MRI_762,2,0,duke,0.5750613,train,2026,weighted,False
Breast_MRI_762_z020,Breast_MRI_762,2,0,duke,0.56975526,train,2026,weighted,False
Breast_MRI_762_z021,Breast_MRI_762,2,0,duke,0.56568116,train,2026,weighted,False
Breast_MRI_762_z022,Breast_MRI_762,2,0,duke,0.5606387,train,2026,weighted,False
Breast_MRI_762_z023,Breast_MRI_762,2,0,duke,0.55904764,train,2026,weighted,False
Breast_MRI_762_z024,Breast_MRI_762,2,0,duke,0.5683796,train,2026,weighted,False
Breast_MRI_762_z025,Breast_MRI_762,2,0,duke,0.5716616,train,2026,weighted,False
Breast_MRI_812_z007,Breast_MRI_812,2,1,duke,0.55653787,train,2026,weighted,False
Breast_MRI_812_z008,Breast_MRI_812,2,1,duke,0.5570637,train,2026,weighted,False
Breast_MRI_812_z009,Breast_MRI_812,2,1,duke,0.5570846,train,2026,weighted,False
Breast_MRI_812_z010,Breast_MRI_812,2,1,duke,0.55669796,train,2026,weighted,False
Breast_MRI_812_z011,Breast_MRI_812,2,1,duke,0.5551087,train,2026,weighted,False
Breast_MRI_812_z012,Breast_MRI_812,2,1,duke,0.5565157,train,2026,weighted,False
Breast_MRI_812_z013,Breast_MRI_812,2,1,duke,0.55570644,train,2026,weighted,False
Breast_MRI_812_z014,Breast_MRI_812,2,1,duke,0.5552111,train,2026,weighted,False
Breast_MRI_812_z015,Breast_MRI_812,2,1,duke,0.5538435,train,2026,weighted,False
Breast_MRI_812_z016,Breast_MRI_812,2,1,duke,0.55264395,train,2026,weighted,False
Breast_MRI_836_z002,Breast_MRI_836,2,0,duke,0.39176542,train,2026,weighted,False
Breast_MRI_836_z003,Breast_MRI_836,2,0,duke,0.39231083,train,2026,weighted,False
Breast_MRI_836_z004,Breast_MRI_836,2,0,duke,0.38978216,train,2026,weighted,False
Breast_MRI_836_z005,Breast_MRI_836,2,0,duke,0.39008203,train,2026,weighted,False
Breast_MRI_836_z006,Breast_MRI_836,2,0,duke,0.39353237,train,2026,weighted,False
Breast_MRI_836_z007,Breast_MRI_836,2,0,duke,0.3941383,train,2026,weighted,False
Breast_MRI_857_z016,Breast_MRI_857,2,0,duke,0.17560263,train,2026,weighted,False
Breast_MRI_857_z017,Breast_MRI_857,2,0,duke,0.17946918,train,2026,weighted,False
Breast_MRI_857_z018,Breast_MRI_857,2,0,duke,0.17483898,train,2026,weighted,False
Breast_MRI_857_z019,Breast_MRI_857,2,0,duke,0.17791922,train,2026,weighted,False
Breast_MRI_857_z020,Breast_MRI_857,2,0,duke,0.17598425,train,2026,weighted,False
Breast_MRI_857_z021,Breast_MRI_857,2,0,duke,0.18257652,train,2026,weighted,False
Breast_MRI_857_z022,Breast_MRI_857,2,0,duke,0.18470657,train,2026,weighted,False
Breast_MRI_857_z023,Breast_MRI_857,2,0,duke,0.17121366,train,2026,weighted,False
Breast_MRI_857_z024,Breast_MRI_857,2,0,duke,0.17408636,train,2026,weighted,False
Breast_MRI_857_z025,Breast_MRI_857,2,0,duke,0.17474161,train,2026,weighted,False
Breast_MRI_879_z024,Breast_MRI_879,2,0,duke,0.42946318,train,2026,weighted,False
Breast_MRI_879_z025,Breast_MRI_879,2,0,duke,0.4234196,train,2026,weighted,False
Breast_MRI_879_z026,Breast_MRI_879,2,0,duke,0.43377328,train,2026,weighted,False
Breast_MRI_879_z027,Breast_MRI_879,2,0,duke,0.4464215,train,2026,weighted,False
Breast_MRI_879_z028,Breast_MRI_879,2,0,duke,0.45204014,train,2026,weighted,False
Breast_MRI_879_z029,Breast_MRI_879,2,0,duke,0.4526151,train,2026,weighted,False
Breast_MRI_879_z030,Breast_MRI_879,2,0,duke,0.45529965,train,2026,weighted,False
Breast_MRI_879_z031,Breast_MRI_879,2,0,duke,0.4558054,train,2026,weighted,False
Breast_MRI_879_z032,Breast_MRI_879,2,0,duke,0.4538483,train,2026,weighted,False
Breast_MRI_879_z033,Breast_MRI_879,2,0,duke,0.4517738,train,2026,weighted,False
Breast_MRI_900_z007,Breast_MRI_900,2,0,duke,0.14915377,train,2026,weighted,False
Breast_MRI_900_z008,Breast_MRI_900,2,0,duke,0.14208427,train,2026,weighted,False
Breast_MRI_900_z009,Breast_MRI_900,2,0,duke,0.14219324,train,2026,weighted,False
Breast_MRI_900_z010,Breast_MRI_900,2,0,duke,0.1440177,train,2026,weighted,False
Breast_MRI_900_z011,Breast_MRI_900,2,0,duke,0.14233,train,2026,weighted,False
Breast_MRI_900_z012,Breast_MRI_900,2,0,duke,0.1447195,train,2026,weighted,False
Breast_MRI_900_z013,Breast_MRI_900,2,0,duke,0.1491348,train,2026,weighted,False
Breast_MRI_900_z014,Breast_MRI_900,2,0,duke,0.15292408,train,2026,weighted,False
Breast_MRI_900_z015,Breast_MRI_900,2,0,duke,0.15141323,train,2026,weighted,False
Breast_MRI_900_z016,Breast_MRI_900,2,0,duke,0.15362227,train,2026,weighted,False
ISPY2-809037_z006,ISPY2-809037,2,0,spy2,0.27701053,train,2026,weighted,False
ISPY2-809037_z007,ISPY2-809037,2,0,spy2,0.2769927,train,2026,weighted,False
ISPY2-809037_z008,ISPY2-809037,2,0,spy2,0.28024742,train,2026,weighted,False
ISPY2-809037_z009,ISPY2-809037,2,0,spy2,0.28257355,train,2026,weighted,False
ISPY2-809037_z010,ISPY2-809037,2,0,spy2,0.2799025,train,2026,weighted,False
ISPY2-809037_z011,ISPY2-809037,2,0,spy2,0.27640393,train,2026,weighted,False
ISPY2-809037_z012,ISPY2-809037,2,0,spy2,0.27391067,train,2026,weighted,False
ISPY2-809037_z013,ISPY2-809037,2,0,spy2,0.27017543,train,2026,weighted,False
ISPY2-809037_z014,ISPY2-809037,2,0,spy2,0.272168,train,2026,weighted,False
ISPY2-809037_z015,ISPY2-809037,2,0,spy2,0.27123922,train,2026,weighted,False
ACRIN-6698-107700_z013,ACRIN-6698-107700,2,0,spy2,0.47231814,train,2026,weighted,False
ACRIN-6698-107700_z014,ACRIN-6698-107700,2,0,spy2,0.49158794,train,2026,weighted,False
ACRIN-6698-107700_z015,ACRIN-6698-107700,2,0,spy2,0.4963469,train,2026,weighted,False
ACRIN-6698-107700_z016,ACRIN-6698-107700,2,0,spy2,0.49483517,train,2026,weighted,False
ACRIN-6698-107700_z017,ACRIN-6698-107700,2,0,spy2,0.4912433,train,2026,weighted,False
ACRIN-6698-107700_z018,ACRIN-6698-107700,2,0,spy2,0.48659486,train,2026,weighted,False
ACRIN-6698-107700_z019,ACRIN-6698-107700,2,0,spy2,0.4863415,train,2026,weighted,False
ACRIN-6698-107700_z020,ACRIN-6698-107700,2,0,spy2,0.4887817,train,2026,weighted,False
ACRIN-6698-107700_z021,ACRIN-6698-107700,2,0,spy2,0.48827857,train,2026,weighted,False
ACRIN-6698-107700_z022,ACRIN-6698-107700,2,0,spy2,0.48631597,train,2026,weighted,False
ISPY2-815421_z019,ISPY2-815421,2,0,spy2,0.34138623,train,2026,weighted,False
ISPY2-815421_z020,ISPY2-815421,2,0,spy2,0.3454274,train,2026,weighted,False
ISPY2-815421_z021,ISPY2-815421,2,0,spy2,0.34542018,train,2026,weighted,False
ISPY2-815421_z022,ISPY2-815421,2,0,spy2,0.3489792,train,2026,weighted,False
ISPY2-815421_z023,ISPY2-815421,2,0,spy2,0.35032308,train,2026,weighted,False
ISPY2-815421_z024,ISPY2-815421,2,0,spy2,0.3491245,train,2026,weighted,False
ISPY2-815421_z025,ISPY2-815421,2,0,spy2,0.34978086,train,2026,weighted,False
ISPY2-815421_z026,ISPY2-815421,2,0,spy2,0.35367408,train,2026,weighted,False
ISPY2-815421_z027,ISPY2-815421,2,0,spy2,0.35654286,train,2026,weighted,False
ISPY2-815421_z028,ISPY2-815421,2,0,spy2,0.3558039,train,2026,weighted,False
ISPY2-609897_z005,ISPY2-609897,2,0,spy2,0.32924291,train,2026,weighted,False
ISPY2-609897_z006,ISPY2-609897,2,0,spy2,0.3404058,train,2026,weighted,False
ISPY2-609897_z007,ISPY2-609897,2,0,spy2,0.34424567,train,2026,weighted,False
ISPY2-609897_z008,ISPY2-609897,2,0,spy2,0.34856403,train,2026,weighted,False
ISPY2-609897_z009,ISPY2-609897,2,0,spy2,0.34729794,train,2026,weighted,False
ISPY2-609897_z010,ISPY2-609897,2,0,spy2,0.34494114,train,2026,weighted,False
ISPY2-609897_z011,ISPY2-609897,2,0,spy2,0.34529907,train,2026,weighted,False
ISPY2-609897_z012,ISPY2-609897,2,0,spy2,0.34640864,train,2026,weighted,False
ISPY2-609897_z013,ISPY2-609897,2,0,spy2,0.34493285,train,2026,weighted,False
ISPY2-609897_z014,ISPY2-609897,2,0,spy2,0.34593198,train,2026,weighted,False
ISPY2-331192_z018,ISPY2-331192,2,1,spy2,0.221386,train,2026,weighted,False
ISPY2-331192_z019,ISPY2-331192,2,1,spy2,0.22395052,train,2026,weighted,False
ISPY2-331192_z020,ISPY2-331192,2,1,spy2,0.22121945,train,2026,weighted,False
ISPY2-331192_z021,ISPY2-331192,2,1,spy2,0.22359079,train,2026,weighted,False
ISPY2-331192_z022,ISPY2-331192,2,1,spy2,0.22389668,train,2026,weighted,False
ISPY2-331192_z025,ISPY2-331192,2,1,spy2,0.22294898,train,2026,weighted,False
ISPY2-331192_z026,ISPY2-331192,2,1,spy2,0.22071438,train,2026,weighted,False
ISPY2-331192_z027,ISPY2-331192,2,1,spy2,0.21692578,train,2026,weighted,False
ISPY2-331192_z028,ISPY2-331192,2,1,spy2,0.21783043,train,2026,weighted,False
ISPY2-331192_z029,ISPY2-331192,2,1,spy2,0.21855068,train,2026,weighted,False
ISPY2-541165_z010,ISPY2-541165,2,0,spy2,0.6403159,train,2026,weighted,False
ISPY2-541165_z011,ISPY2-541165,2,0,spy2,0.6388071,train,2026,weighted,False
ISPY2-541165_z012,ISPY2-541165,2,0,spy2,0.6369998,train,2026,weighted,False
ISPY2-541165_z013,ISPY2-541165,2,0,spy2,0.6352188,train,2026,weighted,False
ISPY2-541165_z014,ISPY2-541165,2,0,spy2,0.63265216,train,2026,weighted,False
ISPY2-541165_z015,ISPY2-541165,2,0,spy2,0.63062286,train,2026,weighted,False
ISPY2-541165_z016,ISPY2-541165,2,0,spy2,0.6284813,train,2026,weighted,False
ISPY2-541165_z017,ISPY2-541165,2,0,spy2,0.6244121,train,2026,weighted,False
ISPY2-541165_z018,ISPY2-541165,2,0,spy2,0.62399733,train,2026,weighted,False
ISPY2-541165_z019,ISPY2-541165,2,0,spy2,0.62337744,train,2026,weighted,False
ISPY2-802778_z006,ISPY2-802778,2,0,spy2,0.23248486,train,2026,weighted,False
ISPY2-802778_z007,ISPY2-802778,2,0,spy2,0.23275062,train,2026,weighted,False
ISPY2-802778_z008,ISPY2-802778,2,0,spy2,0.23310396,train,2026,weighted,False
ISPY2-802778_z009,ISPY2-802778,2,0,spy2,0.23442647,train,2026,weighted,False
ISPY2-802778_z010,ISPY2-802778,2,0,spy2,0.23422456,train,2026,weighted,False
ISPY2-802778_z011,ISPY2-802778,2,0,spy2,0.23421684,train,2026,weighted,False
ISPY2-802778_z012,ISPY2-802778,2,0,spy2,0.23500687,train,2026,weighted,False
ISPY2-802778_z013,ISPY2-802778,2,0,spy2,0.23504728,train,2026,weighted,False
ISPY2-802778_z014,ISPY2-802778,2,0,spy2,0.23505582,train,2026,weighted,False
ISPY2-802778_z015,ISPY2-802778,2,0,spy2,0.23439835,train,2026,weighted,False
ISPY2-794428_z017,ISPY2-794428,2,0,spy2,0.50426304,train,2026,weighted,False
ISPY2-794428_z018,ISPY2-794428,2,0,spy2,0.51452184,train,2026,weighted,False
ISPY2-794428_z019,ISPY2-794428,2,0,spy2,0.5295934,train,2026,weighted,False
ISPY2-794428_z020,ISPY2-794428,2,0,spy2,0.5323138,train,2026,weighted,False
ISPY2-794428_z021,ISPY2-794428,2,0,spy2,0.536286,train,2026,weighted,False
ISPY2-794428_z022,ISPY2-794428,2,0,spy2,0.5385424,train,2026,weighted,False
ISPY2-794428_z023,ISPY2-794428,2,0,spy2,0.53986806,train,2026,weighted,False
ISPY2-794428_z024,ISPY2-794428,2,0,spy2,0.54083043,train,2026,weighted,False
ISPY2-794428_z025,ISPY2-794428,2,0,spy2,0.5416582,train,2026,weighted,False
ISPY2-794428_z026,ISPY2-794428,2,0,spy2,0.54220784,train,2026,weighted,False
ISPY2-159284_z033,ISPY2-159284,2,0,spy2,0.53483504,train,2026,weighted,False
ISPY2-159284_z034,ISPY2-159284,2,0,spy2,0.5348793,train,2026,weighted,False
ISPY2-159284_z035,ISPY2-159284,2,0,spy2,0.5350646,train,2026,weighted,False
ISPY2-159284_z036,ISPY2-159284,2,0,spy2,0.53514457,train,2026,weighted,False
ISPY2-159284_z037,ISPY2-159284,2,0,spy2,0.53506917,train,2026,weighted,False
ISPY2-159284_z038,ISPY2-159284,2,0,spy2,0.5351773,train,2026,weighted,False
ISPY2-159284_z039,ISPY2-159284,2,0,spy2,0.53527594,train,2026,weighted,False
ISPY2-159284_z040,ISPY2-159284,2,0,spy2,0.5352758,train,2026,weighted,False
ISPY2-159284_z041,ISPY2-159284,2,0,spy2,0.53546655,train,2026,weighted,False
ISPY2-159284_z042,ISPY2-159284,2,0,spy2,0.53549683,train,2026,weighted,False
ISPY2-111646_z010,ISPY2-111646,2,0,spy2,0.2085556,train,2026,weighted,False
ISPY2-111646_z011,ISPY2-111646,2,0,spy2,0.20846187,train,2026,weighted,False
ISPY2-111646_z012,ISPY2-111646,2,0,spy2,0.20846188,train,2026,weighted,False
ISPY2-111646_z013,ISPY2-111646,2,0,spy2,0.20850083,train,2026,weighted,False
ISPY2-111646_z014,ISPY2-111646,2,0,spy2,0.20839788,train,2026,weighted,False
ISPY2-111646_z020,ISPY2-111646,2,0,spy2,0.20854713,train,2026,weighted,False
ISPY2-111646_z021,ISPY2-111646,2,0,spy2,0.20843974,train,2026,weighted,False
ISPY2-111646_z025,ISPY2-111646,2,0,spy2,0.20348828,train,2026,weighted,False
ISPY2-111646_z026,ISPY2-111646,2,0,spy2,0.2036692,train,2026,weighted,False
ISPY2-111646_z027,ISPY2-111646,2,0,spy2,0.20436323,train,2026,weighted,False
ISPY2-515284_z021,ISPY2-515284,2,0,spy2,0.65487945,train,2026,weighted,False
ISPY2-515284_z022,ISPY2-515284,2,0,spy2,0.65624243,train,2026,weighted,False
ISPY2-515284_z023,ISPY2-515284,2,0,spy2,0.65802723,train,2026,weighted,False
ISPY2-515284_z025,ISPY2-515284,2,0,spy2,0.65398604,train,2026,weighted,False
ISPY2-515284_z027,ISPY2-515284,2,0,spy2,0.6409425,train,2026,weighted,False
ISPY2-515284_z028,ISPY2-515284,2,0,spy2,0.6442661,train,2026,weighted,False
ISPY2-515284_z029,ISPY2-515284,2,0,spy2,0.62679166,train,2026,weighted,False
ISPY2-515284_z030,ISPY2-515284,2,0,spy2,0.6201672,train,2026,weighted,False
ISPY2-515284_z031,ISPY2-515284,2,0,spy2,0.6174541,train,2026,weighted,False
ISPY2-515284_z032,ISPY2-515284,2,0,spy2,0.6236555,train,2026,weighted,False
ACRIN-6698-845783_z005,ACRIN-6698-845783,2,1,spy2,0.3880232,train,2026,weighted,False
ACRIN-6698-845783_z006,ACRIN-6698-845783,2,1,spy2,0.359728,train,2026,weighted,False
ACRIN-6698-845783_z007,ACRIN-6698-845783,2,1,spy2,0.33690503,train,2026,weighted,False
ACRIN-6698-845783_z008,ACRIN-6698-845783,2,1,spy2,0.34171826,train,2026,weighted,False
ACRIN-6698-845783_z009,ACRIN-6698-845783,2,1,spy2,0.35639194,train,2026,weighted,False
ACRIN-6698-845783_z010,ACRIN-6698-845783,2,1,spy2,0.35273823,train,2026,weighted,False
ACRIN-6698-845783_z011,ACRIN-6698-845783,2,1,spy2,0.33324444,train,2026,weighted,False
ACRIN-6698-845783_z012,ACRIN-6698-845783,2,1,spy2,0.3152346,train,2026,weighted,False
ACRIN-6698-845783_z013,ACRIN-6698-845783,2,1,spy2,0.2709902,train,2026,weighted,False
ACRIN-6698-845783_z014,ACRIN-6698-845783,2,1,spy2,0.2640713,train,2026,weighted,False
ISPY2-483910_z026,ISPY2-483910,2,0,spy2,0.53526276,train,2026,weighted,False
ISPY2-483910_z027,ISPY2-483910,2,0,spy2,0.5357035,train,2026,weighted,False
ISPY2-483910_z050,ISPY2-483910,2,0,spy2,0.5394517,train,2026,weighted,False
ISPY2-483910_z051,ISPY2-483910,2,0,spy2,0.5394578,train,2026,weighted,False
ISPY2-483910_z052,ISPY2-483910,2,0,spy2,0.53948,train,2026,weighted,False
ISPY2-483910_z053,ISPY2-483910,2,0,spy2,0.5395187,train,2026,weighted,False
ISPY2-483910_z054,ISPY2-483910,2,0,spy2,0.5395365,train,2026,weighted,False
ISPY2-483910_z055,ISPY2-483910,2,0,spy2,0.5395302,train,2026,weighted,False
ISPY2-483910_z056,ISPY2-483910,2,0,spy2,0.5395255,train,2026,weighted,False
ISPY2-483910_z057,ISPY2-483910,2,0,spy2,0.5395349,train,2026,weighted,False
ISPY2-425173_z010,ISPY2-425173,2,1,spy2,0.25229636,train,2026,weighted,False
ISPY2-425173_z011,ISPY2-425173,2,1,spy2,0.2523149,train,2026,weighted,False
ISPY2-425173_z012,ISPY2-425173,2,1,spy2,0.25232205,train,2026,weighted,False
ISPY2-425173_z013,ISPY2-425173,2,1,spy2,0.2522754,train,2026,weighted,False
ISPY2-425173_z014,ISPY2-425173,2,1,spy2,0.25223273,train,2026,weighted,False
ISPY2-425173_z015,ISPY2-425173,2,1,spy2,0.25224292,train,2026,weighted,False
ISPY2-425173_z016,ISPY2-425173,2,1,spy2,0.25224775,train,2026,weighted,False
ISPY2-425173_z017,ISPY2-425173,2,1,spy2,0.2522306,train,2026,weighted,False
ISPY2-425173_z018,ISPY2-425173,2,1,spy2,0.25226536,train,2026,weighted,False
ISPY2-425173_z019,ISPY2-425173,2,1,spy2,0.25224724,train,2026,weighted,False
ACRIN-6698-277888_z014,ACRIN-6698-277888,2,1,spy2,0.2993633,train,2026,weighted,False
ACRIN-6698-277888_z015,ACRIN-6698-277888,2,1,spy2,0.30138245,train,2026,weighted,False
ACRIN-6698-277888_z016,ACRIN-6698-277888,2,1,spy2,0.30204156,train,2026,weighted,False
ACRIN-6698-277888_z017,ACRIN-6698-277888,2,1,spy2,0.30274054,train,2026,weighted,False
ACRIN-6698-277888_z018,ACRIN-6698-277888,2,1,spy2,0.30315933,train,2026,weighted,False
ACRIN-6698-277888_z019,ACRIN-6698-277888,2,1,spy2,0.3024611,train,2026,weighted,False
ACRIN-6698-277888_z020,ACRIN-6698-277888,2,1,spy2,0.3013299,train,2026,weighted,False
ACRIN-6698-277888_z021,ACRIN-6698-277888,2,1,spy2,0.3001389,train,2026,weighted,False
ACRIN-6698-277888_z022,ACRIN-6698-277888,2,1,spy2,0.29931906,train,2026,weighted,False
ACRIN-6698-277888_z023,ACRIN-6698-277888,2,1,spy2,0.2990534,train,2026,weighted,False
ACRIN-6698-220471_z013,ACRIN-6698-220471,2,0,spy2,0.84420973,train,2026,weighted,False
ACRIN-6698-220471_z014,ACRIN-6698-220471,2,0,spy2,0.83738446,train,2026,weighted,False
ACRIN-6698-220471_z015,ACRIN-6698-220471,2,0,spy2,0.8323608,train,2026,weighted,False
ACRIN-6698-220471_z016,ACRIN-6698-220471,2,0,spy2,0.8319893,train,2026,weighted,False
ACRIN-6698-220471_z017,ACRIN-6698-220471,2,0,spy2,0.83354414,train,2026,weighted,False
ACRIN-6698-220471_z018,ACRIN-6698-220471,2,0,spy2,0.83236355,train,2026,weighted,False
ACRIN-6698-220471_z019,ACRIN-6698-220471,2,0,spy2,0.8292371,train,2026,weighted,False
ACRIN-6698-220471_z020,ACRIN-6698-220471,2,0,spy2,0.826439,train,2026,weighted,False
ACRIN-6698-220471_z021,ACRIN-6698-220471,2,0,spy2,0.8285331,train,2026,weighted,False
ACRIN-6698-220471_z022,ACRIN-6698-220471,2,0,spy2,0.8376444,train,2026,weighted,False
ISPY2-326202_z012,ISPY2-326202,2,0,spy2,0.28667685,train,2026,weighted,False
ISPY2-326202_z013,ISPY2-326202,2,0,spy2,0.286695,train,2026,weighted,False
ISPY2-326202_z014,ISPY2-326202,2,0,spy2,0.28672394,train,2026,weighted,False
ISPY2-326202_z015,ISPY2-326202,2,0,spy2,0.28674448,train,2026,weighted,False
ISPY2-326202_z016,ISPY2-326202,2,0,spy2,0.2867941,train,2026,weighted,False
ISPY2-326202_z017,ISPY2-326202,2,0,spy2,0.28684443,train,2026,weighted,False
ISPY2-326202_z018,ISPY2-326202,2,0,spy2,0.2869107,train,2026,weighted,False
ISPY2-326202_z019,ISPY2-326202,2,0,spy2,0.28699115,train,2026,weighted,False
ISPY2-326202_z020,ISPY2-326202,2,0,spy2,0.2870518,train,2026,weighted,False
ISPY2-326202_z021,ISPY2-326202,2,0,spy2,0.28707647,train,2026,weighted,False
ISPY2-916586_z021,ISPY2-916586,2,0,spy2,0.2465557,train,2026,weighted,False
ISPY2-916586_z022,ISPY2-916586,2,0,spy2,0.24074794,train,2026,weighted,False
ISPY2-916586_z023,ISPY2-916586,2,0,spy2,0.24555814,train,2026,weighted,False
ISPY2-916586_z024,ISPY2-916586,2,0,spy2,0.24960253,train,2026,weighted,False
ISPY2-916586_z025,ISPY2-916586,2,0,spy2,0.25055528,train,2026,weighted,False
ISPY2-916586_z026,ISPY2-916586,2,0,spy2,0.24731319,train,2026,weighted,False
ISPY2-916586_z027,ISPY2-916586,2,0,spy2,0.24504958,train,2026,weighted,False
ISPY2-916586_z028,ISPY2-916586,2,0,spy2,0.24352607,train,2026,weighted,False
ISPY2-916586_z029,ISPY2-916586,2,0,spy2,0.24571411,train,2026,weighted,False
ISPY2-916586_z034,ISPY2-916586,2,0,spy2,0.24826415,train,2026,weighted,False
ISPY2-120001_z003,ISPY2-120001,2,0,spy2,0.6061686,train,2026,weighted,False
ISPY2-120001_z004,ISPY2-120001,2,0,spy2,0.60221356,train,2026,weighted,False
ISPY2-120001_z005,ISPY2-120001,2,0,spy2,0.601827,train,2026,weighted,False
ISPY2-120001_z014,ISPY2-120001,2,0,spy2,0.6129339,train,2026,weighted,False
ISPY2-120001_z015,ISPY2-120001,2,0,spy2,0.6161126,train,2026,weighted,False
ISPY2-120001_z016,ISPY2-120001,2,0,spy2,0.6183142,train,2026,weighted,False
ISPY2-120001_z017,ISPY2-120001,2,0,spy2,0.6193136,train,2026,weighted,False
ISPY2-120001_z018,ISPY2-120001,2,0,spy2,0.6211505,train,2026,weighted,False
ISPY2-120001_z019,ISPY2-120001,2,0,spy2,0.61845726,train,2026,weighted,False
ISPY2-120001_z020,ISPY2-120001,2,0,spy2,0.6148534,train,2026,weighted,False
ISPY2-166412_z024,ISPY2-166412,2,0,spy2,0.5915871,train,2026,weighted,False
ISPY2-166412_z025,ISPY2-166412,2,0,spy2,0.5907882,train,2026,weighted,False
ISPY2-166412_z026,ISPY2-166412,2,0,spy2,0.59143287,train,2026,weighted,False
ISPY2-166412_z027,ISPY2-166412,2,0,spy2,0.5926209,train,2026,weighted,False
ISPY2-166412_z028,ISPY2-166412,2,0,spy2,0.5935603,train,2026,weighted,False
ISPY2-166412_z029,ISPY2-166412,2,0,spy2,0.5936603,train,2026,weighted,False
ISPY2-166412_z030,ISPY2-166412,2,0,spy2,0.5940372,train,2026,weighted,False
ISPY2-166412_z031,ISPY2-166412,2,0,spy2,0.5939579,train,2026,weighted,False
ISPY2-166412_z032,ISPY2-166412,2,0,spy2,0.5939199,train,2026,weighted,False
ISPY2-166412_z033,ISPY2-166412,2,0,spy2,0.5942403,train,2026,weighted,False
ISPY2-604199_z006,ISPY2-604199,2,0,spy2,0.19875623,train,2026,weighted,False
ISPY2-604199_z007,ISPY2-604199,2,0,spy2,0.1949356,train,2026,weighted,False
ISPY2-604199_z008,ISPY2-604199,2,0,spy2,0.1946107,train,2026,weighted,False
ISPY2-604199_z009,ISPY2-604199,2,0,spy2,0.190474,train,2026,weighted,False
ISPY2-604199_z010,ISPY2-604199,2,0,spy2,0.18755141,train,2026,weighted,False
ISPY2-604199_z011,ISPY2-604199,2,0,spy2,0.19131656,train,2026,weighted,False
ISPY2-604199_z012,ISPY2-604199,2,0,spy2,0.19397964,train,2026,weighted,False
ISPY2-604199_z013,ISPY2-604199,2,0,spy2,0.19157748,train,2026,weighted,False
ISPY2-604199_z014,ISPY2-604199,2,0,spy2,0.18766297,train,2026,weighted,False
ISPY2-604199_z015,ISPY2-604199,2,0,spy2,0.18863726,train,2026,weighted,False
ACRIN-6698-689480_z030,ACRIN-6698-689480,2,0,spy2,0.18822236,train,2026,weighted,False
ACRIN-6698-689480_z031,ACRIN-6698-689480,2,0,spy2,0.19052781,train,2026,weighted,False
ACRIN-6698-689480_z032,ACRIN-6698-689480,2,0,spy2,0.19080243,train,2026,weighted,False
ACRIN-6698-689480_z033,ACRIN-6698-689480,2,0,spy2,0.19223842,train,2026,weighted,False
ACRIN-6698-689480_z034,ACRIN-6698-689480,2,0,spy2,0.19201341,train,2026,weighted,False
ACRIN-6698-689480_z035,ACRIN-6698-689480,2,0,spy2,0.19167067,train,2026,weighted,False
ACRIN-6698-689480_z036,ACRIN-6698-689480,2,0,spy2,0.18986247,train,2026,weighted,False
ACRIN-6698-689480_z037,ACRIN-6698-689480,2,0,spy2,0.18726051,train,2026,weighted,False
ACRIN-6698-689480_z038,ACRIN-6698-689480,2,0,spy2,0.18911815,train,2026,weighted,False
ACRIN-6698-689480_z039,ACRIN-6698-689480,2,0,spy2,0.19090953,train,2026,weighted,False
ISPY2-498024_z006,ISPY2-498024,2,0,spy2,0.63913035,train,2026,weighted,False
ISPY2-498024_z007,ISPY2-498024,2,0,spy2,0.6410515,train,2026,weighted,False
ISPY2-498024_z008,ISPY2-498024,2,0,spy2,0.6415909,train,2026,weighted,False
ISPY2-498024_z009,ISPY2-498024,2,0,spy2,0.6435474,train,2026,weighted,False
ISPY2-498024_z010,ISPY2-498024,2,0,spy2,0.64594364,train,2026,weighted,False
ISPY2-498024_z011,ISPY2-498024,2,0,spy2,0.64806134,train,2026,weighted,False
ISPY2-498024_z012,ISPY2-498024,2,0,spy2,0.6493205,train,2026,weighted,False
ISPY2-498024_z013,ISPY2-498024,2,0,spy2,0.647839,train,2026,weighted,False
ISPY2-498024_z014,ISPY2-498024,2,0,spy2,0.64975613,train,2026,weighted,False
ISPY2-498024_z016,ISPY2-498024,2,0,spy2,0.6489318,train,2026,weighted,False
ISPY2-172168_z015,ISPY2-172168,2,0,spy2,0.68765056,train,2026,weighted,False
ISPY2-172168_z016,ISPY2-172168,2,0,spy2,0.6887152,train,2026,weighted,False
ISPY2-172168_z017,ISPY2-172168,2,0,spy2,0.6886707,train,2026,weighted,False
ISPY2-172168_z018,ISPY2-172168,2,0,spy2,0.68814313,train,2026,weighted,False
ISPY2-172168_z019,ISPY2-172168,2,0,spy2,0.6878022,train,2026,weighted,False
ISPY2-172168_z020,ISPY2-172168,2,0,spy2,0.6873656,train,2026,weighted,False
ISPY2-172168_z024,ISPY2-172168,2,0,spy2,0.6890441,train,2026,weighted,False
ISPY2-172168_z025,ISPY2-172168,2,0,spy2,0.6893081,train,2026,weighted,False
ISPY2-172168_z026,ISPY2-172168,2,0,spy2,0.68956167,train,2026,weighted,False
ISPY2-172168_z027,ISPY2-172168,2,0,spy2,0.68952435,train,2026,weighted,False
ISPY2-104384_z008,ISPY2-104384,2,0,spy2,0.3031476,train,2026,weighted,False
ISPY2-104384_z009,ISPY2-104384,2,0,spy2,0.30266583,train,2026,weighted,False
ISPY2-104384_z010,ISPY2-104384,2,0,spy2,0.3010232,train,2026,weighted,False
ISPY2-104384_z011,ISPY2-104384,2,0,spy2,0.30050933,train,2026,weighted,False
ISPY2-104384_z015,ISPY2-104384,2,0,spy2,0.30087492,train,2026,weighted,False
ISPY2-104384_z016,ISPY2-104384,2,0,spy2,0.3008721,train,2026,weighted,False
ISPY2-104384_z017,ISPY2-104384,2,0,spy2,0.30036345,train,2026,weighted,False
ISPY2-104384_z018,ISPY2-104384,2,0,spy2,0.30008647,train,2026,weighted,False
ISPY2-104384_z019,ISPY2-104384,2,0,spy2,0.3010623,train,2026,weighted,False
ISPY2-104384_z020,ISPY2-104384,2,0,spy2,0.30207542,train,2026,weighted,False
ACRIN-6698-960029_z005,ACRIN-6698-960029,2,0,spy2,0.6993379,train,2026,weighted,False
ACRIN-6698-960029_z006,ACRIN-6698-960029,2,0,spy2,0.7021367,train,2026,weighted,False
ACRIN-6698-960029_z007,ACRIN-6698-960029,2,0,spy2,0.6999499,train,2026,weighted,False
ACRIN-6698-960029_z008,ACRIN-6698-960029,2,0,spy2,0.69849443,train,2026,weighted,False
ACRIN-6698-960029_z009,ACRIN-6698-960029,2,0,spy2,0.6972527,train,2026,weighted,False
ACRIN-6698-960029_z010,ACRIN-6698-960029,2,0,spy2,0.6976519,train,2026,weighted,False
ACRIN-6698-960029_z011,ACRIN-6698-960029,2,0,spy2,0.6980703,train,2026,weighted,False
ACRIN-6698-960029_z012,ACRIN-6698-960029,2,0,spy2,0.69765943,train,2026,weighted,False
ACRIN-6698-960029_z013,ACRIN-6698-960029,2,0,spy2,0.6970637,train,2026,weighted,False
ACRIN-6698-960029_z024,ACRIN-6698-960029,2,0,spy2,0.7011889,train,2026,weighted,False
ISPY2-623569_z009,ISPY2-623569,2,1,spy2,0.5853167,train,2026,weighted,False
ISPY2-623569_z010,ISPY2-623569,2,1,spy2,0.5635216,train,2026,weighted,False
ISPY2-623569_z011,ISPY2-623569,2,1,spy2,0.6380738,train,2026,weighted,False
ISPY2-623569_z012,ISPY2-623569,2,1,spy2,0.5537734,train,2026,weighted,False
ISPY2-623569_z013,ISPY2-623569,2,1,spy2,0.48216677,train,2026,weighted,False
ISPY2-623569_z014,ISPY2-623569,2,1,spy2,0.60564405,train,2026,weighted,False
ISPY2-623569_z015,ISPY2-623569,2,1,spy2,0.5851402,train,2026,weighted,False
ISPY2-623569_z016,ISPY2-623569,2,1,spy2,0.5427268,train,2026,weighted,False
ISPY2-623569_z017,ISPY2-623569,2,1,spy2,0.532227,train,2026,weighted,False
ISPY2-623569_z018,ISPY2-623569,2,1,spy2,0.61872107,train,2026,weighted,False
ISPY2-851180_z009,ISPY2-851180,2,0,spy2,0.4111696,train,2026,weighted,False
ISPY2-851180_z010,ISPY2-851180,2,0,spy2,0.40373364,train,2026,weighted,False
ISPY2-851180_z011,ISPY2-851180,2,0,spy2,0.40883878,train,2026,weighted,False
ISPY2-851180_z012,ISPY2-851180,2,0,spy2,0.39844966,train,2026,weighted,False
ISPY2-851180_z013,ISPY2-851180,2,0,spy2,0.40343338,train,2026,weighted,False
ISPY2-851180_z014,ISPY2-851180,2,0,spy2,0.41022918,train,2026,weighted,False
ISPY2-851180_z015,ISPY2-851180,2,0,spy2,0.41439348,train,2026,weighted,False
ISPY2-851180_z016,ISPY2-851180,2,0,spy2,0.41369256,train,2026,weighted,False
ISPY2-851180_z017,ISPY2-851180,2,0,spy2,0.41305593,train,2026,weighted,False
ISPY2-851180_z019,ISPY2-851180,2,0,spy2,0.41605455,train,2026,weighted,False
ISPY2-683457_z028,ISPY2-683457,2,0,spy2,0.51540947,train,2026,weighted,False
ISPY2-683457_z029,ISPY2-683457,2,0,spy2,0.52140605,train,2026,weighted,False
ISPY2-683457_z030,ISPY2-683457,2,0,spy2,0.5201333,train,2026,weighted,False
ISPY2-683457_z033,ISPY2-683457,2,0,spy2,0.5018358,train,2026,weighted,False
ISPY2-683457_z034,ISPY2-683457,2,0,spy2,0.5056245,train,2026,weighted,False
ISPY2-683457_z035,ISPY2-683457,2,0,spy2,0.50715023,train,2026,weighted,False
ISPY2-683457_z038,ISPY2-683457,2,0,spy2,0.5071934,train,2026,weighted,False
ISPY2-683457_z039,ISPY2-683457,2,0,spy2,0.5065291,train,2026,weighted,False
ISPY2-683457_z042,ISPY2-683457,2,0,spy2,0.5014584,train,2026,weighted,False
ISPY2-683457_z044,ISPY2-683457,2,0,spy2,0.5023295,train,2026,weighted,False
ISPY2-122579_z014,ISPY2-122579,2,0,spy2,0.2709037,train,2026,weighted,False
ISPY2-122579_z015,ISPY2-122579,2,0,spy2,0.27090758,train,2026,weighted,False
ISPY2-122579_z016,ISPY2-122579,2,0,spy2,0.2708989,train,2026,weighted,False
ISPY2-122579_z017,ISPY2-122579,2,0,spy2,0.27090207,train,2026,weighted,False
ISPY2-122579_z018,ISPY2-122579,2,0,spy2,0.27090973,train,2026,weighted,False
ISPY2-122579_z019,ISPY2-122579,2,0,spy2,0.27091134,train,2026,weighted,False
ISPY2-122579_z020,ISPY2-122579,2,0,spy2,0.27089298,train,2026,weighted,False
ISPY2-122579_z021,ISPY2-122579,2,0,spy2,0.27082255,train,2026,weighted,False
ISPY2-122579_z022,ISPY2-122579,2,0,spy2,0.27075994,train,2026,weighted,False
ISPY2-122579_z023,ISPY2-122579,2,0,spy2,0.2707326,train,2026,weighted,False
ISPY2-778527_z005,ISPY2-778527,2,1,spy2,0.7118977,train,2026,weighted,False
ISPY2-778527_z006,ISPY2-778527,2,1,spy2,0.7108946,train,2026,weighted,False
ISPY2-778527_z007,ISPY2-778527,2,1,spy2,0.71167904,train,2026,weighted,False
ISPY2-778527_z008,ISPY2-778527,2,1,spy2,0.7115296,train,2026,weighted,False
ISPY2-778527_z009,ISPY2-778527,2,1,spy2,0.7112994,train,2026,weighted,False
ISPY2-778527_z010,ISPY2-778527,2,1,spy2,0.7113835,train,2026,weighted,False
ISPY2-778527_z011,ISPY2-778527,2,1,spy2,0.71275747,train,2026,weighted,False
ISPY2-778527_z012,ISPY2-778527,2,1,spy2,0.7140034,train,2026,weighted,False
ISPY2-778527_z013,ISPY2-778527,2,1,spy2,0.71354246,train,2026,weighted,False
ISPY2-778527_z014,ISPY2-778527,2,1,spy2,0.71385115,train,2026,weighted,False
ISPY2-571276_z014,ISPY2-571276,2,0,spy2,0.58613026,train,2026,weighted,False
ISPY2-571276_z015,ISPY2-571276,2,0,spy2,0.58619076,train,2026,weighted,False
ISPY2-571276_z016,ISPY2-571276,2,0,spy2,0.5864132,train,2026,weighted,False
ISPY2-571276_z017,ISPY2-571276,2,0,spy2,0.5865736,train,2026,weighted,False
ISPY2-571276_z018,ISPY2-571276,2,0,spy2,0.58672786,train,2026,weighted,False
ISPY2-571276_z019,ISPY2-571276,2,0,spy2,0.58689624,train,2026,weighted,False
ISPY2-571276_z020,ISPY2-571276,2,0,spy2,0.58466095,train,2026,weighted,False
ISPY2-571276_z021,ISPY2-571276,2,0,spy2,0.5869218,train,2026,weighted,False
ISPY2-571276_z022,ISPY2-571276,2,0,spy2,0.58773535,train,2026,weighted,False
ISPY2-571276_z023,ISPY2-571276,2,0,spy2,0.5873186,train,2026,weighted,False
ACRIN-6698-779739_z004,ACRIN-6698-779739,2,1,spy2,0.5966354,train,2026,weighted,False
ACRIN-6698-779739_z005,ACRIN-6698-779739,2,1,spy2,0.59830654,train,2026,weighted,False
ACRIN-6698-779739_z006,ACRIN-6698-779739,2,1,spy2,0.601648,train,2026,weighted,False
ACRIN-6698-779739_z007,ACRIN-6698-779739,2,1,spy2,0.60485965,train,2026,weighted,False
ACRIN-6698-779739_z008,ACRIN-6698-779739,2,1,spy2,0.6052864,train,2026,weighted,False
ACRIN-6698-779739_z009,ACRIN-6698-779739,2,1,spy2,0.604113,train,2026,weighted,False
ACRIN-6698-779739_z010,ACRIN-6698-779739,2,1,spy2,0.6041601,train,2026,weighted,False
ACRIN-6698-779739_z011,ACRIN-6698-779739,2,1,spy2,0.6049418,train,2026,weighted,False
ACRIN-6698-779739_z012,ACRIN-6698-779739,2,1,spy2,0.6040936,train,2026,weighted,False
ACRIN-6698-779739_z013,ACRIN-6698-779739,2,1,spy2,0.6020241,train,2026,weighted,False
ISPY2-345460_z008,ISPY2-345460,2,0,spy2,0.31035098,train,2026,weighted,False
ISPY2-345460_z009,ISPY2-345460,2,0,spy2,0.31050238,train,2026,weighted,False
ISPY2-345460_z010,ISPY2-345460,2,0,spy2,0.3105446,train,2026,weighted,False
ISPY2-345460_z011,ISPY2-345460,2,0,spy2,0.30630633,train,2026,weighted,False
ISPY2-345460_z012,ISPY2-345460,2,0,spy2,0.30677894,train,2026,weighted,False
ISPY2-345460_z013,ISPY2-345460,2,0,spy2,0.30800834,train,2026,weighted,False
ISPY2-345460_z014,ISPY2-345460,2,0,spy2,0.3093788,train,2026,weighted,False
ISPY2-345460_z015,ISPY2-345460,2,0,spy2,0.30698726,train,2026,weighted,False
ISPY2-345460_z016,ISPY2-345460,2,0,spy2,0.29978502,train,2026,weighted,False
ISPY2-345460_z017,ISPY2-345460,2,0,spy2,0.29795125,train,2026,weighted,False
ISPY2-467622_z009,ISPY2-467622,2,0,spy2,0.29167992,train,2026,weighted,False
ISPY2-467622_z010,ISPY2-467622,2,0,spy2,0.29165208,train,2026,weighted,False
ISPY2-467622_z011,ISPY2-467622,2,0,spy2,0.29164654,train,2026,weighted,False
ISPY2-467622_z012,ISPY2-467622,2,0,spy2,0.29163364,train,2026,weighted,False
ISPY2-467622_z013,ISPY2-467622,2,0,spy2,0.29158035,train,2026,weighted,False
ISPY2-467622_z014,ISPY2-467622,2,0,spy2,0.2915783,train,2026,weighted,False
ISPY2-467622_z015,ISPY2-467622,2,0,spy2,0.29164603,train,2026,weighted,False
ISPY2-467622_z016,ISPY2-467622,2,0,spy2,0.29160744,train,2026,weighted,False
ISPY2-467622_z017,ISPY2-467622,2,0,spy2,0.29157454,train,2026,weighted,False
ISPY2-467622_z018,ISPY2-467622,2,0,spy2,0.29154116,train,2026,weighted,False
ACRIN-6698-474874_z018,ACRIN-6698-474874,2,1,spy2,0.7822833,train,2026,weighted,False
ACRIN-6698-474874_z019,ACRIN-6698-474874,2,1,spy2,0.782387,train,2026,weighted,False
ACRIN-6698-474874_z020,ACRIN-6698-474874,2,1,spy2,0.7824689,train,2026,weighted,False
ACRIN-6698-474874_z021,ACRIN-6698-474874,2,1,spy2,0.782483,train,2026,weighted,False
ACRIN-6698-474874_z022,ACRIN-6698-474874,2,1,spy2,0.78258765,train,2026,weighted,False
ACRIN-6698-474874_z023,ACRIN-6698-474874,2,1,spy2,0.7826437,train,2026,weighted,False
ACRIN-6698-474874_z024,ACRIN-6698-474874,2,1,spy2,0.782707,train,2026,weighted,False
ACRIN-6698-474874_z025,ACRIN-6698-474874,2,1,spy2,0.78279704,train,2026,weighted,False
ACRIN-6698-474874_z026,ACRIN-6698-474874,2,1,spy2,0.78283405,train,2026,weighted,False
ACRIN-6698-474874_z027,ACRIN-6698-474874,2,1,spy2,0.78283954,train,2026,weighted,False
ISPY2-618240_z037,ISPY2-618240,2,0,spy2,0.49133858,train,2026,weighted,False
ISPY2-618240_z038,ISPY2-618240,2,0,spy2,0.4895073,train,2026,weighted,False
ISPY2-618240_z039,ISPY2-618240,2,0,spy2,0.48381305,train,2026,weighted,False
ISPY2-618240_z040,ISPY2-618240,2,0,spy2,0.5043186,train,2026,weighted,False
ISPY2-618240_z041,ISPY2-618240,2,0,spy2,0.49492654,train,2026,weighted,False
ISPY2-618240_z042,ISPY2-618240,2,0,spy2,0.47828326,train,2026,weighted,False
ISPY2-618240_z047,ISPY2-618240,2,0,spy2,0.5029182,train,2026,weighted,False
ISPY2-618240_z048,ISPY2-618240,2,0,spy2,0.4975268,train,2026,weighted,False
ISPY2-618240_z050,ISPY2-618240,2,0,spy2,0.4918554,train,2026,weighted,False
ISPY2-618240_z051,ISPY2-618240,2,0,spy2,0.49312147,train,2026,weighted,False
ISPY2-250274_z016,ISPY2-250274,2,0,spy2,0.5135312,train,2026,weighted,False
ISPY2-250274_z017,ISPY2-250274,2,0,spy2,0.51691645,train,2026,weighted,False
ISPY2-250274_z018,ISPY2-250274,2,0,spy2,0.53423995,train,2026,weighted,False
ISPY2-250274_z019,ISPY2-250274,2,0,spy2,0.52349347,train,2026,weighted,False
ISPY2-250274_z020,ISPY2-250274,2,0,spy2,0.52027524,train,2026,weighted,False
ISPY2-250274_z021,ISPY2-250274,2,0,spy2,0.5172271,train,2026,weighted,False
ISPY2-250274_z022,ISPY2-250274,2,0,spy2,0.52093107,train,2026,weighted,False
ISPY2-250274_z023,ISPY2-250274,2,0,spy2,0.53398645,train,2026,weighted,False
ISPY2-250274_z024,ISPY2-250274,2,0,spy2,0.5306284,train,2026,weighted,False
ISPY2-250274_z025,ISPY2-250274,2,0,spy2,0.551778,train,2026,weighted,False
ACRIN-6698-227055_z017,ACRIN-6698-227055,2,0,spy2,0.5297586,train,2026,weighted,False
ACRIN-6698-227055_z018,ACRIN-6698-227055,2,0,spy2,0.53063166,train,2026,weighted,False
ACRIN-6698-227055_z019,ACRIN-6698-227055,2,0,spy2,0.5273548,train,2026,weighted,False
ACRIN-6698-227055_z020,ACRIN-6698-227055,2,0,spy2,0.5249644,train,2026,weighted,False
ACRIN-6698-227055_z021,ACRIN-6698-227055,2,0,spy2,0.51986164,train,2026,weighted,False
ACRIN-6698-227055_z022,ACRIN-6698-227055,2,0,spy2,0.5111953,train,2026,weighted,False
ACRIN-6698-227055_z023,ACRIN-6698-227055,2,0,spy2,0.51430655,train,2026,weighted,False
ACRIN-6698-227055_z024,ACRIN-6698-227055,2,0,spy2,0.5266799,train,2026,weighted,False
ACRIN-6698-227055_z025,ACRIN-6698-227055,2,0,spy2,0.5276478,train,2026,weighted,False
ACRIN-6698-227055_z026,ACRIN-6698-227055,2,0,spy2,0.52862793,train,2026,weighted,False
ISPY2-591180_z013,ISPY2-591180,2,0,spy2,0.50101906,train,2026,weighted,False
ISPY2-591180_z014,ISPY2-591180,2,0,spy2,0.50691795,train,2026,weighted,False
ISPY2-591180_z015,ISPY2-591180,2,0,spy2,0.5086871,train,2026,weighted,False
ISPY2-591180_z016,ISPY2-591180,2,0,spy2,0.50981295,train,2026,weighted,False
ISPY2-591180_z020,ISPY2-591180,2,0,spy2,0.5088211,train,2026,weighted,False
ISPY2-591180_z021,ISPY2-591180,2,0,spy2,0.5114129,train,2026,weighted,False
ISPY2-591180_z022,ISPY2-591180,2,0,spy2,0.51227975,train,2026,weighted,False
ISPY2-591180_z023,ISPY2-591180,2,0,spy2,0.50947434,train,2026,weighted,False
ISPY2-591180_z027,ISPY2-591180,2,0,spy2,0.50876206,train,2026,weighted,False
ISPY2-591180_z029,ISPY2-591180,2,0,spy2,0.50944483,train,2026,weighted,False
ISPY2-690410_z009,ISPY2-690410,2,0,spy2,0.15064444,train,2026,weighted,False
ISPY2-690410_z010,ISPY2-690410,2,0,spy2,0.1489484,train,2026,weighted,False
ISPY2-690410_z011,ISPY2-690410,2,0,spy2,0.14835487,train,2026,weighted,False
ISPY2-690410_z013,ISPY2-690410,2,0,spy2,0.14804822,train,2026,weighted,False
ISPY2-690410_z014,ISPY2-690410,2,0,spy2,0.14794934,train,2026,weighted,False
ISPY2-690410_z015,ISPY2-690410,2,0,spy2,0.14824569,train,2026,weighted,False
ISPY2-690410_z016,ISPY2-690410,2,0,spy2,0.1486167,train,2026,weighted,False
ISPY2-690410_z017,ISPY2-690410,2,0,spy2,0.14874204,train,2026,weighted,False
ISPY2-690410_z018,ISPY2-690410,2,0,spy2,0.14873992,train,2026,weighted,False
ISPY2-690410_z019,ISPY2-690410,2,0,spy2,0.14896883,train,2026,weighted,False
ISPY2-676630_z022,ISPY2-676630,2,1,spy2,0.59156907,train,2026,weighted,False
ISPY2-676630_z023,ISPY2-676630,2,1,spy2,0.59163326,train,2026,weighted,False
ISPY2-676630_z024,ISPY2-676630,2,1,spy2,0.59153026,train,2026,weighted,False
ISPY2-676630_z025,ISPY2-676630,2,1,spy2,0.58980334,train,2026,weighted,False
ISPY2-676630_z026,ISPY2-676630,2,1,spy2,0.5833798,train,2026,weighted,False
ISPY2-676630_z027,ISPY2-676630,2,1,spy2,0.5877967,train,2026,weighted,False
ISPY2-676630_z028,ISPY2-676630,2,1,spy2,0.59040904,train,2026,weighted,False
ISPY2-676630_z029,ISPY2-676630,2,1,spy2,0.58975995,train,2026,weighted,False
ISPY2-676630_z030,ISPY2-676630,2,1,spy2,0.58982444,train,2026,weighted,False
ISPY2-676630_z031,ISPY2-676630,2,1,spy2,0.58925045,train,2026,weighted,False
ACRIN-6698-870077_z005,ACRIN-6698-870077,2,0,spy2,0.2664887,train,2026,weighted,False
ACRIN-6698-870077_z006,ACRIN-6698-870077,2,0,spy2,0.26855487,train,2026,weighted,False
ACRIN-6698-870077_z007,ACRIN-6698-870077,2,0,spy2,0.26974422,train,2026,weighted,False
ACRIN-6698-870077_z008,ACRIN-6698-870077,2,0,spy2,0.2693418,train,2026,weighted,False
ACRIN-6698-870077_z009,ACRIN-6698-870077,2,0,spy2,0.26816717,train,2026,weighted,False
ACRIN-6698-870077_z010,ACRIN-6698-870077,2,0,spy2,0.26387164,train,2026,weighted,False
ACRIN-6698-870077_z011,ACRIN-6698-870077,2,0,spy2,0.26299268,train,2026,weighted,False
ACRIN-6698-870077_z012,ACRIN-6698-870077,2,0,spy2,0.26322645,train,2026,weighted,False
ACRIN-6698-870077_z013,ACRIN-6698-870077,2,0,spy2,0.26191285,train,2026,weighted,False
ACRIN-6698-870077_z014,ACRIN-6698-870077,2,0,spy2,0.26069194,train,2026,weighted,False
ACRIN-6698-738041_z003,ACRIN-6698-738041,2,1,spy2,0.6564086,train,2026,weighted,False
ACRIN-6698-738041_z004,ACRIN-6698-738041,2,1,spy2,0.6564764,train,2026,weighted,False
ACRIN-6698-738041_z005,ACRIN-6698-738041,2,1,spy2,0.65645975,train,2026,weighted,False
ACRIN-6698-738041_z006,ACRIN-6698-738041,2,1,spy2,0.6564661,train,2026,weighted,False
ACRIN-6698-738041_z007,ACRIN-6698-738041,2,1,spy2,0.65646744,train,2026,weighted,False
ACRIN-6698-738041_z008,ACRIN-6698-738041,2,1,spy2,0.6565007,train,2026,weighted,False
ACRIN-6698-738041_z009,ACRIN-6698-738041,2,1,spy2,0.65646625,train,2026,weighted,False
ACRIN-6698-738041_z010,ACRIN-6698-738041,2,1,spy2,0.6564698,train,2026,weighted,False
ACRIN-6698-738041_z011,ACRIN-6698-738041,2,1,spy2,0.6564458,train,2026,weighted,False
ACRIN-6698-738041_z012,ACRIN-6698-738041,2,1,spy2,0.6564613,train,2026,weighted,False
ACRIN-6698-794128_z019,ACRIN-6698-794128,2,0,spy2,0.5432171,train,2026,weighted,False
ACRIN-6698-794128_z020,ACRIN-6698-794128,2,0,spy2,0.5287321,train,2026,weighted,False
ACRIN-6698-794128_z021,ACRIN-6698-794128,2,0,spy2,0.50765765,train,2026,weighted,False
ACRIN-6698-794128_z022,ACRIN-6698-794128,2,0,spy2,0.52375084,train,2026,weighted,False
ACRIN-6698-794128_z023,ACRIN-6698-794128,2,0,spy2,0.5456059,train,2026,weighted,False
ACRIN-6698-794128_z024,ACRIN-6698-794128,2,0,spy2,0.5367974,train,2026,weighted,False
ACRIN-6698-794128_z025,ACRIN-6698-794128,2,0,spy2,0.5358675,train,2026,weighted,False
ACRIN-6698-794128_z026,ACRIN-6698-794128,2,0,spy2,0.5347073,train,2026,weighted,False
ACRIN-6698-794128_z027,ACRIN-6698-794128,2,0,spy2,0.56042737,train,2026,weighted,False
ACRIN-6698-794128_z028,ACRIN-6698-794128,2,0,spy2,0.5655583,train,2026,weighted,False
ISPY2-535415_z016,ISPY2-535415,2,1,spy2,0.79397804,train,2026,weighted,False
ISPY2-535415_z017,ISPY2-535415,2,1,spy2,0.79178953,train,2026,weighted,False
ISPY2-535415_z018,ISPY2-535415,2,1,spy2,0.7923906,train,2026,weighted,False
ISPY2-535415_z019,ISPY2-535415,2,1,spy2,0.7955858,train,2026,weighted,False
ISPY2-535415_z020,ISPY2-535415,2,1,spy2,0.7978014,train,2026,weighted,False
ISPY2-535415_z021,ISPY2-535415,2,1,spy2,0.7990107,train,2026,weighted,False
ISPY2-535415_z022,ISPY2-535415,2,1,spy2,0.799143,train,2026,weighted,False
ISPY2-535415_z023,ISPY2-535415,2,1,spy2,0.79873204,train,2026,weighted,False
ISPY2-535415_z024,ISPY2-535415,2,1,spy2,0.7984391,train,2026,weighted,False
ISPY2-535415_z025,ISPY2-535415,2,1,spy2,0.7985315,train,2026,weighted,False
ACRIN-6698-971492_z008,ACRIN-6698-971492,2,0,spy2,0.35786805,train,2026,weighted,False
ACRIN-6698-971492_z009,ACRIN-6698-971492,2,0,spy2,0.35615548,train,2026,weighted,False
ACRIN-6698-971492_z010,ACRIN-6698-971492,2,0,spy2,0.35216218,train,2026,weighted,False
ACRIN-6698-971492_z011,ACRIN-6698-971492,2,0,spy2,0.35527125,train,2026,weighted,False
ACRIN-6698-971492_z012,ACRIN-6698-971492,2,0,spy2,0.35276017,train,2026,weighted,False
ACRIN-6698-971492_z013,ACRIN-6698-971492,2,0,spy2,0.3558898,train,2026,weighted,False
ACRIN-6698-971492_z014,ACRIN-6698-971492,2,0,spy2,0.3564046,train,2026,weighted,False
ACRIN-6698-971492_z015,ACRIN-6698-971492,2,0,spy2,0.35726675,train,2026,weighted,False
ACRIN-6698-971492_z016,ACRIN-6698-971492,2,0,spy2,0.35689437,train,2026,weighted,False
ACRIN-6698-971492_z017,ACRIN-6698-971492,2,0,spy2,0.35061374,train,2026,weighted,False
ISPY2-300724_z027,ISPY2-300724,2,0,spy2,0.22092284,train,2026,weighted,False
ISPY2-300724_z028,ISPY2-300724,2,0,spy2,0.22128911,train,2026,weighted,False
ISPY2-300724_z029,ISPY2-300724,2,0,spy2,0.22187948,train,2026,weighted,False
ISPY2-300724_z030,ISPY2-300724,2,0,spy2,0.22215824,train,2026,weighted,False
ISPY2-300724_z031,ISPY2-300724,2,0,spy2,0.22154586,train,2026,weighted,False
ISPY2-300724_z032,ISPY2-300724,2,0,spy2,0.22133988,train,2026,weighted,False
ISPY2-300724_z033,ISPY2-300724,2,0,spy2,0.2223999,train,2026,weighted,False
ISPY2-300724_z034,ISPY2-300724,2,0,spy2,0.2222886,train,2026,weighted,False
ISPY2-300724_z035,ISPY2-300724,2,0,spy2,0.22222538,train,2026,weighted,False
ISPY2-300724_z036,ISPY2-300724,2,0,spy2,0.22094588,train,2026,weighted,False
ISPY2-729732_z011,ISPY2-729732,2,0,spy2,0.38856745,train,2026,weighted,False
ISPY2-729732_z012,ISPY2-729732,2,0,spy2,0.38531706,train,2026,weighted,False
ISPY2-729732_z013,ISPY2-729732,2,0,spy2,0.3847883,train,2026,weighted,False
ISPY2-729732_z014,ISPY2-729732,2,0,spy2,0.38615993,train,2026,weighted,False
ISPY2-729732_z015,ISPY2-729732,2,0,spy2,0.38458917,train,2026,weighted,False
ISPY2-729732_z016,ISPY2-729732,2,0,spy2,0.37933418,train,2026,weighted,False
ISPY2-729732_z017,ISPY2-729732,2,0,spy2,0.3798885,train,2026,weighted,False
ISPY2-729732_z018,ISPY2-729732,2,0,spy2,0.38296935,train,2026,weighted,False
ISPY2-729732_z019,ISPY2-729732,2,0,spy2,0.3897305,train,2026,weighted,False
ISPY2-729732_z020,ISPY2-729732,2,0,spy2,0.3997234,train,2026,weighted,False
ISPY2-567201_z016,ISPY2-567201,2,1,spy2,0.610114,train,2026,weighted,False
ISPY2-567201_z017,ISPY2-567201,2,1,spy2,0.609598,train,2026,weighted,False
ISPY2-567201_z018,ISPY2-567201,2,1,spy2,0.610558,train,2026,weighted,False
ISPY2-567201_z019,ISPY2-567201,2,1,spy2,0.6128261,train,2026,weighted,False
ISPY2-567201_z020,ISPY2-567201,2,1,spy2,0.6111711,train,2026,weighted,False
ISPY2-567201_z021,ISPY2-567201,2,1,spy2,0.6114547,train,2026,weighted,False
ISPY2-567201_z022,ISPY2-567201,2,1,spy2,0.61189973,train,2026,weighted,False
ISPY2-567201_z023,ISPY2-567201,2,1,spy2,0.6113807,train,2026,weighted,False
ISPY2-567201_z024,ISPY2-567201,2,1,spy2,0.6106262,train,2026,weighted,False
ISPY2-567201_z025,ISPY2-567201,2,1,spy2,0.61064804,train,2026,weighted,False
ISPY2-233962_z005,ISPY2-233962,2,1,spy2,0.67253643,train,2026,weighted,False
ISPY2-233962_z006,ISPY2-233962,2,1,spy2,0.6848634,train,2026,weighted,False
ISPY2-233962_z007,ISPY2-233962,2,1,spy2,0.70676917,train,2026,weighted,False
ISPY2-233962_z008,ISPY2-233962,2,1,spy2,0.7200418,train,2026,weighted,False
ISPY2-233962_z009,ISPY2-233962,2,1,spy2,0.7220804,train,2026,weighted,False
ISPY2-233962_z010,ISPY2-233962,2,1,spy2,0.72402126,train,2026,weighted,False
ISPY2-233962_z011,ISPY2-233962,2,1,spy2,0.7259347,train,2026,weighted,False
ISPY2-233962_z012,ISPY2-233962,2,1,spy2,0.72735685,train,2026,weighted,False
ISPY2-233962_z013,ISPY2-233962,2,1,spy2,0.72787935,train,2026,weighted,False
ISPY2-233962_z014,ISPY2-233962,2,1,spy2,0.72889304,train,2026,weighted,False
ISPY2-935460_z007,ISPY2-935460,2,0,spy2,0.48628366,train,2026,weighted,False
ISPY2-935460_z008,ISPY2-935460,2,0,spy2,0.4860843,train,2026,weighted,False
ISPY2-935460_z009,ISPY2-935460,2,0,spy2,0.4858959,train,2026,weighted,False
ISPY2-935460_z010,ISPY2-935460,2,0,spy2,0.4859557,train,2026,weighted,False
ISPY2-935460_z011,ISPY2-935460,2,0,spy2,0.4862625,train,2026,weighted,False
ISPY2-935460_z012,ISPY2-935460,2,0,spy2,0.48612612,train,2026,weighted,False
ISPY2-935460_z013,ISPY2-935460,2,0,spy2,0.48619393,train,2026,weighted,False
ISPY2-935460_z014,ISPY2-935460,2,0,spy2,0.4860822,train,2026,weighted,False
ISPY2-935460_z015,ISPY2-935460,2,0,spy2,0.4863305,train,2026,weighted,False
ISPY2-935460_z016,ISPY2-935460,2,0,spy2,0.48652458,train,2026,weighted,False
ISPY2-138425_z010,ISPY2-138425,2,1,spy2,0.72248393,train,2026,weighted,False
ISPY2-138425_z011,ISPY2-138425,2,1,spy2,0.72472864,train,2026,weighted,False
ISPY2-138425_z012,ISPY2-138425,2,1,spy2,0.7255662,train,2026,weighted,False
ISPY2-138425_z013,ISPY2-138425,2,1,spy2,0.72440815,train,2026,weighted,False
ISPY2-138425_z014,ISPY2-138425,2,1,spy2,0.7222117,train,2026,weighted,False
ISPY2-138425_z015,ISPY2-138425,2,1,spy2,0.72435284,train,2026,weighted,False
ISPY2-138425_z016,ISPY2-138425,2,1,spy2,0.72098595,train,2026,weighted,False
ISPY2-138425_z017,ISPY2-138425,2,1,spy2,0.7237404,train,2026,weighted,False
ISPY2-138425_z018,ISPY2-138425,2,1,spy2,0.72626626,train,2026,weighted,False
ISPY2-138425_z019,ISPY2-138425,2,1,spy2,0.72663254,train,2026,weighted,False
ISPY2-783771_z008,ISPY2-783771,2,0,spy2,0.29670742,train,2026,weighted,False
ISPY2-783771_z009,ISPY2-783771,2,0,spy2,0.29658192,train,2026,weighted,False
ISPY2-783771_z010,ISPY2-783771,2,0,spy2,0.2964934,train,2026,weighted,False
ISPY2-783771_z011,ISPY2-783771,2,0,spy2,0.2963308,train,2026,weighted,False
ISPY2-783771_z012,ISPY2-783771,2,0,spy2,0.29614484,train,2026,weighted,False
ISPY2-783771_z013,ISPY2-783771,2,0,spy2,0.29577088,train,2026,weighted,False
ISPY2-783771_z014,ISPY2-783771,2,0,spy2,0.29554722,train,2026,weighted,False
ISPY2-783771_z015,ISPY2-783771,2,0,spy2,0.29539704,train,2026,weighted,False
ISPY2-783771_z016,ISPY2-783771,2,0,spy2,0.29518995,train,2026,weighted,False
ISPY2-783771_z017,ISPY2-783771,2,0,spy2,0.29489717,train,2026,weighted,False
ISPY2-303685_z005,ISPY2-303685,2,1,spy2,0.2445372,train,2026,weighted,False
ISPY2-303685_z006,ISPY2-303685,2,1,spy2,0.23733012,train,2026,weighted,False
ISPY2-303685_z007,ISPY2-303685,2,1,spy2,0.23306112,train,2026,weighted,False
ISPY2-303685_z008,ISPY2-303685,2,1,spy2,0.23543486,train,2026,weighted,False
ISPY2-303685_z009,ISPY2-303685,2,1,spy2,0.23685306,train,2026,weighted,False
ISPY2-303685_z010,ISPY2-303685,2,1,spy2,0.24085084,train,2026,weighted,False
ISPY2-303685_z011,ISPY2-303685,2,1,spy2,0.24365021,train,2026,weighted,False
ISPY2-303685_z012,ISPY2-303685,2,1,spy2,0.24695043,train,2026,weighted,False
ISPY2-303685_z013,ISPY2-303685,2,1,spy2,0.24910615,train,2026,weighted,False
ISPY2-303685_z014,ISPY2-303685,2,1,spy2,0.2510547,train,2026,weighted,False
ISPY2-289107_z005,ISPY2-289107,2,1,spy2,0.64349574,train,2026,weighted,False
ISPY2-289107_z006,ISPY2-289107,2,1,spy2,0.6320471,train,2026,weighted,False
ISPY2-289107_z007,ISPY2-289107,2,1,spy2,0.6161744,train,2026,weighted,False
ISPY2-289107_z008,ISPY2-289107,2,1,spy2,0.597097,train,2026,weighted,False
ISPY2-289107_z009,ISPY2-289107,2,1,spy2,0.58429545,train,2026,weighted,False
ISPY2-289107_z010,ISPY2-289107,2,1,spy2,0.5769568,train,2026,weighted,False
ISPY2-289107_z011,ISPY2-289107,2,1,spy2,0.5761867,train,2026,weighted,False
ISPY2-289107_z012,ISPY2-289107,2,1,spy2,0.584948,train,2026,weighted,False
ISPY2-289107_z013,ISPY2-289107,2,1,spy2,0.59675086,train,2026,weighted,False
ISPY2-289107_z014,ISPY2-289107,2,1,spy2,0.6050257,train,2026,weighted,False
ACRIN-6698-323721_z009,ACRIN-6698-323721,2,0,spy2,0.2235725,train,2026,weighted,False
ACRIN-6698-323721_z010,ACRIN-6698-323721,2,0,spy2,0.22428998,train,2026,weighted,False
ACRIN-6698-323721_z011,ACRIN-6698-323721,2,0,spy2,0.22481571,train,2026,weighted,False
ACRIN-6698-323721_z012,ACRIN-6698-323721,2,0,spy2,0.22486824,train,2026,weighted,False
ACRIN-6698-323721_z013,ACRIN-6698-323721,2,0,spy2,0.22521979,train,2026,weighted,False
ACRIN-6698-323721_z014,ACRIN-6698-323721,2,0,spy2,0.2252878,train,2026,weighted,False
ACRIN-6698-323721_z015,ACRIN-6698-323721,2,0,spy2,0.2250026,train,2026,weighted,False
ACRIN-6698-323721_z016,ACRIN-6698-323721,2,0,spy2,0.22228764,train,2026,weighted,False
ACRIN-6698-323721_z017,ACRIN-6698-323721,2,0,spy2,0.22220498,train,2026,weighted,False
ACRIN-6698-323721_z018,ACRIN-6698-323721,2,0,spy2,0.22193353,train,2026,weighted,False
ISPY2-906795_z015,ISPY2-906795,2,0,spy2,0.7128695,train,2026,weighted,False
ISPY2-906795_z016,ISPY2-906795,2,0,spy2,0.71358,train,2026,weighted,False
ISPY2-906795_z017,ISPY2-906795,2,0,spy2,0.714906,train,2026,weighted,False
ISPY2-906795_z018,ISPY2-906795,2,0,spy2,0.7153075,train,2026,weighted,False
ISPY2-906795_z019,ISPY2-906795,2,0,spy2,0.7161727,train,2026,weighted,False
ISPY2-906795_z020,ISPY2-906795,2,0,spy2,0.71721315,train,2026,weighted,False
ISPY2-906795_z021,ISPY2-906795,2,0,spy2,0.7178905,train,2026,weighted,False
ISPY2-906795_z022,ISPY2-906795,2,0,spy2,0.7188815,train,2026,weighted,False
ISPY2-906795_z023,ISPY2-906795,2,0,spy2,0.7196424,train,2026,weighted,False
ISPY2-906795_z024,ISPY2-906795,2,0,spy2,0.72030014,train,2026,weighted,False
ISPY2-212307_z029,ISPY2-212307,2,0,spy2,0.2975493,train,2026,weighted,False
ISPY2-212307_z030,ISPY2-212307,2,0,spy2,0.29803047,train,2026,weighted,False
ISPY2-212307_z031,ISPY2-212307,2,0,spy2,0.29770058,train,2026,weighted,False
ISPY2-212307_z032,ISPY2-212307,2,0,spy2,0.29682872,train,2026,weighted,False
ISPY2-212307_z035,ISPY2-212307,2,0,spy2,0.29825222,train,2026,weighted,False
ISPY2-212307_z036,ISPY2-212307,2,0,spy2,0.2997178,train,2026,weighted,False
ISPY2-212307_z038,ISPY2-212307,2,0,spy2,0.29910007,train,2026,weighted,False
ISPY2-212307_z039,ISPY2-212307,2,0,spy2,0.29960978,train,2026,weighted,False
ISPY2-212307_z040,ISPY2-212307,2,0,spy2,0.30007204,train,2026,weighted,False
ISPY2-212307_z041,ISPY2-212307,2,0,spy2,0.29972887,train,2026,weighted,False
ACRIN-6698-202535_z022,ACRIN-6698-202535,2,0,spy2,0.6004955,train,2026,weighted,False
ACRIN-6698-202535_z023,ACRIN-6698-202535,2,0,spy2,0.6008115,train,2026,weighted,False
ACRIN-6698-202535_z024,ACRIN-6698-202535,2,0,spy2,0.6011459,train,2026,weighted,False
ACRIN-6698-202535_z025,ACRIN-6698-202535,2,0,spy2,0.6009863,train,2026,weighted,False
ACRIN-6698-202535_z026,ACRIN-6698-202535,2,0,spy2,0.6010831,train,2026,weighted,False
ACRIN-6698-202535_z027,ACRIN-6698-202535,2,0,spy2,0.60124934,train,2026,weighted,False
ACRIN-6698-202535_z028,ACRIN-6698-202535,2,0,spy2,0.6013687,train,2026,weighted,False
ACRIN-6698-202535_z029,ACRIN-6698-202535,2,0,spy2,0.60138553,train,2026,weighted,False
ACRIN-6698-202535_z030,ACRIN-6698-202535,2,0,spy2,0.6016439,train,2026,weighted,False
ACRIN-6698-202535_z031,ACRIN-6698-202535,2,0,spy2,0.6020774,train,2026,weighted,False
ISPY2-478055_z011,ISPY2-478055,2,0,spy2,0.32001415,train,2026,weighted,False
ISPY2-478055_z012,ISPY2-478055,2,0,spy2,0.3188302,train,2026,weighted,False
ISPY2-478055_z013,ISPY2-478055,2,0,spy2,0.31945977,train,2026,weighted,False
ISPY2-478055_z014,ISPY2-478055,2,0,spy2,0.31793997,train,2026,weighted,False
ISPY2-478055_z016,ISPY2-478055,2,0,spy2,0.32088915,train,2026,weighted,False
ISPY2-478055_z017,ISPY2-478055,2,0,spy2,0.3193553,train,2026,weighted,False
ISPY2-478055_z018,ISPY2-478055,2,0,spy2,0.31983933,train,2026,weighted,False
ISPY2-478055_z019,ISPY2-478055,2,0,spy2,0.31743497,train,2026,weighted,False
ISPY2-478055_z020,ISPY2-478055,2,0,spy2,0.31812894,train,2026,weighted,False
ISPY2-478055_z021,ISPY2-478055,2,0,spy2,0.3192345,train,2026,weighted,False
ISPY2-395249_z012,ISPY2-395249,2,0,spy2,0.51448834,train,2026,weighted,False
ISPY2-395249_z013,ISPY2-395249,2,0,spy2,0.5177541,train,2026,weighted,False
ISPY2-395249_z014,ISPY2-395249,2,0,spy2,0.5266646,train,2026,weighted,False
ISPY2-395249_z015,ISPY2-395249,2,0,spy2,0.5315224,train,2026,weighted,False
ISPY2-395249_z016,ISPY2-395249,2,0,spy2,0.538964,train,2026,weighted,False
ISPY2-395249_z017,ISPY2-395249,2,0,spy2,0.5384444,train,2026,weighted,False
ISPY2-395249_z018,ISPY2-395249,2,0,spy2,0.5268412,train,2026,weighted,False
ISPY2-395249_z019,ISPY2-395249,2,0,spy2,0.5310103,train,2026,weighted,False
ISPY2-395249_z020,ISPY2-395249,2,0,spy2,0.5314123,train,2026,weighted,False
ISPY2-395249_z021,ISPY2-395249,2,0,spy2,0.5309015,train,2026,weighted,False
ISPY2-924812_z014,ISPY2-924812,2,0,spy2,0.60209465,train,2026,weighted,False
ISPY2-924812_z015,ISPY2-924812,2,0,spy2,0.6009641,train,2026,weighted,False
ISPY2-924812_z016,ISPY2-924812,2,0,spy2,0.5958885,train,2026,weighted,False
ISPY2-924812_z017,ISPY2-924812,2,0,spy2,0.5843945,train,2026,weighted,False
ISPY2-924812_z018,ISPY2-924812,2,0,spy2,0.5768726,train,2026,weighted,False
ISPY2-924812_z019,ISPY2-924812,2,0,spy2,0.57913196,train,2026,weighted,False
ISPY2-924812_z020,ISPY2-924812,2,0,spy2,0.5812878,train,2026,weighted,False
ISPY2-924812_z021,ISPY2-924812,2,0,spy2,0.579033,train,2026,weighted,False
ISPY2-924812_z022,ISPY2-924812,2,0,spy2,0.5694964,train,2026,weighted,False
ISPY2-924812_z023,ISPY2-924812,2,0,spy2,0.55844325,train,2026,weighted,False
ACRIN-6698-879224_z023,ACRIN-6698-879224,2,0,spy2,0.6800892,train,2026,weighted,False
ACRIN-6698-879224_z024,ACRIN-6698-879224,2,0,spy2,0.6775498,train,2026,weighted,False
ACRIN-6698-879224_z025,ACRIN-6698-879224,2,0,spy2,0.6674329,train,2026,weighted,False
ACRIN-6698-879224_z026,ACRIN-6698-879224,2,0,spy2,0.66646993,train,2026,weighted,False
ACRIN-6698-879224_z027,ACRIN-6698-879224,2,0,spy2,0.67697686,train,2026,weighted,False
ACRIN-6698-879224_z028,ACRIN-6698-879224,2,0,spy2,0.6787407,train,2026,weighted,False
ACRIN-6698-879224_z029,ACRIN-6698-879224,2,0,spy2,0.67910963,train,2026,weighted,False
ACRIN-6698-879224_z030,ACRIN-6698-879224,2,0,spy2,0.67943394,train,2026,weighted,False
ACRIN-6698-879224_z031,ACRIN-6698-879224,2,0,spy2,0.6796348,train,2026,weighted,False
ACRIN-6698-879224_z032,ACRIN-6698-879224,2,0,spy2,0.6782481,train,2026,weighted,False
ISPY2-752469_z021,ISPY2-752469,2,0,spy2,0.5855745,train,2026,weighted,False
ISPY2-752469_z022,ISPY2-752469,2,0,spy2,0.58476734,train,2026,weighted,False
ISPY2-752469_z023,ISPY2-752469,2,0,spy2,0.5848185,train,2026,weighted,False
ISPY2-752469_z024,ISPY2-752469,2,0,spy2,0.5847273,train,2026,weighted,False
ISPY2-752469_z025,ISPY2-752469,2,0,spy2,0.58390814,train,2026,weighted,False
ISPY2-752469_z026,ISPY2-752469,2,0,spy2,0.5840936,train,2026,weighted,False
ISPY2-752469_z028,ISPY2-752469,2,0,spy2,0.5891313,train,2026,weighted,False
ISPY2-752469_z030,ISPY2-752469,2,0,spy2,0.590443,train,2026,weighted,False
ISPY2-752469_z031,ISPY2-752469,2,0,spy2,0.59197444,train,2026,weighted,False
ISPY2-752469_z032,ISPY2-752469,2,0,spy2,0.59231323,train,2026,weighted,False
ACRIN-6698-664111_z005,ACRIN-6698-664111,2,1,spy2,0.644744,train,2026,weighted,False
ACRIN-6698-664111_z006,ACRIN-6698-664111,2,1,spy2,0.64422387,train,2026,weighted,False
ACRIN-6698-664111_z007,ACRIN-6698-664111,2,1,spy2,0.6425378,train,2026,weighted,False
ACRIN-6698-664111_z008,ACRIN-6698-664111,2,1,spy2,0.64290166,train,2026,weighted,False
ACRIN-6698-664111_z009,ACRIN-6698-664111,2,1,spy2,0.6438462,train,2026,weighted,False
ACRIN-6698-664111_z010,ACRIN-6698-664111,2,1,spy2,0.6434211,train,2026,weighted,False
ACRIN-6698-664111_z011,ACRIN-6698-664111,2,1,spy2,0.6421058,train,2026,weighted,False
ACRIN-6698-664111_z012,ACRIN-6698-664111,2,1,spy2,0.6430709,train,2026,weighted,False
ACRIN-6698-664111_z013,ACRIN-6698-664111,2,1,spy2,0.64230984,train,2026,weighted,False
ACRIN-6698-664111_z014,ACRIN-6698-664111,2,1,spy2,0.63976103,train,2026,weighted,False
ISPY2-375455_z008,ISPY2-375455,2,0,spy2,0.58281434,train,2026,weighted,False
ISPY2-375455_z009,ISPY2-375455,2,0,spy2,0.58279216,train,2026,weighted,False
ISPY2-375455_z010,ISPY2-375455,2,0,spy2,0.582839,train,2026,weighted,False
ISPY2-375455_z011,ISPY2-375455,2,0,spy2,0.58285373,train,2026,weighted,False
ISPY2-375455_z012,ISPY2-375455,2,0,spy2,0.58285767,train,2026,weighted,False
ISPY2-375455_z013,ISPY2-375455,2,0,spy2,0.58283746,train,2026,weighted,False
ISPY2-375455_z014,ISPY2-375455,2,0,spy2,0.58297193,train,2026,weighted,False
ISPY2-375455_z015,ISPY2-375455,2,0,spy2,0.5830158,train,2026,weighted,False
ISPY2-375455_z016,ISPY2-375455,2,0,spy2,0.58300066,train,2026,weighted,False
ISPY2-375455_z017,ISPY2-375455,2,0,spy2,0.5829498,train,2026,weighted,False
ISPY2-820348_z007,ISPY2-820348,2,0,spy2,0.3905219,train,2026,weighted,False
ISPY2-820348_z008,ISPY2-820348,2,0,spy2,0.39165032,train,2026,weighted,False
ISPY2-820348_z009,ISPY2-820348,2,0,spy2,0.39369115,train,2026,weighted,False
ISPY2-820348_z010,ISPY2-820348,2,0,spy2,0.39543706,train,2026,weighted,False
ISPY2-820348_z011,ISPY2-820348,2,0,spy2,0.39511326,train,2026,weighted,False
ISPY2-820348_z012,ISPY2-820348,2,0,spy2,0.39475757,train,2026,weighted,False
ISPY2-820348_z013,ISPY2-820348,2,0,spy2,0.39587837,train,2026,weighted,False
ISPY2-820348_z014,ISPY2-820348,2,0,spy2,0.39628297,train,2026,weighted,False
ISPY2-820348_z015,ISPY2-820348,2,0,spy2,0.39625838,train,2026,weighted,False
ISPY2-820348_z016,ISPY2-820348,2,0,spy2,0.39831227,train,2026,weighted,False
ISPY2-218249_z006,ISPY2-218249,2,0,spy2,0.2172585,train,2026,weighted,False
ISPY2-218249_z007,ISPY2-218249,2,0,spy2,0.21975031,train,2026,weighted,False
ISPY2-218249_z008,ISPY2-218249,2,0,spy2,0.22301473,train,2026,weighted,False
ISPY2-218249_z009,ISPY2-218249,2,0,spy2,0.22269687,train,2026,weighted,False
ISPY2-218249_z010,ISPY2-218249,2,0,spy2,0.22277494,train,2026,weighted,False
ISPY2-218249_z011,ISPY2-218249,2,0,spy2,0.22344333,train,2026,weighted,False
ISPY2-218249_z012,ISPY2-218249,2,0,spy2,0.22256112,train,2026,weighted,False
ISPY2-218249_z013,ISPY2-218249,2,0,spy2,0.22554377,train,2026,weighted,False
ISPY2-218249_z014,ISPY2-218249,2,0,spy2,0.23071243,train,2026,weighted,False
ISPY2-218249_z015,ISPY2-218249,2,0,spy2,0.23007,train,2026,weighted,False
ACRIN-6698-938719_z019,ACRIN-6698-938719,2,0,spy2,0.21231417,train,2026,weighted,False
ACRIN-6698-938719_z020,ACRIN-6698-938719,2,0,spy2,0.21029603,train,2026,weighted,False
ACRIN-6698-938719_z021,ACRIN-6698-938719,2,0,spy2,0.20265967,train,2026,weighted,False
ACRIN-6698-938719_z022,ACRIN-6698-938719,2,0,spy2,0.20525442,train,2026,weighted,False
ACRIN-6698-938719_z023,ACRIN-6698-938719,2,0,spy2,0.21428184,train,2026,weighted,False
ACRIN-6698-938719_z024,ACRIN-6698-938719,2,0,spy2,0.21189609,train,2026,weighted,False
ACRIN-6698-938719_z025,ACRIN-6698-938719,2,0,spy2,0.21119471,train,2026,weighted,False
ACRIN-6698-938719_z026,ACRIN-6698-938719,2,0,spy2,0.20898859,train,2026,weighted,False
ACRIN-6698-938719_z027,ACRIN-6698-938719,2,0,spy2,0.20833021,train,2026,weighted,False
ACRIN-6698-938719_z028,ACRIN-6698-938719,2,0,spy2,0.2057455,train,2026,weighted,False
ISPY2-367682_z007,ISPY2-367682,2,0,spy2,0.51811665,train,2026,weighted,False
ISPY2-367682_z008,ISPY2-367682,2,0,spy2,0.5083223,train,2026,weighted,False
ISPY2-367682_z009,ISPY2-367682,2,0,spy2,0.51152736,train,2026,weighted,False
ISPY2-367682_z010,ISPY2-367682,2,0,spy2,0.50640756,train,2026,weighted,False
ISPY2-367682_z011,ISPY2-367682,2,0,spy2,0.52062696,train,2026,weighted,False
ISPY2-367682_z012,ISPY2-367682,2,0,spy2,0.52458507,train,2026,weighted,False
ISPY2-367682_z013,ISPY2-367682,2,0,spy2,0.53811264,train,2026,weighted,False
ISPY2-367682_z014,ISPY2-367682,2,0,spy2,0.540513,train,2026,weighted,False
ISPY2-367682_z015,ISPY2-367682,2,0,spy2,0.5404473,train,2026,weighted,False
ISPY2-367682_z016,ISPY2-367682,2,0,spy2,0.55049187,train,2026,weighted,False
ACRIN-6698-397505_z014,ACRIN-6698-397505,2,1,spy2,0.60990226,train,2026,weighted,False
ACRIN-6698-397505_z015,ACRIN-6698-397505,2,1,spy2,0.6115139,train,2026,weighted,False
ACRIN-6698-397505_z016,ACRIN-6698-397505,2,1,spy2,0.61348915,train,2026,weighted,False
ACRIN-6698-397505_z017,ACRIN-6698-397505,2,1,spy2,0.6151885,train,2026,weighted,False
ACRIN-6698-397505_z018,ACRIN-6698-397505,2,1,spy2,0.61721677,train,2026,weighted,False
ACRIN-6698-397505_z019,ACRIN-6698-397505,2,1,spy2,0.61913794,train,2026,weighted,False
ACRIN-6698-397505_z020,ACRIN-6698-397505,2,1,spy2,0.62091714,train,2026,weighted,False
ACRIN-6698-397505_z021,ACRIN-6698-397505,2,1,spy2,0.62121105,train,2026,weighted,False
ACRIN-6698-397505_z022,ACRIN-6698-397505,2,1,spy2,0.6212576,train,2026,weighted,False
ACRIN-6698-397505_z023,ACRIN-6698-397505,2,1,spy2,0.6213607,train,2026,weighted,False
ISPY2-965265_z008,ISPY2-965265,2,0,spy2,0.5232189,train,2026,weighted,False
ISPY2-965265_z009,ISPY2-965265,2,0,spy2,0.5234177,train,2026,weighted,False
ISPY2-965265_z010,ISPY2-965265,2,0,spy2,0.5236468,train,2026,weighted,False
ISPY2-965265_z011,ISPY2-965265,2,0,spy2,0.5236841,train,2026,weighted,False
ISPY2-965265_z012,ISPY2-965265,2,0,spy2,0.5237183,train,2026,weighted,False
ISPY2-965265_z013,ISPY2-965265,2,0,spy2,0.5232754,train,2026,weighted,False
ISPY2-965265_z014,ISPY2-965265,2,0,spy2,0.522264,train,2026,weighted,False
ISPY2-965265_z015,ISPY2-965265,2,0,spy2,0.52212393,train,2026,weighted,False
ISPY2-965265_z016,ISPY2-965265,2,0,spy2,0.5231069,train,2026,weighted,False
ISPY2-965265_z017,ISPY2-965265,2,0,spy2,0.52266616,train,2026,weighted,False
ACRIN-6698-150547_z007,ACRIN-6698-150547,2,0,spy2,0.29284275,train,2026,weighted,False
ACRIN-6698-150547_z008,ACRIN-6698-150547,2,0,spy2,0.29262602,train,2026,weighted,False
ACRIN-6698-150547_z009,ACRIN-6698-150547,2,0,spy2,0.29238757,train,2026,weighted,False
ACRIN-6698-150547_z010,ACRIN-6698-150547,2,0,spy2,0.29229262,train,2026,weighted,False
ACRIN-6698-150547_z011,ACRIN-6698-150547,2,0,spy2,0.2886503,train,2026,weighted,False
ACRIN-6698-150547_z012,ACRIN-6698-150547,2,0,spy2,0.28622943,train,2026,weighted,False
ACRIN-6698-150547_z013,ACRIN-6698-150547,2,0,spy2,0.28536677,train,2026,weighted,False
ACRIN-6698-150547_z014,ACRIN-6698-150547,2,0,spy2,0.28470677,train,2026,weighted,False
ACRIN-6698-150547_z015,ACRIN-6698-150547,2,0,spy2,0.284647,train,2026,weighted,False
ACRIN-6698-150547_z016,ACRIN-6698-150547,2,0,spy2,0.28453144,train,2026,weighted,False
ACRIN-6698-118307_z013,ACRIN-6698-118307,2,0,spy2,0.59272015,train,2026,weighted,False
ACRIN-6698-118307_z014,ACRIN-6698-118307,2,0,spy2,0.59200174,train,2026,weighted,False
ACRIN-6698-118307_z015,ACRIN-6698-118307,2,0,spy2,0.5909894,train,2026,weighted,False
ACRIN-6698-118307_z016,ACRIN-6698-118307,2,0,spy2,0.591174,train,2026,weighted,False
ACRIN-6698-118307_z017,ACRIN-6698-118307,2,0,spy2,0.58980274,train,2026,weighted,False
ACRIN-6698-118307_z018,ACRIN-6698-118307,2,0,spy2,0.58970916,train,2026,weighted,False
ACRIN-6698-118307_z019,ACRIN-6698-118307,2,0,spy2,0.5885741,train,2026,weighted,False
ACRIN-6698-118307_z020,ACRIN-6698-118307,2,0,spy2,0.58645767,train,2026,weighted,False
ACRIN-6698-118307_z021,ACRIN-6698-118307,2,0,spy2,0.58422476,train,2026,weighted,False
ACRIN-6698-118307_z022,ACRIN-6698-118307,2,0,spy2,0.58350265,train,2026,weighted,False
ISPY2-706943_z034,ISPY2-706943,2,0,spy2,0.7198892,train,2026,weighted,False
ISPY2-706943_z035,ISPY2-706943,2,0,spy2,0.7197969,train,2026,weighted,False
ISPY2-706943_z036,ISPY2-706943,2,0,spy2,0.7201814,train,2026,weighted,False
ISPY2-706943_z038,ISPY2-706943,2,0,spy2,0.71968395,train,2026,weighted,False
ISPY2-706943_z040,ISPY2-706943,2,0,spy2,0.719707,train,2026,weighted,False
ISPY2-706943_z041,ISPY2-706943,2,0,spy2,0.71985066,train,2026,weighted,False
ISPY2-706943_z042,ISPY2-706943,2,0,spy2,0.72114044,train,2026,weighted,False
ISPY2-706943_z043,ISPY2-706943,2,0,spy2,0.72116506,train,2026,weighted,False
ISPY2-706943_z044,ISPY2-706943,2,0,spy2,0.7208209,train,2026,weighted,False
ISPY2-706943_z045,ISPY2-706943,2,0,spy2,0.7187804,train,2026,weighted,False
ISPY2-591079_z005,ISPY2-591079,2,1,spy2,0.7036412,train,2026,weighted,False
ISPY2-591079_z006,ISPY2-591079,2,1,spy2,0.7039984,train,2026,weighted,False
ISPY2-591079_z007,ISPY2-591079,2,1,spy2,0.7009134,train,2026,weighted,False
ISPY2-591079_z008,ISPY2-591079,2,1,spy2,0.7007474,train,2026,weighted,False
ISPY2-591079_z009,ISPY2-591079,2,1,spy2,0.6984637,train,2026,weighted,False
ISPY2-591079_z010,ISPY2-591079,2,1,spy2,0.6977561,train,2026,weighted,False
ISPY2-591079_z011,ISPY2-591079,2,1,spy2,0.6963942,train,2026,weighted,False
ISPY2-591079_z012,ISPY2-591079,2,1,spy2,0.6964742,train,2026,weighted,False
ISPY2-591079_z013,ISPY2-591079,2,1,spy2,0.69720227,train,2026,weighted,False
ISPY2-591079_z014,ISPY2-591079,2,1,spy2,0.69867355,train,2026,weighted,False
ISPY2-924895_z016,ISPY2-924895,2,0,spy2,0.22654128,train,2026,weighted,False
ISPY2-924895_z017,ISPY2-924895,2,0,spy2,0.22654521,train,2026,weighted,False
ISPY2-924895_z018,ISPY2-924895,2,0,spy2,0.22658028,train,2026,weighted,False
ISPY2-924895_z019,ISPY2-924895,2,0,spy2,0.22664489,train,2026,weighted,False
ISPY2-924895_z020,ISPY2-924895,2,0,spy2,0.22675282,train,2026,weighted,False
ISPY2-924895_z021,ISPY2-924895,2,0,spy2,0.22672641,train,2026,weighted,False
ISPY2-924895_z022,ISPY2-924895,2,0,spy2,0.22667463,train,2026,weighted,False
ISPY2-924895_z023,ISPY2-924895,2,0,spy2,0.22661237,train,2026,weighted,False
ISPY2-924895_z024,ISPY2-924895,2,0,spy2,0.22656935,train,2026,weighted,False
ISPY2-924895_z025,ISPY2-924895,2,0,spy2,0.22658166,train,2026,weighted,False
ISPY2-125418_z036,ISPY2-125418,2,0,spy2,0.3195386,train,2026,weighted,False
ISPY2-125418_z037,ISPY2-125418,2,0,spy2,0.31962922,train,2026,weighted,False
ISPY2-125418_z038,ISPY2-125418,2,0,spy2,0.31967425,train,2026,weighted,False
ISPY2-125418_z039,ISPY2-125418,2,0,spy2,0.31953672,train,2026,weighted,False
ISPY2-125418_z040,ISPY2-125418,2,0,spy2,0.32016483,train,2026,weighted,False
ISPY2-125418_z041,ISPY2-125418,2,0,spy2,0.32052487,train,2026,weighted,False
ISPY2-125418_z042,ISPY2-125418,2,0,spy2,0.3205568,train,2026,weighted,False
ISPY2-125418_z043,ISPY2-125418,2,0,spy2,0.3206661,train,2026,weighted,False
ISPY2-125418_z044,ISPY2-125418,2,0,spy2,0.3202964,train,2026,weighted,False
ISPY2-125418_z045,ISPY2-125418,2,0,spy2,0.32049066,train,2026,weighted,False
ISPY2-719713_z022,ISPY2-719713,2,0,spy2,0.284901,train,2026,weighted,False
ISPY2-719713_z023,ISPY2-719713,2,0,spy2,0.2836313,train,2026,weighted,False
ISPY2-719713_z024,ISPY2-719713,2,0,spy2,0.28462476,train,2026,weighted,False
ISPY2-719713_z025,ISPY2-719713,2,0,spy2,0.2933096,train,2026,weighted,False
ISPY2-719713_z026,ISPY2-719713,2,0,spy2,0.2966735,train,2026,weighted,False
ISPY2-719713_z027,ISPY2-719713,2,0,spy2,0.2942274,train,2026,weighted,False
ISPY2-719713_z028,ISPY2-719713,2,0,spy2,0.2957869,train,2026,weighted,False
ISPY2-719713_z029,ISPY2-719713,2,0,spy2,0.2931417,train,2026,weighted,False
ISPY2-719713_z030,ISPY2-719713,2,0,spy2,0.28706858,train,2026,weighted,False
ISPY2-719713_z031,ISPY2-719713,2,0,spy2,0.28482297,train,2026,weighted,False
ISPY2-282644_z003,ISPY2-282644,2,0,spy2,0.5459409,train,2026,weighted,False
ISPY2-282644_z004,ISPY2-282644,2,0,spy2,0.5399825,train,2026,weighted,False
ISPY2-282644_z005,ISPY2-282644,2,0,spy2,0.53477985,train,2026,weighted,False
ISPY2-282644_z006,ISPY2-282644,2,0,spy2,0.5333824,train,2026,weighted,False
ISPY2-282644_z007,ISPY2-282644,2,0,spy2,0.5342993,train,2026,weighted,False
ISPY2-282644_z008,ISPY2-282644,2,0,spy2,0.5400701,train,2026,weighted,False
ISPY2-282644_z009,ISPY2-282644,2,0,spy2,0.5407405,train,2026,weighted,False
ISPY2-282644_z010,ISPY2-282644,2,0,spy2,0.5291085,train,2026,weighted,False
ISPY2-282644_z011,ISPY2-282644,2,0,spy2,0.5247338,train,2026,weighted,False
ISPY2-282644_z012,ISPY2-282644,2,0,spy2,0.49530768,train,2026,weighted,False
ACRIN-6698-355942_z013,ACRIN-6698-355942,2,0,spy2,0.24021633,train,2026,weighted,False
ACRIN-6698-355942_z014,ACRIN-6698-355942,2,0,spy2,0.24630822,train,2026,weighted,False
ACRIN-6698-355942_z015,ACRIN-6698-355942,2,0,spy2,0.24800232,train,2026,weighted,False
ACRIN-6698-355942_z016,ACRIN-6698-355942,2,0,spy2,0.245529,train,2026,weighted,False
ACRIN-6698-355942_z017,ACRIN-6698-355942,2,0,spy2,0.24685654,train,2026,weighted,False
ACRIN-6698-355942_z018,ACRIN-6698-355942,2,0,spy2,0.25138718,train,2026,weighted,False
ACRIN-6698-355942_z019,ACRIN-6698-355942,2,0,spy2,0.25076133,train,2026,weighted,False
ACRIN-6698-355942_z020,ACRIN-6698-355942,2,0,spy2,0.24097268,train,2026,weighted,False
ACRIN-6698-355942_z023,ACRIN-6698-355942,2,0,spy2,0.2406237,train,2026,weighted,False
ACRIN-6698-355942_z024,ACRIN-6698-355942,2,0,spy2,0.242907,train,2026,weighted,False
ISPY2-420523_z016,ISPY2-420523,2,0,spy2,0.57625353,train,2026,weighted,False
ISPY2-420523_z017,ISPY2-420523,2,0,spy2,0.5591194,train,2026,weighted,False
ISPY2-420523_z018,ISPY2-420523,2,0,spy2,0.5455048,train,2026,weighted,False
ISPY2-420523_z019,ISPY2-420523,2,0,spy2,0.5233721,train,2026,weighted,False
ISPY2-420523_z020,ISPY2-420523,2,0,spy2,0.49661005,train,2026,weighted,False
ISPY2-420523_z021,ISPY2-420523,2,0,spy2,0.47456604,train,2026,weighted,False
ISPY2-420523_z022,ISPY2-420523,2,0,spy2,0.46865848,train,2026,weighted,False
ISPY2-420523_z023,ISPY2-420523,2,0,spy2,0.4448753,train,2026,weighted,False
ISPY2-420523_z024,ISPY2-420523,2,0,spy2,0.41750753,train,2026,weighted,False
ISPY2-420523_z025,ISPY2-420523,2,0,spy2,0.3923432,train,2026,weighted,False
ISPY2-145513_z018,ISPY2-145513,2,0,spy2,0.6419173,train,2026,weighted,False
ISPY2-145513_z019,ISPY2-145513,2,0,spy2,0.64203024,train,2026,weighted,False
ISPY2-145513_z020,ISPY2-145513,2,0,spy2,0.6473871,train,2026,weighted,False
ISPY2-145513_z021,ISPY2-145513,2,0,spy2,0.647591,train,2026,weighted,False
ISPY2-145513_z022,ISPY2-145513,2,0,spy2,0.64376223,train,2026,weighted,False
ISPY2-145513_z023,ISPY2-145513,2,0,spy2,0.64431614,train,2026,weighted,False
ISPY2-145513_z024,ISPY2-145513,2,0,spy2,0.64587486,train,2026,weighted,False
ISPY2-145513_z025,ISPY2-145513,2,0,spy2,0.643006,train,2026,weighted,False
ISPY2-145513_z027,ISPY2-145513,2,0,spy2,0.64553326,train,2026,weighted,False
ISPY2-145513_z029,ISPY2-145513,2,0,spy2,0.6454923,train,2026,weighted,False
ISPY2-957408_z004,ISPY2-957408,2,0,spy2,0.39019278,train,2026,weighted,False
ISPY2-957408_z005,ISPY2-957408,2,0,spy2,0.4086428,train,2026,weighted,False
ISPY2-957408_z006,ISPY2-957408,2,0,spy2,0.41919062,train,2026,weighted,False
ISPY2-957408_z007,ISPY2-957408,2,0,spy2,0.42054012,train,2026,weighted,False
ISPY2-957408_z013,ISPY2-957408,2,0,spy2,0.4272109,train,2026,weighted,False
ISPY2-957408_z014,ISPY2-957408,2,0,spy2,0.43341023,train,2026,weighted,False
ISPY2-957408_z015,ISPY2-957408,2,0,spy2,0.4353323,train,2026,weighted,False
ISPY2-957408_z016,ISPY2-957408,2,0,spy2,0.4363722,train,2026,weighted,False
ISPY2-957408_z017,ISPY2-957408,2,0,spy2,0.4378464,train,2026,weighted,False
ISPY2-957408_z018,ISPY2-957408,2,0,spy2,0.43833143,train,2026,weighted,False
ISPY2-460776_z001,ISPY2-460776,2,1,spy2,0.3092066,train,2026,weighted,False
ISPY2-460776_z002,ISPY2-460776,2,1,spy2,0.3139292,train,2026,weighted,False
ISPY2-460776_z003,ISPY2-460776,2,1,spy2,0.31427646,train,2026,weighted,False
ISPY2-460776_z004,ISPY2-460776,2,1,spy2,0.31698522,train,2026,weighted,False
ISPY2-460776_z005,ISPY2-460776,2,1,spy2,0.31635195,train,2026,weighted,False
ISPY2-460776_z006,ISPY2-460776,2,1,spy2,0.31837365,train,2026,weighted,False
ISPY2-460776_z007,ISPY2-460776,2,1,spy2,0.31918374,train,2026,weighted,False
ISPY2-460776_z008,ISPY2-460776,2,1,spy2,0.31634977,train,2026,weighted,False
ISPY2-460776_z009,ISPY2-460776,2,1,spy2,0.3148411,train,2026,weighted,False
ISPY2-460776_z010,ISPY2-460776,2,1,spy2,0.3120786,train,2026,weighted,False
ISPY2-267306_z042,ISPY2-267306,2,1,spy2,0.47460574,train,2026,weighted,False
ISPY2-267306_z049,ISPY2-267306,2,1,spy2,0.47453314,train,2026,weighted,False
ISPY2-267306_z050,ISPY2-267306,2,1,spy2,0.47450405,train,2026,weighted,False
ISPY2-267306_z051,ISPY2-267306,2,1,spy2,0.47450975,train,2026,weighted,False
ISPY2-267306_z052,ISPY2-267306,2,1,spy2,0.4745042,train,2026,weighted,False
ISPY2-267306_z053,ISPY2-267306,2,1,spy2,0.47429365,train,2026,weighted,False
ISPY2-267306_z054,ISPY2-267306,2,1,spy2,0.47441843,train,2026,weighted,False
ISPY2-267306_z055,ISPY2-267306,2,1,spy2,0.4745178,train,2026,weighted,False
ISPY2-267306_z056,ISPY2-267306,2,1,spy2,0.47448993,train,2026,weighted,False
ISPY2-267306_z057,ISPY2-267306,2,1,spy2,0.47453073,train,2026,weighted,False
ISPY2-862244_z015,ISPY2-862244,2,0,spy2,0.65450853,train,2026,weighted,False
ISPY2-862244_z016,ISPY2-862244,2,0,spy2,0.668269,train,2026,weighted,False
ISPY2-862244_z017,ISPY2-862244,2,0,spy2,0.6778064,train,2026,weighted,False
ISPY2-862244_z018,ISPY2-862244,2,0,spy2,0.68436265,train,2026,weighted,False
ISPY2-862244_z019,ISPY2-862244,2,0,spy2,0.6843103,train,2026,weighted,False
ISPY2-862244_z020,ISPY2-862244,2,0,spy2,0.6843857,train,2026,weighted,False
ISPY2-862244_z021,ISPY2-862244,2,0,spy2,0.68679833,train,2026,weighted,False
ISPY2-862244_z022,ISPY2-862244,2,0,spy2,0.6898183,train,2026,weighted,False
ISPY2-862244_z023,ISPY2-862244,2,0,spy2,0.6921766,train,2026,weighted,False
ISPY2-862244_z024,ISPY2-862244,2,0,spy2,0.6933387,train,2026,weighted,False
ISPY2-455828_z020,ISPY2-455828,2,1,spy2,0.23368268,train,2026,weighted,False
ISPY2-455828_z021,ISPY2-455828,2,1,spy2,0.23373106,train,2026,weighted,False
ISPY2-455828_z022,ISPY2-455828,2,1,spy2,0.23377135,train,2026,weighted,False
ISPY2-455828_z023,ISPY2-455828,2,1,spy2,0.23384981,train,2026,weighted,False
ISPY2-455828_z024,ISPY2-455828,2,1,spy2,0.2339123,train,2026,weighted,False
ISPY2-455828_z025,ISPY2-455828,2,1,spy2,0.23392953,train,2026,weighted,False
ISPY2-455828_z026,ISPY2-455828,2,1,spy2,0.2339272,train,2026,weighted,False
ISPY2-455828_z027,ISPY2-455828,2,1,spy2,0.23400374,train,2026,weighted,False
ISPY2-455828_z028,ISPY2-455828,2,1,spy2,0.23403452,train,2026,weighted,False
ISPY2-455828_z029,ISPY2-455828,2,1,spy2,0.23406619,train,2026,weighted,False
ISPY2-439489_z011,ISPY2-439489,2,0,spy2,0.2913175,train,2026,weighted,False
ISPY2-439489_z012,ISPY2-439489,2,0,spy2,0.2890448,train,2026,weighted,False
ISPY2-439489_z013,ISPY2-439489,2,0,spy2,0.28727305,train,2026,weighted,False
ISPY2-439489_z014,ISPY2-439489,2,0,spy2,0.285926,train,2026,weighted,False
ISPY2-439489_z016,ISPY2-439489,2,0,spy2,0.27526462,train,2026,weighted,False
ISPY2-439489_z017,ISPY2-439489,2,0,spy2,0.2767141,train,2026,weighted,False
ISPY2-439489_z018,ISPY2-439489,2,0,spy2,0.2792212,train,2026,weighted,False
ISPY2-439489_z019,ISPY2-439489,2,0,spy2,0.27636838,train,2026,weighted,False
ISPY2-439489_z020,ISPY2-439489,2,0,spy2,0.28565016,train,2026,weighted,False
ISPY2-439489_z021,ISPY2-439489,2,0,spy2,0.28691405,train,2026,weighted,False
ACRIN-6698-255388_z016,ACRIN-6698-255388,2,1,spy2,0.81122977,train,2026,weighted,False
ACRIN-6698-255388_z017,ACRIN-6698-255388,2,1,spy2,0.8109664,train,2026,weighted,False
ACRIN-6698-255388_z018,ACRIN-6698-255388,2,1,spy2,0.8114147,train,2026,weighted,False
ACRIN-6698-255388_z019,ACRIN-6698-255388,2,1,spy2,0.8114213,train,2026,weighted,False
ACRIN-6698-255388_z020,ACRIN-6698-255388,2,1,spy2,0.81152624,train,2026,weighted,False
ACRIN-6698-255388_z021,ACRIN-6698-255388,2,1,spy2,0.81246006,train,2026,weighted,False
ACRIN-6698-255388_z022,ACRIN-6698-255388,2,1,spy2,0.8122647,train,2026,weighted,False
ACRIN-6698-255388_z023,ACRIN-6698-255388,2,1,spy2,0.81146604,train,2026,weighted,False
ACRIN-6698-255388_z024,ACRIN-6698-255388,2,1,spy2,0.8112293,train,2026,weighted,False
ACRIN-6698-255388_z026,ACRIN-6698-255388,2,1,spy2,0.81021315,train,2026,weighted,False
ISPY2-790722_z023,ISPY2-790722,2,0,spy2,0.49566144,train,2026,weighted,False
ISPY2-790722_z024,ISPY2-790722,2,0,spy2,0.4956386,train,2026,weighted,False
ISPY2-790722_z025,ISPY2-790722,2,0,spy2,0.49563205,train,2026,weighted,False
ISPY2-790722_z026,ISPY2-790722,2,0,spy2,0.49403194,train,2026,weighted,False
ISPY2-790722_z027,ISPY2-790722,2,0,spy2,0.49227315,train,2026,weighted,False
ISPY2-790722_z028,ISPY2-790722,2,0,spy2,0.49402526,train,2026,weighted,False
ISPY2-790722_z029,ISPY2-790722,2,0,spy2,0.49362105,train,2026,weighted,False
ISPY2-790722_z030,ISPY2-790722,2,0,spy2,0.4918071,train,2026,weighted,False
ISPY2-790722_z031,ISPY2-790722,2,0,spy2,0.494352,train,2026,weighted,False
ISPY2-790722_z032,ISPY2-790722,2,0,spy2,0.49595022,train,2026,weighted,False
ISPY2-228192_z013,ISPY2-228192,2,0,spy2,0.5398126,train,2026,weighted,False
ISPY2-228192_z014,ISPY2-228192,2,0,spy2,0.5425784,train,2026,weighted,False
ISPY2-228192_z015,ISPY2-228192,2,0,spy2,0.5448653,train,2026,weighted,False
ISPY2-228192_z016,ISPY2-228192,2,0,spy2,0.54862374,train,2026,weighted,False
ISPY2-228192_z017,ISPY2-228192,2,0,spy2,0.5509722,train,2026,weighted,False
ISPY2-228192_z018,ISPY2-228192,2,0,spy2,0.54932517,train,2026,weighted,False
ISPY2-228192_z019,ISPY2-228192,2,0,spy2,0.54485536,train,2026,weighted,False
ISPY2-228192_z020,ISPY2-228192,2,0,spy2,0.5392549,train,2026,weighted,False
ISPY2-228192_z021,ISPY2-228192,2,0,spy2,0.5371584,train,2026,weighted,False
ISPY2-228192_z022,ISPY2-228192,2,0,spy2,0.53832924,train,2026,weighted,False
ACRIN-6698-641246_z023,ACRIN-6698-641246,2,1,spy2,0.5139109,train,2026,weighted,False
ACRIN-6698-641246_z024,ACRIN-6698-641246,2,1,spy2,0.5174536,train,2026,weighted,False
ACRIN-6698-641246_z025,ACRIN-6698-641246,2,1,spy2,0.5213809,train,2026,weighted,False
ACRIN-6698-641246_z026,ACRIN-6698-641246,2,1,spy2,0.5237442,train,2026,weighted,False
ACRIN-6698-641246_z027,ACRIN-6698-641246,2,1,spy2,0.5234536,train,2026,weighted,False
ACRIN-6698-641246_z028,ACRIN-6698-641246,2,1,spy2,0.52227473,train,2026,weighted,False
ACRIN-6698-641246_z029,ACRIN-6698-641246,2,1,spy2,0.52115244,train,2026,weighted,False
ACRIN-6698-641246_z030,ACRIN-6698-641246,2,1,spy2,0.52226305,train,2026,weighted,False
ACRIN-6698-641246_z031,ACRIN-6698-641246,2,1,spy2,0.5205343,train,2026,weighted,False
ACRIN-6698-641246_z032,ACRIN-6698-641246,2,1,spy2,0.5137932,train,2026,weighted,False
ISPY2-894128_z007,ISPY2-894128,2,1,spy2,0.601244,train,2026,weighted,False
ISPY2-894128_z008,ISPY2-894128,2,1,spy2,0.60125804,train,2026,weighted,False
ISPY2-894128_z009,ISPY2-894128,2,1,spy2,0.60116214,train,2026,weighted,False
ISPY2-894128_z010,ISPY2-894128,2,1,spy2,0.5999409,train,2026,weighted,False
ISPY2-894128_z011,ISPY2-894128,2,1,spy2,0.59899575,train,2026,weighted,False
ISPY2-894128_z012,ISPY2-894128,2,1,spy2,0.5989058,train,2026,weighted,False
ISPY2-894128_z013,ISPY2-894128,2,1,spy2,0.6001358,train,2026,weighted,False
ISPY2-894128_z014,ISPY2-894128,2,1,spy2,0.60011977,train,2026,weighted,False
ISPY2-894128_z016,ISPY2-894128,2,1,spy2,0.60063267,train,2026,weighted,False
ISPY2-894128_z017,ISPY2-894128,2,1,spy2,0.6008648,train,2026,weighted,False
ISPY2-628692_z043,ISPY2-628692,2,0,spy2,0.19694278,train,2026,weighted,False
ISPY2-628692_z044,ISPY2-628692,2,0,spy2,0.19649792,train,2026,weighted,False
ISPY2-628692_z045,ISPY2-628692,2,0,spy2,0.19568875,train,2026,weighted,False
ISPY2-628692_z046,ISPY2-628692,2,0,spy2,0.19554454,train,2026,weighted,False
ISPY2-628692_z047,ISPY2-628692,2,0,spy2,0.19523616,train,2026,weighted,False
ISPY2-628692_z048,ISPY2-628692,2,0,spy2,0.19573106,train,2026,weighted,False
ISPY2-628692_z049,ISPY2-628692,2,0,spy2,0.1957422,train,2026,weighted,False
ISPY2-628692_z050,ISPY2-628692,2,0,spy2,0.19667633,train,2026,weighted,False
ISPY2-628692_z051,ISPY2-628692,2,0,spy2,0.19731346,train,2026,weighted,False
ISPY2-628692_z053,ISPY2-628692,2,0,spy2,0.19747725,train,2026,weighted,False
ACRIN-6698-580632_z019,ACRIN-6698-580632,2,0,spy2,0.21081914,train,2026,weighted,False
ACRIN-6698-580632_z020,ACRIN-6698-580632,2,0,spy2,0.21088222,train,2026,weighted,False
ACRIN-6698-580632_z021,ACRIN-6698-580632,2,0,spy2,0.21090421,train,2026,weighted,False
ACRIN-6698-580632_z022,ACRIN-6698-580632,2,0,spy2,0.21090055,train,2026,weighted,False
ACRIN-6698-580632_z023,ACRIN-6698-580632,2,0,spy2,0.21099155,train,2026,weighted,False
ACRIN-6698-580632_z024,ACRIN-6698-580632,2,0,spy2,0.21103647,train,2026,weighted,False
ACRIN-6698-580632_z025,ACRIN-6698-580632,2,0,spy2,0.21109311,train,2026,weighted,False
ACRIN-6698-580632_z026,ACRIN-6698-580632,2,0,spy2,0.21112877,train,2026,weighted,False
ACRIN-6698-580632_z027,ACRIN-6698-580632,2,0,spy2,0.21117581,train,2026,weighted,False
ACRIN-6698-580632_z028,ACRIN-6698-580632,2,0,spy2,0.21114218,train,2026,weighted,False
ISPY2-944419_z004,ISPY2-944419,2,0,spy2,0.40806445,train,2026,weighted,False
ISPY2-944419_z005,ISPY2-944419,2,0,spy2,0.40812385,train,2026,weighted,False
ISPY2-944419_z006,ISPY2-944419,2,0,spy2,0.40814796,train,2026,weighted,False
ISPY2-944419_z007,ISPY2-944419,2,0,spy2,0.40817854,train,2026,weighted,False
ISPY2-944419_z008,ISPY2-944419,2,0,spy2,0.40822202,train,2026,weighted,False
ISPY2-944419_z009,ISPY2-944419,2,0,spy2,0.4082496,train,2026,weighted,False
ISPY2-944419_z010,ISPY2-944419,2,0,spy2,0.40831774,train,2026,weighted,False
ISPY2-944419_z011,ISPY2-944419,2,0,spy2,0.40823418,train,2026,weighted,False
ISPY2-944419_z012,ISPY2-944419,2,0,spy2,0.4082616,train,2026,weighted,False
ISPY2-944419_z013,ISPY2-944419,2,0,spy2,0.40831527,train,2026,weighted,False
ISPY2-443708_z021,ISPY2-443708,2,0,spy2,0.4541848,train,2026,weighted,False
ISPY2-443708_z022,ISPY2-443708,2,0,spy2,0.43448573,train,2026,weighted,False
ISPY2-443708_z023,ISPY2-443708,2,0,spy2,0.44090235,train,2026,weighted,False
ISPY2-443708_z024,ISPY2-443708,2,0,spy2,0.440652,train,2026,weighted,False
ISPY2-443708_z025,ISPY2-443708,2,0,spy2,0.4401296,train,2026,weighted,False
ISPY2-443708_z031,ISPY2-443708,2,0,spy2,0.44953442,train,2026,weighted,False
ISPY2-443708_z035,ISPY2-443708,2,0,spy2,0.4608165,train,2026,weighted,False
ISPY2-443708_z036,ISPY2-443708,2,0,spy2,0.46133098,train,2026,weighted,False
ISPY2-443708_z037,ISPY2-443708,2,0,spy2,0.46312085,train,2026,weighted,False
ISPY2-443708_z038,ISPY2-443708,2,0,spy2,0.4645076,train,2026,weighted,False
ACRIN-6698-899692_z012,ACRIN-6698-899692,2,1,spy2,0.5638898,train,2026,weighted,False
ACRIN-6698-899692_z013,ACRIN-6698-899692,2,1,spy2,0.56535864,train,2026,weighted,False
ACRIN-6698-899692_z014,ACRIN-6698-899692,2,1,spy2,0.56573194,train,2026,weighted,False
ACRIN-6698-899692_z015,ACRIN-6698-899692,2,1,spy2,0.5661041,train,2026,weighted,False
ACRIN-6698-899692_z016,ACRIN-6698-899692,2,1,spy2,0.5659575,train,2026,weighted,False
ACRIN-6698-899692_z017,ACRIN-6698-899692,2,1,spy2,0.56534076,train,2026,weighted,False
ACRIN-6698-899692_z018,ACRIN-6698-899692,2,1,spy2,0.5628875,train,2026,weighted,False
ACRIN-6698-899692_z019,ACRIN-6698-899692,2,1,spy2,0.5608064,train,2026,weighted,False
ACRIN-6698-899692_z020,ACRIN-6698-899692,2,1,spy2,0.5590204,train,2026,weighted,False
ACRIN-6698-899692_z021,ACRIN-6698-899692,2,1,spy2,0.54741013,train,2026,weighted,False
ISPY2-581648_z003,ISPY2-581648,2,0,spy2,0.67791593,train,2026,weighted,False
ISPY2-581648_z004,ISPY2-581648,2,0,spy2,0.68099827,train,2026,weighted,False
ISPY2-581648_z005,ISPY2-581648,2,0,spy2,0.67567956,train,2026,weighted,False
ISPY2-581648_z006,ISPY2-581648,2,0,spy2,0.6794408,train,2026,weighted,False
ISPY2-581648_z007,ISPY2-581648,2,0,spy2,0.6827222,train,2026,weighted,False
ISPY2-581648_z008,ISPY2-581648,2,0,spy2,0.6687879,train,2026,weighted,False
ISPY2-581648_z009,ISPY2-581648,2,0,spy2,0.67939854,train,2026,weighted,False
ISPY2-581648_z010,ISPY2-581648,2,0,spy2,0.68451107,train,2026,weighted,False
ISPY2-581648_z011,ISPY2-581648,2,0,spy2,0.6758862,train,2026,weighted,False
ISPY2-581648_z012,ISPY2-581648,2,0,spy2,0.6801354,train,2026,weighted,False
ISPY2-345574_z011,ISPY2-345574,2,1,spy2,0.69434655,train,2026,weighted,False
ISPY2-345574_z012,ISPY2-345574,2,1,spy2,0.69477594,train,2026,weighted,False
ISPY2-345574_z014,ISPY2-345574,2,1,spy2,0.6948533,train,2026,weighted,False
ISPY2-345574_z015,ISPY2-345574,2,1,spy2,0.69477665,train,2026,weighted,False
ISPY2-345574_z016,ISPY2-345574,2,1,spy2,0.69478995,train,2026,weighted,False
ISPY2-345574_z017,ISPY2-345574,2,1,spy2,0.6945677,train,2026,weighted,False
ISPY2-345574_z018,ISPY2-345574,2,1,spy2,0.69366276,train,2026,weighted,False
ISPY2-345574_z019,ISPY2-345574,2,1,spy2,0.6940015,train,2026,weighted,False
ISPY2-345574_z020,ISPY2-345574,2,1,spy2,0.6930363,train,2026,weighted,False
ISPY2-345574_z021,ISPY2-345574,2,1,spy2,0.693905,train,2026,weighted,False
ACRIN-6698-929980_z003,ACRIN-6698-929980,2,1,spy2,0.8567476,train,2026,weighted,False
ACRIN-6698-929980_z004,ACRIN-6698-929980,2,1,spy2,0.85795003,train,2026,weighted,False
ACRIN-6698-929980_z005,ACRIN-6698-929980,2,1,spy2,0.85837525,train,2026,weighted,False
ACRIN-6698-929980_z006,ACRIN-6698-929980,2,1,spy2,0.85830355,train,2026,weighted,False
ACRIN-6698-929980_z007,ACRIN-6698-929980,2,1,spy2,0.8573353,train,2026,weighted,False
ACRIN-6698-929980_z008,ACRIN-6698-929980,2,1,spy2,0.8578402,train,2026,weighted,False
ACRIN-6698-929980_z009,ACRIN-6698-929980,2,1,spy2,0.8597259,train,2026,weighted,False
ACRIN-6698-929980_z010,ACRIN-6698-929980,2,1,spy2,0.8604538,train,2026,weighted,False
ACRIN-6698-929980_z011,ACRIN-6698-929980,2,1,spy2,0.8604499,train,2026,weighted,False
ACRIN-6698-929980_z012,ACRIN-6698-929980,2,1,spy2,0.8604389,train,2026,weighted,False
ISPY2-357017_z067,ISPY2-357017,2,0,spy2,0.16564731,train,2026,weighted,False
ISPY2-357017_z068,ISPY2-357017,2,0,spy2,0.16650832,train,2026,weighted,False
ISPY2-357017_z069,ISPY2-357017,2,0,spy2,0.16703837,train,2026,weighted,False
ISPY2-357017_z070,ISPY2-357017,2,0,spy2,0.16702934,train,2026,weighted,False
ISPY2-357017_z071,ISPY2-357017,2,0,spy2,0.16649112,train,2026,weighted,False
ISPY2-357017_z072,ISPY2-357017,2,0,spy2,0.16660365,train,2026,weighted,False
ISPY2-357017_z073,ISPY2-357017,2,0,spy2,0.1667724,train,2026,weighted,False
ISPY2-357017_z074,ISPY2-357017,2,0,spy2,0.16685492,train,2026,weighted,False
ISPY2-357017_z075,ISPY2-357017,2,0,spy2,0.16715303,train,2026,weighted,False
ISPY2-357017_z076,ISPY2-357017,2,0,spy2,0.16675954,train,2026,weighted,False
ACRIN-6698-299962_z018,ACRIN-6698-299962,2,0,spy2,0.4659253,train,2026,weighted,False
ACRIN-6698-299962_z019,ACRIN-6698-299962,2,0,spy2,0.46532267,train,2026,weighted,False
ACRIN-6698-299962_z020,ACRIN-6698-299962,2,0,spy2,0.4651537,train,2026,weighted,False
ACRIN-6698-299962_z021,ACRIN-6698-299962,2,0,spy2,0.46510527,train,2026,weighted,False
ACRIN-6698-299962_z022,ACRIN-6698-299962,2,0,spy2,0.464253,train,2026,weighted,False
ACRIN-6698-299962_z023,ACRIN-6698-299962,2,0,spy2,0.46339634,train,2026,weighted,False
ACRIN-6698-299962_z024,ACRIN-6698-299962,2,0,spy2,0.46301123,train,2026,weighted,False
ACRIN-6698-299962_z025,ACRIN-6698-299962,2,0,spy2,0.46329305,train,2026,weighted,False
ACRIN-6698-299962_z026,ACRIN-6698-299962,2,0,spy2,0.46266395,train,2026,weighted,False
ACRIN-6698-299962_z027,ACRIN-6698-299962,2,0,spy2,0.46186915,train,2026,weighted,False
ACRIN-6698-417474_z000,ACRIN-6698-417474,2,1,spy2,0.6589284,train,2026,weighted,False
ACRIN-6698-417474_z001,ACRIN-6698-417474,2,1,spy2,0.65923524,train,2026,weighted,False
ACRIN-6698-417474_z002,ACRIN-6698-417474,2,1,spy2,0.65930843,train,2026,weighted,False
ACRIN-6698-417474_z003,ACRIN-6698-417474,2,1,spy2,0.65928435,train,2026,weighted,False
ACRIN-6698-417474_z004,ACRIN-6698-417474,2,1,spy2,0.65926063,train,2026,weighted,False
ACRIN-6698-417474_z005,ACRIN-6698-417474,2,1,spy2,0.6593503,train,2026,weighted,False
ACRIN-6698-417474_z006,ACRIN-6698-417474,2,1,spy2,0.6594969,train,2026,weighted,False
ACRIN-6698-417474_z007,ACRIN-6698-417474,2,1,spy2,0.65952945,train,2026,weighted,False
ACRIN-6698-417474_z008,ACRIN-6698-417474,2,1,spy2,0.6595604,train,2026,weighted,False
ACRIN-6698-417474_z009,ACRIN-6698-417474,2,1,spy2,0.65957016,train,2026,weighted,False
ACRIN-6698-343898_z024,ACRIN-6698-343898,2,0,spy2,0.5401853,train,2026,weighted,False
ACRIN-6698-343898_z025,ACRIN-6698-343898,2,0,spy2,0.5401765,train,2026,weighted,False
ACRIN-6698-343898_z026,ACRIN-6698-343898,2,0,spy2,0.54017,train,2026,weighted,False
ACRIN-6698-343898_z027,ACRIN-6698-343898,2,0,spy2,0.5401775,train,2026,weighted,False
ACRIN-6698-343898_z028,ACRIN-6698-343898,2,0,spy2,0.54018235,train,2026,weighted,False
ACRIN-6698-343898_z029,ACRIN-6698-343898,2,0,spy2,0.54017264,train,2026,weighted,False
ACRIN-6698-343898_z030,ACRIN-6698-343898,2,0,spy2,0.54015434,train,2026,weighted,False
ACRIN-6698-343898_z031,ACRIN-6698-343898,2,0,spy2,0.5400896,train,2026,weighted,False
ACRIN-6698-343898_z032,ACRIN-6698-343898,2,0,spy2,0.5400488,train,2026,weighted,False
ACRIN-6698-343898_z033,ACRIN-6698-343898,2,0,spy2,0.5400543,train,2026,weighted,False
ACRIN-6698-631299_z004,ACRIN-6698-631299,2,0,spy2,0.6739934,train,2026,weighted,False
ACRIN-6698-631299_z005,ACRIN-6698-631299,2,0,spy2,0.67192185,train,2026,weighted,False
ACRIN-6698-631299_z007,ACRIN-6698-631299,2,0,spy2,0.658287,train,2026,weighted,False
ACRIN-6698-631299_z008,ACRIN-6698-631299,2,0,spy2,0.65350527,train,2026,weighted,False
ACRIN-6698-631299_z009,ACRIN-6698-631299,2,0,spy2,0.659846,train,2026,weighted,False
ACRIN-6698-631299_z010,ACRIN-6698-631299,2,0,spy2,0.66756755,train,2026,weighted,False
ACRIN-6698-631299_z011,ACRIN-6698-631299,2,0,spy2,0.6745304,train,2026,weighted,False
ACRIN-6698-631299_z012,ACRIN-6698-631299,2,0,spy2,0.6743712,train,2026,weighted,False
ACRIN-6698-631299_z013,ACRIN-6698-631299,2,0,spy2,0.6709964,train,2026,weighted,False
ACRIN-6698-631299_z014,ACRIN-6698-631299,2,0,spy2,0.6628669,train,2026,weighted,False
ISPY2-987995_z017,ISPY2-987995,2,0,spy2,0.31043985,train,2026,weighted,False
ISPY2-987995_z018,ISPY2-987995,2,0,spy2,0.31043628,train,2026,weighted,False
ISPY2-987995_z019,ISPY2-987995,2,0,spy2,0.3104519,train,2026,weighted,False
ISPY2-987995_z020,ISPY2-987995,2,0,spy2,0.31044838,train,2026,weighted,False
ISPY2-987995_z021,ISPY2-987995,2,0,spy2,0.31044793,train,2026,weighted,False
ISPY2-987995_z022,ISPY2-987995,2,0,spy2,0.31044498,train,2026,weighted,False
ISPY2-987995_z023,ISPY2-987995,2,0,spy2,0.3104513,train,2026,weighted,False
ISPY2-987995_z024,ISPY2-987995,2,0,spy2,0.31047037,train,2026,weighted,False
ISPY2-987995_z025,ISPY2-987995,2,0,spy2,0.3104873,train,2026,weighted,False
ISPY2-987995_z026,ISPY2-987995,2,0,spy2,0.31048864,train,2026,weighted,False
ISPY2-830958_z018,ISPY2-830958,2,0,spy2,0.2282682,train,2026,weighted,False
ISPY2-830958_z019,ISPY2-830958,2,0,spy2,0.22826532,train,2026,weighted,False
ISPY2-830958_z020,ISPY2-830958,2,0,spy2,0.22834119,train,2026,weighted,False
ISPY2-830958_z021,ISPY2-830958,2,0,spy2,0.22826353,train,2026,weighted,False
ISPY2-830958_z022,ISPY2-830958,2,0,spy2,0.22299705,train,2026,weighted,False
ISPY2-830958_z023,ISPY2-830958,2,0,spy2,0.22052424,train,2026,weighted,False
ISPY2-830958_z024,ISPY2-830958,2,0,spy2,0.22067061,train,2026,weighted,False
ISPY2-830958_z025,ISPY2-830958,2,0,spy2,0.22025521,train,2026,weighted,False
ISPY2-830958_z026,ISPY2-830958,2,0,spy2,0.22448967,train,2026,weighted,False
ISPY2-830958_z027,ISPY2-830958,2,0,spy2,0.2280703,train,2026,weighted,False
ISPY2-573586_z061,ISPY2-573586,2,0,spy2,0.3497444,train,2026,weighted,False
ISPY2-573586_z062,ISPY2-573586,2,0,spy2,0.3497402,train,2026,weighted,False
ISPY2-573586_z063,ISPY2-573586,2,0,spy2,0.34977537,train,2026,weighted,False
ISPY2-573586_z064,ISPY2-573586,2,0,spy2,0.34978092,train,2026,weighted,False
ISPY2-573586_z065,ISPY2-573586,2,0,spy2,0.34979302,train,2026,weighted,False
ISPY2-573586_z066,ISPY2-573586,2,0,spy2,0.3498015,train,2026,weighted,False
ISPY2-573586_z067,ISPY2-573586,2,0,spy2,0.3498129,train,2026,weighted,False
ISPY2-573586_z068,ISPY2-573586,2,0,spy2,0.3498455,train,2026,weighted,False
ISPY2-573586_z069,ISPY2-573586,2,0,spy2,0.3498418,train,2026,weighted,False
ISPY2-573586_z070,ISPY2-573586,2,0,spy2,0.34988075,train,2026,weighted,False
ISPY2-190224_z020,ISPY2-190224,2,0,spy2,0.20266284,train,2026,weighted,False
ISPY2-190224_z021,ISPY2-190224,2,0,spy2,0.20273624,train,2026,weighted,False
ISPY2-190224_z022,ISPY2-190224,2,0,spy2,0.20281178,train,2026,weighted,False
ISPY2-190224_z023,ISPY2-190224,2,0,spy2,0.20284131,train,2026,weighted,False
ISPY2-190224_z024,ISPY2-190224,2,0,spy2,0.20285638,train,2026,weighted,False
ISPY2-190224_z025,ISPY2-190224,2,0,spy2,0.20285952,train,2026,weighted,False
ISPY2-190224_z026,ISPY2-190224,2,0,spy2,0.20285697,train,2026,weighted,False
ISPY2-190224_z027,ISPY2-190224,2,0,spy2,0.20284657,train,2026,weighted,False
ISPY2-190224_z028,ISPY2-190224,2,0,spy2,0.20281275,train,2026,weighted,False
ISPY2-190224_z029,ISPY2-190224,2,0,spy2,0.20277783,train,2026,weighted,False
ISPY2-261304_z004,ISPY2-261304,2,0,spy2,0.34031695,train,2026,weighted,False
ISPY2-261304_z005,ISPY2-261304,2,0,spy2,0.34343824,train,2026,weighted,False
ISPY2-261304_z006,ISPY2-261304,2,0,spy2,0.34362015,train,2026,weighted,False
ISPY2-261304_z007,ISPY2-261304,2,0,spy2,0.3449347,train,2026,weighted,False
ISPY2-261304_z008,ISPY2-261304,2,0,spy2,0.34464875,train,2026,weighted,False
ISPY2-261304_z009,ISPY2-261304,2,0,spy2,0.3450205,train,2026,weighted,False
ISPY2-261304_z010,ISPY2-261304,2,0,spy2,0.34569207,train,2026,weighted,False
ISPY2-261304_z011,ISPY2-261304,2,0,spy2,0.34450406,train,2026,weighted,False
ISPY2-261304_z012,ISPY2-261304,2,0,spy2,0.34590548,train,2026,weighted,False
ISPY2-261304_z013,ISPY2-261304,2,0,spy2,0.34842286,train,2026,weighted,False
ISPY2-180027_z012,ISPY2-180027,2,1,spy2,0.6093883,train,2026,weighted,False
ISPY2-180027_z013,ISPY2-180027,2,1,spy2,0.6573592,train,2026,weighted,False
ISPY2-180027_z014,ISPY2-180027,2,1,spy2,0.6748956,train,2026,weighted,False
ISPY2-180027_z015,ISPY2-180027,2,1,spy2,0.6780031,train,2026,weighted,False
ISPY2-180027_z016,ISPY2-180027,2,1,spy2,0.6812153,train,2026,weighted,False
ISPY2-180027_z017,ISPY2-180027,2,1,spy2,0.68326986,train,2026,weighted,False
ISPY2-180027_z018,ISPY2-180027,2,1,spy2,0.6836473,train,2026,weighted,False
ISPY2-180027_z019,ISPY2-180027,2,1,spy2,0.6835323,train,2026,weighted,False
ISPY2-180027_z020,ISPY2-180027,2,1,spy2,0.6844043,train,2026,weighted,False
ISPY2-180027_z021,ISPY2-180027,2,1,spy2,0.6838028,train,2026,weighted,False
ACRIN-6698-654021_z002,ACRIN-6698-654021,2,0,spy2,0.4412402,train,2026,weighted,False
ACRIN-6698-654021_z004,ACRIN-6698-654021,2,0,spy2,0.44154736,train,2026,weighted,False
ACRIN-6698-654021_z005,ACRIN-6698-654021,2,0,spy2,0.44329432,train,2026,weighted,False
ACRIN-6698-654021_z006,ACRIN-6698-654021,2,0,spy2,0.44342613,train,2026,weighted,False
ACRIN-6698-654021_z007,ACRIN-6698-654021,2,0,spy2,0.44354495,train,2026,weighted,False
ACRIN-6698-654021_z008,ACRIN-6698-654021,2,0,spy2,0.44371885,train,2026,weighted,False
ACRIN-6698-654021_z009,ACRIN-6698-654021,2,0,spy2,0.4438541,train,2026,weighted,False
ACRIN-6698-654021_z010,ACRIN-6698-654021,2,0,spy2,0.4440288,train,2026,weighted,False
ACRIN-6698-654021_z011,ACRIN-6698-654021,2,0,spy2,0.444095,train,2026,weighted,False
ACRIN-6698-654021_z012,ACRIN-6698-654021,2,0,spy2,0.44412678,train,2026,weighted,False
ISPY2-255078_z021,ISPY2-255078,2,0,spy2,0.40760157,train,2026,weighted,False
ISPY2-255078_z022,ISPY2-255078,2,0,spy2,0.40521035,train,2026,weighted,False
ISPY2-255078_z023,ISPY2-255078,2,0,spy2,0.40979373,train,2026,weighted,False
ISPY2-255078_z024,ISPY2-255078,2,0,spy2,0.4151691,train,2026,weighted,False
ISPY2-255078_z025,ISPY2-255078,2,0,spy2,0.39697346,train,2026,weighted,False
ISPY2-255078_z026,ISPY2-255078,2,0,spy2,0.40584293,train,2026,weighted,False
ISPY2-255078_z027,ISPY2-255078,2,0,spy2,0.41490462,train,2026,weighted,False
ISPY2-255078_z028,ISPY2-255078,2,0,spy2,0.41692343,train,2026,weighted,False
ISPY2-255078_z029,ISPY2-255078,2,0,spy2,0.413788,train,2026,weighted,False
ISPY2-255078_z030,ISPY2-255078,2,0,spy2,0.41138718,train,2026,weighted,False
ACRIN-6698-530095_z004,ACRIN-6698-530095,2,0,spy2,0.2073079,train,2026,weighted,False
ACRIN-6698-530095_z005,ACRIN-6698-530095,2,0,spy2,0.21279658,train,2026,weighted,False
ACRIN-6698-530095_z006,ACRIN-6698-530095,2,0,spy2,0.21066995,train,2026,weighted,False
ACRIN-6698-530095_z007,ACRIN-6698-530095,2,0,spy2,0.21474575,train,2026,weighted,False
ACRIN-6698-530095_z008,ACRIN-6698-530095,2,0,spy2,0.21746854,train,2026,weighted,False
ACRIN-6698-530095_z009,ACRIN-6698-530095,2,0,spy2,0.21429816,train,2026,weighted,False
ACRIN-6698-530095_z010,ACRIN-6698-530095,2,0,spy2,0.21911828,train,2026,weighted,False
ACRIN-6698-530095_z011,ACRIN-6698-530095,2,0,spy2,0.2258649,train,2026,weighted,False
ACRIN-6698-530095_z012,ACRIN-6698-530095,2,0,spy2,0.23102431,train,2026,weighted,False
ACRIN-6698-530095_z013,ACRIN-6698-530095,2,0,spy2,0.23126301,train,2026,weighted,False
ISPY2-703455_z012,ISPY2-703455,2,0,spy2,0.53664035,train,2026,weighted,False
ISPY2-703455_z013,ISPY2-703455,2,0,spy2,0.53669244,train,2026,weighted,False
ISPY2-703455_z014,ISPY2-703455,2,0,spy2,0.53675425,train,2026,weighted,False
ISPY2-703455_z015,ISPY2-703455,2,0,spy2,0.5369423,train,2026,weighted,False
ISPY2-703455_z016,ISPY2-703455,2,0,spy2,0.53714657,train,2026,weighted,False
ISPY2-703455_z017,ISPY2-703455,2,0,spy2,0.5371932,train,2026,weighted,False
ISPY2-703455_z018,ISPY2-703455,2,0,spy2,0.53725064,train,2026,weighted,False
ISPY2-703455_z019,ISPY2-703455,2,0,spy2,0.53736645,train,2026,weighted,False
ISPY2-703455_z020,ISPY2-703455,2,0,spy2,0.5374009,train,2026,weighted,False
ISPY2-703455_z021,ISPY2-703455,2,0,spy2,0.53741676,train,2026,weighted,False
ISPY2-982505_z025,ISPY2-982505,2,0,spy2,0.36886498,train,2026,weighted,False
ISPY2-982505_z026,ISPY2-982505,2,0,spy2,0.37087938,train,2026,weighted,False
ISPY2-982505_z027,ISPY2-982505,2,0,spy2,0.37883693,train,2026,weighted,False
ISPY2-982505_z028,ISPY2-982505,2,0,spy2,0.383339,train,2026,weighted,False
ISPY2-982505_z029,ISPY2-982505,2,0,spy2,0.3776531,train,2026,weighted,False
ISPY2-982505_z030,ISPY2-982505,2,0,spy2,0.37713835,train,2026,weighted,False
ISPY2-982505_z031,ISPY2-982505,2,0,spy2,0.38821244,train,2026,weighted,False
ISPY2-982505_z032,ISPY2-982505,2,0,spy2,0.39630955,train,2026,weighted,False
ISPY2-982505_z033,ISPY2-982505,2,0,spy2,0.408416,train,2026,weighted,False
ISPY2-982505_z034,ISPY2-982505,2,0,spy2,0.4202576,train,2026,weighted,False
ISPY2-637051_z006,ISPY2-637051,2,0,spy2,0.5412054,train,2026,weighted,False
ISPY2-637051_z007,ISPY2-637051,2,0,spy2,0.54152215,train,2026,weighted,False
ISPY2-637051_z008,ISPY2-637051,2,0,spy2,0.54060465,train,2026,weighted,False
ISPY2-637051_z009,ISPY2-637051,2,0,spy2,0.54045916,train,2026,weighted,False
ISPY2-637051_z010,ISPY2-637051,2,0,spy2,0.53894323,train,2026,weighted,False
ISPY2-637051_z011,ISPY2-637051,2,0,spy2,0.5401483,train,2026,weighted,False
ISPY2-637051_z012,ISPY2-637051,2,0,spy2,0.5444742,train,2026,weighted,False
ISPY2-637051_z013,ISPY2-637051,2,0,spy2,0.5526526,train,2026,weighted,False
ISPY2-637051_z014,ISPY2-637051,2,0,spy2,0.5629112,train,2026,weighted,False
ISPY2-637051_z015,ISPY2-637051,2,0,spy2,0.5706641,train,2026,weighted,False
ISPY2-650589_z034,ISPY2-650589,2,0,spy2,0.5158784,train,2026,weighted,False
ISPY2-650589_z040,ISPY2-650589,2,0,spy2,0.5036805,train,2026,weighted,False
ISPY2-650589_z041,ISPY2-650589,2,0,spy2,0.5222551,train,2026,weighted,False
ISPY2-650589_z042,ISPY2-650589,2,0,spy2,0.52391773,train,2026,weighted,False
ISPY2-650589_z043,ISPY2-650589,2,0,spy2,0.5266593,train,2026,weighted,False
ISPY2-650589_z044,ISPY2-650589,2,0,spy2,0.5287649,train,2026,weighted,False
ISPY2-650589_z045,ISPY2-650589,2,0,spy2,0.52683157,train,2026,weighted,False
ISPY2-650589_z046,ISPY2-650589,2,0,spy2,0.5251098,train,2026,weighted,False
ISPY2-650589_z047,ISPY2-650589,2,0,spy2,0.52959144,train,2026,weighted,False
ISPY2-650589_z048,ISPY2-650589,2,0,spy2,0.5267484,train,2026,weighted,False
ISPY2-640927_z002,ISPY2-640927,2,0,spy2,0.50916815,train,2026,weighted,False
ISPY2-640927_z016,ISPY2-640927,2,0,spy2,0.46878198,train,2026,weighted,False
ISPY2-640927_z017,ISPY2-640927,2,0,spy2,0.46610928,train,2026,weighted,False
ISPY2-640927_z018,ISPY2-640927,2,0,spy2,0.46268508,train,2026,weighted,False
ISPY2-640927_z019,ISPY2-640927,2,0,spy2,0.46234682,train,2026,weighted,False
ISPY2-640927_z020,ISPY2-640927,2,0,spy2,0.46638787,train,2026,weighted,False
ISPY2-640927_z021,ISPY2-640927,2,0,spy2,0.46353495,train,2026,weighted,False
ISPY2-640927_z022,ISPY2-640927,2,0,spy2,0.4739395,train,2026,weighted,False
ISPY2-640927_z023,ISPY2-640927,2,0,spy2,0.4839855,train,2026,weighted,False
ISPY2-640927_z024,ISPY2-640927,2,0,spy2,0.4872495,train,2026,weighted,False
ISPY2-109980_z022,ISPY2-109980,2,1,spy2,0.4571303,train,2026,weighted,False
ISPY2-109980_z023,ISPY2-109980,2,1,spy2,0.45815074,train,2026,weighted,False
ISPY2-109980_z024,ISPY2-109980,2,1,spy2,0.45807612,train,2026,weighted,False
ISPY2-109980_z025,ISPY2-109980,2,1,spy2,0.45714605,train,2026,weighted,False
ISPY2-109980_z026,ISPY2-109980,2,1,spy2,0.45695978,train,2026,weighted,False
ISPY2-109980_z027,ISPY2-109980,2,1,spy2,0.45782402,train,2026,weighted,False
ISPY2-109980_z028,ISPY2-109980,2,1,spy2,0.45807236,train,2026,weighted,False
ISPY2-109980_z029,ISPY2-109980,2,1,spy2,0.45823574,train,2026,weighted,False
ISPY2-109980_z030,ISPY2-109980,2,1,spy2,0.4564147,train,2026,weighted,False
ISPY2-109980_z031,ISPY2-109980,2,1,spy2,0.4517125,train,2026,weighted,False
ISPY2-489504_z039,ISPY2-489504,2,1,spy2,0.5652746,train,2026,weighted,False
ISPY2-489504_z040,ISPY2-489504,2,1,spy2,0.56529677,train,2026,weighted,False
ISPY2-489504_z041,ISPY2-489504,2,1,spy2,0.5653695,train,2026,weighted,False
ISPY2-489504_z042,ISPY2-489504,2,1,spy2,0.56504464,train,2026,weighted,False
ISPY2-489504_z043,ISPY2-489504,2,1,spy2,0.5645632,train,2026,weighted,False
ISPY2-489504_z044,ISPY2-489504,2,1,spy2,0.5641248,train,2026,weighted,False
ISPY2-489504_z045,ISPY2-489504,2,1,spy2,0.56545734,train,2026,weighted,False
ISPY2-489504_z046,ISPY2-489504,2,1,spy2,0.56554735,train,2026,weighted,False
ISPY2-489504_z047,ISPY2-489504,2,1,spy2,0.5656583,train,2026,weighted,False
ISPY2-489504_z048,ISPY2-489504,2,1,spy2,0.56565684,train,2026,weighted,False
ISPY2-845079_z002,ISPY2-845079,2,1,spy2,0.5770942,train,2026,weighted,False
ISPY2-845079_z003,ISPY2-845079,2,1,spy2,0.58849496,train,2026,weighted,False
ISPY2-845079_z005,ISPY2-845079,2,1,spy2,0.6290682,train,2026,weighted,False
ISPY2-845079_z006,ISPY2-845079,2,1,spy2,0.641565,train,2026,weighted,False
ISPY2-845079_z007,ISPY2-845079,2,1,spy2,0.64219916,train,2026,weighted,False
ISPY2-845079_z008,ISPY2-845079,2,1,spy2,0.6309694,train,2026,weighted,False
ISPY2-845079_z009,ISPY2-845079,2,1,spy2,0.6173144,train,2026,weighted,False
ISPY2-845079_z010,ISPY2-845079,2,1,spy2,0.6029806,train,2026,weighted,False
ISPY2-845079_z011,ISPY2-845079,2,1,spy2,0.58901894,train,2026,weighted,False
ISPY2-845079_z012,ISPY2-845079,2,1,spy2,0.5843089,train,2026,weighted,False
ISPY2-149654_z017,ISPY2-149654,2,0,spy2,0.34955004,train,2026,weighted,False
ISPY2-149654_z018,ISPY2-149654,2,0,spy2,0.3495138,train,2026,weighted,False
ISPY2-149654_z019,ISPY2-149654,2,0,spy2,0.34954137,train,2026,weighted,False
ISPY2-149654_z020,ISPY2-149654,2,0,spy2,0.34955662,train,2026,weighted,False
ISPY2-149654_z021,ISPY2-149654,2,0,spy2,0.349607,train,2026,weighted,False
ISPY2-149654_z022,ISPY2-149654,2,0,spy2,0.34963053,train,2026,weighted,False
ISPY2-149654_z023,ISPY2-149654,2,0,spy2,0.3496827,train,2026,weighted,False
ISPY2-149654_z024,ISPY2-149654,2,0,spy2,0.349691,train,2026,weighted,False
ISPY2-149654_z025,ISPY2-149654,2,0,spy2,0.34965825,train,2026,weighted,False
ISPY2-149654_z026,ISPY2-149654,2,0,spy2,0.34967768,train,2026,weighted,False
ISPY2-663197_z007,ISPY2-663197,2,0,spy2,0.582289,train,2026,weighted,False
ISPY2-663197_z008,ISPY2-663197,2,0,spy2,0.6025144,train,2026,weighted,False
ISPY2-663197_z009,ISPY2-663197,2,0,spy2,0.60391563,train,2026,weighted,False
ISPY2-663197_z014,ISPY2-663197,2,0,spy2,0.5852596,train,2026,weighted,False
ISPY2-663197_z015,ISPY2-663197,2,0,spy2,0.59407365,train,2026,weighted,False
ISPY2-663197_z016,ISPY2-663197,2,0,spy2,0.5867012,train,2026,weighted,False
ISPY2-663197_z017,ISPY2-663197,2,0,spy2,0.5882092,train,2026,weighted,False
ISPY2-663197_z018,ISPY2-663197,2,0,spy2,0.5889758,train,2026,weighted,False
ISPY2-663197_z019,ISPY2-663197,2,0,spy2,0.59536076,train,2026,weighted,False
ISPY2-663197_z020,ISPY2-663197,2,0,spy2,0.5917208,train,2026,weighted,False
ISPY2-507198_z013,ISPY2-507198,2,0,spy2,0.6677831,train,2026,weighted,False
ISPY2-507198_z014,ISPY2-507198,2,0,spy2,0.6677663,train,2026,weighted,False
ISPY2-507198_z015,ISPY2-507198,2,0,spy2,0.6678397,train,2026,weighted,False
ISPY2-507198_z016,ISPY2-507198,2,0,spy2,0.66655755,train,2026,weighted,False
ISPY2-507198_z017,ISPY2-507198,2,0,spy2,0.6663159,train,2026,weighted,False
ISPY2-507198_z018,ISPY2-507198,2,0,spy2,0.6663717,train,2026,weighted,False
ISPY2-507198_z019,ISPY2-507198,2,0,spy2,0.66526175,train,2026,weighted,False
ISPY2-507198_z020,ISPY2-507198,2,0,spy2,0.66732085,train,2026,weighted,False
ISPY2-507198_z021,ISPY2-507198,2,0,spy2,0.6671938,train,2026,weighted,False
ISPY2-507198_z022,ISPY2-507198,2,0,spy2,0.66746306,train,2026,weighted,False
ACRIN-6698-287961_z020,ACRIN-6698-287961,2,1,spy2,0.524336,train,2026,weighted,False
ACRIN-6698-287961_z025,ACRIN-6698-287961,2,1,spy2,0.52536124,train,2026,weighted,False
ACRIN-6698-287961_z026,ACRIN-6698-287961,2,1,spy2,0.52202123,train,2026,weighted,False
ACRIN-6698-287961_z027,ACRIN-6698-287961,2,1,spy2,0.5205472,train,2026,weighted,False
ACRIN-6698-287961_z028,ACRIN-6698-287961,2,1,spy2,0.52105206,train,2026,weighted,False
ACRIN-6698-287961_z029,ACRIN-6698-287961,2,1,spy2,0.522157,train,2026,weighted,False
ACRIN-6698-287961_z030,ACRIN-6698-287961,2,1,spy2,0.5230914,train,2026,weighted,False
ACRIN-6698-287961_z031,ACRIN-6698-287961,2,1,spy2,0.52424043,train,2026,weighted,False
ACRIN-6698-287961_z032,ACRIN-6698-287961,2,1,spy2,0.5261384,train,2026,weighted,False
ACRIN-6698-287961_z033,ACRIN-6698-287961,2,1,spy2,0.52709144,train,2026,weighted,False
ISPY2-520986_z014,ISPY2-520986,2,1,spy2,0.2708598,train,2026,weighted,False
ISPY2-520986_z015,ISPY2-520986,2,1,spy2,0.27058548,train,2026,weighted,False
ISPY2-520986_z016,ISPY2-520986,2,1,spy2,0.27123916,train,2026,weighted,False
ISPY2-520986_z017,ISPY2-520986,2,1,spy2,0.27198786,train,2026,weighted,False
ISPY2-520986_z018,ISPY2-520986,2,1,spy2,0.27326477,train,2026,weighted,False
ISPY2-520986_z019,ISPY2-520986,2,1,spy2,0.27432215,train,2026,weighted,False
ISPY2-520986_z020,ISPY2-520986,2,1,spy2,0.27502835,train,2026,weighted,False
ISPY2-520986_z021,ISPY2-520986,2,1,spy2,0.2759958,train,2026,weighted,False
ISPY2-520986_z022,ISPY2-520986,2,1,spy2,0.27613413,train,2026,weighted,False
ISPY2-520986_z023,ISPY2-520986,2,1,spy2,0.2757786,train,2026,weighted,False
ISPY2-129973_z017,ISPY2-129973,2,1,spy2,0.54624236,train,2026,weighted,False
ISPY2-129973_z018,ISPY2-129973,2,1,spy2,0.5450573,train,2026,weighted,False
ISPY2-129973_z019,ISPY2-129973,2,1,spy2,0.54187053,train,2026,weighted,False
ISPY2-129973_z020,ISPY2-129973,2,1,spy2,0.53098124,train,2026,weighted,False
ISPY2-129973_z021,ISPY2-129973,2,1,spy2,0.5256254,train,2026,weighted,False
ISPY2-129973_z022,ISPY2-129973,2,1,spy2,0.5297806,train,2026,weighted,False
ISPY2-129973_z023,ISPY2-129973,2,1,spy2,0.5328374,train,2026,weighted,False
ISPY2-129973_z024,ISPY2-129973,2,1,spy2,0.52997583,train,2026,weighted,False
ISPY2-129973_z025,ISPY2-129973,2,1,spy2,0.5279761,train,2026,weighted,False
ISPY2-129973_z026,ISPY2-129973,2,1,spy2,0.5355039,train,2026,weighted,False
ISPY2-311316_z027,ISPY2-311316,2,0,spy2,0.3909323,train,2026,weighted,False
ISPY2-311316_z028,ISPY2-311316,2,0,spy2,0.3906909,train,2026,weighted,False
ISPY2-311316_z029,ISPY2-311316,2,0,spy2,0.39098087,train,2026,weighted,False
ISPY2-311316_z033,ISPY2-311316,2,0,spy2,0.39118665,train,2026,weighted,False
ISPY2-311316_z034,ISPY2-311316,2,0,spy2,0.39120525,train,2026,weighted,False
ISPY2-311316_z035,ISPY2-311316,2,0,spy2,0.3908643,train,2026,weighted,False
ISPY2-311316_z036,ISPY2-311316,2,0,spy2,0.39089477,train,2026,weighted,False
ISPY2-311316_z037,ISPY2-311316,2,0,spy2,0.39106545,train,2026,weighted,False
ISPY2-311316_z038,ISPY2-311316,2,0,spy2,0.39101124,train,2026,weighted,False
ISPY2-311316_z039,ISPY2-311316,2,0,spy2,0.39116082,train,2026,weighted,False
ISPY2-596458_z016,ISPY2-596458,2,1,spy2,0.44634634,train,2026,weighted,False
ISPY2-596458_z017,ISPY2-596458,2,1,spy2,0.45167288,train,2026,weighted,False
ISPY2-596458_z018,ISPY2-596458,2,1,spy2,0.46148884,train,2026,weighted,False
ISPY2-596458_z019,ISPY2-596458,2,1,spy2,0.46630993,train,2026,weighted,False
ISPY2-596458_z020,ISPY2-596458,2,1,spy2,0.46300045,train,2026,weighted,False
ISPY2-596458_z021,ISPY2-596458,2,1,spy2,0.45723265,train,2026,weighted,False
ISPY2-596458_z022,ISPY2-596458,2,1,spy2,0.46203104,train,2026,weighted,False
ISPY2-596458_z023,ISPY2-596458,2,1,spy2,0.4688168,train,2026,weighted,False
ISPY2-596458_z025,ISPY2-596458,2,1,spy2,0.47409707,train,2026,weighted,False
ISPY2-596458_z026,ISPY2-596458,2,1,spy2,0.4697069,train,2026,weighted,False
ISPY2-493519_z026,ISPY2-493519,2,0,spy2,0.31885645,train,2026,weighted,False
ISPY2-493519_z027,ISPY2-493519,2,0,spy2,0.31883463,train,2026,weighted,False
ISPY2-493519_z028,ISPY2-493519,2,0,spy2,0.31954685,train,2026,weighted,False
ISPY2-493519_z029,ISPY2-493519,2,0,spy2,0.31943578,train,2026,weighted,False
ISPY2-493519_z030,ISPY2-493519,2,0,spy2,0.31932467,train,2026,weighted,False
ISPY2-493519_z031,ISPY2-493519,2,0,spy2,0.31909624,train,2026,weighted,False
ISPY2-493519_z032,ISPY2-493519,2,0,spy2,0.319148,train,2026,weighted,False
ISPY2-493519_z033,ISPY2-493519,2,0,spy2,0.31925637,train,2026,weighted,False
ISPY2-493519_z034,ISPY2-493519,2,0,spy2,0.31932896,train,2026,weighted,False
ISPY2-493519_z035,ISPY2-493519,2,0,spy2,0.31936684,train,2026,weighted,False
ISPY2-318438_z027,ISPY2-318438,2,0,spy2,0.474266,train,2026,weighted,False
ISPY2-318438_z028,ISPY2-318438,2,0,spy2,0.47905108,train,2026,weighted,False
ISPY2-318438_z029,ISPY2-318438,2,0,spy2,0.47962835,train,2026,weighted,False
ISPY2-318438_z030,ISPY2-318438,2,0,spy2,0.48223117,train,2026,weighted,False
ISPY2-318438_z031,ISPY2-318438,2,0,spy2,0.490841,train,2026,weighted,False
ISPY2-318438_z032,ISPY2-318438,2,0,spy2,0.5003692,train,2026,weighted,False
ISPY2-318438_z033,ISPY2-318438,2,0,spy2,0.4968356,train,2026,weighted,False
ISPY2-318438_z034,ISPY2-318438,2,0,spy2,0.4941849,train,2026,weighted,False
ISPY2-318438_z035,ISPY2-318438,2,0,spy2,0.4958567,train,2026,weighted,False
ISPY2-318438_z036,ISPY2-318438,2,0,spy2,0.49775645,train,2026,weighted,False
ISPY2-378401_z028,ISPY2-378401,2,1,spy2,0.4878239,train,2026,weighted,False
ISPY2-378401_z029,ISPY2-378401,2,1,spy2,0.48371997,train,2026,weighted,False
ISPY2-378401_z030,ISPY2-378401,2,1,spy2,0.47892976,train,2026,weighted,False
ISPY2-378401_z031,ISPY2-378401,2,1,spy2,0.48275536,train,2026,weighted,False
ISPY2-378401_z032,ISPY2-378401,2,1,spy2,0.4866167,train,2026,weighted,False
ISPY2-378401_z033,ISPY2-378401,2,1,spy2,0.49039966,train,2026,weighted,False
ISPY2-378401_z034,ISPY2-378401,2,1,spy2,0.4966588,train,2026,weighted,False
ISPY2-378401_z035,ISPY2-378401,2,1,spy2,0.5004879,train,2026,weighted,False
ISPY2-378401_z036,ISPY2-378401,2,1,spy2,0.5021945,train,2026,weighted,False
ISPY2-378401_z037,ISPY2-378401,2,1,spy2,0.5024137,train,2026,weighted,False
ACRIN-6698-511851_z007,ACRIN-6698-511851,2,0,spy2,0.2342787,train,2026,weighted,False
ACRIN-6698-511851_z008,ACRIN-6698-511851,2,0,spy2,0.22158714,train,2026,weighted,False
ACRIN-6698-511851_z009,ACRIN-6698-511851,2,0,spy2,0.21563636,train,2026,weighted,False
ACRIN-6698-511851_z010,ACRIN-6698-511851,2,0,spy2,0.21163955,train,2026,weighted,False
ACRIN-6698-511851_z011,ACRIN-6698-511851,2,0,spy2,0.21603131,train,2026,weighted,False
ACRIN-6698-511851_z012,ACRIN-6698-511851,2,0,spy2,0.21900116,train,2026,weighted,False
ACRIN-6698-511851_z013,ACRIN-6698-511851,2,0,spy2,0.21547171,train,2026,weighted,False
ACRIN-6698-511851_z014,ACRIN-6698-511851,2,0,spy2,0.2102663,train,2026,weighted,False
ACRIN-6698-511851_z015,ACRIN-6698-511851,2,0,spy2,0.20967951,train,2026,weighted,False
ACRIN-6698-511851_z016,ACRIN-6698-511851,2,0,spy2,0.20945765,train,2026,weighted,False
ISPY2-413961_z010,ISPY2-413961,2,0,spy2,0.5081566,train,2026,weighted,False
ISPY2-413961_z011,ISPY2-413961,2,0,spy2,0.4992447,train,2026,weighted,False
ISPY2-413961_z012,ISPY2-413961,2,0,spy2,0.48496273,train,2026,weighted,False
ISPY2-413961_z013,ISPY2-413961,2,0,spy2,0.49492064,train,2026,weighted,False
ISPY2-413961_z014,ISPY2-413961,2,0,spy2,0.4997196,train,2026,weighted,False
ISPY2-413961_z015,ISPY2-413961,2,0,spy2,0.49156675,train,2026,weighted,False
ISPY2-413961_z016,ISPY2-413961,2,0,spy2,0.48119882,train,2026,weighted,False
ISPY2-413961_z017,ISPY2-413961,2,0,spy2,0.48498672,train,2026,weighted,False
ISPY2-413961_z018,ISPY2-413961,2,0,spy2,0.46967643,train,2026,weighted,False
ISPY2-413961_z019,ISPY2-413961,2,0,spy2,0.48233083,train,2026,weighted,False
ISPY2-766967_z010,ISPY2-766967,2,1,spy2,0.3418362,train,2026,weighted,False
ISPY2-766967_z011,ISPY2-766967,2,1,spy2,0.34072343,train,2026,weighted,False
ISPY2-766967_z014,ISPY2-766967,2,1,spy2,0.32151496,train,2026,weighted,False
ISPY2-766967_z015,ISPY2-766967,2,1,spy2,0.31549957,train,2026,weighted,False
ISPY2-766967_z017,ISPY2-766967,2,1,spy2,0.32139328,train,2026,weighted,False
ISPY2-766967_z018,ISPY2-766967,2,1,spy2,0.32701108,train,2026,weighted,False
ISPY2-766967_z019,ISPY2-766967,2,1,spy2,0.33522823,train,2026,weighted,False
ISPY2-766967_z020,ISPY2-766967,2,1,spy2,0.3410664,train,2026,weighted,False
ISPY2-766967_z021,ISPY2-766967,2,1,spy2,0.34463105,train,2026,weighted,False
ISPY2-766967_z022,ISPY2-766967,2,1,spy2,0.3484735,train,2026,weighted,False
ACRIN-6698-995480_z006,ACRIN-6698-995480,2,0,spy2,0.49966666,train,2026,weighted,False
ACRIN-6698-995480_z007,ACRIN-6698-995480,2,0,spy2,0.49968323,train,2026,weighted,False
ACRIN-6698-995480_z012,ACRIN-6698-995480,2,0,spy2,0.4996765,train,2026,weighted,False
ACRIN-6698-995480_z013,ACRIN-6698-995480,2,0,spy2,0.49980554,train,2026,weighted,False
ACRIN-6698-995480_z014,ACRIN-6698-995480,2,0,spy2,0.4998179,train,2026,weighted,False
ACRIN-6698-995480_z015,ACRIN-6698-995480,2,0,spy2,0.49985066,train,2026,weighted,False
ACRIN-6698-995480_z016,ACRIN-6698-995480,2,0,spy2,0.50004363,train,2026,weighted,False
ACRIN-6698-995480_z017,ACRIN-6698-995480,2,0,spy2,0.50011784,train,2026,weighted,False
ACRIN-6698-995480_z018,ACRIN-6698-995480,2,0,spy2,0.5003208,train,2026,weighted,False
ACRIN-6698-995480_z019,ACRIN-6698-995480,2,0,spy2,0.50053537,train,2026,weighted,False
ACRIN-6698-805136_z025,ACRIN-6698-805136,2,0,spy2,0.6968982,train,2026,weighted,False
ACRIN-6698-805136_z026,ACRIN-6698-805136,2,0,spy2,0.6969774,train,2026,weighted,False
ACRIN-6698-805136_z028,ACRIN-6698-805136,2,0,spy2,0.69788873,train,2026,weighted,False
ACRIN-6698-805136_z031,ACRIN-6698-805136,2,0,spy2,0.698574,train,2026,weighted,False
ACRIN-6698-805136_z032,ACRIN-6698-805136,2,0,spy2,0.6968119,train,2026,weighted,False
ACRIN-6698-805136_z033,ACRIN-6698-805136,2,0,spy2,0.6952015,train,2026,weighted,False
ACRIN-6698-805136_z034,ACRIN-6698-805136,2,0,spy2,0.6984179,train,2026,weighted,False
ACRIN-6698-805136_z035,ACRIN-6698-805136,2,0,spy2,0.6987205,train,2026,weighted,False
ACRIN-6698-805136_z036,ACRIN-6698-805136,2,0,spy2,0.69877875,train,2026,weighted,False
ACRIN-6698-805136_z038,ACRIN-6698-805136,2,0,spy2,0.6988039,train,2026,weighted,False
ISPY2-726940_z006,ISPY2-726940,2,0,spy2,0.57390225,train,2026,weighted,False
ISPY2-726940_z007,ISPY2-726940,2,0,spy2,0.5654988,train,2026,weighted,False
ISPY2-726940_z008,ISPY2-726940,2,0,spy2,0.57355857,train,2026,weighted,False
ISPY2-726940_z009,ISPY2-726940,2,0,spy2,0.57245326,train,2026,weighted,False
ISPY2-726940_z010,ISPY2-726940,2,0,spy2,0.5737799,train,2026,weighted,False
ISPY2-726940_z011,ISPY2-726940,2,0,spy2,0.57609993,train,2026,weighted,False
ISPY2-726940_z012,ISPY2-726940,2,0,spy2,0.58074945,train,2026,weighted,False
ISPY2-726940_z013,ISPY2-726940,2,0,spy2,0.5796084,train,2026,weighted,False
ISPY2-726940_z014,ISPY2-726940,2,0,spy2,0.58200836,train,2026,weighted,False
ISPY2-726940_z015,ISPY2-726940,2,0,spy2,0.5820247,train,2026,weighted,False
ISPY2-199115_z006,ISPY2-199115,2,0,spy2,0.27017874,train,2026,weighted,False
ISPY2-199115_z007,ISPY2-199115,2,0,spy2,0.27008492,train,2026,weighted,False
ISPY2-199115_z008,ISPY2-199115,2,0,spy2,0.26997656,train,2026,weighted,False
ISPY2-199115_z009,ISPY2-199115,2,0,spy2,0.26989785,train,2026,weighted,False
ISPY2-199115_z010,ISPY2-199115,2,0,spy2,0.26761776,train,2026,weighted,False
ISPY2-199115_z011,ISPY2-199115,2,0,spy2,0.266232,train,2026,weighted,False
ISPY2-199115_z012,ISPY2-199115,2,0,spy2,0.2635609,train,2026,weighted,False
ISPY2-199115_z013,ISPY2-199115,2,0,spy2,0.26450744,train,2026,weighted,False
ISPY2-199115_z014,ISPY2-199115,2,0,spy2,0.26452923,train,2026,weighted,False
ISPY2-199115_z017,ISPY2-199115,2,0,spy2,0.26398024,train,2026,weighted,False
ISPY2-549172_z008,ISPY2-549172,2,0,spy2,0.62302667,train,2026,weighted,False
ISPY2-549172_z009,ISPY2-549172,2,0,spy2,0.62337327,train,2026,weighted,False
ISPY2-549172_z010,ISPY2-549172,2,0,spy2,0.62384826,train,2026,weighted,False
ISPY2-549172_z011,ISPY2-549172,2,0,spy2,0.622816,train,2026,weighted,False
ISPY2-549172_z012,ISPY2-549172,2,0,spy2,0.6209349,train,2026,weighted,False
ISPY2-549172_z013,ISPY2-549172,2,0,spy2,0.6179903,train,2026,weighted,False
ISPY2-549172_z014,ISPY2-549172,2,0,spy2,0.61949974,train,2026,weighted,False
ISPY2-549172_z015,ISPY2-549172,2,0,spy2,0.6224997,train,2026,weighted,False
ISPY2-549172_z016,ISPY2-549172,2,0,spy2,0.6253461,train,2026,weighted,False
ISPY2-549172_z017,ISPY2-549172,2,0,spy2,0.6268764,train,2026,weighted,False
ISPY2-241705_z004,ISPY2-241705,2,0,spy2,0.3321783,train,2026,weighted,False
ISPY2-241705_z006,ISPY2-241705,2,0,spy2,0.34107718,train,2026,weighted,False
ISPY2-241705_z007,ISPY2-241705,2,0,spy2,0.340496,train,2026,weighted,False
ISPY2-241705_z008,ISPY2-241705,2,0,spy2,0.3330844,train,2026,weighted,False
ISPY2-241705_z009,ISPY2-241705,2,0,spy2,0.3159059,train,2026,weighted,False
ISPY2-241705_z010,ISPY2-241705,2,0,spy2,0.31587282,train,2026,weighted,False
ISPY2-241705_z011,ISPY2-241705,2,0,spy2,0.31363833,train,2026,weighted,False
ISPY2-241705_z012,ISPY2-241705,2,0,spy2,0.31538147,train,2026,weighted,False
ISPY2-241705_z016,ISPY2-241705,2,0,spy2,0.32610574,train,2026,weighted,False
ISPY2-241705_z017,ISPY2-241705,2,0,spy2,0.31714824,train,2026,weighted,False
ACRIN-6698-591810_z012,ACRIN-6698-591810,2,1,spy2,0.38512236,train,2026,weighted,False
ACRIN-6698-591810_z013,ACRIN-6698-591810,2,1,spy2,0.38521722,train,2026,weighted,False
ACRIN-6698-591810_z017,ACRIN-6698-591810,2,1,spy2,0.39230692,train,2026,weighted,False
ACRIN-6698-591810_z018,ACRIN-6698-591810,2,1,spy2,0.3984391,train,2026,weighted,False
ACRIN-6698-591810_z019,ACRIN-6698-591810,2,1,spy2,0.4001394,train,2026,weighted,False
ACRIN-6698-591810_z020,ACRIN-6698-591810,2,1,spy2,0.3979255,train,2026,weighted,False
ACRIN-6698-591810_z021,ACRIN-6698-591810,2,1,spy2,0.3949441,train,2026,weighted,False
ACRIN-6698-591810_z022,ACRIN-6698-591810,2,1,spy2,0.3942581,train,2026,weighted,False
ACRIN-6698-591810_z023,ACRIN-6698-591810,2,1,spy2,0.39349225,train,2026,weighted,False
ACRIN-6698-591810_z024,ACRIN-6698-591810,2,1,spy2,0.39557987,train,2026,weighted,False
ISPY2-411008_z030,ISPY2-411008,2,0,spy2,0.5753166,train,2026,weighted,False
ISPY2-411008_z031,ISPY2-411008,2,0,spy2,0.5716524,train,2026,weighted,False
ISPY2-411008_z032,ISPY2-411008,2,0,spy2,0.56953204,train,2026,weighted,False
ISPY2-411008_z033,ISPY2-411008,2,0,spy2,0.5686812,train,2026,weighted,False
ISPY2-411008_z034,ISPY2-411008,2,0,spy2,0.56774265,train,2026,weighted,False
ISPY2-411008_z035,ISPY2-411008,2,0,spy2,0.57595414,train,2026,weighted,False
ISPY2-411008_z036,ISPY2-411008,2,0,spy2,0.57755804,train,2026,weighted,False
ISPY2-411008_z037,ISPY2-411008,2,0,spy2,0.5775834,train,2026,weighted,False
ISPY2-411008_z038,ISPY2-411008,2,0,spy2,0.5735,train,2026,weighted,False
ISPY2-411008_z039,ISPY2-411008,2,0,spy2,0.5685469,train,2026,weighted,False
ISPY2-742477_z007,ISPY2-742477,2,0,spy2,0.6176659,train,2026,weighted,False
ISPY2-742477_z010,ISPY2-742477,2,0,spy2,0.6177291,train,2026,weighted,False
ISPY2-742477_z011,ISPY2-742477,2,0,spy2,0.617729,train,2026,weighted,False
ISPY2-742477_z012,ISPY2-742477,2,0,spy2,0.6177122,train,2026,weighted,False
ISPY2-742477_z013,ISPY2-742477,2,0,spy2,0.61767,train,2026,weighted,False
ISPY2-742477_z014,ISPY2-742477,2,0,spy2,0.6177069,train,2026,weighted,False
ISPY2-742477_z015,ISPY2-742477,2,0,spy2,0.6177314,train,2026,weighted,False
ISPY2-742477_z016,ISPY2-742477,2,0,spy2,0.61773163,train,2026,weighted,False
ISPY2-742477_z017,ISPY2-742477,2,0,spy2,0.6178073,train,2026,weighted,False
ISPY2-742477_z018,ISPY2-742477,2,0,spy2,0.6179014,train,2026,weighted,False
ISPY2-203254_z017,ISPY2-203254,2,0,spy2,0.6670724,train,2026,weighted,False
ISPY2-203254_z018,ISPY2-203254,2,0,spy2,0.6725176,train,2026,weighted,False
ISPY2-203254_z019,ISPY2-203254,2,0,spy2,0.6775378,train,2026,weighted,False
ISPY2-203254_z020,ISPY2-203254,2,0,spy2,0.6779163,train,2026,weighted,False
ISPY2-203254_z021,ISPY2-203254,2,0,spy2,0.6762299,train,2026,weighted,False
ISPY2-203254_z022,ISPY2-203254,2,0,spy2,0.6742563,train,2026,weighted,False
ISPY2-203254_z023,ISPY2-203254,2,0,spy2,0.6770163,train,2026,weighted,False
ISPY2-203254_z024,ISPY2-203254,2,0,spy2,0.6800063,train,2026,weighted,False
ISPY2-203254_z025,ISPY2-203254,2,0,spy2,0.68341994,train,2026,weighted,False
ISPY2-203254_z026,ISPY2-203254,2,0,spy2,0.6856827,train,2026,weighted,False
ACRIN-6698-421917_z011,ACRIN-6698-421917,2,0,spy2,0.6515787,train,2026,weighted,False
ACRIN-6698-421917_z012,ACRIN-6698-421917,2,0,spy2,0.650416,train,2026,weighted,False
ACRIN-6698-421917_z013,ACRIN-6698-421917,2,0,spy2,0.6473083,train,2026,weighted,False
ACRIN-6698-421917_z014,ACRIN-6698-421917,2,0,spy2,0.6477569,train,2026,weighted,False
ACRIN-6698-421917_z015,ACRIN-6698-421917,2,0,spy2,0.6489708,train,2026,weighted,False
ACRIN-6698-421917_z016,ACRIN-6698-421917,2,0,spy2,0.6516667,train,2026,weighted,False
ACRIN-6698-421917_z017,ACRIN-6698-421917,2,0,spy2,0.65165424,train,2026,weighted,False
ACRIN-6698-421917_z018,ACRIN-6698-421917,2,0,spy2,0.651557,train,2026,weighted,False
ACRIN-6698-421917_z019,ACRIN-6698-421917,2,0,spy2,0.65085423,train,2026,weighted,False
ACRIN-6698-421917_z020,ACRIN-6698-421917,2,0,spy2,0.6504038,train,2026,weighted,False
ISPY2-883886_z012,ISPY2-883886,2,0,spy2,0.40015638,train,2026,weighted,False
ISPY2-883886_z013,ISPY2-883886,2,0,spy2,0.4049868,train,2026,weighted,False
ISPY2-883886_z014,ISPY2-883886,2,0,spy2,0.4024274,train,2026,weighted,False
ISPY2-883886_z015,ISPY2-883886,2,0,spy2,0.3967691,train,2026,weighted,False
ISPY2-883886_z016,ISPY2-883886,2,0,spy2,0.39545313,train,2026,weighted,False
ISPY2-883886_z017,ISPY2-883886,2,0,spy2,0.39521003,train,2026,weighted,False
ISPY2-883886_z018,ISPY2-883886,2,0,spy2,0.39280283,train,2026,weighted,False
ISPY2-883886_z019,ISPY2-883886,2,0,spy2,0.39592025,train,2026,weighted,False
ISPY2-883886_z020,ISPY2-883886,2,0,spy2,0.39154935,train,2026,weighted,False
ISPY2-883886_z021,ISPY2-883886,2,0,spy2,0.39478964,train,2026,weighted,False
ISPY2-507249_z013,ISPY2-507249,2,0,spy2,0.5825536,train,2026,weighted,False
ISPY2-507249_z014,ISPY2-507249,2,0,spy2,0.57860655,train,2026,weighted,False
ISPY2-507249_z015,ISPY2-507249,2,0,spy2,0.57900864,train,2026,weighted,False
ISPY2-507249_z016,ISPY2-507249,2,0,spy2,0.5840457,train,2026,weighted,False
ISPY2-507249_z017,ISPY2-507249,2,0,spy2,0.587314,train,2026,weighted,False
ISPY2-507249_z018,ISPY2-507249,2,0,spy2,0.5835386,train,2026,weighted,False
ISPY2-507249_z019,ISPY2-507249,2,0,spy2,0.5776917,train,2026,weighted,False
ISPY2-507249_z020,ISPY2-507249,2,0,spy2,0.5804894,train,2026,weighted,False
ISPY2-507249_z021,ISPY2-507249,2,0,spy2,0.5906967,train,2026,weighted,False
ISPY2-507249_z022,ISPY2-507249,2,0,spy2,0.5890954,train,2026,weighted,False
ACRIN-6698-724293_z005,ACRIN-6698-724293,2,1,spy2,0.63933724,train,2026,weighted,False
ACRIN-6698-724293_z006,ACRIN-6698-724293,2,1,spy2,0.64569396,train,2026,weighted,False
ACRIN-6698-724293_z007,ACRIN-6698-724293,2,1,spy2,0.65070575,train,2026,weighted,False
ACRIN-6698-724293_z008,ACRIN-6698-724293,2,1,spy2,0.6563963,train,2026,weighted,False
ACRIN-6698-724293_z009,ACRIN-6698-724293,2,1,spy2,0.654811,train,2026,weighted,False
ACRIN-6698-724293_z010,ACRIN-6698-724293,2,1,spy2,0.6562784,train,2026,weighted,False
ACRIN-6698-724293_z011,ACRIN-6698-724293,2,1,spy2,0.65730894,train,2026,weighted,False
ACRIN-6698-724293_z012,ACRIN-6698-724293,2,1,spy2,0.6592016,train,2026,weighted,False
ACRIN-6698-724293_z013,ACRIN-6698-724293,2,1,spy2,0.6595939,train,2026,weighted,False
ACRIN-6698-724293_z014,ACRIN-6698-724293,2,1,spy2,0.65991217,train,2026,weighted,False
ACRIN-6698-765671_z002,ACRIN-6698-765671,2,1,spy2,0.56898355,train,2026,weighted,False
ACRIN-6698-765671_z003,ACRIN-6698-765671,2,1,spy2,0.5697351,train,2026,weighted,False
ACRIN-6698-765671_z004,ACRIN-6698-765671,2,1,spy2,0.5696295,train,2026,weighted,False
ACRIN-6698-765671_z005,ACRIN-6698-765671,2,1,spy2,0.56908464,train,2026,weighted,False
ACRIN-6698-765671_z006,ACRIN-6698-765671,2,1,spy2,0.56743896,train,2026,weighted,False
ACRIN-6698-765671_z007,ACRIN-6698-765671,2,1,spy2,0.56827205,train,2026,weighted,False
ACRIN-6698-765671_z008,ACRIN-6698-765671,2,1,spy2,0.5697596,train,2026,weighted,False
ACRIN-6698-765671_z009,ACRIN-6698-765671,2,1,spy2,0.5717193,train,2026,weighted,False
ACRIN-6698-765671_z010,ACRIN-6698-765671,2,1,spy2,0.57199085,train,2026,weighted,False
ACRIN-6698-765671_z011,ACRIN-6698-765671,2,1,spy2,0.5720972,train,2026,weighted,False
ISPY2-836983_z022,ISPY2-836983,2,1,spy2,0.46253282,train,2026,weighted,False
ISPY2-836983_z023,ISPY2-836983,2,1,spy2,0.44458795,train,2026,weighted,False
ISPY2-836983_z024,ISPY2-836983,2,1,spy2,0.43955776,train,2026,weighted,False
ISPY2-836983_z025,ISPY2-836983,2,1,spy2,0.4456731,train,2026,weighted,False
ISPY2-836983_z028,ISPY2-836983,2,1,spy2,0.46373233,train,2026,weighted,False
ISPY2-836983_z029,ISPY2-836983,2,1,spy2,0.4727401,train,2026,weighted,False
ISPY2-836983_z030,ISPY2-836983,2,1,spy2,0.47515085,train,2026,weighted,False
ISPY2-836983_z031,ISPY2-836983,2,1,spy2,0.47390166,train,2026,weighted,False
ISPY2-836983_z032,ISPY2-836983,2,1,spy2,0.48108566,train,2026,weighted,False
ISPY2-836983_z033,ISPY2-836983,2,1,spy2,0.48973888,train,2026,weighted,False
ISPY2-559021_z072,ISPY2-559021,2,1,spy2,0.18259527,train,2026,weighted,False
ISPY2-559021_z077,ISPY2-559021,2,1,spy2,0.1832553,train,2026,weighted,False
ISPY2-559021_z078,ISPY2-559021,2,1,spy2,0.18328698,train,2026,weighted,False
ISPY2-559021_z079,ISPY2-559021,2,1,spy2,0.18334718,train,2026,weighted,False
ISPY2-559021_z080,ISPY2-559021,2,1,spy2,0.18337636,train,2026,weighted,False
ISPY2-559021_z081,ISPY2-559021,2,1,spy2,0.18345277,train,2026,weighted,False
ISPY2-559021_z082,ISPY2-559021,2,1,spy2,0.1834379,train,2026,weighted,False
ISPY2-559021_z083,ISPY2-559021,2,1,spy2,0.18347062,train,2026,weighted,False
ISPY2-559021_z084,ISPY2-559021,2,1,spy2,0.18348719,train,2026,weighted,False
ISPY2-559021_z085,ISPY2-559021,2,1,spy2,0.18350643,train,2026,weighted,False
ISPY2-892390_z032,ISPY2-892390,2,1,spy2,0.49230537,train,2026,weighted,False
ISPY2-892390_z033,ISPY2-892390,2,1,spy2,0.4923155,train,2026,weighted,False
ISPY2-892390_z034,ISPY2-892390,2,1,spy2,0.49233642,train,2026,weighted,False
ISPY2-892390_z035,ISPY2-892390,2,1,spy2,0.49235085,train,2026,weighted,False
ISPY2-892390_z036,ISPY2-892390,2,1,spy2,0.4923537,train,2026,weighted,False
ISPY2-892390_z037,ISPY2-892390,2,1,spy2,0.4923515,train,2026,weighted,False
ISPY2-892390_z038,ISPY2-892390,2,1,spy2,0.49234307,train,2026,weighted,False
ISPY2-892390_z039,ISPY2-892390,2,1,spy2,0.49234295,train,2026,weighted,False
ISPY2-892390_z040,ISPY2-892390,2,1,spy2,0.49233913,train,2026,weighted,False
ISPY2-892390_z041,ISPY2-892390,2,1,spy2,0.4923359,train,2026,weighted,False
ISPY2-666715_z013,ISPY2-666715,2,0,spy2,0.42643467,train,2026,weighted,False
ISPY2-666715_z014,ISPY2-666715,2,0,spy2,0.42586142,train,2026,weighted,False
ISPY2-666715_z015,ISPY2-666715,2,0,spy2,0.42540145,train,2026,weighted,False
ISPY2-666715_z016,ISPY2-666715,2,0,spy2,0.42491817,train,2026,weighted,False
ISPY2-666715_z017,ISPY2-666715,2,0,spy2,0.42382213,train,2026,weighted,False
ISPY2-666715_z018,ISPY2-666715,2,0,spy2,0.42312393,train,2026,weighted,False
ISPY2-666715_z019,ISPY2-666715,2,0,spy2,0.42137784,train,2026,weighted,False
ISPY2-666715_z020,ISPY2-666715,2,0,spy2,0.4201222,train,2026,weighted,False
ISPY2-666715_z021,ISPY2-666715,2,0,spy2,0.42084578,train,2026,weighted,False
ISPY2-666715_z022,ISPY2-666715,2,0,spy2,0.42226064,train,2026,weighted,False
