sample_id,patient_id,fold,pCR,dataset,prob,split,seed,loss,smoke
ISPY1_1007_z008,ISPY1_1007,4,0,spy1,0.2612866,train,2026,weighted,False
ISPY1_1007_z009,ISPY1_1007,4,0,spy1,0.25529724,train,2026,weighted,False
ISPY1_1007_z010,ISPY1_1007,4,0,spy1,0.24859595,train,2026,weighted,False
ISPY1_1007_z011,ISPY1_1007,4,0,spy1,0.24545522,train,2026,weighted,False
ISPY1_1007_z012,ISPY1_1007,4,0,spy1,0.24339461,train,2026,weighted,False
ISPY1_1007_z013,ISPY1_1007,4,0,spy1,0.23985055,train,2026,weighted,False
ISPY1_1007_z014,ISPY1_1007,4,0,spy1,0.2355292,train,2026,weighted,False
ISPY1_1007_z015,ISPY1_1007,4,0,spy1,0.2305915,train,2026,weighted,False
ISPY1_1007_z016,ISPY1_1007,4,0,spy1,0.22652245,train,2026,weighted,False
ISPY1_1007_z017,ISPY1_1007,4,0,spy1,0.22345538,train,2026,weighted,False
ISPY1_1027_z006,ISPY1_1027,4,0,spy1,0.63195235,train,2026,weighted,False
ISPY1_1027_z007,ISPY1_1027,4,0,spy1,0.6310246,train,2026,weighted,False
ISPY1_1027_z008,ISPY1_1027,4,0,spy1,0.63169473,train,2026,weighted,False
ISPY1_1027_z009,ISPY1_1027,4,0,spy1,0.6331031,train,2026,weighted,False
ISPY1_1027_z010,ISPY1_1027,4,0,spy1,0.6324167,train,2026,weighted,False
ISPY1_1027_z011,ISPY1_1027,4,0,spy1,0.6330936,train,2026,weighted,False
ISPY1_1027_z012,ISPY1_1027,4,0,spy1,0.6329246,train,2026,weighted,False
ISPY1_1027_z013,ISPY1_1027,4,0,spy1,0.63237745,train,2026,weighted,False
ISPY1_1027_z014,ISPY1_1027,4,0,spy1,0.6310064,train,2026,weighted,False
ISPY1_1027_z015,ISPY1_1027,4,0,spy1,0.63082767,train,2026,weighted,False
ISPY1_1034_z012,ISPY1_1034,4,0,spy1,0.5583814,train,2026,weighted,False
ISPY1_1034_z013,ISPY1_1034,4,0,spy1,0.55889124,train,2026,weighted,False
ISPY1_1034_z014,ISPY1_1034,4,0,spy1,0.5589747,train,2026,weighted,False
ISPY1_1034_z015,ISPY1_1034,4,0,spy1,0.55912894,train,2026,weighted,False
ISPY1_1034_z016,ISPY1_1034,4,0,spy1,0.55947536,train,2026,weighted,False
ISPY1_1034_z017,ISPY1_1034,4,0,spy1,0.5600557,train,2026,weighted,False
ISPY1_1034_z018,ISPY1_1034,4,0,spy1,0.56031126,train,2026,weighted,False
ISPY1_1034_z019,ISPY1_1034,4,0,spy1,0.5605371,train,2026,weighted,False
ISPY1_1034_z020,ISPY1_1034,4,0,spy1,0.56042236,train,2026,weighted,False
ISPY1_1034_z021,ISPY1_1034,4,0,spy1,0.56046903,train,2026,weighted,False
ISPY1_1054_z015,ISPY1_1054,4,0,spy1,0.54300714,train,2026,weighted,False
ISPY1_1054_z016,ISPY1_1054,4,0,spy1,0.5447346,train,2026,weighted,False
ISPY1_1054_z017,ISPY1_1054,4,0,spy1,0.53756523,train,2026,weighted,False
ISPY1_1054_z018,ISPY1_1054,4,0,spy1,0.53345937,train,2026,weighted,False
ISPY1_1054_z019,ISPY1_1054,4,0,spy1,0.54039675,train,2026,weighted,False
ISPY1_1054_z020,ISPY1_1054,4,0,spy1,0.5461464,train,2026,weighted,False
ISPY1_1054_z021,ISPY1_1054,4,0,spy1,0.54633516,train,2026,weighted,False
ISPY1_1054_z022,ISPY1_1054,4,0,spy1,0.5445397,train,2026,weighted,False
ISPY1_1054_z023,ISPY1_1054,4,0,spy1,0.54015726,train,2026,weighted,False
ISPY1_1054_z024,ISPY1_1054,4,0,spy1,0.5417058,train,2026,weighted,False
ISPY1_1061_z006,ISPY1_1061,4,0,spy1,0.7767229,train,2026,weighted,False
ISPY1_1061_z007,ISPY1_1061,4,0,spy1,0.77666,train,2026,weighted,False
ISPY1_1061_z008,ISPY1_1061,4,0,spy1,0.77669144,train,2026,weighted,False
ISPY1_1061_z009,ISPY1_1061,4,0,spy1,0.7766329,train,2026,weighted,False
ISPY1_1061_z010,ISPY1_1061,4,0,spy1,0.77680063,train,2026,weighted,False
ISPY1_1061_z011,ISPY1_1061,4,0,spy1,0.7761892,train,2026,weighted,False
ISPY1_1061_z012,ISPY1_1061,4,0,spy1,0.77514064,train,2026,weighted,False
ISPY1_1061_z013,ISPY1_1061,4,0,spy1,0.7719063,train,2026,weighted,False
ISPY1_1061_z014,ISPY1_1061,4,0,spy1,0.76727176,train,2026,weighted,False
ISPY1_1061_z015,ISPY1_1061,4,0,spy1,0.7579853,train,2026,weighted,False
ISPY1_1064_z005,ISPY1_1064,4,0,spy1,0.43858838,train,2026,weighted,False
ISPY1_1064_z006,ISPY1_1064,4,0,spy1,0.4335162,train,2026,weighted,False
ISPY1_1064_z007,ISPY1_1064,4,0,spy1,0.4269316,train,2026,weighted,False
ISPY1_1064_z008,ISPY1_1064,4,0,spy1,0.4263298,train,2026,weighted,False
ISPY1_1064_z009,ISPY1_1064,4,0,spy1,0.42337626,train,2026,weighted,False
ISPY1_1064_z010,ISPY1_1064,4,0,spy1,0.41809618,train,2026,weighted,False
ISPY1_1064_z011,ISPY1_1064,4,0,spy1,0.41565022,train,2026,weighted,False
ISPY1_1064_z012,ISPY1_1064,4,0,spy1,0.41988656,train,2026,weighted,False
ISPY1_1064_z013,ISPY1_1064,4,0,spy1,0.43148497,train,2026,weighted,False
ISPY1_1064_z014,ISPY1_1064,4,0,spy1,0.44525734,train,2026,weighted,False
ISPY1_1084_z013,ISPY1_1084,4,0,spy1,0.52826774,train,2026,weighted,False
ISPY1_1084_z014,ISPY1_1084,4,0,spy1,0.52680933,train,2026,weighted,False
ISPY1_1084_z015,ISPY1_1084,4,0,spy1,0.5245913,train,2026,weighted,False
ISPY1_1084_z016,ISPY1_1084,4,0,spy1,0.5227349,train,2026,weighted,False
ISPY1_1084_z017,ISPY1_1084,4,0,spy1,0.51903963,train,2026,weighted,False
ISPY1_1084_z018,ISPY1_1084,4,0,spy1,0.51666516,train,2026,weighted,False
ISPY1_1084_z019,ISPY1_1084,4,0,spy1,0.51563317,train,2026,weighted,False
ISPY1_1084_z020,ISPY1_1084,4,0,spy1,0.5108841,train,2026,weighted,False
ISPY1_1084_z021,ISPY1_1084,4,0,spy1,0.50248605,train,2026,weighted,False
ISPY1_1084_z022,ISPY1_1084,4,0,spy1,0.5107558,train,2026,weighted,False
ISPY1_1101_z004,ISPY1_1101,4,0,spy1,0.7699642,train,2026,weighted,False
ISPY1_1101_z005,ISPY1_1101,4,0,spy1,0.7701529,train,2026,weighted,False
ISPY1_1101_z006,ISPY1_1101,4,0,spy1,0.7701362,train,2026,weighted,False
ISPY1_1101_z007,ISPY1_1101,4,0,spy1,0.7701716,train,2026,weighted,False
ISPY1_1101_z008,ISPY1_1101,4,0,spy1,0.770235,train,2026,weighted,False
ISPY1_1101_z009,ISPY1_1101,4,0,spy1,0.770275,train,2026,weighted,False
ISPY1_1101_z010,ISPY1_1101,4,0,spy1,0.7703578,train,2026,weighted,False
ISPY1_1101_z011,ISPY1_1101,4,0,spy1,0.77034545,train,2026,weighted,False
ISPY1_1101_z012,ISPY1_1101,4,0,spy1,0.7703967,train,2026,weighted,False
ISPY1_1101_z013,ISPY1_1101,4,0,spy1,0.77031124,train,2026,weighted,False
ISPY1_1107_z001,ISPY1_1107,4,0,spy1,0.25752616,train,2026,weighted,False
ISPY1_1107_z002,ISPY1_1107,4,0,spy1,0.25909808,train,2026,weighted,False
ISPY1_1107_z003,ISPY1_1107,4,0,spy1,0.26379603,train,2026,weighted,False
ISPY1_1107_z004,ISPY1_1107,4,0,spy1,0.26381063,train,2026,weighted,False
ISPY1_1107_z005,ISPY1_1107,4,0,spy1,0.27076685,train,2026,weighted,False
ISPY1_1107_z006,ISPY1_1107,4,0,spy1,0.27724743,train,2026,weighted,False
ISPY1_1107_z007,ISPY1_1107,4,0,spy1,0.27941817,train,2026,weighted,False
ISPY1_1107_z008,ISPY1_1107,4,0,spy1,0.279119,train,2026,weighted,False
ISPY1_1107_z009,ISPY1_1107,4,0,spy1,0.27782384,train,2026,weighted,False
ISPY1_1107_z010,ISPY1_1107,4,0,spy1,0.27691257,train,2026,weighted,False
ISPY1_1130_z001,ISPY1_1130,4,1,spy1,0.44397765,train,2026,weighted,False
ISPY1_1130_z002,ISPY1_1130,4,1,spy1,0.44303107,train,2026,weighted,False
ISPY1_1130_z003,ISPY1_1130,4,1,spy1,0.4416209,train,2026,weighted,False
ISPY1_1130_z004,ISPY1_1130,4,1,spy1,0.4452747,train,2026,weighted,False
ISPY1_1130_z005,ISPY1_1130,4,1,spy1,0.4432981,train,2026,weighted,False
ISPY1_1130_z006,ISPY1_1130,4,1,spy1,0.44557613,train,2026,weighted,False
ISPY1_1130_z007,ISPY1_1130,4,1,spy1,0.44381136,train,2026,weighted,False
ISPY1_1130_z008,ISPY1_1130,4,1,spy1,0.42818183,train,2026,weighted,False
ISPY1_1130_z009,ISPY1_1130,4,1,spy1,0.4188575,train,2026,weighted,False
ISPY1_1130_z010,ISPY1_1130,4,1,spy1,0.4197977,train,2026,weighted,False
ISPY1_1141_z006,ISPY1_1141,4,0,spy1,0.7695129,train,2026,weighted,False
ISPY1_1141_z007,ISPY1_1141,4,0,spy1,0.76950175,train,2026,weighted,False
ISPY1_1141_z008,ISPY1_1141,4,0,spy1,0.7692411,train,2026,weighted,False
ISPY1_1141_z009,ISPY1_1141,4,0,spy1,0.7692244,train,2026,weighted,False
ISPY1_1141_z010,ISPY1_1141,4,0,spy1,0.76922405,train,2026,weighted,False
ISPY1_1141_z011,ISPY1_1141,4,0,spy1,0.76908976,train,2026,weighted,False
ISPY1_1141_z012,ISPY1_1141,4,0,spy1,0.769084,train,2026,weighted,False
ISPY1_1141_z013,ISPY1_1141,4,0,spy1,0.7692771,train,2026,weighted,False
ISPY1_1141_z014,ISPY1_1141,4,0,spy1,0.769265,train,2026,weighted,False
ISPY1_1141_z015,ISPY1_1141,4,0,spy1,0.7692102,train,2026,weighted,False
ISPY1_1144_z009,ISPY1_1144,4,1,spy1,0.4206022,train,2026,weighted,False
ISPY1_1144_z010,ISPY1_1144,4,1,spy1,0.42055792,train,2026,weighted,False
ISPY1_1144_z011,ISPY1_1144,4,1,spy1,0.42041418,train,2026,weighted,False
ISPY1_1144_z012,ISPY1_1144,4,1,spy1,0.4206788,train,2026,weighted,False
ISPY1_1144_z013,ISPY1_1144,4,1,spy1,0.42084384,train,2026,weighted,False
ISPY1_1144_z014,ISPY1_1144,4,1,spy1,0.42063084,train,2026,weighted,False
ISPY1_1144_z015,ISPY1_1144,4,1,spy1,0.42037034,train,2026,weighted,False
ISPY1_1144_z016,ISPY1_1144,4,1,spy1,0.42066687,train,2026,weighted,False
ISPY1_1144_z017,ISPY1_1144,4,1,spy1,0.42097932,train,2026,weighted,False
ISPY1_1144_z018,ISPY1_1144,4,1,spy1,0.4210683,train,2026,weighted,False
ISPY1_1156_z006,ISPY1_1156,4,1,spy1,0.5670483,train,2026,weighted,False
ISPY1_1156_z007,ISPY1_1156,4,1,spy1,0.5734921,train,2026,weighted,False
ISPY1_1156_z008,ISPY1_1156,4,1,spy1,0.5809678,train,2026,weighted,False
ISPY1_1156_z009,ISPY1_1156,4,1,spy1,0.5840274,train,2026,weighted,False
ISPY1_1156_z010,ISPY1_1156,4,1,spy1,0.5817419,train,2026,weighted,False
ISPY1_1156_z011,ISPY1_1156,4,1,spy1,0.581551,train,2026,weighted,False
ISPY1_1156_z012,ISPY1_1156,4,1,spy1,0.579053,train,2026,weighted,False
ISPY1_1156_z013,ISPY1_1156,4,1,spy1,0.5784514,train,2026,weighted,False
ISPY1_1156_z014,ISPY1_1156,4,1,spy1,0.5779775,train,2026,weighted,False
ISPY1_1156_z017,ISPY1_1156,4,1,spy1,0.5712228,train,2026,weighted,False
ISPY1_1179_z003,ISPY1_1179,4,0,spy1,0.6324363,train,2026,weighted,False
ISPY1_1179_z006,ISPY1_1179,4,0,spy1,0.62872815,train,2026,weighted,False
ISPY1_1179_z007,ISPY1_1179,4,0,spy1,0.63090324,train,2026,weighted,False
ISPY1_1179_z008,ISPY1_1179,4,0,spy1,0.62815803,train,2026,weighted,False
ISPY1_1179_z009,ISPY1_1179,4,0,spy1,0.62666416,train,2026,weighted,False
ISPY1_1179_z010,ISPY1_1179,4,0,spy1,0.6248757,train,2026,weighted,False
ISPY1_1179_z011,ISPY1_1179,4,0,spy1,0.6247244,train,2026,weighted,False
ISPY1_1179_z012,ISPY1_1179,4,0,spy1,0.62875617,train,2026,weighted,False
ISPY1_1179_z013,ISPY1_1179,4,0,spy1,0.6318022,train,2026,weighted,False
ISPY1_1179_z014,ISPY1_1179,4,0,spy1,0.63381344,train,2026,weighted,False
ISPY1_1188_z000,ISPY1_1188,4,0,spy1,0.7682199,train,2026,weighted,False
ISPY1_1188_z001,ISPY1_1188,4,0,spy1,0.76304203,train,2026,weighted,False
ISPY1_1188_z002,ISPY1_1188,4,0,spy1,0.75670844,train,2026,weighted,False
ISPY1_1188_z003,ISPY1_1188,4,0,spy1,0.75669956,train,2026,weighted,False
ISPY1_1188_z004,ISPY1_1188,4,0,spy1,0.7596148,train,2026,weighted,False
ISPY1_1188_z005,ISPY1_1188,4,0,spy1,0.75816107,train,2026,weighted,False
ISPY1_1188_z006,ISPY1_1188,4,0,spy1,0.763187,train,2026,weighted,False
ISPY1_1188_z007,ISPY1_1188,4,0,spy1,0.76688206,train,2026,weighted,False
ISPY1_1188_z008,ISPY1_1188,4,0,spy1,0.7680969,train,2026,weighted,False
ISPY1_1188_z009,ISPY1_1188,4,0,spy1,0.7661213,train,2026,weighted,False
ISPY1_1196_z008,ISPY1_1196,4,0,spy1,0.67731434,train,2026,weighted,False
ISPY1_1196_z009,ISPY1_1196,4,0,spy1,0.67738515,train,2026,weighted,False
ISPY1_1196_z010,ISPY1_1196,4,0,spy1,0.67768896,train,2026,weighted,False
ISPY1_1196_z012,ISPY1_1196,4,0,spy1,0.67769706,train,2026,weighted,False
ISPY1_1196_z013,ISPY1_1196,4,0,spy1,0.6780105,train,2026,weighted,False
ISPY1_1196_z014,ISPY1_1196,4,0,spy1,0.67832226,train,2026,weighted,False
ISPY1_1196_z015,ISPY1_1196,4,0,spy1,0.678118,train,2026,weighted,False
ISPY1_1196_z016,ISPY1_1196,4,0,spy1,0.6780137,train,2026,weighted,False
ISPY1_1196_z017,ISPY1_1196,4,0,spy1,0.67822176,train,2026,weighted,False
ISPY1_1196_z018,ISPY1_1196,4,0,spy1,0.6781959,train,2026,weighted,False
ISPY1_1205_z006,ISPY1_1205,4,0,spy1,0.14374873,train,2026,weighted,False
ISPY1_1205_z007,ISPY1_1205,4,0,spy1,0.14380583,train,2026,weighted,False
ISPY1_1205_z008,ISPY1_1205,4,0,spy1,0.14382805,train,2026,weighted,False
ISPY1_1205_z009,ISPY1_1205,4,0,spy1,0.14382204,train,2026,weighted,False
ISPY1_1205_z010,ISPY1_1205,4,0,spy1,0.14382552,train,2026,weighted,False
ISPY1_1205_z011,ISPY1_1205,4,0,spy1,0.14378686,train,2026,weighted,False
ISPY1_1205_z012,ISPY1_1205,4,0,spy1,0.14385611,train,2026,weighted,False
ISPY1_1205_z013,ISPY1_1205,4,0,spy1,0.14382622,train,2026,weighted,False
ISPY1_1205_z014,ISPY1_1205,4,0,spy1,0.1438668,train,2026,weighted,False
ISPY1_1205_z015,ISPY1_1205,4,0,spy1,0.14388621,train,2026,weighted,False
ISPY1_1217_z002,ISPY1_1217,4,0,spy1,0.33291215,train,2026,weighted,False
ISPY1_1217_z003,ISPY1_1217,4,0,spy1,0.33570287,train,2026,weighted,False
ISPY1_1217_z004,ISPY1_1217,4,0,spy1,0.3398236,train,2026,weighted,False
ISPY1_1217_z005,ISPY1_1217,4,0,spy1,0.3460723,train,2026,weighted,False
ISPY1_1217_z006,ISPY1_1217,4,0,spy1,0.35499144,train,2026,weighted,False
ISPY1_1217_z007,ISPY1_1217,4,0,spy1,0.36899376,train,2026,weighted,False
ISPY1_1217_z008,ISPY1_1217,4,0,spy1,0.37042433,train,2026,weighted,False
ISPY1_1217_z009,ISPY1_1217,4,0,spy1,0.3641423,train,2026,weighted,False
ISPY1_1217_z010,ISPY1_1217,4,0,spy1,0.37302554,train,2026,weighted,False
ISPY1_1217_z011,ISPY1_1217,4,0,spy1,0.37284246,train,2026,weighted,False
ISPY1_1227_z002,ISPY1_1227,4,1,spy1,0.7539592,train,2026,weighted,False
ISPY1_1227_z003,ISPY1_1227,4,1,spy1,0.7543652,train,2026,weighted,False
ISPY1_1227_z004,ISPY1_1227,4,1,spy1,0.75450826,train,2026,weighted,False
ISPY1_1227_z005,ISPY1_1227,4,1,spy1,0.75454885,train,2026,weighted,False
ISPY1_1227_z006,ISPY1_1227,4,1,spy1,0.75453246,train,2026,weighted,False
ISPY1_1227_z007,ISPY1_1227,4,1,spy1,0.7540189,train,2026,weighted,False
ISPY1_1227_z008,ISPY1_1227,4,1,spy1,0.7499386,train,2026,weighted,False
ISPY1_1227_z009,ISPY1_1227,4,1,spy1,0.74781144,train,2026,weighted,False
ISPY1_1227_z010,ISPY1_1227,4,1,spy1,0.7445,train,2026,weighted,False
ISPY1_1227_z011,ISPY1_1227,4,1,spy1,0.7343976,train,2026,weighted,False
ISPY1_1235_z006,ISPY1_1235,4,1,spy1,0.70919204,train,2026,weighted,False
ISPY1_1235_z007,ISPY1_1235,4,1,spy1,0.72532207,train,2026,weighted,False
ISPY1_1235_z008,ISPY1_1235,4,1,spy1,0.725299,train,2026,weighted,False
ISPY1_1235_z009,ISPY1_1235,4,1,spy1,0.7288983,train,2026,weighted,False
ISPY1_1235_z010,ISPY1_1235,4,1,spy1,0.73007596,train,2026,weighted,False
ISPY1_1235_z011,ISPY1_1235,4,1,spy1,0.73744035,train,2026,weighted,False
ISPY1_1235_z012,ISPY1_1235,4,1,spy1,0.7314357,train,2026,weighted,False
ISPY1_1235_z013,ISPY1_1235,4,1,spy1,0.72350204,train,2026,weighted,False
ISPY1_1235_z014,ISPY1_1235,4,1,spy1,0.7129685,train,2026,weighted,False
ISPY1_1235_z015,ISPY1_1235,4,1,spy1,0.6974546,train,2026,weighted,False
Breast_MRI_012_z022,Breast_MRI_012,4,0,duke,0.48535606,train,2026,weighted,False
Breast_MRI_012_z023,Breast_MRI_012,4,0,duke,0.48549786,train,2026,weighted,False
Breast_MRI_012_z024,Breast_MRI_012,4,0,duke,0.4854151,train,2026,weighted,False
Breast_MRI_012_z025,Breast_MRI_012,4,0,duke,0.4854041,train,2026,weighted,False
Breast_MRI_012_z026,Breast_MRI_012,4,0,duke,0.4853795,train,2026,weighted,False
Breast_MRI_012_z027,Breast_MRI_012,4,0,duke,0.48541707,train,2026,weighted,False
Breast_MRI_012_z028,Breast_MRI_012,4,0,duke,0.48539585,train,2026,weighted,False
Breast_MRI_012_z029,Breast_MRI_012,4,0,duke,0.48537657,train,2026,weighted,False
Breast_MRI_012_z030,Breast_MRI_012,4,0,duke,0.48548344,train,2026,weighted,False
Breast_MRI_012_z031,Breast_MRI_012,4,0,duke,0.48569763,train,2026,weighted,False
Breast_MRI_041_z013,Breast_MRI_041,4,0,duke,0.24125561,train,2026,weighted,False
Breast_MRI_041_z014,Breast_MRI_041,4,0,duke,0.24128753,train,2026,weighted,False
Breast_MRI_041_z015,Breast_MRI_041,4,0,duke,0.24131657,train,2026,weighted,False
Breast_MRI_041_z016,Breast_MRI_041,4,0,duke,0.24132162,train,2026,weighted,False
Breast_MRI_041_z017,Breast_MRI_041,4,0,duke,0.24131075,train,2026,weighted,False
Breast_MRI_041_z018,Breast_MRI_041,4,0,duke,0.241354,train,2026,weighted,False
Breast_MRI_041_z019,Breast_MRI_041,4,0,duke,0.24147862,train,2026,weighted,False
Breast_MRI_041_z020,Breast_MRI_041,4,0,duke,0.24156842,train,2026,weighted,False
Breast_MRI_041_z021,Breast_MRI_041,4,0,duke,0.24154966,train,2026,weighted,False
Breast_MRI_041_z022,Breast_MRI_041,4,0,duke,0.2416796,train,2026,weighted,False
Breast_MRI_044_z004,Breast_MRI_044,4,1,duke,0.9037891,train,2026,weighted,False
Breast_MRI_044_z005,Breast_MRI_044,4,1,duke,0.9038586,train,2026,weighted,False
Breast_MRI_044_z006,Breast_MRI_044,4,1,duke,0.903865,train,2026,weighted,False
Breast_MRI_044_z007,Breast_MRI_044,4,1,duke,0.90385455,train,2026,weighted,False
Breast_MRI_044_z008,Breast_MRI_044,4,1,duke,0.9037731,train,2026,weighted,False
Breast_MRI_044_z009,Breast_MRI_044,4,1,duke,0.9038042,train,2026,weighted,False
Breast_MRI_044_z010,Breast_MRI_044,4,1,duke,0.90380836,train,2026,weighted,False
Breast_MRI_044_z011,Breast_MRI_044,4,1,duke,0.90383255,train,2026,weighted,False
Breast_MRI_044_z012,Breast_MRI_044,4,1,duke,0.90380466,train,2026,weighted,False
Breast_MRI_044_z013,Breast_MRI_044,4,1,duke,0.90379816,train,2026,weighted,False
Breast_MRI_082_z012,Breast_MRI_082,4,0,duke,0.3492461,train,2026,weighted,False
Breast_MRI_082_z013,Breast_MRI_082,4,0,duke,0.34883413,train,2026,weighted,False
Breast_MRI_082_z014,Breast_MRI_082,4,0,duke,0.34702188,train,2026,weighted,False
Breast_MRI_082_z015,Breast_MRI_082,4,0,duke,0.3460183,train,2026,weighted,False
Breast_MRI_082_z016,Breast_MRI_082,4,0,duke,0.34496224,train,2026,weighted,False
Breast_MRI_082_z017,Breast_MRI_082,4,0,duke,0.34314272,train,2026,weighted,False
Breast_MRI_082_z018,Breast_MRI_082,4,0,duke,0.34246844,train,2026,weighted,False
Breast_MRI_082_z019,Breast_MRI_082,4,0,duke,0.3431316,train,2026,weighted,False
Breast_MRI_082_z020,Breast_MRI_082,4,0,duke,0.34111205,train,2026,weighted,False
Breast_MRI_082_z021,Breast_MRI_082,4,0,duke,0.33858955,train,2026,weighted,False
Breast_MRI_090_z056,Breast_MRI_090,4,0,duke,0.62477005,train,2026,weighted,False
Breast_MRI_090_z057,Breast_MRI_090,4,0,duke,0.6248094,train,2026,weighted,False
Breast_MRI_090_z058,Breast_MRI_090,4,0,duke,0.6248899,train,2026,weighted,False
Breast_MRI_090_z059,Breast_MRI_090,4,0,duke,0.6249261,train,2026,weighted,False
Breast_MRI_090_z060,Breast_MRI_090,4,0,duke,0.624964,train,2026,weighted,False
Breast_MRI_090_z061,Breast_MRI_090,4,0,duke,0.62498933,train,2026,weighted,False
Breast_MRI_090_z062,Breast_MRI_090,4,0,duke,0.6248599,train,2026,weighted,False
Breast_MRI_090_z063,Breast_MRI_090,4,0,duke,0.62477267,train,2026,weighted,False
Breast_MRI_090_z064,Breast_MRI_090,4,0,duke,0.62473786,train,2026,weighted,False
Breast_MRI_090_z065,Breast_MRI_090,4,0,duke,0.6247476,train,2026,weighted,False
Breast_MRI_114_z005,Breast_MRI_114,4,0,duke,0.37630406,train,2026,weighted,False
Breast_MRI_114_z006,Breast_MRI_114,4,0,duke,0.37662113,train,2026,weighted,False
Breast_MRI_114_z007,Breast_MRI_114,4,0,duke,0.37692383,train,2026,weighted,False
Breast_MRI_114_z008,Breast_MRI_114,4,0,duke,0.37797585,train,2026,weighted,False
Breast_MRI_114_z009,Breast_MRI_114,4,0,duke,0.37813884,train,2026,weighted,False
Breast_MRI_114_z010,Breast_MRI_114,4,0,duke,0.37837458,train,2026,weighted,False
Breast_MRI_114_z011,Breast_MRI_114,4,0,duke,0.37896156,train,2026,weighted,False
Breast_MRI_114_z012,Breast_MRI_114,4,0,duke,0.37882963,train,2026,weighted,False
Breast_MRI_114_z013,Breast_MRI_114,4,0,duke,0.3788421,train,2026,weighted,False
Breast_MRI_114_z014,Breast_MRI_114,4,0,duke,0.37877524,train,2026,weighted,False
Breast_MRI_129_z004,Breast_MRI_129,4,0,duke,0.7219034,train,2026,weighted,False
Breast_MRI_129_z005,Breast_MRI_129,4,0,duke,0.72191864,train,2026,weighted,False
Breast_MRI_129_z006,Breast_MRI_129,4,0,duke,0.72203773,train,2026,weighted,False
Breast_MRI_129_z007,Breast_MRI_129,4,0,duke,0.7218761,train,2026,weighted,False
Breast_MRI_129_z008,Breast_MRI_129,4,0,duke,0.7220717,train,2026,weighted,False
Breast_MRI_129_z009,Breast_MRI_129,4,0,duke,0.72202224,train,2026,weighted,False
Breast_MRI_129_z010,Breast_MRI_129,4,0,duke,0.72200227,train,2026,weighted,False
Breast_MRI_129_z011,Breast_MRI_129,4,0,duke,0.72202003,train,2026,weighted,False
Breast_MRI_129_z012,Breast_MRI_129,4,0,duke,0.72220665,train,2026,weighted,False
Breast_MRI_129_z013,Breast_MRI_129,4,0,duke,0.72232646,train,2026,weighted,False
Breast_MRI_142_z002,Breast_MRI_142,4,1,duke,0.4251033,train,2026,weighted,False
Breast_MRI_142_z003,Breast_MRI_142,4,1,duke,0.42501244,train,2026,weighted,False
Breast_MRI_142_z004,Breast_MRI_142,4,1,duke,0.42491913,train,2026,weighted,False
Breast_MRI_142_z005,Breast_MRI_142,4,1,duke,0.42495158,train,2026,weighted,False
Breast_MRI_142_z006,Breast_MRI_142,4,1,duke,0.42502198,train,2026,weighted,False
Breast_MRI_142_z007,Breast_MRI_142,4,1,duke,0.4249943,train,2026,weighted,False
Breast_MRI_142_z008,Breast_MRI_142,4,1,duke,0.42489025,train,2026,weighted,False
Breast_MRI_142_z009,Breast_MRI_142,4,1,duke,0.42507264,train,2026,weighted,False
Breast_MRI_142_z010,Breast_MRI_142,4,1,duke,0.42519423,train,2026,weighted,False
Breast_MRI_142_z011,Breast_MRI_142,4,1,duke,0.42511427,train,2026,weighted,False
Breast_MRI_157_z017,Breast_MRI_157,4,1,duke,0.29615793,train,2026,weighted,False
Breast_MRI_157_z018,Breast_MRI_157,4,1,duke,0.29597056,train,2026,weighted,False
Breast_MRI_157_z019,Breast_MRI_157,4,1,duke,0.29459587,train,2026,weighted,False
Breast_MRI_157_z020,Breast_MRI_157,4,1,duke,0.29305652,train,2026,weighted,False
Breast_MRI_157_z021,Breast_MRI_157,4,1,duke,0.2923393,train,2026,weighted,False
Breast_MRI_157_z022,Breast_MRI_157,4,1,duke,0.29103827,train,2026,weighted,False
Breast_MRI_157_z023,Breast_MRI_157,4,1,duke,0.28958315,train,2026,weighted,False
Breast_MRI_157_z024,Breast_MRI_157,4,1,duke,0.28844216,train,2026,weighted,False
Breast_MRI_157_z025,Breast_MRI_157,4,1,duke,0.287889,train,2026,weighted,False
Breast_MRI_157_z026,Breast_MRI_157,4,1,duke,0.2883418,train,2026,weighted,False
Breast_MRI_180_z010,Breast_MRI_180,4,0,duke,0.12426716,train,2026,weighted,False
Breast_MRI_180_z011,Breast_MRI_180,4,0,duke,0.12451123,train,2026,weighted,False
Breast_MRI_180_z012,Breast_MRI_180,4,0,duke,0.12497298,train,2026,weighted,False
Breast_MRI_180_z013,Breast_MRI_180,4,0,duke,0.12572297,train,2026,weighted,False
Breast_MRI_180_z014,Breast_MRI_180,4,0,duke,0.12622102,train,2026,weighted,False
Breast_MRI_180_z015,Breast_MRI_180,4,0,duke,0.12833305,train,2026,weighted,False
Breast_MRI_180_z016,Breast_MRI_180,4,0,duke,0.13014069,train,2026,weighted,False
Breast_MRI_180_z017,Breast_MRI_180,4,0,duke,0.13216679,train,2026,weighted,False
Breast_MRI_180_z018,Breast_MRI_180,4,0,duke,0.13456182,train,2026,weighted,False
Breast_MRI_180_z019,Breast_MRI_180,4,0,duke,0.13653533,train,2026,weighted,False
Breast_MRI_217_z020,Breast_MRI_217,4,1,duke,0.45295534,train,2026,weighted,False
Breast_MRI_217_z021,Breast_MRI_217,4,1,duke,0.46276706,train,2026,weighted,False
Breast_MRI_217_z022,Breast_MRI_217,4,1,duke,0.46721137,train,2026,weighted,False
Breast_MRI_217_z023,Breast_MRI_217,4,1,duke,0.47696498,train,2026,weighted,False
Breast_MRI_217_z024,Breast_MRI_217,4,1,duke,0.48543748,train,2026,weighted,False
Breast_MRI_217_z025,Breast_MRI_217,4,1,duke,0.49077258,train,2026,weighted,False
Breast_MRI_217_z026,Breast_MRI_217,4,1,duke,0.49240527,train,2026,weighted,False
Breast_MRI_217_z027,Breast_MRI_217,4,1,duke,0.49190906,train,2026,weighted,False
Breast_MRI_217_z028,Breast_MRI_217,4,1,duke,0.49134526,train,2026,weighted,False
Breast_MRI_217_z029,Breast_MRI_217,4,1,duke,0.4923653,train,2026,weighted,False
Breast_MRI_239_z009,Breast_MRI_239,4,0,duke,0.4708586,train,2026,weighted,False
Breast_MRI_239_z010,Breast_MRI_239,4,0,duke,0.47644782,train,2026,weighted,False
Breast_MRI_239_z011,Breast_MRI_239,4,0,duke,0.48441306,train,2026,weighted,False
Breast_MRI_239_z012,Breast_MRI_239,4,0,duke,0.48718056,train,2026,weighted,False
Breast_MRI_239_z013,Breast_MRI_239,4,0,duke,0.49038234,train,2026,weighted,False
Breast_MRI_239_z014,Breast_MRI_239,4,0,duke,0.4920402,train,2026,weighted,False
Breast_MRI_239_z015,Breast_MRI_239,4,0,duke,0.49160966,train,2026,weighted,False
Breast_MRI_239_z016,Breast_MRI_239,4,0,duke,0.48901019,train,2026,weighted,False
Breast_MRI_239_z017,Breast_MRI_239,4,0,duke,0.49471778,train,2026,weighted,False
Breast_MRI_239_z018,Breast_MRI_239,4,0,duke,0.49570304,train,2026,weighted,False
Breast_MRI_265_z012,Breast_MRI_265,4,0,duke,0.5969457,train,2026,weighted,False
Breast_MRI_265_z013,Breast_MRI_265,4,0,duke,0.6005512,train,2026,weighted,False
Breast_MRI_265_z014,Breast_MRI_265,4,0,duke,0.6011335,train,2026,weighted,False
Breast_MRI_265_z015,Breast_MRI_265,4,0,duke,0.59930253,train,2026,weighted,False
Breast_MRI_265_z016,Breast_MRI_265,4,0,duke,0.59663194,train,2026,weighted,False
Breast_MRI_265_z017,Breast_MRI_265,4,0,duke,0.59340715,train,2026,weighted,False
Breast_MRI_265_z018,Breast_MRI_265,4,0,duke,0.59297335,train,2026,weighted,False
Breast_MRI_265_z019,Breast_MRI_265,4,0,duke,0.5878238,train,2026,weighted,False
Breast_MRI_265_z020,Breast_MRI_265,4,0,duke,0.586192,train,2026,weighted,False
Breast_MRI_265_z021,Breast_MRI_265,4,0,duke,0.58435094,train,2026,weighted,False
Breast_MRI_290_z005,Breast_MRI_290,4,0,duke,0.4246926,train,2026,weighted,False
Breast_MRI_290_z006,Breast_MRI_290,4,0,duke,0.42479137,train,2026,weighted,False
Breast_MRI_290_z007,Breast_MRI_290,4,0,duke,0.4248243,train,2026,weighted,False
Breast_MRI_290_z008,Breast_MRI_290,4,0,duke,0.42486674,train,2026,weighted,False
Breast_MRI_290_z009,Breast_MRI_290,4,0,duke,0.4249638,train,2026,weighted,False
Breast_MRI_290_z010,Breast_MRI_290,4,0,duke,0.4249232,train,2026,weighted,False
Breast_MRI_290_z011,Breast_MRI_290,4,0,duke,0.42490366,train,2026,weighted,False
Breast_MRI_290_z012,Breast_MRI_290,4,0,duke,0.4248174,train,2026,weighted,False
Breast_MRI_290_z013,Breast_MRI_290,4,0,duke,0.42459285,train,2026,weighted,False
Breast_MRI_290_z014,Breast_MRI_290,4,0,duke,0.42440692,train,2026,weighted,False
Breast_MRI_306_z005,Breast_MRI_306,4,0,duke,0.8356584,train,2026,weighted,False
Breast_MRI_306_z006,Breast_MRI_306,4,0,duke,0.83589786,train,2026,weighted,False
Breast_MRI_306_z007,Breast_MRI_306,4,0,duke,0.8364383,train,2026,weighted,False
Breast_MRI_306_z008,Breast_MRI_306,4,0,duke,0.8368503,train,2026,weighted,False
Breast_MRI_306_z009,Breast_MRI_306,4,0,duke,0.83717877,train,2026,weighted,False
Breast_MRI_306_z010,Breast_MRI_306,4,0,duke,0.8369011,train,2026,weighted,False
Breast_MRI_306_z011,Breast_MRI_306,4,0,duke,0.83687115,train,2026,weighted,False
Breast_MRI_306_z012,Breast_MRI_306,4,0,duke,0.8366852,train,2026,weighted,False
Breast_MRI_306_z013,Breast_MRI_306,4,0,duke,0.83650154,train,2026,weighted,False
Breast_MRI_306_z014,Breast_MRI_306,4,0,duke,0.8360882,train,2026,weighted,False
Breast_MRI_328_z012,Breast_MRI_328,4,1,duke,0.60139006,train,2026,weighted,False
Breast_MRI_328_z013,Breast_MRI_328,4,1,duke,0.60132265,train,2026,weighted,False
Breast_MRI_328_z014,Breast_MRI_328,4,1,duke,0.6013996,train,2026,weighted,False
Breast_MRI_328_z015,Breast_MRI_328,4,1,duke,0.6015547,train,2026,weighted,False
Breast_MRI_328_z016,Breast_MRI_328,4,1,duke,0.6016927,train,2026,weighted,False
Breast_MRI_328_z017,Breast_MRI_328,4,1,duke,0.6017905,train,2026,weighted,False
Breast_MRI_328_z018,Breast_MRI_328,4,1,duke,0.601754,train,2026,weighted,False
Breast_MRI_328_z019,Breast_MRI_328,4,1,duke,0.60177916,train,2026,weighted,False
Breast_MRI_328_z020,Breast_MRI_328,4,1,duke,0.60188615,train,2026,weighted,False
Breast_MRI_328_z021,Breast_MRI_328,4,1,duke,0.60188127,train,2026,weighted,False
Breast_MRI_377_z007,Breast_MRI_377,4,1,duke,0.6895002,train,2026,weighted,False
Breast_MRI_377_z008,Breast_MRI_377,4,1,duke,0.68927073,train,2026,weighted,False
Breast_MRI_377_z009,Breast_MRI_377,4,1,duke,0.6890664,train,2026,weighted,False
Breast_MRI_377_z010,Breast_MRI_377,4,1,duke,0.6888098,train,2026,weighted,False
Breast_MRI_377_z011,Breast_MRI_377,4,1,duke,0.6886306,train,2026,weighted,False
Breast_MRI_377_z012,Breast_MRI_377,4,1,duke,0.68845814,train,2026,weighted,False
Breast_MRI_377_z013,Breast_MRI_377,4,1,duke,0.68830925,train,2026,weighted,False
Breast_MRI_377_z014,Breast_MRI_377,4,1,duke,0.68809295,train,2026,weighted,False
Breast_MRI_377_z015,Breast_MRI_377,4,1,duke,0.68758476,train,2026,weighted,False
Breast_MRI_377_z016,Breast_MRI_377,4,1,duke,0.6874431,train,2026,weighted,False
Breast_MRI_386_z014,Breast_MRI_386,4,0,duke,0.8191913,train,2026,weighted,False
Breast_MRI_386_z015,Breast_MRI_386,4,0,duke,0.81909716,train,2026,weighted,False
Breast_MRI_386_z016,Breast_MRI_386,4,0,duke,0.8190245,train,2026,weighted,False
Breast_MRI_386_z017,Breast_MRI_386,4,0,duke,0.8188507,train,2026,weighted,False
Breast_MRI_386_z018,Breast_MRI_386,4,0,duke,0.8190916,train,2026,weighted,False
Breast_MRI_386_z019,Breast_MRI_386,4,0,duke,0.81967306,train,2026,weighted,False
Breast_MRI_386_z020,Breast_MRI_386,4,0,duke,0.8185065,train,2026,weighted,False
Breast_MRI_386_z021,Breast_MRI_386,4,0,duke,0.8185651,train,2026,weighted,False
Breast_MRI_386_z022,Breast_MRI_386,4,0,duke,0.81943893,train,2026,weighted,False
Breast_MRI_386_z023,Breast_MRI_386,4,0,duke,0.8199712,train,2026,weighted,False
Breast_MRI_412_z020,Breast_MRI_412,4,0,duke,0.21461712,train,2026,weighted,False
Breast_MRI_412_z021,Breast_MRI_412,4,0,duke,0.21524605,train,2026,weighted,False
Breast_MRI_412_z022,Breast_MRI_412,4,0,duke,0.21543679,train,2026,weighted,False
Breast_MRI_412_z023,Breast_MRI_412,4,0,duke,0.21573627,train,2026,weighted,False
Breast_MRI_412_z024,Breast_MRI_412,4,0,duke,0.2160496,train,2026,weighted,False
Breast_MRI_412_z025,Breast_MRI_412,4,0,duke,0.21634878,train,2026,weighted,False
Breast_MRI_412_z026,Breast_MRI_412,4,0,duke,0.21653216,train,2026,weighted,False
Breast_MRI_412_z027,Breast_MRI_412,4,0,duke,0.21639626,train,2026,weighted,False
Breast_MRI_412_z028,Breast_MRI_412,4,0,duke,0.21615429,train,2026,weighted,False
Breast_MRI_412_z029,Breast_MRI_412,4,0,duke,0.21608782,train,2026,weighted,False
Breast_MRI_435_z010,Breast_MRI_435,4,0,duke,0.5499368,train,2026,weighted,False
Breast_MRI_435_z011,Breast_MRI_435,4,0,duke,0.5498024,train,2026,weighted,False
Breast_MRI_435_z012,Breast_MRI_435,4,0,duke,0.54976285,train,2026,weighted,False
Breast_MRI_435_z013,Breast_MRI_435,4,0,duke,0.5499018,train,2026,weighted,False
Breast_MRI_435_z014,Breast_MRI_435,4,0,duke,0.54979527,train,2026,weighted,False
Breast_MRI_435_z015,Breast_MRI_435,4,0,duke,0.5498744,train,2026,weighted,False
Breast_MRI_435_z016,Breast_MRI_435,4,0,duke,0.5499209,train,2026,weighted,False
Breast_MRI_435_z017,Breast_MRI_435,4,0,duke,0.54990053,train,2026,weighted,False
Breast_MRI_435_z018,Breast_MRI_435,4,0,duke,0.5497931,train,2026,weighted,False
Breast_MRI_435_z019,Breast_MRI_435,4,0,duke,0.54973286,train,2026,weighted,False
Breast_MRI_454_z014,Breast_MRI_454,4,0,duke,0.22287752,train,2026,weighted,False
Breast_MRI_454_z015,Breast_MRI_454,4,0,duke,0.2228111,train,2026,weighted,False
Breast_MRI_454_z016,Breast_MRI_454,4,0,duke,0.22274229,train,2026,weighted,False
Breast_MRI_454_z017,Breast_MRI_454,4,0,duke,0.22258623,train,2026,weighted,False
Breast_MRI_454_z018,Breast_MRI_454,4,0,duke,0.22233117,train,2026,weighted,False
Breast_MRI_454_z019,Breast_MRI_454,4,0,duke,0.22222033,train,2026,weighted,False
Breast_MRI_454_z020,Breast_MRI_454,4,0,duke,0.2220669,train,2026,weighted,False
Breast_MRI_454_z021,Breast_MRI_454,4,0,duke,0.22198592,train,2026,weighted,False
Breast_MRI_454_z022,Breast_MRI_454,4,0,duke,0.22192505,train,2026,weighted,False
Breast_MRI_454_z023,Breast_MRI_454,4,0,duke,0.2219166,train,2026,weighted,False
Breast_MRI_480_z016,Breast_MRI_480,4,0,duke,0.27149424,train,2026,weighted,False
Breast_MRI_480_z017,Breast_MRI_480,4,0,duke,0.27173862,train,2026,weighted,False
Breast_MRI_480_z018,Breast_MRI_480,4,0,duke,0.27154702,train,2026,weighted,False
Breast_MRI_480_z019,Breast_MRI_480,4,0,duke,0.27142054,train,2026,weighted,False
Breast_MRI_480_z020,Breast_MRI_480,4,0,duke,0.27142182,train,2026,weighted,False
Breast_MRI_480_z021,Breast_MRI_480,4,0,duke,0.27171445,train,2026,weighted,False
Breast_MRI_480_z022,Breast_MRI_480,4,0,duke,0.27165768,train,2026,weighted,False
Breast_MRI_480_z023,Breast_MRI_480,4,0,duke,0.271532,train,2026,weighted,False
Breast_MRI_480_z024,Breast_MRI_480,4,0,duke,0.27145073,train,2026,weighted,False
Breast_MRI_480_z025,Breast_MRI_480,4,0,duke,0.2716949,train,2026,weighted,False
Breast_MRI_486_z008,Breast_MRI_486,4,0,duke,0.31346524,train,2026,weighted,False
Breast_MRI_486_z009,Breast_MRI_486,4,0,duke,0.31271455,train,2026,weighted,False
Breast_MRI_486_z010,Breast_MRI_486,4,0,duke,0.31417665,train,2026,weighted,False
Breast_MRI_486_z011,Breast_MRI_486,4,0,duke,0.3120926,train,2026,weighted,False
Breast_MRI_486_z012,Breast_MRI_486,4,0,duke,0.31134322,train,2026,weighted,False
Breast_MRI_486_z013,Breast_MRI_486,4,0,duke,0.30885035,train,2026,weighted,False
Breast_MRI_486_z014,Breast_MRI_486,4,0,duke,0.31047177,train,2026,weighted,False
Breast_MRI_486_z015,Breast_MRI_486,4,0,duke,0.3069588,train,2026,weighted,False
Breast_MRI_486_z016,Breast_MRI_486,4,0,duke,0.306486,train,2026,weighted,False
Breast_MRI_486_z017,Breast_MRI_486,4,0,duke,0.3006036,train,2026,weighted,False
Breast_MRI_521_z015,Breast_MRI_521,4,0,duke,0.2326362,train,2026,weighted,False
Breast_MRI_521_z016,Breast_MRI_521,4,0,duke,0.23355372,train,2026,weighted,False
Breast_MRI_521_z017,Breast_MRI_521,4,0,duke,0.231382,train,2026,weighted,False
Breast_MRI_521_z018,Breast_MRI_521,4,0,duke,0.23065247,train,2026,weighted,False
Breast_MRI_521_z019,Breast_MRI_521,4,0,duke,0.23264602,train,2026,weighted,False
Breast_MRI_521_z020,Breast_MRI_521,4,0,duke,0.23085871,train,2026,weighted,False
Breast_MRI_521_z021,Breast_MRI_521,4,0,duke,0.22837116,train,2026,weighted,False
Breast_MRI_521_z022,Breast_MRI_521,4,0,duke,0.22548857,train,2026,weighted,False
Breast_MRI_521_z023,Breast_MRI_521,4,0,duke,0.22603604,train,2026,weighted,False
Breast_MRI_521_z024,Breast_MRI_521,4,0,duke,0.22626248,train,2026,weighted,False
Breast_MRI_525_z011,Breast_MRI_525,4,1,duke,0.8620705,train,2026,weighted,False
Breast_MRI_525_z012,Breast_MRI_525,4,1,duke,0.8619865,train,2026,weighted,False
Breast_MRI_525_z013,Breast_MRI_525,4,1,duke,0.8619804,train,2026,weighted,False
Breast_MRI_525_z014,Breast_MRI_525,4,1,duke,0.8617969,train,2026,weighted,False
Breast_MRI_525_z015,Breast_MRI_525,4,1,duke,0.86165744,train,2026,weighted,False
Breast_MRI_525_z016,Breast_MRI_525,4,1,duke,0.8615125,train,2026,weighted,False
Breast_MRI_525_z017,Breast_MRI_525,4,1,duke,0.8612987,train,2026,weighted,False
Breast_MRI_525_z018,Breast_MRI_525,4,1,duke,0.86108994,train,2026,weighted,False
Breast_MRI_525_z019,Breast_MRI_525,4,1,duke,0.86084133,train,2026,weighted,False
Breast_MRI_525_z020,Breast_MRI_525,4,1,duke,0.86064124,train,2026,weighted,False
Breast_MRI_559_z010,Breast_MRI_559,4,1,duke,0.84069216,train,2026,weighted,False
Breast_MRI_559_z011,Breast_MRI_559,4,1,duke,0.8400009,train,2026,weighted,False
Breast_MRI_559_z012,Breast_MRI_559,4,1,duke,0.8391663,train,2026,weighted,False
Breast_MRI_559_z013,Breast_MRI_559,4,1,duke,0.83862984,train,2026,weighted,False
Breast_MRI_559_z014,Breast_MRI_559,4,1,duke,0.8375069,train,2026,weighted,False
Breast_MRI_559_z015,Breast_MRI_559,4,1,duke,0.8359416,train,2026,weighted,False
Breast_MRI_559_z016,Breast_MRI_559,4,1,duke,0.83647794,train,2026,weighted,False
Breast_MRI_559_z017,Breast_MRI_559,4,1,duke,0.8367532,train,2026,weighted,False
Breast_MRI_559_z018,Breast_MRI_559,4,1,duke,0.8364449,train,2026,weighted,False
Breast_MRI_559_z019,Breast_MRI_559,4,1,duke,0.8382401,train,2026,weighted,False
Breast_MRI_585_z005,Breast_MRI_585,4,0,duke,0.3828975,train,2026,weighted,False
Breast_MRI_585_z006,Breast_MRI_585,4,0,duke,0.38096258,train,2026,weighted,False
Breast_MRI_585_z007,Breast_MRI_585,4,0,duke,0.37999016,train,2026,weighted,False
Breast_MRI_585_z008,Breast_MRI_585,4,0,duke,0.38503662,train,2026,weighted,False
Breast_MRI_585_z009,Breast_MRI_585,4,0,duke,0.38229305,train,2026,weighted,False
Breast_MRI_585_z010,Breast_MRI_585,4,0,duke,0.38367462,train,2026,weighted,False
Breast_MRI_585_z011,Breast_MRI_585,4,0,duke,0.38254887,train,2026,weighted,False
Breast_MRI_585_z012,Breast_MRI_585,4,0,duke,0.38557932,train,2026,weighted,False
Breast_MRI_585_z013,Breast_MRI_585,4,0,duke,0.38897142,train,2026,weighted,False
Breast_MRI_585_z014,Breast_MRI_585,4,0,duke,0.389658,train,2026,weighted,False
Breast_MRI_597_z019,Breast_MRI_597,4,0,duke,0.2833904,train,2026,weighted,False
Breast_MRI_597_z020,Breast_MRI_597,4,0,duke,0.28143942,train,2026,weighted,False
Breast_MRI_597_z021,Breast_MRI_597,4,0,duke,0.27928436,train,2026,weighted,False
Breast_MRI_597_z022,Breast_MRI_597,4,0,duke,0.27572036,train,2026,weighted,False
Breast_MRI_597_z023,Breast_MRI_597,4,0,duke,0.27464998,train,2026,weighted,False
Breast_MRI_597_z024,Breast_MRI_597,4,0,duke,0.27437508,train,2026,weighted,False
Breast_MRI_597_z025,Breast_MRI_597,4,0,duke,0.27496448,train,2026,weighted,False
Breast_MRI_597_z026,Breast_MRI_597,4,0,duke,0.26927996,train,2026,weighted,False
Breast_MRI_597_z027,Breast_MRI_597,4,0,duke,0.26862612,train,2026,weighted,False
Breast_MRI_597_z028,Breast_MRI_597,4,0,duke,0.26449397,train,2026,weighted,False
Breast_MRI_609_z010,Breast_MRI_609,4,0,duke,0.23299551,train,2026,weighted,False
Breast_MRI_609_z011,Breast_MRI_609,4,0,duke,0.23368838,train,2026,weighted,False
Breast_MRI_609_z012,Breast_MRI_609,4,0,duke,0.23425704,train,2026,weighted,False
Breast_MRI_609_z013,Breast_MRI_609,4,0,duke,0.23432358,train,2026,weighted,False
Breast_MRI_609_z014,Breast_MRI_609,4,0,duke,0.23424019,train,2026,weighted,False
Breast_MRI_609_z015,Breast_MRI_609,4,0,duke,0.23413287,train,2026,weighted,False
Breast_MRI_609_z016,Breast_MRI_609,4,0,duke,0.23416774,train,2026,weighted,False
Breast_MRI_609_z017,Breast_MRI_609,4,0,duke,0.23418939,train,2026,weighted,False
Breast_MRI_609_z018,Breast_MRI_609,4,0,duke,0.23430845,train,2026,weighted,False
Breast_MRI_609_z019,Breast_MRI_609,4,0,duke,0.23411603,train,2026,weighted,False
Breast_MRI_623_z003,Breast_MRI_623,4,0,duke,0.36231446,train,2026,weighted,False
Breast_MRI_623_z004,Breast_MRI_623,4,0,duke,0.36272126,train,2026,weighted,False
Breast_MRI_623_z005,Breast_MRI_623,4,0,duke,0.362704,train,2026,weighted,False
Breast_MRI_623_z006,Breast_MRI_623,4,0,duke,0.36271048,train,2026,weighted,False
Breast_MRI_623_z007,Breast_MRI_623,4,0,duke,0.3626699,train,2026,weighted,False
Breast_MRI_623_z008,Breast_MRI_623,4,0,duke,0.36258766,train,2026,weighted,False
Breast_MRI_623_z009,Breast_MRI_623,4,0,duke,0.36241555,train,2026,weighted,False
Breast_MRI_623_z010,Breast_MRI_623,4,0,duke,0.3623213,train,2026,weighted,False
Breast_MRI_623_z011,Breast_MRI_623,4,0,duke,0.3623209,train,2026,weighted,False
Breast_MRI_623_z012,Breast_MRI_623,4,0,duke,0.36221364,train,2026,weighted,False
Breast_MRI_640_z013,Breast_MRI_640,4,0,duke,0.28026032,train,2026,weighted,False
Breast_MRI_640_z014,Breast_MRI_640,4,0,duke,0.28049982,train,2026,weighted,False
Breast_MRI_640_z015,Breast_MRI_640,4,0,duke,0.28145805,train,2026,weighted,False
Breast_MRI_640_z016,Breast_MRI_640,4,0,duke,0.28262445,train,2026,weighted,False
Breast_MRI_640_z017,Breast_MRI_640,4,0,duke,0.28296503,train,2026,weighted,False
Breast_MRI_640_z018,Breast_MRI_640,4,0,duke,0.28185076,train,2026,weighted,False
Breast_MRI_640_z019,Breast_MRI_640,4,0,duke,0.2816534,train,2026,weighted,False
Breast_MRI_640_z020,Breast_MRI_640,4,0,duke,0.28233448,train,2026,weighted,False
Breast_MRI_640_z021,Breast_MRI_640,4,0,duke,0.2828213,train,2026,weighted,False
Breast_MRI_640_z022,Breast_MRI_640,4,0,duke,0.28261328,train,2026,weighted,False
Breast_MRI_660_z011,Breast_MRI_660,4,0,duke,0.71063614,train,2026,weighted,False
Breast_MRI_660_z012,Breast_MRI_660,4,0,duke,0.70926714,train,2026,weighted,False
Breast_MRI_660_z013,Breast_MRI_660,4,0,duke,0.705679,train,2026,weighted,False
Breast_MRI_660_z014,Breast_MRI_660,4,0,duke,0.70319796,train,2026,weighted,False
Breast_MRI_660_z015,Breast_MRI_660,4,0,duke,0.7003073,train,2026,weighted,False
Breast_MRI_660_z016,Breast_MRI_660,4,0,duke,0.6977325,train,2026,weighted,False
Breast_MRI_660_z017,Breast_MRI_660,4,0,duke,0.69752574,train,2026,weighted,False
Breast_MRI_660_z018,Breast_MRI_660,4,0,duke,0.698852,train,2026,weighted,False
Breast_MRI_660_z019,Breast_MRI_660,4,0,duke,0.7003632,train,2026,weighted,False
Breast_MRI_660_z020,Breast_MRI_660,4,0,duke,0.69926006,train,2026,weighted,False
Breast_MRI_666_z010,Breast_MRI_666,4,0,duke,0.62541586,train,2026,weighted,False
Breast_MRI_666_z011,Breast_MRI_666,4,0,duke,0.62375087,train,2026,weighted,False
Breast_MRI_666_z012,Breast_MRI_666,4,0,duke,0.62344784,train,2026,weighted,False
Breast_MRI_666_z013,Breast_MRI_666,4,0,duke,0.62239105,train,2026,weighted,False
Breast_MRI_666_z014,Breast_MRI_666,4,0,duke,0.6162479,train,2026,weighted,False
Breast_MRI_666_z015,Breast_MRI_666,4,0,duke,0.6117725,train,2026,weighted,False
Breast_MRI_666_z016,Breast_MRI_666,4,0,duke,0.6088289,train,2026,weighted,False
Breast_MRI_666_z017,Breast_MRI_666,4,0,duke,0.608217,train,2026,weighted,False
Breast_MRI_666_z018,Breast_MRI_666,4,0,duke,0.60113853,train,2026,weighted,False
Breast_MRI_666_z019,Breast_MRI_666,4,0,duke,0.5976927,train,2026,weighted,False
Breast_MRI_685_z019,Breast_MRI_685,4,0,duke,0.22025886,train,2026,weighted,False
Breast_MRI_685_z020,Breast_MRI_685,4,0,duke,0.22192982,train,2026,weighted,False
Breast_MRI_685_z021,Breast_MRI_685,4,0,duke,0.22488809,train,2026,weighted,False
Breast_MRI_685_z022,Breast_MRI_685,4,0,duke,0.21770434,train,2026,weighted,False
Breast_MRI_685_z023,Breast_MRI_685,4,0,duke,0.21283658,train,2026,weighted,False
Breast_MRI_685_z024,Breast_MRI_685,4,0,duke,0.2114828,train,2026,weighted,False
Breast_MRI_685_z025,Breast_MRI_685,4,0,duke,0.20947084,train,2026,weighted,False
Breast_MRI_685_z026,Breast_MRI_685,4,0,duke,0.21191116,train,2026,weighted,False
Breast_MRI_685_z027,Breast_MRI_685,4,0,duke,0.21050611,train,2026,weighted,False
Breast_MRI_685_z028,Breast_MRI_685,4,0,duke,0.20405248,train,2026,weighted,False
Breast_MRI_717_z032,Breast_MRI_717,4,0,duke,0.37950847,train,2026,weighted,False
Breast_MRI_717_z033,Breast_MRI_717,4,0,duke,0.37907848,train,2026,weighted,False
Breast_MRI_717_z034,Breast_MRI_717,4,0,duke,0.37921235,train,2026,weighted,False
Breast_MRI_717_z035,Breast_MRI_717,4,0,duke,0.3790992,train,2026,weighted,False
Breast_MRI_717_z036,Breast_MRI_717,4,0,duke,0.37889445,train,2026,weighted,False
Breast_MRI_717_z037,Breast_MRI_717,4,0,duke,0.3784624,train,2026,weighted,False
Breast_MRI_717_z038,Breast_MRI_717,4,0,duke,0.37863374,train,2026,weighted,False
Breast_MRI_717_z039,Breast_MRI_717,4,0,duke,0.379008,train,2026,weighted,False
Breast_MRI_717_z040,Breast_MRI_717,4,0,duke,0.378828,train,2026,weighted,False
Breast_MRI_717_z041,Breast_MRI_717,4,0,duke,0.37819153,train,2026,weighted,False
Breast_MRI_758_z003,Breast_MRI_758,4,0,duke,0.8550388,train,2026,weighted,False
Breast_MRI_758_z004,Breast_MRI_758,4,0,duke,0.85499626,train,2026,weighted,False
Breast_MRI_758_z005,Breast_MRI_758,4,0,duke,0.8549123,train,2026,weighted,False
Breast_MRI_758_z006,Breast_MRI_758,4,0,duke,0.8549149,train,2026,weighted,False
Breast_MRI_758_z007,Breast_MRI_758,4,0,duke,0.8547647,train,2026,weighted,False
Breast_MRI_758_z008,Breast_MRI_758,4,0,duke,0.85485506,train,2026,weighted,False
Breast_MRI_758_z009,Breast_MRI_758,4,0,duke,0.85490465,train,2026,weighted,False
Breast_MRI_758_z010,Breast_MRI_758,4,0,duke,0.85489154,train,2026,weighted,False
Breast_MRI_758_z011,Breast_MRI_758,4,0,duke,0.85481936,train,2026,weighted,False
Breast_MRI_758_z012,Breast_MRI_758,4,0,duke,0.8548156,train,2026,weighted,False
Breast_MRI_789_z009,Breast_MRI_789,4,0,duke,0.36855298,train,2026,weighted,False
Breast_MRI_789_z010,Breast_MRI_789,4,0,duke,0.36581552,train,2026,weighted,False
Breast_MRI_789_z011,Breast_MRI_789,4,0,duke,0.36480293,train,2026,weighted,False
Breast_MRI_789_z012,Breast_MRI_789,4,0,duke,0.36618236,train,2026,weighted,False
Breast_MRI_789_z013,Breast_MRI_789,4,0,duke,0.3683885,train,2026,weighted,False
Breast_MRI_789_z014,Breast_MRI_789,4,0,duke,0.3706888,train,2026,weighted,False
Breast_MRI_789_z015,Breast_MRI_789,4,0,duke,0.37091643,train,2026,weighted,False
Breast_MRI_789_z016,Breast_MRI_789,4,0,duke,0.36931807,train,2026,weighted,False
Breast_MRI_789_z017,Breast_MRI_789,4,0,duke,0.36886978,train,2026,weighted,False
Breast_MRI_789_z018,Breast_MRI_789,4,0,duke,0.36919188,train,2026,weighted,False
Breast_MRI_816_z003,Breast_MRI_816,4,0,duke,0.3996039,train,2026,weighted,False
Breast_MRI_816_z004,Breast_MRI_816,4,0,duke,0.39977947,train,2026,weighted,False
Breast_MRI_816_z005,Breast_MRI_816,4,0,duke,0.3998217,train,2026,weighted,False
Breast_MRI_816_z006,Breast_MRI_816,4,0,duke,0.3997103,train,2026,weighted,False
Breast_MRI_816_z007,Breast_MRI_816,4,0,duke,0.39953187,train,2026,weighted,False
Breast_MRI_816_z008,Breast_MRI_816,4,0,duke,0.39957088,train,2026,weighted,False
Breast_MRI_816_z009,Breast_MRI_816,4,0,duke,0.39957383,train,2026,weighted,False
Breast_MRI_816_z010,Breast_MRI_816,4,0,duke,0.39956245,train,2026,weighted,False
Breast_MRI_816_z011,Breast_MRI_816,4,0,duke,0.39940792,train,2026,weighted,False
Breast_MRI_816_z012,Breast_MRI_816,4,0,duke,0.3992161,train,2026,weighted,False
Breast_MRI_851_z008,Breast_MRI_851,4,0,duke,0.21289738,train,2026,weighted,False
Breast_MRI_851_z009,Breast_MRI_851,4,0,duke,0.21365778,train,2026,weighted,False
Breast_MRI_851_z010,Breast_MRI_851,4,0,duke,0.21257837,train,2026,weighted,False
Breast_MRI_851_z011,Breast_MRI_851,4,0,duke,0.21094331,train,2026,weighted,False
Breast_MRI_851_z012,Breast_MRI_851,4,0,duke,0.21044154,train,2026,weighted,False
Breast_MRI_851_z013,Breast_MRI_851,4,0,duke,0.20854953,train,2026,weighted,False
Breast_MRI_851_z014,Breast_MRI_851,4,0,duke,0.20981841,train,2026,weighted,False
Breast_MRI_851_z015,Breast_MRI_851,4,0,duke,0.20646842,train,2026,weighted,False
Breast_MRI_851_z016,Breast_MRI_851,4,0,duke,0.20598373,train,2026,weighted,False
Breast_MRI_851_z017,Breast_MRI_851,4,0,duke,0.20644641,train,2026,weighted,False
Breast_MRI_865_z008,Breast_MRI_865,4,0,duke,0.3365502,train,2026,weighted,False
Breast_MRI_865_z009,Breast_MRI_865,4,0,duke,0.3367327,train,2026,weighted,False
Breast_MRI_865_z010,Breast_MRI_865,4,0,duke,0.3366616,train,2026,weighted,False
Breast_MRI_865_z011,Breast_MRI_865,4,0,duke,0.3368785,train,2026,weighted,False
Breast_MRI_865_z012,Breast_MRI_865,4,0,duke,0.3368348,train,2026,weighted,False
Breast_MRI_865_z013,Breast_MRI_865,4,0,duke,0.33668345,train,2026,weighted,False
Breast_MRI_865_z014,Breast_MRI_865,4,0,duke,0.3364797,train,2026,weighted,False
Breast_MRI_865_z015,Breast_MRI_865,4,0,duke,0.33636144,train,2026,weighted,False
Breast_MRI_865_z016,Breast_MRI_865,4,0,duke,0.3363809,train,2026,weighted,False
Breast_MRI_865_z017,Breast_MRI_865,4,0,duke,0.33626813,train,2026,weighted,False
Breast_MRI_891_z004,Breast_MRI_891,4,0,duke,0.71277106,train,2026,weighted,False
Breast_MRI_891_z005,Breast_MRI_891,4,0,duke,0.7129603,train,2026,weighted,False
Breast_MRI_891_z006,Breast_MRI_891,4,0,duke,0.712936,train,2026,weighted,False
Breast_MRI_891_z007,Breast_MRI_891,4,0,duke,0.712957,train,2026,weighted,False
Breast_MRI_891_z008,Breast_MRI_891,4,0,duke,0.7129764,train,2026,weighted,False
Breast_MRI_891_z009,Breast_MRI_891,4,0,duke,0.7129489,train,2026,weighted,False
Breast_MRI_891_z010,Breast_MRI_891,4,0,duke,0.7130831,train,2026,weighted,False
Breast_MRI_891_z011,Breast_MRI_891,4,0,duke,0.7131736,train,2026,weighted,False
Breast_MRI_891_z012,Breast_MRI_891,4,0,duke,0.7132108,train,2026,weighted,False
Breast_MRI_891_z013,Breast_MRI_891,4,0,duke,0.7132218,train,2026,weighted,False
Breast_MRI_901_z010,Breast_MRI_901,4,0,duke,0.1945764,train,2026,weighted,False
Breast_MRI_901_z011,Breast_MRI_901,4,0,duke,0.19457765,train,2026,weighted,False
Breast_MRI_901_z012,Breast_MRI_901,4,0,duke,0.1947238,train,2026,weighted,False
Breast_MRI_901_z013,Breast_MRI_901,4,0,duke,0.19495776,train,2026,weighted,False
Breast_MRI_901_z014,Breast_MRI_901,4,0,duke,0.19434111,train,2026,weighted,False
Breast_MRI_901_z015,Breast_MRI_901,4,0,duke,0.19386074,train,2026,weighted,False
Breast_MRI_901_z016,Breast_MRI_901,4,0,duke,0.19358908,train,2026,weighted,False
Breast_MRI_901_z017,Breast_MRI_901,4,0,duke,0.19312482,train,2026,weighted,False
Breast_MRI_901_z018,Breast_MRI_901,4,0,duke,0.19311263,train,2026,weighted,False
Breast_MRI_901_z019,Breast_MRI_901,4,0,duke,0.19315082,train,2026,weighted,False
ISPY2-111881_z016,ISPY2-111881,4,1,spy2,0.6325223,train,2026,weighted,False
ISPY2-111881_z017,ISPY2-111881,4,1,spy2,0.6343498,train,2026,weighted,False
ISPY2-111881_z018,ISPY2-111881,4,1,spy2,0.6359084,train,2026,weighted,False
ISPY2-111881_z019,ISPY2-111881,4,1,spy2,0.6365425,train,2026,weighted,False
ISPY2-111881_z020,ISPY2-111881,4,1,spy2,0.63632154,train,2026,weighted,False
ISPY2-111881_z021,ISPY2-111881,4,1,spy2,0.6351992,train,2026,weighted,False
ISPY2-111881_z022,ISPY2-111881,4,1,spy2,0.6343632,train,2026,weighted,False
ISPY2-111881_z023,ISPY2-111881,4,1,spy2,0.635563,train,2026,weighted,False
ISPY2-111881_z024,ISPY2-111881,4,1,spy2,0.6373274,train,2026,weighted,False
ISPY2-111881_z025,ISPY2-111881,4,1,spy2,0.6383166,train,2026,weighted,False
ISPY2-243836_z007,ISPY2-243836,4,1,spy2,0.36330983,train,2026,weighted,False
ISPY2-243836_z008,ISPY2-243836,4,1,spy2,0.36356387,train,2026,weighted,False
ISPY2-243836_z009,ISPY2-243836,4,1,spy2,0.36374092,train,2026,weighted,False
ISPY2-243836_z010,ISPY2-243836,4,1,spy2,0.36372828,train,2026,weighted,False
ISPY2-243836_z011,ISPY2-243836,4,1,spy2,0.3638111,train,2026,weighted,False
ISPY2-243836_z012,ISPY2-243836,4,1,spy2,0.36382964,train,2026,weighted,False
ISPY2-243836_z013,ISPY2-243836,4,1,spy2,0.3641335,train,2026,weighted,False
ISPY2-243836_z014,ISPY2-243836,4,1,spy2,0.36409926,train,2026,weighted,False
ISPY2-243836_z015,ISPY2-243836,4,1,spy2,0.36395216,train,2026,weighted,False
ISPY2-243836_z016,ISPY2-243836,4,1,spy2,0.36389866,train,2026,weighted,False
ISPY2-611662_z008,ISPY2-611662,4,0,spy2,0.72052944,train,2026,weighted,False
ISPY2-611662_z009,ISPY2-611662,4,0,spy2,0.7205673,train,2026,weighted,False
ISPY2-611662_z010,ISPY2-611662,4,0,spy2,0.7203646,train,2026,weighted,False
ISPY2-611662_z011,ISPY2-611662,4,0,spy2,0.7204274,train,2026,weighted,False
ISPY2-611662_z012,ISPY2-611662,4,0,spy2,0.7200721,train,2026,weighted,False
ISPY2-611662_z013,ISPY2-611662,4,0,spy2,0.72002155,train,2026,weighted,False
ISPY2-611662_z014,ISPY2-611662,4,0,spy2,0.7197509,train,2026,weighted,False
ISPY2-611662_z015,ISPY2-611662,4,0,spy2,0.719427,train,2026,weighted,False
ISPY2-611662_z016,ISPY2-611662,4,0,spy2,0.7190888,train,2026,weighted,False
ISPY2-611662_z017,ISPY2-611662,4,0,spy2,0.7194879,train,2026,weighted,False
ISPY2-685753_z005,ISPY2-685753,4,0,spy2,0.2920428,train,2026,weighted,False
ISPY2-685753_z006,ISPY2-685753,4,0,spy2,0.2927245,train,2026,weighted,False
ISPY2-685753_z007,ISPY2-685753,4,0,spy2,0.29286247,train,2026,weighted,False
ISPY2-685753_z008,ISPY2-685753,4,0,spy2,0.29265404,train,2026,weighted,False
ISPY2-685753_z009,ISPY2-685753,4,0,spy2,0.29285064,train,2026,weighted,False
ISPY2-685753_z010,ISPY2-685753,4,0,spy2,0.2924586,train,2026,weighted,False
ISPY2-685753_z011,ISPY2-685753,4,0,spy2,0.29156217,train,2026,weighted,False
ISPY2-685753_z012,ISPY2-685753,4,0,spy2,0.2910483,train,2026,weighted,False
ISPY2-685753_z013,ISPY2-685753,4,0,spy2,0.29102704,train,2026,weighted,False
ISPY2-685753_z014,ISPY2-685753,4,0,spy2,0.29117787,train,2026,weighted,False
ISPY2-629210_z011,ISPY2-629210,4,0,spy2,0.20166373,train,2026,weighted,False
ISPY2-629210_z012,ISPY2-629210,4,0,spy2,0.20164132,train,2026,weighted,False
ISPY2-629210_z013,ISPY2-629210,4,0,spy2,0.20150198,train,2026,weighted,False
ISPY2-629210_z014,ISPY2-629210,4,0,spy2,0.20154528,train,2026,weighted,False
ISPY2-629210_z015,ISPY2-629210,4,0,spy2,0.2017196,train,2026,weighted,False
ISPY2-629210_z016,ISPY2-629210,4,0,spy2,0.20175098,train,2026,weighted,False
ISPY2-629210_z017,ISPY2-629210,4,0,spy2,0.2015911,train,2026,weighted,False
ISPY2-629210_z024,ISPY2-629210,4,0,spy2,0.20068944,train,2026,weighted,False
ISPY2-629210_z025,ISPY2-629210,4,0,spy2,0.20052467,train,2026,weighted,False
ISPY2-629210_z026,ISPY2-629210,4,0,spy2,0.20044912,train,2026,weighted,False
ISPY2-373672_z033,ISPY2-373672,4,0,spy2,0.31011587,train,2026,weighted,False
ISPY2-373672_z034,ISPY2-373672,4,0,spy2,0.31008476,train,2026,weighted,False
ISPY2-373672_z035,ISPY2-373672,4,0,spy2,0.31006223,train,2026,weighted,False
ISPY2-373672_z036,ISPY2-373672,4,0,spy2,0.3100398,train,2026,weighted,False
ISPY2-373672_z037,ISPY2-373672,4,0,spy2,0.31008148,train,2026,weighted,False
ISPY2-373672_z038,ISPY2-373672,4,0,spy2,0.31015927,train,2026,weighted,False
ISPY2-373672_z039,ISPY2-373672,4,0,spy2,0.31022814,train,2026,weighted,False
ISPY2-373672_z040,ISPY2-373672,4,0,spy2,0.3102779,train,2026,weighted,False
ISPY2-373672_z041,ISPY2-373672,4,0,spy2,0.31034827,train,2026,weighted,False
ISPY2-373672_z042,ISPY2-373672,4,0,spy2,0.31036723,train,2026,weighted,False
ACRIN-6698-326433_z012,ACRIN-6698-326433,4,1,spy2,0.7408159,train,2026,weighted,False
ACRIN-6698-326433_z013,ACRIN-6698-326433,4,1,spy2,0.74074805,train,2026,weighted,False
ACRIN-6698-326433_z017,ACRIN-6698-326433,4,1,spy2,0.7405572,train,2026,weighted,False
ACRIN-6698-326433_z018,ACRIN-6698-326433,4,1,spy2,0.74061966,train,2026,weighted,False
ACRIN-6698-326433_z019,ACRIN-6698-326433,4,1,spy2,0.7405936,train,2026,weighted,False
ACRIN-6698-326433_z020,ACRIN-6698-326433,4,1,spy2,0.7405382,train,2026,weighted,False
ACRIN-6698-326433_z021,ACRIN-6698-326433,4,1,spy2,0.7406031,train,2026,weighted,False
ACRIN-6698-326433_z022,ACRIN-6698-326433,4,1,spy2,0.7405526,train,2026,weighted,False
ACRIN-6698-326433_z023,ACRIN-6698-326433,4,1,spy2,0.74040574,train,2026,weighted,False
ACRIN-6698-326433_z024,ACRIN-6698-326433,4,1,spy2,0.7405418,train,2026,weighted,False
ISPY2-574091_z003,ISPY2-574091,4,1,spy2,0.65263283,train,2026,weighted,False
ISPY2-574091_z004,ISPY2-574091,4,1,spy2,0.6526842,train,2026,weighted,False
ISPY2-574091_z005,ISPY2-574091,4,1,spy2,0.6526345,train,2026,weighted,False
ISPY2-574091_z006,ISPY2-574091,4,1,spy2,0.6526653,train,2026,weighted,False
ISPY2-574091_z007,ISPY2-574091,4,1,spy2,0.6524679,train,2026,weighted,False
ISPY2-574091_z008,ISPY2-574091,4,1,spy2,0.6524472,train,2026,weighted,False
ISPY2-574091_z009,ISPY2-574091,4,1,spy2,0.6522566,train,2026,weighted,False
ISPY2-574091_z010,ISPY2-574091,4,1,spy2,0.65239537,train,2026,weighted,False
ISPY2-574091_z011,ISPY2-574091,4,1,spy2,0.65248233,train,2026,weighted,False
ISPY2-574091_z012,ISPY2-574091,4,1,spy2,0.6526417,train,2026,weighted,False
ISPY2-221375_z013,ISPY2-221375,4,0,spy2,0.21040486,train,2026,weighted,False
ISPY2-221375_z014,ISPY2-221375,4,0,spy2,0.21023929,train,2026,weighted,False
ISPY2-221375_z015,ISPY2-221375,4,0,spy2,0.21071966,train,2026,weighted,False
ISPY2-221375_z018,ISPY2-221375,4,0,spy2,0.21123451,train,2026,weighted,False
ISPY2-221375_z019,ISPY2-221375,4,0,spy2,0.21114454,train,2026,weighted,False
ISPY2-221375_z020,ISPY2-221375,4,0,spy2,0.21116953,train,2026,weighted,False
ISPY2-221375_z021,ISPY2-221375,4,0,spy2,0.21165694,train,2026,weighted,False
ISPY2-221375_z022,ISPY2-221375,4,0,spy2,0.21200413,train,2026,weighted,False
ISPY2-221375_z025,ISPY2-221375,4,0,spy2,0.2120015,train,2026,weighted,False
ISPY2-221375_z026,ISPY2-221375,4,0,spy2,0.21201004,train,2026,weighted,False
ISPY2-847272_z018,ISPY2-847272,4,0,spy2,0.39690322,train,2026,weighted,False
ISPY2-847272_z019,ISPY2-847272,4,0,spy2,0.39724663,train,2026,weighted,False
ISPY2-847272_z020,ISPY2-847272,4,0,spy2,0.39734733,train,2026,weighted,False
ISPY2-847272_z021,ISPY2-847272,4,0,spy2,0.39706507,train,2026,weighted,False
ISPY2-847272_z022,ISPY2-847272,4,0,spy2,0.39696294,train,2026,weighted,False
ISPY2-847272_z023,ISPY2-847272,4,0,spy2,0.3968536,train,2026,weighted,False
ISPY2-847272_z024,ISPY2-847272,4,0,spy2,0.39711463,train,2026,weighted,False
ISPY2-847272_z025,ISPY2-847272,4,0,spy2,0.39717102,train,2026,weighted,False
ISPY2-847272_z026,ISPY2-847272,4,0,spy2,0.3970844,train,2026,weighted,False
ISPY2-847272_z027,ISPY2-847272,4,0,spy2,0.39705196,train,2026,weighted,False
ACRIN-6698-949444_z037,ACRIN-6698-949444,4,0,spy2,0.5559972,train,2026,weighted,False
ACRIN-6698-949444_z038,ACRIN-6698-949444,4,0,spy2,0.5563611,train,2026,weighted,False
ACRIN-6698-949444_z039,ACRIN-6698-949444,4,0,spy2,0.55668473,train,2026,weighted,False
ACRIN-6698-949444_z040,ACRIN-6698-949444,4,0,spy2,0.55673414,train,2026,weighted,False
ACRIN-6698-949444_z041,ACRIN-6698-949444,4,0,spy2,0.55681884,train,2026,weighted,False
ACRIN-6698-949444_z042,ACRIN-6698-949444,4,0,spy2,0.5565756,train,2026,weighted,False
ACRIN-6698-949444_z043,ACRIN-6698-949444,4,0,spy2,0.55653924,train,2026,weighted,False
ACRIN-6698-949444_z044,ACRIN-6698-949444,4,0,spy2,0.55653465,train,2026,weighted,False
ACRIN-6698-949444_z046,ACRIN-6698-949444,4,0,spy2,0.5566189,train,2026,weighted,False
ACRIN-6698-949444_z047,ACRIN-6698-949444,4,0,spy2,0.5567413,train,2026,weighted,False
ACRIN-6698-753109_z008,ACRIN-6698-753109,4,1,spy2,0.57897335,train,2026,weighted,False
ACRIN-6698-753109_z009,ACRIN-6698-753109,4,1,spy2,0.57873434,train,2026,weighted,False
ACRIN-6698-753109_z010,ACRIN-6698-753109,4,1,spy2,0.5785394,train,2026,weighted,False
ACRIN-6698-753109_z011,ACRIN-6698-753109,4,1,spy2,0.57865757,train,2026,weighted,False
ACRIN-6698-753109_z012,ACRIN-6698-753109,4,1,spy2,0.5791301,train,2026,weighted,False
ACRIN-6698-753109_z013,ACRIN-6698-753109,4,1,spy2,0.57901156,train,2026,weighted,False
ACRIN-6698-753109_z014,ACRIN-6698-753109,4,1,spy2,0.57858545,train,2026,weighted,False
ACRIN-6698-753109_z015,ACRIN-6698-753109,4,1,spy2,0.57775074,train,2026,weighted,False
ACRIN-6698-753109_z028,ACRIN-6698-753109,4,1,spy2,0.5774359,train,2026,weighted,False
ACRIN-6698-753109_z029,ACRIN-6698-753109,4,1,spy2,0.57718444,train,2026,weighted,False
ISPY2-494946_z016,ISPY2-494946,4,1,spy2,0.5355627,train,2026,weighted,False
ISPY2-494946_z017,ISPY2-494946,4,1,spy2,0.5358583,train,2026,weighted,False
ISPY2-494946_z018,ISPY2-494946,4,1,spy2,0.5359555,train,2026,weighted,False
ISPY2-494946_z019,ISPY2-494946,4,1,spy2,0.5360968,train,2026,weighted,False
ISPY2-494946_z020,ISPY2-494946,4,1,spy2,0.5363106,train,2026,weighted,False
ISPY2-494946_z021,ISPY2-494946,4,1,spy2,0.53647804,train,2026,weighted,False
ISPY2-494946_z022,ISPY2-494946,4,1,spy2,0.536498,train,2026,weighted,False
ISPY2-494946_z023,ISPY2-494946,4,1,spy2,0.5363779,train,2026,weighted,False
ISPY2-494946_z024,ISPY2-494946,4,1,spy2,0.53628,train,2026,weighted,False
ISPY2-494946_z025,ISPY2-494946,4,1,spy2,0.5362259,train,2026,weighted,False
ACRIN-6698-220925_z017,ACRIN-6698-220925,4,0,spy2,0.7975907,train,2026,weighted,False
ACRIN-6698-220925_z018,ACRIN-6698-220925,4,0,spy2,0.797364,train,2026,weighted,False
ACRIN-6698-220925_z019,ACRIN-6698-220925,4,0,spy2,0.79734266,train,2026,weighted,False
ACRIN-6698-220925_z027,ACRIN-6698-220925,4,0,spy2,0.79746354,train,2026,weighted,False
ACRIN-6698-220925_z028,ACRIN-6698-220925,4,0,spy2,0.7973613,train,2026,weighted,False
ACRIN-6698-220925_z029,ACRIN-6698-220925,4,0,spy2,0.797239,train,2026,weighted,False
ACRIN-6698-220925_z030,ACRIN-6698-220925,4,0,spy2,0.7973163,train,2026,weighted,False
ACRIN-6698-220925_z031,ACRIN-6698-220925,4,0,spy2,0.79727393,train,2026,weighted,False
ACRIN-6698-220925_z032,ACRIN-6698-220925,4,0,spy2,0.7972855,train,2026,weighted,False
ACRIN-6698-220925_z033,ACRIN-6698-220925,4,0,spy2,0.79731107,train,2026,weighted,False
ISPY2-167271_z004,ISPY2-167271,4,0,spy2,0.68203896,train,2026,weighted,False
ISPY2-167271_z005,ISPY2-167271,4,0,spy2,0.6837961,train,2026,weighted,False
ISPY2-167271_z006,ISPY2-167271,4,0,spy2,0.6842443,train,2026,weighted,False
ISPY2-167271_z007,ISPY2-167271,4,0,spy2,0.6866356,train,2026,weighted,False
ISPY2-167271_z008,ISPY2-167271,4,0,spy2,0.6920521,train,2026,weighted,False
ISPY2-167271_z009,ISPY2-167271,4,0,spy2,0.6949477,train,2026,weighted,False
ISPY2-167271_z010,ISPY2-167271,4,0,spy2,0.69523644,train,2026,weighted,False
ISPY2-167271_z011,ISPY2-167271,4,0,spy2,0.6917197,train,2026,weighted,False
ISPY2-167271_z012,ISPY2-167271,4,0,spy2,0.68833905,train,2026,weighted,False
ISPY2-167271_z013,ISPY2-167271,4,0,spy2,0.68194854,train,2026,weighted,False
ISPY2-884266_z016,ISPY2-884266,4,0,spy2,0.19800958,train,2026,weighted,False
ISPY2-884266_z017,ISPY2-884266,4,0,spy2,0.19790724,train,2026,weighted,False
ISPY2-884266_z018,ISPY2-884266,4,0,spy2,0.19794467,train,2026,weighted,False
ISPY2-884266_z019,ISPY2-884266,4,0,spy2,0.19780566,train,2026,weighted,False
ISPY2-884266_z020,ISPY2-884266,4,0,spy2,0.19779389,train,2026,weighted,False
ISPY2-884266_z021,ISPY2-884266,4,0,spy2,0.19778554,train,2026,weighted,False
ISPY2-884266_z022,ISPY2-884266,4,0,spy2,0.19779994,train,2026,weighted,False
ISPY2-884266_z023,ISPY2-884266,4,0,spy2,0.19776578,train,2026,weighted,False
ISPY2-884266_z024,ISPY2-884266,4,0,spy2,0.19775026,train,2026,weighted,False
ISPY2-884266_z025,ISPY2-884266,4,0,spy2,0.19771613,train,2026,weighted,False
ACRIN-6698-641697_z014,ACRIN-6698-641697,4,0,spy2,0.37116975,train,2026,weighted,False
ACRIN-6698-641697_z015,ACRIN-6698-641697,4,0,spy2,0.37120003,train,2026,weighted,False
ACRIN-6698-641697_z016,ACRIN-6698-641697,4,0,spy2,0.37160775,train,2026,weighted,False
ACRIN-6698-641697_z017,ACRIN-6698-641697,4,0,spy2,0.3727805,train,2026,weighted,False
ACRIN-6698-641697_z018,ACRIN-6698-641697,4,0,spy2,0.37465802,train,2026,weighted,False
ACRIN-6698-641697_z019,ACRIN-6698-641697,4,0,spy2,0.37613648,train,2026,weighted,False
ACRIN-6698-641697_z020,ACRIN-6698-641697,4,0,spy2,0.37800494,train,2026,weighted,False
ACRIN-6698-641697_z021,ACRIN-6698-641697,4,0,spy2,0.38043362,train,2026,weighted,False
ACRIN-6698-641697_z022,ACRIN-6698-641697,4,0,spy2,0.38159406,train,2026,weighted,False
ACRIN-6698-641697_z023,ACRIN-6698-641697,4,0,spy2,0.38202268,train,2026,weighted,False
ISPY2-672734_z011,ISPY2-672734,4,0,spy2,0.31187335,train,2026,weighted,False
ISPY2-672734_z012,ISPY2-672734,4,0,spy2,0.31470165,train,2026,weighted,False
ISPY2-672734_z013,ISPY2-672734,4,0,spy2,0.3172541,train,2026,weighted,False
ISPY2-672734_z014,ISPY2-672734,4,0,spy2,0.31692204,train,2026,weighted,False
ISPY2-672734_z015,ISPY2-672734,4,0,spy2,0.31667677,train,2026,weighted,False
ISPY2-672734_z016,ISPY2-672734,4,0,spy2,0.31743872,train,2026,weighted,False
ISPY2-672734_z017,ISPY2-672734,4,0,spy2,0.32214352,train,2026,weighted,False
ISPY2-672734_z018,ISPY2-672734,4,0,spy2,0.32272568,train,2026,weighted,False
ISPY2-672734_z019,ISPY2-672734,4,0,spy2,0.32373214,train,2026,weighted,False
ISPY2-672734_z020,ISPY2-672734,4,0,spy2,0.32421565,train,2026,weighted,False
ISPY2-828199_z039,ISPY2-828199,4,0,spy2,0.28253275,train,2026,weighted,False
ISPY2-828199_z040,ISPY2-828199,4,0,spy2,0.2826855,train,2026,weighted,False
ISPY2-828199_z041,ISPY2-828199,4,0,spy2,0.282449,train,2026,weighted,False
ISPY2-828199_z049,ISPY2-828199,4,0,spy2,0.2814447,train,2026,weighted,False
ISPY2-828199_z050,ISPY2-828199,4,0,spy2,0.28094372,train,2026,weighted,False
ISPY2-828199_z051,ISPY2-828199,4,0,spy2,0.28040093,train,2026,weighted,False
ISPY2-828199_z052,ISPY2-828199,4,0,spy2,0.2801489,train,2026,weighted,False
ISPY2-828199_z053,ISPY2-828199,4,0,spy2,0.27920803,train,2026,weighted,False
ISPY2-828199_z054,ISPY2-828199,4,0,spy2,0.27916276,train,2026,weighted,False
ISPY2-828199_z055,ISPY2-828199,4,0,spy2,0.27871075,train,2026,weighted,False
ISPY2-986734_z047,ISPY2-986734,4,0,spy2,0.2748704,train,2026,weighted,False
ISPY2-986734_z048,ISPY2-986734,4,0,spy2,0.27513433,train,2026,weighted,False
ISPY2-986734_z049,ISPY2-986734,4,0,spy2,0.27527398,train,2026,weighted,False
ISPY2-986734_z050,ISPY2-986734,4,0,spy2,0.2752725,train,2026,weighted,False
ISPY2-986734_z051,ISPY2-986734,4,0,spy2,0.27525985,train,2026,weighted,False
ISPY2-986734_z052,ISPY2-986734,4,0,spy2,0.27516648,train,2026,weighted,False
ISPY2-986734_z053,ISPY2-986734,4,0,spy2,0.2751052,train,2026,weighted,False
ISPY2-986734_z054,ISPY2-986734,4,0,spy2,0.2751051,train,2026,weighted,False
ISPY2-986734_z055,ISPY2-986734,4,0,spy2,0.27506265,train,2026,weighted,False
ISPY2-986734_z056,ISPY2-986734,4,0,spy2,0.27502474,train,2026,weighted,False
ISPY2-802105_z017,ISPY2-802105,4,0,spy2,0.20931624,train,2026,weighted,False
ISPY2-802105_z018,ISPY2-802105,4,0,spy2,0.20930527,train,2026,weighted,False
ISPY2-802105_z019,ISPY2-802105,4,0,spy2,0.20926921,train,2026,weighted,False
ISPY2-802105_z020,ISPY2-802105,4,0,spy2,0.20946465,train,2026,weighted,False
ISPY2-802105_z021,ISPY2-802105,4,0,spy2,0.2095105,train,2026,weighted,False
ISPY2-802105_z022,ISPY2-802105,4,0,spy2,0.20932652,train,2026,weighted,False
ISPY2-802105_z023,ISPY2-802105,4,0,spy2,0.20938605,train,2026,weighted,False
ISPY2-802105_z024,ISPY2-802105,4,0,spy2,0.20963646,train,2026,weighted,False
ISPY2-802105_z025,ISPY2-802105,4,0,spy2,0.2097434,train,2026,weighted,False
ISPY2-802105_z028,ISPY2-802105,4,0,spy2,0.20938262,train,2026,weighted,False
ISPY2-257735_z004,ISPY2-257735,4,0,spy2,0.627489,train,2026,weighted,False
ISPY2-257735_z005,ISPY2-257735,4,0,spy2,0.6127686,train,2026,weighted,False
ISPY2-257735_z006,ISPY2-257735,4,0,spy2,0.6106447,train,2026,weighted,False
ISPY2-257735_z007,ISPY2-257735,4,0,spy2,0.6167842,train,2026,weighted,False
ISPY2-257735_z008,ISPY2-257735,4,0,spy2,0.6180635,train,2026,weighted,False
ISPY2-257735_z009,ISPY2-257735,4,0,spy2,0.622156,train,2026,weighted,False
ISPY2-257735_z010,ISPY2-257735,4,0,spy2,0.62460905,train,2026,weighted,False
ISPY2-257735_z011,ISPY2-257735,4,0,spy2,0.6252017,train,2026,weighted,False
ISPY2-257735_z012,ISPY2-257735,4,0,spy2,0.6293585,train,2026,weighted,False
ISPY2-257735_z013,ISPY2-257735,4,0,spy2,0.6344393,train,2026,weighted,False
ISPY2-229824_z052,ISPY2-229824,4,0,spy2,0.1955094,train,2026,weighted,False
ISPY2-229824_z053,ISPY2-229824,4,0,spy2,0.19643548,train,2026,weighted,False
ISPY2-229824_z054,ISPY2-229824,4,0,spy2,0.19741371,train,2026,weighted,False
ISPY2-229824_z055,ISPY2-229824,4,0,spy2,0.19737017,train,2026,weighted,False
ISPY2-229824_z056,ISPY2-229824,4,0,spy2,0.19779253,train,2026,weighted,False
ISPY2-229824_z057,ISPY2-229824,4,0,spy2,0.19789521,train,2026,weighted,False
ISPY2-229824_z058,ISPY2-229824,4,0,spy2,0.19791722,train,2026,weighted,False
ISPY2-229824_z059,ISPY2-229824,4,0,spy2,0.19839744,train,2026,weighted,False
ISPY2-229824_z060,ISPY2-229824,4,0,spy2,0.19854833,train,2026,weighted,False
ISPY2-229824_z061,ISPY2-229824,4,0,spy2,0.19874431,train,2026,weighted,False
ACRIN-6698-152090_z010,ACRIN-6698-152090,4,1,spy2,0.33561927,train,2026,weighted,False
ACRIN-6698-152090_z011,ACRIN-6698-152090,4,1,spy2,0.336392,train,2026,weighted,False
ACRIN-6698-152090_z012,ACRIN-6698-152090,4,1,spy2,0.33795947,train,2026,weighted,False
ACRIN-6698-152090_z013,ACRIN-6698-152090,4,1,spy2,0.34033284,train,2026,weighted,False
ACRIN-6698-152090_z014,ACRIN-6698-152090,4,1,spy2,0.34193042,train,2026,weighted,False
ACRIN-6698-152090_z015,ACRIN-6698-152090,4,1,spy2,0.34223068,train,2026,weighted,False
ACRIN-6698-152090_z021,ACRIN-6698-152090,4,1,spy2,0.3361428,train,2026,weighted,False
ACRIN-6698-152090_z022,ACRIN-6698-152090,4,1,spy2,0.33749622,train,2026,weighted,False
ACRIN-6698-152090_z023,ACRIN-6698-152090,4,1,spy2,0.33975005,train,2026,weighted,False
ACRIN-6698-152090_z024,ACRIN-6698-152090,4,1,spy2,0.33905926,train,2026,weighted,False
ISPY2-515281_z012,ISPY2-515281,4,0,spy2,0.21520653,train,2026,weighted,False
ISPY2-515281_z013,ISPY2-515281,4,0,spy2,0.21538061,train,2026,weighted,False
ISPY2-515281_z014,ISPY2-515281,4,0,spy2,0.21539265,train,2026,weighted,False
ISPY2-515281_z015,ISPY2-515281,4,0,spy2,0.21533455,train,2026,weighted,False
ISPY2-515281_z016,ISPY2-515281,4,0,spy2,0.21537681,train,2026,weighted,False
ISPY2-515281_z017,ISPY2-515281,4,0,spy2,0.21539451,train,2026,weighted,False
ISPY2-515281_z018,ISPY2-515281,4,0,spy2,0.21542035,train,2026,weighted,False
ISPY2-515281_z019,ISPY2-515281,4,0,spy2,0.21523747,train,2026,weighted,False
ISPY2-515281_z021,ISPY2-515281,4,0,spy2,0.21492778,train,2026,weighted,False
ISPY2-515281_z022,ISPY2-515281,4,0,spy2,0.21533364,train,2026,weighted,False
ISPY2-105513_z018,ISPY2-105513,4,1,spy2,0.2619316,train,2026,weighted,False
ISPY2-105513_z019,ISPY2-105513,4,1,spy2,0.26154065,train,2026,weighted,False
ISPY2-105513_z020,ISPY2-105513,4,1,spy2,0.26095852,train,2026,weighted,False
ISPY2-105513_z021,ISPY2-105513,4,1,spy2,0.26054132,train,2026,weighted,False
ISPY2-105513_z022,ISPY2-105513,4,1,spy2,0.2596892,train,2026,weighted,False
ISPY2-105513_z023,ISPY2-105513,4,1,spy2,0.2583621,train,2026,weighted,False
ISPY2-105513_z024,ISPY2-105513,4,1,spy2,0.2577058,train,2026,weighted,False
ISPY2-105513_z025,ISPY2-105513,4,1,spy2,0.2583246,train,2026,weighted,False
ISPY2-105513_z026,ISPY2-105513,4,1,spy2,0.25900453,train,2026,weighted,False
ISPY2-105513_z027,ISPY2-105513,4,1,spy2,0.25977176,train,2026,weighted,False
ISPY2-501303_z012,ISPY2-501303,4,1,spy2,0.7939696,train,2026,weighted,False
ISPY2-501303_z013,ISPY2-501303,4,1,spy2,0.7939674,train,2026,weighted,False
ISPY2-501303_z014,ISPY2-501303,4,1,spy2,0.7939571,train,2026,weighted,False
ISPY2-501303_z015,ISPY2-501303,4,1,spy2,0.79394644,train,2026,weighted,False
ISPY2-501303_z016,ISPY2-501303,4,1,spy2,0.79384345,train,2026,weighted,False
ISPY2-501303_z017,ISPY2-501303,4,1,spy2,0.79373914,train,2026,weighted,False
ISPY2-501303_z018,ISPY2-501303,4,1,spy2,0.7936587,train,2026,weighted,False
ISPY2-501303_z019,ISPY2-501303,4,1,spy2,0.79357165,train,2026,weighted,False
ISPY2-501303_z020,ISPY2-501303,4,1,spy2,0.79358625,train,2026,weighted,False
ISPY2-501303_z021,ISPY2-501303,4,1,spy2,0.793673,train,2026,weighted,False
ISPY2-431061_z008,ISPY2-431061,4,0,spy2,0.24553928,train,2026,weighted,False
ISPY2-431061_z009,ISPY2-431061,4,0,spy2,0.24767831,train,2026,weighted,False
ISPY2-431061_z010,ISPY2-431061,4,0,spy2,0.24836402,train,2026,weighted,False
ISPY2-431061_z011,ISPY2-431061,4,0,spy2,0.24958467,train,2026,weighted,False
ISPY2-431061_z012,ISPY2-431061,4,0,spy2,0.24907874,train,2026,weighted,False
ISPY2-431061_z013,ISPY2-431061,4,0,spy2,0.24843699,train,2026,weighted,False
ISPY2-431061_z014,ISPY2-431061,4,0,spy2,0.24320722,train,2026,weighted,False
ISPY2-431061_z015,ISPY2-431061,4,0,spy2,0.23929623,train,2026,weighted,False
ISPY2-431061_z016,ISPY2-431061,4,0,spy2,0.23410025,train,2026,weighted,False
ISPY2-431061_z017,ISPY2-431061,4,0,spy2,0.23222624,train,2026,weighted,False
ISPY2-568953_z010,ISPY2-568953,4,0,spy2,0.18182723,train,2026,weighted,False
ISPY2-568953_z011,ISPY2-568953,4,0,spy2,0.18204738,train,2026,weighted,False
ISPY2-568953_z012,ISPY2-568953,4,0,spy2,0.18202893,train,2026,weighted,False
ISPY2-568953_z013,ISPY2-568953,4,0,spy2,0.18206193,train,2026,weighted,False
ISPY2-568953_z014,ISPY2-568953,4,0,spy2,0.18206239,train,2026,weighted,False
ISPY2-568953_z015,ISPY2-568953,4,0,spy2,0.18198812,train,2026,weighted,False
ISPY2-568953_z016,ISPY2-568953,4,0,spy2,0.18167388,train,2026,weighted,False
ISPY2-568953_z017,ISPY2-568953,4,0,spy2,0.18160293,train,2026,weighted,False
ISPY2-568953_z018,ISPY2-568953,4,0,spy2,0.18145037,train,2026,weighted,False
ISPY2-568953_z019,ISPY2-568953,4,0,spy2,0.18135454,train,2026,weighted,False
ACRIN-6698-863161_z019,ACRIN-6698-863161,4,1,spy2,0.7877404,train,2026,weighted,False
ACRIN-6698-863161_z020,ACRIN-6698-863161,4,1,spy2,0.7876315,train,2026,weighted,False
ACRIN-6698-863161_z021,ACRIN-6698-863161,4,1,spy2,0.7877309,train,2026,weighted,False
ACRIN-6698-863161_z022,ACRIN-6698-863161,4,1,spy2,0.78772825,train,2026,weighted,False
ACRIN-6698-863161_z023,ACRIN-6698-863161,4,1,spy2,0.78773475,train,2026,weighted,False
ACRIN-6698-863161_z024,ACRIN-6698-863161,4,1,spy2,0.7876946,train,2026,weighted,False
ACRIN-6698-863161_z025,ACRIN-6698-863161,4,1,spy2,0.78794384,train,2026,weighted,False
ACRIN-6698-863161_z026,ACRIN-6698-863161,4,1,spy2,0.78817654,train,2026,weighted,False
ACRIN-6698-863161_z027,ACRIN-6698-863161,4,1,spy2,0.78835326,train,2026,weighted,False
ACRIN-6698-863161_z028,ACRIN-6698-863161,4,1,spy2,0.78846097,train,2026,weighted,False
ACRIN-6698-401215_z005,ACRIN-6698-401215,4,0,spy2,0.33825257,train,2026,weighted,False
ACRIN-6698-401215_z006,ACRIN-6698-401215,4,0,spy2,0.33738983,train,2026,weighted,False
ACRIN-6698-401215_z007,ACRIN-6698-401215,4,0,spy2,0.33630624,train,2026,weighted,False
ACRIN-6698-401215_z008,ACRIN-6698-401215,4,0,spy2,0.33558074,train,2026,weighted,False
ACRIN-6698-401215_z009,ACRIN-6698-401215,4,0,spy2,0.3328463,train,2026,weighted,False
ACRIN-6698-401215_z010,ACRIN-6698-401215,4,0,spy2,0.33162013,train,2026,weighted,False
ACRIN-6698-401215_z011,ACRIN-6698-401215,4,0,spy2,0.33067822,train,2026,weighted,False
ACRIN-6698-401215_z012,ACRIN-6698-401215,4,0,spy2,0.33015117,train,2026,weighted,False
ACRIN-6698-401215_z013,ACRIN-6698-401215,4,0,spy2,0.32993925,train,2026,weighted,False
ACRIN-6698-401215_z014,ACRIN-6698-401215,4,0,spy2,0.33138067,train,2026,weighted,False
ISPY2-473365_z005,ISPY2-473365,4,0,spy2,0.24535722,train,2026,weighted,False
ISPY2-473365_z006,ISPY2-473365,4,0,spy2,0.23705241,train,2026,weighted,False
ISPY2-473365_z007,ISPY2-473365,4,0,spy2,0.23359896,train,2026,weighted,False
ISPY2-473365_z008,ISPY2-473365,4,0,spy2,0.22886732,train,2026,weighted,False
ISPY2-473365_z009,ISPY2-473365,4,0,spy2,0.22240321,train,2026,weighted,False
ISPY2-473365_z010,ISPY2-473365,4,0,spy2,0.21522863,train,2026,weighted,False
ISPY2-473365_z011,ISPY2-473365,4,0,spy2,0.21128926,train,2026,weighted,False
ISPY2-473365_z012,ISPY2-473365,4,0,spy2,0.21123627,train,2026,weighted,False
ISPY2-473365_z013,ISPY2-473365,4,0,spy2,0.21274859,train,2026,weighted,False
ISPY2-473365_z014,ISPY2-473365,4,0,spy2,0.21464583,train,2026,weighted,False
ACRIN-6698-432114_z008,ACRIN-6698-432114,4,1,spy2,0.552197,train,2026,weighted,False
ACRIN-6698-432114_z012,ACRIN-6698-432114,4,1,spy2,0.55284697,train,2026,weighted,False
ACRIN-6698-432114_z013,ACRIN-6698-432114,4,1,spy2,0.55272573,train,2026,weighted,False
ACRIN-6698-432114_z014,ACRIN-6698-432114,4,1,spy2,0.5526274,train,2026,weighted,False
ACRIN-6698-432114_z015,ACRIN-6698-432114,4,1,spy2,0.5526613,train,2026,weighted,False
ACRIN-6698-432114_z016,ACRIN-6698-432114,4,1,spy2,0.5527538,train,2026,weighted,False
ACRIN-6698-432114_z017,ACRIN-6698-432114,4,1,spy2,0.5529218,train,2026,weighted,False
ACRIN-6698-432114_z018,ACRIN-6698-432114,4,1,spy2,0.55305916,train,2026,weighted,False
ACRIN-6698-432114_z019,ACRIN-6698-432114,4,1,spy2,0.5531668,train,2026,weighted,False
ACRIN-6698-432114_z020,ACRIN-6698-432114,4,1,spy2,0.5532519,train,2026,weighted,False
ISPY2-614434_z003,ISPY2-614434,4,1,spy2,0.56097704,train,2026,weighted,False
ISPY2-614434_z004,ISPY2-614434,4,1,spy2,0.5589888,train,2026,weighted,False
ISPY2-614434_z005,ISPY2-614434,4,1,spy2,0.5570797,train,2026,weighted,False
ISPY2-614434_z006,ISPY2-614434,4,1,spy2,0.5595244,train,2026,weighted,False
ISPY2-614434_z007,ISPY2-614434,4,1,spy2,0.556013,train,2026,weighted,False
ISPY2-614434_z008,ISPY2-614434,4,1,spy2,0.5526147,train,2026,weighted,False
ISPY2-614434_z009,ISPY2-614434,4,1,spy2,0.5468424,train,2026,weighted,False
ISPY2-614434_z010,ISPY2-614434,4,1,spy2,0.530999,train,2026,weighted,False
ISPY2-614434_z011,ISPY2-614434,4,1,spy2,0.5241154,train,2026,weighted,False
ISPY2-614434_z012,ISPY2-614434,4,1,spy2,0.5160782,train,2026,weighted,False
ISPY2-521860_z040,ISPY2-521860,4,0,spy2,0.5036929,train,2026,weighted,False
ISPY2-521860_z041,ISPY2-521860,4,0,spy2,0.5038225,train,2026,weighted,False
ISPY2-521860_z042,ISPY2-521860,4,0,spy2,0.5038381,train,2026,weighted,False
ISPY2-521860_z043,ISPY2-521860,4,0,spy2,0.5041184,train,2026,weighted,False
ISPY2-521860_z044,ISPY2-521860,4,0,spy2,0.5042974,train,2026,weighted,False
ISPY2-521860_z046,ISPY2-521860,4,0,spy2,0.50454235,train,2026,weighted,False
ISPY2-521860_z047,ISPY2-521860,4,0,spy2,0.50453967,train,2026,weighted,False
ISPY2-521860_z048,ISPY2-521860,4,0,spy2,0.5045266,train,2026,weighted,False
ISPY2-521860_z059,ISPY2-521860,4,0,spy2,0.5039341,train,2026,weighted,False
ISPY2-521860_z060,ISPY2-521860,4,0,spy2,0.5035901,train,2026,weighted,False
ACRIN-6698-239910_z018,ACRIN-6698-239910,4,0,spy2,0.59789205,train,2026,weighted,False
ACRIN-6698-239910_z019,ACRIN-6698-239910,4,0,spy2,0.59788364,train,2026,weighted,False
ACRIN-6698-239910_z020,ACRIN-6698-239910,4,0,spy2,0.5978937,train,2026,weighted,False
ACRIN-6698-239910_z021,ACRIN-6698-239910,4,0,spy2,0.5977711,train,2026,weighted,False
ACRIN-6698-239910_z022,ACRIN-6698-239910,4,0,spy2,0.5975004,train,2026,weighted,False
ACRIN-6698-239910_z023,ACRIN-6698-239910,4,0,spy2,0.5975083,train,2026,weighted,False
ACRIN-6698-239910_z024,ACRIN-6698-239910,4,0,spy2,0.59754276,train,2026,weighted,False
ACRIN-6698-239910_z025,ACRIN-6698-239910,4,0,spy2,0.5976142,train,2026,weighted,False
ACRIN-6698-239910_z026,ACRIN-6698-239910,4,0,spy2,0.59772086,train,2026,weighted,False
ACRIN-6698-239910_z027,ACRIN-6698-239910,4,0,spy2,0.5977061,train,2026,weighted,False
ISPY2-356399_z015,ISPY2-356399,4,0,spy2,0.29080313,train,2026,weighted,False
ISPY2-356399_z016,ISPY2-356399,4,0,spy2,0.28964692,train,2026,weighted,False
ISPY2-356399_z017,ISPY2-356399,4,0,spy2,0.2900933,train,2026,weighted,False
ISPY2-356399_z018,ISPY2-356399,4,0,spy2,0.29136354,train,2026,weighted,False
ISPY2-356399_z019,ISPY2-356399,4,0,spy2,0.29149812,train,2026,weighted,False
ISPY2-356399_z020,ISPY2-356399,4,0,spy2,0.29011303,train,2026,weighted,False
ISPY2-356399_z034,ISPY2-356399,4,0,spy2,0.31507042,train,2026,weighted,False
ISPY2-356399_z035,ISPY2-356399,4,0,spy2,0.31610283,train,2026,weighted,False
ISPY2-356399_z036,ISPY2-356399,4,0,spy2,0.31685108,train,2026,weighted,False
ISPY2-356399_z037,ISPY2-356399,4,0,spy2,0.31743914,train,2026,weighted,False
ISPY2-972307_z022,ISPY2-972307,4,0,spy2,0.2589172,train,2026,weighted,False
ISPY2-972307_z023,ISPY2-972307,4,0,spy2,0.2623743,train,2026,weighted,False
ISPY2-972307_z024,ISPY2-972307,4,0,spy2,0.26583767,train,2026,weighted,False
ISPY2-972307_z025,ISPY2-972307,4,0,spy2,0.2671242,train,2026,weighted,False
ISPY2-972307_z026,ISPY2-972307,4,0,spy2,0.26741335,train,2026,weighted,False
ISPY2-972307_z027,ISPY2-972307,4,0,spy2,0.26739365,train,2026,weighted,False
ISPY2-972307_z028,ISPY2-972307,4,0,spy2,0.2672713,train,2026,weighted,False
ISPY2-972307_z029,ISPY2-972307,4,0,spy2,0.26741704,train,2026,weighted,False
ISPY2-972307_z030,ISPY2-972307,4,0,spy2,0.26790768,train,2026,weighted,False
ISPY2-972307_z031,ISPY2-972307,4,0,spy2,0.26856816,train,2026,weighted,False
ACRIN-6698-786753_z046,ACRIN-6698-786753,4,0,spy2,0.7719068,train,2026,weighted,False
ACRIN-6698-786753_z047,ACRIN-6698-786753,4,0,spy2,0.7718885,train,2026,weighted,False
ACRIN-6698-786753_z048,ACRIN-6698-786753,4,0,spy2,0.7715608,train,2026,weighted,False
ACRIN-6698-786753_z049,ACRIN-6698-786753,4,0,spy2,0.76918775,train,2026,weighted,False
ACRIN-6698-786753_z050,ACRIN-6698-786753,4,0,spy2,0.76836836,train,2026,weighted,False
ACRIN-6698-786753_z051,ACRIN-6698-786753,4,0,spy2,0.76810455,train,2026,weighted,False
ACRIN-6698-786753_z052,ACRIN-6698-786753,4,0,spy2,0.7675468,train,2026,weighted,False
ACRIN-6698-786753_z053,ACRIN-6698-786753,4,0,spy2,0.7657702,train,2026,weighted,False
ACRIN-6698-786753_z054,ACRIN-6698-786753,4,0,spy2,0.7702937,train,2026,weighted,False
ACRIN-6698-786753_z055,ACRIN-6698-786753,4,0,spy2,0.7755283,train,2026,weighted,False
ISPY2-766301_z021,ISPY2-766301,4,0,spy2,0.18335629,train,2026,weighted,False
ISPY2-766301_z022,ISPY2-766301,4,0,spy2,0.18315263,train,2026,weighted,False
ISPY2-766301_z029,ISPY2-766301,4,0,spy2,0.18382587,train,2026,weighted,False
ISPY2-766301_z030,ISPY2-766301,4,0,spy2,0.18382484,train,2026,weighted,False
ISPY2-766301_z031,ISPY2-766301,4,0,spy2,0.18369152,train,2026,weighted,False
ISPY2-766301_z032,ISPY2-766301,4,0,spy2,0.18347757,train,2026,weighted,False
ISPY2-766301_z033,ISPY2-766301,4,0,spy2,0.182471,train,2026,weighted,False
ISPY2-766301_z035,ISPY2-766301,4,0,spy2,0.1822429,train,2026,weighted,False
ISPY2-766301_z036,ISPY2-766301,4,0,spy2,0.18190162,train,2026,weighted,False
ISPY2-766301_z037,ISPY2-766301,4,0,spy2,0.18200552,train,2026,weighted,False
ACRIN-6698-654064_z021,ACRIN-6698-654064,4,0,spy2,0.3017611,train,2026,weighted,False
ACRIN-6698-654064_z031,ACRIN-6698-654064,4,0,spy2,0.3029477,train,2026,weighted,False
ACRIN-6698-654064_z032,ACRIN-6698-654064,4,0,spy2,0.30531976,train,2026,weighted,False
ACRIN-6698-654064_z033,ACRIN-6698-654064,4,0,spy2,0.30770552,train,2026,weighted,False
ACRIN-6698-654064_z034,ACRIN-6698-654064,4,0,spy2,0.30909336,train,2026,weighted,False
ACRIN-6698-654064_z035,ACRIN-6698-654064,4,0,spy2,0.31043115,train,2026,weighted,False
ACRIN-6698-654064_z036,ACRIN-6698-654064,4,0,spy2,0.31175697,train,2026,weighted,False
ACRIN-6698-654064_z037,ACRIN-6698-654064,4,0,spy2,0.31240484,train,2026,weighted,False
ACRIN-6698-654064_z038,ACRIN-6698-654064,4,0,spy2,0.31298137,train,2026,weighted,False
ACRIN-6698-654064_z039,ACRIN-6698-654064,4,0,spy2,0.31341696,train,2026,weighted,False
ACRIN-6698-929391_z003,ACRIN-6698-929391,4,0,spy2,0.5234417,train,2026,weighted,False
ACRIN-6698-929391_z009,ACRIN-6698-929391,4,0,spy2,0.53093207,train,2026,weighted,False
ACRIN-6698-929391_z010,ACRIN-6698-929391,4,0,spy2,0.53893197,train,2026,weighted,False
ACRIN-6698-929391_z011,ACRIN-6698-929391,4,0,spy2,0.53908175,train,2026,weighted,False
ACRIN-6698-929391_z012,ACRIN-6698-929391,4,0,spy2,0.54959095,train,2026,weighted,False
ACRIN-6698-929391_z013,ACRIN-6698-929391,4,0,spy2,0.559609,train,2026,weighted,False
ACRIN-6698-929391_z014,ACRIN-6698-929391,4,0,spy2,0.5704927,train,2026,weighted,False
ACRIN-6698-929391_z015,ACRIN-6698-929391,4,0,spy2,0.5759273,train,2026,weighted,False
ACRIN-6698-929391_z016,ACRIN-6698-929391,4,0,spy2,0.57578444,train,2026,weighted,False
ACRIN-6698-929391_z017,ACRIN-6698-929391,4,0,spy2,0.57351863,train,2026,weighted,False
ACRIN-6698-894673_z044,ACRIN-6698-894673,4,0,spy2,0.5238267,train,2026,weighted,False
ACRIN-6698-894673_z045,ACRIN-6698-894673,4,0,spy2,0.523103,train,2026,weighted,False
ACRIN-6698-894673_z046,ACRIN-6698-894673,4,0,spy2,0.5226058,train,2026,weighted,False
ACRIN-6698-894673_z047,ACRIN-6698-894673,4,0,spy2,0.52485365,train,2026,weighted,False
ACRIN-6698-894673_z048,ACRIN-6698-894673,4,0,spy2,0.52927965,train,2026,weighted,False
ACRIN-6698-894673_z049,ACRIN-6698-894673,4,0,spy2,0.53373,train,2026,weighted,False
ACRIN-6698-894673_z050,ACRIN-6698-894673,4,0,spy2,0.5374856,train,2026,weighted,False
ACRIN-6698-894673_z051,ACRIN-6698-894673,4,0,spy2,0.53941983,train,2026,weighted,False
ACRIN-6698-894673_z052,ACRIN-6698-894673,4,0,spy2,0.54008996,train,2026,weighted,False
ACRIN-6698-894673_z053,ACRIN-6698-894673,4,0,spy2,0.54191434,train,2026,weighted,False
ISPY2-177795_z007,ISPY2-177795,4,1,spy2,0.5374065,train,2026,weighted,False
ISPY2-177795_z008,ISPY2-177795,4,1,spy2,0.53765696,train,2026,weighted,False
ISPY2-177795_z009,ISPY2-177795,4,1,spy2,0.5375619,train,2026,weighted,False
ISPY2-177795_z010,ISPY2-177795,4,1,spy2,0.537311,train,2026,weighted,False
ISPY2-177795_z011,ISPY2-177795,4,1,spy2,0.53763187,train,2026,weighted,False
ISPY2-177795_z012,ISPY2-177795,4,1,spy2,0.53744924,train,2026,weighted,False
ISPY2-177795_z013,ISPY2-177795,4,1,spy2,0.5372456,train,2026,weighted,False
ISPY2-177795_z014,ISPY2-177795,4,1,spy2,0.5373412,train,2026,weighted,False
ISPY2-177795_z015,ISPY2-177795,4,1,spy2,0.53706646,train,2026,weighted,False
ISPY2-177795_z016,ISPY2-177795,4,1,spy2,0.5365406,train,2026,weighted,False
ACRIN-6698-802308_z004,ACRIN-6698-802308,4,0,spy2,0.63348466,train,2026,weighted,False
ACRIN-6698-802308_z005,ACRIN-6698-802308,4,0,spy2,0.6323899,train,2026,weighted,False
ACRIN-6698-802308_z006,ACRIN-6698-802308,4,0,spy2,0.6298022,train,2026,weighted,False
ACRIN-6698-802308_z007,ACRIN-6698-802308,4,0,spy2,0.62890077,train,2026,weighted,False
ACRIN-6698-802308_z008,ACRIN-6698-802308,4,0,spy2,0.63025904,train,2026,weighted,False
ACRIN-6698-802308_z009,ACRIN-6698-802308,4,0,spy2,0.63007176,train,2026,weighted,False
ACRIN-6698-802308_z010,ACRIN-6698-802308,4,0,spy2,0.6308238,train,2026,weighted,False
ACRIN-6698-802308_z011,ACRIN-6698-802308,4,0,spy2,0.6283996,train,2026,weighted,False
ACRIN-6698-802308_z012,ACRIN-6698-802308,4,0,spy2,0.6243538,train,2026,weighted,False
ACRIN-6698-802308_z014,ACRIN-6698-802308,4,0,spy2,0.6124398,train,2026,weighted,False
ISPY2-130892_z011,ISPY2-130892,4,1,spy2,0.18771613,train,2026,weighted,False
ISPY2-130892_z012,ISPY2-130892,4,1,spy2,0.18869513,train,2026,weighted,False
ISPY2-130892_z013,ISPY2-130892,4,1,spy2,0.19373205,train,2026,weighted,False
ISPY2-130892_z014,ISPY2-130892,4,1,spy2,0.19640727,train,2026,weighted,False
ISPY2-130892_z015,ISPY2-130892,4,1,spy2,0.19571805,train,2026,weighted,False
ISPY2-130892_z016,ISPY2-130892,4,1,spy2,0.19671524,train,2026,weighted,False
ISPY2-130892_z017,ISPY2-130892,4,1,spy2,0.19835207,train,2026,weighted,False
ISPY2-130892_z018,ISPY2-130892,4,1,spy2,0.19974406,train,2026,weighted,False
ISPY2-130892_z019,ISPY2-130892,4,1,spy2,0.19864787,train,2026,weighted,False
ISPY2-130892_z020,ISPY2-130892,4,1,spy2,0.1969549,train,2026,weighted,False
ACRIN-6698-342959_z031,ACRIN-6698-342959,4,1,spy2,0.5211179,train,2026,weighted,False
ACRIN-6698-342959_z032,ACRIN-6698-342959,4,1,spy2,0.5220031,train,2026,weighted,False
ACRIN-6698-342959_z033,ACRIN-6698-342959,4,1,spy2,0.5223237,train,2026,weighted,False
ACRIN-6698-342959_z034,ACRIN-6698-342959,4,1,spy2,0.5219261,train,2026,weighted,False
ACRIN-6698-342959_z035,ACRIN-6698-342959,4,1,spy2,0.5235429,train,2026,weighted,False
ACRIN-6698-342959_z036,ACRIN-6698-342959,4,1,spy2,0.52576756,train,2026,weighted,False
ACRIN-6698-342959_z037,ACRIN-6698-342959,4,1,spy2,0.5280452,train,2026,weighted,False
ACRIN-6698-342959_z038,ACRIN-6698-342959,4,1,spy2,0.52667224,train,2026,weighted,False
ACRIN-6698-342959_z039,ACRIN-6698-342959,4,1,spy2,0.5262643,train,2026,weighted,False
ACRIN-6698-342959_z040,ACRIN-6698-342959,4,1,spy2,0.5230442,train,2026,weighted,False
ACRIN-6698-587604_z018,ACRIN-6698-587604,4,0,spy2,0.5840933,train,2026,weighted,False
ACRIN-6698-587604_z019,ACRIN-6698-587604,4,0,spy2,0.5864854,train,2026,weighted,False
ACRIN-6698-587604_z020,ACRIN-6698-587604,4,0,spy2,0.5906413,train,2026,weighted,False
ACRIN-6698-587604_z021,ACRIN-6698-587604,4,0,spy2,0.5937278,train,2026,weighted,False
ACRIN-6698-587604_z022,ACRIN-6698-587604,4,0,spy2,0.59366477,train,2026,weighted,False
ACRIN-6698-587604_z023,ACRIN-6698-587604,4,0,spy2,0.5957564,train,2026,weighted,False
ACRIN-6698-587604_z024,ACRIN-6698-587604,4,0,spy2,0.6049387,train,2026,weighted,False
ACRIN-6698-587604_z025,ACRIN-6698-587604,4,0,spy2,0.6071051,train,2026,weighted,False
ACRIN-6698-587604_z026,ACRIN-6698-587604,4,0,spy2,0.60628897,train,2026,weighted,False
ACRIN-6698-587604_z027,ACRIN-6698-587604,4,0,spy2,0.6051675,train,2026,weighted,False
ACRIN-6698-516834_z008,ACRIN-6698-516834,4,0,spy2,0.4033796,train,2026,weighted,False
ACRIN-6698-516834_z009,ACRIN-6698-516834,4,0,spy2,0.40710464,train,2026,weighted,False
ACRIN-6698-516834_z010,ACRIN-6698-516834,4,0,spy2,0.40796566,train,2026,weighted,False
ACRIN-6698-516834_z011,ACRIN-6698-516834,4,0,spy2,0.40880722,train,2026,weighted,False
ACRIN-6698-516834_z012,ACRIN-6698-516834,4,0,spy2,0.40973473,train,2026,weighted,False
ACRIN-6698-516834_z013,ACRIN-6698-516834,4,0,spy2,0.41049185,train,2026,weighted,False
ACRIN-6698-516834_z014,ACRIN-6698-516834,4,0,spy2,0.41102606,train,2026,weighted,False
ACRIN-6698-516834_z015,ACRIN-6698-516834,4,0,spy2,0.41095826,train,2026,weighted,False
ACRIN-6698-516834_z016,ACRIN-6698-516834,4,0,spy2,0.41082653,train,2026,weighted,False
ACRIN-6698-516834_z017,ACRIN-6698-516834,4,0,spy2,0.41089094,train,2026,weighted,False
ISPY2-318407_z016,ISPY2-318407,4,0,spy2,0.56251967,train,2026,weighted,False
ISPY2-318407_z017,ISPY2-318407,4,0,spy2,0.56242144,train,2026,weighted,False
ISPY2-318407_z018,ISPY2-318407,4,0,spy2,0.5624397,train,2026,weighted,False
ISPY2-318407_z019,ISPY2-318407,4,0,spy2,0.5625014,train,2026,weighted,False
ISPY2-318407_z020,ISPY2-318407,4,0,spy2,0.5625109,train,2026,weighted,False
ISPY2-318407_z021,ISPY2-318407,4,0,spy2,0.562633,train,2026,weighted,False
ISPY2-318407_z022,ISPY2-318407,4,0,spy2,0.5631712,train,2026,weighted,False
ISPY2-318407_z023,ISPY2-318407,4,0,spy2,0.56287175,train,2026,weighted,False
ISPY2-318407_z024,ISPY2-318407,4,0,spy2,0.56266505,train,2026,weighted,False
ISPY2-318407_z025,ISPY2-318407,4,0,spy2,0.56244755,train,2026,weighted,False
ACRIN-6698-609151_z010,ACRIN-6698-609151,4,1,spy2,0.8732462,train,2026,weighted,False
ACRIN-6698-609151_z012,ACRIN-6698-609151,4,1,spy2,0.8745195,train,2026,weighted,False
ACRIN-6698-609151_z013,ACRIN-6698-609151,4,1,spy2,0.8745093,train,2026,weighted,False
ACRIN-6698-609151_z014,ACRIN-6698-609151,4,1,spy2,0.8745137,train,2026,weighted,False
ACRIN-6698-609151_z015,ACRIN-6698-609151,4,1,spy2,0.874711,train,2026,weighted,False
ACRIN-6698-609151_z016,ACRIN-6698-609151,4,1,spy2,0.8747393,train,2026,weighted,False
ACRIN-6698-609151_z017,ACRIN-6698-609151,4,1,spy2,0.874617,train,2026,weighted,False
ACRIN-6698-609151_z018,ACRIN-6698-609151,4,1,spy2,0.8746591,train,2026,weighted,False
ACRIN-6698-609151_z019,ACRIN-6698-609151,4,1,spy2,0.8745237,train,2026,weighted,False
ACRIN-6698-609151_z020,ACRIN-6698-609151,4,1,spy2,0.87431616,train,2026,weighted,False
ACRIN-6698-145777_z007,ACRIN-6698-145777,4,0,spy2,0.45481393,train,2026,weighted,False
ACRIN-6698-145777_z008,ACRIN-6698-145777,4,0,spy2,0.45478848,train,2026,weighted,False
ACRIN-6698-145777_z009,ACRIN-6698-145777,4,0,spy2,0.45452136,train,2026,weighted,False
ACRIN-6698-145777_z010,ACRIN-6698-145777,4,0,spy2,0.45462495,train,2026,weighted,False
ACRIN-6698-145777_z011,ACRIN-6698-145777,4,0,spy2,0.45500308,train,2026,weighted,False
ACRIN-6698-145777_z012,ACRIN-6698-145777,4,0,spy2,0.4552459,train,2026,weighted,False
ACRIN-6698-145777_z014,ACRIN-6698-145777,4,0,spy2,0.45529214,train,2026,weighted,False
ACRIN-6698-145777_z015,ACRIN-6698-145777,4,0,spy2,0.45559183,train,2026,weighted,False
ACRIN-6698-145777_z016,ACRIN-6698-145777,4,0,spy2,0.4558056,train,2026,weighted,False
ACRIN-6698-145777_z017,ACRIN-6698-145777,4,0,spy2,0.455992,train,2026,weighted,False
ISPY2-575457_z013,ISPY2-575457,4,1,spy2,0.77596444,train,2026,weighted,False
ISPY2-575457_z014,ISPY2-575457,4,1,spy2,0.7746692,train,2026,weighted,False
ISPY2-575457_z015,ISPY2-575457,4,1,spy2,0.7759091,train,2026,weighted,False
ISPY2-575457_z016,ISPY2-575457,4,1,spy2,0.77784234,train,2026,weighted,False
ISPY2-575457_z017,ISPY2-575457,4,1,spy2,0.7785452,train,2026,weighted,False
ISPY2-575457_z018,ISPY2-575457,4,1,spy2,0.77771765,train,2026,weighted,False
ISPY2-575457_z019,ISPY2-575457,4,1,spy2,0.7771901,train,2026,weighted,False
ISPY2-575457_z020,ISPY2-575457,4,1,spy2,0.77815276,train,2026,weighted,False
ISPY2-575457_z021,ISPY2-575457,4,1,spy2,0.77940786,train,2026,weighted,False
ISPY2-575457_z022,ISPY2-575457,4,1,spy2,0.7800793,train,2026,weighted,False
ACRIN-6698-293142_z013,ACRIN-6698-293142,4,0,spy2,0.18516192,train,2026,weighted,False
ACRIN-6698-293142_z014,ACRIN-6698-293142,4,0,spy2,0.18514153,train,2026,weighted,False
ACRIN-6698-293142_z015,ACRIN-6698-293142,4,0,spy2,0.18508095,train,2026,weighted,False
ACRIN-6698-293142_z016,ACRIN-6698-293142,4,0,spy2,0.18507482,train,2026,weighted,False
ACRIN-6698-293142_z017,ACRIN-6698-293142,4,0,spy2,0.1849853,train,2026,weighted,False
ACRIN-6698-293142_z018,ACRIN-6698-293142,4,0,spy2,0.184971,train,2026,weighted,False
ACRIN-6698-293142_z019,ACRIN-6698-293142,4,0,spy2,0.18491895,train,2026,weighted,False
ACRIN-6698-293142_z020,ACRIN-6698-293142,4,0,spy2,0.18483229,train,2026,weighted,False
ACRIN-6698-293142_z021,ACRIN-6698-293142,4,0,spy2,0.18472742,train,2026,weighted,False
ACRIN-6698-293142_z022,ACRIN-6698-293142,4,0,spy2,0.18473917,train,2026,weighted,False
ACRIN-6698-706639_z006,ACRIN-6698-706639,4,0,spy2,0.6428523,train,2026,weighted,False
ACRIN-6698-706639_z007,ACRIN-6698-706639,4,0,spy2,0.64231783,train,2026,weighted,False
ACRIN-6698-706639_z008,ACRIN-6698-706639,4,0,spy2,0.64179695,train,2026,weighted,False
ACRIN-6698-706639_z009,ACRIN-6698-706639,4,0,spy2,0.64154845,train,2026,weighted,False
ACRIN-6698-706639_z010,ACRIN-6698-706639,4,0,spy2,0.6417841,train,2026,weighted,False
ACRIN-6698-706639_z011,ACRIN-6698-706639,4,0,spy2,0.6416868,train,2026,weighted,False
ACRIN-6698-706639_z012,ACRIN-6698-706639,4,0,spy2,0.6418784,train,2026,weighted,False
ACRIN-6698-706639_z013,ACRIN-6698-706639,4,0,spy2,0.6414769,train,2026,weighted,False
ACRIN-6698-706639_z014,ACRIN-6698-706639,4,0,spy2,0.6409367,train,2026,weighted,False
ACRIN-6698-706639_z015,ACRIN-6698-706639,4,0,spy2,0.6404954,train,2026,weighted,False
ACRIN-6698-563681_z015,ACRIN-6698-563681,4,0,spy2,0.26581675,train,2026,weighted,False
ACRIN-6698-563681_z016,ACRIN-6698-563681,4,0,spy2,0.26583195,train,2026,weighted,False
ACRIN-6698-563681_z017,ACRIN-6698-563681,4,0,spy2,0.26580745,train,2026,weighted,False
ACRIN-6698-563681_z018,ACRIN-6698-563681,4,0,spy2,0.26567808,train,2026,weighted,False
ACRIN-6698-563681_z019,ACRIN-6698-563681,4,0,spy2,0.26507968,train,2026,weighted,False
ACRIN-6698-563681_z020,ACRIN-6698-563681,4,0,spy2,0.2649056,train,2026,weighted,False
ACRIN-6698-563681_z021,ACRIN-6698-563681,4,0,spy2,0.26450926,train,2026,weighted,False
ACRIN-6698-563681_z022,ACRIN-6698-563681,4,0,spy2,0.26428515,train,2026,weighted,False
ACRIN-6698-563681_z023,ACRIN-6698-563681,4,0,spy2,0.2640611,train,2026,weighted,False
ACRIN-6698-563681_z024,ACRIN-6698-563681,4,0,spy2,0.26396686,train,2026,weighted,False
ISPY2-282777_z004,ISPY2-282777,4,0,spy2,0.25333846,train,2026,weighted,False
ISPY2-282777_z005,ISPY2-282777,4,0,spy2,0.25076354,train,2026,weighted,False
ISPY2-282777_z006,ISPY2-282777,4,0,spy2,0.24253638,train,2026,weighted,False
ISPY2-282777_z007,ISPY2-282777,4,0,spy2,0.23708268,train,2026,weighted,False
ISPY2-282777_z008,ISPY2-282777,4,0,spy2,0.23953348,train,2026,weighted,False
ISPY2-282777_z009,ISPY2-282777,4,0,spy2,0.24378224,train,2026,weighted,False
ISPY2-282777_z010,ISPY2-282777,4,0,spy2,0.24807715,train,2026,weighted,False
ISPY2-282777_z011,ISPY2-282777,4,0,spy2,0.25026432,train,2026,weighted,False
ISPY2-282777_z012,ISPY2-282777,4,0,spy2,0.2501129,train,2026,weighted,False
ISPY2-282777_z013,ISPY2-282777,4,0,spy2,0.24953811,train,2026,weighted,False
ACRIN-6698-301665_z022,ACRIN-6698-301665,4,0,spy2,0.4301585,train,2026,weighted,False
ACRIN-6698-301665_z023,ACRIN-6698-301665,4,0,spy2,0.43053335,train,2026,weighted,False
ACRIN-6698-301665_z024,ACRIN-6698-301665,4,0,spy2,0.43100372,train,2026,weighted,False
ACRIN-6698-301665_z025,ACRIN-6698-301665,4,0,spy2,0.43146783,train,2026,weighted,False
ACRIN-6698-301665_z027,ACRIN-6698-301665,4,0,spy2,0.43189445,train,2026,weighted,False
ACRIN-6698-301665_z028,ACRIN-6698-301665,4,0,spy2,0.43159798,train,2026,weighted,False
ACRIN-6698-301665_z029,ACRIN-6698-301665,4,0,spy2,0.43160862,train,2026,weighted,False
ACRIN-6698-301665_z030,ACRIN-6698-301665,4,0,spy2,0.43155903,train,2026,weighted,False
ACRIN-6698-301665_z031,ACRIN-6698-301665,4,0,spy2,0.43156654,train,2026,weighted,False
ACRIN-6698-301665_z032,ACRIN-6698-301665,4,0,spy2,0.43133178,train,2026,weighted,False
ISPY2-930903_z012,ISPY2-930903,4,0,spy2,0.33878177,train,2026,weighted,False
ISPY2-930903_z013,ISPY2-930903,4,0,spy2,0.33923092,train,2026,weighted,False
ISPY2-930903_z014,ISPY2-930903,4,0,spy2,0.3399224,train,2026,weighted,False
ISPY2-930903_z015,ISPY2-930903,4,0,spy2,0.3391286,train,2026,weighted,False
ISPY2-930903_z016,ISPY2-930903,4,0,spy2,0.34296426,train,2026,weighted,False
ISPY2-930903_z017,ISPY2-930903,4,0,spy2,0.34702867,train,2026,weighted,False
ISPY2-930903_z018,ISPY2-930903,4,0,spy2,0.3503013,train,2026,weighted,False
ISPY2-930903_z019,ISPY2-930903,4,0,spy2,0.35610005,train,2026,weighted,False
ISPY2-930903_z020,ISPY2-930903,4,0,spy2,0.36279857,train,2026,weighted,False
ISPY2-930903_z021,ISPY2-930903,4,0,spy2,0.36755416,train,2026,weighted,False
ISPY2-333145_z014,ISPY2-333145,4,1,spy2,0.20448186,train,2026,weighted,False
ISPY2-333145_z015,ISPY2-333145,4,1,spy2,0.2045681,train,2026,weighted,False
ISPY2-333145_z016,ISPY2-333145,4,1,spy2,0.20458433,train,2026,weighted,False
ISPY2-333145_z017,ISPY2-333145,4,1,spy2,0.20446062,train,2026,weighted,False
ISPY2-333145_z018,ISPY2-333145,4,1,spy2,0.20445295,train,2026,weighted,False
ISPY2-333145_z019,ISPY2-333145,4,1,spy2,0.2043048,train,2026,weighted,False
ISPY2-333145_z020,ISPY2-333145,4,1,spy2,0.20420538,train,2026,weighted,False
ISPY2-333145_z021,ISPY2-333145,4,1,spy2,0.20400934,train,2026,weighted,False
ISPY2-333145_z022,ISPY2-333145,4,1,spy2,0.20383608,train,2026,weighted,False
ISPY2-333145_z023,ISPY2-333145,4,1,spy2,0.2038325,train,2026,weighted,False
ISPY2-912836_z003,ISPY2-912836,4,0,spy2,0.625464,train,2026,weighted,False
ISPY2-912836_z004,ISPY2-912836,4,0,spy2,0.6191329,train,2026,weighted,False
ISPY2-912836_z005,ISPY2-912836,4,0,spy2,0.6089691,train,2026,weighted,False
ISPY2-912836_z006,ISPY2-912836,4,0,spy2,0.60042167,train,2026,weighted,False
ISPY2-912836_z007,ISPY2-912836,4,0,spy2,0.5981827,train,2026,weighted,False
ISPY2-912836_z008,ISPY2-912836,4,0,spy2,0.59851533,train,2026,weighted,False
ISPY2-912836_z009,ISPY2-912836,4,0,spy2,0.60264236,train,2026,weighted,False
ISPY2-912836_z010,ISPY2-912836,4,0,spy2,0.60851514,train,2026,weighted,False
ISPY2-912836_z011,ISPY2-912836,4,0,spy2,0.6094263,train,2026,weighted,False
ISPY2-912836_z012,ISPY2-912836,4,0,spy2,0.61321425,train,2026,weighted,False
ISPY2-572016_z016,ISPY2-572016,4,1,spy2,0.64737636,train,2026,weighted,False
ISPY2-572016_z017,ISPY2-572016,4,1,spy2,0.64747185,train,2026,weighted,False
ISPY2-572016_z018,ISPY2-572016,4,1,spy2,0.64753205,train,2026,weighted,False
ISPY2-572016_z019,ISPY2-572016,4,1,spy2,0.6473566,train,2026,weighted,False
ISPY2-572016_z020,ISPY2-572016,4,1,spy2,0.6467219,train,2026,weighted,False
ISPY2-572016_z021,ISPY2-572016,4,1,spy2,0.64663386,train,2026,weighted,False
ISPY2-572016_z022,ISPY2-572016,4,1,spy2,0.6469416,train,2026,weighted,False
ISPY2-572016_z023,ISPY2-572016,4,1,spy2,0.64673245,train,2026,weighted,False
ISPY2-572016_z024,ISPY2-572016,4,1,spy2,0.6469266,train,2026,weighted,False
ISPY2-572016_z026,ISPY2-572016,4,1,spy2,0.64746606,train,2026,weighted,False
ISPY2-200222_z020,ISPY2-200222,4,0,spy2,0.19243975,train,2026,weighted,False
ISPY2-200222_z021,ISPY2-200222,4,0,spy2,0.19270496,train,2026,weighted,False
ISPY2-200222_z022,ISPY2-200222,4,0,spy2,0.1927366,train,2026,weighted,False
ISPY2-200222_z023,ISPY2-200222,4,0,spy2,0.19273642,train,2026,weighted,False
ISPY2-200222_z024,ISPY2-200222,4,0,spy2,0.19280674,train,2026,weighted,False
ISPY2-200222_z025,ISPY2-200222,4,0,spy2,0.19284675,train,2026,weighted,False
ISPY2-200222_z026,ISPY2-200222,4,0,spy2,0.19278088,train,2026,weighted,False
ISPY2-200222_z027,ISPY2-200222,4,0,spy2,0.1928577,train,2026,weighted,False
ISPY2-200222_z028,ISPY2-200222,4,0,spy2,0.19290859,train,2026,weighted,False
ISPY2-200222_z029,ISPY2-200222,4,0,spy2,0.19299032,train,2026,weighted,False
ISPY2-555214_z009,ISPY2-555214,4,1,spy2,0.81310093,train,2026,weighted,False
ISPY2-555214_z010,ISPY2-555214,4,1,spy2,0.81338716,train,2026,weighted,False
ISPY2-555214_z011,ISPY2-555214,4,1,spy2,0.81376874,train,2026,weighted,False
ISPY2-555214_z012,ISPY2-555214,4,1,spy2,0.81405175,train,2026,weighted,False
ISPY2-555214_z013,ISPY2-555214,4,1,spy2,0.8143278,train,2026,weighted,False
ISPY2-555214_z014,ISPY2-555214,4,1,spy2,0.8145026,train,2026,weighted,False
ISPY2-555214_z015,ISPY2-555214,4,1,spy2,0.8144597,train,2026,weighted,False
ISPY2-555214_z016,ISPY2-555214,4,1,spy2,0.81438464,train,2026,weighted,False
ISPY2-555214_z017,ISPY2-555214,4,1,spy2,0.8143081,train,2026,weighted,False
ISPY2-555214_z018,ISPY2-555214,4,1,spy2,0.81435734,train,2026,weighted,False
ISPY2-604380_z009,ISPY2-604380,4,1,spy2,0.54818267,train,2026,weighted,False
ISPY2-604380_z010,ISPY2-604380,4,1,spy2,0.54849756,train,2026,weighted,False
ISPY2-604380_z011,ISPY2-604380,4,1,spy2,0.54849607,train,2026,weighted,False
ISPY2-604380_z012,ISPY2-604380,4,1,spy2,0.5483577,train,2026,weighted,False
ISPY2-604380_z013,ISPY2-604380,4,1,spy2,0.54896027,train,2026,weighted,False
ISPY2-604380_z014,ISPY2-604380,4,1,spy2,0.54920876,train,2026,weighted,False
ISPY2-604380_z015,ISPY2-604380,4,1,spy2,0.5486789,train,2026,weighted,False
ISPY2-604380_z016,ISPY2-604380,4,1,spy2,0.54676527,train,2026,weighted,False
ISPY2-604380_z017,ISPY2-604380,4,1,spy2,0.54709965,train,2026,weighted,False
ISPY2-604380_z018,ISPY2-604380,4,1,spy2,0.547179,train,2026,weighted,False
ACRIN-6698-683896_z010,ACRIN-6698-683896,4,0,spy2,0.2333442,train,2026,weighted,False
ACRIN-6698-683896_z011,ACRIN-6698-683896,4,0,spy2,0.2320048,train,2026,weighted,False
ACRIN-6698-683896_z012,ACRIN-6698-683896,4,0,spy2,0.22921082,train,2026,weighted,False
ACRIN-6698-683896_z013,ACRIN-6698-683896,4,0,spy2,0.22800149,train,2026,weighted,False
ACRIN-6698-683896_z014,ACRIN-6698-683896,4,0,spy2,0.23032086,train,2026,weighted,False
ACRIN-6698-683896_z015,ACRIN-6698-683896,4,0,spy2,0.23356454,train,2026,weighted,False
ACRIN-6698-683896_z016,ACRIN-6698-683896,4,0,spy2,0.23646492,train,2026,weighted,False
ACRIN-6698-683896_z017,ACRIN-6698-683896,4,0,spy2,0.23981561,train,2026,weighted,False
ACRIN-6698-683896_z018,ACRIN-6698-683896,4,0,spy2,0.2415051,train,2026,weighted,False
ACRIN-6698-683896_z019,ACRIN-6698-683896,4,0,spy2,0.24174607,train,2026,weighted,False
ISPY2-899381_z003,ISPY2-899381,4,1,spy2,0.37256768,train,2026,weighted,False
ISPY2-899381_z004,ISPY2-899381,4,1,spy2,0.3725502,train,2026,weighted,False
ISPY2-899381_z005,ISPY2-899381,4,1,spy2,0.37245974,train,2026,weighted,False
ISPY2-899381_z006,ISPY2-899381,4,1,spy2,0.3726373,train,2026,weighted,False
ISPY2-899381_z007,ISPY2-899381,4,1,spy2,0.37237805,train,2026,weighted,False
ISPY2-899381_z008,ISPY2-899381,4,1,spy2,0.3720321,train,2026,weighted,False
ISPY2-899381_z009,ISPY2-899381,4,1,spy2,0.371997,train,2026,weighted,False
ISPY2-899381_z010,ISPY2-899381,4,1,spy2,0.37211442,train,2026,weighted,False
ISPY2-899381_z011,ISPY2-899381,4,1,spy2,0.3726384,train,2026,weighted,False
ISPY2-899381_z012,ISPY2-899381,4,1,spy2,0.37277314,train,2026,weighted,False
ISPY2-646233_z003,ISPY2-646233,4,0,spy2,0.26596406,train,2026,weighted,False
ISPY2-646233_z006,ISPY2-646233,4,0,spy2,0.26606885,train,2026,weighted,False
ISPY2-646233_z007,ISPY2-646233,4,0,spy2,0.27309188,train,2026,weighted,False
ISPY2-646233_z008,ISPY2-646233,4,0,spy2,0.27786434,train,2026,weighted,False
ISPY2-646233_z009,ISPY2-646233,4,0,spy2,0.28215638,train,2026,weighted,False
ISPY2-646233_z010,ISPY2-646233,4,0,spy2,0.28933394,train,2026,weighted,False
ISPY2-646233_z011,ISPY2-646233,4,0,spy2,0.31304392,train,2026,weighted,False
ISPY2-646233_z012,ISPY2-646233,4,0,spy2,0.32561815,train,2026,weighted,False
ISPY2-646233_z013,ISPY2-646233,4,0,spy2,0.32667664,train,2026,weighted,False
ISPY2-646233_z014,ISPY2-646233,4,0,spy2,0.32667696,train,2026,weighted,False
ISPY2-473468_z010,ISPY2-473468,4,0,spy2,0.5812913,train,2026,weighted,False
ISPY2-473468_z011,ISPY2-473468,4,0,spy2,0.5809321,train,2026,weighted,False
ISPY2-473468_z012,ISPY2-473468,4,0,spy2,0.5809514,train,2026,weighted,False
ISPY2-473468_z013,ISPY2-473468,4,0,spy2,0.580963,train,2026,weighted,False
ISPY2-473468_z014,ISPY2-473468,4,0,spy2,0.58086663,train,2026,weighted,False
ISPY2-473468_z015,ISPY2-473468,4,0,spy2,0.58022153,train,2026,weighted,False
ISPY2-473468_z016,ISPY2-473468,4,0,spy2,0.5794707,train,2026,weighted,False
ISPY2-473468_z017,ISPY2-473468,4,0,spy2,0.5784416,train,2026,weighted,False
ISPY2-473468_z018,ISPY2-473468,4,0,spy2,0.57321423,train,2026,weighted,False
ISPY2-473468_z019,ISPY2-473468,4,0,spy2,0.5766966,train,2026,weighted,False
ACRIN-6698-992609_z012,ACRIN-6698-992609,4,1,spy2,0.50977373,train,2026,weighted,False
ACRIN-6698-992609_z013,ACRIN-6698-992609,4,1,spy2,0.5098363,train,2026,weighted,False
ACRIN-6698-992609_z014,ACRIN-6698-992609,4,1,spy2,0.5100307,train,2026,weighted,False
ACRIN-6698-992609_z015,ACRIN-6698-992609,4,1,spy2,0.51015645,train,2026,weighted,False
ACRIN-6698-992609_z016,ACRIN-6698-992609,4,1,spy2,0.510066,train,2026,weighted,False
ACRIN-6698-992609_z017,ACRIN-6698-992609,4,1,spy2,0.51010096,train,2026,weighted,False
ACRIN-6698-992609_z018,ACRIN-6698-992609,4,1,spy2,0.51003975,train,2026,weighted,False
ACRIN-6698-992609_z019,ACRIN-6698-992609,4,1,spy2,0.5100365,train,2026,weighted,False
ACRIN-6698-992609_z020,ACRIN-6698-992609,4,1,spy2,0.50999945,train,2026,weighted,False
ACRIN-6698-992609_z021,ACRIN-6698-992609,4,1,spy2,0.5099002,train,2026,weighted,False
ISPY2-423979_z017,ISPY2-423979,4,0,spy2,0.30998844,train,2026,weighted,False
ISPY2-423979_z018,ISPY2-423979,4,0,spy2,0.31084347,train,2026,weighted,False
ISPY2-423979_z019,ISPY2-423979,4,0,spy2,0.311307,train,2026,weighted,False
ISPY2-423979_z020,ISPY2-423979,4,0,spy2,0.311384,train,2026,weighted,False
ISPY2-423979_z021,ISPY2-423979,4,0,spy2,0.31132582,train,2026,weighted,False
ISPY2-423979_z022,ISPY2-423979,4,0,spy2,0.31129786,train,2026,weighted,False
ISPY2-423979_z023,ISPY2-423979,4,0,spy2,0.3112645,train,2026,weighted,False
ISPY2-423979_z024,ISPY2-423979,4,0,spy2,0.31127784,train,2026,weighted,False
ISPY2-423979_z025,ISPY2-423979,4,0,spy2,0.31124383,train,2026,weighted,False
ISPY2-423979_z026,ISPY2-423979,4,0,spy2,0.31121904,train,2026,weighted,False
ISPY2-639663_z009,ISPY2-639663,4,0,spy2,0.65518016,train,2026,weighted,False
ISPY2-639663_z010,ISPY2-639663,4,0,spy2,0.65617234,train,2026,weighted,False
ISPY2-639663_z013,ISPY2-639663,4,0,spy2,0.6613523,train,2026,weighted,False
ISPY2-639663_z014,ISPY2-639663,4,0,spy2,0.6631514,train,2026,weighted,False
ISPY2-639663_z015,ISPY2-639663,4,0,spy2,0.6636421,train,2026,weighted,False
ISPY2-639663_z016,ISPY2-639663,4,0,spy2,0.6637628,train,2026,weighted,False
ISPY2-639663_z017,ISPY2-639663,4,0,spy2,0.6636337,train,2026,weighted,False
ISPY2-639663_z018,ISPY2-639663,4,0,spy2,0.66421294,train,2026,weighted,False
ISPY2-639663_z019,ISPY2-639663,4,0,spy2,0.6645802,train,2026,weighted,False
ISPY2-639663_z020,ISPY2-639663,4,0,spy2,0.6648242,train,2026,weighted,False
ISPY2-789497_z010,ISPY2-789497,4,0,spy2,0.3045889,train,2026,weighted,False
ISPY2-789497_z011,ISPY2-789497,4,0,spy2,0.30415154,train,2026,weighted,False
ISPY2-789497_z012,ISPY2-789497,4,0,spy2,0.30361664,train,2026,weighted,False
ISPY2-789497_z013,ISPY2-789497,4,0,spy2,0.3016037,train,2026,weighted,False
ISPY2-789497_z014,ISPY2-789497,4,0,spy2,0.30158857,train,2026,weighted,False
ISPY2-789497_z015,ISPY2-789497,4,0,spy2,0.30417883,train,2026,weighted,False
ISPY2-789497_z016,ISPY2-789497,4,0,spy2,0.30463886,train,2026,weighted,False
ISPY2-789497_z017,ISPY2-789497,4,0,spy2,0.30188745,train,2026,weighted,False
ISPY2-789497_z018,ISPY2-789497,4,0,spy2,0.29912633,train,2026,weighted,False
ISPY2-789497_z019,ISPY2-789497,4,0,spy2,0.30020502,train,2026,weighted,False
ISPY2-484867_z024,ISPY2-484867,4,0,spy2,0.43928847,train,2026,weighted,False
ISPY2-484867_z025,ISPY2-484867,4,0,spy2,0.43886158,train,2026,weighted,False
ISPY2-484867_z026,ISPY2-484867,4,0,spy2,0.43794742,train,2026,weighted,False
ISPY2-484867_z027,ISPY2-484867,4,0,spy2,0.43843192,train,2026,weighted,False
ISPY2-484867_z028,ISPY2-484867,4,0,spy2,0.43873802,train,2026,weighted,False
ISPY2-484867_z029,ISPY2-484867,4,0,spy2,0.4388465,train,2026,weighted,False
ISPY2-484867_z030,ISPY2-484867,4,0,spy2,0.4388369,train,2026,weighted,False
ISPY2-484867_z031,ISPY2-484867,4,0,spy2,0.4387395,train,2026,weighted,False
ISPY2-484867_z032,ISPY2-484867,4,0,spy2,0.43877053,train,2026,weighted,False
ISPY2-484867_z033,ISPY2-484867,4,0,spy2,0.4389604,train,2026,weighted,False
ISPY2-342996_z020,ISPY2-342996,4,0,spy2,0.37355217,train,2026,weighted,False
ISPY2-342996_z021,ISPY2-342996,4,0,spy2,0.37359983,train,2026,weighted,False
ISPY2-342996_z022,ISPY2-342996,4,0,spy2,0.3734705,train,2026,weighted,False
ISPY2-342996_z023,ISPY2-342996,4,0,spy2,0.37338382,train,2026,weighted,False
ISPY2-342996_z024,ISPY2-342996,4,0,spy2,0.37341812,train,2026,weighted,False
ISPY2-342996_z025,ISPY2-342996,4,0,spy2,0.37333742,train,2026,weighted,False
ISPY2-342996_z026,ISPY2-342996,4,0,spy2,0.3735698,train,2026,weighted,False
ISPY2-342996_z027,ISPY2-342996,4,0,spy2,0.37343076,train,2026,weighted,False
ISPY2-342996_z028,ISPY2-342996,4,0,spy2,0.37349516,train,2026,weighted,False
ISPY2-342996_z029,ISPY2-342996,4,0,spy2,0.3732621,train,2026,weighted,False
ISPY2-139771_z019,ISPY2-139771,4,1,spy2,0.4174579,train,2026,weighted,False
ISPY2-139771_z020,ISPY2-139771,4,1,spy2,0.41722038,train,2026,weighted,False
ISPY2-139771_z021,ISPY2-139771,4,1,spy2,0.41751078,train,2026,weighted,False
ISPY2-139771_z022,ISPY2-139771,4,1,spy2,0.41751635,train,2026,weighted,False
ISPY2-139771_z023,ISPY2-139771,4,1,spy2,0.41744864,train,2026,weighted,False
ISPY2-139771_z024,ISPY2-139771,4,1,spy2,0.41725126,train,2026,weighted,False
ISPY2-139771_z025,ISPY2-139771,4,1,spy2,0.4171782,train,2026,weighted,False
ISPY2-139771_z026,ISPY2-139771,4,1,spy2,0.4168417,train,2026,weighted,False
ISPY2-139771_z028,ISPY2-139771,4,1,spy2,0.41727987,train,2026,weighted,False
ISPY2-139771_z029,ISPY2-139771,4,1,spy2,0.41694152,train,2026,weighted,False
ISPY2-780272_z016,ISPY2-780272,4,0,spy2,0.5397299,train,2026,weighted,False
ISPY2-780272_z017,ISPY2-780272,4,0,spy2,0.5396172,train,2026,weighted,False
ISPY2-780272_z018,ISPY2-780272,4,0,spy2,0.5384974,train,2026,weighted,False
ISPY2-780272_z022,ISPY2-780272,4,0,spy2,0.5343628,train,2026,weighted,False
ISPY2-780272_z023,ISPY2-780272,4,0,spy2,0.5342743,train,2026,weighted,False
ISPY2-780272_z024,ISPY2-780272,4,0,spy2,0.5367371,train,2026,weighted,False
ISPY2-780272_z025,ISPY2-780272,4,0,spy2,0.53939134,train,2026,weighted,False
ISPY2-780272_z026,ISPY2-780272,4,0,spy2,0.5403199,train,2026,weighted,False
ISPY2-780272_z027,ISPY2-780272,4,0,spy2,0.5412496,train,2026,weighted,False
ISPY2-780272_z028,ISPY2-780272,4,0,spy2,0.5416376,train,2026,weighted,False
ISPY2-924868_z007,ISPY2-924868,4,1,spy2,0.55517775,train,2026,weighted,False
ISPY2-924868_z008,ISPY2-924868,4,1,spy2,0.554903,train,2026,weighted,False
ISPY2-924868_z009,ISPY2-924868,4,1,spy2,0.5547454,train,2026,weighted,False
ISPY2-924868_z010,ISPY2-924868,4,1,spy2,0.5546813,train,2026,weighted,False
ISPY2-924868_z011,ISPY2-924868,4,1,spy2,0.55483097,train,2026,weighted,False
ISPY2-924868_z012,ISPY2-924868,4,1,spy2,0.5547951,train,2026,weighted,False
ISPY2-924868_z013,ISPY2-924868,4,1,spy2,0.5543664,train,2026,weighted,False
ISPY2-924868_z014,ISPY2-924868,4,1,spy2,0.55448776,train,2026,weighted,False
ISPY2-924868_z015,ISPY2-924868,4,1,spy2,0.55437136,train,2026,weighted,False
ISPY2-924868_z016,ISPY2-924868,4,1,spy2,0.55355644,train,2026,weighted,False
ISPY2-125130_z002,ISPY2-125130,4,1,spy2,0.8119864,train,2026,weighted,False
ISPY2-125130_z003,ISPY2-125130,4,1,spy2,0.81169724,train,2026,weighted,False
ISPY2-125130_z004,ISPY2-125130,4,1,spy2,0.81163085,train,2026,weighted,False
ISPY2-125130_z005,ISPY2-125130,4,1,spy2,0.8115184,train,2026,weighted,False
ISPY2-125130_z006,ISPY2-125130,4,1,spy2,0.8114666,train,2026,weighted,False
ISPY2-125130_z007,ISPY2-125130,4,1,spy2,0.81107444,train,2026,weighted,False
ISPY2-125130_z008,ISPY2-125130,4,1,spy2,0.81106216,train,2026,weighted,False
ISPY2-125130_z009,ISPY2-125130,4,1,spy2,0.8110812,train,2026,weighted,False
ISPY2-125130_z010,ISPY2-125130,4,1,spy2,0.8115597,train,2026,weighted,False
ISPY2-125130_z011,ISPY2-125130,4,1,spy2,0.81186,train,2026,weighted,False
ISPY2-402384_z033,ISPY2-402384,4,0,spy2,0.49854264,train,2026,weighted,False
ISPY2-402384_z034,ISPY2-402384,4,0,spy2,0.48977,train,2026,weighted,False
ISPY2-402384_z035,ISPY2-402384,4,0,spy2,0.4868538,train,2026,weighted,False
ISPY2-402384_z036,ISPY2-402384,4,0,spy2,0.4860379,train,2026,weighted,False
ISPY2-402384_z037,ISPY2-402384,4,0,spy2,0.48591954,train,2026,weighted,False
ISPY2-402384_z038,ISPY2-402384,4,0,spy2,0.48504984,train,2026,weighted,False
ISPY2-402384_z039,ISPY2-402384,4,0,spy2,0.48528606,train,2026,weighted,False
ISPY2-402384_z040,ISPY2-402384,4,0,spy2,0.4873634,train,2026,weighted,False
ISPY2-402384_z041,ISPY2-402384,4,0,spy2,0.49036855,train,2026,weighted,False
ISPY2-402384_z043,ISPY2-402384,4,0,spy2,0.491531,train,2026,weighted,False
ISPY2-833536_z028,ISPY2-833536,4,1,spy2,0.4492499,train,2026,weighted,False
ISPY2-833536_z033,ISPY2-833536,4,1,spy2,0.43781796,train,2026,weighted,False
ISPY2-833536_z037,ISPY2-833536,4,1,spy2,0.43265536,train,2026,weighted,False
ISPY2-833536_z039,ISPY2-833536,4,1,spy2,0.42873156,train,2026,weighted,False
ISPY2-833536_z040,ISPY2-833536,4,1,spy2,0.43088356,train,2026,weighted,False
ISPY2-833536_z041,ISPY2-833536,4,1,spy2,0.43166962,train,2026,weighted,False
ISPY2-833536_z042,ISPY2-833536,4,1,spy2,0.4321284,train,2026,weighted,False
ISPY2-833536_z043,ISPY2-833536,4,1,spy2,0.4295507,train,2026,weighted,False
ISPY2-833536_z044,ISPY2-833536,4,1,spy2,0.42745602,train,2026,weighted,False
ISPY2-833536_z045,ISPY2-833536,4,1,spy2,0.4276018,train,2026,weighted,False
ISPY2-877463_z031,ISPY2-877463,4,0,spy2,0.49418432,train,2026,weighted,False
ISPY2-877463_z036,ISPY2-877463,4,0,spy2,0.49234885,train,2026,weighted,False
ISPY2-877463_z037,ISPY2-877463,4,0,spy2,0.491922,train,2026,weighted,False
ISPY2-877463_z038,ISPY2-877463,4,0,spy2,0.4915665,train,2026,weighted,False
ISPY2-877463_z039,ISPY2-877463,4,0,spy2,0.49165028,train,2026,weighted,False
ISPY2-877463_z040,ISPY2-877463,4,0,spy2,0.49158552,train,2026,weighted,False
ISPY2-877463_z041,ISPY2-877463,4,0,spy2,0.49164337,train,2026,weighted,False
ISPY2-877463_z042,ISPY2-877463,4,0,spy2,0.4919795,train,2026,weighted,False
ISPY2-877463_z043,ISPY2-877463,4,0,spy2,0.49234572,train,2026,weighted,False
ISPY2-877463_z045,ISPY2-877463,4,0,spy2,0.4930932,train,2026,weighted,False
ISPY2-209397_z017,ISPY2-209397,4,0,spy2,0.26345655,train,2026,weighted,False
ISPY2-209397_z018,ISPY2-209397,4,0,spy2,0.2632565,train,2026,weighted,False
ISPY2-209397_z019,ISPY2-209397,4,0,spy2,0.26326433,train,2026,weighted,False
ISPY2-209397_z020,ISPY2-209397,4,0,spy2,0.2633319,train,2026,weighted,False
ISPY2-209397_z021,ISPY2-209397,4,0,spy2,0.2634038,train,2026,weighted,False
ISPY2-209397_z022,ISPY2-209397,4,0,spy2,0.2634523,train,2026,weighted,False
ISPY2-209397_z023,ISPY2-209397,4,0,spy2,0.2634467,train,2026,weighted,False
ISPY2-209397_z024,ISPY2-209397,4,0,spy2,0.2635757,train,2026,weighted,False
ISPY2-209397_z025,ISPY2-209397,4,0,spy2,0.2637741,train,2026,weighted,False
ISPY2-209397_z026,ISPY2-209397,4,0,spy2,0.26385525,train,2026,weighted,False
ISPY2-797427_z001,ISPY2-797427,4,0,spy2,0.5525104,train,2026,weighted,False
ISPY2-797427_z002,ISPY2-797427,4,0,spy2,0.5564539,train,2026,weighted,False
ISPY2-797427_z003,ISPY2-797427,4,0,spy2,0.57196015,train,2026,weighted,False
ISPY2-797427_z004,ISPY2-797427,4,0,spy2,0.5833939,train,2026,weighted,False
ISPY2-797427_z005,ISPY2-797427,4,0,spy2,0.5806419,train,2026,weighted,False
ISPY2-797427_z006,ISPY2-797427,4,0,spy2,0.5790992,train,2026,weighted,False
ISPY2-797427_z007,ISPY2-797427,4,0,spy2,0.57776767,train,2026,weighted,False
ISPY2-797427_z008,ISPY2-797427,4,0,spy2,0.5802019,train,2026,weighted,False
ISPY2-797427_z009,ISPY2-797427,4,0,spy2,0.58075327,train,2026,weighted,False
ISPY2-797427_z010,ISPY2-797427,4,0,spy2,0.582384,train,2026,weighted,False
ACRIN-6698-690089_z005,ACRIN-6698-690089,4,0,spy2,0.6193433,train,2026,weighted,False
ACRIN-6698-690089_z006,ACRIN-6698-690089,4,0,spy2,0.6186496,train,2026,weighted,False
ACRIN-6698-690089_z007,ACRIN-6698-690089,4,0,spy2,0.6194132,train,2026,weighted,False
ACRIN-6698-690089_z008,ACRIN-6698-690089,4,0,spy2,0.6252236,train,2026,weighted,False
ACRIN-6698-690089_z009,ACRIN-6698-690089,4,0,spy2,0.62699956,train,2026,weighted,False
ACRIN-6698-690089_z010,ACRIN-6698-690089,4,0,spy2,0.6316802,train,2026,weighted,False
ACRIN-6698-690089_z011,ACRIN-6698-690089,4,0,spy2,0.6256887,train,2026,weighted,False
ACRIN-6698-690089_z012,ACRIN-6698-690089,4,0,spy2,0.6290943,train,2026,weighted,False
ACRIN-6698-690089_z013,ACRIN-6698-690089,4,0,spy2,0.63276845,train,2026,weighted,False
ACRIN-6698-690089_z014,ACRIN-6698-690089,4,0,spy2,0.6322473,train,2026,weighted,False
ISPY2-491526_z020,ISPY2-491526,4,0,spy2,0.20349257,train,2026,weighted,False
ISPY2-491526_z021,ISPY2-491526,4,0,spy2,0.20356856,train,2026,weighted,False
ISPY2-491526_z022,ISPY2-491526,4,0,spy2,0.2035635,train,2026,weighted,False
ISPY2-491526_z023,ISPY2-491526,4,0,spy2,0.20347004,train,2026,weighted,False
ISPY2-491526_z024,ISPY2-491526,4,0,spy2,0.20347258,train,2026,weighted,False
ISPY2-491526_z025,ISPY2-491526,4,0,spy2,0.20347595,train,2026,weighted,False
ISPY2-491526_z026,ISPY2-491526,4,0,spy2,0.2032617,train,2026,weighted,False
ISPY2-491526_z027,ISPY2-491526,4,0,spy2,0.20315985,train,2026,weighted,False
ISPY2-491526_z028,ISPY2-491526,4,0,spy2,0.20314382,train,2026,weighted,False
ISPY2-491526_z029,ISPY2-491526,4,0,spy2,0.20326917,train,2026,weighted,False
ISPY2-377460_z021,ISPY2-377460,4,1,spy2,0.855072,train,2026,weighted,False
ISPY2-377460_z022,ISPY2-377460,4,1,spy2,0.8551128,train,2026,weighted,False
ISPY2-377460_z024,ISPY2-377460,4,1,spy2,0.8547779,train,2026,weighted,False
ISPY2-377460_z025,ISPY2-377460,4,1,spy2,0.85465693,train,2026,weighted,False
ISPY2-377460_z026,ISPY2-377460,4,1,spy2,0.8542717,train,2026,weighted,False
ISPY2-377460_z027,ISPY2-377460,4,1,spy2,0.85390157,train,2026,weighted,False
ISPY2-377460_z028,ISPY2-377460,4,1,spy2,0.854099,train,2026,weighted,False
ISPY2-377460_z030,ISPY2-377460,4,1,spy2,0.8539273,train,2026,weighted,False
ISPY2-377460_z031,ISPY2-377460,4,1,spy2,0.853767,train,2026,weighted,False
ISPY2-377460_z032,ISPY2-377460,4,1,spy2,0.8533355,train,2026,weighted,False
ISPY2-151980_z015,ISPY2-151980,4,1,spy2,0.2901025,train,2026,weighted,False
ISPY2-151980_z016,ISPY2-151980,4,1,spy2,0.29178727,train,2026,weighted,False
ISPY2-151980_z017,ISPY2-151980,4,1,spy2,0.29227054,train,2026,weighted,False
ISPY2-151980_z018,ISPY2-151980,4,1,spy2,0.29210895,train,2026,weighted,False
ISPY2-151980_z019,ISPY2-151980,4,1,spy2,0.29249844,train,2026,weighted,False
ISPY2-151980_z020,ISPY2-151980,4,1,spy2,0.29338878,train,2026,weighted,False
ISPY2-151980_z021,ISPY2-151980,4,1,spy2,0.29457024,train,2026,weighted,False
ISPY2-151980_z022,ISPY2-151980,4,1,spy2,0.2954129,train,2026,weighted,False
ISPY2-151980_z023,ISPY2-151980,4,1,spy2,0.2959129,train,2026,weighted,False
ISPY2-151980_z024,ISPY2-151980,4,1,spy2,0.2965533,train,2026,weighted,False
ACRIN-6698-115987_z008,ACRIN-6698-115987,4,0,spy2,0.59908605,train,2026,weighted,False
ACRIN-6698-115987_z011,ACRIN-6698-115987,4,0,spy2,0.60573846,train,2026,weighted,False
ACRIN-6698-115987_z012,ACRIN-6698-115987,4,0,spy2,0.6117772,train,2026,weighted,False
ACRIN-6698-115987_z013,ACRIN-6698-115987,4,0,spy2,0.6190392,train,2026,weighted,False
ACRIN-6698-115987_z014,ACRIN-6698-115987,4,0,spy2,0.62471163,train,2026,weighted,False
ACRIN-6698-115987_z015,ACRIN-6698-115987,4,0,spy2,0.6245304,train,2026,weighted,False
ACRIN-6698-115987_z016,ACRIN-6698-115987,4,0,spy2,0.6242951,train,2026,weighted,False
ACRIN-6698-115987_z017,ACRIN-6698-115987,4,0,spy2,0.62535447,train,2026,weighted,False
ACRIN-6698-115987_z018,ACRIN-6698-115987,4,0,spy2,0.6230784,train,2026,weighted,False
ACRIN-6698-115987_z019,ACRIN-6698-115987,4,0,spy2,0.6251279,train,2026,weighted,False
ISPY2-114087_z005,ISPY2-114087,4,0,spy2,0.28125605,train,2026,weighted,False
ISPY2-114087_z006,ISPY2-114087,4,0,spy2,0.28074378,train,2026,weighted,False
ISPY2-114087_z007,ISPY2-114087,4,0,spy2,0.28061512,train,2026,weighted,False
ISPY2-114087_z008,ISPY2-114087,4,0,spy2,0.28062248,train,2026,weighted,False
ISPY2-114087_z009,ISPY2-114087,4,0,spy2,0.28055993,train,2026,weighted,False
ISPY2-114087_z010,ISPY2-114087,4,0,spy2,0.2806423,train,2026,weighted,False
ISPY2-114087_z011,ISPY2-114087,4,0,spy2,0.28076777,train,2026,weighted,False
ISPY2-114087_z012,ISPY2-114087,4,0,spy2,0.28108788,train,2026,weighted,False
ISPY2-114087_z013,ISPY2-114087,4,0,spy2,0.28112638,train,2026,weighted,False
ISPY2-114087_z014,ISPY2-114087,4,0,spy2,0.28118438,train,2026,weighted,False
ISPY2-414286_z019,ISPY2-414286,4,0,spy2,0.18916292,train,2026,weighted,False
ISPY2-414286_z020,ISPY2-414286,4,0,spy2,0.18902808,train,2026,weighted,False
ISPY2-414286_z021,ISPY2-414286,4,0,spy2,0.18915628,train,2026,weighted,False
ISPY2-414286_z022,ISPY2-414286,4,0,spy2,0.18940409,train,2026,weighted,False
ISPY2-414286_z023,ISPY2-414286,4,0,spy2,0.1894963,train,2026,weighted,False
ISPY2-414286_z024,ISPY2-414286,4,0,spy2,0.18952699,train,2026,weighted,False
ISPY2-414286_z025,ISPY2-414286,4,0,spy2,0.18918036,train,2026,weighted,False
ISPY2-414286_z026,ISPY2-414286,4,0,spy2,0.18874529,train,2026,weighted,False
ISPY2-414286_z032,ISPY2-414286,4,0,spy2,0.18995552,train,2026,weighted,False
ISPY2-414286_z033,ISPY2-414286,4,0,spy2,0.19005907,train,2026,weighted,False
ISPY2-462605_z017,ISPY2-462605,4,1,spy2,0.7655427,train,2026,weighted,False
ISPY2-462605_z018,ISPY2-462605,4,1,spy2,0.7687036,train,2026,weighted,False
ISPY2-462605_z019,ISPY2-462605,4,1,spy2,0.77244097,train,2026,weighted,False
ISPY2-462605_z020,ISPY2-462605,4,1,spy2,0.77640337,train,2026,weighted,False
ISPY2-462605_z021,ISPY2-462605,4,1,spy2,0.78046644,train,2026,weighted,False
ISPY2-462605_z024,ISPY2-462605,4,1,spy2,0.7871908,train,2026,weighted,False
ISPY2-462605_z025,ISPY2-462605,4,1,spy2,0.79023653,train,2026,weighted,False
ISPY2-462605_z026,ISPY2-462605,4,1,spy2,0.79411346,train,2026,weighted,False
ISPY2-462605_z027,ISPY2-462605,4,1,spy2,0.79551435,train,2026,weighted,False
ISPY2-462605_z028,ISPY2-462605,4,1,spy2,0.797362,train,2026,weighted,False
ISPY2-442669_z007,ISPY2-442669,4,0,spy2,0.5670899,train,2026,weighted,False
ISPY2-442669_z008,ISPY2-442669,4,0,spy2,0.5673658,train,2026,weighted,False
ISPY2-442669_z009,ISPY2-442669,4,0,spy2,0.56769764,train,2026,weighted,False
ISPY2-442669_z010,ISPY2-442669,4,0,spy2,0.5679691,train,2026,weighted,False
ISPY2-442669_z011,ISPY2-442669,4,0,spy2,0.56779945,train,2026,weighted,False
ISPY2-442669_z012,ISPY2-442669,4,0,spy2,0.5676939,train,2026,weighted,False
ISPY2-442669_z013,ISPY2-442669,4,0,spy2,0.56799877,train,2026,weighted,False
ISPY2-442669_z014,ISPY2-442669,4,0,spy2,0.56805307,train,2026,weighted,False
ISPY2-442669_z015,ISPY2-442669,4,0,spy2,0.5677165,train,2026,weighted,False
ISPY2-442669_z016,ISPY2-442669,4,0,spy2,0.5682444,train,2026,weighted,False
ISPY2-147139_z022,ISPY2-147139,4,1,spy2,0.5417826,train,2026,weighted,False
ISPY2-147139_z023,ISPY2-147139,4,1,spy2,0.541077,train,2026,weighted,False
ISPY2-147139_z024,ISPY2-147139,4,1,spy2,0.54011184,train,2026,weighted,False
ISPY2-147139_z025,ISPY2-147139,4,1,spy2,0.5401302,train,2026,weighted,False
ISPY2-147139_z026,ISPY2-147139,4,1,spy2,0.5408608,train,2026,weighted,False
ISPY2-147139_z027,ISPY2-147139,4,1,spy2,0.54172224,train,2026,weighted,False
ISPY2-147139_z028,ISPY2-147139,4,1,spy2,0.5423378,train,2026,weighted,False
ISPY2-147139_z029,ISPY2-147139,4,1,spy2,0.54234874,train,2026,weighted,False
ISPY2-147139_z030,ISPY2-147139,4,1,spy2,0.54227424,train,2026,weighted,False
ISPY2-147139_z036,ISPY2-147139,4,1,spy2,0.54252774,train,2026,weighted,False
ACRIN-6698-860243_z017,ACRIN-6698-860243,4,0,spy2,0.18993291,train,2026,weighted,False
ACRIN-6698-860243_z018,ACRIN-6698-860243,4,0,spy2,0.19010842,train,2026,weighted,False
ACRIN-6698-860243_z019,ACRIN-6698-860243,4,0,spy2,0.19139418,train,2026,weighted,False
ACRIN-6698-860243_z020,ACRIN-6698-860243,4,0,spy2,0.19165093,train,2026,weighted,False
ACRIN-6698-860243_z021,ACRIN-6698-860243,4,0,spy2,0.19170727,train,2026,weighted,False
ACRIN-6698-860243_z022,ACRIN-6698-860243,4,0,spy2,0.19230634,train,2026,weighted,False
ACRIN-6698-860243_z023,ACRIN-6698-860243,4,0,spy2,0.19513468,train,2026,weighted,False
ACRIN-6698-860243_z024,ACRIN-6698-860243,4,0,spy2,0.1969272,train,2026,weighted,False
ACRIN-6698-860243_z025,ACRIN-6698-860243,4,0,spy2,0.19776867,train,2026,weighted,False
ACRIN-6698-860243_z026,ACRIN-6698-860243,4,0,spy2,0.19431254,train,2026,weighted,False
ISPY2-248255_z011,ISPY2-248255,4,0,spy2,0.3965506,train,2026,weighted,False
ISPY2-248255_z012,ISPY2-248255,4,0,spy2,0.39816678,train,2026,weighted,False
ISPY2-248255_z013,ISPY2-248255,4,0,spy2,0.39871484,train,2026,weighted,False
ISPY2-248255_z014,ISPY2-248255,4,0,spy2,0.39882874,train,2026,weighted,False
ISPY2-248255_z015,ISPY2-248255,4,0,spy2,0.39868352,train,2026,weighted,False
ISPY2-248255_z016,ISPY2-248255,4,0,spy2,0.39811236,train,2026,weighted,False
ISPY2-248255_z017,ISPY2-248255,4,0,spy2,0.39823234,train,2026,weighted,False
ISPY2-248255_z018,ISPY2-248255,4,0,spy2,0.39894152,train,2026,weighted,False
ISPY2-248255_z019,ISPY2-248255,4,0,spy2,0.39980295,train,2026,weighted,False
ISPY2-248255_z020,ISPY2-248255,4,0,spy2,0.40034258,train,2026,weighted,False
ACRIN-6698-771443_z028,ACRIN-6698-771443,4,0,spy2,0.40392548,train,2026,weighted,False
ACRIN-6698-771443_z029,ACRIN-6698-771443,4,0,spy2,0.41624993,train,2026,weighted,False
ACRIN-6698-771443_z030,ACRIN-6698-771443,4,0,spy2,0.42644542,train,2026,weighted,False
ACRIN-6698-771443_z031,ACRIN-6698-771443,4,0,spy2,0.4346093,train,2026,weighted,False
ACRIN-6698-771443_z032,ACRIN-6698-771443,4,0,spy2,0.43977007,train,2026,weighted,False
ACRIN-6698-771443_z033,ACRIN-6698-771443,4,0,spy2,0.44051808,train,2026,weighted,False
ACRIN-6698-771443_z034,ACRIN-6698-771443,4,0,spy2,0.44080508,train,2026,weighted,False
ACRIN-6698-771443_z035,ACRIN-6698-771443,4,0,spy2,0.44130176,train,2026,weighted,False
ACRIN-6698-771443_z036,ACRIN-6698-771443,4,0,spy2,0.44128644,train,2026,weighted,False
ACRIN-6698-771443_z037,ACRIN-6698-771443,4,0,spy2,0.44139928,train,2026,weighted,False
ISPY2-781335_z039,ISPY2-781335,4,0,spy2,0.3583679,train,2026,weighted,False
ISPY2-781335_z040,ISPY2-781335,4,0,spy2,0.35856348,train,2026,weighted,False
ISPY2-781335_z041,ISPY2-781335,4,0,spy2,0.35873345,train,2026,weighted,False
ISPY2-781335_z042,ISPY2-781335,4,0,spy2,0.35889482,train,2026,weighted,False
ISPY2-781335_z043,ISPY2-781335,4,0,spy2,0.3591281,train,2026,weighted,False
ISPY2-781335_z044,ISPY2-781335,4,0,spy2,0.35945424,train,2026,weighted,False
ISPY2-781335_z045,ISPY2-781335,4,0,spy2,0.3592732,train,2026,weighted,False
ISPY2-781335_z046,ISPY2-781335,4,0,spy2,0.35921925,train,2026,weighted,False
ISPY2-781335_z047,ISPY2-781335,4,0,spy2,0.35929596,train,2026,weighted,False
ISPY2-781335_z049,ISPY2-781335,4,0,spy2,0.35940817,train,2026,weighted,False
ISPY2-910706_z013,ISPY2-910706,4,1,spy2,0.5930618,train,2026,weighted,False
ISPY2-910706_z014,ISPY2-910706,4,1,spy2,0.5938911,train,2026,weighted,False
ISPY2-910706_z015,ISPY2-910706,4,1,spy2,0.59405434,train,2026,weighted,False
ISPY2-910706_z016,ISPY2-910706,4,1,spy2,0.59419304,train,2026,weighted,False
ISPY2-910706_z017,ISPY2-910706,4,1,spy2,0.59500444,train,2026,weighted,False
ISPY2-910706_z018,ISPY2-910706,4,1,spy2,0.5954139,train,2026,weighted,False
ISPY2-910706_z019,ISPY2-910706,4,1,spy2,0.59548753,train,2026,weighted,False
ISPY2-910706_z020,ISPY2-910706,4,1,spy2,0.5955423,train,2026,weighted,False
ISPY2-910706_z021,ISPY2-910706,4,1,spy2,0.5955661,train,2026,weighted,False
ISPY2-910706_z022,ISPY2-910706,4,1,spy2,0.59543663,train,2026,weighted,False
ISPY2-553012_z000,ISPY2-553012,4,0,spy2,0.29460698,train,2026,weighted,False
ISPY2-553012_z001,ISPY2-553012,4,0,spy2,0.29819366,train,2026,weighted,False
ISPY2-553012_z002,ISPY2-553012,4,0,spy2,0.3028791,train,2026,weighted,False
ISPY2-553012_z003,ISPY2-553012,4,0,spy2,0.3063015,train,2026,weighted,False
ISPY2-553012_z004,ISPY2-553012,4,0,spy2,0.31366962,train,2026,weighted,False
ISPY2-159352_z013,ISPY2-159352,4,0,spy2,0.48131555,train,2026,weighted,False
ISPY2-159352_z014,ISPY2-159352,4,0,spy2,0.48110333,train,2026,weighted,False
ISPY2-159352_z015,ISPY2-159352,4,0,spy2,0.48121792,train,2026,weighted,False
ISPY2-159352_z016,ISPY2-159352,4,0,spy2,0.48104495,train,2026,weighted,False
ISPY2-159352_z017,ISPY2-159352,4,0,spy2,0.48096034,train,2026,weighted,False
ISPY2-159352_z018,ISPY2-159352,4,0,spy2,0.48080382,train,2026,weighted,False
ISPY2-159352_z019,ISPY2-159352,4,0,spy2,0.48073477,train,2026,weighted,False
ISPY2-159352_z020,ISPY2-159352,4,0,spy2,0.48063692,train,2026,weighted,False
ISPY2-159352_z021,ISPY2-159352,4,0,spy2,0.47985026,train,2026,weighted,False
ISPY2-159352_z024,ISPY2-159352,4,0,spy2,0.47758996,train,2026,weighted,False
ISPY2-712276_z004,ISPY2-712276,4,1,spy2,0.20627034,train,2026,weighted,False
ISPY2-712276_z005,ISPY2-712276,4,1,spy2,0.20332119,train,2026,weighted,False
ISPY2-712276_z006,ISPY2-712276,4,1,spy2,0.20185073,train,2026,weighted,False
ISPY2-712276_z007,ISPY2-712276,4,1,spy2,0.20232655,train,2026,weighted,False
ISPY2-712276_z008,ISPY2-712276,4,1,spy2,0.20379995,train,2026,weighted,False
ISPY2-712276_z009,ISPY2-712276,4,1,spy2,0.20593132,train,2026,weighted,False
ISPY2-712276_z010,ISPY2-712276,4,1,spy2,0.2116731,train,2026,weighted,False
ISPY2-712276_z011,ISPY2-712276,4,1,spy2,0.2189422,train,2026,weighted,False
ISPY2-712276_z012,ISPY2-712276,4,1,spy2,0.22444378,train,2026,weighted,False
ISPY2-712276_z013,ISPY2-712276,4,1,spy2,0.22597593,train,2026,weighted,False
ISPY2-350331_z024,ISPY2-350331,4,0,spy2,0.74392754,train,2026,weighted,False
ISPY2-350331_z025,ISPY2-350331,4,0,spy2,0.74243253,train,2026,weighted,False
ISPY2-350331_z026,ISPY2-350331,4,0,spy2,0.74150175,train,2026,weighted,False
ISPY2-350331_z027,ISPY2-350331,4,0,spy2,0.7410889,train,2026,weighted,False
ISPY2-350331_z028,ISPY2-350331,4,0,spy2,0.7403689,train,2026,weighted,False
ISPY2-350331_z029,ISPY2-350331,4,0,spy2,0.7400423,train,2026,weighted,False
ISPY2-350331_z030,ISPY2-350331,4,0,spy2,0.7395346,train,2026,weighted,False
ISPY2-350331_z031,ISPY2-350331,4,0,spy2,0.7391542,train,2026,weighted,False
ISPY2-350331_z032,ISPY2-350331,4,0,spy2,0.7388132,train,2026,weighted,False
ISPY2-350331_z033,ISPY2-350331,4,0,spy2,0.7390965,train,2026,weighted,False
ISPY2-535779_z028,ISPY2-535779,4,0,spy2,0.56732905,train,2026,weighted,False
ISPY2-535779_z029,ISPY2-535779,4,0,spy2,0.56736183,train,2026,weighted,False
ISPY2-535779_z030,ISPY2-535779,4,0,spy2,0.5674954,train,2026,weighted,False
ISPY2-535779_z031,ISPY2-535779,4,0,spy2,0.56766266,train,2026,weighted,False
ISPY2-535779_z032,ISPY2-535779,4,0,spy2,0.56755555,train,2026,weighted,False
ISPY2-535779_z033,ISPY2-535779,4,0,spy2,0.5668944,train,2026,weighted,False
ISPY2-535779_z034,ISPY2-535779,4,0,spy2,0.5661119,train,2026,weighted,False
ISPY2-535779_z035,ISPY2-535779,4,0,spy2,0.5655342,train,2026,weighted,False
ISPY2-535779_z036,ISPY2-535779,4,0,spy2,0.5651198,train,2026,weighted,False
ISPY2-535779_z037,ISPY2-535779,4,0,spy2,0.565042,train,2026,weighted,False
ACRIN-6698-263143_z036,ACRIN-6698-263143,4,0,spy2,0.60593337,train,2026,weighted,False
ACRIN-6698-263143_z037,ACRIN-6698-263143,4,0,spy2,0.61420834,train,2026,weighted,False
ACRIN-6698-263143_z038,ACRIN-6698-263143,4,0,spy2,0.62691116,train,2026,weighted,False
ACRIN-6698-263143_z039,ACRIN-6698-263143,4,0,spy2,0.6358095,train,2026,weighted,False
ACRIN-6698-263143_z040,ACRIN-6698-263143,4,0,spy2,0.6513783,train,2026,weighted,False
ACRIN-6698-263143_z041,ACRIN-6698-263143,4,0,spy2,0.67519593,train,2026,weighted,False
ACRIN-6698-263143_z042,ACRIN-6698-263143,4,0,spy2,0.6799555,train,2026,weighted,False
ACRIN-6698-263143_z043,ACRIN-6698-263143,4,0,spy2,0.6774291,train,2026,weighted,False
ACRIN-6698-263143_z044,ACRIN-6698-263143,4,0,spy2,0.675795,train,2026,weighted,False
ACRIN-6698-263143_z045,ACRIN-6698-263143,4,0,spy2,0.67125523,train,2026,weighted,False
ISPY2-791944_z010,ISPY2-791944,4,0,spy2,0.50461155,train,2026,weighted,False
ISPY2-791944_z012,ISPY2-791944,4,0,spy2,0.49599326,train,2026,weighted,False
ISPY2-791944_z013,ISPY2-791944,4,0,spy2,0.4956897,train,2026,weighted,False
ISPY2-791944_z014,ISPY2-791944,4,0,spy2,0.49515453,train,2026,weighted,False
ISPY2-791944_z015,ISPY2-791944,4,0,spy2,0.4965073,train,2026,weighted,False
ISPY2-791944_z016,ISPY2-791944,4,0,spy2,0.4980722,train,2026,weighted,False
ISPY2-791944_z017,ISPY2-791944,4,0,spy2,0.5014501,train,2026,weighted,False
ISPY2-791944_z018,ISPY2-791944,4,0,spy2,0.5021584,train,2026,weighted,False
ISPY2-791944_z019,ISPY2-791944,4,0,spy2,0.50220585,train,2026,weighted,False
ISPY2-791944_z020,ISPY2-791944,4,0,spy2,0.50498426,train,2026,weighted,False
ACRIN-6698-629606_z021,ACRIN-6698-629606,4,0,spy2,0.6270773,train,2026,weighted,False
ACRIN-6698-629606_z022,ACRIN-6698-629606,4,0,spy2,0.6272342,train,2026,weighted,False
ACRIN-6698-629606_z023,ACRIN-6698-629606,4,0,spy2,0.6273136,train,2026,weighted,False
ACRIN-6698-629606_z024,ACRIN-6698-629606,4,0,spy2,0.6273888,train,2026,weighted,False
ACRIN-6698-629606_z025,ACRIN-6698-629606,4,0,spy2,0.6274212,train,2026,weighted,False
ACRIN-6698-629606_z028,ACRIN-6698-629606,4,0,spy2,0.6271236,train,2026,weighted,False
ACRIN-6698-629606_z029,ACRIN-6698-629606,4,0,spy2,0.62712276,train,2026,weighted,False
ACRIN-6698-629606_z030,ACRIN-6698-629606,4,0,spy2,0.6268101,train,2026,weighted,False
ACRIN-6698-629606_z031,ACRIN-6698-629606,4,0,spy2,0.6268177,train,2026,weighted,False
ACRIN-6698-629606_z032,ACRIN-6698-629606,4,0,spy2,0.62697434,train,2026,weighted,False
ACRIN-6698-209967_z008,ACRIN-6698-209967,4,0,spy2,0.2886945,train,2026,weighted,False
ACRIN-6698-209967_z009,ACRIN-6698-209967,4,0,spy2,0.28864038,train,2026,weighted,False
ACRIN-6698-209967_z010,ACRIN-6698-209967,4,0,spy2,0.29276708,train,2026,weighted,False
ACRIN-6698-209967_z011,ACRIN-6698-209967,4,0,spy2,0.2922064,train,2026,weighted,False
ACRIN-6698-209967_z012,ACRIN-6698-209967,4,0,spy2,0.29857183,train,2026,weighted,False
ACRIN-6698-209967_z013,ACRIN-6698-209967,4,0,spy2,0.29755813,train,2026,weighted,False
ACRIN-6698-209967_z014,ACRIN-6698-209967,4,0,spy2,0.30086777,train,2026,weighted,False
ACRIN-6698-209967_z015,ACRIN-6698-209967,4,0,spy2,0.3042665,train,2026,weighted,False
ACRIN-6698-209967_z016,ACRIN-6698-209967,4,0,spy2,0.3065957,train,2026,weighted,False
ACRIN-6698-209967_z017,ACRIN-6698-209967,4,0,spy2,0.30779228,train,2026,weighted,False
ISPY2-264678_z017,ISPY2-264678,4,0,spy2,0.33854783,train,2026,weighted,False
ISPY2-264678_z018,ISPY2-264678,4,0,spy2,0.3393052,train,2026,weighted,False
ISPY2-264678_z019,ISPY2-264678,4,0,spy2,0.3399629,train,2026,weighted,False
ISPY2-264678_z020,ISPY2-264678,4,0,spy2,0.34077507,train,2026,weighted,False
ISPY2-264678_z021,ISPY2-264678,4,0,spy2,0.34100255,train,2026,weighted,False
ISPY2-264678_z022,ISPY2-264678,4,0,spy2,0.3410923,train,2026,weighted,False
ISPY2-264678_z026,ISPY2-264678,4,0,spy2,0.34187794,train,2026,weighted,False
ISPY2-264678_z027,ISPY2-264678,4,0,spy2,0.34165207,train,2026,weighted,False
ISPY2-264678_z029,ISPY2-264678,4,0,spy2,0.33920893,train,2026,weighted,False
ISPY2-264678_z030,ISPY2-264678,4,0,spy2,0.33752936,train,2026,weighted,False
ISPY2-235995_z004,ISPY2-235995,4,1,spy2,0.5632482,train,2026,weighted,False
ISPY2-235995_z005,ISPY2-235995,4,1,spy2,0.5633717,train,2026,weighted,False
ISPY2-235995_z006,ISPY2-235995,4,1,spy2,0.56324637,train,2026,weighted,False
ISPY2-235995_z007,ISPY2-235995,4,1,spy2,0.5631542,train,2026,weighted,False
ISPY2-235995_z008,ISPY2-235995,4,1,spy2,0.5633275,train,2026,weighted,False
ISPY2-235995_z009,ISPY2-235995,4,1,spy2,0.5634099,train,2026,weighted,False
ISPY2-235995_z011,ISPY2-235995,4,1,spy2,0.56359583,train,2026,weighted,False
ISPY2-235995_z012,ISPY2-235995,4,1,spy2,0.5635533,train,2026,weighted,False
ISPY2-235995_z013,ISPY2-235995,4,1,spy2,0.56362087,train,2026,weighted,False
ISPY2-235995_z014,ISPY2-235995,4,1,spy2,0.5636287,train,2026,weighted,False
ISPY2-624777_z014,ISPY2-624777,4,0,spy2,0.58461523,train,2026,weighted,False
ISPY2-624777_z015,ISPY2-624777,4,0,spy2,0.5787828,train,2026,weighted,False
ISPY2-624777_z016,ISPY2-624777,4,0,spy2,0.56673115,train,2026,weighted,False
ISPY2-624777_z018,ISPY2-624777,4,0,spy2,0.5586039,train,2026,weighted,False
ISPY2-624777_z019,ISPY2-624777,4,0,spy2,0.55955803,train,2026,weighted,False
ISPY2-624777_z020,ISPY2-624777,4,0,spy2,0.5610638,train,2026,weighted,False
ISPY2-624777_z021,ISPY2-624777,4,0,spy2,0.56650645,train,2026,weighted,False
ISPY2-624777_z022,ISPY2-624777,4,0,spy2,0.5696753,train,2026,weighted,False
ISPY2-624777_z023,ISPY2-624777,4,0,spy2,0.570581,train,2026,weighted,False
ISPY2-624777_z024,ISPY2-624777,4,0,spy2,0.5772842,train,2026,weighted,False
ISPY2-411684_z023,ISPY2-411684,4,0,spy2,0.601089,train,2026,weighted,False
ISPY2-411684_z024,ISPY2-411684,4,0,spy2,0.6011153,train,2026,weighted,False
ISPY2-411684_z025,ISPY2-411684,4,0,spy2,0.6010463,train,2026,weighted,False
ISPY2-411684_z026,ISPY2-411684,4,0,spy2,0.6010667,train,2026,weighted,False
ISPY2-411684_z027,ISPY2-411684,4,0,spy2,0.6013055,train,2026,weighted,False
ISPY2-411684_z028,ISPY2-411684,4,0,spy2,0.6014396,train,2026,weighted,False
ISPY2-411684_z029,ISPY2-411684,4,0,spy2,0.60128015,train,2026,weighted,False
ISPY2-411684_z030,ISPY2-411684,4,0,spy2,0.6012997,train,2026,weighted,False
ISPY2-411684_z031,ISPY2-411684,4,0,spy2,0.6013256,train,2026,weighted,False
ISPY2-411684_z032,ISPY2-411684,4,0,spy2,0.6012636,train,2026,weighted,False
ACRIN-6698-755914_z013,ACRIN-6698-755914,4,1,spy2,0.6611776,train,2026,weighted,False
ACRIN-6698-755914_z014,ACRIN-6698-755914,4,1,spy2,0.6610327,train,2026,weighted,False
ACRIN-6698-755914_z016,ACRIN-6698-755914,4,1,spy2,0.6611574,train,2026,weighted,False
ACRIN-6698-755914_z018,ACRIN-6698-755914,4,1,spy2,0.6616575,train,2026,weighted,False
ACRIN-6698-755914_z019,ACRIN-6698-755914,4,1,spy2,0.66165566,train,2026,weighted,False
ACRIN-6698-755914_z020,ACRIN-6698-755914,4,1,spy2,0.6615866,train,2026,weighted,False
ACRIN-6698-755914_z021,ACRIN-6698-755914,4,1,spy2,0.66166234,train,2026,weighted,False
ACRIN-6698-755914_z022,ACRIN-6698-755914,4,1,spy2,0.6618582,train,2026,weighted,False
ACRIN-6698-755914_z023,ACRIN-6698-755914,4,1,spy2,0.6618738,train,2026,weighted,False
ACRIN-6698-755914_z024,ACRIN-6698-755914,4,1,spy2,0.6620755,train,2026,weighted,False
ISPY2-727804_z007,ISPY2-727804,4,1,spy2,0.5776825,train,2026,weighted,False
ISPY2-727804_z008,ISPY2-727804,4,1,spy2,0.57768655,train,2026,weighted,False
ISPY2-727804_z009,ISPY2-727804,4,1,spy2,0.5777971,train,2026,weighted,False
ISPY2-727804_z010,ISPY2-727804,4,1,spy2,0.5777978,train,2026,weighted,False
ISPY2-727804_z011,ISPY2-727804,4,1,spy2,0.5777433,train,2026,weighted,False
ISPY2-727804_z012,ISPY2-727804,4,1,spy2,0.57748985,train,2026,weighted,False
ISPY2-727804_z013,ISPY2-727804,4,1,spy2,0.5773853,train,2026,weighted,False
ISPY2-727804_z014,ISPY2-727804,4,1,spy2,0.57710713,train,2026,weighted,False
ISPY2-727804_z015,ISPY2-727804,4,1,spy2,0.5773119,train,2026,weighted,False
ISPY2-727804_z016,ISPY2-727804,4,1,spy2,0.5774301,train,2026,weighted,False
ISPY2-273745_z021,ISPY2-273745,4,0,spy2,0.30795693,train,2026,weighted,False
ISPY2-273745_z022,ISPY2-273745,4,0,spy2,0.30804953,train,2026,weighted,False
ISPY2-273745_z023,ISPY2-273745,4,0,spy2,0.30809972,train,2026,weighted,False
ISPY2-273745_z024,ISPY2-273745,4,0,spy2,0.308087,train,2026,weighted,False
ISPY2-273745_z025,ISPY2-273745,4,0,spy2,0.30802825,train,2026,weighted,False
ISPY2-273745_z026,ISPY2-273745,4,0,spy2,0.30784303,train,2026,weighted,False
ISPY2-273745_z027,ISPY2-273745,4,0,spy2,0.30775127,train,2026,weighted,False
ISPY2-273745_z028,ISPY2-273745,4,0,spy2,0.30780274,train,2026,weighted,False
ISPY2-273745_z029,ISPY2-273745,4,0,spy2,0.30780396,train,2026,weighted,False
ISPY2-273745_z030,ISPY2-273745,4,0,spy2,0.30770358,train,2026,weighted,False
ISPY2-705381_z019,ISPY2-705381,4,1,spy2,0.52008015,train,2026,weighted,False
ISPY2-705381_z020,ISPY2-705381,4,1,spy2,0.51996726,train,2026,weighted,False
ISPY2-705381_z024,ISPY2-705381,4,1,spy2,0.5190048,train,2026,weighted,False
ISPY2-705381_z025,ISPY2-705381,4,1,spy2,0.5188099,train,2026,weighted,False
ISPY2-705381_z029,ISPY2-705381,4,1,spy2,0.5170908,train,2026,weighted,False
ISPY2-705381_z030,ISPY2-705381,4,1,spy2,0.51672554,train,2026,weighted,False
ISPY2-705381_z031,ISPY2-705381,4,1,spy2,0.51663244,train,2026,weighted,False
ISPY2-705381_z032,ISPY2-705381,4,1,spy2,0.51656586,train,2026,weighted,False
ISPY2-705381_z033,ISPY2-705381,4,1,spy2,0.5166726,train,2026,weighted,False
ISPY2-705381_z034,ISPY2-705381,4,1,spy2,0.5171176,train,2026,weighted,False
ISPY2-386664_z012,ISPY2-386664,4,0,spy2,0.14307629,train,2026,weighted,False
ISPY2-386664_z013,ISPY2-386664,4,0,spy2,0.14302091,train,2026,weighted,False
ISPY2-386664_z014,ISPY2-386664,4,0,spy2,0.14349975,train,2026,weighted,False
ISPY2-386664_z015,ISPY2-386664,4,0,spy2,0.14225218,train,2026,weighted,False
ISPY2-386664_z016,ISPY2-386664,4,0,spy2,0.1395161,train,2026,weighted,False
ISPY2-386664_z017,ISPY2-386664,4,0,spy2,0.14057714,train,2026,weighted,False
ISPY2-386664_z018,ISPY2-386664,4,0,spy2,0.13731535,train,2026,weighted,False
ISPY2-386664_z019,ISPY2-386664,4,0,spy2,0.13433853,train,2026,weighted,False
ISPY2-386664_z020,ISPY2-386664,4,0,spy2,0.13597253,train,2026,weighted,False
ISPY2-386664_z021,ISPY2-386664,4,0,spy2,0.13677576,train,2026,weighted,False
ISPY2-651541_z005,ISPY2-651541,4,1,spy2,0.5683981,train,2026,weighted,False
ISPY2-651541_z006,ISPY2-651541,4,1,spy2,0.56957775,train,2026,weighted,False
ISPY2-651541_z007,ISPY2-651541,4,1,spy2,0.5698012,train,2026,weighted,False
ISPY2-651541_z008,ISPY2-651541,4,1,spy2,0.56973994,train,2026,weighted,False
ISPY2-651541_z009,ISPY2-651541,4,1,spy2,0.57005227,train,2026,weighted,False
ISPY2-651541_z010,ISPY2-651541,4,1,spy2,0.5701267,train,2026,weighted,False
ISPY2-651541_z011,ISPY2-651541,4,1,spy2,0.570416,train,2026,weighted,False
ISPY2-651541_z012,ISPY2-651541,4,1,spy2,0.57050574,train,2026,weighted,False
ISPY2-651541_z013,ISPY2-651541,4,1,spy2,0.57056886,train,2026,weighted,False
ISPY2-651541_z014,ISPY2-651541,4,1,spy2,0.57011086,train,2026,weighted,False
ISPY2-313672_z005,ISPY2-313672,4,0,spy2,0.18753387,train,2026,weighted,False
ISPY2-313672_z006,ISPY2-313672,4,0,spy2,0.18867987,train,2026,weighted,False
ISPY2-313672_z007,ISPY2-313672,4,0,spy2,0.18958148,train,2026,weighted,False
ISPY2-313672_z008,ISPY2-313672,4,0,spy2,0.19310144,train,2026,weighted,False
ISPY2-313672_z009,ISPY2-313672,4,0,spy2,0.1906365,train,2026,weighted,False
ISPY2-313672_z010,ISPY2-313672,4,0,spy2,0.18821833,train,2026,weighted,False
ISPY2-313672_z011,ISPY2-313672,4,0,spy2,0.18673702,train,2026,weighted,False
ISPY2-313672_z012,ISPY2-313672,4,0,spy2,0.1844749,train,2026,weighted,False
ISPY2-313672_z013,ISPY2-313672,4,0,spy2,0.18545364,train,2026,weighted,False
ISPY2-313672_z014,ISPY2-313672,4,0,spy2,0.18365142,train,2026,weighted,False
ISPY2-500826_z006,ISPY2-500826,4,0,spy2,0.1920266,train,2026,weighted,False
ISPY2-500826_z007,ISPY2-500826,4,0,spy2,0.19503425,train,2026,weighted,False
ISPY2-500826_z008,ISPY2-500826,4,0,spy2,0.19563504,train,2026,weighted,False
ISPY2-500826_z009,ISPY2-500826,4,0,spy2,0.1944501,train,2026,weighted,False
ISPY2-500826_z010,ISPY2-500826,4,0,spy2,0.19396915,train,2026,weighted,False
ISPY2-500826_z011,ISPY2-500826,4,0,spy2,0.19480117,train,2026,weighted,False
ISPY2-500826_z012,ISPY2-500826,4,0,spy2,0.19598709,train,2026,weighted,False
ISPY2-500826_z013,ISPY2-500826,4,0,spy2,0.19633406,train,2026,weighted,False
ISPY2-500826_z014,ISPY2-500826,4,0,spy2,0.19537413,train,2026,weighted,False
ISPY2-500826_z015,ISPY2-500826,4,0,spy2,0.19409572,train,2026,weighted,False
ISPY2-729270_z025,ISPY2-729270,4,1,spy2,0.80952084,train,2026,weighted,False
ISPY2-729270_z026,ISPY2-729270,4,1,spy2,0.80940884,train,2026,weighted,False
ISPY2-729270_z027,ISPY2-729270,4,1,spy2,0.80946255,train,2026,weighted,False
ISPY2-729270_z028,ISPY2-729270,4,1,spy2,0.8096895,train,2026,weighted,False
ISPY2-729270_z029,ISPY2-729270,4,1,spy2,0.8094439,train,2026,weighted,False
ISPY2-729270_z030,ISPY2-729270,4,1,spy2,0.80914,train,2026,weighted,False
ISPY2-729270_z031,ISPY2-729270,4,1,spy2,0.80887705,train,2026,weighted,False
ISPY2-729270_z032,ISPY2-729270,4,1,spy2,0.8087669,train,2026,weighted,False
ISPY2-729270_z033,ISPY2-729270,4,1,spy2,0.8086258,train,2026,weighted,False
ISPY2-729270_z034,ISPY2-729270,4,1,spy2,0.80836356,train,2026,weighted,False
ACRIN-6698-375954_z043,ACRIN-6698-375954,4,0,spy2,0.8236105,train,2026,weighted,False
ACRIN-6698-375954_z044,ACRIN-6698-375954,4,0,spy2,0.8259513,train,2026,weighted,False
ACRIN-6698-375954_z045,ACRIN-6698-375954,4,0,spy2,0.829143,train,2026,weighted,False
ACRIN-6698-375954_z046,ACRIN-6698-375954,4,0,spy2,0.83059996,train,2026,weighted,False
ACRIN-6698-375954_z047,ACRIN-6698-375954,4,0,spy2,0.8306566,train,2026,weighted,False
ACRIN-6698-375954_z053,ACRIN-6698-375954,4,0,spy2,0.82792604,train,2026,weighted,False
ACRIN-6698-375954_z067,ACRIN-6698-375954,4,0,spy2,0.8247215,train,2026,weighted,False
ACRIN-6698-375954_z068,ACRIN-6698-375954,4,0,spy2,0.8238662,train,2026,weighted,False
ACRIN-6698-375954_z069,ACRIN-6698-375954,4,0,spy2,0.82210475,train,2026,weighted,False
ACRIN-6698-375954_z070,ACRIN-6698-375954,4,0,spy2,0.8210613,train,2026,weighted,False
ISPY2-307659_z011,ISPY2-307659,4,0,spy2,0.5187009,train,2026,weighted,False
ISPY2-307659_z012,ISPY2-307659,4,0,spy2,0.517548,train,2026,weighted,False
ISPY2-307659_z013,ISPY2-307659,4,0,spy2,0.51572776,train,2026,weighted,False
ISPY2-307659_z014,ISPY2-307659,4,0,spy2,0.51380867,train,2026,weighted,False
ISPY2-307659_z015,ISPY2-307659,4,0,spy2,0.5127989,train,2026,weighted,False
ISPY2-307659_z016,ISPY2-307659,4,0,spy2,0.5148264,train,2026,weighted,False
ISPY2-307659_z017,ISPY2-307659,4,0,spy2,0.5176208,train,2026,weighted,False
ISPY2-307659_z018,ISPY2-307659,4,0,spy2,0.5193236,train,2026,weighted,False
ISPY2-307659_z019,ISPY2-307659,4,0,spy2,0.519658,train,2026,weighted,False
ISPY2-307659_z020,ISPY2-307659,4,0,spy2,0.52073646,train,2026,weighted,False
ISPY2-677915_z013,ISPY2-677915,4,0,spy2,0.2568055,train,2026,weighted,False
ISPY2-677915_z014,ISPY2-677915,4,0,spy2,0.2567141,train,2026,weighted,False
ISPY2-677915_z015,ISPY2-677915,4,0,spy2,0.25682715,train,2026,weighted,False
ISPY2-677915_z016,ISPY2-677915,4,0,spy2,0.25713447,train,2026,weighted,False
ISPY2-677915_z017,ISPY2-677915,4,0,spy2,0.25706902,train,2026,weighted,False
ISPY2-677915_z018,ISPY2-677915,4,0,spy2,0.2570405,train,2026,weighted,False
ISPY2-677915_z019,ISPY2-677915,4,0,spy2,0.2569942,train,2026,weighted,False
ISPY2-677915_z020,ISPY2-677915,4,0,spy2,0.25696978,train,2026,weighted,False
ISPY2-677915_z021,ISPY2-677915,4,0,spy2,0.2568863,train,2026,weighted,False
ISPY2-677915_z022,ISPY2-677915,4,0,spy2,0.2568466,train,2026,weighted,False
ISPY2-100899_z008,ISPY2-100899,4,0,spy2,0.657676,train,2026,weighted,False
ISPY2-100899_z022,ISPY2-100899,4,0,spy2,0.65914226,train,2026,weighted,False
ISPY2-100899_z023,ISPY2-100899,4,0,spy2,0.6587635,train,2026,weighted,False
ISPY2-100899_z024,ISPY2-100899,4,0,spy2,0.65854734,train,2026,weighted,False
ISPY2-100899_z025,ISPY2-100899,4,0,spy2,0.65957606,train,2026,weighted,False
ISPY2-100899_z026,ISPY2-100899,4,0,spy2,0.65989417,train,2026,weighted,False
ISPY2-100899_z027,ISPY2-100899,4,0,spy2,0.65986013,train,2026,weighted,False
ISPY2-100899_z028,ISPY2-100899,4,0,spy2,0.6584586,train,2026,weighted,False
ISPY2-100899_z029,ISPY2-100899,4,0,spy2,0.6569571,train,2026,weighted,False
ISPY2-100899_z030,ISPY2-100899,4,0,spy2,0.6565875,train,2026,weighted,False
ISPY2-590220_z017,ISPY2-590220,4,1,spy2,0.5570818,train,2026,weighted,False
ISPY2-590220_z018,ISPY2-590220,4,1,spy2,0.5558234,train,2026,weighted,False
ISPY2-590220_z019,ISPY2-590220,4,1,spy2,0.555603,train,2026,weighted,False
ISPY2-590220_z020,ISPY2-590220,4,1,spy2,0.5563625,train,2026,weighted,False
ISPY2-590220_z021,ISPY2-590220,4,1,spy2,0.5569101,train,2026,weighted,False
ISPY2-590220_z026,ISPY2-590220,4,1,spy2,0.55999905,train,2026,weighted,False
ISPY2-590220_z027,ISPY2-590220,4,1,spy2,0.5606405,train,2026,weighted,False
ISPY2-590220_z028,ISPY2-590220,4,1,spy2,0.5611722,train,2026,weighted,False
ISPY2-590220_z029,ISPY2-590220,4,1,spy2,0.5614067,train,2026,weighted,False
ISPY2-590220_z030,ISPY2-590220,4,1,spy2,0.56124544,train,2026,weighted,False
ISPY2-291515_z013,ISPY2-291515,4,0,spy2,0.597248,train,2026,weighted,False
ISPY2-291515_z014,ISPY2-291515,4,0,spy2,0.59834194,train,2026,weighted,False
ISPY2-291515_z015,ISPY2-291515,4,0,spy2,0.5984447,train,2026,weighted,False
ISPY2-291515_z016,ISPY2-291515,4,0,spy2,0.5983844,train,2026,weighted,False
ISPY2-291515_z017,ISPY2-291515,4,0,spy2,0.59710425,train,2026,weighted,False
ISPY2-291515_z018,ISPY2-291515,4,0,spy2,0.59601754,train,2026,weighted,False
ISPY2-291515_z019,ISPY2-291515,4,0,spy2,0.5954678,train,2026,weighted,False
ISPY2-291515_z020,ISPY2-291515,4,0,spy2,0.59732425,train,2026,weighted,False
ISPY2-291515_z021,ISPY2-291515,4,0,spy2,0.597414,train,2026,weighted,False
ISPY2-291515_z022,ISPY2-291515,4,0,spy2,0.59808326,train,2026,weighted,False
ISPY2-182346_z035,ISPY2-182346,4,0,spy2,0.17716102,train,2026,weighted,False
ISPY2-182346_z036,ISPY2-182346,4,0,spy2,0.17715584,train,2026,weighted,False
ISPY2-182346_z037,ISPY2-182346,4,0,spy2,0.17727883,train,2026,weighted,False
ISPY2-182346_z038,ISPY2-182346,4,0,spy2,0.17765497,train,2026,weighted,False
ISPY2-182346_z039,ISPY2-182346,4,0,spy2,0.17814688,train,2026,weighted,False
ISPY2-182346_z040,ISPY2-182346,4,0,spy2,0.17848285,train,2026,weighted,False
ISPY2-182346_z041,ISPY2-182346,4,0,spy2,0.17862761,train,2026,weighted,False
ISPY2-182346_z042,ISPY2-182346,4,0,spy2,0.17873284,train,2026,weighted,False
ISPY2-182346_z043,ISPY2-182346,4,0,spy2,0.17870933,train,2026,weighted,False
ISPY2-182346_z044,ISPY2-182346,4,0,spy2,0.1789408,train,2026,weighted,False
ISPY2-857165_z020,ISPY2-857165,4,0,spy2,0.20895775,train,2026,weighted,False
ISPY2-857165_z025,ISPY2-857165,4,0,spy2,0.20764494,train,2026,weighted,False
ISPY2-857165_z026,ISPY2-857165,4,0,spy2,0.20791161,train,2026,weighted,False
ISPY2-857165_z027,ISPY2-857165,4,0,spy2,0.20816876,train,2026,weighted,False
ISPY2-857165_z028,ISPY2-857165,4,0,spy2,0.20853439,train,2026,weighted,False
ISPY2-857165_z029,ISPY2-857165,4,0,spy2,0.20883459,train,2026,weighted,False
ISPY2-857165_z030,ISPY2-857165,4,0,spy2,0.2089917,train,2026,weighted,False
ISPY2-857165_z031,ISPY2-857165,4,0,spy2,0.20897809,train,2026,weighted,False
ISPY2-857165_z032,ISPY2-857165,4,0,spy2,0.20898813,train,2026,weighted,False
ISPY2-857165_z033,ISPY2-857165,4,0,spy2,0.20882909,train,2026,weighted,False
ISPY2-745633_z006,ISPY2-745633,4,0,spy2,0.26735005,train,2026,weighted,False
ISPY2-745633_z013,ISPY2-745633,4,0,spy2,0.2652749,train,2026,weighted,False
ISPY2-745633_z014,ISPY2-745633,4,0,spy2,0.2638558,train,2026,weighted,False
ISPY2-745633_z015,ISPY2-745633,4,0,spy2,0.26324445,train,2026,weighted,False
ISPY2-745633_z016,ISPY2-745633,4,0,spy2,0.26313382,train,2026,weighted,False
ISPY2-745633_z017,ISPY2-745633,4,0,spy2,0.26380056,train,2026,weighted,False
ISPY2-745633_z018,ISPY2-745633,4,0,spy2,0.26258323,train,2026,weighted,False
ISPY2-745633_z019,ISPY2-745633,4,0,spy2,0.26085708,train,2026,weighted,False
ISPY2-745633_z020,ISPY2-745633,4,0,spy2,0.25756288,train,2026,weighted,False
ISPY2-745633_z021,ISPY2-745633,4,0,spy2,0.25353363,train,2026,weighted,False
ISPY2-725455_z019,ISPY2-725455,4,0,spy2,0.75407636,train,2026,weighted,False
ISPY2-725455_z020,ISPY2-725455,4,0,spy2,0.75322056,train,2026,weighted,False
ISPY2-725455_z021,ISPY2-725455,4,0,spy2,0.7518544,train,2026,weighted,False
ISPY2-725455_z022,ISPY2-725455,4,0,spy2,0.75394887,train,2026,weighted,False
ISPY2-725455_z023,ISPY2-725455,4,0,spy2,0.7531084,train,2026,weighted,False
ISPY2-725455_z024,ISPY2-725455,4,0,spy2,0.7540907,train,2026,weighted,False
ISPY2-725455_z025,ISPY2-725455,4,0,spy2,0.7580373,train,2026,weighted,False
ISPY2-725455_z026,ISPY2-725455,4,0,spy2,0.7598383,train,2026,weighted,False
ISPY2-725455_z027,ISPY2-725455,4,0,spy2,0.75953126,train,2026,weighted,False
ISPY2-725455_z028,ISPY2-725455,4,0,spy2,0.75871074,train,2026,weighted,False
ISPY2-456432_z018,ISPY2-456432,4,0,spy2,0.6473247,train,2026,weighted,False
ISPY2-456432_z027,ISPY2-456432,4,0,spy2,0.64200294,train,2026,weighted,False
ISPY2-456432_z028,ISPY2-456432,4,0,spy2,0.64382005,train,2026,weighted,False
ISPY2-456432_z029,ISPY2-456432,4,0,spy2,0.64789844,train,2026,weighted,False
ISPY2-456432_z030,ISPY2-456432,4,0,spy2,0.649701,train,2026,weighted,False
ISPY2-456432_z031,ISPY2-456432,4,0,spy2,0.65014243,train,2026,weighted,False
ISPY2-456432_z032,ISPY2-456432,4,0,spy2,0.6498889,train,2026,weighted,False
ISPY2-456432_z033,ISPY2-456432,4,0,spy2,0.6493756,train,2026,weighted,False
ISPY2-456432_z034,ISPY2-456432,4,0,spy2,0.64905757,train,2026,weighted,False
ISPY2-456432_z035,ISPY2-456432,4,0,spy2,0.6488508,train,2026,weighted,False
ISPY2-202539_z032,ISPY2-202539,4,1,spy2,0.15433994,train,2026,weighted,False
ISPY2-202539_z033,ISPY2-202539,4,1,spy2,0.15433353,train,2026,weighted,False
ISPY2-202539_z034,ISPY2-202539,4,1,spy2,0.15432726,train,2026,weighted,False
ISPY2-202539_z035,ISPY2-202539,4,1,spy2,0.15440236,train,2026,weighted,False
ISPY2-202539_z036,ISPY2-202539,4,1,spy2,0.15439048,train,2026,weighted,False
ISPY2-202539_z037,ISPY2-202539,4,1,spy2,0.15437871,train,2026,weighted,False
ISPY2-202539_z038,ISPY2-202539,4,1,spy2,0.15438987,train,2026,weighted,False
ISPY2-202539_z039,ISPY2-202539,4,1,spy2,0.15438673,train,2026,weighted,False
ISPY2-202539_z040,ISPY2-202539,4,1,spy2,0.15436263,train,2026,weighted,False
ISPY2-202539_z041,ISPY2-202539,4,1,spy2,0.154331,train,2026,weighted,False
ISPY2-759015_z004,ISPY2-759015,4,0,spy2,0.4076542,train,2026,weighted,False
ISPY2-759015_z005,ISPY2-759015,4,0,spy2,0.40219846,train,2026,weighted,False
ISPY2-759015_z006,ISPY2-759015,4,0,spy2,0.38906837,train,2026,weighted,False
ISPY2-759015_z007,ISPY2-759015,4,0,spy2,0.38091066,train,2026,weighted,False
ISPY2-759015_z008,ISPY2-759015,4,0,spy2,0.37621152,train,2026,weighted,False
ISPY2-759015_z009,ISPY2-759015,4,0,spy2,0.37046474,train,2026,weighted,False
ISPY2-759015_z010,ISPY2-759015,4,0,spy2,0.36675212,train,2026,weighted,False
ISPY2-759015_z011,ISPY2-759015,4,0,spy2,0.37070808,train,2026,weighted,False
ISPY2-759015_z012,ISPY2-759015,4,0,spy2,0.37366667,train,2026,weighted,False
ISPY2-759015_z013,ISPY2-759015,4,0,spy2,0.3732402,train,2026,weighted,False
ISPY2-950131_z014,ISPY2-950131,4,1,spy2,0.35540876,train,2026,weighted,False
ISPY2-950131_z015,ISPY2-950131,4,1,spy2,0.3552539,train,2026,weighted,False
ISPY2-950131_z016,ISPY2-950131,4,1,spy2,0.35516012,train,2026,weighted,False
ISPY2-950131_z017,ISPY2-950131,4,1,spy2,0.35473678,train,2026,weighted,False
ISPY2-950131_z019,ISPY2-950131,4,1,spy2,0.3560056,train,2026,weighted,False
ISPY2-950131_z020,ISPY2-950131,4,1,spy2,0.3574452,train,2026,weighted,False
ISPY2-950131_z021,ISPY2-950131,4,1,spy2,0.3566767,train,2026,weighted,False
ISPY2-950131_z022,ISPY2-950131,4,1,spy2,0.35562038,train,2026,weighted,False
ISPY2-950131_z023,ISPY2-950131,4,1,spy2,0.3552905,train,2026,weighted,False
ISPY2-950131_z024,ISPY2-950131,4,1,spy2,0.35545582,train,2026,weighted,False
ISPY2-889721_z007,ISPY2-889721,4,1,spy2,0.75312406,train,2026,weighted,False
ISPY2-889721_z008,ISPY2-889721,4,1,spy2,0.75296694,train,2026,weighted,False
ISPY2-889721_z009,ISPY2-889721,4,1,spy2,0.752616,train,2026,weighted,False
ISPY2-889721_z010,ISPY2-889721,4,1,spy2,0.7526971,train,2026,weighted,False
ISPY2-889721_z011,ISPY2-889721,4,1,spy2,0.7533907,train,2026,weighted,False
ISPY2-889721_z012,ISPY2-889721,4,1,spy2,0.7539157,train,2026,weighted,False
ISPY2-889721_z013,ISPY2-889721,4,1,spy2,0.7545396,train,2026,weighted,False
ISPY2-889721_z014,ISPY2-889721,4,1,spy2,0.7547028,train,2026,weighted,False
ISPY2-889721_z015,ISPY2-889721,4,1,spy2,0.75449455,train,2026,weighted,False
ISPY2-889721_z016,ISPY2-889721,4,1,spy2,0.75398666,train,2026,weighted,False
ISPY2-835658_z002,ISPY2-835658,4,1,spy2,0.32708365,train,2026,weighted,False
ISPY2-835658_z003,ISPY2-835658,4,1,spy2,0.3271041,train,2026,weighted,False
ISPY2-835658_z004,ISPY2-835658,4,1,spy2,0.32677284,train,2026,weighted,False
ISPY2-835658_z005,ISPY2-835658,4,1,spy2,0.32654995,train,2026,weighted,False
ISPY2-835658_z006,ISPY2-835658,4,1,spy2,0.32652298,train,2026,weighted,False
ISPY2-835658_z007,ISPY2-835658,4,1,spy2,0.32643685,train,2026,weighted,False
ISPY2-835658_z008,ISPY2-835658,4,1,spy2,0.3264991,train,2026,weighted,False
ISPY2-835658_z009,ISPY2-835658,4,1,spy2,0.32623798,train,2026,weighted,False
ISPY2-835658_z010,ISPY2-835658,4,1,spy2,0.32638478,train,2026,weighted,False
ISPY2-835658_z011,ISPY2-835658,4,1,spy2,0.3263122,train,2026,weighted,False
ISPY2-660915_z012,ISPY2-660915,4,0,spy2,0.21789083,train,2026,weighted,False
ISPY2-660915_z013,ISPY2-660915,4,0,spy2,0.21807945,train,2026,weighted,False
ISPY2-660915_z014,ISPY2-660915,4,0,spy2,0.21816869,train,2026,weighted,False
ISPY2-660915_z015,ISPY2-660915,4,0,spy2,0.2181007,train,2026,weighted,False
ISPY2-660915_z016,ISPY2-660915,4,0,spy2,0.21793374,train,2026,weighted,False
ISPY2-660915_z017,ISPY2-660915,4,0,spy2,0.217741,train,2026,weighted,False
ISPY2-660915_z018,ISPY2-660915,4,0,spy2,0.21781749,train,2026,weighted,False
ISPY2-660915_z019,ISPY2-660915,4,0,spy2,0.21793732,train,2026,weighted,False
ISPY2-660915_z020,ISPY2-660915,4,0,spy2,0.21778691,train,2026,weighted,False
ISPY2-660915_z021,ISPY2-660915,4,0,spy2,0.21756372,train,2026,weighted,False
ISPY2-819622_z021,ISPY2-819622,4,0,spy2,0.28554624,train,2026,weighted,False
ISPY2-819622_z022,ISPY2-819622,4,0,spy2,0.2833933,train,2026,weighted,False
ISPY2-819622_z023,ISPY2-819622,4,0,spy2,0.2829509,train,2026,weighted,False
ISPY2-819622_z024,ISPY2-819622,4,0,spy2,0.28549114,train,2026,weighted,False
ISPY2-819622_z025,ISPY2-819622,4,0,spy2,0.2839696,train,2026,weighted,False
ISPY2-819622_z026,ISPY2-819622,4,0,spy2,0.2836879,train,2026,weighted,False
ISPY2-819622_z027,ISPY2-819622,4,0,spy2,0.28373602,train,2026,weighted,False
ISPY2-819622_z028,ISPY2-819622,4,0,spy2,0.28728926,train,2026,weighted,False
ISPY2-819622_z029,ISPY2-819622,4,0,spy2,0.2916609,train,2026,weighted,False
ISPY2-819622_z030,ISPY2-819622,4,0,spy2,0.29213908,train,2026,weighted,False
ISPY2-692885_z010,ISPY2-692885,4,0,spy2,0.69954115,train,2026,weighted,False
ISPY2-692885_z011,ISPY2-692885,4,0,spy2,0.69932353,train,2026,weighted,False
ISPY2-692885_z012,ISPY2-692885,4,0,spy2,0.6992019,train,2026,weighted,False
ISPY2-692885_z013,ISPY2-692885,4,0,spy2,0.69904727,train,2026,weighted,False
ISPY2-692885_z014,ISPY2-692885,4,0,spy2,0.6989696,train,2026,weighted,False
ISPY2-692885_z015,ISPY2-692885,4,0,spy2,0.6989949,train,2026,weighted,False
ISPY2-692885_z016,ISPY2-692885,4,0,spy2,0.6992672,train,2026,weighted,False
ISPY2-692885_z017,ISPY2-692885,4,0,spy2,0.6996095,train,2026,weighted,False
ISPY2-692885_z018,ISPY2-692885,4,0,spy2,0.69968694,train,2026,weighted,False
ISPY2-692885_z019,ISPY2-692885,4,0,spy2,0.69946384,train,2026,weighted,False
ISPY2-188091_z004,ISPY2-188091,4,1,spy2,0.8477431,train,2026,weighted,False
ISPY2-188091_z005,ISPY2-188091,4,1,spy2,0.8479955,train,2026,weighted,False
ISPY2-188091_z006,ISPY2-188091,4,1,spy2,0.84829426,train,2026,weighted,False
ISPY2-188091_z007,ISPY2-188091,4,1,spy2,0.8486237,train,2026,weighted,False
ISPY2-188091_z008,ISPY2-188091,4,1,spy2,0.84900236,train,2026,weighted,False
ISPY2-188091_z009,ISPY2-188091,4,1,spy2,0.8493532,train,2026,weighted,False
ISPY2-188091_z010,ISPY2-188091,4,1,spy2,0.8497019,train,2026,weighted,False
ISPY2-188091_z011,ISPY2-188091,4,1,spy2,0.84985846,train,2026,weighted,False
ISPY2-188091_z012,ISPY2-188091,4,1,spy2,0.8499001,train,2026,weighted,False
ISPY2-188091_z013,ISPY2-188091,4,1,spy2,0.8499291,train,2026,weighted,False
ACRIN-6698-283070_z019,ACRIN-6698-283070,4,0,spy2,0.38758495,train,2026,weighted,False
ACRIN-6698-283070_z030,ACRIN-6698-283070,4,0,spy2,0.37931737,train,2026,weighted,False
ACRIN-6698-283070_z031,ACRIN-6698-283070,4,0,spy2,0.3817101,train,2026,weighted,False
ACRIN-6698-283070_z032,ACRIN-6698-283070,4,0,spy2,0.3847371,train,2026,weighted,False
ACRIN-6698-283070_z033,ACRIN-6698-283070,4,0,spy2,0.39013287,train,2026,weighted,False
ACRIN-6698-283070_z034,ACRIN-6698-283070,4,0,spy2,0.39467415,train,2026,weighted,False
ACRIN-6698-283070_z035,ACRIN-6698-283070,4,0,spy2,0.39325905,train,2026,weighted,False
ACRIN-6698-283070_z036,ACRIN-6698-283070,4,0,spy2,0.39388523,train,2026,weighted,False
ACRIN-6698-283070_z037,ACRIN-6698-283070,4,0,spy2,0.39508554,train,2026,weighted,False
ACRIN-6698-283070_z038,ACRIN-6698-283070,4,0,spy2,0.39226362,train,2026,weighted,False
ISPY2-542392_z018,ISPY2-542392,4,0,spy2,0.598171,train,2026,weighted,False
ISPY2-542392_z019,ISPY2-542392,4,0,spy2,0.5981542,train,2026,weighted,False
ISPY2-542392_z020,ISPY2-542392,4,0,spy2,0.5981056,train,2026,weighted,False
ISPY2-542392_z021,ISPY2-542392,4,0,spy2,0.5981509,train,2026,weighted,False
ISPY2-542392_z022,ISPY2-542392,4,0,spy2,0.5982172,train,2026,weighted,False
ISPY2-542392_z023,ISPY2-542392,4,0,spy2,0.59821856,train,2026,weighted,False
ISPY2-542392_z024,ISPY2-542392,4,0,spy2,0.59819967,train,2026,weighted,False
ISPY2-542392_z025,ISPY2-542392,4,0,spy2,0.5982474,train,2026,weighted,False
ISPY2-542392_z026,ISPY2-542392,4,0,spy2,0.5982757,train,2026,weighted,False
ISPY2-542392_z027,ISPY2-542392,4,0,spy2,0.5983043,train,2026,weighted,False
ISPY2-294176_z012,ISPY2-294176,4,1,spy2,0.48270178,train,2026,weighted,False
ISPY2-294176_z013,ISPY2-294176,4,1,spy2,0.48533693,train,2026,weighted,False
ISPY2-294176_z014,ISPY2-294176,4,1,spy2,0.48975754,train,2026,weighted,False
ISPY2-294176_z015,ISPY2-294176,4,1,spy2,0.4897366,train,2026,weighted,False
ISPY2-294176_z016,ISPY2-294176,4,1,spy2,0.48925295,train,2026,weighted,False
ISPY2-294176_z017,ISPY2-294176,4,1,spy2,0.49467805,train,2026,weighted,False
ISPY2-294176_z018,ISPY2-294176,4,1,spy2,0.5014077,train,2026,weighted,False
ISPY2-294176_z019,ISPY2-294176,4,1,spy2,0.50624657,train,2026,weighted,False
ISPY2-294176_z020,ISPY2-294176,4,1,spy2,0.5064676,train,2026,weighted,False
ISPY2-294176_z021,ISPY2-294176,4,1,spy2,0.50544137,train,2026,weighted,False
ACRIN-6698-490023_z012,ACRIN-6698-490023,4,1,spy2,0.83621067,train,2026,weighted,False
ACRIN-6698-490023_z013,ACRIN-6698-490023,4,1,spy2,0.83640647,train,2026,weighted,False
ACRIN-6698-490023_z014,ACRIN-6698-490023,4,1,spy2,0.8373678,train,2026,weighted,False
ACRIN-6698-490023_z016,ACRIN-6698-490023,4,1,spy2,0.8400704,train,2026,weighted,False
ACRIN-6698-490023_z017,ACRIN-6698-490023,4,1,spy2,0.84073263,train,2026,weighted,False
ACRIN-6698-490023_z018,ACRIN-6698-490023,4,1,spy2,0.83965933,train,2026,weighted,False
ACRIN-6698-490023_z019,ACRIN-6698-490023,4,1,spy2,0.83843297,train,2026,weighted,False
ACRIN-6698-490023_z023,ACRIN-6698-490023,4,1,spy2,0.84373254,train,2026,weighted,False
ACRIN-6698-490023_z024,ACRIN-6698-490023,4,1,spy2,0.844555,train,2026,weighted,False
ACRIN-6698-490023_z026,ACRIN-6698-490023,4,1,spy2,0.8402103,train,2026,weighted,False
ISPY2-940186_z019,ISPY2-940186,4,1,spy2,0.26043093,train,2026,weighted,False
ISPY2-940186_z022,ISPY2-940186,4,1,spy2,0.2680075,train,2026,weighted,False
ISPY2-940186_z025,ISPY2-940186,4,1,spy2,0.261082,train,2026,weighted,False
ISPY2-940186_z026,ISPY2-940186,4,1,spy2,0.26221144,train,2026,weighted,False
ISPY2-940186_z028,ISPY2-940186,4,1,spy2,0.2653921,train,2026,weighted,False
ISPY2-940186_z029,ISPY2-940186,4,1,spy2,0.2657103,train,2026,weighted,False
ISPY2-940186_z030,ISPY2-940186,4,1,spy2,0.26838258,train,2026,weighted,False
ISPY2-940186_z031,ISPY2-940186,4,1,spy2,0.2711153,train,2026,weighted,False
ISPY2-940186_z032,ISPY2-940186,4,1,spy2,0.27388948,train,2026,weighted,False
ISPY2-940186_z033,ISPY2-940186,4,1,spy2,0.27651295,train,2026,weighted,False
ISPY2-515565_z012,ISPY2-515565,4,0,spy2,0.41127497,train,2026,weighted,False
ISPY2-515565_z013,ISPY2-515565,4,0,spy2,0.40853366,train,2026,weighted,False
ISPY2-515565_z014,ISPY2-515565,4,0,spy2,0.4071171,train,2026,weighted,False
ISPY2-515565_z015,ISPY2-515565,4,0,spy2,0.4075515,train,2026,weighted,False
ISPY2-515565_z016,ISPY2-515565,4,0,spy2,0.40821669,train,2026,weighted,False
ISPY2-515565_z017,ISPY2-515565,4,0,spy2,0.40737393,train,2026,weighted,False
ISPY2-515565_z018,ISPY2-515565,4,0,spy2,0.4053414,train,2026,weighted,False
ISPY2-515565_z019,ISPY2-515565,4,0,spy2,0.40370843,train,2026,weighted,False
ISPY2-515565_z020,ISPY2-515565,4,0,spy2,0.4050387,train,2026,weighted,False
ISPY2-515565_z021,ISPY2-515565,4,0,spy2,0.4060521,train,2026,weighted,False
ISPY2-327142_z012,ISPY2-327142,4,0,spy2,0.1761598,train,2026,weighted,False
ISPY2-327142_z013,ISPY2-327142,4,0,spy2,0.17788357,train,2026,weighted,False
ISPY2-327142_z014,ISPY2-327142,4,0,spy2,0.18264908,train,2026,weighted,False
ISPY2-327142_z015,ISPY2-327142,4,0,spy2,0.18901202,train,2026,weighted,False
ISPY2-327142_z016,ISPY2-327142,4,0,spy2,0.19322787,train,2026,weighted,False
ISPY2-327142_z017,ISPY2-327142,4,0,spy2,0.19372064,train,2026,weighted,False
ISPY2-327142_z018,ISPY2-327142,4,0,spy2,0.19223908,train,2026,weighted,False
ISPY2-327142_z019,ISPY2-327142,4,0,spy2,0.19055878,train,2026,weighted,False
ISPY2-327142_z020,ISPY2-327142,4,0,spy2,0.1887808,train,2026,weighted,False
ISPY2-327142_z021,ISPY2-327142,4,0,spy2,0.18696858,train,2026,weighted,False
ISPY2-808714_z019,ISPY2-808714,4,0,spy2,0.5260776,train,2026,weighted,False
ISPY2-808714_z020,ISPY2-808714,4,0,spy2,0.5262258,train,2026,weighted,False
ISPY2-808714_z021,ISPY2-808714,4,0,spy2,0.52607054,train,2026,weighted,False
ISPY2-808714_z022,ISPY2-808714,4,0,spy2,0.5247897,train,2026,weighted,False
ISPY2-808714_z023,ISPY2-808714,4,0,spy2,0.5225055,train,2026,weighted,False
ISPY2-808714_z024,ISPY2-808714,4,0,spy2,0.51943237,train,2026,weighted,False
ISPY2-808714_z025,ISPY2-808714,4,0,spy2,0.5168321,train,2026,weighted,False
ISPY2-808714_z026,ISPY2-808714,4,0,spy2,0.5144126,train,2026,weighted,False
ISPY2-808714_z027,ISPY2-808714,4,0,spy2,0.5125594,train,2026,weighted,False
ISPY2-808714_z028,ISPY2-808714,4,0,spy2,0.50940466,train,2026,weighted,False
ISPY2-128675_z012,ISPY2-128675,4,1,spy2,0.16767502,train,2026,weighted,False
ISPY2-128675_z013,ISPY2-128675,4,1,spy2,0.16827315,train,2026,weighted,False
ISPY2-128675_z014,ISPY2-128675,4,1,spy2,0.16927949,train,2026,weighted,False
ISPY2-128675_z016,ISPY2-128675,4,1,spy2,0.16996954,train,2026,weighted,False
ISPY2-128675_z019,ISPY2-128675,4,1,spy2,0.1699634,train,2026,weighted,False
ISPY2-128675_z020,ISPY2-128675,4,1,spy2,0.16990915,train,2026,weighted,False
ISPY2-128675_z021,ISPY2-128675,4,1,spy2,0.16987921,train,2026,weighted,False
ISPY2-128675_z022,ISPY2-128675,4,1,spy2,0.16980883,train,2026,weighted,False
ISPY2-128675_z023,ISPY2-128675,4,1,spy2,0.16976574,train,2026,weighted,False
ISPY2-128675_z024,ISPY2-128675,4,1,spy2,0.16990028,train,2026,weighted,False
ISPY2-451482_z025,ISPY2-451482,4,0,spy2,0.26099113,train,2026,weighted,False
ISPY2-451482_z026,ISPY2-451482,4,0,spy2,0.26117203,train,2026,weighted,False
ISPY2-451482_z027,ISPY2-451482,4,0,spy2,0.26194042,train,2026,weighted,False
ISPY2-451482_z028,ISPY2-451482,4,0,spy2,0.26242003,train,2026,weighted,False
ISPY2-451482_z029,ISPY2-451482,4,0,spy2,0.26273957,train,2026,weighted,False
ISPY2-451482_z030,ISPY2-451482,4,0,spy2,0.26352963,train,2026,weighted,False
ISPY2-451482_z031,ISPY2-451482,4,0,spy2,0.26532924,train,2026,weighted,False
ISPY2-451482_z032,ISPY2-451482,4,0,spy2,0.26662314,train,2026,weighted,False
ISPY2-451482_z033,ISPY2-451482,4,0,spy2,0.26701763,train,2026,weighted,False
ISPY2-451482_z034,ISPY2-451482,4,0,spy2,0.26706323,train,2026,weighted,False
ACRIN-6698-970839_z005,ACRIN-6698-970839,4,0,spy2,0.28289855,train,2026,weighted,False
ACRIN-6698-970839_z006,ACRIN-6698-970839,4,0,spy2,0.28295156,train,2026,weighted,False
ACRIN-6698-970839_z007,ACRIN-6698-970839,4,0,spy2,0.28309986,train,2026,weighted,False
ACRIN-6698-970839_z008,ACRIN-6698-970839,4,0,spy2,0.28314883,train,2026,weighted,False
ACRIN-6698-970839_z009,ACRIN-6698-970839,4,0,spy2,0.28332382,train,2026,weighted,False
ACRIN-6698-970839_z010,ACRIN-6698-970839,4,0,spy2,0.28329828,train,2026,weighted,False
ACRIN-6698-970839_z011,ACRIN-6698-970839,4,0,spy2,0.28322506,train,2026,weighted,False
ACRIN-6698-970839_z012,ACRIN-6698-970839,4,0,spy2,0.28314322,train,2026,weighted,False
ACRIN-6698-970839_z013,ACRIN-6698-970839,4,0,spy2,0.28286815,train,2026,weighted,False
ACRIN-6698-970839_z014,ACRIN-6698-970839,4,0,spy2,0.28269446,train,2026,weighted,False
ISPY2-990443_z019,ISPY2-990443,4,0,spy2,0.25685534,train,2026,weighted,False
ISPY2-990443_z020,ISPY2-990443,4,0,spy2,0.25853363,train,2026,weighted,False
ISPY2-990443_z021,ISPY2-990443,4,0,spy2,0.26047292,train,2026,weighted,False
ISPY2-990443_z022,ISPY2-990443,4,0,spy2,0.26193538,train,2026,weighted,False
ISPY2-990443_z023,ISPY2-990443,4,0,spy2,0.26248702,train,2026,weighted,False
ISPY2-990443_z024,ISPY2-990443,4,0,spy2,0.26287994,train,2026,weighted,False
ISPY2-990443_z025,ISPY2-990443,4,0,spy2,0.26392174,train,2026,weighted,False
ISPY2-990443_z026,ISPY2-990443,4,0,spy2,0.26428533,train,2026,weighted,False
ISPY2-990443_z027,ISPY2-990443,4,0,spy2,0.26310503,train,2026,weighted,False
ISPY2-990443_z028,ISPY2-990443,4,0,spy2,0.26184186,train,2026,weighted,False
ACRIN-6698-361701_z004,ACRIN-6698-361701,4,0,spy2,0.28113928,train,2026,weighted,False
ACRIN-6698-361701_z005,ACRIN-6698-361701,4,0,spy2,0.29196262,train,2026,weighted,False
ACRIN-6698-361701_z006,ACRIN-6698-361701,4,0,spy2,0.29676858,train,2026,weighted,False
ACRIN-6698-361701_z007,ACRIN-6698-361701,4,0,spy2,0.31477883,train,2026,weighted,False
ACRIN-6698-361701_z008,ACRIN-6698-361701,4,0,spy2,0.3264777,train,2026,weighted,False
ACRIN-6698-361701_z009,ACRIN-6698-361701,4,0,spy2,0.31985185,train,2026,weighted,False
ACRIN-6698-361701_z010,ACRIN-6698-361701,4,0,spy2,0.31563747,train,2026,weighted,False
ACRIN-6698-361701_z011,ACRIN-6698-361701,4,0,spy2,0.31239802,train,2026,weighted,False
ACRIN-6698-361701_z012,ACRIN-6698-361701,4,0,spy2,0.3140886,train,2026,weighted,False
ACRIN-6698-361701_z013,ACRIN-6698-361701,4,0,spy2,0.31676978,train,2026,weighted,False
ACRIN-6698-924071_z003,ACRIN-6698-924071,4,0,spy2,0.22767487,train,2026,weighted,False
ACRIN-6698-924071_z004,ACRIN-6698-924071,4,0,spy2,0.22805811,train,2026,weighted,False
ACRIN-6698-924071_z005,ACRIN-6698-924071,4,0,spy2,0.2314315,train,2026,weighted,False
ACRIN-6698-924071_z006,ACRIN-6698-924071,4,0,spy2,0.23472364,train,2026,weighted,False
ACRIN-6698-924071_z007,ACRIN-6698-924071,4,0,spy2,0.24142897,train,2026,weighted,False
ACRIN-6698-924071_z008,ACRIN-6698-924071,4,0,spy2,0.24432763,train,2026,weighted,False
ACRIN-6698-924071_z009,ACRIN-6698-924071,4,0,spy2,0.2452758,train,2026,weighted,False
ACRIN-6698-924071_z011,ACRIN-6698-924071,4,0,spy2,0.2388553,train,2026,weighted,False
ACRIN-6698-924071_z012,ACRIN-6698-924071,4,0,spy2,0.2378721,train,2026,weighted,False
ACRIN-6698-924071_z013,ACRIN-6698-924071,4,0,spy2,0.243842,train,2026,weighted,False
ISPY2-598798_z075,ISPY2-598798,4,0,spy2,0.30040988,train,2026,weighted,False
ISPY2-598798_z076,ISPY2-598798,4,0,spy2,0.30068657,train,2026,weighted,False
ISPY2-598798_z077,ISPY2-598798,4,0,spy2,0.30065298,train,2026,weighted,False
ISPY2-598798_z078,ISPY2-598798,4,0,spy2,0.30068868,train,2026,weighted,False
ISPY2-598798_z079,ISPY2-598798,4,0,spy2,0.3007424,train,2026,weighted,False
ISPY2-598798_z080,ISPY2-598798,4,0,spy2,0.3002478,train,2026,weighted,False
ISPY2-598798_z081,ISPY2-598798,4,0,spy2,0.29698983,train,2026,weighted,False
ISPY2-598798_z082,ISPY2-598798,4,0,spy2,0.2963032,train,2026,weighted,False
ISPY2-598798_z083,ISPY2-598798,4,0,spy2,0.29311448,train,2026,weighted,False
ISPY2-598798_z084,ISPY2-598798,4,0,spy2,0.2880331,train,2026,weighted,False
ISPY2-960963_z006,ISPY2-960963,4,0,spy2,0.48808855,train,2026,weighted,False
ISPY2-960963_z007,ISPY2-960963,4,0,spy2,0.4882316,train,2026,weighted,False
ISPY2-960963_z008,ISPY2-960963,4,0,spy2,0.48822683,train,2026,weighted,False
ISPY2-960963_z009,ISPY2-960963,4,0,spy2,0.488269,train,2026,weighted,False
ISPY2-960963_z010,ISPY2-960963,4,0,spy2,0.48831546,train,2026,weighted,False
ISPY2-960963_z011,ISPY2-960963,4,0,spy2,0.48826694,train,2026,weighted,False
ISPY2-960963_z012,ISPY2-960963,4,0,spy2,0.48818597,train,2026,weighted,False
ISPY2-960963_z013,ISPY2-960963,4,0,spy2,0.487788,train,2026,weighted,False
ISPY2-960963_z014,ISPY2-960963,4,0,spy2,0.487688,train,2026,weighted,False
ISPY2-960963_z015,ISPY2-960963,4,0,spy2,0.48768288,train,2026,weighted,False
