sample_id,patient_id,fold,pCR,dataset,prob,split,seed,loss,smoke
ISPY1_1005_z019,ISPY1_1005,3,0,spy1,0.24910335,train,2026,weighted,False
ISPY1_1005_z021,ISPY1_1005,3,0,spy1,0.24870174,train,2026,weighted,False
ISPY1_1005_z022,ISPY1_1005,3,0,spy1,0.24890071,train,2026,weighted,False
ISPY1_1005_z023,ISPY1_1005,3,0,spy1,0.24923766,train,2026,weighted,False
ISPY1_1005_z027,ISPY1_1005,3,0,spy1,0.24949837,train,2026,weighted,False
ISPY1_1005_z028,ISPY1_1005,3,0,spy1,0.24929002,train,2026,weighted,False
ISPY1_1005_z030,ISPY1_1005,3,0,spy1,0.24935181,train,2026,weighted,False
ISPY1_1005_z031,ISPY1_1005,3,0,spy1,0.24916026,train,2026,weighted,False
ISPY1_1005_z036,ISPY1_1005,3,0,spy1,0.25041482,train,2026,weighted,False
ISPY1_1005_z037,ISPY1_1005,3,0,spy1,0.2511096,train,2026,weighted,False
ISPY1_1025_z000,ISPY1_1025,3,0,spy1,0.2726714,train,2026,weighted,False
ISPY1_1025_z001,ISPY1_1025,3,0,spy1,0.27270883,train,2026,weighted,False
ISPY1_1025_z002,ISPY1_1025,3,0,spy1,0.27233395,train,2026,weighted,False
ISPY1_1025_z003,ISPY1_1025,3,0,spy1,0.26994428,train,2026,weighted,False
ISPY1_1025_z004,ISPY1_1025,3,0,spy1,0.2692642,train,2026,weighted,False
ISPY1_1025_z005,ISPY1_1025,3,0,spy1,0.26921147,train,2026,weighted,False
ISPY1_1025_z006,ISPY1_1025,3,0,spy1,0.26930314,train,2026,weighted,False
ISPY1_1025_z007,ISPY1_1025,3,0,spy1,0.26909846,train,2026,weighted,False
ISPY1_1025_z008,ISPY1_1025,3,0,spy1,0.26917997,train,2026,weighted,False
ISPY1_1025_z009,ISPY1_1025,3,0,spy1,0.2678246,train,2026,weighted,False
ISPY1_1036_z011,ISPY1_1036,3,0,spy1,0.8066548,train,2026,weighted,False
ISPY1_1036_z012,ISPY1_1036,3,0,spy1,0.8064248,train,2026,weighted,False
ISPY1_1036_z013,ISPY1_1036,3,0,spy1,0.8069012,train,2026,weighted,False
ISPY1_1036_z014,ISPY1_1036,3,0,spy1,0.8070163,train,2026,weighted,False
ISPY1_1036_z015,ISPY1_1036,3,0,spy1,0.807225,train,2026,weighted,False
ISPY1_1036_z016,ISPY1_1036,3,0,spy1,0.80652684,train,2026,weighted,False
ISPY1_1036_z017,ISPY1_1036,3,0,spy1,0.8037335,train,2026,weighted,False
ISPY1_1036_z018,ISPY1_1036,3,0,spy1,0.7995734,train,2026,weighted,False
ISPY1_1036_z019,ISPY1_1036,3,0,spy1,0.79538226,train,2026,weighted,False
ISPY1_1036_z020,ISPY1_1036,3,0,spy1,0.7927495,train,2026,weighted,False
ISPY1_1053_z001,ISPY1_1053,3,0,spy1,0.2691729,train,2026,weighted,False
ISPY1_1053_z002,ISPY1_1053,3,0,spy1,0.26659867,train,2026,weighted,False
ISPY1_1053_z003,ISPY1_1053,3,0,spy1,0.2654959,train,2026,weighted,False
ISPY1_1053_z004,ISPY1_1053,3,0,spy1,0.26135054,train,2026,weighted,False
ISPY1_1053_z005,ISPY1_1053,3,0,spy1,0.26244286,train,2026,weighted,False
ISPY1_1053_z006,ISPY1_1053,3,0,spy1,0.2619085,train,2026,weighted,False
ISPY1_1053_z007,ISPY1_1053,3,0,spy1,0.2603832,train,2026,weighted,False
ISPY1_1053_z008,ISPY1_1053,3,0,spy1,0.2607826,train,2026,weighted,False
ISPY1_1053_z009,ISPY1_1053,3,0,spy1,0.2587487,train,2026,weighted,False
ISPY1_1053_z010,ISPY1_1053,3,0,spy1,0.25783744,train,2026,weighted,False
ISPY1_1066_z003,ISPY1_1066,3,0,spy1,0.56639016,train,2026,weighted,False
ISPY1_1066_z004,ISPY1_1066,3,0,spy1,0.56392425,train,2026,weighted,False
ISPY1_1066_z005,ISPY1_1066,3,0,spy1,0.5638771,train,2026,weighted,False
ISPY1_1066_z006,ISPY1_1066,3,0,spy1,0.56516075,train,2026,weighted,False
ISPY1_1066_z007,ISPY1_1066,3,0,spy1,0.56739396,train,2026,weighted,False
ISPY1_1066_z008,ISPY1_1066,3,0,spy1,0.5690068,train,2026,weighted,False
ISPY1_1066_z009,ISPY1_1066,3,0,spy1,0.5679166,train,2026,weighted,False
ISPY1_1066_z010,ISPY1_1066,3,0,spy1,0.5674356,train,2026,weighted,False
ISPY1_1066_z011,ISPY1_1066,3,0,spy1,0.5698807,train,2026,weighted,False
ISPY1_1066_z012,ISPY1_1066,3,0,spy1,0.5734495,train,2026,weighted,False
ISPY1_1072_z005,ISPY1_1072,3,0,spy1,0.56284297,train,2026,weighted,False
ISPY1_1072_z006,ISPY1_1072,3,0,spy1,0.56598896,train,2026,weighted,False
ISPY1_1072_z007,ISPY1_1072,3,0,spy1,0.56362915,train,2026,weighted,False
ISPY1_1072_z008,ISPY1_1072,3,0,spy1,0.561155,train,2026,weighted,False
ISPY1_1072_z009,ISPY1_1072,3,0,spy1,0.5595338,train,2026,weighted,False
ISPY1_1072_z010,ISPY1_1072,3,0,spy1,0.5574953,train,2026,weighted,False
ISPY1_1072_z011,ISPY1_1072,3,0,spy1,0.5549158,train,2026,weighted,False
ISPY1_1072_z012,ISPY1_1072,3,0,spy1,0.5529885,train,2026,weighted,False
ISPY1_1072_z013,ISPY1_1072,3,0,spy1,0.5517897,train,2026,weighted,False
ISPY1_1072_z014,ISPY1_1072,3,0,spy1,0.5493075,train,2026,weighted,False
ISPY1_1078_z008,ISPY1_1078,3,1,spy1,0.36323443,train,2026,weighted,False
ISPY1_1078_z009,ISPY1_1078,3,1,spy1,0.3601078,train,2026,weighted,False
ISPY1_1078_z010,ISPY1_1078,3,1,spy1,0.35699967,train,2026,weighted,False
ISPY1_1078_z012,ISPY1_1078,3,1,spy1,0.35347608,train,2026,weighted,False
ISPY1_1078_z013,ISPY1_1078,3,1,spy1,0.35357976,train,2026,weighted,False
ISPY1_1078_z014,ISPY1_1078,3,1,spy1,0.35211486,train,2026,weighted,False
ISPY1_1078_z015,ISPY1_1078,3,1,spy1,0.34804574,train,2026,weighted,False
ISPY1_1078_z016,ISPY1_1078,3,1,spy1,0.3435068,train,2026,weighted,False
ISPY1_1078_z017,ISPY1_1078,3,1,spy1,0.34079197,train,2026,weighted,False
ISPY1_1078_z018,ISPY1_1078,3,1,spy1,0.340568,train,2026,weighted,False
ISPY1_1100_z007,ISPY1_1100,3,0,spy1,0.24230069,train,2026,weighted,False
ISPY1_1100_z008,ISPY1_1100,3,0,spy1,0.2437512,train,2026,weighted,False
ISPY1_1100_z009,ISPY1_1100,3,0,spy1,0.2429425,train,2026,weighted,False
ISPY1_1100_z010,ISPY1_1100,3,0,spy1,0.2415791,train,2026,weighted,False
ISPY1_1100_z011,ISPY1_1100,3,0,spy1,0.23983291,train,2026,weighted,False
ISPY1_1100_z012,ISPY1_1100,3,0,spy1,0.23969512,train,2026,weighted,False
ISPY1_1100_z013,ISPY1_1100,3,0,spy1,0.24199696,train,2026,weighted,False
ISPY1_1100_z014,ISPY1_1100,3,0,spy1,0.24375452,train,2026,weighted,False
ISPY1_1100_z015,ISPY1_1100,3,0,spy1,0.246402,train,2026,weighted,False
ISPY1_1100_z016,ISPY1_1100,3,0,spy1,0.24857485,train,2026,weighted,False
ISPY1_1103_z012,ISPY1_1103,3,1,spy1,0.7256406,train,2026,weighted,False
ISPY1_1103_z013,ISPY1_1103,3,1,spy1,0.729107,train,2026,weighted,False
ISPY1_1103_z014,ISPY1_1103,3,1,spy1,0.7293753,train,2026,weighted,False
ISPY1_1103_z015,ISPY1_1103,3,1,spy1,0.7305984,train,2026,weighted,False
ISPY1_1103_z016,ISPY1_1103,3,1,spy1,0.7316117,train,2026,weighted,False
ISPY1_1103_z017,ISPY1_1103,3,1,spy1,0.7299167,train,2026,weighted,False
ISPY1_1103_z021,ISPY1_1103,3,1,spy1,0.73078436,train,2026,weighted,False
ISPY1_1103_z022,ISPY1_1103,3,1,spy1,0.72975564,train,2026,weighted,False
ISPY1_1103_z023,ISPY1_1103,3,1,spy1,0.7308932,train,2026,weighted,False
ISPY1_1103_z024,ISPY1_1103,3,1,spy1,0.7305905,train,2026,weighted,False
ISPY1_1128_z003,ISPY1_1128,3,0,spy1,0.67305005,train,2026,weighted,False
ISPY1_1128_z004,ISPY1_1128,3,0,spy1,0.6761201,train,2026,weighted,False
ISPY1_1128_z005,ISPY1_1128,3,0,spy1,0.67883843,train,2026,weighted,False
ISPY1_1128_z006,ISPY1_1128,3,0,spy1,0.6833046,train,2026,weighted,False
ISPY1_1128_z007,ISPY1_1128,3,0,spy1,0.68895733,train,2026,weighted,False
ISPY1_1128_z008,ISPY1_1128,3,0,spy1,0.69651824,train,2026,weighted,False
ISPY1_1128_z009,ISPY1_1128,3,0,spy1,0.7038363,train,2026,weighted,False
ISPY1_1128_z010,ISPY1_1128,3,0,spy1,0.71005845,train,2026,weighted,False
ISPY1_1128_z011,ISPY1_1128,3,0,spy1,0.7176418,train,2026,weighted,False
ISPY1_1128_z012,ISPY1_1128,3,0,spy1,0.7206057,train,2026,weighted,False
ISPY1_1140_z027,ISPY1_1140,3,0,spy1,0.2886304,train,2026,weighted,False
ISPY1_1140_z033,ISPY1_1140,3,0,spy1,0.2909479,train,2026,weighted,False
ISPY1_1140_z034,ISPY1_1140,3,0,spy1,0.29228184,train,2026,weighted,False
ISPY1_1140_z035,ISPY1_1140,3,0,spy1,0.29414475,train,2026,weighted,False
ISPY1_1140_z036,ISPY1_1140,3,0,spy1,0.29649824,train,2026,weighted,False
ISPY1_1140_z037,ISPY1_1140,3,0,spy1,0.29661402,train,2026,weighted,False
ISPY1_1140_z038,ISPY1_1140,3,0,spy1,0.2960323,train,2026,weighted,False
ISPY1_1140_z039,ISPY1_1140,3,0,spy1,0.29567274,train,2026,weighted,False
ISPY1_1140_z040,ISPY1_1140,3,0,spy1,0.29515213,train,2026,weighted,False
ISPY1_1140_z041,ISPY1_1140,3,0,spy1,0.2964491,train,2026,weighted,False
ISPY1_1155_z012,ISPY1_1155,3,1,spy1,0.58156294,train,2026,weighted,False
ISPY1_1155_z015,ISPY1_1155,3,1,spy1,0.5813976,train,2026,weighted,False
ISPY1_1155_z016,ISPY1_1155,3,1,spy1,0.58112437,train,2026,weighted,False
ISPY1_1155_z017,ISPY1_1155,3,1,spy1,0.5810457,train,2026,weighted,False
ISPY1_1155_z018,ISPY1_1155,3,1,spy1,0.5811064,train,2026,weighted,False
ISPY1_1155_z019,ISPY1_1155,3,1,spy1,0.5810909,train,2026,weighted,False
ISPY1_1155_z020,ISPY1_1155,3,1,spy1,0.5808651,train,2026,weighted,False
ISPY1_1155_z021,ISPY1_1155,3,1,spy1,0.5808085,train,2026,weighted,False
ISPY1_1155_z022,ISPY1_1155,3,1,spy1,0.58094454,train,2026,weighted,False
ISPY1_1155_z023,ISPY1_1155,3,1,spy1,0.58082277,train,2026,weighted,False
ISPY1_1167_z021,ISPY1_1167,3,0,spy1,0.37548956,train,2026,weighted,False
ISPY1_1167_z022,ISPY1_1167,3,0,spy1,0.37393507,train,2026,weighted,False
ISPY1_1167_z023,ISPY1_1167,3,0,spy1,0.3726595,train,2026,weighted,False
ISPY1_1167_z024,ISPY1_1167,3,0,spy1,0.37107766,train,2026,weighted,False
ISPY1_1167_z025,ISPY1_1167,3,0,spy1,0.37162495,train,2026,weighted,False
ISPY1_1167_z026,ISPY1_1167,3,0,spy1,0.37237376,train,2026,weighted,False
ISPY1_1167_z027,ISPY1_1167,3,0,spy1,0.37251252,train,2026,weighted,False
ISPY1_1167_z028,ISPY1_1167,3,0,spy1,0.37245145,train,2026,weighted,False
ISPY1_1167_z029,ISPY1_1167,3,0,spy1,0.37247396,train,2026,weighted,False
ISPY1_1167_z034,ISPY1_1167,3,0,spy1,0.37409204,train,2026,weighted,False
ISPY1_1169_z007,ISPY1_1169,3,0,spy1,0.5170924,train,2026,weighted,False
ISPY1_1169_z008,ISPY1_1169,3,0,spy1,0.5265373,train,2026,weighted,False
ISPY1_1169_z009,ISPY1_1169,3,0,spy1,0.51890314,train,2026,weighted,False
ISPY1_1169_z014,ISPY1_1169,3,0,spy1,0.53319466,train,2026,weighted,False
ISPY1_1169_z015,ISPY1_1169,3,0,spy1,0.53535014,train,2026,weighted,False
ISPY1_1169_z016,ISPY1_1169,3,0,spy1,0.5350155,train,2026,weighted,False
ISPY1_1169_z017,ISPY1_1169,3,0,spy1,0.53519976,train,2026,weighted,False
ISPY1_1169_z018,ISPY1_1169,3,0,spy1,0.52923465,train,2026,weighted,False
ISPY1_1169_z019,ISPY1_1169,3,0,spy1,0.52428997,train,2026,weighted,False
ISPY1_1169_z020,ISPY1_1169,3,0,spy1,0.5201382,train,2026,weighted,False
ISPY1_1187_z012,ISPY1_1187,3,0,spy1,0.43069267,train,2026,weighted,False
ISPY1_1187_z013,ISPY1_1187,3,0,spy1,0.4306212,train,2026,weighted,False
ISPY1_1187_z014,ISPY1_1187,3,0,spy1,0.43033525,train,2026,weighted,False
ISPY1_1187_z015,ISPY1_1187,3,0,spy1,0.42986715,train,2026,weighted,False
ISPY1_1187_z016,ISPY1_1187,3,0,spy1,0.42991218,train,2026,weighted,False
ISPY1_1187_z017,ISPY1_1187,3,0,spy1,0.4299677,train,2026,weighted,False
ISPY1_1187_z018,ISPY1_1187,3,0,spy1,0.4299735,train,2026,weighted,False
ISPY1_1187_z019,ISPY1_1187,3,0,spy1,0.42967513,train,2026,weighted,False
ISPY1_1187_z020,ISPY1_1187,3,0,spy1,0.4286623,train,2026,weighted,False
ISPY1_1187_z021,ISPY1_1187,3,0,spy1,0.42682087,train,2026,weighted,False
ISPY1_1191_z006,ISPY1_1191,3,0,spy1,0.31356266,train,2026,weighted,False
ISPY1_1191_z007,ISPY1_1191,3,0,spy1,0.31317717,train,2026,weighted,False
ISPY1_1191_z008,ISPY1_1191,3,0,spy1,0.3146226,train,2026,weighted,False
ISPY1_1191_z009,ISPY1_1191,3,0,spy1,0.31484145,train,2026,weighted,False
ISPY1_1191_z010,ISPY1_1191,3,0,spy1,0.31683615,train,2026,weighted,False
ISPY1_1191_z011,ISPY1_1191,3,0,spy1,0.31646803,train,2026,weighted,False
ISPY1_1191_z012,ISPY1_1191,3,0,spy1,0.31719777,train,2026,weighted,False
ISPY1_1191_z013,ISPY1_1191,3,0,spy1,0.31706733,train,2026,weighted,False
ISPY1_1191_z014,ISPY1_1191,3,0,spy1,0.31741342,train,2026,weighted,False
ISPY1_1191_z015,ISPY1_1191,3,0,spy1,0.3180041,train,2026,weighted,False
ISPY1_1204_z005,ISPY1_1204,3,0,spy1,0.6608397,train,2026,weighted,False
ISPY1_1204_z006,ISPY1_1204,3,0,spy1,0.6601036,train,2026,weighted,False
ISPY1_1204_z007,ISPY1_1204,3,0,spy1,0.6594943,train,2026,weighted,False
ISPY1_1204_z008,ISPY1_1204,3,0,spy1,0.6581928,train,2026,weighted,False
ISPY1_1204_z009,ISPY1_1204,3,0,spy1,0.656392,train,2026,weighted,False
ISPY1_1204_z010,ISPY1_1204,3,0,spy1,0.65371376,train,2026,weighted,False
ISPY1_1204_z011,ISPY1_1204,3,0,spy1,0.6517948,train,2026,weighted,False
ISPY1_1204_z012,ISPY1_1204,3,0,spy1,0.6498756,train,2026,weighted,False
ISPY1_1204_z013,ISPY1_1204,3,0,spy1,0.64882743,train,2026,weighted,False
ISPY1_1204_z014,ISPY1_1204,3,0,spy1,0.64809215,train,2026,weighted,False
ISPY1_1218_z007,ISPY1_1218,3,0,spy1,0.6000789,train,2026,weighted,False
ISPY1_1218_z008,ISPY1_1218,3,0,spy1,0.60639626,train,2026,weighted,False
ISPY1_1218_z009,ISPY1_1218,3,0,spy1,0.6100348,train,2026,weighted,False
ISPY1_1218_z010,ISPY1_1218,3,0,spy1,0.6125923,train,2026,weighted,False
ISPY1_1218_z011,ISPY1_1218,3,0,spy1,0.6148731,train,2026,weighted,False
ISPY1_1218_z012,ISPY1_1218,3,0,spy1,0.6178313,train,2026,weighted,False
ISPY1_1218_z013,ISPY1_1218,3,0,spy1,0.6127494,train,2026,weighted,False
ISPY1_1218_z014,ISPY1_1218,3,0,spy1,0.6145504,train,2026,weighted,False
ISPY1_1218_z015,ISPY1_1218,3,0,spy1,0.61740845,train,2026,weighted,False
ISPY1_1218_z016,ISPY1_1218,3,0,spy1,0.6189168,train,2026,weighted,False
ISPY1_1219_z008,ISPY1_1219,3,0,spy1,0.27143794,train,2026,weighted,False
ISPY1_1219_z009,ISPY1_1219,3,0,spy1,0.272133,train,2026,weighted,False
ISPY1_1219_z010,ISPY1_1219,3,0,spy1,0.27226168,train,2026,weighted,False
ISPY1_1219_z011,ISPY1_1219,3,0,spy1,0.27379185,train,2026,weighted,False
ISPY1_1219_z012,ISPY1_1219,3,0,spy1,0.2752004,train,2026,weighted,False
ISPY1_1219_z013,ISPY1_1219,3,0,spy1,0.2754908,train,2026,weighted,False
ISPY1_1219_z014,ISPY1_1219,3,0,spy1,0.2755467,train,2026,weighted,False
ISPY1_1219_z015,ISPY1_1219,3,0,spy1,0.2759057,train,2026,weighted,False
ISPY1_1219_z016,ISPY1_1219,3,0,spy1,0.2758715,train,2026,weighted,False
ISPY1_1219_z017,ISPY1_1219,3,0,spy1,0.27593395,train,2026,weighted,False
ISPY1_1233_z006,ISPY1_1233,3,0,spy1,0.42081708,train,2026,weighted,False
ISPY1_1233_z007,ISPY1_1233,3,0,spy1,0.42403117,train,2026,weighted,False
ISPY1_1233_z008,ISPY1_1233,3,0,spy1,0.41249335,train,2026,weighted,False
ISPY1_1233_z009,ISPY1_1233,3,0,spy1,0.40552238,train,2026,weighted,False
ISPY1_1233_z010,ISPY1_1233,3,0,spy1,0.39683226,train,2026,weighted,False
ISPY1_1233_z011,ISPY1_1233,3,0,spy1,0.39054614,train,2026,weighted,False
ISPY1_1233_z012,ISPY1_1233,3,0,spy1,0.394004,train,2026,weighted,False
ISPY1_1233_z013,ISPY1_1233,3,0,spy1,0.39980653,train,2026,weighted,False
ISPY1_1233_z014,ISPY1_1233,3,0,spy1,0.39686394,train,2026,weighted,False
ISPY1_1233_z015,ISPY1_1233,3,0,spy1,0.388534,train,2026,weighted,False
ISPY1_1239_z002,ISPY1_1239,3,0,spy1,0.34150687,train,2026,weighted,False
ISPY1_1239_z003,ISPY1_1239,3,0,spy1,0.33991,train,2026,weighted,False
ISPY1_1239_z004,ISPY1_1239,3,0,spy1,0.33607906,train,2026,weighted,False
ISPY1_1239_z005,ISPY1_1239,3,0,spy1,0.334651,train,2026,weighted,False
ISPY1_1239_z006,ISPY1_1239,3,0,spy1,0.33565524,train,2026,weighted,False
ISPY1_1239_z007,ISPY1_1239,3,0,spy1,0.3389067,train,2026,weighted,False
ISPY1_1239_z008,ISPY1_1239,3,0,spy1,0.3435608,train,2026,weighted,False
ISPY1_1239_z009,ISPY1_1239,3,0,spy1,0.34865606,train,2026,weighted,False
ISPY1_1239_z010,ISPY1_1239,3,0,spy1,0.3543985,train,2026,weighted,False
ISPY1_1239_z011,ISPY1_1239,3,0,spy1,0.36113983,train,2026,weighted,False
Breast_MRI_005_z020,Breast_MRI_005,3,1,duke,0.60989654,train,2026,weighted,False
Breast_MRI_005_z021,Breast_MRI_005,3,1,duke,0.609801,train,2026,weighted,False
Breast_MRI_005_z022,Breast_MRI_005,3,1,duke,0.6099382,train,2026,weighted,False
Breast_MRI_005_z023,Breast_MRI_005,3,1,duke,0.60976046,train,2026,weighted,False
Breast_MRI_005_z024,Breast_MRI_005,3,1,duke,0.609821,train,2026,weighted,False
Breast_MRI_005_z025,Breast_MRI_005,3,1,duke,0.61060184,train,2026,weighted,False
Breast_MRI_005_z026,Breast_MRI_005,3,1,duke,0.6106925,train,2026,weighted,False
Breast_MRI_005_z027,Breast_MRI_005,3,1,duke,0.61076653,train,2026,weighted,False
Breast_MRI_005_z028,Breast_MRI_005,3,1,duke,0.6108125,train,2026,weighted,False
Breast_MRI_005_z029,Breast_MRI_005,3,1,duke,0.61076057,train,2026,weighted,False
Breast_MRI_040_z013,Breast_MRI_040,3,0,duke,0.257417,train,2026,weighted,False
Breast_MRI_040_z014,Breast_MRI_040,3,0,duke,0.25906792,train,2026,weighted,False
Breast_MRI_040_z015,Breast_MRI_040,3,0,duke,0.26016676,train,2026,weighted,False
Breast_MRI_040_z016,Breast_MRI_040,3,0,duke,0.26145566,train,2026,weighted,False
Breast_MRI_040_z017,Breast_MRI_040,3,0,duke,0.2595453,train,2026,weighted,False
Breast_MRI_040_z018,Breast_MRI_040,3,0,duke,0.25984928,train,2026,weighted,False
Breast_MRI_040_z019,Breast_MRI_040,3,0,duke,0.256556,train,2026,weighted,False
Breast_MRI_040_z020,Breast_MRI_040,3,0,duke,0.25499737,train,2026,weighted,False
Breast_MRI_040_z021,Breast_MRI_040,3,0,duke,0.25413188,train,2026,weighted,False
Breast_MRI_040_z022,Breast_MRI_040,3,0,duke,0.25428754,train,2026,weighted,False
Breast_MRI_053_z009,Breast_MRI_053,3,0,duke,0.33171064,train,2026,weighted,False
Breast_MRI_053_z010,Breast_MRI_053,3,0,duke,0.33201912,train,2026,weighted,False
Breast_MRI_053_z011,Breast_MRI_053,3,0,duke,0.33383888,train,2026,weighted,False
Breast_MRI_053_z012,Breast_MRI_053,3,0,duke,0.33631048,train,2026,weighted,False
Breast_MRI_053_z013,Breast_MRI_053,3,0,duke,0.3376293,train,2026,weighted,False
Breast_MRI_053_z014,Breast_MRI_053,3,0,duke,0.33863613,train,2026,weighted,False
Breast_MRI_053_z015,Breast_MRI_053,3,0,duke,0.33953595,train,2026,weighted,False
Breast_MRI_053_z016,Breast_MRI_053,3,0,duke,0.33965224,train,2026,weighted,False
Breast_MRI_053_z017,Breast_MRI_053,3,0,duke,0.34045434,train,2026,weighted,False
Breast_MRI_053_z018,Breast_MRI_053,3,0,duke,0.34127265,train,2026,weighted,False
Breast_MRI_069_z005,Breast_MRI_069,3,0,duke,0.38517368,train,2026,weighted,False
Breast_MRI_069_z006,Breast_MRI_069,3,0,duke,0.38959482,train,2026,weighted,False
Breast_MRI_069_z007,Breast_MRI_069,3,0,duke,0.39391017,train,2026,weighted,False
Breast_MRI_069_z008,Breast_MRI_069,3,0,duke,0.39644602,train,2026,weighted,False
Breast_MRI_069_z009,Breast_MRI_069,3,0,duke,0.40558267,train,2026,weighted,False
Breast_MRI_069_z010,Breast_MRI_069,3,0,duke,0.412742,train,2026,weighted,False
Breast_MRI_069_z011,Breast_MRI_069,3,0,duke,0.416567,train,2026,weighted,False
Breast_MRI_069_z012,Breast_MRI_069,3,0,duke,0.41975066,train,2026,weighted,False
Breast_MRI_069_z013,Breast_MRI_069,3,0,duke,0.4219084,train,2026,weighted,False
Breast_MRI_069_z014,Breast_MRI_069,3,0,duke,0.42254522,train,2026,weighted,False
Breast_MRI_099_z009,Breast_MRI_099,3,1,duke,0.5501598,train,2026,weighted,False
Breast_MRI_099_z010,Breast_MRI_099,3,1,duke,0.55141103,train,2026,weighted,False
Breast_MRI_099_z011,Breast_MRI_099,3,1,duke,0.55250967,train,2026,weighted,False
Breast_MRI_099_z012,Breast_MRI_099,3,1,duke,0.5518561,train,2026,weighted,False
Breast_MRI_099_z013,Breast_MRI_099,3,1,duke,0.55138266,train,2026,weighted,False
Breast_MRI_099_z014,Breast_MRI_099,3,1,duke,0.55158025,train,2026,weighted,False
Breast_MRI_099_z015,Breast_MRI_099,3,1,duke,0.55203974,train,2026,weighted,False
Breast_MRI_099_z016,Breast_MRI_099,3,1,duke,0.5524323,train,2026,weighted,False
Breast_MRI_099_z017,Breast_MRI_099,3,1,duke,0.552328,train,2026,weighted,False
Breast_MRI_099_z018,Breast_MRI_099,3,1,duke,0.55065745,train,2026,weighted,False
Breast_MRI_107_z008,Breast_MRI_107,3,0,duke,0.62298197,train,2026,weighted,False
Breast_MRI_107_z009,Breast_MRI_107,3,0,duke,0.6229095,train,2026,weighted,False
Breast_MRI_107_z010,Breast_MRI_107,3,0,duke,0.6230337,train,2026,weighted,False
Breast_MRI_107_z011,Breast_MRI_107,3,0,duke,0.62315196,train,2026,weighted,False
Breast_MRI_107_z012,Breast_MRI_107,3,0,duke,0.62298536,train,2026,weighted,False
Breast_MRI_107_z013,Breast_MRI_107,3,0,duke,0.62137467,train,2026,weighted,False
Breast_MRI_107_z014,Breast_MRI_107,3,0,duke,0.6207598,train,2026,weighted,False
Breast_MRI_107_z015,Breast_MRI_107,3,0,duke,0.62029886,train,2026,weighted,False
Breast_MRI_107_z016,Breast_MRI_107,3,0,duke,0.62000865,train,2026,weighted,False
Breast_MRI_107_z017,Breast_MRI_107,3,0,duke,0.6206368,train,2026,weighted,False
Breast_MRI_123_z009,Breast_MRI_123,3,0,duke,0.36487624,train,2026,weighted,False
Breast_MRI_123_z010,Breast_MRI_123,3,0,duke,0.36563838,train,2026,weighted,False
Breast_MRI_123_z011,Breast_MRI_123,3,0,duke,0.36647353,train,2026,weighted,False
Breast_MRI_123_z012,Breast_MRI_123,3,0,duke,0.366914,train,2026,weighted,False
Breast_MRI_123_z013,Breast_MRI_123,3,0,duke,0.36726752,train,2026,weighted,False
Breast_MRI_123_z014,Breast_MRI_123,3,0,duke,0.3674419,train,2026,weighted,False
Breast_MRI_123_z015,Breast_MRI_123,3,0,duke,0.36808762,train,2026,weighted,False
Breast_MRI_123_z016,Breast_MRI_123,3,0,duke,0.36849904,train,2026,weighted,False
Breast_MRI_123_z017,Breast_MRI_123,3,0,duke,0.36869124,train,2026,weighted,False
Breast_MRI_123_z018,Breast_MRI_123,3,0,duke,0.3698117,train,2026,weighted,False
Breast_MRI_141_z008,Breast_MRI_141,3,0,duke,0.48584092,train,2026,weighted,False
Breast_MRI_141_z009,Breast_MRI_141,3,0,duke,0.48671517,train,2026,weighted,False
Breast_MRI_141_z010,Breast_MRI_141,3,0,duke,0.4871424,train,2026,weighted,False
Breast_MRI_141_z011,Breast_MRI_141,3,0,duke,0.48715317,train,2026,weighted,False
Breast_MRI_141_z012,Breast_MRI_141,3,0,duke,0.48670003,train,2026,weighted,False
Breast_MRI_141_z013,Breast_MRI_141,3,0,duke,0.48758993,train,2026,weighted,False
Breast_MRI_141_z014,Breast_MRI_141,3,0,duke,0.48851728,train,2026,weighted,False
Breast_MRI_141_z015,Breast_MRI_141,3,0,duke,0.48971063,train,2026,weighted,False
Breast_MRI_141_z016,Breast_MRI_141,3,0,duke,0.49032807,train,2026,weighted,False
Breast_MRI_141_z017,Breast_MRI_141,3,0,duke,0.49052733,train,2026,weighted,False
Breast_MRI_156_z019,Breast_MRI_156,3,0,duke,0.6100924,train,2026,weighted,False
Breast_MRI_156_z020,Breast_MRI_156,3,0,duke,0.6091245,train,2026,weighted,False
Breast_MRI_156_z021,Breast_MRI_156,3,0,duke,0.6090886,train,2026,weighted,False
Breast_MRI_156_z022,Breast_MRI_156,3,0,duke,0.60923827,train,2026,weighted,False
Breast_MRI_156_z023,Breast_MRI_156,3,0,duke,0.60872626,train,2026,weighted,False
Breast_MRI_156_z024,Breast_MRI_156,3,0,duke,0.60871494,train,2026,weighted,False
Breast_MRI_156_z025,Breast_MRI_156,3,0,duke,0.60895914,train,2026,weighted,False
Breast_MRI_156_z026,Breast_MRI_156,3,0,duke,0.60846853,train,2026,weighted,False
Breast_MRI_156_z027,Breast_MRI_156,3,0,duke,0.60762155,train,2026,weighted,False
Breast_MRI_156_z028,Breast_MRI_156,3,0,duke,0.6082227,train,2026,weighted,False
Breast_MRI_160_z009,Breast_MRI_160,3,0,duke,0.7020422,train,2026,weighted,False
Breast_MRI_160_z010,Breast_MRI_160,3,0,duke,0.70195127,train,2026,weighted,False
Breast_MRI_160_z011,Breast_MRI_160,3,0,duke,0.7020031,train,2026,weighted,False
Breast_MRI_160_z012,Breast_MRI_160,3,0,duke,0.7019035,train,2026,weighted,False
Breast_MRI_160_z013,Breast_MRI_160,3,0,duke,0.70202035,train,2026,weighted,False
Breast_MRI_160_z014,Breast_MRI_160,3,0,duke,0.7018554,train,2026,weighted,False
Breast_MRI_160_z015,Breast_MRI_160,3,0,duke,0.7019351,train,2026,weighted,False
Breast_MRI_160_z016,Breast_MRI_160,3,0,duke,0.70186436,train,2026,weighted,False
Breast_MRI_160_z017,Breast_MRI_160,3,0,duke,0.7017693,train,2026,weighted,False
Breast_MRI_160_z018,Breast_MRI_160,3,0,duke,0.7016933,train,2026,weighted,False
Breast_MRI_228_z014,Breast_MRI_228,3,0,duke,0.22754557,train,2026,weighted,False
Breast_MRI_228_z015,Breast_MRI_228,3,0,duke,0.22875309,train,2026,weighted,False
Breast_MRI_228_z016,Breast_MRI_228,3,0,duke,0.23045242,train,2026,weighted,False
Breast_MRI_228_z017,Breast_MRI_228,3,0,duke,0.2316203,train,2026,weighted,False
Breast_MRI_228_z018,Breast_MRI_228,3,0,duke,0.23144358,train,2026,weighted,False
Breast_MRI_228_z019,Breast_MRI_228,3,0,duke,0.23154718,train,2026,weighted,False
Breast_MRI_228_z020,Breast_MRI_228,3,0,duke,0.23172933,train,2026,weighted,False
Breast_MRI_228_z021,Breast_MRI_228,3,0,duke,0.23189475,train,2026,weighted,False
Breast_MRI_228_z022,Breast_MRI_228,3,0,duke,0.2316914,train,2026,weighted,False
Breast_MRI_228_z023,Breast_MRI_228,3,0,duke,0.23160662,train,2026,weighted,False
Breast_MRI_240_z010,Breast_MRI_240,3,0,duke,0.4206998,train,2026,weighted,False
Breast_MRI_240_z011,Breast_MRI_240,3,0,duke,0.42078567,train,2026,weighted,False
Breast_MRI_240_z012,Breast_MRI_240,3,0,duke,0.4211037,train,2026,weighted,False
Breast_MRI_240_z013,Breast_MRI_240,3,0,duke,0.4212788,train,2026,weighted,False
Breast_MRI_240_z014,Breast_MRI_240,3,0,duke,0.42115203,train,2026,weighted,False
Breast_MRI_240_z015,Breast_MRI_240,3,0,duke,0.42115504,train,2026,weighted,False
Breast_MRI_240_z016,Breast_MRI_240,3,0,duke,0.4214475,train,2026,weighted,False
Breast_MRI_240_z017,Breast_MRI_240,3,0,duke,0.42143652,train,2026,weighted,False
Breast_MRI_240_z018,Breast_MRI_240,3,0,duke,0.4217307,train,2026,weighted,False
Breast_MRI_240_z019,Breast_MRI_240,3,0,duke,0.42194614,train,2026,weighted,False
Breast_MRI_253_z004,Breast_MRI_253,3,1,duke,0.65055174,train,2026,weighted,False
Breast_MRI_253_z005,Breast_MRI_253,3,1,duke,0.6507589,train,2026,weighted,False
Breast_MRI_253_z006,Breast_MRI_253,3,1,duke,0.65080833,train,2026,weighted,False
Breast_MRI_253_z007,Breast_MRI_253,3,1,duke,0.6508187,train,2026,weighted,False
Breast_MRI_253_z008,Breast_MRI_253,3,1,duke,0.6508456,train,2026,weighted,False
Breast_MRI_253_z009,Breast_MRI_253,3,1,duke,0.6507461,train,2026,weighted,False
Breast_MRI_253_z010,Breast_MRI_253,3,1,duke,0.6507541,train,2026,weighted,False
Breast_MRI_253_z011,Breast_MRI_253,3,1,duke,0.6509975,train,2026,weighted,False
Breast_MRI_253_z012,Breast_MRI_253,3,1,duke,0.6511255,train,2026,weighted,False
Breast_MRI_253_z013,Breast_MRI_253,3,1,duke,0.65102124,train,2026,weighted,False
Breast_MRI_283_z006,Breast_MRI_283,3,0,duke,0.67744434,train,2026,weighted,False
Breast_MRI_283_z007,Breast_MRI_283,3,0,duke,0.67755663,train,2026,weighted,False
Breast_MRI_283_z008,Breast_MRI_283,3,0,duke,0.6777582,train,2026,weighted,False
Breast_MRI_283_z009,Breast_MRI_283,3,0,duke,0.6779973,train,2026,weighted,False
Breast_MRI_283_z010,Breast_MRI_283,3,0,duke,0.67766106,train,2026,weighted,False
Breast_MRI_283_z011,Breast_MRI_283,3,0,duke,0.6772774,train,2026,weighted,False
Breast_MRI_283_z012,Breast_MRI_283,3,0,duke,0.67686766,train,2026,weighted,False
Breast_MRI_283_z013,Breast_MRI_283,3,0,duke,0.67620665,train,2026,weighted,False
Breast_MRI_283_z014,Breast_MRI_283,3,0,duke,0.67498744,train,2026,weighted,False
Breast_MRI_283_z015,Breast_MRI_283,3,0,duke,0.6736023,train,2026,weighted,False
Breast_MRI_301_z007,Breast_MRI_301,3,1,duke,0.31774372,train,2026,weighted,False
Breast_MRI_301_z008,Breast_MRI_301,3,1,duke,0.31818828,train,2026,weighted,False
Breast_MRI_301_z009,Breast_MRI_301,3,1,duke,0.3175232,train,2026,weighted,False
Breast_MRI_301_z010,Breast_MRI_301,3,1,duke,0.31734875,train,2026,weighted,False
Breast_MRI_301_z011,Breast_MRI_301,3,1,duke,0.31802413,train,2026,weighted,False
Breast_MRI_301_z012,Breast_MRI_301,3,1,duke,0.318355,train,2026,weighted,False
Breast_MRI_301_z013,Breast_MRI_301,3,1,duke,0.31734002,train,2026,weighted,False
Breast_MRI_301_z014,Breast_MRI_301,3,1,duke,0.31672466,train,2026,weighted,False
Breast_MRI_301_z015,Breast_MRI_301,3,1,duke,0.31636748,train,2026,weighted,False
Breast_MRI_301_z016,Breast_MRI_301,3,1,duke,0.3143978,train,2026,weighted,False
Breast_MRI_333_z004,Breast_MRI_333,3,0,duke,0.410606,train,2026,weighted,False
Breast_MRI_333_z005,Breast_MRI_333,3,0,duke,0.40932027,train,2026,weighted,False
Breast_MRI_333_z006,Breast_MRI_333,3,0,duke,0.40925,train,2026,weighted,False
Breast_MRI_333_z007,Breast_MRI_333,3,0,duke,0.4096861,train,2026,weighted,False
Breast_MRI_333_z008,Breast_MRI_333,3,0,duke,0.4100295,train,2026,weighted,False
Breast_MRI_333_z009,Breast_MRI_333,3,0,duke,0.4105297,train,2026,weighted,False
Breast_MRI_333_z010,Breast_MRI_333,3,0,duke,0.4095776,train,2026,weighted,False
Breast_MRI_333_z011,Breast_MRI_333,3,0,duke,0.40841582,train,2026,weighted,False
Breast_MRI_333_z012,Breast_MRI_333,3,0,duke,0.40762904,train,2026,weighted,False
Breast_MRI_333_z013,Breast_MRI_333,3,0,duke,0.40705144,train,2026,weighted,False
Breast_MRI_372_z002,Breast_MRI_372,3,0,duke,0.419136,train,2026,weighted,False
Breast_MRI_372_z003,Breast_MRI_372,3,0,duke,0.41902533,train,2026,weighted,False
Breast_MRI_372_z004,Breast_MRI_372,3,0,duke,0.4190658,train,2026,weighted,False
Breast_MRI_372_z005,Breast_MRI_372,3,0,duke,0.41903993,train,2026,weighted,False
Breast_MRI_372_z006,Breast_MRI_372,3,0,duke,0.41871357,train,2026,weighted,False
Breast_MRI_387_z018,Breast_MRI_387,3,0,duke,0.29552403,train,2026,weighted,False
Breast_MRI_387_z019,Breast_MRI_387,3,0,duke,0.29411328,train,2026,weighted,False
Breast_MRI_387_z020,Breast_MRI_387,3,0,duke,0.2924899,train,2026,weighted,False
Breast_MRI_387_z021,Breast_MRI_387,3,0,duke,0.29076013,train,2026,weighted,False
Breast_MRI_387_z022,Breast_MRI_387,3,0,duke,0.29051477,train,2026,weighted,False
Breast_MRI_387_z023,Breast_MRI_387,3,0,duke,0.2933773,train,2026,weighted,False
Breast_MRI_387_z024,Breast_MRI_387,3,0,duke,0.29477826,train,2026,weighted,False
Breast_MRI_387_z025,Breast_MRI_387,3,0,duke,0.29502118,train,2026,weighted,False
Breast_MRI_387_z026,Breast_MRI_387,3,0,duke,0.2944729,train,2026,weighted,False
Breast_MRI_387_z027,Breast_MRI_387,3,0,duke,0.29443836,train,2026,weighted,False
Breast_MRI_399_z006,Breast_MRI_399,3,0,duke,0.37752584,train,2026,weighted,False
Breast_MRI_399_z007,Breast_MRI_399,3,0,duke,0.3775361,train,2026,weighted,False
Breast_MRI_399_z008,Breast_MRI_399,3,0,duke,0.37762436,train,2026,weighted,False
Breast_MRI_399_z009,Breast_MRI_399,3,0,duke,0.3778983,train,2026,weighted,False
Breast_MRI_399_z010,Breast_MRI_399,3,0,duke,0.3781515,train,2026,weighted,False
Breast_MRI_399_z011,Breast_MRI_399,3,0,duke,0.37818527,train,2026,weighted,False
Breast_MRI_399_z012,Breast_MRI_399,3,0,duke,0.3781797,train,2026,weighted,False
Breast_MRI_399_z013,Breast_MRI_399,3,0,duke,0.3780796,train,2026,weighted,False
Breast_MRI_399_z014,Breast_MRI_399,3,0,duke,0.37799594,train,2026,weighted,False
Breast_MRI_399_z015,Breast_MRI_399,3,0,duke,0.37807512,train,2026,weighted,False
Breast_MRI_431_z003,Breast_MRI_431,3,0,duke,0.85883754,train,2026,weighted,False
Breast_MRI_431_z004,Breast_MRI_431,3,0,duke,0.8582487,train,2026,weighted,False
Breast_MRI_431_z005,Breast_MRI_431,3,0,duke,0.85719,train,2026,weighted,False
Breast_MRI_431_z006,Breast_MRI_431,3,0,duke,0.8575392,train,2026,weighted,False
Breast_MRI_431_z007,Breast_MRI_431,3,0,duke,0.85738426,train,2026,weighted,False
Breast_MRI_431_z008,Breast_MRI_431,3,0,duke,0.8555439,train,2026,weighted,False
Breast_MRI_431_z009,Breast_MRI_431,3,0,duke,0.855611,train,2026,weighted,False
Breast_MRI_431_z010,Breast_MRI_431,3,0,duke,0.85599744,train,2026,weighted,False
Breast_MRI_431_z011,Breast_MRI_431,3,0,duke,0.8572522,train,2026,weighted,False
Breast_MRI_431_z012,Breast_MRI_431,3,0,duke,0.8572022,train,2026,weighted,False
Breast_MRI_450_z002,Breast_MRI_450,3,0,duke,0.30226284,train,2026,weighted,False
Breast_MRI_450_z003,Breast_MRI_450,3,0,duke,0.30289093,train,2026,weighted,False
Breast_MRI_450_z004,Breast_MRI_450,3,0,duke,0.30257413,train,2026,weighted,False
Breast_MRI_450_z005,Breast_MRI_450,3,0,duke,0.30272597,train,2026,weighted,False
Breast_MRI_450_z006,Breast_MRI_450,3,0,duke,0.30264354,train,2026,weighted,False
Breast_MRI_450_z007,Breast_MRI_450,3,0,duke,0.3027151,train,2026,weighted,False
Breast_MRI_450_z008,Breast_MRI_450,3,0,duke,0.30258664,train,2026,weighted,False
Breast_MRI_464_z014,Breast_MRI_464,3,0,duke,0.25485903,train,2026,weighted,False
Breast_MRI_464_z015,Breast_MRI_464,3,0,duke,0.2556026,train,2026,weighted,False
Breast_MRI_464_z016,Breast_MRI_464,3,0,duke,0.2556449,train,2026,weighted,False
Breast_MRI_464_z017,Breast_MRI_464,3,0,duke,0.25584868,train,2026,weighted,False
Breast_MRI_464_z018,Breast_MRI_464,3,0,duke,0.25600424,train,2026,weighted,False
Breast_MRI_464_z019,Breast_MRI_464,3,0,duke,0.254084,train,2026,weighted,False
Breast_MRI_464_z020,Breast_MRI_464,3,0,duke,0.25365782,train,2026,weighted,False
Breast_MRI_464_z021,Breast_MRI_464,3,0,duke,0.2531737,train,2026,weighted,False
Breast_MRI_464_z022,Breast_MRI_464,3,0,duke,0.2524772,train,2026,weighted,False
Breast_MRI_464_z023,Breast_MRI_464,3,0,duke,0.25225663,train,2026,weighted,False
Breast_MRI_482_z002,Breast_MRI_482,3,1,duke,0.79684293,train,2026,weighted,False
Breast_MRI_482_z003,Breast_MRI_482,3,1,duke,0.7965513,train,2026,weighted,False
Breast_MRI_482_z004,Breast_MRI_482,3,1,duke,0.79591095,train,2026,weighted,False
Breast_MRI_482_z005,Breast_MRI_482,3,1,duke,0.79547423,train,2026,weighted,False
Breast_MRI_482_z006,Breast_MRI_482,3,1,duke,0.7950973,train,2026,weighted,False
Breast_MRI_482_z007,Breast_MRI_482,3,1,duke,0.794923,train,2026,weighted,False
Breast_MRI_482_z008,Breast_MRI_482,3,1,duke,0.7949276,train,2026,weighted,False
Breast_MRI_482_z009,Breast_MRI_482,3,1,duke,0.79498833,train,2026,weighted,False
Breast_MRI_482_z010,Breast_MRI_482,3,1,duke,0.7944051,train,2026,weighted,False
Breast_MRI_482_z011,Breast_MRI_482,3,1,duke,0.7946289,train,2026,weighted,False
Breast_MRI_517_z013,Breast_MRI_517,3,0,duke,0.24008876,train,2026,weighted,False
Breast_MRI_517_z014,Breast_MRI_517,3,0,duke,0.23985922,train,2026,weighted,False
Breast_MRI_517_z015,Breast_MRI_517,3,0,duke,0.23960617,train,2026,weighted,False
Breast_MRI_517_z016,Breast_MRI_517,3,0,duke,0.23936489,train,2026,weighted,False
Breast_MRI_517_z017,Breast_MRI_517,3,0,duke,0.23954128,train,2026,weighted,False
Breast_MRI_517_z018,Breast_MRI_517,3,0,duke,0.23945771,train,2026,weighted,False
Breast_MRI_517_z019,Breast_MRI_517,3,0,duke,0.23928253,train,2026,weighted,False
Breast_MRI_517_z020,Breast_MRI_517,3,0,duke,0.23921326,train,2026,weighted,False
Breast_MRI_517_z021,Breast_MRI_517,3,0,duke,0.23923847,train,2026,weighted,False
Breast_MRI_517_z022,Breast_MRI_517,3,0,duke,0.23920856,train,2026,weighted,False
Breast_MRI_539_z028,Breast_MRI_539,3,1,duke,0.40689802,train,2026,weighted,False
Breast_MRI_539_z029,Breast_MRI_539,3,1,duke,0.40684694,train,2026,weighted,False
Breast_MRI_539_z030,Breast_MRI_539,3,1,duke,0.40682313,train,2026,weighted,False
Breast_MRI_539_z031,Breast_MRI_539,3,1,duke,0.40679657,train,2026,weighted,False
Breast_MRI_539_z032,Breast_MRI_539,3,1,duke,0.40687317,train,2026,weighted,False
Breast_MRI_539_z033,Breast_MRI_539,3,1,duke,0.40690592,train,2026,weighted,False
Breast_MRI_539_z034,Breast_MRI_539,3,1,duke,0.40695623,train,2026,weighted,False
Breast_MRI_539_z035,Breast_MRI_539,3,1,duke,0.4068104,train,2026,weighted,False
Breast_MRI_539_z036,Breast_MRI_539,3,1,duke,0.4069384,train,2026,weighted,False
Breast_MRI_539_z037,Breast_MRI_539,3,1,duke,0.4068927,train,2026,weighted,False
Breast_MRI_543_z024,Breast_MRI_543,3,0,duke,0.5240291,train,2026,weighted,False
Breast_MRI_543_z025,Breast_MRI_543,3,0,duke,0.5238318,train,2026,weighted,False
Breast_MRI_543_z026,Breast_MRI_543,3,0,duke,0.5237609,train,2026,weighted,False
Breast_MRI_543_z027,Breast_MRI_543,3,0,duke,0.52391094,train,2026,weighted,False
Breast_MRI_543_z028,Breast_MRI_543,3,0,duke,0.52402705,train,2026,weighted,False
Breast_MRI_543_z029,Breast_MRI_543,3,0,duke,0.52404493,train,2026,weighted,False
Breast_MRI_543_z030,Breast_MRI_543,3,0,duke,0.5237291,train,2026,weighted,False
Breast_MRI_543_z031,Breast_MRI_543,3,0,duke,0.52366424,train,2026,weighted,False
Breast_MRI_543_z032,Breast_MRI_543,3,0,duke,0.52366763,train,2026,weighted,False
Breast_MRI_543_z033,Breast_MRI_543,3,0,duke,0.52365375,train,2026,weighted,False
Breast_MRI_590_z019,Breast_MRI_590,3,0,duke,0.38649732,train,2026,weighted,False
Breast_MRI_590_z020,Breast_MRI_590,3,0,duke,0.38659334,train,2026,weighted,False
Breast_MRI_590_z021,Breast_MRI_590,3,0,duke,0.3864646,train,2026,weighted,False
Breast_MRI_590_z022,Breast_MRI_590,3,0,duke,0.38633245,train,2026,weighted,False
Breast_MRI_590_z023,Breast_MRI_590,3,0,duke,0.38597104,train,2026,weighted,False
Breast_MRI_590_z024,Breast_MRI_590,3,0,duke,0.38567445,train,2026,weighted,False
Breast_MRI_590_z025,Breast_MRI_590,3,0,duke,0.3852733,train,2026,weighted,False
Breast_MRI_590_z026,Breast_MRI_590,3,0,duke,0.38513073,train,2026,weighted,False
Breast_MRI_590_z027,Breast_MRI_590,3,0,duke,0.38489968,train,2026,weighted,False
Breast_MRI_590_z028,Breast_MRI_590,3,0,duke,0.384838,train,2026,weighted,False
Breast_MRI_607_z008,Breast_MRI_607,3,0,duke,0.63560045,train,2026,weighted,False
Breast_MRI_607_z009,Breast_MRI_607,3,0,duke,0.6342034,train,2026,weighted,False
Breast_MRI_607_z010,Breast_MRI_607,3,0,duke,0.6336567,train,2026,weighted,False
Breast_MRI_607_z011,Breast_MRI_607,3,0,duke,0.63329166,train,2026,weighted,False
Breast_MRI_607_z012,Breast_MRI_607,3,0,duke,0.633114,train,2026,weighted,False
Breast_MRI_607_z013,Breast_MRI_607,3,0,duke,0.6311595,train,2026,weighted,False
Breast_MRI_607_z014,Breast_MRI_607,3,0,duke,0.6297612,train,2026,weighted,False
Breast_MRI_607_z015,Breast_MRI_607,3,0,duke,0.6286552,train,2026,weighted,False
Breast_MRI_607_z016,Breast_MRI_607,3,0,duke,0.62718385,train,2026,weighted,False
Breast_MRI_607_z017,Breast_MRI_607,3,0,duke,0.62665004,train,2026,weighted,False
Breast_MRI_618_z021,Breast_MRI_618,3,0,duke,0.24791645,train,2026,weighted,False
Breast_MRI_618_z022,Breast_MRI_618,3,0,duke,0.2480977,train,2026,weighted,False
Breast_MRI_618_z023,Breast_MRI_618,3,0,duke,0.2479075,train,2026,weighted,False
Breast_MRI_618_z024,Breast_MRI_618,3,0,duke,0.24811411,train,2026,weighted,False
Breast_MRI_618_z025,Breast_MRI_618,3,0,duke,0.24812424,train,2026,weighted,False
Breast_MRI_618_z026,Breast_MRI_618,3,0,duke,0.24810264,train,2026,weighted,False
Breast_MRI_618_z027,Breast_MRI_618,3,0,duke,0.24813493,train,2026,weighted,False
Breast_MRI_618_z028,Breast_MRI_618,3,0,duke,0.24809976,train,2026,weighted,False
Breast_MRI_618_z029,Breast_MRI_618,3,0,duke,0.24802417,train,2026,weighted,False
Breast_MRI_618_z030,Breast_MRI_618,3,0,duke,0.24798839,train,2026,weighted,False
Breast_MRI_648_z006,Breast_MRI_648,3,0,duke,0.32167533,train,2026,weighted,False
Breast_MRI_648_z007,Breast_MRI_648,3,0,duke,0.3208412,train,2026,weighted,False
Breast_MRI_648_z008,Breast_MRI_648,3,0,duke,0.31981608,train,2026,weighted,False
Breast_MRI_648_z009,Breast_MRI_648,3,0,duke,0.3189981,train,2026,weighted,False
Breast_MRI_648_z010,Breast_MRI_648,3,0,duke,0.31882787,train,2026,weighted,False
Breast_MRI_648_z011,Breast_MRI_648,3,0,duke,0.31763464,train,2026,weighted,False
Breast_MRI_648_z012,Breast_MRI_648,3,0,duke,0.3173951,train,2026,weighted,False
Breast_MRI_648_z013,Breast_MRI_648,3,0,duke,0.31730232,train,2026,weighted,False
Breast_MRI_648_z014,Breast_MRI_648,3,0,duke,0.31732264,train,2026,weighted,False
Breast_MRI_648_z015,Breast_MRI_648,3,0,duke,0.31816244,train,2026,weighted,False
Breast_MRI_656_z005,Breast_MRI_656,3,1,duke,0.6325062,train,2026,weighted,False
Breast_MRI_656_z006,Breast_MRI_656,3,1,duke,0.63246006,train,2026,weighted,False
Breast_MRI_656_z007,Breast_MRI_656,3,1,duke,0.6323718,train,2026,weighted,False
Breast_MRI_656_z008,Breast_MRI_656,3,1,duke,0.63275033,train,2026,weighted,False
Breast_MRI_656_z009,Breast_MRI_656,3,1,duke,0.63260555,train,2026,weighted,False
Breast_MRI_656_z010,Breast_MRI_656,3,1,duke,0.63246846,train,2026,weighted,False
Breast_MRI_656_z011,Breast_MRI_656,3,1,duke,0.6330277,train,2026,weighted,False
Breast_MRI_656_z012,Breast_MRI_656,3,1,duke,0.633542,train,2026,weighted,False
Breast_MRI_656_z013,Breast_MRI_656,3,1,duke,0.6328333,train,2026,weighted,False
Breast_MRI_656_z014,Breast_MRI_656,3,1,duke,0.63139254,train,2026,weighted,False
Breast_MRI_679_z016,Breast_MRI_679,3,0,duke,0.8047896,train,2026,weighted,False
Breast_MRI_679_z017,Breast_MRI_679,3,0,duke,0.8048899,train,2026,weighted,False
Breast_MRI_679_z018,Breast_MRI_679,3,0,duke,0.8050748,train,2026,weighted,False
Breast_MRI_679_z019,Breast_MRI_679,3,0,duke,0.80525464,train,2026,weighted,False
Breast_MRI_679_z020,Breast_MRI_679,3,0,duke,0.80536574,train,2026,weighted,False
Breast_MRI_679_z021,Breast_MRI_679,3,0,duke,0.80533415,train,2026,weighted,False
Breast_MRI_679_z022,Breast_MRI_679,3,0,duke,0.8053655,train,2026,weighted,False
Breast_MRI_679_z023,Breast_MRI_679,3,0,duke,0.8053796,train,2026,weighted,False
Breast_MRI_679_z024,Breast_MRI_679,3,0,duke,0.8053763,train,2026,weighted,False
Breast_MRI_679_z025,Breast_MRI_679,3,0,duke,0.80535585,train,2026,weighted,False
Breast_MRI_693_z014,Breast_MRI_693,3,0,duke,0.55106926,train,2026,weighted,False
Breast_MRI_693_z015,Breast_MRI_693,3,0,duke,0.5516267,train,2026,weighted,False
Breast_MRI_693_z016,Breast_MRI_693,3,0,duke,0.55401474,train,2026,weighted,False
Breast_MRI_693_z017,Breast_MRI_693,3,0,duke,0.5567239,train,2026,weighted,False
Breast_MRI_693_z018,Breast_MRI_693,3,0,duke,0.55653036,train,2026,weighted,False
Breast_MRI_693_z019,Breast_MRI_693,3,0,duke,0.5556797,train,2026,weighted,False
Breast_MRI_693_z020,Breast_MRI_693,3,0,duke,0.5540765,train,2026,weighted,False
Breast_MRI_693_z021,Breast_MRI_693,3,0,duke,0.55149376,train,2026,weighted,False
Breast_MRI_693_z022,Breast_MRI_693,3,0,duke,0.54946303,train,2026,weighted,False
Breast_MRI_693_z023,Breast_MRI_693,3,0,duke,0.5486228,train,2026,weighted,False
Breast_MRI_723_z008,Breast_MRI_723,3,0,duke,0.60574085,train,2026,weighted,False
Breast_MRI_723_z009,Breast_MRI_723,3,0,duke,0.60581964,train,2026,weighted,False
Breast_MRI_723_z010,Breast_MRI_723,3,0,duke,0.6060055,train,2026,weighted,False
Breast_MRI_723_z011,Breast_MRI_723,3,0,duke,0.60616577,train,2026,weighted,False
Breast_MRI_723_z012,Breast_MRI_723,3,0,duke,0.6063195,train,2026,weighted,False
Breast_MRI_723_z013,Breast_MRI_723,3,0,duke,0.60579056,train,2026,weighted,False
Breast_MRI_723_z014,Breast_MRI_723,3,0,duke,0.604585,train,2026,weighted,False
Breast_MRI_723_z015,Breast_MRI_723,3,0,duke,0.6023262,train,2026,weighted,False
Breast_MRI_723_z016,Breast_MRI_723,3,0,duke,0.599232,train,2026,weighted,False
Breast_MRI_723_z017,Breast_MRI_723,3,0,duke,0.59543633,train,2026,weighted,False
Breast_MRI_746_z009,Breast_MRI_746,3,0,duke,0.3031097,train,2026,weighted,False
Breast_MRI_746_z010,Breast_MRI_746,3,0,duke,0.30300954,train,2026,weighted,False
Breast_MRI_746_z011,Breast_MRI_746,3,0,duke,0.30323058,train,2026,weighted,False
Breast_MRI_746_z012,Breast_MRI_746,3,0,duke,0.3032338,train,2026,weighted,False
Breast_MRI_746_z013,Breast_MRI_746,3,0,duke,0.30330268,train,2026,weighted,False
Breast_MRI_746_z014,Breast_MRI_746,3,0,duke,0.30338478,train,2026,weighted,False
Breast_MRI_746_z015,Breast_MRI_746,3,0,duke,0.30339652,train,2026,weighted,False
Breast_MRI_746_z016,Breast_MRI_746,3,0,duke,0.30342862,train,2026,weighted,False
Breast_MRI_746_z017,Breast_MRI_746,3,0,duke,0.30324277,train,2026,weighted,False
Breast_MRI_746_z018,Breast_MRI_746,3,0,duke,0.30315518,train,2026,weighted,False
Breast_MRI_778_z022,Breast_MRI_778,3,0,duke,0.48277262,train,2026,weighted,False
Breast_MRI_778_z023,Breast_MRI_778,3,0,duke,0.4828084,train,2026,weighted,False
Breast_MRI_778_z024,Breast_MRI_778,3,0,duke,0.48258728,train,2026,weighted,False
Breast_MRI_778_z025,Breast_MRI_778,3,0,duke,0.48274723,train,2026,weighted,False
Breast_MRI_778_z026,Breast_MRI_778,3,0,duke,0.48301497,train,2026,weighted,False
Breast_MRI_778_z027,Breast_MRI_778,3,0,duke,0.48290175,train,2026,weighted,False
Breast_MRI_778_z028,Breast_MRI_778,3,0,duke,0.48282838,train,2026,weighted,False
Breast_MRI_778_z029,Breast_MRI_778,3,0,duke,0.48300907,train,2026,weighted,False
Breast_MRI_778_z030,Breast_MRI_778,3,0,duke,0.4829074,train,2026,weighted,False
Breast_MRI_778_z031,Breast_MRI_778,3,0,duke,0.48304346,train,2026,weighted,False
Breast_MRI_817_z022,Breast_MRI_817,3,1,duke,0.67117435,train,2026,weighted,False
Breast_MRI_817_z023,Breast_MRI_817,3,1,duke,0.6713251,train,2026,weighted,False
Breast_MRI_817_z024,Breast_MRI_817,3,1,duke,0.6714017,train,2026,weighted,False
Breast_MRI_817_z025,Breast_MRI_817,3,1,duke,0.67150795,train,2026,weighted,False
Breast_MRI_817_z026,Breast_MRI_817,3,1,duke,0.6716292,train,2026,weighted,False
Breast_MRI_817_z027,Breast_MRI_817,3,1,duke,0.67161494,train,2026,weighted,False
Breast_MRI_817_z028,Breast_MRI_817,3,1,duke,0.67169803,train,2026,weighted,False
Breast_MRI_817_z029,Breast_MRI_817,3,1,duke,0.6719188,train,2026,weighted,False
Breast_MRI_817_z030,Breast_MRI_817,3,1,duke,0.67208654,train,2026,weighted,False
Breast_MRI_817_z031,Breast_MRI_817,3,1,duke,0.6722033,train,2026,weighted,False
Breast_MRI_847_z004,Breast_MRI_847,3,0,duke,0.69883764,train,2026,weighted,False
Breast_MRI_847_z005,Breast_MRI_847,3,0,duke,0.69951254,train,2026,weighted,False
Breast_MRI_847_z006,Breast_MRI_847,3,0,duke,0.6988866,train,2026,weighted,False
Breast_MRI_847_z007,Breast_MRI_847,3,0,duke,0.6988928,train,2026,weighted,False
Breast_MRI_847_z008,Breast_MRI_847,3,0,duke,0.6979251,train,2026,weighted,False
Breast_MRI_847_z009,Breast_MRI_847,3,0,duke,0.6966679,train,2026,weighted,False
Breast_MRI_847_z010,Breast_MRI_847,3,0,duke,0.69660413,train,2026,weighted,False
Breast_MRI_847_z011,Breast_MRI_847,3,0,duke,0.69630146,train,2026,weighted,False
Breast_MRI_847_z012,Breast_MRI_847,3,0,duke,0.6955614,train,2026,weighted,False
Breast_MRI_847_z013,Breast_MRI_847,3,0,duke,0.6941611,train,2026,weighted,False
Breast_MRI_877_z004,Breast_MRI_877,3,0,duke,0.33703434,train,2026,weighted,False
Breast_MRI_877_z005,Breast_MRI_877,3,0,duke,0.33682892,train,2026,weighted,False
Breast_MRI_877_z006,Breast_MRI_877,3,0,duke,0.33638006,train,2026,weighted,False
Breast_MRI_877_z007,Breast_MRI_877,3,0,duke,0.33601326,train,2026,weighted,False
Breast_MRI_877_z008,Breast_MRI_877,3,0,duke,0.33646956,train,2026,weighted,False
Breast_MRI_877_z009,Breast_MRI_877,3,0,duke,0.33663738,train,2026,weighted,False
Breast_MRI_877_z010,Breast_MRI_877,3,0,duke,0.33648416,train,2026,weighted,False
Breast_MRI_877_z011,Breast_MRI_877,3,0,duke,0.3352884,train,2026,weighted,False
Breast_MRI_877_z012,Breast_MRI_877,3,0,duke,0.33553648,train,2026,weighted,False
Breast_MRI_877_z013,Breast_MRI_877,3,0,duke,0.3358122,train,2026,weighted,False
Breast_MRI_884_z013,Breast_MRI_884,3,0,duke,0.52798486,train,2026,weighted,False
Breast_MRI_884_z014,Breast_MRI_884,3,0,duke,0.52814287,train,2026,weighted,False
Breast_MRI_884_z015,Breast_MRI_884,3,0,duke,0.5284496,train,2026,weighted,False
Breast_MRI_884_z016,Breast_MRI_884,3,0,duke,0.5283624,train,2026,weighted,False
Breast_MRI_884_z017,Breast_MRI_884,3,0,duke,0.5283639,train,2026,weighted,False
Breast_MRI_884_z018,Breast_MRI_884,3,0,duke,0.5284129,train,2026,weighted,False
Breast_MRI_884_z019,Breast_MRI_884,3,0,duke,0.5286116,train,2026,weighted,False
Breast_MRI_884_z020,Breast_MRI_884,3,0,duke,0.52884173,train,2026,weighted,False
Breast_MRI_884_z021,Breast_MRI_884,3,0,duke,0.5290328,train,2026,weighted,False
Breast_MRI_884_z022,Breast_MRI_884,3,0,duke,0.5288076,train,2026,weighted,False
Breast_MRI_916_z004,Breast_MRI_916,3,0,duke,0.30364522,train,2026,weighted,False
Breast_MRI_916_z005,Breast_MRI_916,3,0,duke,0.3033987,train,2026,weighted,False
Breast_MRI_916_z006,Breast_MRI_916,3,0,duke,0.30347654,train,2026,weighted,False
Breast_MRI_916_z007,Breast_MRI_916,3,0,duke,0.30381346,train,2026,weighted,False
Breast_MRI_916_z008,Breast_MRI_916,3,0,duke,0.30395907,train,2026,weighted,False
Breast_MRI_916_z009,Breast_MRI_916,3,0,duke,0.30389914,train,2026,weighted,False
Breast_MRI_916_z010,Breast_MRI_916,3,0,duke,0.30368885,train,2026,weighted,False
Breast_MRI_916_z011,Breast_MRI_916,3,0,duke,0.30374905,train,2026,weighted,False
Breast_MRI_916_z012,Breast_MRI_916,3,0,duke,0.30441135,train,2026,weighted,False
Breast_MRI_916_z013,Breast_MRI_916,3,0,duke,0.30441573,train,2026,weighted,False
ISPY2-756412_z009,ISPY2-756412,3,0,spy2,0.29885343,train,2026,weighted,False
ISPY2-756412_z010,ISPY2-756412,3,0,spy2,0.2976637,train,2026,weighted,False
ISPY2-756412_z011,ISPY2-756412,3,0,spy2,0.29587767,train,2026,weighted,False
ISPY2-756412_z012,ISPY2-756412,3,0,spy2,0.29513648,train,2026,weighted,False
ISPY2-756412_z013,ISPY2-756412,3,0,spy2,0.2940538,train,2026,weighted,False
ISPY2-756412_z014,ISPY2-756412,3,0,spy2,0.29420552,train,2026,weighted,False
ISPY2-756412_z015,ISPY2-756412,3,0,spy2,0.29327768,train,2026,weighted,False
ISPY2-756412_z016,ISPY2-756412,3,0,spy2,0.2895933,train,2026,weighted,False
ISPY2-756412_z017,ISPY2-756412,3,0,spy2,0.28799632,train,2026,weighted,False
ISPY2-756412_z022,ISPY2-756412,3,0,spy2,0.28717652,train,2026,weighted,False
ISPY2-451816_z017,ISPY2-451816,3,0,spy2,0.30610496,train,2026,weighted,False
ISPY2-451816_z018,ISPY2-451816,3,0,spy2,0.30604738,train,2026,weighted,False
ISPY2-451816_z019,ISPY2-451816,3,0,spy2,0.30605122,train,2026,weighted,False
ISPY2-451816_z021,ISPY2-451816,3,0,spy2,0.30599934,train,2026,weighted,False
ISPY2-451816_z022,ISPY2-451816,3,0,spy2,0.30611134,train,2026,weighted,False
ISPY2-451816_z023,ISPY2-451816,3,0,spy2,0.30625966,train,2026,weighted,False
ISPY2-451816_z027,ISPY2-451816,3,0,spy2,0.306241,train,2026,weighted,False
ISPY2-451816_z028,ISPY2-451816,3,0,spy2,0.3062256,train,2026,weighted,False
ISPY2-451816_z029,ISPY2-451816,3,0,spy2,0.30612344,train,2026,weighted,False
ISPY2-451816_z030,ISPY2-451816,3,0,spy2,0.30611923,train,2026,weighted,False
ISPY2-208265_z033,ISPY2-208265,3,1,spy2,0.6218422,train,2026,weighted,False
ISPY2-208265_z034,ISPY2-208265,3,1,spy2,0.6219583,train,2026,weighted,False
ISPY2-208265_z035,ISPY2-208265,3,1,spy2,0.62224644,train,2026,weighted,False
ISPY2-208265_z036,ISPY2-208265,3,1,spy2,0.6225452,train,2026,weighted,False
ISPY2-208265_z037,ISPY2-208265,3,1,spy2,0.6218754,train,2026,weighted,False
ISPY2-208265_z038,ISPY2-208265,3,1,spy2,0.6214468,train,2026,weighted,False
ISPY2-208265_z039,ISPY2-208265,3,1,spy2,0.62180436,train,2026,weighted,False
ISPY2-208265_z040,ISPY2-208265,3,1,spy2,0.6222077,train,2026,weighted,False
ISPY2-208265_z041,ISPY2-208265,3,1,spy2,0.622641,train,2026,weighted,False
ISPY2-208265_z042,ISPY2-208265,3,1,spy2,0.6234598,train,2026,weighted,False
ISPY2-637752_z022,ISPY2-637752,3,1,spy2,0.5892012,train,2026,weighted,False
ISPY2-637752_z023,ISPY2-637752,3,1,spy2,0.5890548,train,2026,weighted,False
ISPY2-637752_z024,ISPY2-637752,3,1,spy2,0.588806,train,2026,weighted,False
ISPY2-637752_z025,ISPY2-637752,3,1,spy2,0.5885756,train,2026,weighted,False
ISPY2-637752_z026,ISPY2-637752,3,1,spy2,0.58784354,train,2026,weighted,False
ISPY2-637752_z027,ISPY2-637752,3,1,spy2,0.5876352,train,2026,weighted,False
ISPY2-637752_z029,ISPY2-637752,3,1,spy2,0.58782864,train,2026,weighted,False
ISPY2-637752_z030,ISPY2-637752,3,1,spy2,0.5875942,train,2026,weighted,False
ISPY2-637752_z031,ISPY2-637752,3,1,spy2,0.5873394,train,2026,weighted,False
ISPY2-637752_z032,ISPY2-637752,3,1,spy2,0.5878056,train,2026,weighted,False
ISPY2-327133_z045,ISPY2-327133,3,0,spy2,0.41716564,train,2026,weighted,False
ISPY2-327133_z046,ISPY2-327133,3,0,spy2,0.41735655,train,2026,weighted,False
ISPY2-327133_z047,ISPY2-327133,3,0,spy2,0.41704556,train,2026,weighted,False
ISPY2-327133_z050,ISPY2-327133,3,0,spy2,0.41760552,train,2026,weighted,False
ISPY2-327133_z051,ISPY2-327133,3,0,spy2,0.417921,train,2026,weighted,False
ISPY2-327133_z058,ISPY2-327133,3,0,spy2,0.41756305,train,2026,weighted,False
ISPY2-327133_z059,ISPY2-327133,3,0,spy2,0.41805384,train,2026,weighted,False
ISPY2-327133_z063,ISPY2-327133,3,0,spy2,0.41800028,train,2026,weighted,False
ISPY2-327133_z064,ISPY2-327133,3,0,spy2,0.41781837,train,2026,weighted,False
ISPY2-327133_z065,ISPY2-327133,3,0,spy2,0.41776702,train,2026,weighted,False
ACRIN-6698-641977_z006,ACRIN-6698-641977,3,0,spy2,0.24914865,train,2026,weighted,False
ACRIN-6698-641977_z007,ACRIN-6698-641977,3,0,spy2,0.24811843,train,2026,weighted,False
ACRIN-6698-641977_z008,ACRIN-6698-641977,3,0,spy2,0.24732246,train,2026,weighted,False
ACRIN-6698-641977_z009,ACRIN-6698-641977,3,0,spy2,0.24679437,train,2026,weighted,False
ACRIN-6698-641977_z010,ACRIN-6698-641977,3,0,spy2,0.24664292,train,2026,weighted,False
ACRIN-6698-641977_z011,ACRIN-6698-641977,3,0,spy2,0.24659902,train,2026,weighted,False
ACRIN-6698-641977_z012,ACRIN-6698-641977,3,0,spy2,0.24628292,train,2026,weighted,False
ACRIN-6698-641977_z013,ACRIN-6698-641977,3,0,spy2,0.24548432,train,2026,weighted,False
ACRIN-6698-641977_z014,ACRIN-6698-641977,3,0,spy2,0.24481799,train,2026,weighted,False
ACRIN-6698-641977_z015,ACRIN-6698-641977,3,0,spy2,0.2439503,train,2026,weighted,False
ISPY2-769972_z007,ISPY2-769972,3,0,spy2,0.27773923,train,2026,weighted,False
ISPY2-769972_z008,ISPY2-769972,3,0,spy2,0.2775542,train,2026,weighted,False
ISPY2-769972_z009,ISPY2-769972,3,0,spy2,0.27747566,train,2026,weighted,False
ISPY2-769972_z010,ISPY2-769972,3,0,spy2,0.27772337,train,2026,weighted,False
ISPY2-769972_z011,ISPY2-769972,3,0,spy2,0.27791172,train,2026,weighted,False
ISPY2-769972_z012,ISPY2-769972,3,0,spy2,0.2780708,train,2026,weighted,False
ISPY2-769972_z013,ISPY2-769972,3,0,spy2,0.2784561,train,2026,weighted,False
ISPY2-769972_z014,ISPY2-769972,3,0,spy2,0.2782502,train,2026,weighted,False
ISPY2-769972_z015,ISPY2-769972,3,0,spy2,0.2784305,train,2026,weighted,False
ISPY2-769972_z016,ISPY2-769972,3,0,spy2,0.27876288,train,2026,weighted,False
ACRIN-6698-264305_z031,ACRIN-6698-264305,3,1,spy2,0.59904754,train,2026,weighted,False
ACRIN-6698-264305_z032,ACRIN-6698-264305,3,1,spy2,0.59942824,train,2026,weighted,False
ACRIN-6698-264305_z033,ACRIN-6698-264305,3,1,spy2,0.5991806,train,2026,weighted,False
ACRIN-6698-264305_z034,ACRIN-6698-264305,3,1,spy2,0.59953284,train,2026,weighted,False
ACRIN-6698-264305_z035,ACRIN-6698-264305,3,1,spy2,0.59954447,train,2026,weighted,False
ACRIN-6698-264305_z036,ACRIN-6698-264305,3,1,spy2,0.5996825,train,2026,weighted,False
ACRIN-6698-264305_z037,ACRIN-6698-264305,3,1,spy2,0.60016954,train,2026,weighted,False
ACRIN-6698-264305_z038,ACRIN-6698-264305,3,1,spy2,0.6007786,train,2026,weighted,False
ACRIN-6698-264305_z039,ACRIN-6698-264305,3,1,spy2,0.6016054,train,2026,weighted,False
ACRIN-6698-264305_z040,ACRIN-6698-264305,3,1,spy2,0.6020569,train,2026,weighted,False
ISPY2-873686_z019,ISPY2-873686,3,0,spy2,0.25315347,train,2026,weighted,False
ISPY2-873686_z020,ISPY2-873686,3,0,spy2,0.25293082,train,2026,weighted,False
ISPY2-873686_z021,ISPY2-873686,3,0,spy2,0.25253782,train,2026,weighted,False
ISPY2-873686_z022,ISPY2-873686,3,0,spy2,0.25253016,train,2026,weighted,False
ISPY2-873686_z023,ISPY2-873686,3,0,spy2,0.25249478,train,2026,weighted,False
ISPY2-873686_z024,ISPY2-873686,3,0,spy2,0.25188348,train,2026,weighted,False
ISPY2-873686_z025,ISPY2-873686,3,0,spy2,0.25224116,train,2026,weighted,False
ISPY2-873686_z026,ISPY2-873686,3,0,spy2,0.25312582,train,2026,weighted,False
ISPY2-873686_z027,ISPY2-873686,3,0,spy2,0.25381282,train,2026,weighted,False
ISPY2-873686_z028,ISPY2-873686,3,0,spy2,0.253768,train,2026,weighted,False
ISPY2-146033_z003,ISPY2-146033,3,1,spy2,0.5608168,train,2026,weighted,False
ISPY2-146033_z004,ISPY2-146033,3,1,spy2,0.56057566,train,2026,weighted,False
ISPY2-146033_z005,ISPY2-146033,3,1,spy2,0.56042385,train,2026,weighted,False
ISPY2-146033_z006,ISPY2-146033,3,1,spy2,0.5603182,train,2026,weighted,False
ISPY2-146033_z007,ISPY2-146033,3,1,spy2,0.5605057,train,2026,weighted,False
ISPY2-146033_z008,ISPY2-146033,3,1,spy2,0.56102955,train,2026,weighted,False
ISPY2-146033_z009,ISPY2-146033,3,1,spy2,0.56099194,train,2026,weighted,False
ISPY2-146033_z010,ISPY2-146033,3,1,spy2,0.56089395,train,2026,weighted,False
ISPY2-146033_z011,ISPY2-146033,3,1,spy2,0.5608715,train,2026,weighted,False
ISPY2-146033_z012,ISPY2-146033,3,1,spy2,0.56087375,train,2026,weighted,False
ISPY2-498985_z019,ISPY2-498985,3,0,spy2,0.5331271,train,2026,weighted,False
ISPY2-498985_z020,ISPY2-498985,3,0,spy2,0.5332849,train,2026,weighted,False
ISPY2-498985_z021,ISPY2-498985,3,0,spy2,0.53322256,train,2026,weighted,False
ISPY2-498985_z022,ISPY2-498985,3,0,spy2,0.5330146,train,2026,weighted,False
ISPY2-498985_z023,ISPY2-498985,3,0,spy2,0.5326863,train,2026,weighted,False
ISPY2-498985_z024,ISPY2-498985,3,0,spy2,0.5326595,train,2026,weighted,False
ISPY2-498985_z025,ISPY2-498985,3,0,spy2,0.53290933,train,2026,weighted,False
ISPY2-498985_z027,ISPY2-498985,3,0,spy2,0.53258336,train,2026,weighted,False
ISPY2-498985_z032,ISPY2-498985,3,0,spy2,0.5339444,train,2026,weighted,False
ISPY2-498985_z033,ISPY2-498985,3,0,spy2,0.53444713,train,2026,weighted,False
ISPY2-570685_z004,ISPY2-570685,3,0,spy2,0.43877426,train,2026,weighted,False
ISPY2-570685_z005,ISPY2-570685,3,0,spy2,0.44004598,train,2026,weighted,False
ISPY2-570685_z007,ISPY2-570685,3,0,spy2,0.4419117,train,2026,weighted,False
ISPY2-570685_z008,ISPY2-570685,3,0,spy2,0.44330359,train,2026,weighted,False
ISPY2-570685_z009,ISPY2-570685,3,0,spy2,0.44310692,train,2026,weighted,False
ISPY2-570685_z010,ISPY2-570685,3,0,spy2,0.44398075,train,2026,weighted,False
ISPY2-570685_z011,ISPY2-570685,3,0,spy2,0.44336423,train,2026,weighted,False
ISPY2-570685_z012,ISPY2-570685,3,0,spy2,0.44299507,train,2026,weighted,False
ISPY2-570685_z014,ISPY2-570685,3,0,spy2,0.44398922,train,2026,weighted,False
ISPY2-570685_z015,ISPY2-570685,3,0,spy2,0.443227,train,2026,weighted,False
ISPY2-999264_z006,ISPY2-999264,3,1,spy2,0.8023399,train,2026,weighted,False
ISPY2-999264_z009,ISPY2-999264,3,1,spy2,0.8035579,train,2026,weighted,False
ISPY2-999264_z010,ISPY2-999264,3,1,spy2,0.8039513,train,2026,weighted,False
ISPY2-999264_z011,ISPY2-999264,3,1,spy2,0.8041164,train,2026,weighted,False
ISPY2-999264_z012,ISPY2-999264,3,1,spy2,0.8040593,train,2026,weighted,False
ISPY2-999264_z013,ISPY2-999264,3,1,spy2,0.8039906,train,2026,weighted,False
ISPY2-999264_z014,ISPY2-999264,3,1,spy2,0.8039927,train,2026,weighted,False
ISPY2-999264_z015,ISPY2-999264,3,1,spy2,0.80377257,train,2026,weighted,False
ISPY2-999264_z016,ISPY2-999264,3,1,spy2,0.803448,train,2026,weighted,False
ISPY2-999264_z017,ISPY2-999264,3,1,spy2,0.80368733,train,2026,weighted,False
ISPY2-786003_z018,ISPY2-786003,3,1,spy2,0.4474161,train,2026,weighted,False
ISPY2-786003_z019,ISPY2-786003,3,1,spy2,0.44621944,train,2026,weighted,False
ISPY2-786003_z020,ISPY2-786003,3,1,spy2,0.4457404,train,2026,weighted,False
ISPY2-786003_z021,ISPY2-786003,3,1,spy2,0.44545248,train,2026,weighted,False
ISPY2-786003_z022,ISPY2-786003,3,1,spy2,0.44472617,train,2026,weighted,False
ISPY2-786003_z023,ISPY2-786003,3,1,spy2,0.44622305,train,2026,weighted,False
ISPY2-786003_z024,ISPY2-786003,3,1,spy2,0.44678548,train,2026,weighted,False
ISPY2-786003_z025,ISPY2-786003,3,1,spy2,0.446116,train,2026,weighted,False
ISPY2-786003_z026,ISPY2-786003,3,1,spy2,0.4465687,train,2026,weighted,False
ISPY2-786003_z027,ISPY2-786003,3,1,spy2,0.44704375,train,2026,weighted,False
ACRIN-6698-618717_z007,ACRIN-6698-618717,3,0,spy2,0.7132259,train,2026,weighted,False
ACRIN-6698-618717_z008,ACRIN-6698-618717,3,0,spy2,0.7141656,train,2026,weighted,False
ACRIN-6698-618717_z009,ACRIN-6698-618717,3,0,spy2,0.7148394,train,2026,weighted,False
ACRIN-6698-618717_z010,ACRIN-6698-618717,3,0,spy2,0.7156222,train,2026,weighted,False
ACRIN-6698-618717_z011,ACRIN-6698-618717,3,0,spy2,0.71652997,train,2026,weighted,False
ACRIN-6698-618717_z012,ACRIN-6698-618717,3,0,spy2,0.71710443,train,2026,weighted,False
ACRIN-6698-618717_z013,ACRIN-6698-618717,3,0,spy2,0.7176494,train,2026,weighted,False
ACRIN-6698-618717_z014,ACRIN-6698-618717,3,0,spy2,0.7181951,train,2026,weighted,False
ACRIN-6698-618717_z015,ACRIN-6698-618717,3,0,spy2,0.71841294,train,2026,weighted,False
ACRIN-6698-618717_z016,ACRIN-6698-618717,3,0,spy2,0.71836305,train,2026,weighted,False
ISPY2-493775_z012,ISPY2-493775,3,1,spy2,0.6103659,train,2026,weighted,False
ISPY2-493775_z013,ISPY2-493775,3,1,spy2,0.6106489,train,2026,weighted,False
ISPY2-493775_z014,ISPY2-493775,3,1,spy2,0.6107446,train,2026,weighted,False
ISPY2-493775_z015,ISPY2-493775,3,1,spy2,0.6107463,train,2026,weighted,False
ISPY2-493775_z016,ISPY2-493775,3,1,spy2,0.61039007,train,2026,weighted,False
ISPY2-493775_z017,ISPY2-493775,3,1,spy2,0.610576,train,2026,weighted,False
ISPY2-493775_z018,ISPY2-493775,3,1,spy2,0.610817,train,2026,weighted,False
ISPY2-493775_z019,ISPY2-493775,3,1,spy2,0.6111148,train,2026,weighted,False
ISPY2-493775_z020,ISPY2-493775,3,1,spy2,0.6111946,train,2026,weighted,False
ISPY2-493775_z021,ISPY2-493775,3,1,spy2,0.6107681,train,2026,weighted,False
ISPY2-625854_z024,ISPY2-625854,3,1,spy2,0.4071429,train,2026,weighted,False
ISPY2-625854_z025,ISPY2-625854,3,1,spy2,0.4070913,train,2026,weighted,False
ISPY2-625854_z030,ISPY2-625854,3,1,spy2,0.40782127,train,2026,weighted,False
ISPY2-625854_z031,ISPY2-625854,3,1,spy2,0.40786996,train,2026,weighted,False
ISPY2-625854_z032,ISPY2-625854,3,1,spy2,0.40803087,train,2026,weighted,False
ISPY2-625854_z033,ISPY2-625854,3,1,spy2,0.4082521,train,2026,weighted,False
ISPY2-625854_z034,ISPY2-625854,3,1,spy2,0.40834457,train,2026,weighted,False
ISPY2-625854_z035,ISPY2-625854,3,1,spy2,0.40835,train,2026,weighted,False
ISPY2-625854_z036,ISPY2-625854,3,1,spy2,0.4084044,train,2026,weighted,False
ISPY2-625854_z037,ISPY2-625854,3,1,spy2,0.40851557,train,2026,weighted,False
ACRIN-6698-460642_z028,ACRIN-6698-460642,3,0,spy2,0.28873408,train,2026,weighted,False
ACRIN-6698-460642_z029,ACRIN-6698-460642,3,0,spy2,0.28936556,train,2026,weighted,False
ACRIN-6698-460642_z030,ACRIN-6698-460642,3,0,spy2,0.29001194,train,2026,weighted,False
ACRIN-6698-460642_z031,ACRIN-6698-460642,3,0,spy2,0.29054087,train,2026,weighted,False
ACRIN-6698-460642_z032,ACRIN-6698-460642,3,0,spy2,0.29070202,train,2026,weighted,False
ACRIN-6698-460642_z033,ACRIN-6698-460642,3,0,spy2,0.29062364,train,2026,weighted,False
ACRIN-6698-460642_z034,ACRIN-6698-460642,3,0,spy2,0.29044083,train,2026,weighted,False
ACRIN-6698-460642_z035,ACRIN-6698-460642,3,0,spy2,0.29029256,train,2026,weighted,False
ACRIN-6698-460642_z036,ACRIN-6698-460642,3,0,spy2,0.29010454,train,2026,weighted,False
ACRIN-6698-460642_z037,ACRIN-6698-460642,3,0,spy2,0.2900179,train,2026,weighted,False
ISPY2-528479_z007,ISPY2-528479,3,0,spy2,0.54784757,train,2026,weighted,False
ISPY2-528479_z008,ISPY2-528479,3,0,spy2,0.5478339,train,2026,weighted,False
ISPY2-528479_z009,ISPY2-528479,3,0,spy2,0.5478251,train,2026,weighted,False
ISPY2-528479_z010,ISPY2-528479,3,0,spy2,0.54780734,train,2026,weighted,False
ISPY2-528479_z011,ISPY2-528479,3,0,spy2,0.547792,train,2026,weighted,False
ISPY2-528479_z012,ISPY2-528479,3,0,spy2,0.5477397,train,2026,weighted,False
ISPY2-528479_z013,ISPY2-528479,3,0,spy2,0.54793817,train,2026,weighted,False
ISPY2-528479_z014,ISPY2-528479,3,0,spy2,0.5478915,train,2026,weighted,False
ISPY2-528479_z015,ISPY2-528479,3,0,spy2,0.5475488,train,2026,weighted,False
ISPY2-528479_z016,ISPY2-528479,3,0,spy2,0.5475672,train,2026,weighted,False
ISPY2-621179_z013,ISPY2-621179,3,0,spy2,0.27370927,train,2026,weighted,False
ISPY2-621179_z014,ISPY2-621179,3,0,spy2,0.27409387,train,2026,weighted,False
ISPY2-621179_z015,ISPY2-621179,3,0,spy2,0.27301043,train,2026,weighted,False
ISPY2-621179_z016,ISPY2-621179,3,0,spy2,0.2729037,train,2026,weighted,False
ISPY2-621179_z017,ISPY2-621179,3,0,spy2,0.2731264,train,2026,weighted,False
ISPY2-621179_z018,ISPY2-621179,3,0,spy2,0.27255696,train,2026,weighted,False
ISPY2-621179_z019,ISPY2-621179,3,0,spy2,0.27251804,train,2026,weighted,False
ISPY2-621179_z020,ISPY2-621179,3,0,spy2,0.2725781,train,2026,weighted,False
ISPY2-621179_z021,ISPY2-621179,3,0,spy2,0.2727903,train,2026,weighted,False
ISPY2-621179_z022,ISPY2-621179,3,0,spy2,0.2728301,train,2026,weighted,False
ISPY2-910188_z016,ISPY2-910188,3,0,spy2,0.21828248,train,2026,weighted,False
ISPY2-910188_z017,ISPY2-910188,3,0,spy2,0.21872656,train,2026,weighted,False
ISPY2-910188_z018,ISPY2-910188,3,0,spy2,0.21911989,train,2026,weighted,False
ISPY2-910188_z019,ISPY2-910188,3,0,spy2,0.21908095,train,2026,weighted,False
ISPY2-910188_z020,ISPY2-910188,3,0,spy2,0.21878676,train,2026,weighted,False
ISPY2-910188_z021,ISPY2-910188,3,0,spy2,0.21882246,train,2026,weighted,False
ISPY2-910188_z022,ISPY2-910188,3,0,spy2,0.21891892,train,2026,weighted,False
ISPY2-910188_z023,ISPY2-910188,3,0,spy2,0.21915007,train,2026,weighted,False
ISPY2-910188_z024,ISPY2-910188,3,0,spy2,0.2193019,train,2026,weighted,False
ISPY2-910188_z025,ISPY2-910188,3,0,spy2,0.2200921,train,2026,weighted,False
ISPY2-102011_z007,ISPY2-102011,3,1,spy2,0.4284254,train,2026,weighted,False
ISPY2-102011_z008,ISPY2-102011,3,1,spy2,0.4321339,train,2026,weighted,False
ISPY2-102011_z009,ISPY2-102011,3,1,spy2,0.43467912,train,2026,weighted,False
ISPY2-102011_z010,ISPY2-102011,3,1,spy2,0.43876848,train,2026,weighted,False
ISPY2-102011_z011,ISPY2-102011,3,1,spy2,0.44200212,train,2026,weighted,False
ISPY2-102011_z012,ISPY2-102011,3,1,spy2,0.44523072,train,2026,weighted,False
ISPY2-102011_z013,ISPY2-102011,3,1,spy2,0.44705907,train,2026,weighted,False
ISPY2-102011_z014,ISPY2-102011,3,1,spy2,0.44669682,train,2026,weighted,False
ISPY2-102011_z015,ISPY2-102011,3,1,spy2,0.445751,train,2026,weighted,False
ISPY2-102011_z016,ISPY2-102011,3,1,spy2,0.44506475,train,2026,weighted,False
ISPY2-999733_z006,ISPY2-999733,3,0,spy2,0.33757323,train,2026,weighted,False
ISPY2-999733_z007,ISPY2-999733,3,0,spy2,0.33925676,train,2026,weighted,False
ISPY2-999733_z008,ISPY2-999733,3,0,spy2,0.33987284,train,2026,weighted,False
ISPY2-999733_z009,ISPY2-999733,3,0,spy2,0.33963093,train,2026,weighted,False
ISPY2-999733_z010,ISPY2-999733,3,0,spy2,0.33938327,train,2026,weighted,False
ISPY2-999733_z011,ISPY2-999733,3,0,spy2,0.33930483,train,2026,weighted,False
ISPY2-999733_z012,ISPY2-999733,3,0,spy2,0.33901364,train,2026,weighted,False
ISPY2-999733_z013,ISPY2-999733,3,0,spy2,0.33654317,train,2026,weighted,False
ISPY2-999733_z014,ISPY2-999733,3,0,spy2,0.33434412,train,2026,weighted,False
ISPY2-999733_z015,ISPY2-999733,3,0,spy2,0.33278242,train,2026,weighted,False
ISPY2-798604_z008,ISPY2-798604,3,1,spy2,0.64405423,train,2026,weighted,False
ISPY2-798604_z009,ISPY2-798604,3,1,spy2,0.6439648,train,2026,weighted,False
ISPY2-798604_z010,ISPY2-798604,3,1,spy2,0.6442001,train,2026,weighted,False
ISPY2-798604_z011,ISPY2-798604,3,1,spy2,0.6443361,train,2026,weighted,False
ISPY2-798604_z012,ISPY2-798604,3,1,spy2,0.6447538,train,2026,weighted,False
ISPY2-798604_z013,ISPY2-798604,3,1,spy2,0.64519435,train,2026,weighted,False
ISPY2-798604_z014,ISPY2-798604,3,1,spy2,0.64497596,train,2026,weighted,False
ISPY2-798604_z015,ISPY2-798604,3,1,spy2,0.64505714,train,2026,weighted,False
ISPY2-798604_z016,ISPY2-798604,3,1,spy2,0.64533484,train,2026,weighted,False
ISPY2-798604_z017,ISPY2-798604,3,1,spy2,0.6455552,train,2026,weighted,False
ISPY2-484894_z008,ISPY2-484894,3,0,spy2,0.4015607,train,2026,weighted,False
ISPY2-484894_z009,ISPY2-484894,3,0,spy2,0.40202972,train,2026,weighted,False
ISPY2-484894_z010,ISPY2-484894,3,0,spy2,0.402258,train,2026,weighted,False
ISPY2-484894_z011,ISPY2-484894,3,0,spy2,0.40273827,train,2026,weighted,False
ISPY2-484894_z012,ISPY2-484894,3,0,spy2,0.40267122,train,2026,weighted,False
ISPY2-484894_z013,ISPY2-484894,3,0,spy2,0.40232736,train,2026,weighted,False
ISPY2-484894_z014,ISPY2-484894,3,0,spy2,0.4024005,train,2026,weighted,False
ISPY2-484894_z015,ISPY2-484894,3,0,spy2,0.40255004,train,2026,weighted,False
ISPY2-484894_z016,ISPY2-484894,3,0,spy2,0.40269107,train,2026,weighted,False
ISPY2-484894_z017,ISPY2-484894,3,0,spy2,0.4027579,train,2026,weighted,False
ISPY2-242370_z006,ISPY2-242370,3,1,spy2,0.42006713,train,2026,weighted,False
ISPY2-242370_z007,ISPY2-242370,3,1,spy2,0.41885135,train,2026,weighted,False
ISPY2-242370_z008,ISPY2-242370,3,1,spy2,0.41777292,train,2026,weighted,False
ISPY2-242370_z009,ISPY2-242370,3,1,spy2,0.41626182,train,2026,weighted,False
ISPY2-242370_z010,ISPY2-242370,3,1,spy2,0.4159541,train,2026,weighted,False
ISPY2-242370_z011,ISPY2-242370,3,1,spy2,0.4170144,train,2026,weighted,False
ISPY2-242370_z012,ISPY2-242370,3,1,spy2,0.41961685,train,2026,weighted,False
ISPY2-242370_z013,ISPY2-242370,3,1,spy2,0.42113563,train,2026,weighted,False
ISPY2-242370_z014,ISPY2-242370,3,1,spy2,0.42114463,train,2026,weighted,False
ISPY2-242370_z017,ISPY2-242370,3,1,spy2,0.42102608,train,2026,weighted,False
ISPY2-273691_z004,ISPY2-273691,3,1,spy2,0.5864504,train,2026,weighted,False
ISPY2-273691_z005,ISPY2-273691,3,1,spy2,0.5864621,train,2026,weighted,False
ISPY2-273691_z006,ISPY2-273691,3,1,spy2,0.5865895,train,2026,weighted,False
ISPY2-273691_z007,ISPY2-273691,3,1,spy2,0.5866836,train,2026,weighted,False
ISPY2-273691_z008,ISPY2-273691,3,1,spy2,0.58668035,train,2026,weighted,False
ISPY2-273691_z009,ISPY2-273691,3,1,spy2,0.58665895,train,2026,weighted,False
ISPY2-273691_z010,ISPY2-273691,3,1,spy2,0.5865035,train,2026,weighted,False
ISPY2-273691_z011,ISPY2-273691,3,1,spy2,0.5863224,train,2026,weighted,False
ISPY2-273691_z012,ISPY2-273691,3,1,spy2,0.58596236,train,2026,weighted,False
ISPY2-273691_z013,ISPY2-273691,3,1,spy2,0.5857852,train,2026,weighted,False
ISPY2-540539_z041,ISPY2-540539,3,1,spy2,0.621817,train,2026,weighted,False
ISPY2-540539_z042,ISPY2-540539,3,1,spy2,0.6219468,train,2026,weighted,False
ISPY2-540539_z043,ISPY2-540539,3,1,spy2,0.62191206,train,2026,weighted,False
ISPY2-540539_z044,ISPY2-540539,3,1,spy2,0.62165874,train,2026,weighted,False
ISPY2-540539_z046,ISPY2-540539,3,1,spy2,0.6215973,train,2026,weighted,False
ISPY2-540539_z047,ISPY2-540539,3,1,spy2,0.6215027,train,2026,weighted,False
ISPY2-540539_z048,ISPY2-540539,3,1,spy2,0.6213685,train,2026,weighted,False
ISPY2-540539_z049,ISPY2-540539,3,1,spy2,0.6213066,train,2026,weighted,False
ISPY2-540539_z050,ISPY2-540539,3,1,spy2,0.6214181,train,2026,weighted,False
ISPY2-540539_z051,ISPY2-540539,3,1,spy2,0.6214115,train,2026,weighted,False
ISPY2-371528_z011,ISPY2-371528,3,0,spy2,0.13981454,train,2026,weighted,False
ISPY2-371528_z012,ISPY2-371528,3,0,spy2,0.13991784,train,2026,weighted,False
ISPY2-371528_z013,ISPY2-371528,3,0,spy2,0.13992174,train,2026,weighted,False
ISPY2-371528_z014,ISPY2-371528,3,0,spy2,0.1397892,train,2026,weighted,False
ISPY2-371528_z015,ISPY2-371528,3,0,spy2,0.13983536,train,2026,weighted,False
ISPY2-371528_z016,ISPY2-371528,3,0,spy2,0.13992454,train,2026,weighted,False
ISPY2-371528_z017,ISPY2-371528,3,0,spy2,0.13987081,train,2026,weighted,False
ISPY2-371528_z018,ISPY2-371528,3,0,spy2,0.13988484,train,2026,weighted,False
ISPY2-371528_z019,ISPY2-371528,3,0,spy2,0.13988774,train,2026,weighted,False
ISPY2-371528_z020,ISPY2-371528,3,0,spy2,0.13992038,train,2026,weighted,False
ISPY2-199960_z036,ISPY2-199960,3,0,spy2,0.5762104,train,2026,weighted,False
ISPY2-199960_z037,ISPY2-199960,3,0,spy2,0.5760457,train,2026,weighted,False
ISPY2-199960_z038,ISPY2-199960,3,0,spy2,0.5757873,train,2026,weighted,False
ISPY2-199960_z039,ISPY2-199960,3,0,spy2,0.5760108,train,2026,weighted,False
ISPY2-199960_z040,ISPY2-199960,3,0,spy2,0.57606167,train,2026,weighted,False
ISPY2-199960_z041,ISPY2-199960,3,0,spy2,0.57597935,train,2026,weighted,False
ISPY2-199960_z042,ISPY2-199960,3,0,spy2,0.5755916,train,2026,weighted,False
ISPY2-199960_z043,ISPY2-199960,3,0,spy2,0.57523537,train,2026,weighted,False
ISPY2-199960_z044,ISPY2-199960,3,0,spy2,0.57533973,train,2026,weighted,False
ISPY2-199960_z045,ISPY2-199960,3,0,spy2,0.5759116,train,2026,weighted,False
ACRIN-6698-253531_z011,ACRIN-6698-253531,3,1,spy2,0.53672415,train,2026,weighted,False
ACRIN-6698-253531_z012,ACRIN-6698-253531,3,1,spy2,0.5374096,train,2026,weighted,False
ACRIN-6698-253531_z013,ACRIN-6698-253531,3,1,spy2,0.5388704,train,2026,weighted,False
ACRIN-6698-253531_z016,ACRIN-6698-253531,3,1,spy2,0.5383769,train,2026,weighted,False
ACRIN-6698-253531_z017,ACRIN-6698-253531,3,1,spy2,0.53792465,train,2026,weighted,False
ACRIN-6698-253531_z018,ACRIN-6698-253531,3,1,spy2,0.53758097,train,2026,weighted,False
ACRIN-6698-253531_z019,ACRIN-6698-253531,3,1,spy2,0.53827065,train,2026,weighted,False
ACRIN-6698-253531_z020,ACRIN-6698-253531,3,1,spy2,0.5390073,train,2026,weighted,False
ACRIN-6698-253531_z021,ACRIN-6698-253531,3,1,spy2,0.53848684,train,2026,weighted,False
ACRIN-6698-253531_z022,ACRIN-6698-253531,3,1,spy2,0.53852826,train,2026,weighted,False
ISPY2-791321_z034,ISPY2-791321,3,0,spy2,0.6411255,train,2026,weighted,False
ISPY2-791321_z035,ISPY2-791321,3,0,spy2,0.64116013,train,2026,weighted,False
ISPY2-791321_z036,ISPY2-791321,3,0,spy2,0.64225644,train,2026,weighted,False
ISPY2-791321_z037,ISPY2-791321,3,0,spy2,0.6420711,train,2026,weighted,False
ISPY2-791321_z038,ISPY2-791321,3,0,spy2,0.6411887,train,2026,weighted,False
ISPY2-791321_z039,ISPY2-791321,3,0,spy2,0.6393487,train,2026,weighted,False
ISPY2-791321_z040,ISPY2-791321,3,0,spy2,0.6393316,train,2026,weighted,False
ISPY2-791321_z041,ISPY2-791321,3,0,spy2,0.6387894,train,2026,weighted,False
ISPY2-791321_z042,ISPY2-791321,3,0,spy2,0.6373959,train,2026,weighted,False
ISPY2-791321_z043,ISPY2-791321,3,0,spy2,0.636646,train,2026,weighted,False
ISPY2-550421_z022,ISPY2-550421,3,0,spy2,0.5081026,train,2026,weighted,False
ISPY2-550421_z023,ISPY2-550421,3,0,spy2,0.5082059,train,2026,weighted,False
ISPY2-550421_z024,ISPY2-550421,3,0,spy2,0.50855124,train,2026,weighted,False
ISPY2-550421_z025,ISPY2-550421,3,0,spy2,0.50864524,train,2026,weighted,False
ISPY2-550421_z026,ISPY2-550421,3,0,spy2,0.50871116,train,2026,weighted,False
ISPY2-550421_z027,ISPY2-550421,3,0,spy2,0.50875145,train,2026,weighted,False
ISPY2-550421_z028,ISPY2-550421,3,0,spy2,0.50866044,train,2026,weighted,False
ISPY2-550421_z029,ISPY2-550421,3,0,spy2,0.5086556,train,2026,weighted,False
ISPY2-550421_z030,ISPY2-550421,3,0,spy2,0.5086093,train,2026,weighted,False
ISPY2-550421_z031,ISPY2-550421,3,0,spy2,0.5085294,train,2026,weighted,False
ISPY2-741535_z020,ISPY2-741535,3,0,spy2,0.25434706,train,2026,weighted,False
ISPY2-741535_z021,ISPY2-741535,3,0,spy2,0.25437954,train,2026,weighted,False
ISPY2-741535_z022,ISPY2-741535,3,0,spy2,0.2545586,train,2026,weighted,False
ISPY2-741535_z023,ISPY2-741535,3,0,spy2,0.2546524,train,2026,weighted,False
ISPY2-741535_z024,ISPY2-741535,3,0,spy2,0.2544933,train,2026,weighted,False
ISPY2-741535_z025,ISPY2-741535,3,0,spy2,0.25464433,train,2026,weighted,False
ISPY2-741535_z026,ISPY2-741535,3,0,spy2,0.25498044,train,2026,weighted,False
ISPY2-741535_z027,ISPY2-741535,3,0,spy2,0.25524694,train,2026,weighted,False
ISPY2-741535_z028,ISPY2-741535,3,0,spy2,0.2548218,train,2026,weighted,False
ISPY2-741535_z029,ISPY2-741535,3,0,spy2,0.25463006,train,2026,weighted,False
ACRIN-6698-317402_z003,ACRIN-6698-317402,3,0,spy2,0.3456736,train,2026,weighted,False
ACRIN-6698-317402_z004,ACRIN-6698-317402,3,0,spy2,0.3437239,train,2026,weighted,False
ACRIN-6698-317402_z005,ACRIN-6698-317402,3,0,spy2,0.34254286,train,2026,weighted,False
ACRIN-6698-317402_z006,ACRIN-6698-317402,3,0,spy2,0.34143308,train,2026,weighted,False
ACRIN-6698-317402_z007,ACRIN-6698-317402,3,0,spy2,0.3425139,train,2026,weighted,False
ACRIN-6698-317402_z008,ACRIN-6698-317402,3,0,spy2,0.3459253,train,2026,weighted,False
ACRIN-6698-317402_z009,ACRIN-6698-317402,3,0,spy2,0.3482505,train,2026,weighted,False
ACRIN-6698-317402_z010,ACRIN-6698-317402,3,0,spy2,0.34907722,train,2026,weighted,False
ACRIN-6698-317402_z011,ACRIN-6698-317402,3,0,spy2,0.3497897,train,2026,weighted,False
ACRIN-6698-317402_z012,ACRIN-6698-317402,3,0,spy2,0.35104817,train,2026,weighted,False
ACRIN-6698-900959_z009,ACRIN-6698-900959,3,0,spy2,0.55341405,train,2026,weighted,False
ACRIN-6698-900959_z010,ACRIN-6698-900959,3,0,spy2,0.5531645,train,2026,weighted,False
ACRIN-6698-900959_z011,ACRIN-6698-900959,3,0,spy2,0.55197287,train,2026,weighted,False
ACRIN-6698-900959_z012,ACRIN-6698-900959,3,0,spy2,0.5508469,train,2026,weighted,False
ACRIN-6698-900959_z013,ACRIN-6698-900959,3,0,spy2,0.55175227,train,2026,weighted,False
ACRIN-6698-900959_z020,ACRIN-6698-900959,3,0,spy2,0.5618536,train,2026,weighted,False
ACRIN-6698-900959_z021,ACRIN-6698-900959,3,0,spy2,0.5615043,train,2026,weighted,False
ACRIN-6698-900959_z022,ACRIN-6698-900959,3,0,spy2,0.56143266,train,2026,weighted,False
ACRIN-6698-900959_z023,ACRIN-6698-900959,3,0,spy2,0.5614594,train,2026,weighted,False
ACRIN-6698-900959_z024,ACRIN-6698-900959,3,0,spy2,0.56144875,train,2026,weighted,False
ACRIN-6698-618860_z014,ACRIN-6698-618860,3,0,spy2,0.26134813,train,2026,weighted,False
ACRIN-6698-618860_z015,ACRIN-6698-618860,3,0,spy2,0.26132226,train,2026,weighted,False
ACRIN-6698-618860_z016,ACRIN-6698-618860,3,0,spy2,0.26140523,train,2026,weighted,False
ACRIN-6698-618860_z017,ACRIN-6698-618860,3,0,spy2,0.26133364,train,2026,weighted,False
ACRIN-6698-618860_z018,ACRIN-6698-618860,3,0,spy2,0.26128882,train,2026,weighted,False
ACRIN-6698-618860_z019,ACRIN-6698-618860,3,0,spy2,0.2611892,train,2026,weighted,False
ACRIN-6698-618860_z020,ACRIN-6698-618860,3,0,spy2,0.26115224,train,2026,weighted,False
ACRIN-6698-618860_z021,ACRIN-6698-618860,3,0,spy2,0.26105386,train,2026,weighted,False
ACRIN-6698-618860_z022,ACRIN-6698-618860,3,0,spy2,0.2609562,train,2026,weighted,False
ACRIN-6698-618860_z023,ACRIN-6698-618860,3,0,spy2,0.2609888,train,2026,weighted,False
ISPY2-732137_z021,ISPY2-732137,3,0,spy2,0.48359016,train,2026,weighted,False
ISPY2-732137_z022,ISPY2-732137,3,0,spy2,0.48336944,train,2026,weighted,False
ISPY2-732137_z023,ISPY2-732137,3,0,spy2,0.4830973,train,2026,weighted,False
ISPY2-732137_z024,ISPY2-732137,3,0,spy2,0.48306403,train,2026,weighted,False
ISPY2-732137_z025,ISPY2-732137,3,0,spy2,0.4826199,train,2026,weighted,False
ISPY2-732137_z026,ISPY2-732137,3,0,spy2,0.48198524,train,2026,weighted,False
ISPY2-732137_z027,ISPY2-732137,3,0,spy2,0.4817803,train,2026,weighted,False
ISPY2-732137_z028,ISPY2-732137,3,0,spy2,0.4812453,train,2026,weighted,False
ISPY2-732137_z029,ISPY2-732137,3,0,spy2,0.4807104,train,2026,weighted,False
ISPY2-732137_z030,ISPY2-732137,3,0,spy2,0.4805286,train,2026,weighted,False
ISPY2-332655_z006,ISPY2-332655,3,1,spy2,0.5217883,train,2026,weighted,False
ISPY2-332655_z007,ISPY2-332655,3,1,spy2,0.52426356,train,2026,weighted,False
ISPY2-332655_z008,ISPY2-332655,3,1,spy2,0.5253853,train,2026,weighted,False
ISPY2-332655_z009,ISPY2-332655,3,1,spy2,0.5253665,train,2026,weighted,False
ISPY2-332655_z010,ISPY2-332655,3,1,spy2,0.52573854,train,2026,weighted,False
ISPY2-332655_z011,ISPY2-332655,3,1,spy2,0.52560806,train,2026,weighted,False
ISPY2-332655_z012,ISPY2-332655,3,1,spy2,0.5255274,train,2026,weighted,False
ISPY2-332655_z013,ISPY2-332655,3,1,spy2,0.5252208,train,2026,weighted,False
ISPY2-332655_z014,ISPY2-332655,3,1,spy2,0.5250027,train,2026,weighted,False
ISPY2-332655_z015,ISPY2-332655,3,1,spy2,0.52548724,train,2026,weighted,False
ISPY2-845147_z017,ISPY2-845147,3,0,spy2,0.2765351,train,2026,weighted,False
ISPY2-845147_z018,ISPY2-845147,3,0,spy2,0.27650973,train,2026,weighted,False
ISPY2-845147_z019,ISPY2-845147,3,0,spy2,0.2764727,train,2026,weighted,False
ISPY2-845147_z020,ISPY2-845147,3,0,spy2,0.27640393,train,2026,weighted,False
ISPY2-845147_z021,ISPY2-845147,3,0,spy2,0.2763861,train,2026,weighted,False
ISPY2-845147_z022,ISPY2-845147,3,0,spy2,0.27629602,train,2026,weighted,False
ISPY2-845147_z024,ISPY2-845147,3,0,spy2,0.27607864,train,2026,weighted,False
ISPY2-845147_z025,ISPY2-845147,3,0,spy2,0.27601984,train,2026,weighted,False
ISPY2-845147_z026,ISPY2-845147,3,0,spy2,0.2759924,train,2026,weighted,False
ISPY2-845147_z028,ISPY2-845147,3,0,spy2,0.2761009,train,2026,weighted,False
ISPY2-290413_z007,ISPY2-290413,3,0,spy2,0.43515706,train,2026,weighted,False
ISPY2-290413_z008,ISPY2-290413,3,0,spy2,0.4345281,train,2026,weighted,False
ISPY2-290413_z009,ISPY2-290413,3,0,spy2,0.43561542,train,2026,weighted,False
ISPY2-290413_z010,ISPY2-290413,3,0,spy2,0.43803716,train,2026,weighted,False
ISPY2-290413_z011,ISPY2-290413,3,0,spy2,0.43817854,train,2026,weighted,False
ISPY2-290413_z012,ISPY2-290413,3,0,spy2,0.43896523,train,2026,weighted,False
ISPY2-290413_z013,ISPY2-290413,3,0,spy2,0.44015297,train,2026,weighted,False
ISPY2-290413_z014,ISPY2-290413,3,0,spy2,0.4396535,train,2026,weighted,False
ISPY2-290413_z015,ISPY2-290413,3,0,spy2,0.44019455,train,2026,weighted,False
ISPY2-290413_z016,ISPY2-290413,3,0,spy2,0.4405675,train,2026,weighted,False
ACRIN-6698-748611_z008,ACRIN-6698-748611,3,1,spy2,0.23240885,train,2026,weighted,False
ACRIN-6698-748611_z009,ACRIN-6698-748611,3,1,spy2,0.23223722,train,2026,weighted,False
ACRIN-6698-748611_z010,ACRIN-6698-748611,3,1,spy2,0.23208736,train,2026,weighted,False
ACRIN-6698-748611_z011,ACRIN-6698-748611,3,1,spy2,0.23183012,train,2026,weighted,False
ACRIN-6698-748611_z012,ACRIN-6698-748611,3,1,spy2,0.2315272,train,2026,weighted,False
ACRIN-6698-748611_z013,ACRIN-6698-748611,3,1,spy2,0.23158075,train,2026,weighted,False
ACRIN-6698-748611_z014,ACRIN-6698-748611,3,1,spy2,0.23165698,train,2026,weighted,False
ACRIN-6698-748611_z015,ACRIN-6698-748611,3,1,spy2,0.23147766,train,2026,weighted,False
ACRIN-6698-748611_z016,ACRIN-6698-748611,3,1,spy2,0.23138393,train,2026,weighted,False
ACRIN-6698-748611_z017,ACRIN-6698-748611,3,1,spy2,0.23138705,train,2026,weighted,False
ISPY2-181442_z026,ISPY2-181442,3,0,spy2,0.43376982,train,2026,weighted,False
ISPY2-181442_z027,ISPY2-181442,3,0,spy2,0.43364304,train,2026,weighted,False
ISPY2-181442_z028,ISPY2-181442,3,0,spy2,0.43361163,train,2026,weighted,False
ISPY2-181442_z029,ISPY2-181442,3,0,spy2,0.43369803,train,2026,weighted,False
ISPY2-181442_z030,ISPY2-181442,3,0,spy2,0.43377104,train,2026,weighted,False
ISPY2-181442_z031,ISPY2-181442,3,0,spy2,0.43368754,train,2026,weighted,False
ISPY2-181442_z032,ISPY2-181442,3,0,spy2,0.43359625,train,2026,weighted,False
ISPY2-181442_z033,ISPY2-181442,3,0,spy2,0.43372813,train,2026,weighted,False
ISPY2-181442_z034,ISPY2-181442,3,0,spy2,0.43367964,train,2026,weighted,False
ISPY2-181442_z035,ISPY2-181442,3,0,spy2,0.43379688,train,2026,weighted,False
ISPY2-930172_z015,ISPY2-930172,3,0,spy2,0.41896772,train,2026,weighted,False
ISPY2-930172_z016,ISPY2-930172,3,0,spy2,0.41896075,train,2026,weighted,False
ISPY2-930172_z017,ISPY2-930172,3,0,spy2,0.41900578,train,2026,weighted,False
ISPY2-930172_z018,ISPY2-930172,3,0,spy2,0.41915485,train,2026,weighted,False
ISPY2-930172_z019,ISPY2-930172,3,0,spy2,0.41931698,train,2026,weighted,False
ISPY2-930172_z020,ISPY2-930172,3,0,spy2,0.41888285,train,2026,weighted,False
ISPY2-930172_z021,ISPY2-930172,3,0,spy2,0.41839027,train,2026,weighted,False
ISPY2-930172_z022,ISPY2-930172,3,0,spy2,0.41810462,train,2026,weighted,False
ISPY2-930172_z023,ISPY2-930172,3,0,spy2,0.41797885,train,2026,weighted,False
ISPY2-930172_z028,ISPY2-930172,3,0,spy2,0.41644284,train,2026,weighted,False
ISPY2-960490_z019,ISPY2-960490,3,1,spy2,0.6334727,train,2026,weighted,False
ISPY2-960490_z020,ISPY2-960490,3,1,spy2,0.6342054,train,2026,weighted,False
ISPY2-960490_z021,ISPY2-960490,3,1,spy2,0.6348196,train,2026,weighted,False
ISPY2-960490_z022,ISPY2-960490,3,1,spy2,0.63547224,train,2026,weighted,False
ISPY2-960490_z023,ISPY2-960490,3,1,spy2,0.63555956,train,2026,weighted,False
ISPY2-960490_z025,ISPY2-960490,3,1,spy2,0.6364351,train,2026,weighted,False
ISPY2-960490_z026,ISPY2-960490,3,1,spy2,0.63636124,train,2026,weighted,False
ISPY2-960490_z027,ISPY2-960490,3,1,spy2,0.63651824,train,2026,weighted,False
ISPY2-960490_z031,ISPY2-960490,3,1,spy2,0.6366593,train,2026,weighted,False
ISPY2-960490_z032,ISPY2-960490,3,1,spy2,0.6367531,train,2026,weighted,False
ISPY2-489973_z013,ISPY2-489973,3,0,spy2,0.64635855,train,2026,weighted,False
ISPY2-489973_z014,ISPY2-489973,3,0,spy2,0.64638644,train,2026,weighted,False
ISPY2-489973_z015,ISPY2-489973,3,0,spy2,0.6461839,train,2026,weighted,False
ISPY2-489973_z016,ISPY2-489973,3,0,spy2,0.6461404,train,2026,weighted,False
ISPY2-489973_z017,ISPY2-489973,3,0,spy2,0.64617085,train,2026,weighted,False
ISPY2-489973_z018,ISPY2-489973,3,0,spy2,0.6462999,train,2026,weighted,False
ISPY2-489973_z019,ISPY2-489973,3,0,spy2,0.6463041,train,2026,weighted,False
ISPY2-489973_z020,ISPY2-489973,3,0,spy2,0.64633095,train,2026,weighted,False
ISPY2-489973_z021,ISPY2-489973,3,0,spy2,0.6462247,train,2026,weighted,False
ISPY2-489973_z022,ISPY2-489973,3,0,spy2,0.6462386,train,2026,weighted,False
ISPY2-229328_z019,ISPY2-229328,3,0,spy2,0.23550503,train,2026,weighted,False
ISPY2-229328_z028,ISPY2-229328,3,0,spy2,0.23463319,train,2026,weighted,False
ISPY2-229328_z029,ISPY2-229328,3,0,spy2,0.23461787,train,2026,weighted,False
ISPY2-229328_z030,ISPY2-229328,3,0,spy2,0.23460582,train,2026,weighted,False
ISPY2-229328_z031,ISPY2-229328,3,0,spy2,0.23465924,train,2026,weighted,False
ISPY2-229328_z032,ISPY2-229328,3,0,spy2,0.23476642,train,2026,weighted,False
ISPY2-229328_z033,ISPY2-229328,3,0,spy2,0.2351996,train,2026,weighted,False
ISPY2-229328_z035,ISPY2-229328,3,0,spy2,0.23562622,train,2026,weighted,False
ISPY2-229328_z036,ISPY2-229328,3,0,spy2,0.23556577,train,2026,weighted,False
ISPY2-229328_z037,ISPY2-229328,3,0,spy2,0.2352948,train,2026,weighted,False
ACRIN-6698-399478_z009,ACRIN-6698-399478,3,1,spy2,0.6480512,train,2026,weighted,False
ACRIN-6698-399478_z010,ACRIN-6698-399478,3,1,spy2,0.64656264,train,2026,weighted,False
ACRIN-6698-399478_z011,ACRIN-6698-399478,3,1,spy2,0.6459298,train,2026,weighted,False
ACRIN-6698-399478_z012,ACRIN-6698-399478,3,1,spy2,0.648431,train,2026,weighted,False
ACRIN-6698-399478_z013,ACRIN-6698-399478,3,1,spy2,0.65027225,train,2026,weighted,False
ACRIN-6698-399478_z014,ACRIN-6698-399478,3,1,spy2,0.65028393,train,2026,weighted,False
ACRIN-6698-399478_z015,ACRIN-6698-399478,3,1,spy2,0.64932835,train,2026,weighted,False
ACRIN-6698-399478_z016,ACRIN-6698-399478,3,1,spy2,0.64970356,train,2026,weighted,False
ACRIN-6698-399478_z017,ACRIN-6698-399478,3,1,spy2,0.64891183,train,2026,weighted,False
ACRIN-6698-399478_z018,ACRIN-6698-399478,3,1,spy2,0.64845777,train,2026,weighted,False
ISPY2-651401_z007,ISPY2-651401,3,0,spy2,0.7025274,train,2026,weighted,False
ISPY2-651401_z008,ISPY2-651401,3,0,spy2,0.70217544,train,2026,weighted,False
ISPY2-651401_z009,ISPY2-651401,3,0,spy2,0.7021038,train,2026,weighted,False
ISPY2-651401_z010,ISPY2-651401,3,0,spy2,0.7019334,train,2026,weighted,False
ISPY2-651401_z011,ISPY2-651401,3,0,spy2,0.7018143,train,2026,weighted,False
ISPY2-651401_z012,ISPY2-651401,3,0,spy2,0.7026831,train,2026,weighted,False
ISPY2-651401_z013,ISPY2-651401,3,0,spy2,0.70304626,train,2026,weighted,False
ISPY2-651401_z014,ISPY2-651401,3,0,spy2,0.70310956,train,2026,weighted,False
ISPY2-651401_z015,ISPY2-651401,3,0,spy2,0.70336425,train,2026,weighted,False
ISPY2-651401_z016,ISPY2-651401,3,0,spy2,0.70384485,train,2026,weighted,False
ACRIN-6698-296841_z004,ACRIN-6698-296841,3,1,spy2,0.4820762,train,2026,weighted,False
ACRIN-6698-296841_z005,ACRIN-6698-296841,3,1,spy2,0.4816829,train,2026,weighted,False
ACRIN-6698-296841_z006,ACRIN-6698-296841,3,1,spy2,0.48133394,train,2026,weighted,False
ACRIN-6698-296841_z007,ACRIN-6698-296841,3,1,spy2,0.4809985,train,2026,weighted,False
ACRIN-6698-296841_z008,ACRIN-6698-296841,3,1,spy2,0.48095846,train,2026,weighted,False
ACRIN-6698-296841_z009,ACRIN-6698-296841,3,1,spy2,0.48138317,train,2026,weighted,False
ACRIN-6698-296841_z010,ACRIN-6698-296841,3,1,spy2,0.48119274,train,2026,weighted,False
ACRIN-6698-296841_z011,ACRIN-6698-296841,3,1,spy2,0.479582,train,2026,weighted,False
ACRIN-6698-296841_z012,ACRIN-6698-296841,3,1,spy2,0.47881976,train,2026,weighted,False
ACRIN-6698-296841_z013,ACRIN-6698-296841,3,1,spy2,0.47905973,train,2026,weighted,False
ACRIN-6698-356431_z031,ACRIN-6698-356431,3,1,spy2,0.71764594,train,2026,weighted,False
ACRIN-6698-356431_z032,ACRIN-6698-356431,3,1,spy2,0.71756333,train,2026,weighted,False
ACRIN-6698-356431_z035,ACRIN-6698-356431,3,1,spy2,0.71785825,train,2026,weighted,False
ACRIN-6698-356431_z036,ACRIN-6698-356431,3,1,spy2,0.71807665,train,2026,weighted,False
ACRIN-6698-356431_z037,ACRIN-6698-356431,3,1,spy2,0.71833825,train,2026,weighted,False
ACRIN-6698-356431_z038,ACRIN-6698-356431,3,1,spy2,0.718467,train,2026,weighted,False
ACRIN-6698-356431_z039,ACRIN-6698-356431,3,1,spy2,0.7183597,train,2026,weighted,False
ACRIN-6698-356431_z040,ACRIN-6698-356431,3,1,spy2,0.7183617,train,2026,weighted,False
ACRIN-6698-356431_z041,ACRIN-6698-356431,3,1,spy2,0.7182151,train,2026,weighted,False
ACRIN-6698-356431_z042,ACRIN-6698-356431,3,1,spy2,0.7179152,train,2026,weighted,False
ISPY2-313243_z011,ISPY2-313243,3,1,spy2,0.33072922,train,2026,weighted,False
ISPY2-313243_z012,ISPY2-313243,3,1,spy2,0.33090624,train,2026,weighted,False
ISPY2-313243_z013,ISPY2-313243,3,1,spy2,0.33102563,train,2026,weighted,False
ISPY2-313243_z014,ISPY2-313243,3,1,spy2,0.3309746,train,2026,weighted,False
ISPY2-313243_z015,ISPY2-313243,3,1,spy2,0.3307503,train,2026,weighted,False
ISPY2-313243_z016,ISPY2-313243,3,1,spy2,0.33109915,train,2026,weighted,False
ISPY2-313243_z017,ISPY2-313243,3,1,spy2,0.33146265,train,2026,weighted,False
ISPY2-313243_z018,ISPY2-313243,3,1,spy2,0.33104727,train,2026,weighted,False
ISPY2-313243_z022,ISPY2-313243,3,1,spy2,0.33061385,train,2026,weighted,False
ISPY2-313243_z023,ISPY2-313243,3,1,spy2,0.33073533,train,2026,weighted,False
ACRIN-6698-982086_z004,ACRIN-6698-982086,3,1,spy2,0.8348472,train,2026,weighted,False
ACRIN-6698-982086_z005,ACRIN-6698-982086,3,1,spy2,0.83493227,train,2026,weighted,False
ACRIN-6698-982086_z006,ACRIN-6698-982086,3,1,spy2,0.8350493,train,2026,weighted,False
ACRIN-6698-982086_z007,ACRIN-6698-982086,3,1,spy2,0.8351608,train,2026,weighted,False
ACRIN-6698-982086_z008,ACRIN-6698-982086,3,1,spy2,0.83517075,train,2026,weighted,False
ACRIN-6698-982086_z009,ACRIN-6698-982086,3,1,spy2,0.83513063,train,2026,weighted,False
ACRIN-6698-982086_z010,ACRIN-6698-982086,3,1,spy2,0.83506125,train,2026,weighted,False
ACRIN-6698-982086_z011,ACRIN-6698-982086,3,1,spy2,0.8350074,train,2026,weighted,False
ACRIN-6698-982086_z012,ACRIN-6698-982086,3,1,spy2,0.8349402,train,2026,weighted,False
ACRIN-6698-982086_z013,ACRIN-6698-982086,3,1,spy2,0.83488274,train,2026,weighted,False
ACRIN-6698-108969_z021,ACRIN-6698-108969,3,1,spy2,0.61892855,train,2026,weighted,False
ACRIN-6698-108969_z022,ACRIN-6698-108969,3,1,spy2,0.6193688,train,2026,weighted,False
ACRIN-6698-108969_z023,ACRIN-6698-108969,3,1,spy2,0.6194716,train,2026,weighted,False
ACRIN-6698-108969_z024,ACRIN-6698-108969,3,1,spy2,0.61954373,train,2026,weighted,False
ACRIN-6698-108969_z025,ACRIN-6698-108969,3,1,spy2,0.6194204,train,2026,weighted,False
ACRIN-6698-108969_z026,ACRIN-6698-108969,3,1,spy2,0.6189153,train,2026,weighted,False
ACRIN-6698-108969_z027,ACRIN-6698-108969,3,1,spy2,0.6183345,train,2026,weighted,False
ACRIN-6698-108969_z028,ACRIN-6698-108969,3,1,spy2,0.6179983,train,2026,weighted,False
ACRIN-6698-108969_z029,ACRIN-6698-108969,3,1,spy2,0.6180685,train,2026,weighted,False
ACRIN-6698-108969_z030,ACRIN-6698-108969,3,1,spy2,0.6184733,train,2026,weighted,False
ACRIN-6698-896852_z010,ACRIN-6698-896852,3,0,spy2,0.4585446,train,2026,weighted,False
ACRIN-6698-896852_z011,ACRIN-6698-896852,3,0,spy2,0.45993906,train,2026,weighted,False
ACRIN-6698-896852_z012,ACRIN-6698-896852,3,0,spy2,0.46135542,train,2026,weighted,False
ACRIN-6698-896852_z013,ACRIN-6698-896852,3,0,spy2,0.46246672,train,2026,weighted,False
ACRIN-6698-896852_z014,ACRIN-6698-896852,3,0,spy2,0.46300358,train,2026,weighted,False
ACRIN-6698-896852_z015,ACRIN-6698-896852,3,0,spy2,0.4632562,train,2026,weighted,False
ACRIN-6698-896852_z020,ACRIN-6698-896852,3,0,spy2,0.46547556,train,2026,weighted,False
ACRIN-6698-896852_z021,ACRIN-6698-896852,3,0,spy2,0.46596348,train,2026,weighted,False
ACRIN-6698-896852_z024,ACRIN-6698-896852,3,0,spy2,0.4660833,train,2026,weighted,False
ACRIN-6698-896852_z025,ACRIN-6698-896852,3,0,spy2,0.4658759,train,2026,weighted,False
ISPY2-676365_z015,ISPY2-676365,3,0,spy2,0.70949656,train,2026,weighted,False
ISPY2-676365_z016,ISPY2-676365,3,0,spy2,0.7107518,train,2026,weighted,False
ISPY2-676365_z017,ISPY2-676365,3,0,spy2,0.7118988,train,2026,weighted,False
ISPY2-676365_z018,ISPY2-676365,3,0,spy2,0.7131557,train,2026,weighted,False
ISPY2-676365_z019,ISPY2-676365,3,0,spy2,0.71522564,train,2026,weighted,False
ISPY2-676365_z020,ISPY2-676365,3,0,spy2,0.7173854,train,2026,weighted,False
ISPY2-676365_z021,ISPY2-676365,3,0,spy2,0.7185502,train,2026,weighted,False
ISPY2-676365_z022,ISPY2-676365,3,0,spy2,0.7191993,train,2026,weighted,False
ISPY2-676365_z023,ISPY2-676365,3,0,spy2,0.7200223,train,2026,weighted,False
ISPY2-676365_z024,ISPY2-676365,3,0,spy2,0.72047937,train,2026,weighted,False
ISPY2-458196_z009,ISPY2-458196,3,0,spy2,0.3719745,train,2026,weighted,False
ISPY2-458196_z010,ISPY2-458196,3,0,spy2,0.3725602,train,2026,weighted,False
ISPY2-458196_z011,ISPY2-458196,3,0,spy2,0.37211204,train,2026,weighted,False
ISPY2-458196_z012,ISPY2-458196,3,0,spy2,0.37133983,train,2026,weighted,False
ISPY2-458196_z013,ISPY2-458196,3,0,spy2,0.37004596,train,2026,weighted,False
ISPY2-458196_z014,ISPY2-458196,3,0,spy2,0.3697674,train,2026,weighted,False
ISPY2-458196_z015,ISPY2-458196,3,0,spy2,0.3699022,train,2026,weighted,False
ISPY2-458196_z016,ISPY2-458196,3,0,spy2,0.37032855,train,2026,weighted,False
ISPY2-458196_z017,ISPY2-458196,3,0,spy2,0.37089825,train,2026,weighted,False
ISPY2-458196_z018,ISPY2-458196,3,0,spy2,0.37136263,train,2026,weighted,False
ISPY2-768214_z038,ISPY2-768214,3,0,spy2,0.57580435,train,2026,weighted,False
ISPY2-768214_z039,ISPY2-768214,3,0,spy2,0.5747914,train,2026,weighted,False
ISPY2-768214_z040,ISPY2-768214,3,0,spy2,0.5744683,train,2026,weighted,False
ISPY2-768214_z041,ISPY2-768214,3,0,spy2,0.57472086,train,2026,weighted,False
ISPY2-768214_z044,ISPY2-768214,3,0,spy2,0.57710904,train,2026,weighted,False
ISPY2-768214_z045,ISPY2-768214,3,0,spy2,0.5777674,train,2026,weighted,False
ISPY2-768214_z046,ISPY2-768214,3,0,spy2,0.5782823,train,2026,weighted,False
ISPY2-768214_z047,ISPY2-768214,3,0,spy2,0.57835084,train,2026,weighted,False
ISPY2-768214_z048,ISPY2-768214,3,0,spy2,0.57830316,train,2026,weighted,False
ISPY2-768214_z049,ISPY2-768214,3,0,spy2,0.5782435,train,2026,weighted,False
ISPY2-825363_z002,ISPY2-825363,3,1,spy2,0.89053226,train,2026,weighted,False
ISPY2-825363_z003,ISPY2-825363,3,1,spy2,0.8905315,train,2026,weighted,False
ISPY2-825363_z004,ISPY2-825363,3,1,spy2,0.890353,train,2026,weighted,False
ISPY2-825363_z005,ISPY2-825363,3,1,spy2,0.8902844,train,2026,weighted,False
ISPY2-825363_z006,ISPY2-825363,3,1,spy2,0.89036644,train,2026,weighted,False
ISPY2-825363_z007,ISPY2-825363,3,1,spy2,0.8904534,train,2026,weighted,False
ISPY2-825363_z008,ISPY2-825363,3,1,spy2,0.8906626,train,2026,weighted,False
ISPY2-825363_z009,ISPY2-825363,3,1,spy2,0.8907121,train,2026,weighted,False
ISPY2-825363_z010,ISPY2-825363,3,1,spy2,0.8906318,train,2026,weighted,False
ISPY2-825363_z011,ISPY2-825363,3,1,spy2,0.89054954,train,2026,weighted,False
ISPY2-668752_z007,ISPY2-668752,3,0,spy2,0.61184704,train,2026,weighted,False
ISPY2-668752_z008,ISPY2-668752,3,0,spy2,0.6120225,train,2026,weighted,False
ISPY2-668752_z009,ISPY2-668752,3,0,spy2,0.6119371,train,2026,weighted,False
ISPY2-668752_z010,ISPY2-668752,3,0,spy2,0.6118762,train,2026,weighted,False
ISPY2-668752_z011,ISPY2-668752,3,0,spy2,0.6122421,train,2026,weighted,False
ISPY2-668752_z012,ISPY2-668752,3,0,spy2,0.61230725,train,2026,weighted,False
ISPY2-668752_z013,ISPY2-668752,3,0,spy2,0.612094,train,2026,weighted,False
ISPY2-668752_z014,ISPY2-668752,3,0,spy2,0.6121231,train,2026,weighted,False
ISPY2-668752_z015,ISPY2-668752,3,0,spy2,0.61230224,train,2026,weighted,False
ISPY2-668752_z016,ISPY2-668752,3,0,spy2,0.61226165,train,2026,weighted,False
ISPY2-920479_z017,ISPY2-920479,3,0,spy2,0.82313645,train,2026,weighted,False
ISPY2-920479_z018,ISPY2-920479,3,0,spy2,0.8222174,train,2026,weighted,False
ISPY2-920479_z019,ISPY2-920479,3,0,spy2,0.82139903,train,2026,weighted,False
ISPY2-920479_z020,ISPY2-920479,3,0,spy2,0.82063437,train,2026,weighted,False
ISPY2-920479_z021,ISPY2-920479,3,0,spy2,0.821254,train,2026,weighted,False
ISPY2-920479_z022,ISPY2-920479,3,0,spy2,0.8212269,train,2026,weighted,False
ISPY2-920479_z023,ISPY2-920479,3,0,spy2,0.82060415,train,2026,weighted,False
ISPY2-920479_z024,ISPY2-920479,3,0,spy2,0.82180834,train,2026,weighted,False
ISPY2-920479_z025,ISPY2-920479,3,0,spy2,0.8251026,train,2026,weighted,False
ISPY2-920479_z026,ISPY2-920479,3,0,spy2,0.827044,train,2026,weighted,False
ACRIN-6698-335536_z005,ACRIN-6698-335536,3,0,spy2,0.2763617,train,2026,weighted,False
ACRIN-6698-335536_z007,ACRIN-6698-335536,3,0,spy2,0.27808318,train,2026,weighted,False
ACRIN-6698-335536_z008,ACRIN-6698-335536,3,0,spy2,0.2790801,train,2026,weighted,False
ACRIN-6698-335536_z009,ACRIN-6698-335536,3,0,spy2,0.27942145,train,2026,weighted,False
ACRIN-6698-335536_z010,ACRIN-6698-335536,3,0,spy2,0.27593386,train,2026,weighted,False
ACRIN-6698-335536_z011,ACRIN-6698-335536,3,0,spy2,0.27416074,train,2026,weighted,False
ACRIN-6698-335536_z012,ACRIN-6698-335536,3,0,spy2,0.27502376,train,2026,weighted,False
ACRIN-6698-335536_z013,ACRIN-6698-335536,3,0,spy2,0.2753102,train,2026,weighted,False
ACRIN-6698-335536_z014,ACRIN-6698-335536,3,0,spy2,0.27679574,train,2026,weighted,False
ACRIN-6698-335536_z015,ACRIN-6698-335536,3,0,spy2,0.2796358,train,2026,weighted,False
ISPY2-520258_z009,ISPY2-520258,3,0,spy2,0.33324912,train,2026,weighted,False
ISPY2-520258_z010,ISPY2-520258,3,0,spy2,0.3333519,train,2026,weighted,False
ISPY2-520258_z011,ISPY2-520258,3,0,spy2,0.33263028,train,2026,weighted,False
ISPY2-520258_z012,ISPY2-520258,3,0,spy2,0.33198437,train,2026,weighted,False
ISPY2-520258_z013,ISPY2-520258,3,0,spy2,0.3316771,train,2026,weighted,False
ISPY2-520258_z014,ISPY2-520258,3,0,spy2,0.33195525,train,2026,weighted,False
ISPY2-520258_z015,ISPY2-520258,3,0,spy2,0.33252043,train,2026,weighted,False
ISPY2-520258_z016,ISPY2-520258,3,0,spy2,0.3330848,train,2026,weighted,False
ISPY2-520258_z017,ISPY2-520258,3,0,spy2,0.33315483,train,2026,weighted,False
ISPY2-520258_z018,ISPY2-520258,3,0,spy2,0.33316156,train,2026,weighted,False
ISPY2-896621_z030,ISPY2-896621,3,0,spy2,0.34962922,train,2026,weighted,False
ISPY2-896621_z031,ISPY2-896621,3,0,spy2,0.34984416,train,2026,weighted,False
ISPY2-896621_z032,ISPY2-896621,3,0,spy2,0.35015345,train,2026,weighted,False
ISPY2-896621_z033,ISPY2-896621,3,0,spy2,0.35077173,train,2026,weighted,False
ISPY2-896621_z034,ISPY2-896621,3,0,spy2,0.35188964,train,2026,weighted,False
ISPY2-896621_z035,ISPY2-896621,3,0,spy2,0.3523346,train,2026,weighted,False
ISPY2-896621_z037,ISPY2-896621,3,0,spy2,0.35185826,train,2026,weighted,False
ISPY2-896621_z039,ISPY2-896621,3,0,spy2,0.35221764,train,2026,weighted,False
ISPY2-896621_z041,ISPY2-896621,3,0,spy2,0.35093203,train,2026,weighted,False
ISPY2-896621_z042,ISPY2-896621,3,0,spy2,0.35140672,train,2026,weighted,False
ISPY2-567907_z015,ISPY2-567907,3,0,spy2,0.26807442,train,2026,weighted,False
ISPY2-567907_z017,ISPY2-567907,3,0,spy2,0.27097094,train,2026,weighted,False
ISPY2-567907_z018,ISPY2-567907,3,0,spy2,0.2716314,train,2026,weighted,False
ISPY2-567907_z019,ISPY2-567907,3,0,spy2,0.2716415,train,2026,weighted,False
ISPY2-567907_z020,ISPY2-567907,3,0,spy2,0.2715045,train,2026,weighted,False
ISPY2-567907_z021,ISPY2-567907,3,0,spy2,0.27214023,train,2026,weighted,False
ISPY2-567907_z022,ISPY2-567907,3,0,spy2,0.2731588,train,2026,weighted,False
ISPY2-567907_z023,ISPY2-567907,3,0,spy2,0.27428904,train,2026,weighted,False
ISPY2-567907_z024,ISPY2-567907,3,0,spy2,0.2752471,train,2026,weighted,False
ISPY2-567907_z025,ISPY2-567907,3,0,spy2,0.2757406,train,2026,weighted,False
ISPY2-983841_z010,ISPY2-983841,3,1,spy2,0.623417,train,2026,weighted,False
ISPY2-983841_z011,ISPY2-983841,3,1,spy2,0.6238083,train,2026,weighted,False
ISPY2-983841_z012,ISPY2-983841,3,1,spy2,0.62404394,train,2026,weighted,False
ISPY2-983841_z013,ISPY2-983841,3,1,spy2,0.6242559,train,2026,weighted,False
ISPY2-983841_z014,ISPY2-983841,3,1,spy2,0.624353,train,2026,weighted,False
ISPY2-983841_z015,ISPY2-983841,3,1,spy2,0.6242367,train,2026,weighted,False
ISPY2-983841_z016,ISPY2-983841,3,1,spy2,0.62423795,train,2026,weighted,False
ISPY2-983841_z017,ISPY2-983841,3,1,spy2,0.62408656,train,2026,weighted,False
ISPY2-983841_z018,ISPY2-983841,3,1,spy2,0.62371445,train,2026,weighted,False
ISPY2-983841_z019,ISPY2-983841,3,1,spy2,0.623499,train,2026,weighted,False
ACRIN-6698-856159_z004,ACRIN-6698-856159,3,0,spy2,0.6259164,train,2026,weighted,False
ACRIN-6698-856159_z005,ACRIN-6698-856159,3,0,spy2,0.6271343,train,2026,weighted,False
ACRIN-6698-856159_z006,ACRIN-6698-856159,3,0,spy2,0.628856,train,2026,weighted,False
ACRIN-6698-856159_z007,ACRIN-6698-856159,3,0,spy2,0.6336055,train,2026,weighted,False
ACRIN-6698-856159_z008,ACRIN-6698-856159,3,0,spy2,0.641034,train,2026,weighted,False
ACRIN-6698-856159_z009,ACRIN-6698-856159,3,0,spy2,0.6478609,train,2026,weighted,False
ACRIN-6698-856159_z010,ACRIN-6698-856159,3,0,spy2,0.64864993,train,2026,weighted,False
ACRIN-6698-856159_z011,ACRIN-6698-856159,3,0,spy2,0.6474123,train,2026,weighted,False
ACRIN-6698-856159_z012,ACRIN-6698-856159,3,0,spy2,0.64691496,train,2026,weighted,False
ACRIN-6698-856159_z013,ACRIN-6698-856159,3,0,spy2,0.648169,train,2026,weighted,False
ISPY2-934906_z018,ISPY2-934906,3,0,spy2,0.5915957,train,2026,weighted,False
ISPY2-934906_z019,ISPY2-934906,3,0,spy2,0.5914112,train,2026,weighted,False
ISPY2-934906_z020,ISPY2-934906,3,0,spy2,0.59139544,train,2026,weighted,False
ISPY2-934906_z021,ISPY2-934906,3,0,spy2,0.5914429,train,2026,weighted,False
ISPY2-934906_z024,ISPY2-934906,3,0,spy2,0.5918003,train,2026,weighted,False
ISPY2-934906_z025,ISPY2-934906,3,0,spy2,0.5919376,train,2026,weighted,False
ISPY2-934906_z026,ISPY2-934906,3,0,spy2,0.5918365,train,2026,weighted,False
ISPY2-934906_z027,ISPY2-934906,3,0,spy2,0.5916519,train,2026,weighted,False
ISPY2-934906_z028,ISPY2-934906,3,0,spy2,0.5916693,train,2026,weighted,False
ISPY2-934906_z029,ISPY2-934906,3,0,spy2,0.5918268,train,2026,weighted,False
ISPY2-815493_z012,ISPY2-815493,3,1,spy2,0.66408664,train,2026,weighted,False
ISPY2-815493_z013,ISPY2-815493,3,1,spy2,0.6642322,train,2026,weighted,False
ISPY2-815493_z014,ISPY2-815493,3,1,spy2,0.66389024,train,2026,weighted,False
ISPY2-815493_z015,ISPY2-815493,3,1,spy2,0.664208,train,2026,weighted,False
ISPY2-815493_z016,ISPY2-815493,3,1,spy2,0.66368586,train,2026,weighted,False
ISPY2-815493_z017,ISPY2-815493,3,1,spy2,0.6638347,train,2026,weighted,False
ISPY2-815493_z018,ISPY2-815493,3,1,spy2,0.6638467,train,2026,weighted,False
ISPY2-815493_z019,ISPY2-815493,3,1,spy2,0.6641643,train,2026,weighted,False
ISPY2-815493_z020,ISPY2-815493,3,1,spy2,0.6636302,train,2026,weighted,False
ISPY2-815493_z021,ISPY2-815493,3,1,spy2,0.663959,train,2026,weighted,False
ISPY2-597253_z031,ISPY2-597253,3,0,spy2,0.26922482,train,2026,weighted,False
ISPY2-597253_z032,ISPY2-597253,3,0,spy2,0.26560077,train,2026,weighted,False
ISPY2-597253_z035,ISPY2-597253,3,0,spy2,0.25889772,train,2026,weighted,False
ISPY2-597253_z036,ISPY2-597253,3,0,spy2,0.25979564,train,2026,weighted,False
ISPY2-597253_z037,ISPY2-597253,3,0,spy2,0.25977635,train,2026,weighted,False
ISPY2-597253_z038,ISPY2-597253,3,0,spy2,0.25968328,train,2026,weighted,False
ISPY2-597253_z039,ISPY2-597253,3,0,spy2,0.2611965,train,2026,weighted,False
ISPY2-597253_z041,ISPY2-597253,3,0,spy2,0.26435402,train,2026,weighted,False
ISPY2-597253_z042,ISPY2-597253,3,0,spy2,0.26552656,train,2026,weighted,False
ISPY2-597253_z043,ISPY2-597253,3,0,spy2,0.26545715,train,2026,weighted,False
ISPY2-136536_z004,ISPY2-136536,3,1,spy2,0.7082603,train,2026,weighted,False
ISPY2-136536_z005,ISPY2-136536,3,1,spy2,0.7083565,train,2026,weighted,False
ISPY2-136536_z006,ISPY2-136536,3,1,spy2,0.7083149,train,2026,weighted,False
ISPY2-136536_z007,ISPY2-136536,3,1,spy2,0.70771015,train,2026,weighted,False
ISPY2-136536_z008,ISPY2-136536,3,1,spy2,0.70659536,train,2026,weighted,False
ISPY2-136536_z009,ISPY2-136536,3,1,spy2,0.70523864,train,2026,weighted,False
ISPY2-136536_z010,ISPY2-136536,3,1,spy2,0.70598185,train,2026,weighted,False
ISPY2-136536_z011,ISPY2-136536,3,1,spy2,0.7069296,train,2026,weighted,False
ISPY2-136536_z012,ISPY2-136536,3,1,spy2,0.7108735,train,2026,weighted,False
ISPY2-136536_z013,ISPY2-136536,3,1,spy2,0.7172775,train,2026,weighted,False
ISPY2-157463_z026,ISPY2-157463,3,0,spy2,0.31468254,train,2026,weighted,False
ISPY2-157463_z027,ISPY2-157463,3,0,spy2,0.3149561,train,2026,weighted,False
ISPY2-157463_z039,ISPY2-157463,3,0,spy2,0.31582558,train,2026,weighted,False
ISPY2-157463_z040,ISPY2-157463,3,0,spy2,0.31505045,train,2026,weighted,False
ISPY2-157463_z041,ISPY2-157463,3,0,spy2,0.3135273,train,2026,weighted,False
ISPY2-157463_z042,ISPY2-157463,3,0,spy2,0.3134933,train,2026,weighted,False
ISPY2-157463_z043,ISPY2-157463,3,0,spy2,0.31274828,train,2026,weighted,False
ISPY2-157463_z044,ISPY2-157463,3,0,spy2,0.31248832,train,2026,weighted,False
ISPY2-157463_z045,ISPY2-157463,3,0,spy2,0.31261894,train,2026,weighted,False
ISPY2-157463_z046,ISPY2-157463,3,0,spy2,0.31315884,train,2026,weighted,False
ISPY2-709559_z010,ISPY2-709559,3,0,spy2,0.24351823,train,2026,weighted,False
ISPY2-709559_z011,ISPY2-709559,3,0,spy2,0.24430202,train,2026,weighted,False
ISPY2-709559_z012,ISPY2-709559,3,0,spy2,0.24535535,train,2026,weighted,False
ISPY2-709559_z013,ISPY2-709559,3,0,spy2,0.24590528,train,2026,weighted,False
ISPY2-709559_z014,ISPY2-709559,3,0,spy2,0.24620178,train,2026,weighted,False
ISPY2-709559_z015,ISPY2-709559,3,0,spy2,0.24604546,train,2026,weighted,False
ISPY2-709559_z016,ISPY2-709559,3,0,spy2,0.24616332,train,2026,weighted,False
ISPY2-709559_z017,ISPY2-709559,3,0,spy2,0.24638799,train,2026,weighted,False
ISPY2-709559_z018,ISPY2-709559,3,0,spy2,0.24654752,train,2026,weighted,False
ISPY2-709559_z019,ISPY2-709559,3,0,spy2,0.24680805,train,2026,weighted,False
ACRIN-6698-284443_z021,ACRIN-6698-284443,3,0,spy2,0.48752767,train,2026,weighted,False
ACRIN-6698-284443_z022,ACRIN-6698-284443,3,0,spy2,0.4874563,train,2026,weighted,False
ACRIN-6698-284443_z023,ACRIN-6698-284443,3,0,spy2,0.48741177,train,2026,weighted,False
ACRIN-6698-284443_z024,ACRIN-6698-284443,3,0,spy2,0.48722023,train,2026,weighted,False
ACRIN-6698-284443_z025,ACRIN-6698-284443,3,0,spy2,0.48684037,train,2026,weighted,False
ACRIN-6698-284443_z026,ACRIN-6698-284443,3,0,spy2,0.48718554,train,2026,weighted,False
ACRIN-6698-284443_z027,ACRIN-6698-284443,3,0,spy2,0.48716098,train,2026,weighted,False
ACRIN-6698-284443_z029,ACRIN-6698-284443,3,0,spy2,0.48692253,train,2026,weighted,False
ACRIN-6698-284443_z030,ACRIN-6698-284443,3,0,spy2,0.48676533,train,2026,weighted,False
ACRIN-6698-284443_z034,ACRIN-6698-284443,3,0,spy2,0.48689044,train,2026,weighted,False
ACRIN-6698-144302_z006,ACRIN-6698-144302,3,0,spy2,0.620471,train,2026,weighted,False
ACRIN-6698-144302_z007,ACRIN-6698-144302,3,0,spy2,0.6205115,train,2026,weighted,False
ACRIN-6698-144302_z008,ACRIN-6698-144302,3,0,spy2,0.6215135,train,2026,weighted,False
ACRIN-6698-144302_z009,ACRIN-6698-144302,3,0,spy2,0.62158304,train,2026,weighted,False
ACRIN-6698-144302_z010,ACRIN-6698-144302,3,0,spy2,0.6215227,train,2026,weighted,False
ACRIN-6698-144302_z011,ACRIN-6698-144302,3,0,spy2,0.62211645,train,2026,weighted,False
ACRIN-6698-144302_z012,ACRIN-6698-144302,3,0,spy2,0.62252915,train,2026,weighted,False
ACRIN-6698-144302_z013,ACRIN-6698-144302,3,0,spy2,0.6228519,train,2026,weighted,False
ACRIN-6698-144302_z014,ACRIN-6698-144302,3,0,spy2,0.62313735,train,2026,weighted,False
ACRIN-6698-144302_z015,ACRIN-6698-144302,3,0,spy2,0.62322265,train,2026,weighted,False
ISPY2-809649_z002,ISPY2-809649,3,1,spy2,0.8482431,train,2026,weighted,False
ISPY2-809649_z003,ISPY2-809649,3,1,spy2,0.848169,train,2026,weighted,False
ISPY2-809649_z004,ISPY2-809649,3,1,spy2,0.84831315,train,2026,weighted,False
ISPY2-809649_z005,ISPY2-809649,3,1,spy2,0.84814376,train,2026,weighted,False
ISPY2-809649_z006,ISPY2-809649,3,1,spy2,0.84811527,train,2026,weighted,False
ISPY2-809649_z007,ISPY2-809649,3,1,spy2,0.848075,train,2026,weighted,False
ISPY2-809649_z008,ISPY2-809649,3,1,spy2,0.84798545,train,2026,weighted,False
ISPY2-809649_z009,ISPY2-809649,3,1,spy2,0.84809244,train,2026,weighted,False
ISPY2-809649_z010,ISPY2-809649,3,1,spy2,0.8482857,train,2026,weighted,False
ISPY2-809649_z011,ISPY2-809649,3,1,spy2,0.8484426,train,2026,weighted,False
ISPY2-220664_z022,ISPY2-220664,3,1,spy2,0.5605529,train,2026,weighted,False
ISPY2-220664_z023,ISPY2-220664,3,1,spy2,0.5606855,train,2026,weighted,False
ISPY2-220664_z024,ISPY2-220664,3,1,spy2,0.56042075,train,2026,weighted,False
ISPY2-220664_z025,ISPY2-220664,3,1,spy2,0.56047153,train,2026,weighted,False
ISPY2-220664_z026,ISPY2-220664,3,1,spy2,0.5608675,train,2026,weighted,False
ISPY2-220664_z027,ISPY2-220664,3,1,spy2,0.5612769,train,2026,weighted,False
ISPY2-220664_z028,ISPY2-220664,3,1,spy2,0.56165135,train,2026,weighted,False
ISPY2-220664_z029,ISPY2-220664,3,1,spy2,0.5618697,train,2026,weighted,False
ISPY2-220664_z030,ISPY2-220664,3,1,spy2,0.5622677,train,2026,weighted,False
ISPY2-220664_z031,ISPY2-220664,3,1,spy2,0.56243277,train,2026,weighted,False
ISPY2-697871_z016,ISPY2-697871,3,1,spy2,0.63383543,train,2026,weighted,False
ISPY2-697871_z017,ISPY2-697871,3,1,spy2,0.6337572,train,2026,weighted,False
ISPY2-697871_z018,ISPY2-697871,3,1,spy2,0.6337333,train,2026,weighted,False
ISPY2-697871_z019,ISPY2-697871,3,1,spy2,0.63434523,train,2026,weighted,False
ISPY2-697871_z020,ISPY2-697871,3,1,spy2,0.63433504,train,2026,weighted,False
ISPY2-697871_z021,ISPY2-697871,3,1,spy2,0.6341028,train,2026,weighted,False
ISPY2-697871_z022,ISPY2-697871,3,1,spy2,0.63385904,train,2026,weighted,False
ISPY2-697871_z023,ISPY2-697871,3,1,spy2,0.6337864,train,2026,weighted,False
ISPY2-697871_z024,ISPY2-697871,3,1,spy2,0.633786,train,2026,weighted,False
ISPY2-697871_z025,ISPY2-697871,3,1,spy2,0.6339299,train,2026,weighted,False
ACRIN-6698-435279_z016,ACRIN-6698-435279,3,0,spy2,0.24731353,train,2026,weighted,False
ACRIN-6698-435279_z017,ACRIN-6698-435279,3,0,spy2,0.24626166,train,2026,weighted,False
ACRIN-6698-435279_z018,ACRIN-6698-435279,3,0,spy2,0.2454799,train,2026,weighted,False
ACRIN-6698-435279_z019,ACRIN-6698-435279,3,0,spy2,0.24605906,train,2026,weighted,False
ACRIN-6698-435279_z025,ACRIN-6698-435279,3,0,spy2,0.24989013,train,2026,weighted,False
ACRIN-6698-435279_z029,ACRIN-6698-435279,3,0,spy2,0.25235534,train,2026,weighted,False
ACRIN-6698-435279_z030,ACRIN-6698-435279,3,0,spy2,0.25107434,train,2026,weighted,False
ACRIN-6698-435279_z031,ACRIN-6698-435279,3,0,spy2,0.25130525,train,2026,weighted,False
ACRIN-6698-435279_z032,ACRIN-6698-435279,3,0,spy2,0.2515242,train,2026,weighted,False
ACRIN-6698-435279_z033,ACRIN-6698-435279,3,0,spy2,0.25217894,train,2026,weighted,False
ISPY2-536253_z009,ISPY2-536253,3,1,spy2,0.5428291,train,2026,weighted,False
ISPY2-536253_z010,ISPY2-536253,3,1,spy2,0.54426146,train,2026,weighted,False
ISPY2-536253_z011,ISPY2-536253,3,1,spy2,0.5467959,train,2026,weighted,False
ISPY2-536253_z012,ISPY2-536253,3,1,spy2,0.5479001,train,2026,weighted,False
ISPY2-536253_z013,ISPY2-536253,3,1,spy2,0.54972553,train,2026,weighted,False
ISPY2-536253_z014,ISPY2-536253,3,1,spy2,0.5526324,train,2026,weighted,False
ISPY2-536253_z015,ISPY2-536253,3,1,spy2,0.5519707,train,2026,weighted,False
ISPY2-536253_z016,ISPY2-536253,3,1,spy2,0.550955,train,2026,weighted,False
ISPY2-536253_z017,ISPY2-536253,3,1,spy2,0.5501035,train,2026,weighted,False
ISPY2-536253_z018,ISPY2-536253,3,1,spy2,0.5492088,train,2026,weighted,False
ACRIN-6698-875089_z021,ACRIN-6698-875089,3,0,spy2,0.662663,train,2026,weighted,False
ACRIN-6698-875089_z022,ACRIN-6698-875089,3,0,spy2,0.6625773,train,2026,weighted,False
ACRIN-6698-875089_z023,ACRIN-6698-875089,3,0,spy2,0.66255146,train,2026,weighted,False
ACRIN-6698-875089_z024,ACRIN-6698-875089,3,0,spy2,0.6624168,train,2026,weighted,False
ACRIN-6698-875089_z025,ACRIN-6698-875089,3,0,spy2,0.6622871,train,2026,weighted,False
ACRIN-6698-875089_z026,ACRIN-6698-875089,3,0,spy2,0.6622894,train,2026,weighted,False
ACRIN-6698-875089_z027,ACRIN-6698-875089,3,0,spy2,0.6622691,train,2026,weighted,False
ACRIN-6698-875089_z033,ACRIN-6698-875089,3,0,spy2,0.6622304,train,2026,weighted,False
ACRIN-6698-875089_z034,ACRIN-6698-875089,3,0,spy2,0.662264,train,2026,weighted,False
ACRIN-6698-875089_z035,ACRIN-6698-875089,3,0,spy2,0.6622552,train,2026,weighted,False
ISPY2-889049_z018,ISPY2-889049,3,0,spy2,0.8095007,train,2026,weighted,False
ISPY2-889049_z019,ISPY2-889049,3,0,spy2,0.8093967,train,2026,weighted,False
ISPY2-889049_z020,ISPY2-889049,3,0,spy2,0.8093502,train,2026,weighted,False
ISPY2-889049_z021,ISPY2-889049,3,0,spy2,0.80930835,train,2026,weighted,False
ISPY2-889049_z022,ISPY2-889049,3,0,spy2,0.80934465,train,2026,weighted,False
ISPY2-889049_z023,ISPY2-889049,3,0,spy2,0.8093448,train,2026,weighted,False
ISPY2-889049_z024,ISPY2-889049,3,0,spy2,0.80934566,train,2026,weighted,False
ISPY2-889049_z025,ISPY2-889049,3,0,spy2,0.8092729,train,2026,weighted,False
ISPY2-889049_z026,ISPY2-889049,3,0,spy2,0.80920285,train,2026,weighted,False
ISPY2-889049_z027,ISPY2-889049,3,0,spy2,0.8091398,train,2026,weighted,False
ISPY2-406190_z017,ISPY2-406190,3,0,spy2,0.45793304,train,2026,weighted,False
ISPY2-406190_z019,ISPY2-406190,3,0,spy2,0.4588304,train,2026,weighted,False
ISPY2-406190_z022,ISPY2-406190,3,0,spy2,0.45706046,train,2026,weighted,False
ISPY2-406190_z023,ISPY2-406190,3,0,spy2,0.45703745,train,2026,weighted,False
ISPY2-406190_z024,ISPY2-406190,3,0,spy2,0.45817435,train,2026,weighted,False
ISPY2-406190_z025,ISPY2-406190,3,0,spy2,0.45950502,train,2026,weighted,False
ISPY2-406190_z026,ISPY2-406190,3,0,spy2,0.46108702,train,2026,weighted,False
ISPY2-406190_z027,ISPY2-406190,3,0,spy2,0.46145755,train,2026,weighted,False
ISPY2-406190_z033,ISPY2-406190,3,0,spy2,0.46669245,train,2026,weighted,False
ISPY2-406190_z034,ISPY2-406190,3,0,spy2,0.46845287,train,2026,weighted,False
ACRIN-6698-213913_z010,ACRIN-6698-213913,3,1,spy2,0.7428379,train,2026,weighted,False
ACRIN-6698-213913_z011,ACRIN-6698-213913,3,1,spy2,0.7412166,train,2026,weighted,False
ACRIN-6698-213913_z012,ACRIN-6698-213913,3,1,spy2,0.7397129,train,2026,weighted,False
ACRIN-6698-213913_z013,ACRIN-6698-213913,3,1,spy2,0.7390254,train,2026,weighted,False
ACRIN-6698-213913_z014,ACRIN-6698-213913,3,1,spy2,0.7391063,train,2026,weighted,False
ACRIN-6698-213913_z015,ACRIN-6698-213913,3,1,spy2,0.7384507,train,2026,weighted,False
ACRIN-6698-213913_z016,ACRIN-6698-213913,3,1,spy2,0.73753667,train,2026,weighted,False
ACRIN-6698-213913_z017,ACRIN-6698-213913,3,1,spy2,0.7368999,train,2026,weighted,False
ACRIN-6698-213913_z018,ACRIN-6698-213913,3,1,spy2,0.73767984,train,2026,weighted,False
ACRIN-6698-213913_z019,ACRIN-6698-213913,3,1,spy2,0.7395366,train,2026,weighted,False
ISPY2-472799_z019,ISPY2-472799,3,1,spy2,0.7636823,train,2026,weighted,False
ISPY2-472799_z020,ISPY2-472799,3,1,spy2,0.7639656,train,2026,weighted,False
ISPY2-472799_z021,ISPY2-472799,3,1,spy2,0.76424915,train,2026,weighted,False
ISPY2-472799_z022,ISPY2-472799,3,1,spy2,0.7645729,train,2026,weighted,False
ISPY2-472799_z023,ISPY2-472799,3,1,spy2,0.7646861,train,2026,weighted,False
ISPY2-472799_z024,ISPY2-472799,3,1,spy2,0.7646159,train,2026,weighted,False
ISPY2-472799_z025,ISPY2-472799,3,1,spy2,0.7646043,train,2026,weighted,False
ISPY2-472799_z026,ISPY2-472799,3,1,spy2,0.76449513,train,2026,weighted,False
ISPY2-472799_z027,ISPY2-472799,3,1,spy2,0.764289,train,2026,weighted,False
ISPY2-472799_z028,ISPY2-472799,3,1,spy2,0.7642478,train,2026,weighted,False
ISPY2-382853_z014,ISPY2-382853,3,1,spy2,0.8241637,train,2026,weighted,False
ISPY2-382853_z015,ISPY2-382853,3,1,spy2,0.82329684,train,2026,weighted,False
ISPY2-382853_z016,ISPY2-382853,3,1,spy2,0.82325315,train,2026,weighted,False
ISPY2-382853_z017,ISPY2-382853,3,1,spy2,0.8239811,train,2026,weighted,False
ISPY2-382853_z018,ISPY2-382853,3,1,spy2,0.82440066,train,2026,weighted,False
ISPY2-382853_z019,ISPY2-382853,3,1,spy2,0.8243475,train,2026,weighted,False
ISPY2-382853_z020,ISPY2-382853,3,1,spy2,0.8243127,train,2026,weighted,False
ISPY2-382853_z021,ISPY2-382853,3,1,spy2,0.8238649,train,2026,weighted,False
ISPY2-382853_z023,ISPY2-382853,3,1,spy2,0.8232631,train,2026,weighted,False
ISPY2-382853_z024,ISPY2-382853,3,1,spy2,0.8233438,train,2026,weighted,False
ISPY2-631337_z059,ISPY2-631337,3,0,spy2,0.21932147,train,2026,weighted,False
ISPY2-631337_z060,ISPY2-631337,3,0,spy2,0.21942227,train,2026,weighted,False
ISPY2-631337_z061,ISPY2-631337,3,0,spy2,0.2194072,train,2026,weighted,False
ISPY2-631337_z062,ISPY2-631337,3,0,spy2,0.21946484,train,2026,weighted,False
ISPY2-631337_z063,ISPY2-631337,3,0,spy2,0.21950224,train,2026,weighted,False
ISPY2-631337_z064,ISPY2-631337,3,0,spy2,0.21941951,train,2026,weighted,False
ISPY2-631337_z065,ISPY2-631337,3,0,spy2,0.21943691,train,2026,weighted,False
ISPY2-631337_z066,ISPY2-631337,3,0,spy2,0.21951014,train,2026,weighted,False
ISPY2-631337_z067,ISPY2-631337,3,0,spy2,0.21958138,train,2026,weighted,False
ISPY2-631337_z068,ISPY2-631337,3,0,spy2,0.21957454,train,2026,weighted,False
ACRIN-6698-516763_z020,ACRIN-6698-516763,3,1,spy2,0.70444113,train,2026,weighted,False
ACRIN-6698-516763_z021,ACRIN-6698-516763,3,1,spy2,0.7046978,train,2026,weighted,False
ACRIN-6698-516763_z022,ACRIN-6698-516763,3,1,spy2,0.70494616,train,2026,weighted,False
ACRIN-6698-516763_z023,ACRIN-6698-516763,3,1,spy2,0.7050326,train,2026,weighted,False
ACRIN-6698-516763_z024,ACRIN-6698-516763,3,1,spy2,0.70508134,train,2026,weighted,False
ACRIN-6698-516763_z025,ACRIN-6698-516763,3,1,spy2,0.7053639,train,2026,weighted,False
ACRIN-6698-516763_z026,ACRIN-6698-516763,3,1,spy2,0.7053497,train,2026,weighted,False
ACRIN-6698-516763_z027,ACRIN-6698-516763,3,1,spy2,0.7056406,train,2026,weighted,False
ACRIN-6698-516763_z028,ACRIN-6698-516763,3,1,spy2,0.7056771,train,2026,weighted,False
ACRIN-6698-516763_z029,ACRIN-6698-516763,3,1,spy2,0.70550746,train,2026,weighted,False
ISPY2-685182_z006,ISPY2-685182,3,1,spy2,0.59648585,train,2026,weighted,False
ISPY2-685182_z007,ISPY2-685182,3,1,spy2,0.59685177,train,2026,weighted,False
ISPY2-685182_z008,ISPY2-685182,3,1,spy2,0.59730476,train,2026,weighted,False
ISPY2-685182_z009,ISPY2-685182,3,1,spy2,0.59742296,train,2026,weighted,False
ISPY2-685182_z010,ISPY2-685182,3,1,spy2,0.59723246,train,2026,weighted,False
ISPY2-685182_z011,ISPY2-685182,3,1,spy2,0.59712553,train,2026,weighted,False
ISPY2-685182_z012,ISPY2-685182,3,1,spy2,0.5972358,train,2026,weighted,False
ISPY2-685182_z013,ISPY2-685182,3,1,spy2,0.5975967,train,2026,weighted,False
ISPY2-685182_z014,ISPY2-685182,3,1,spy2,0.5977925,train,2026,weighted,False
ISPY2-685182_z015,ISPY2-685182,3,1,spy2,0.597877,train,2026,weighted,False
ISPY2-174904_z023,ISPY2-174904,3,0,spy2,0.36048338,train,2026,weighted,False
ISPY2-174904_z024,ISPY2-174904,3,0,spy2,0.36052424,train,2026,weighted,False
ISPY2-174904_z025,ISPY2-174904,3,0,spy2,0.36098865,train,2026,weighted,False
ISPY2-174904_z026,ISPY2-174904,3,0,spy2,0.36185622,train,2026,weighted,False
ISPY2-174904_z027,ISPY2-174904,3,0,spy2,0.36165532,train,2026,weighted,False
ISPY2-174904_z028,ISPY2-174904,3,0,spy2,0.36140612,train,2026,weighted,False
ISPY2-174904_z029,ISPY2-174904,3,0,spy2,0.362168,train,2026,weighted,False
ISPY2-174904_z030,ISPY2-174904,3,0,spy2,0.36211824,train,2026,weighted,False
ISPY2-174904_z031,ISPY2-174904,3,0,spy2,0.36177024,train,2026,weighted,False
ISPY2-174904_z032,ISPY2-174904,3,0,spy2,0.3608666,train,2026,weighted,False
ISPY2-916645_z005,ISPY2-916645,3,1,spy2,0.27253014,train,2026,weighted,False
ISPY2-916645_z006,ISPY2-916645,3,1,spy2,0.27129352,train,2026,weighted,False
ISPY2-916645_z007,ISPY2-916645,3,1,spy2,0.2700404,train,2026,weighted,False
ISPY2-916645_z008,ISPY2-916645,3,1,spy2,0.2682089,train,2026,weighted,False
ISPY2-916645_z009,ISPY2-916645,3,1,spy2,0.2668064,train,2026,weighted,False
ISPY2-916645_z010,ISPY2-916645,3,1,spy2,0.26637644,train,2026,weighted,False
ISPY2-916645_z011,ISPY2-916645,3,1,spy2,0.26488683,train,2026,weighted,False
ISPY2-916645_z012,ISPY2-916645,3,1,spy2,0.2622119,train,2026,weighted,False
ISPY2-916645_z013,ISPY2-916645,3,1,spy2,0.26131848,train,2026,weighted,False
ISPY2-916645_z014,ISPY2-916645,3,1,spy2,0.26232395,train,2026,weighted,False
ACRIN-6698-172366_z007,ACRIN-6698-172366,3,1,spy2,0.5276332,train,2026,weighted,False
ACRIN-6698-172366_z008,ACRIN-6698-172366,3,1,spy2,0.5281041,train,2026,weighted,False
ACRIN-6698-172366_z009,ACRIN-6698-172366,3,1,spy2,0.52812254,train,2026,weighted,False
ACRIN-6698-172366_z010,ACRIN-6698-172366,3,1,spy2,0.52797276,train,2026,weighted,False
ACRIN-6698-172366_z011,ACRIN-6698-172366,3,1,spy2,0.5275477,train,2026,weighted,False
ACRIN-6698-172366_z012,ACRIN-6698-172366,3,1,spy2,0.52720356,train,2026,weighted,False
ACRIN-6698-172366_z013,ACRIN-6698-172366,3,1,spy2,0.52751315,train,2026,weighted,False
ACRIN-6698-172366_z014,ACRIN-6698-172366,3,1,spy2,0.5276582,train,2026,weighted,False
ACRIN-6698-172366_z015,ACRIN-6698-172366,3,1,spy2,0.5271871,train,2026,weighted,False
ACRIN-6698-172366_z016,ACRIN-6698-172366,3,1,spy2,0.5264947,train,2026,weighted,False
ISPY2-201873_z061,ISPY2-201873,3,1,spy2,0.3633725,train,2026,weighted,False
ISPY2-201873_z062,ISPY2-201873,3,1,spy2,0.36351845,train,2026,weighted,False
ISPY2-201873_z063,ISPY2-201873,3,1,spy2,0.3636475,train,2026,weighted,False
ISPY2-201873_z064,ISPY2-201873,3,1,spy2,0.3636769,train,2026,weighted,False
ISPY2-201873_z065,ISPY2-201873,3,1,spy2,0.36373204,train,2026,weighted,False
ISPY2-201873_z070,ISPY2-201873,3,1,spy2,0.36366436,train,2026,weighted,False
ISPY2-201873_z071,ISPY2-201873,3,1,spy2,0.36362147,train,2026,weighted,False
ISPY2-201873_z072,ISPY2-201873,3,1,spy2,0.36351553,train,2026,weighted,False
ISPY2-201873_z073,ISPY2-201873,3,1,spy2,0.3636993,train,2026,weighted,False
ISPY2-201873_z074,ISPY2-201873,3,1,spy2,0.36361802,train,2026,weighted,False
ACRIN-6698-655128_z008,ACRIN-6698-655128,3,0,spy2,0.3011369,train,2026,weighted,False
ACRIN-6698-655128_z009,ACRIN-6698-655128,3,0,spy2,0.30124423,train,2026,weighted,False
ACRIN-6698-655128_z010,ACRIN-6698-655128,3,0,spy2,0.301238,train,2026,weighted,False
ACRIN-6698-655128_z011,ACRIN-6698-655128,3,0,spy2,0.3011595,train,2026,weighted,False
ACRIN-6698-655128_z012,ACRIN-6698-655128,3,0,spy2,0.3012658,train,2026,weighted,False
ACRIN-6698-655128_z013,ACRIN-6698-655128,3,0,spy2,0.3011393,train,2026,weighted,False
ACRIN-6698-655128_z014,ACRIN-6698-655128,3,0,spy2,0.30107072,train,2026,weighted,False
ACRIN-6698-655128_z015,ACRIN-6698-655128,3,0,spy2,0.3011069,train,2026,weighted,False
ACRIN-6698-655128_z016,ACRIN-6698-655128,3,0,spy2,0.3012549,train,2026,weighted,False
ACRIN-6698-655128_z017,ACRIN-6698-655128,3,0,spy2,0.3013217,train,2026,weighted,False
ISPY2-966016_z006,ISPY2-966016,3,1,spy2,0.27460468,train,2026,weighted,False
ISPY2-966016_z007,ISPY2-966016,3,1,spy2,0.27305156,train,2026,weighted,False
ISPY2-966016_z008,ISPY2-966016,3,1,spy2,0.26728833,train,2026,weighted,False
ISPY2-966016_z009,ISPY2-966016,3,1,spy2,0.2621088,train,2026,weighted,False
ISPY2-966016_z010,ISPY2-966016,3,1,spy2,0.25944033,train,2026,weighted,False
ISPY2-966016_z011,ISPY2-966016,3,1,spy2,0.2576489,train,2026,weighted,False
ISPY2-966016_z012,ISPY2-966016,3,1,spy2,0.25811142,train,2026,weighted,False
ISPY2-966016_z013,ISPY2-966016,3,1,spy2,0.26143408,train,2026,weighted,False
ISPY2-966016_z014,ISPY2-966016,3,1,spy2,0.26184866,train,2026,weighted,False
ISPY2-966016_z015,ISPY2-966016,3,1,spy2,0.2629658,train,2026,weighted,False
ACRIN-6698-649198_z007,ACRIN-6698-649198,3,0,spy2,0.8235535,train,2026,weighted,False
ACRIN-6698-649198_z008,ACRIN-6698-649198,3,0,spy2,0.8234176,train,2026,weighted,False
ACRIN-6698-649198_z009,ACRIN-6698-649198,3,0,spy2,0.8231848,train,2026,weighted,False
ACRIN-6698-649198_z010,ACRIN-6698-649198,3,0,spy2,0.8231147,train,2026,weighted,False
ACRIN-6698-649198_z011,ACRIN-6698-649198,3,0,spy2,0.8231773,train,2026,weighted,False
ACRIN-6698-649198_z012,ACRIN-6698-649198,3,0,spy2,0.82308215,train,2026,weighted,False
ACRIN-6698-649198_z013,ACRIN-6698-649198,3,0,spy2,0.8228098,train,2026,weighted,False
ACRIN-6698-649198_z014,ACRIN-6698-649198,3,0,spy2,0.82287854,train,2026,weighted,False
ACRIN-6698-649198_z020,ACRIN-6698-649198,3,0,spy2,0.82098526,train,2026,weighted,False
ACRIN-6698-649198_z027,ACRIN-6698-649198,3,0,spy2,0.8224157,train,2026,weighted,False
ISPY2-851488_z034,ISPY2-851488,3,0,spy2,0.20407751,train,2026,weighted,False
ISPY2-851488_z035,ISPY2-851488,3,0,spy2,0.20432454,train,2026,weighted,False
ISPY2-851488_z036,ISPY2-851488,3,0,spy2,0.20403792,train,2026,weighted,False
ISPY2-851488_z037,ISPY2-851488,3,0,spy2,0.20470986,train,2026,weighted,False
ISPY2-851488_z038,ISPY2-851488,3,0,spy2,0.20601732,train,2026,weighted,False
ISPY2-851488_z039,ISPY2-851488,3,0,spy2,0.20740712,train,2026,weighted,False
ISPY2-851488_z040,ISPY2-851488,3,0,spy2,0.20869933,train,2026,weighted,False
ISPY2-851488_z041,ISPY2-851488,3,0,spy2,0.20943625,train,2026,weighted,False
ISPY2-851488_z042,ISPY2-851488,3,0,spy2,0.20980924,train,2026,weighted,False
ISPY2-851488_z043,ISPY2-851488,3,0,spy2,0.2097775,train,2026,weighted,False
ACRIN-6698-531988_z009,ACRIN-6698-531988,3,1,spy2,0.6778064,train,2026,weighted,False
ACRIN-6698-531988_z010,ACRIN-6698-531988,3,1,spy2,0.67437094,train,2026,weighted,False
ACRIN-6698-531988_z011,ACRIN-6698-531988,3,1,spy2,0.67416704,train,2026,weighted,False
ACRIN-6698-531988_z012,ACRIN-6698-531988,3,1,spy2,0.6743001,train,2026,weighted,False
ACRIN-6698-531988_z013,ACRIN-6698-531988,3,1,spy2,0.67781734,train,2026,weighted,False
ACRIN-6698-531988_z014,ACRIN-6698-531988,3,1,spy2,0.68057364,train,2026,weighted,False
ACRIN-6698-531988_z015,ACRIN-6698-531988,3,1,spy2,0.6779325,train,2026,weighted,False
ACRIN-6698-531988_z016,ACRIN-6698-531988,3,1,spy2,0.67310447,train,2026,weighted,False
ACRIN-6698-531988_z017,ACRIN-6698-531988,3,1,spy2,0.67403144,train,2026,weighted,False
ACRIN-6698-531988_z018,ACRIN-6698-531988,3,1,spy2,0.6840495,train,2026,weighted,False
ISPY2-515141_z018,ISPY2-515141,3,1,spy2,0.65817213,train,2026,weighted,False
ISPY2-515141_z020,ISPY2-515141,3,1,spy2,0.648139,train,2026,weighted,False
ISPY2-515141_z021,ISPY2-515141,3,1,spy2,0.64999247,train,2026,weighted,False
ISPY2-515141_z022,ISPY2-515141,3,1,spy2,0.6515783,train,2026,weighted,False
ISPY2-515141_z023,ISPY2-515141,3,1,spy2,0.6515865,train,2026,weighted,False
ISPY2-515141_z024,ISPY2-515141,3,1,spy2,0.6506192,train,2026,weighted,False
ISPY2-515141_z025,ISPY2-515141,3,1,spy2,0.652109,train,2026,weighted,False
ISPY2-515141_z026,ISPY2-515141,3,1,spy2,0.6539766,train,2026,weighted,False
ISPY2-515141_z027,ISPY2-515141,3,1,spy2,0.6515837,train,2026,weighted,False
ISPY2-515141_z028,ISPY2-515141,3,1,spy2,0.6505547,train,2026,weighted,False
ISPY2-111004_z021,ISPY2-111004,3,0,spy2,0.1912182,train,2026,weighted,False
ISPY2-111004_z022,ISPY2-111004,3,0,spy2,0.19124705,train,2026,weighted,False
ISPY2-111004_z023,ISPY2-111004,3,0,spy2,0.19122665,train,2026,weighted,False
ISPY2-111004_z025,ISPY2-111004,3,0,spy2,0.19105071,train,2026,weighted,False
ISPY2-111004_z026,ISPY2-111004,3,0,spy2,0.19110352,train,2026,weighted,False
ISPY2-111004_z027,ISPY2-111004,3,0,spy2,0.1912539,train,2026,weighted,False
ISPY2-111004_z028,ISPY2-111004,3,0,spy2,0.19124253,train,2026,weighted,False
ISPY2-111004_z032,ISPY2-111004,3,0,spy2,0.19183688,train,2026,weighted,False
ISPY2-111004_z033,ISPY2-111004,3,0,spy2,0.19192378,train,2026,weighted,False
ISPY2-111004_z034,ISPY2-111004,3,0,spy2,0.19209911,train,2026,weighted,False
ISPY2-345483_z019,ISPY2-345483,3,0,spy2,0.54189295,train,2026,weighted,False
ISPY2-345483_z020,ISPY2-345483,3,0,spy2,0.541786,train,2026,weighted,False
ISPY2-345483_z021,ISPY2-345483,3,0,spy2,0.5415128,train,2026,weighted,False
ISPY2-345483_z022,ISPY2-345483,3,0,spy2,0.54151213,train,2026,weighted,False
ISPY2-345483_z023,ISPY2-345483,3,0,spy2,0.5416947,train,2026,weighted,False
ISPY2-345483_z024,ISPY2-345483,3,0,spy2,0.54162467,train,2026,weighted,False
ISPY2-345483_z025,ISPY2-345483,3,0,spy2,0.5415442,train,2026,weighted,False
ISPY2-345483_z026,ISPY2-345483,3,0,spy2,0.54161334,train,2026,weighted,False
ISPY2-345483_z027,ISPY2-345483,3,0,spy2,0.5409749,train,2026,weighted,False
ISPY2-345483_z028,ISPY2-345483,3,0,spy2,0.5404097,train,2026,weighted,False
ACRIN-6698-820807_z012,ACRIN-6698-820807,3,1,spy2,0.20452593,train,2026,weighted,False
ACRIN-6698-820807_z013,ACRIN-6698-820807,3,1,spy2,0.20447354,train,2026,weighted,False
ACRIN-6698-820807_z014,ACRIN-6698-820807,3,1,spy2,0.20443279,train,2026,weighted,False
ACRIN-6698-820807_z015,ACRIN-6698-820807,3,1,spy2,0.20444752,train,2026,weighted,False
ACRIN-6698-820807_z016,ACRIN-6698-820807,3,1,spy2,0.20440061,train,2026,weighted,False
ACRIN-6698-820807_z017,ACRIN-6698-820807,3,1,spy2,0.20424452,train,2026,weighted,False
ACRIN-6698-820807_z018,ACRIN-6698-820807,3,1,spy2,0.20420493,train,2026,weighted,False
ACRIN-6698-820807_z019,ACRIN-6698-820807,3,1,spy2,0.20424919,train,2026,weighted,False
ACRIN-6698-820807_z020,ACRIN-6698-820807,3,1,spy2,0.20425569,train,2026,weighted,False
ACRIN-6698-820807_z021,ACRIN-6698-820807,3,1,spy2,0.20425159,train,2026,weighted,False
ISPY2-192548_z011,ISPY2-192548,3,0,spy2,0.22286187,train,2026,weighted,False
ISPY2-192548_z012,ISPY2-192548,3,0,spy2,0.22327538,train,2026,weighted,False
ISPY2-192548_z013,ISPY2-192548,3,0,spy2,0.22245719,train,2026,weighted,False
ISPY2-192548_z014,ISPY2-192548,3,0,spy2,0.22223273,train,2026,weighted,False
ISPY2-192548_z015,ISPY2-192548,3,0,spy2,0.2220205,train,2026,weighted,False
ISPY2-192548_z016,ISPY2-192548,3,0,spy2,0.22144482,train,2026,weighted,False
ISPY2-192548_z017,ISPY2-192548,3,0,spy2,0.22126642,train,2026,weighted,False
ISPY2-192548_z018,ISPY2-192548,3,0,spy2,0.22192371,train,2026,weighted,False
ISPY2-192548_z019,ISPY2-192548,3,0,spy2,0.22223178,train,2026,weighted,False
ISPY2-192548_z020,ISPY2-192548,3,0,spy2,0.22391452,train,2026,weighted,False
ISPY2-604326_z006,ISPY2-604326,3,0,spy2,0.4814506,train,2026,weighted,False
ISPY2-604326_z007,ISPY2-604326,3,0,spy2,0.48162493,train,2026,weighted,False
ISPY2-604326_z008,ISPY2-604326,3,0,spy2,0.48155615,train,2026,weighted,False
ISPY2-604326_z009,ISPY2-604326,3,0,spy2,0.48157617,train,2026,weighted,False
ISPY2-604326_z010,ISPY2-604326,3,0,spy2,0.48223057,train,2026,weighted,False
ISPY2-604326_z011,ISPY2-604326,3,0,spy2,0.48310387,train,2026,weighted,False
ISPY2-604326_z012,ISPY2-604326,3,0,spy2,0.48319992,train,2026,weighted,False
ISPY2-604326_z013,ISPY2-604326,3,0,spy2,0.48358753,train,2026,weighted,False
ISPY2-604326_z017,ISPY2-604326,3,0,spy2,0.48225242,train,2026,weighted,False
ISPY2-604326_z018,ISPY2-604326,3,0,spy2,0.48343742,train,2026,weighted,False
ACRIN-6698-688291_z013,ACRIN-6698-688291,3,0,spy2,0.23938511,train,2026,weighted,False
ACRIN-6698-688291_z014,ACRIN-6698-688291,3,0,spy2,0.2390466,train,2026,weighted,False
ACRIN-6698-688291_z015,ACRIN-6698-688291,3,0,spy2,0.23903576,train,2026,weighted,False
ACRIN-6698-688291_z016,ACRIN-6698-688291,3,0,spy2,0.23894174,train,2026,weighted,False
ACRIN-6698-688291_z020,ACRIN-6698-688291,3,0,spy2,0.24039349,train,2026,weighted,False
ACRIN-6698-688291_z021,ACRIN-6698-688291,3,0,spy2,0.24010973,train,2026,weighted,False
ACRIN-6698-688291_z022,ACRIN-6698-688291,3,0,spy2,0.23969483,train,2026,weighted,False
ACRIN-6698-688291_z023,ACRIN-6698-688291,3,0,spy2,0.23899473,train,2026,weighted,False
ACRIN-6698-688291_z024,ACRIN-6698-688291,3,0,spy2,0.23930377,train,2026,weighted,False
ACRIN-6698-688291_z025,ACRIN-6698-688291,3,0,spy2,0.23916873,train,2026,weighted,False
ISPY2-349639_z020,ISPY2-349639,3,1,spy2,0.5299604,train,2026,weighted,False
ISPY2-349639_z021,ISPY2-349639,3,1,spy2,0.52986914,train,2026,weighted,False
ISPY2-349639_z022,ISPY2-349639,3,1,spy2,0.52953446,train,2026,weighted,False
ISPY2-349639_z023,ISPY2-349639,3,1,spy2,0.52937734,train,2026,weighted,False
ISPY2-349639_z024,ISPY2-349639,3,1,spy2,0.5293567,train,2026,weighted,False
ISPY2-349639_z025,ISPY2-349639,3,1,spy2,0.52867174,train,2026,weighted,False
ISPY2-349639_z026,ISPY2-349639,3,1,spy2,0.5277866,train,2026,weighted,False
ISPY2-349639_z027,ISPY2-349639,3,1,spy2,0.5264061,train,2026,weighted,False
ISPY2-349639_z028,ISPY2-349639,3,1,spy2,0.52523905,train,2026,weighted,False
ISPY2-349639_z029,ISPY2-349639,3,1,spy2,0.5253627,train,2026,weighted,False
ISPY2-446263_z014,ISPY2-446263,3,1,spy2,0.22297639,train,2026,weighted,False
ISPY2-446263_z015,ISPY2-446263,3,1,spy2,0.22448136,train,2026,weighted,False
ISPY2-446263_z016,ISPY2-446263,3,1,spy2,0.2251817,train,2026,weighted,False
ISPY2-446263_z017,ISPY2-446263,3,1,spy2,0.22579457,train,2026,weighted,False
ISPY2-446263_z018,ISPY2-446263,3,1,spy2,0.22540283,train,2026,weighted,False
ISPY2-446263_z019,ISPY2-446263,3,1,spy2,0.22295319,train,2026,weighted,False
ISPY2-446263_z020,ISPY2-446263,3,1,spy2,0.22101532,train,2026,weighted,False
ISPY2-446263_z021,ISPY2-446263,3,1,spy2,0.2212103,train,2026,weighted,False
ISPY2-446263_z022,ISPY2-446263,3,1,spy2,0.2225469,train,2026,weighted,False
ISPY2-446263_z023,ISPY2-446263,3,1,spy2,0.22423485,train,2026,weighted,False
ISPY2-122795_z008,ISPY2-122795,3,0,spy2,0.6845744,train,2026,weighted,False
ISPY2-122795_z009,ISPY2-122795,3,0,spy2,0.68572825,train,2026,weighted,False
ISPY2-122795_z010,ISPY2-122795,3,0,spy2,0.68636423,train,2026,weighted,False
ISPY2-122795_z011,ISPY2-122795,3,0,spy2,0.68538755,train,2026,weighted,False
ISPY2-122795_z012,ISPY2-122795,3,0,spy2,0.68407696,train,2026,weighted,False
ISPY2-122795_z013,ISPY2-122795,3,0,spy2,0.684226,train,2026,weighted,False
ISPY2-122795_z014,ISPY2-122795,3,0,spy2,0.68506294,train,2026,weighted,False
ISPY2-122795_z015,ISPY2-122795,3,0,spy2,0.68570083,train,2026,weighted,False
ISPY2-122795_z016,ISPY2-122795,3,0,spy2,0.6862773,train,2026,weighted,False
ISPY2-122795_z025,ISPY2-122795,3,0,spy2,0.6903966,train,2026,weighted,False
ISPY2-697098_z010,ISPY2-697098,3,1,spy2,0.54216135,train,2026,weighted,False
ISPY2-697098_z011,ISPY2-697098,3,1,spy2,0.5421617,train,2026,weighted,False
ISPY2-697098_z012,ISPY2-697098,3,1,spy2,0.5422077,train,2026,weighted,False
ISPY2-697098_z013,ISPY2-697098,3,1,spy2,0.5422563,train,2026,weighted,False
ISPY2-697098_z014,ISPY2-697098,3,1,spy2,0.54234636,train,2026,weighted,False
ISPY2-697098_z015,ISPY2-697098,3,1,spy2,0.54232967,train,2026,weighted,False
ISPY2-697098_z016,ISPY2-697098,3,1,spy2,0.5423784,train,2026,weighted,False
ISPY2-697098_z017,ISPY2-697098,3,1,spy2,0.5422643,train,2026,weighted,False
ISPY2-697098_z018,ISPY2-697098,3,1,spy2,0.5423192,train,2026,weighted,False
ISPY2-697098_z019,ISPY2-697098,3,1,spy2,0.5423152,train,2026,weighted,False
ISPY2-832056_z072,ISPY2-832056,3,0,spy2,0.49753928,train,2026,weighted,False
ISPY2-832056_z073,ISPY2-832056,3,0,spy2,0.497538,train,2026,weighted,False
ISPY2-832056_z074,ISPY2-832056,3,0,spy2,0.49759135,train,2026,weighted,False
ISPY2-832056_z075,ISPY2-832056,3,0,spy2,0.49757826,train,2026,weighted,False
ISPY2-832056_z076,ISPY2-832056,3,0,spy2,0.49745974,train,2026,weighted,False
ISPY2-832056_z077,ISPY2-832056,3,0,spy2,0.4973485,train,2026,weighted,False
ISPY2-832056_z078,ISPY2-832056,3,0,spy2,0.4974178,train,2026,weighted,False
ISPY2-832056_z079,ISPY2-832056,3,0,spy2,0.49747425,train,2026,weighted,False
ISPY2-832056_z080,ISPY2-832056,3,0,spy2,0.49743384,train,2026,weighted,False
ISPY2-832056_z081,ISPY2-832056,3,0,spy2,0.4974378,train,2026,weighted,False
ISPY2-357034_z005,ISPY2-357034,3,0,spy2,0.24141179,train,2026,weighted,False
ISPY2-357034_z006,ISPY2-357034,3,0,spy2,0.2417951,train,2026,weighted,False
ISPY2-357034_z007,ISPY2-357034,3,0,spy2,0.24191919,train,2026,weighted,False
ISPY2-357034_z008,ISPY2-357034,3,0,spy2,0.24172609,train,2026,weighted,False
ISPY2-357034_z009,ISPY2-357034,3,0,spy2,0.24137259,train,2026,weighted,False
ISPY2-357034_z010,ISPY2-357034,3,0,spy2,0.23989494,train,2026,weighted,False
ISPY2-357034_z011,ISPY2-357034,3,0,spy2,0.23817201,train,2026,weighted,False
ISPY2-357034_z012,ISPY2-357034,3,0,spy2,0.23662035,train,2026,weighted,False
ISPY2-357034_z013,ISPY2-357034,3,0,spy2,0.23588765,train,2026,weighted,False
ISPY2-357034_z015,ISPY2-357034,3,0,spy2,0.23723334,train,2026,weighted,False
ACRIN-6698-799149_z009,ACRIN-6698-799149,3,1,spy2,0.5936414,train,2026,weighted,False
ACRIN-6698-799149_z010,ACRIN-6698-799149,3,1,spy2,0.59302163,train,2026,weighted,False
ACRIN-6698-799149_z031,ACRIN-6698-799149,3,1,spy2,0.59464395,train,2026,weighted,False
ACRIN-6698-799149_z032,ACRIN-6698-799149,3,1,spy2,0.5952635,train,2026,weighted,False
ACRIN-6698-799149_z033,ACRIN-6698-799149,3,1,spy2,0.59498906,train,2026,weighted,False
ACRIN-6698-799149_z034,ACRIN-6698-799149,3,1,spy2,0.5935155,train,2026,weighted,False
ACRIN-6698-799149_z035,ACRIN-6698-799149,3,1,spy2,0.59345675,train,2026,weighted,False
ACRIN-6698-799149_z036,ACRIN-6698-799149,3,1,spy2,0.5936804,train,2026,weighted,False
ACRIN-6698-799149_z037,ACRIN-6698-799149,3,1,spy2,0.5944873,train,2026,weighted,False
ACRIN-6698-799149_z038,ACRIN-6698-799149,3,1,spy2,0.5950473,train,2026,weighted,False
ISPY2-234272_z011,ISPY2-234272,3,0,spy2,0.52226365,train,2026,weighted,False
ISPY2-234272_z012,ISPY2-234272,3,0,spy2,0.5222068,train,2026,weighted,False
ISPY2-234272_z013,ISPY2-234272,3,0,spy2,0.52239144,train,2026,weighted,False
ISPY2-234272_z014,ISPY2-234272,3,0,spy2,0.522601,train,2026,weighted,False
ISPY2-234272_z015,ISPY2-234272,3,0,spy2,0.5224002,train,2026,weighted,False
ISPY2-234272_z016,ISPY2-234272,3,0,spy2,0.5225215,train,2026,weighted,False
ISPY2-234272_z017,ISPY2-234272,3,0,spy2,0.5224334,train,2026,weighted,False
ISPY2-234272_z018,ISPY2-234272,3,0,spy2,0.52246666,train,2026,weighted,False
ISPY2-234272_z019,ISPY2-234272,3,0,spy2,0.52262574,train,2026,weighted,False
ISPY2-234272_z020,ISPY2-234272,3,0,spy2,0.5228268,train,2026,weighted,False
ACRIN-6698-771151_z007,ACRIN-6698-771151,3,1,spy2,0.5888821,train,2026,weighted,False
ACRIN-6698-771151_z008,ACRIN-6698-771151,3,1,spy2,0.5867513,train,2026,weighted,False
ACRIN-6698-771151_z009,ACRIN-6698-771151,3,1,spy2,0.5841628,train,2026,weighted,False
ACRIN-6698-771151_z010,ACRIN-6698-771151,3,1,spy2,0.5830179,train,2026,weighted,False
ACRIN-6698-771151_z011,ACRIN-6698-771151,3,1,spy2,0.5828459,train,2026,weighted,False
ACRIN-6698-771151_z012,ACRIN-6698-771151,3,1,spy2,0.5833987,train,2026,weighted,False
ACRIN-6698-771151_z013,ACRIN-6698-771151,3,1,spy2,0.58437204,train,2026,weighted,False
ACRIN-6698-771151_z014,ACRIN-6698-771151,3,1,spy2,0.58657324,train,2026,weighted,False
ACRIN-6698-771151_z015,ACRIN-6698-771151,3,1,spy2,0.5862885,train,2026,weighted,False
ACRIN-6698-771151_z016,ACRIN-6698-771151,3,1,spy2,0.58374065,train,2026,weighted,False
ACRIN-6698-169918_z022,ACRIN-6698-169918,3,0,spy2,0.2636381,train,2026,weighted,False
ACRIN-6698-169918_z023,ACRIN-6698-169918,3,0,spy2,0.2634174,train,2026,weighted,False
ACRIN-6698-169918_z024,ACRIN-6698-169918,3,0,spy2,0.2630197,train,2026,weighted,False
ACRIN-6698-169918_z030,ACRIN-6698-169918,3,0,spy2,0.26093712,train,2026,weighted,False
ACRIN-6698-169918_z031,ACRIN-6698-169918,3,0,spy2,0.26083001,train,2026,weighted,False
ACRIN-6698-169918_z032,ACRIN-6698-169918,3,0,spy2,0.2603465,train,2026,weighted,False
ACRIN-6698-169918_z033,ACRIN-6698-169918,3,0,spy2,0.2597484,train,2026,weighted,False
ACRIN-6698-169918_z034,ACRIN-6698-169918,3,0,spy2,0.25867456,train,2026,weighted,False
ACRIN-6698-169918_z035,ACRIN-6698-169918,3,0,spy2,0.257393,train,2026,weighted,False
ACRIN-6698-169918_z036,ACRIN-6698-169918,3,0,spy2,0.25682718,train,2026,weighted,False
ISPY2-255535_z019,ISPY2-255535,3,0,spy2,0.42783737,train,2026,weighted,False
ISPY2-255535_z030,ISPY2-255535,3,0,spy2,0.4563794,train,2026,weighted,False
ISPY2-255535_z031,ISPY2-255535,3,0,spy2,0.453427,train,2026,weighted,False
ISPY2-255535_z032,ISPY2-255535,3,0,spy2,0.4485723,train,2026,weighted,False
ISPY2-255535_z033,ISPY2-255535,3,0,spy2,0.44845212,train,2026,weighted,False
ISPY2-255535_z034,ISPY2-255535,3,0,spy2,0.45020324,train,2026,weighted,False
ISPY2-255535_z036,ISPY2-255535,3,0,spy2,0.4542571,train,2026,weighted,False
ISPY2-255535_z037,ISPY2-255535,3,0,spy2,0.45547584,train,2026,weighted,False
ISPY2-255535_z038,ISPY2-255535,3,0,spy2,0.45630565,train,2026,weighted,False
ISPY2-255535_z039,ISPY2-255535,3,0,spy2,0.4568861,train,2026,weighted,False
ACRIN-6698-698094_z042,ACRIN-6698-698094,3,0,spy2,0.2804365,train,2026,weighted,False
ACRIN-6698-698094_z043,ACRIN-6698-698094,3,0,spy2,0.28200668,train,2026,weighted,False
ACRIN-6698-698094_z044,ACRIN-6698-698094,3,0,spy2,0.2831931,train,2026,weighted,False
ACRIN-6698-698094_z045,ACRIN-6698-698094,3,0,spy2,0.28303668,train,2026,weighted,False
ACRIN-6698-698094_z051,ACRIN-6698-698094,3,0,spy2,0.28918037,train,2026,weighted,False
ACRIN-6698-698094_z052,ACRIN-6698-698094,3,0,spy2,0.2895285,train,2026,weighted,False
ACRIN-6698-698094_z054,ACRIN-6698-698094,3,0,spy2,0.29008022,train,2026,weighted,False
ACRIN-6698-698094_z055,ACRIN-6698-698094,3,0,spy2,0.28999025,train,2026,weighted,False
ACRIN-6698-698094_z056,ACRIN-6698-698094,3,0,spy2,0.289151,train,2026,weighted,False
ACRIN-6698-698094_z057,ACRIN-6698-698094,3,0,spy2,0.29055178,train,2026,weighted,False
ISPY2-166782_z009,ISPY2-166782,3,0,spy2,0.49078792,train,2026,weighted,False
ISPY2-166782_z010,ISPY2-166782,3,0,spy2,0.49023825,train,2026,weighted,False
ISPY2-166782_z011,ISPY2-166782,3,0,spy2,0.49079132,train,2026,weighted,False
ISPY2-166782_z012,ISPY2-166782,3,0,spy2,0.49106327,train,2026,weighted,False
ISPY2-166782_z013,ISPY2-166782,3,0,spy2,0.49047294,train,2026,weighted,False
ISPY2-166782_z014,ISPY2-166782,3,0,spy2,0.4902072,train,2026,weighted,False
ISPY2-166782_z015,ISPY2-166782,3,0,spy2,0.48964688,train,2026,weighted,False
ISPY2-166782_z016,ISPY2-166782,3,0,spy2,0.48961163,train,2026,weighted,False
ISPY2-166782_z017,ISPY2-166782,3,0,spy2,0.48983034,train,2026,weighted,False
ISPY2-166782_z018,ISPY2-166782,3,0,spy2,0.48975077,train,2026,weighted,False
ISPY2-252748_z019,ISPY2-252748,3,1,spy2,0.5681856,train,2026,weighted,False
ISPY2-252748_z020,ISPY2-252748,3,1,spy2,0.56835246,train,2026,weighted,False
ISPY2-252748_z021,ISPY2-252748,3,1,spy2,0.5679972,train,2026,weighted,False
ISPY2-252748_z022,ISPY2-252748,3,1,spy2,0.56760174,train,2026,weighted,False
ISPY2-252748_z023,ISPY2-252748,3,1,spy2,0.5679676,train,2026,weighted,False
ISPY2-252748_z024,ISPY2-252748,3,1,spy2,0.5678301,train,2026,weighted,False
ISPY2-252748_z025,ISPY2-252748,3,1,spy2,0.56766343,train,2026,weighted,False
ISPY2-252748_z026,ISPY2-252748,3,1,spy2,0.567142,train,2026,weighted,False
ISPY2-252748_z027,ISPY2-252748,3,1,spy2,0.56714463,train,2026,weighted,False
ISPY2-252748_z028,ISPY2-252748,3,1,spy2,0.5669325,train,2026,weighted,False
ISPY2-306127_z032,ISPY2-306127,3,0,spy2,0.23123425,train,2026,weighted,False
ISPY2-306127_z033,ISPY2-306127,3,0,spy2,0.23139277,train,2026,weighted,False
ISPY2-306127_z034,ISPY2-306127,3,0,spy2,0.23196457,train,2026,weighted,False
ISPY2-306127_z035,ISPY2-306127,3,0,spy2,0.23249125,train,2026,weighted,False
ISPY2-306127_z036,ISPY2-306127,3,0,spy2,0.23289594,train,2026,weighted,False
ISPY2-306127_z037,ISPY2-306127,3,0,spy2,0.23309572,train,2026,weighted,False
ISPY2-306127_z038,ISPY2-306127,3,0,spy2,0.23334347,train,2026,weighted,False
ISPY2-306127_z039,ISPY2-306127,3,0,spy2,0.2335111,train,2026,weighted,False
ISPY2-306127_z040,ISPY2-306127,3,0,spy2,0.23355216,train,2026,weighted,False
ISPY2-306127_z041,ISPY2-306127,3,0,spy2,0.23342453,train,2026,weighted,False
ISPY2-727255_z012,ISPY2-727255,3,0,spy2,0.7047537,train,2026,weighted,False
ISPY2-727255_z013,ISPY2-727255,3,0,spy2,0.7048981,train,2026,weighted,False
ISPY2-727255_z014,ISPY2-727255,3,0,spy2,0.70490867,train,2026,weighted,False
ISPY2-727255_z015,ISPY2-727255,3,0,spy2,0.7046348,train,2026,weighted,False
ISPY2-727255_z019,ISPY2-727255,3,0,spy2,0.7051084,train,2026,weighted,False
ISPY2-727255_z022,ISPY2-727255,3,0,spy2,0.7041591,train,2026,weighted,False
ISPY2-727255_z024,ISPY2-727255,3,0,spy2,0.7042049,train,2026,weighted,False
ISPY2-727255_z025,ISPY2-727255,3,0,spy2,0.7043446,train,2026,weighted,False
ISPY2-727255_z026,ISPY2-727255,3,0,spy2,0.7043812,train,2026,weighted,False
ISPY2-727255_z027,ISPY2-727255,3,0,spy2,0.7044678,train,2026,weighted,False
ISPY2-572731_z014,ISPY2-572731,3,1,spy2,0.3461946,train,2026,weighted,False
ISPY2-572731_z015,ISPY2-572731,3,1,spy2,0.34596118,train,2026,weighted,False
ISPY2-572731_z016,ISPY2-572731,3,1,spy2,0.34576926,train,2026,weighted,False
ISPY2-572731_z017,ISPY2-572731,3,1,spy2,0.34565628,train,2026,weighted,False
ISPY2-572731_z018,ISPY2-572731,3,1,spy2,0.34567556,train,2026,weighted,False
ISPY2-572731_z019,ISPY2-572731,3,1,spy2,0.3457201,train,2026,weighted,False
ISPY2-572731_z020,ISPY2-572731,3,1,spy2,0.34594208,train,2026,weighted,False
ISPY2-572731_z021,ISPY2-572731,3,1,spy2,0.34651163,train,2026,weighted,False
ISPY2-572731_z022,ISPY2-572731,3,1,spy2,0.3468538,train,2026,weighted,False
ISPY2-572731_z023,ISPY2-572731,3,1,spy2,0.34683853,train,2026,weighted,False
ISPY2-644609_z006,ISPY2-644609,3,1,spy2,0.680669,train,2026,weighted,False
ISPY2-644609_z007,ISPY2-644609,3,1,spy2,0.6811734,train,2026,weighted,False
ISPY2-644609_z008,ISPY2-644609,3,1,spy2,0.681296,train,2026,weighted,False
ISPY2-644609_z009,ISPY2-644609,3,1,spy2,0.6812101,train,2026,weighted,False
ISPY2-644609_z010,ISPY2-644609,3,1,spy2,0.68073446,train,2026,weighted,False
ISPY2-644609_z011,ISPY2-644609,3,1,spy2,0.68076885,train,2026,weighted,False
ISPY2-644609_z012,ISPY2-644609,3,1,spy2,0.6807938,train,2026,weighted,False
ISPY2-644609_z013,ISPY2-644609,3,1,spy2,0.6807497,train,2026,weighted,False
ISPY2-644609_z014,ISPY2-644609,3,1,spy2,0.6807714,train,2026,weighted,False
ISPY2-644609_z015,ISPY2-644609,3,1,spy2,0.68101454,train,2026,weighted,False
ISPY2-609642_z008,ISPY2-609642,3,1,spy2,0.8409289,train,2026,weighted,False
ISPY2-609642_z009,ISPY2-609642,3,1,spy2,0.8405155,train,2026,weighted,False
ISPY2-609642_z010,ISPY2-609642,3,1,spy2,0.8410286,train,2026,weighted,False
ISPY2-609642_z011,ISPY2-609642,3,1,spy2,0.84093237,train,2026,weighted,False
ISPY2-609642_z012,ISPY2-609642,3,1,spy2,0.8402999,train,2026,weighted,False
ISPY2-609642_z013,ISPY2-609642,3,1,spy2,0.8393607,train,2026,weighted,False
ISPY2-609642_z014,ISPY2-609642,3,1,spy2,0.8387745,train,2026,weighted,False
ISPY2-609642_z015,ISPY2-609642,3,1,spy2,0.8391419,train,2026,weighted,False
ISPY2-609642_z016,ISPY2-609642,3,1,spy2,0.83884186,train,2026,weighted,False
ISPY2-609642_z017,ISPY2-609642,3,1,spy2,0.8384064,train,2026,weighted,False
ACRIN-6698-946927_z003,ACRIN-6698-946927,3,1,spy2,0.7881627,train,2026,weighted,False
ACRIN-6698-946927_z004,ACRIN-6698-946927,3,1,spy2,0.7857315,train,2026,weighted,False
ACRIN-6698-946927_z005,ACRIN-6698-946927,3,1,spy2,0.78478414,train,2026,weighted,False
ACRIN-6698-946927_z006,ACRIN-6698-946927,3,1,spy2,0.7852751,train,2026,weighted,False
ACRIN-6698-946927_z007,ACRIN-6698-946927,3,1,spy2,0.78647923,train,2026,weighted,False
ACRIN-6698-946927_z008,ACRIN-6698-946927,3,1,spy2,0.7873615,train,2026,weighted,False
ACRIN-6698-946927_z009,ACRIN-6698-946927,3,1,spy2,0.7866234,train,2026,weighted,False
ACRIN-6698-946927_z010,ACRIN-6698-946927,3,1,spy2,0.7859234,train,2026,weighted,False
ACRIN-6698-946927_z011,ACRIN-6698-946927,3,1,spy2,0.78450644,train,2026,weighted,False
ACRIN-6698-946927_z015,ACRIN-6698-946927,3,1,spy2,0.77706504,train,2026,weighted,False
ISPY2-318569_z014,ISPY2-318569,3,0,spy2,0.6015003,train,2026,weighted,False
ISPY2-318569_z015,ISPY2-318569,3,0,spy2,0.60128105,train,2026,weighted,False
ISPY2-318569_z016,ISPY2-318569,3,0,spy2,0.60069144,train,2026,weighted,False
ISPY2-318569_z017,ISPY2-318569,3,0,spy2,0.60031545,train,2026,weighted,False
ISPY2-318569_z018,ISPY2-318569,3,0,spy2,0.5998281,train,2026,weighted,False
ISPY2-318569_z019,ISPY2-318569,3,0,spy2,0.59955466,train,2026,weighted,False
ISPY2-318569_z020,ISPY2-318569,3,0,spy2,0.59947103,train,2026,weighted,False
ISPY2-318569_z021,ISPY2-318569,3,0,spy2,0.5996308,train,2026,weighted,False
ISPY2-318569_z022,ISPY2-318569,3,0,spy2,0.6000117,train,2026,weighted,False
ISPY2-318569_z023,ISPY2-318569,3,0,spy2,0.6003265,train,2026,weighted,False
ISPY2-663467_z011,ISPY2-663467,3,0,spy2,0.18133788,train,2026,weighted,False
ISPY2-663467_z012,ISPY2-663467,3,0,spy2,0.1812783,train,2026,weighted,False
ISPY2-663467_z013,ISPY2-663467,3,0,spy2,0.1812287,train,2026,weighted,False
ISPY2-663467_z014,ISPY2-663467,3,0,spy2,0.18113571,train,2026,weighted,False
ISPY2-663467_z015,ISPY2-663467,3,0,spy2,0.18083005,train,2026,weighted,False
ISPY2-663467_z016,ISPY2-663467,3,0,spy2,0.18107738,train,2026,weighted,False
ISPY2-663467_z017,ISPY2-663467,3,0,spy2,0.18103878,train,2026,weighted,False
ISPY2-663467_z018,ISPY2-663467,3,0,spy2,0.18138257,train,2026,weighted,False
ISPY2-663467_z019,ISPY2-663467,3,0,spy2,0.18148151,train,2026,weighted,False
ISPY2-663467_z020,ISPY2-663467,3,0,spy2,0.18142803,train,2026,weighted,False
ACRIN-6698-407539_z011,ACRIN-6698-407539,3,0,spy2,0.2730641,train,2026,weighted,False
ACRIN-6698-407539_z012,ACRIN-6698-407539,3,0,spy2,0.2732253,train,2026,weighted,False
ACRIN-6698-407539_z013,ACRIN-6698-407539,3,0,spy2,0.27291286,train,2026,weighted,False
ACRIN-6698-407539_z014,ACRIN-6698-407539,3,0,spy2,0.27289486,train,2026,weighted,False
ACRIN-6698-407539_z015,ACRIN-6698-407539,3,0,spy2,0.2729011,train,2026,weighted,False
ACRIN-6698-407539_z016,ACRIN-6698-407539,3,0,spy2,0.27276096,train,2026,weighted,False
ACRIN-6698-407539_z017,ACRIN-6698-407539,3,0,spy2,0.27274477,train,2026,weighted,False
ACRIN-6698-407539_z018,ACRIN-6698-407539,3,0,spy2,0.27296346,train,2026,weighted,False
ACRIN-6698-407539_z019,ACRIN-6698-407539,3,0,spy2,0.27320126,train,2026,weighted,False
ACRIN-6698-407539_z020,ACRIN-6698-407539,3,0,spy2,0.27334288,train,2026,weighted,False
ISPY2-128051_z013,ISPY2-128051,3,0,spy2,0.48061258,train,2026,weighted,False
ISPY2-128051_z014,ISPY2-128051,3,0,spy2,0.4780279,train,2026,weighted,False
ISPY2-128051_z015,ISPY2-128051,3,0,spy2,0.47742698,train,2026,weighted,False
ISPY2-128051_z016,ISPY2-128051,3,0,spy2,0.4764004,train,2026,weighted,False
ISPY2-128051_z017,ISPY2-128051,3,0,spy2,0.4765125,train,2026,weighted,False
ISPY2-128051_z018,ISPY2-128051,3,0,spy2,0.47701335,train,2026,weighted,False
ISPY2-128051_z019,ISPY2-128051,3,0,spy2,0.4761933,train,2026,weighted,False
ISPY2-128051_z020,ISPY2-128051,3,0,spy2,0.47506595,train,2026,weighted,False
ISPY2-128051_z021,ISPY2-128051,3,0,spy2,0.47409877,train,2026,weighted,False
ISPY2-128051_z026,ISPY2-128051,3,0,spy2,0.4705701,train,2026,weighted,False
ISPY2-424541_z007,ISPY2-424541,3,0,spy2,0.24383172,train,2026,weighted,False
ISPY2-424541_z008,ISPY2-424541,3,0,spy2,0.24407864,train,2026,weighted,False
ISPY2-424541_z009,ISPY2-424541,3,0,spy2,0.2439492,train,2026,weighted,False
ISPY2-424541_z010,ISPY2-424541,3,0,spy2,0.24364083,train,2026,weighted,False
ISPY2-424541_z011,ISPY2-424541,3,0,spy2,0.24365011,train,2026,weighted,False
ISPY2-424541_z012,ISPY2-424541,3,0,spy2,0.24353178,train,2026,weighted,False
ISPY2-424541_z013,ISPY2-424541,3,0,spy2,0.24355757,train,2026,weighted,False
ISPY2-424541_z014,ISPY2-424541,3,0,spy2,0.24372885,train,2026,weighted,False
ISPY2-424541_z015,ISPY2-424541,3,0,spy2,0.24371246,train,2026,weighted,False
ISPY2-424541_z016,ISPY2-424541,3,0,spy2,0.24390794,train,2026,weighted,False
ISPY2-437968_z008,ISPY2-437968,3,0,spy2,0.49336338,train,2026,weighted,False
ISPY2-437968_z009,ISPY2-437968,3,0,spy2,0.4930562,train,2026,weighted,False
ISPY2-437968_z010,ISPY2-437968,3,0,spy2,0.4932122,train,2026,weighted,False
ISPY2-437968_z011,ISPY2-437968,3,0,spy2,0.49347407,train,2026,weighted,False
ISPY2-437968_z012,ISPY2-437968,3,0,spy2,0.49352673,train,2026,weighted,False
ISPY2-437968_z013,ISPY2-437968,3,0,spy2,0.49352306,train,2026,weighted,False
ISPY2-437968_z014,ISPY2-437968,3,0,spy2,0.49357086,train,2026,weighted,False
ISPY2-437968_z015,ISPY2-437968,3,0,spy2,0.4935344,train,2026,weighted,False
ISPY2-437968_z016,ISPY2-437968,3,0,spy2,0.49331695,train,2026,weighted,False
ISPY2-437968_z017,ISPY2-437968,3,0,spy2,0.493255,train,2026,weighted,False
ISPY2-395379_z043,ISPY2-395379,3,0,spy2,0.3277524,train,2026,weighted,False
ISPY2-395379_z044,ISPY2-395379,3,0,spy2,0.3277766,train,2026,weighted,False
ISPY2-395379_z045,ISPY2-395379,3,0,spy2,0.32788295,train,2026,weighted,False
ISPY2-395379_z046,ISPY2-395379,3,0,spy2,0.3279297,train,2026,weighted,False
ISPY2-395379_z047,ISPY2-395379,3,0,spy2,0.3279114,train,2026,weighted,False
ISPY2-395379_z048,ISPY2-395379,3,0,spy2,0.32788515,train,2026,weighted,False
ISPY2-395379_z049,ISPY2-395379,3,0,spy2,0.32787636,train,2026,weighted,False
ISPY2-395379_z050,ISPY2-395379,3,0,spy2,0.3277967,train,2026,weighted,False
ISPY2-395379_z051,ISPY2-395379,3,0,spy2,0.3277398,train,2026,weighted,False
ISPY2-395379_z052,ISPY2-395379,3,0,spy2,0.32775444,train,2026,weighted,False
ISPY2-375342_z013,ISPY2-375342,3,0,spy2,0.6637517,train,2026,weighted,False
ISPY2-375342_z014,ISPY2-375342,3,0,spy2,0.66372573,train,2026,weighted,False
ISPY2-375342_z015,ISPY2-375342,3,0,spy2,0.66366386,train,2026,weighted,False
ISPY2-375342_z016,ISPY2-375342,3,0,spy2,0.66355366,train,2026,weighted,False
ISPY2-375342_z017,ISPY2-375342,3,0,spy2,0.663658,train,2026,weighted,False
ISPY2-375342_z018,ISPY2-375342,3,0,spy2,0.6635632,train,2026,weighted,False
ISPY2-375342_z019,ISPY2-375342,3,0,spy2,0.6633873,train,2026,weighted,False
ISPY2-375342_z020,ISPY2-375342,3,0,spy2,0.66347355,train,2026,weighted,False
ISPY2-375342_z021,ISPY2-375342,3,0,spy2,0.6636655,train,2026,weighted,False
ISPY2-375342_z022,ISPY2-375342,3,0,spy2,0.6636131,train,2026,weighted,False
ISPY2-503034_z015,ISPY2-503034,3,0,spy2,0.7427781,train,2026,weighted,False
ISPY2-503034_z016,ISPY2-503034,3,0,spy2,0.7427137,train,2026,weighted,False
ISPY2-503034_z017,ISPY2-503034,3,0,spy2,0.7428089,train,2026,weighted,False
ISPY2-503034_z018,ISPY2-503034,3,0,spy2,0.74275404,train,2026,weighted,False
ISPY2-503034_z019,ISPY2-503034,3,0,spy2,0.7428057,train,2026,weighted,False
ISPY2-503034_z020,ISPY2-503034,3,0,spy2,0.742939,train,2026,weighted,False
ISPY2-503034_z021,ISPY2-503034,3,0,spy2,0.742986,train,2026,weighted,False
ISPY2-503034_z022,ISPY2-503034,3,0,spy2,0.74319386,train,2026,weighted,False
ISPY2-503034_z023,ISPY2-503034,3,0,spy2,0.7430683,train,2026,weighted,False
ISPY2-503034_z024,ISPY2-503034,3,0,spy2,0.7432221,train,2026,weighted,False
ISPY2-299364_z024,ISPY2-299364,3,0,spy2,0.6610309,train,2026,weighted,False
ISPY2-299364_z025,ISPY2-299364,3,0,spy2,0.660816,train,2026,weighted,False
ISPY2-299364_z026,ISPY2-299364,3,0,spy2,0.66048706,train,2026,weighted,False
ISPY2-299364_z027,ISPY2-299364,3,0,spy2,0.6608729,train,2026,weighted,False
ISPY2-299364_z028,ISPY2-299364,3,0,spy2,0.66107315,train,2026,weighted,False
ISPY2-299364_z029,ISPY2-299364,3,0,spy2,0.66056615,train,2026,weighted,False
ISPY2-299364_z030,ISPY2-299364,3,0,spy2,0.6601394,train,2026,weighted,False
ISPY2-299364_z031,ISPY2-299364,3,0,spy2,0.6600081,train,2026,weighted,False
ISPY2-299364_z032,ISPY2-299364,3,0,spy2,0.66009533,train,2026,weighted,False
ISPY2-299364_z033,ISPY2-299364,3,0,spy2,0.6601267,train,2026,weighted,False
ISPY2-841336_z010,ISPY2-841336,3,0,spy2,0.22623357,train,2026,weighted,False
ISPY2-841336_z011,ISPY2-841336,3,0,spy2,0.22678621,train,2026,weighted,False
ISPY2-841336_z012,ISPY2-841336,3,0,spy2,0.22717044,train,2026,weighted,False
ISPY2-841336_z013,ISPY2-841336,3,0,spy2,0.22629502,train,2026,weighted,False
ISPY2-841336_z014,ISPY2-841336,3,0,spy2,0.22429712,train,2026,weighted,False
ISPY2-841336_z015,ISPY2-841336,3,0,spy2,0.2219222,train,2026,weighted,False
ISPY2-841336_z016,ISPY2-841336,3,0,spy2,0.22002389,train,2026,weighted,False
ISPY2-841336_z017,ISPY2-841336,3,0,spy2,0.21839654,train,2026,weighted,False
ISPY2-841336_z018,ISPY2-841336,3,0,spy2,0.2154542,train,2026,weighted,False
ISPY2-841336_z019,ISPY2-841336,3,0,spy2,0.21443921,train,2026,weighted,False
ISPY2-589502_z011,ISPY2-589502,3,1,spy2,0.14116117,train,2026,weighted,False
ISPY2-589502_z012,ISPY2-589502,3,1,spy2,0.14123562,train,2026,weighted,False
ISPY2-589502_z013,ISPY2-589502,3,1,spy2,0.1407341,train,2026,weighted,False
ISPY2-589502_z014,ISPY2-589502,3,1,spy2,0.14008185,train,2026,weighted,False
ISPY2-589502_z015,ISPY2-589502,3,1,spy2,0.13999638,train,2026,weighted,False
ISPY2-589502_z016,ISPY2-589502,3,1,spy2,0.1398874,train,2026,weighted,False
ISPY2-589502_z017,ISPY2-589502,3,1,spy2,0.13978116,train,2026,weighted,False
ISPY2-589502_z018,ISPY2-589502,3,1,spy2,0.13944998,train,2026,weighted,False
ISPY2-589502_z019,ISPY2-589502,3,1,spy2,0.13929397,train,2026,weighted,False
ISPY2-589502_z020,ISPY2-589502,3,1,spy2,0.13945903,train,2026,weighted,False
ISPY2-462581_z002,ISPY2-462581,3,0,spy2,0.5817777,train,2026,weighted,False
ISPY2-462581_z003,ISPY2-462581,3,0,spy2,0.583143,train,2026,weighted,False
ISPY2-462581_z004,ISPY2-462581,3,0,spy2,0.580429,train,2026,weighted,False
ISPY2-462581_z005,ISPY2-462581,3,0,spy2,0.5755503,train,2026,weighted,False
ISPY2-462581_z006,ISPY2-462581,3,0,spy2,0.5725832,train,2026,weighted,False
ISPY2-462581_z007,ISPY2-462581,3,0,spy2,0.5730344,train,2026,weighted,False
ISPY2-462581_z008,ISPY2-462581,3,0,spy2,0.5736928,train,2026,weighted,False
ISPY2-462581_z009,ISPY2-462581,3,0,spy2,0.5744625,train,2026,weighted,False
ISPY2-462581_z010,ISPY2-462581,3,0,spy2,0.57543993,train,2026,weighted,False
ISPY2-462581_z011,ISPY2-462581,3,0,spy2,0.5778917,train,2026,weighted,False
ISPY2-132463_z020,ISPY2-132463,3,1,spy2,0.3315329,train,2026,weighted,False
ISPY2-132463_z021,ISPY2-132463,3,1,spy2,0.33113068,train,2026,weighted,False
ISPY2-132463_z022,ISPY2-132463,3,1,spy2,0.3305548,train,2026,weighted,False
ISPY2-132463_z023,ISPY2-132463,3,1,spy2,0.3293705,train,2026,weighted,False
ISPY2-132463_z024,ISPY2-132463,3,1,spy2,0.32860017,train,2026,weighted,False
ISPY2-132463_z025,ISPY2-132463,3,1,spy2,0.3286243,train,2026,weighted,False
ISPY2-132463_z026,ISPY2-132463,3,1,spy2,0.32852668,train,2026,weighted,False
ISPY2-132463_z027,ISPY2-132463,3,1,spy2,0.32796752,train,2026,weighted,False
ISPY2-132463_z028,ISPY2-132463,3,1,spy2,0.32651573,train,2026,weighted,False
ISPY2-132463_z029,ISPY2-132463,3,1,spy2,0.32554257,train,2026,weighted,False
ISPY2-262131_z066,ISPY2-262131,3,0,spy2,0.39653718,train,2026,weighted,False
ISPY2-262131_z071,ISPY2-262131,3,0,spy2,0.39619926,train,2026,weighted,False
ISPY2-262131_z072,ISPY2-262131,3,0,spy2,0.3962972,train,2026,weighted,False
ISPY2-262131_z073,ISPY2-262131,3,0,spy2,0.39634848,train,2026,weighted,False
ISPY2-262131_z074,ISPY2-262131,3,0,spy2,0.39618286,train,2026,weighted,False
ISPY2-262131_z075,ISPY2-262131,3,0,spy2,0.39613685,train,2026,weighted,False
ISPY2-262131_z076,ISPY2-262131,3,0,spy2,0.39612526,train,2026,weighted,False
ISPY2-262131_z077,ISPY2-262131,3,0,spy2,0.39609018,train,2026,weighted,False
ISPY2-262131_z078,ISPY2-262131,3,0,spy2,0.39597347,train,2026,weighted,False
ISPY2-262131_z079,ISPY2-262131,3,0,spy2,0.39601514,train,2026,weighted,False
ACRIN-6698-783764_z011,ACRIN-6698-783764,3,0,spy2,0.30031836,train,2026,weighted,False
ACRIN-6698-783764_z012,ACRIN-6698-783764,3,0,spy2,0.30066296,train,2026,weighted,False
ACRIN-6698-783764_z013,ACRIN-6698-783764,3,0,spy2,0.3007635,train,2026,weighted,False
ACRIN-6698-783764_z014,ACRIN-6698-783764,3,0,spy2,0.3008579,train,2026,weighted,False
ACRIN-6698-783764_z015,ACRIN-6698-783764,3,0,spy2,0.30111572,train,2026,weighted,False
ACRIN-6698-783764_z016,ACRIN-6698-783764,3,0,spy2,0.3010835,train,2026,weighted,False
ACRIN-6698-783764_z017,ACRIN-6698-783764,3,0,spy2,0.3010255,train,2026,weighted,False
ACRIN-6698-783764_z018,ACRIN-6698-783764,3,0,spy2,0.3007303,train,2026,weighted,False
ACRIN-6698-783764_z019,ACRIN-6698-783764,3,0,spy2,0.3004316,train,2026,weighted,False
ACRIN-6698-783764_z020,ACRIN-6698-783764,3,0,spy2,0.30035365,train,2026,weighted,False
ACRIN-6698-928815_z012,ACRIN-6698-928815,3,0,spy2,0.507786,train,2026,weighted,False
ACRIN-6698-928815_z013,ACRIN-6698-928815,3,0,spy2,0.50677097,train,2026,weighted,False
ACRIN-6698-928815_z014,ACRIN-6698-928815,3,0,spy2,0.5067944,train,2026,weighted,False
ACRIN-6698-928815_z015,ACRIN-6698-928815,3,0,spy2,0.5065388,train,2026,weighted,False
ACRIN-6698-928815_z016,ACRIN-6698-928815,3,0,spy2,0.50776786,train,2026,weighted,False
ACRIN-6698-928815_z017,ACRIN-6698-928815,3,0,spy2,0.5082222,train,2026,weighted,False
ACRIN-6698-928815_z018,ACRIN-6698-928815,3,0,spy2,0.5089026,train,2026,weighted,False
ACRIN-6698-928815_z043,ACRIN-6698-928815,3,0,spy2,0.5065655,train,2026,weighted,False
ACRIN-6698-928815_z044,ACRIN-6698-928815,3,0,spy2,0.5068959,train,2026,weighted,False
ACRIN-6698-928815_z045,ACRIN-6698-928815,3,0,spy2,0.50853425,train,2026,weighted,False
ISPY2-889225_z017,ISPY2-889225,3,0,spy2,0.36548886,train,2026,weighted,False
ISPY2-889225_z018,ISPY2-889225,3,0,spy2,0.3657262,train,2026,weighted,False
ISPY2-889225_z019,ISPY2-889225,3,0,spy2,0.36569563,train,2026,weighted,False
ISPY2-889225_z020,ISPY2-889225,3,0,spy2,0.36562777,train,2026,weighted,False
ISPY2-889225_z021,ISPY2-889225,3,0,spy2,0.366014,train,2026,weighted,False
ISPY2-889225_z022,ISPY2-889225,3,0,spy2,0.3659849,train,2026,weighted,False
ISPY2-889225_z023,ISPY2-889225,3,0,spy2,0.36608258,train,2026,weighted,False
ISPY2-889225_z027,ISPY2-889225,3,0,spy2,0.36617583,train,2026,weighted,False
ISPY2-889225_z028,ISPY2-889225,3,0,spy2,0.3659357,train,2026,weighted,False
ISPY2-889225_z029,ISPY2-889225,3,0,spy2,0.36565962,train,2026,weighted,False
ISPY2-723918_z022,ISPY2-723918,3,1,spy2,0.65250033,train,2026,weighted,False
ISPY2-723918_z023,ISPY2-723918,3,1,spy2,0.65242064,train,2026,weighted,False
ISPY2-723918_z024,ISPY2-723918,3,1,spy2,0.65244263,train,2026,weighted,False
ISPY2-723918_z025,ISPY2-723918,3,1,spy2,0.6522185,train,2026,weighted,False
ISPY2-723918_z026,ISPY2-723918,3,1,spy2,0.652461,train,2026,weighted,False
ISPY2-723918_z027,ISPY2-723918,3,1,spy2,0.6527737,train,2026,weighted,False
ISPY2-723918_z028,ISPY2-723918,3,1,spy2,0.6526466,train,2026,weighted,False
ISPY2-723918_z029,ISPY2-723918,3,1,spy2,0.6525335,train,2026,weighted,False
ISPY2-723918_z030,ISPY2-723918,3,1,spy2,0.65261555,train,2026,weighted,False
ISPY2-723918_z031,ISPY2-723918,3,1,spy2,0.6525788,train,2026,weighted,False
ISPY2-423619_z011,ISPY2-423619,3,1,spy2,0.55485284,train,2026,weighted,False
ISPY2-423619_z012,ISPY2-423619,3,1,spy2,0.55331564,train,2026,weighted,False
ISPY2-423619_z013,ISPY2-423619,3,1,spy2,0.5514825,train,2026,weighted,False
ISPY2-423619_z014,ISPY2-423619,3,1,spy2,0.5522593,train,2026,weighted,False
ISPY2-423619_z015,ISPY2-423619,3,1,spy2,0.5518142,train,2026,weighted,False
ISPY2-423619_z016,ISPY2-423619,3,1,spy2,0.5510122,train,2026,weighted,False
ISPY2-423619_z017,ISPY2-423619,3,1,spy2,0.5505143,train,2026,weighted,False
ISPY2-423619_z018,ISPY2-423619,3,1,spy2,0.5498634,train,2026,weighted,False
ISPY2-423619_z019,ISPY2-423619,3,1,spy2,0.5488377,train,2026,weighted,False
ISPY2-423619_z020,ISPY2-423619,3,1,spy2,0.54789513,train,2026,weighted,False
ACRIN-6698-584561_z017,ACRIN-6698-584561,3,1,spy2,0.81541234,train,2026,weighted,False
ACRIN-6698-584561_z018,ACRIN-6698-584561,3,1,spy2,0.81536865,train,2026,weighted,False
ACRIN-6698-584561_z019,ACRIN-6698-584561,3,1,spy2,0.8154114,train,2026,weighted,False
ACRIN-6698-584561_z020,ACRIN-6698-584561,3,1,spy2,0.81543213,train,2026,weighted,False
ACRIN-6698-584561_z021,ACRIN-6698-584561,3,1,spy2,0.81540495,train,2026,weighted,False
ACRIN-6698-584561_z022,ACRIN-6698-584561,3,1,spy2,0.81537664,train,2026,weighted,False
ACRIN-6698-584561_z023,ACRIN-6698-584561,3,1,spy2,0.8152345,train,2026,weighted,False
ACRIN-6698-584561_z024,ACRIN-6698-584561,3,1,spy2,0.8151819,train,2026,weighted,False
ACRIN-6698-584561_z025,ACRIN-6698-584561,3,1,spy2,0.81524795,train,2026,weighted,False
ACRIN-6698-584561_z026,ACRIN-6698-584561,3,1,spy2,0.8153233,train,2026,weighted,False
ISPY2-154293_z014,ISPY2-154293,3,0,spy2,0.4482439,train,2026,weighted,False
ISPY2-154293_z023,ISPY2-154293,3,0,spy2,0.45293432,train,2026,weighted,False
ISPY2-154293_z024,ISPY2-154293,3,0,spy2,0.45262414,train,2026,weighted,False
ISPY2-154293_z025,ISPY2-154293,3,0,spy2,0.44909978,train,2026,weighted,False
ISPY2-154293_z026,ISPY2-154293,3,0,spy2,0.44714937,train,2026,weighted,False
ISPY2-154293_z027,ISPY2-154293,3,0,spy2,0.44501805,train,2026,weighted,False
ISPY2-154293_z028,ISPY2-154293,3,0,spy2,0.4466277,train,2026,weighted,False
ISPY2-154293_z029,ISPY2-154293,3,0,spy2,0.45023,train,2026,weighted,False
ISPY2-154293_z030,ISPY2-154293,3,0,spy2,0.45264298,train,2026,weighted,False
ISPY2-154293_z031,ISPY2-154293,3,0,spy2,0.45255068,train,2026,weighted,False
ISPY2-282082_z045,ISPY2-282082,3,1,spy2,0.52155685,train,2026,weighted,False
ISPY2-282082_z046,ISPY2-282082,3,1,spy2,0.5212656,train,2026,weighted,False
ISPY2-282082_z047,ISPY2-282082,3,1,spy2,0.52023536,train,2026,weighted,False
ISPY2-282082_z048,ISPY2-282082,3,1,spy2,0.5198891,train,2026,weighted,False
ISPY2-282082_z049,ISPY2-282082,3,1,spy2,0.5206465,train,2026,weighted,False
ISPY2-282082_z050,ISPY2-282082,3,1,spy2,0.5217598,train,2026,weighted,False
ISPY2-282082_z051,ISPY2-282082,3,1,spy2,0.5236312,train,2026,weighted,False
ISPY2-282082_z052,ISPY2-282082,3,1,spy2,0.524997,train,2026,weighted,False
ISPY2-282082_z053,ISPY2-282082,3,1,spy2,0.5260593,train,2026,weighted,False
ISPY2-282082_z054,ISPY2-282082,3,1,spy2,0.5255693,train,2026,weighted,False
ISPY2-478655_z013,ISPY2-478655,3,1,spy2,0.6162651,train,2026,weighted,False
ISPY2-478655_z018,ISPY2-478655,3,1,spy2,0.6176298,train,2026,weighted,False
ISPY2-478655_z019,ISPY2-478655,3,1,spy2,0.6177297,train,2026,weighted,False
ISPY2-478655_z020,ISPY2-478655,3,1,spy2,0.6169097,train,2026,weighted,False
ISPY2-478655_z021,ISPY2-478655,3,1,spy2,0.6159536,train,2026,weighted,False
ISPY2-478655_z022,ISPY2-478655,3,1,spy2,0.6157867,train,2026,weighted,False
ISPY2-478655_z023,ISPY2-478655,3,1,spy2,0.616355,train,2026,weighted,False
ISPY2-478655_z024,ISPY2-478655,3,1,spy2,0.61648667,train,2026,weighted,False
ISPY2-478655_z025,ISPY2-478655,3,1,spy2,0.616319,train,2026,weighted,False
ISPY2-478655_z026,ISPY2-478655,3,1,spy2,0.61639035,train,2026,weighted,False
ISPY2-586091_z010,ISPY2-586091,3,1,spy2,0.38271746,train,2026,weighted,False
ISPY2-586091_z011,ISPY2-586091,3,1,spy2,0.3826211,train,2026,weighted,False
ISPY2-586091_z012,ISPY2-586091,3,1,spy2,0.3828138,train,2026,weighted,False
ISPY2-586091_z013,ISPY2-586091,3,1,spy2,0.38292724,train,2026,weighted,False
ISPY2-586091_z014,ISPY2-586091,3,1,spy2,0.38275763,train,2026,weighted,False
ISPY2-586091_z015,ISPY2-586091,3,1,spy2,0.3823283,train,2026,weighted,False
ISPY2-586091_z016,ISPY2-586091,3,1,spy2,0.3819835,train,2026,weighted,False
ISPY2-586091_z017,ISPY2-586091,3,1,spy2,0.38219172,train,2026,weighted,False
ISPY2-586091_z018,ISPY2-586091,3,1,spy2,0.38231313,train,2026,weighted,False
ISPY2-586091_z019,ISPY2-586091,3,1,spy2,0.38232264,train,2026,weighted,False
ACRIN-6698-234723_z049,ACRIN-6698-234723,3,0,spy2,0.5691777,train,2026,weighted,False
ACRIN-6698-234723_z050,ACRIN-6698-234723,3,0,spy2,0.56916106,train,2026,weighted,False
ACRIN-6698-234723_z051,ACRIN-6698-234723,3,0,spy2,0.5692132,train,2026,weighted,False
ACRIN-6698-234723_z052,ACRIN-6698-234723,3,0,spy2,0.56916654,train,2026,weighted,False
ACRIN-6698-234723_z053,ACRIN-6698-234723,3,0,spy2,0.5689391,train,2026,weighted,False
ACRIN-6698-234723_z054,ACRIN-6698-234723,3,0,spy2,0.56882745,train,2026,weighted,False
ACRIN-6698-234723_z055,ACRIN-6698-234723,3,0,spy2,0.5687395,train,2026,weighted,False
ACRIN-6698-234723_z056,ACRIN-6698-234723,3,0,spy2,0.5685617,train,2026,weighted,False
ACRIN-6698-234723_z065,ACRIN-6698-234723,3,0,spy2,0.56881946,train,2026,weighted,False
ACRIN-6698-234723_z068,ACRIN-6698-234723,3,0,spy2,0.5686739,train,2026,weighted,False
ISPY2-117424_z015,ISPY2-117424,3,1,spy2,0.7021233,train,2026,weighted,False
ISPY2-117424_z016,ISPY2-117424,3,1,spy2,0.70198965,train,2026,weighted,False
ISPY2-117424_z017,ISPY2-117424,3,1,spy2,0.7018189,train,2026,weighted,False
ISPY2-117424_z018,ISPY2-117424,3,1,spy2,0.70182943,train,2026,weighted,False
ISPY2-117424_z019,ISPY2-117424,3,1,spy2,0.70216674,train,2026,weighted,False
ISPY2-117424_z020,ISPY2-117424,3,1,spy2,0.702286,train,2026,weighted,False
ISPY2-117424_z021,ISPY2-117424,3,1,spy2,0.7022316,train,2026,weighted,False
ISPY2-117424_z022,ISPY2-117424,3,1,spy2,0.7023115,train,2026,weighted,False
ISPY2-117424_z023,ISPY2-117424,3,1,spy2,0.70249856,train,2026,weighted,False
ISPY2-117424_z024,ISPY2-117424,3,1,spy2,0.7022548,train,2026,weighted,False
ISPY2-796558_z012,ISPY2-796558,3,0,spy2,0.68844795,train,2026,weighted,False
ISPY2-796558_z013,ISPY2-796558,3,0,spy2,0.6882765,train,2026,weighted,False
ISPY2-796558_z014,ISPY2-796558,3,0,spy2,0.6882301,train,2026,weighted,False
ISPY2-796558_z015,ISPY2-796558,3,0,spy2,0.6883264,train,2026,weighted,False
ISPY2-796558_z016,ISPY2-796558,3,0,spy2,0.68709177,train,2026,weighted,False
ISPY2-796558_z017,ISPY2-796558,3,0,spy2,0.6867706,train,2026,weighted,False
ISPY2-796558_z018,ISPY2-796558,3,0,spy2,0.68661845,train,2026,weighted,False
ISPY2-796558_z019,ISPY2-796558,3,0,spy2,0.6870974,train,2026,weighted,False
ISPY2-796558_z020,ISPY2-796558,3,0,spy2,0.68776053,train,2026,weighted,False
ISPY2-796558_z021,ISPY2-796558,3,0,spy2,0.6880718,train,2026,weighted,False
ISPY2-414256_z008,ISPY2-414256,3,0,spy2,0.31050262,train,2026,weighted,False
ISPY2-414256_z009,ISPY2-414256,3,0,spy2,0.31350663,train,2026,weighted,False
ISPY2-414256_z010,ISPY2-414256,3,0,spy2,0.31798944,train,2026,weighted,False
ISPY2-414256_z011,ISPY2-414256,3,0,spy2,0.3214905,train,2026,weighted,False
ISPY2-414256_z012,ISPY2-414256,3,0,spy2,0.32279974,train,2026,weighted,False
ISPY2-414256_z013,ISPY2-414256,3,0,spy2,0.32466453,train,2026,weighted,False
ISPY2-414256_z014,ISPY2-414256,3,0,spy2,0.32593584,train,2026,weighted,False
ISPY2-414256_z015,ISPY2-414256,3,0,spy2,0.32770595,train,2026,weighted,False
ISPY2-414256_z016,ISPY2-414256,3,0,spy2,0.32867637,train,2026,weighted,False
ISPY2-414256_z017,ISPY2-414256,3,0,spy2,0.32898423,train,2026,weighted,False
ACRIN-6698-962153_z026,ACRIN-6698-962153,3,0,spy2,0.4912163,train,2026,weighted,False
ACRIN-6698-962153_z027,ACRIN-6698-962153,3,0,spy2,0.49202725,train,2026,weighted,False
ACRIN-6698-962153_z028,ACRIN-6698-962153,3,0,spy2,0.49419206,train,2026,weighted,False
ACRIN-6698-962153_z029,ACRIN-6698-962153,3,0,spy2,0.49640152,train,2026,weighted,False
ACRIN-6698-962153_z030,ACRIN-6698-962153,3,0,spy2,0.49741885,train,2026,weighted,False
ACRIN-6698-962153_z031,ACRIN-6698-962153,3,0,spy2,0.4984841,train,2026,weighted,False
ACRIN-6698-962153_z032,ACRIN-6698-962153,3,0,spy2,0.4995276,train,2026,weighted,False
ACRIN-6698-962153_z033,ACRIN-6698-962153,3,0,spy2,0.5002314,train,2026,weighted,False
ACRIN-6698-962153_z034,ACRIN-6698-962153,3,0,spy2,0.5004608,train,2026,weighted,False
ACRIN-6698-962153_z035,ACRIN-6698-962153,3,0,spy2,0.5005255,train,2026,weighted,False
ISPY2-559263_z017,ISPY2-559263,3,0,spy2,0.44305113,train,2026,weighted,False
ISPY2-559263_z018,ISPY2-559263,3,0,spy2,0.44318017,train,2026,weighted,False
ISPY2-559263_z019,ISPY2-559263,3,0,spy2,0.4431519,train,2026,weighted,False
ISPY2-559263_z020,ISPY2-559263,3,0,spy2,0.44308624,train,2026,weighted,False
ISPY2-559263_z021,ISPY2-559263,3,0,spy2,0.44305915,train,2026,weighted,False
ISPY2-559263_z022,ISPY2-559263,3,0,spy2,0.4430762,train,2026,weighted,False
ISPY2-559263_z023,ISPY2-559263,3,0,spy2,0.4431519,train,2026,weighted,False
ISPY2-559263_z024,ISPY2-559263,3,0,spy2,0.44324657,train,2026,weighted,False
ISPY2-559263_z025,ISPY2-559263,3,0,spy2,0.44339085,train,2026,weighted,False
ISPY2-559263_z026,ISPY2-559263,3,0,spy2,0.44331732,train,2026,weighted,False
ISPY2-944536_z002,ISPY2-944536,3,1,spy2,0.86180943,train,2026,weighted,False
ISPY2-944536_z004,ISPY2-944536,3,1,spy2,0.86186963,train,2026,weighted,False
ISPY2-944536_z005,ISPY2-944536,3,1,spy2,0.861911,train,2026,weighted,False
ISPY2-944536_z006,ISPY2-944536,3,1,spy2,0.86195886,train,2026,weighted,False
ISPY2-944536_z007,ISPY2-944536,3,1,spy2,0.8619151,train,2026,weighted,False
ISPY2-944536_z008,ISPY2-944536,3,1,spy2,0.8619298,train,2026,weighted,False
ISPY2-944536_z009,ISPY2-944536,3,1,spy2,0.8619384,train,2026,weighted,False
ISPY2-944536_z010,ISPY2-944536,3,1,spy2,0.86191595,train,2026,weighted,False
ISPY2-944536_z011,ISPY2-944536,3,1,spy2,0.8618944,train,2026,weighted,False
ISPY2-944536_z012,ISPY2-944536,3,1,spy2,0.8619566,train,2026,weighted,False
Breast_MRI_577_z021,Breast_MRI_577,3,1,duke,0.8192184,train,2026,weighted,False
Breast_MRI_577_z022,Breast_MRI_577,3,1,duke,0.8204592,train,2026,weighted,False
Breast_MRI_577_z023,Breast_MRI_577,3,1,duke,0.82123584,train,2026,weighted,False
Breast_MRI_577_z024,Breast_MRI_577,3,1,duke,0.8219966,train,2026,weighted,False
Breast_MRI_577_z025,Breast_MRI_577,3,1,duke,0.8227158,train,2026,weighted,False
Breast_MRI_577_z026,Breast_MRI_577,3,1,duke,0.8236299,train,2026,weighted,False
Breast_MRI_577_z027,Breast_MRI_577,3,1,duke,0.8240697,train,2026,weighted,False
Breast_MRI_577_z028,Breast_MRI_577,3,1,duke,0.8248953,train,2026,weighted,False
Breast_MRI_577_z029,Breast_MRI_577,3,1,duke,0.8254051,train,2026,weighted,False
Breast_MRI_577_z030,Breast_MRI_577,3,1,duke,0.82572067,train,2026,weighted,False
