pid,pCR,n_xy,n_z,n_times,pre,post_early,post_late,slice_thick,xy_spacing,mask_start,mask_end,sraw,eraw,scol,ecol,tum_vol,age,menopause,race_white,race_black,HR,HER2,HR_HER2_STATUS,TripleNeg,HER2pos,HRposHER2neg,dataset,test,split,n_cortes_seleccionados,z_min_seleccionado,z_max_seleccionado,fold,tumor_z_span,crop_height,crop_width,fov_xy,log1p_tum_vol,n_cortes_imagen,background_fraction,pre_mean_all,pre_mean_tissue,pre_std_tissue,pre_p10_tissue,pre_p50_tissue,pre_p90_tissue,pre_saturation_fraction,early_mean_all,early_mean_tissue,early_std_tissue,early_p10_tissue,early_p50_tissue,early_p90_tissue,early_saturation_fraction,late_mean_all,late_mean_tissue,late_std_tissue,late_p10_tissue,late_p50_tissue,late_p90_tissue,late_saturation_fraction,enhancement_mean,enhancement_std,enhancement_p90,enhancement_positive_fraction,washout_mean,washout_fraction
ISPY1_1001,0,256.0,60.0,3.0,0.0,1.0,2.0,2.0,0.78125,12.0,38.0,110.0,192.0,59.0,144.0,21.156005859375,38.73,,1.0,0.0,1.0,0.0,HRposHER2neg,0.0,0.0,1.0,spy1,0,train,10,12,21,0,27.0,83.0,86.0,200.0,3.0981086046307884,10,0.7323211669921875,0.1187949924842984,0.3336807006272462,0.2258892417652725,0.1176470588235294,0.2235294117647059,0.6980392156862745,0.0,0.1494628547219669,0.4294812873446667,0.2994996797509453,0.1254901960784313,0.3019607843137254,0.984313725490196,0.0261276245117187,0.1594279031192555,0.4618901260639925,0.3063474433216291,0.1411764705882353,0.3411764705882353,1.0,0.0338134765625,0.0958005867174204,0.1292764150169265,0.3019607843137254,0.7852142783851881,0.0324088387193259,0.2524312245619236
ISPY1_1002,0,256.0,60.0,3.0,0.0,1.0,2.0,2.0,0.78125,10.0,28.0,121.0,163.0,101.0,144.0,5.31005859375,37.79,,1.0,0.0,1.0,0.0,HRposHER2neg,0.0,0.0,1.0,spy1,0,train,10,8,17,1,19.0,43.0,44.0,200.0,1.842144962365793,10,0.5670379638671875,0.1597371658624387,0.3051417983192093,0.2299428255286191,0.1137254901960784,0.2196078431372549,0.7411764705882353,0.0039230346679687,0.1925529450061274,0.36353029352543,0.2615432074379458,0.1137254901960784,0.2705882352941176,0.8549019607843137,0.0171127319335937,0.2007237512925092,0.3823142293929547,0.2752408983753345,0.1254901960784313,0.2823529411764706,0.9058823529411764,0.0269012451171875,0.0583884952062207,0.1009190871961093,0.1803921568627451,0.6853030527302587,0.0187839358675247,0.3457493673919632
ISPY1_1003,0,256.0,60.0,3.0,0.0,1.0,2.0,2.0,0.78125,14.0,36.0,136.0,199.0,29.0,113.0,13.092041015625,49.83,,1.0,0.0,1.0,0.0,HRposHER2neg,0.0,0.0,1.0,spy1,0,train,10,10,19,2,23.0,64.0,85.0,200.0,2.6456101710357123,10,0.6835708618164062,0.1242544615502451,0.2883286080676996,0.2170915023383464,0.1019607843137254,0.2039215686274509,0.6666666666666666,0.0016921997070312,0.1651279464422487,0.376493772530109,0.2697618240698686,0.0901960784313725,0.2941176470588235,0.8313725490196079,0.0224777221679687,0.1725604666915594,0.4004770934534151,0.2879410320900026,0.0784313725490196,0.3215686274509804,0.9215686274509804,0.0271865844726562,0.0881651644624094,0.1163066777872385,0.2431372549019607,0.7327739602169981,0.023983320923306,0.3154816154309825
ISPY1_1004,0,256.0,60.0,3.0,0.0,1.0,2.0,1.5,0.703125,8.0,49.0,25.0,198.0,81.0,181.0,42.75785522460937,48.28,,1.0,0.0,0.0,0.0,TripleNeg,1.0,0.0,0.0,spy1,1,test,10,11,22,-1,42.0,174.0,101.0,180.0,3.7786711446778836,10,0.4794296264648437,0.1351205025467218,0.205998927192733,0.0915356931742568,0.1098039215686274,0.1764705882352941,0.3411764705882353,0.0,0.2448779775582107,0.3691607280353114,0.2500319748530553,0.0901960784313725,0.3137254901960784,0.7411764705882353,0.0214645385742187,0.2582829613779105,0.3912669833132088,0.2644556434553012,0.0901960784313725,0.3294117647058823,0.8313725490196079,0.0255096435546875,0.1631618008425784,0.209326873341339,0.4901960784313725,0.7635515196637365,0.0221062552778973,0.3839682730441053
ISPY1_1005,0,256.0,60.0,3.0,0.0,1.0,2.0,1.8,0.703125,5.0,44.0,17.0,139.0,74.0,190.0,36.43398193359375,45.8,,1.0,0.0,1.0,0.0,HRposHER2neg,0.0,0.0,1.0,spy1,0,train,10,19,37,3,40.0,123.0,117.0,180.0,3.622578899736343,10,0.51954345703125,0.1356898887484681,0.2230669144611018,0.1066766423655657,0.1137254901960784,0.192156862745098,0.3803921568627451,0.0,0.2176924701765471,0.3561207193312041,0.2429702236279614,0.1058823529411764,0.2941176470588235,0.7176470588235294,0.022314453125,0.2313491821289062,0.3770711435060571,0.2408172743122287,0.1254901960784313,0.3215686274509804,0.7333333333333333,0.0233871459960937,0.1330538048701022,0.2033984533503488,0.4549019607843137,0.7298330750273126,0.020950424174853,0.3512125562133184
ISPY1_1007,0,256.0,64.0,3.0,0.0,1.0,2.0,2.25,0.703125,20.0,40.0,47.0,118.0,109.0,179.0,6.508451843261719,46.38,,1.0,0.0,1.0,0.0,HRposHER2neg,0.0,0.0,1.0,spy1,0,train,10,8,17,4,21.0,72.0,71.0,180.0,2.016029298487974,10,0.3717636108398437,0.2570338230507046,0.3867050555032722,0.147008809876546,0.2117647058823529,0.3764705882352941,0.5607843137254902,0.0037384033203125,0.2959082749310662,0.4454362227304984,0.155782828106412,0.2784313725490196,0.4274509803921568,0.6235294117647059,0.0109237670898437,0.3147195374731924,0.4735792765813095,0.17310329818344,0.2784313725490196,0.4549019607843137,0.6901960784313725,0.0136077880859375,0.0587311672272261,0.1110481005362624,0.1686274509803921,0.7071463442476823,0.0281430538508111,0.3630419628826317
ISPY1_1008,0,256.0,56.0,3.0,0.0,1.0,2.0,2.0,0.78125,15.0,39.0,114.0,176.0,51.0,124.0,3.2080078125,64.51,,1.0,0.0,1.0,0.0,HRposHER2neg,0.0,0.0,1.0,spy1,0,train,10,16,25,1,25.0,63.0,74.0,200.0,1.436989332016385,10,0.6530532836914062,0.1620570104262408,0.3940482531880262,0.2486130439708703,0.1254901960784313,0.3137254901960784,0.792156862745098,0.0040847778320312,0.1927344827090992,0.4563942006489237,0.274924011658383,0.1176470588235294,0.4,0.8823529411764706,0.017388916015625,0.1956318574793198,0.4666861559357113,0.2889844838647812,0.1098039215686274,0.4,0.9215686274509804,0.0233169555664062,0.0623459474608975,0.1229803967290137,0.2078431372549019,0.6932028587135789,0.0102919552867876,0.410392523364486
ISPY1_1011,1,256.0,60.0,3.0,0.0,1.0,2.0,2.0,0.820312,17.0,39.0,126.0,162.0,35.0,122.0,4.075153723595265,40.82,,0.0,0.0,0.0,0.0,TripleNeg,1.0,0.0,0.0,spy1,0,train,10,3,15,2,23.0,37.0,88.0,209.999872,1.624356814832706,10,0.6429916381835937,0.1196171360389859,0.2437957466964577,0.1669348983094716,0.1137254901960784,0.1843137254901961,0.4156862745098039,0.0013504028320312,0.1625492948644301,0.3362529760310964,0.2285521592967958,0.1058823529411764,0.2823529411764706,0.6352941176470588,0.0142852783203125,0.1621104700425091,0.3328795611350892,0.2365846011619795,0.1058823529411764,0.2745098039215686,0.611764705882353,0.020648193359375,0.0924572293346386,0.1082274016222392,0.2392156862745098,0.7681957866213045,-0.0033734148960072,0.4770589266099355
ISPY1_1012,0,256.0,60.0,3.0,0.0,1.0,2.0,2.1,0.859375,5.0,50.0,90.0,169.0,51.0,122.0,48.48278869628906,53.78,,0.0,1.0,1.0,0.0,HRposHER2neg,0.0,0.0,1.0,spy1,0,train,10,15,24,0,46.0,80.0,72.0,220.0,3.901624906006633,10,0.764959716796875,0.0847542078354779,0.2365758653821184,0.1718791981690006,0.1098039215686274,0.1568627450980392,0.5490196078431373,3.0517578125e-06,0.118158665077359,0.3284672439699607,0.2965230757208846,0.1019607843137254,0.192156862745098,0.9686274509803922,0.0224258422851562,0.1211910711550245,0.3495402908105515,0.3072464332649129,0.1019607843137254,0.2078431372549019,1.0,0.0263687133789062,0.0918913785878422,0.1529075969098356,0.3647058823529411,0.7040237347113661,0.0210730468405908,0.2732348282219741
ISPY1_1013,0,256.0,60.0,3.0,0.0,1.0,2.0,2.0,0.78125,21.0,48.0,91.0,171.0,28.0,128.0,6.3037109375,49.36,,1.0,0.0,1.0,0.0,HRposHER2neg,0.0,0.0,1.0,spy1,1,test,10,10,21,-1,28.0,81.0,101.0,200.0,1.9883825665922146,10,0.6245498657226562,0.1276625031115962,0.2687486338340583,0.2097446287038583,0.1176470588235294,0.1803921568627451,0.6078431372549019,0.0057479858398437,0.1543670534620098,0.3252179948608652,0.2646103321833927,0.1176470588235294,0.2117647058823529,0.8235294117647058,0.0217208862304687,0.1631435558842677,0.3479520002103786,0.2821835796327355,0.1215686274509803,0.2235294117647059,0.9411764705882352,0.0328292846679687,0.0564693610268069,0.1045855608832837,0.1843137254901961,0.6723984475015748,0.0227340053495133,0.3048952469976225
ISPY1_1017,0,256.0,60.0,3.0,0.0,1.0,2.0,2.0,0.78125,17.0,50.0,94.0,172.0,40.0,113.0,16.60888671875,68.31,,1.0,0.0,0.0,0.0,TripleNeg,1.0,0.0,0.0,spy1,1,test,10,13,22,-1,34.0,79.0,74.0,200.0,2.8684037018129653,10,0.7149032592773438,0.1110690786324295,0.2640423738712091,0.211761201808686,0.1019607843137254,0.1803921568627451,0.6352941176470588,0.0028778076171875,0.1315023923387714,0.3038467120675427,0.2806018528483167,0.0588235294117647,0.2117647058823529,0.8588235294117647,0.0220932006835937,0.1350989786783854,0.3180619864368267,0.293794853062993,0.0588235294117647,0.2117647058823529,0.9490196078431372,0.0262725830078125,0.0398043381963336,0.118612267146173,0.2039215686274509,0.528342280334616,0.0142152743692838,0.3851349543194481
ISPY1_1021,1,256.0,60.0,3.0,0.0,1.0,2.0,2.0,0.78125,7.0,52.0,96.0,224.0,63.0,140.0,47.730712890625,48.43,,1.0,0.0,1.0,1.0,HER2pos,0.0,1.0,0.0,spy1,1,test,10,24,33,-1,46.0,129.0,78.0,200.0,3.886309486147647,10,0.7922821044921875,0.1016119145412071,0.3132851095334189,0.1806547268365304,0.1137254901960784,0.2705882352941176,0.592156862745098,1.373291015625e-05,0.1439552516563266,0.4529696959221505,0.3014455211352439,0.1137254901960784,0.3725490196078431,1.0,0.029132080078125,0.1493948663449755,0.489208412373985,0.3168907935737674,0.1137254901960784,0.4156862745098039,1.0,0.03548583984375,0.1396845863887316,0.1634779945312217,0.4,0.7990009549695144,0.0362387164518345,0.2833027253360758
ISPY1_1025,0,256.0,60.0,3.0,0.0,1.0,2.0,2.3,0.78125,22.0,44.0,122.0,176.0,75.0,130.0,12.798522949218748,52.35,,1.0,0.0,1.0,0.0,HRposHER2neg,0.0,0.0,1.0,spy1,0,train,10,0,9,3,23.0,55.0,56.0,200.0,2.624561553769446,10,0.6047561645507813,0.1157598158892463,0.2165905333360282,0.1400526844928163,0.1058823529411764,0.1843137254901961,0.3294117647058823,0.0012237548828125,0.1467446001838235,0.255989272675564,0.1997792671812071,0.0901960784313725,0.2117647058823529,0.4470588235294118,0.0140182495117187,0.1461630189185049,0.2627731214635282,0.2087830451587609,0.0784313725490196,0.2117647058823529,0.4588235294117647,0.016522216796875,0.0393987393395358,0.1080015046099972,0.1686274509803921,0.5667517285842789,0.0067838487879641,0.4165473097399113
ISPY1_1027,0,256.0,56.0,3.0,0.0,1.0,2.0,2.5,0.703125,24.0,42.0,127.0,196.0,79.0,149.0,20.110336303710938,38.22,,0.0,1.0,0.0,0.0,TripleNeg,1.0,0.0,0.0,spy1,0,train,10,6,15,4,19.0,70.0,71.0,180.0,3.049762792747588,10,0.5858596801757813,0.123916524251302,0.2466294912982344,0.1160672718465444,0.1176470588235294,0.2274509803921568,0.3843137254901961,0.0004409790039062,0.2018831021178002,0.3898612920524772,0.2300281851889239,0.1411764705882353,0.3372549019607843,0.7333333333333333,0.0161270141601562,0.219262653425628,0.435411543205475,0.2470681452102088,0.1490196078431372,0.392156862745098,0.8274509803921568,0.0215682983398437,0.1432318007542428,0.2021538248353484,0.4588235294117647,0.7878236327930703,0.0455502511529977,0.2956954581796611
ISPY1_1029,0,256.0,60.0,3.0,0.0,1.0,2.0,2.3,0.78125,9.0,28.0,144.0,194.0,63.0,146.0,8.580078124999998,63.63,,1.0,0.0,1.0,1.0,HER2pos,0.0,1.0,0.0,spy1,0,train,10,4,13,1,20.0,51.0,84.0,200.0,2.2596857469599554,10,0.6346343994140625,0.1172606584137561,0.249637390099663,0.1588232224093433,0.1215686274509803,0.2039215686274509,0.4470588235294118,0.0038131713867187,0.140839646283318,0.3042410479222217,0.2250468439394689,0.1137254901960784,0.2313725490196078,0.6470588235294118,0.01336669921875,0.1519476258520986,0.3322353085300005,0.243554664917193,0.1294117647058823,0.2431372549019607,0.7450980392156863,0.0186203002929687,0.0546036578225587,0.1199565591736704,0.2156862745098039,0.5975752361701594,0.0279942606077787,0.2994955021173876
ISPY1_1030,1,256.0,60.0,3.0,0.0,1.0,2.0,2.0,0.78125,21.0,49.0,135.0,195.0,65.0,120.0,8.861083984375,52.46,,0.0,0.0,0.0,1.0,HER2pos,0.0,1.0,0.0,spy1,1,test,10,4,19,-1,29.0,61.0,56.0,200.0,2.2885961001352406,10,0.4751220703125,0.1567592725566789,0.2455408664698495,0.1610885360636109,0.1098039215686274,0.188235294117647,0.4470588235294118,0.0048843383789062,0.2184801767386642,0.3350013885734767,0.2476185430929632,0.0823529411764705,0.2823529411764706,0.7019607843137254,0.0173721313476562,0.219982239966299,0.3335652182636858,0.2443593143852218,0.0666666666666666,0.2823529411764706,0.7019607843137254,0.0170684814453125,0.0894605221036272,0.1416902907357959,0.2823529411764706,0.6596324247639425,-0.0014361703097909,0.4791182148006884
ISPY1_1031,0,256.0,60.0,3.0,0.0,1.0,2.0,2.0,0.78125,2.0,30.0,124.0,190.0,102.0,170.0,18.20068359375,54.16,,1.0,0.0,1.0,0.0,HRposHER2neg,0.0,0.0,1.0,spy1,0,train,10,6,16,2,29.0,67.0,69.0,200.0,2.95494588224108,10,0.6884490966796875,0.1116370227290134,0.2518712718756164,0.1968799954091391,0.1098039215686274,0.1803921568627451,0.5568627450980392,0.0003890991210937,0.1361240880629595,0.3093633409833288,0.2711124694827687,0.0784313725490196,0.2117647058823529,0.8392156862745098,0.0234146118164062,0.142227783203125,0.3278110468393687,0.2791907274669776,0.0784313725490196,0.2392156862745098,0.8980392156862745,0.0266677856445312,0.0574920691077124,0.1344936820159583,0.2235294117647059,0.5919246931598899,0.0184477058560398,0.3536620008032207
ISPY1_1034,0,256.0,60.0,4.0,0.0,2.0,3.0,1.5,0.703125,13.0,44.0,81.0,182.0,88.0,168.0,27.442803955078126,46.57,,1.0,0.0,0.0,0.0,TripleNeg,1.0,0.0,0.0,spy1,0,train,10,12,21,4,32.0,102.0,81.0,180.0,3.347895192025881,10,0.2080612182617187,0.1730357929304534,0.2010628633106598,0.0929279942248987,0.1137254901960784,0.1686274509803921,0.3372549019607843,0.0003448486328125,0.2778857302198223,0.318307236074457,0.246205092619781,0.0980392156862745,0.2235294117647059,0.6862745098039216,0.0318328857421875,0.2634684005438112,0.3003713327027905,0.2280681705050933,0.0980392156862745,0.2156862745098039,0.6352941176470588,0.0212493896484375,0.1172443727637971,0.2004663655899545,0.4235294117647059,0.6577162069729579,-0.0179359033716664,0.5217541256827969
ISPY1_1035,0,256.0,60.0,4.0,0.0,2.0,3.0,2.0,0.78125,3.0,58.0,55.0,205.0,66.0,184.0,63.416748046875,40.82,,1.0,0.0,1.0,1.0,HER2pos,0.0,1.0,0.0,spy1,0,train,10,5,16,0,56.0,151.0,119.0,200.0,4.165373662139503,10,0.7445755004882812,0.0767208503274356,0.1952174643865133,0.0755726791424435,0.1098039215686274,0.1725490196078431,0.2980392156862745,0.0,0.1548999621821384,0.3568116741603896,0.305884833134813,0.0627450980392156,0.2509803921568627,0.9529411764705882,0.02562255859375,0.1502384260589001,0.3758756820927839,0.2922080196029228,0.0941176470588235,0.2666666666666666,0.9215686274509804,0.0184860229492187,0.1615942097738764,0.2815830917202606,0.6705882352941176,0.6684369306132202,0.0190640079323942,0.4375817676752591
ISPY1_1036,0,256.0,60.0,3.0,0.0,1.0,2.0,2.5,0.78125,3.0,44.0,75.0,200.0,30.0,171.0,31.768798828125,38.27,,1.0,0.0,0.0,1.0,HER2pos,0.0,1.0,0.0,spy1,0,train,10,11,20,3,42.0,126.0,142.0,200.0,3.4894768074196096,10,0.570709228515625,0.1335814711626838,0.2562433145576422,0.1569788802933281,0.1137254901960784,0.2,0.5137254901960784,0.0001632690429687,0.1859242637484681,0.3610597184064498,0.2496274628420671,0.1294117647058823,0.2705882352941176,0.7725490196078432,0.0245941162109375,0.2018293851964614,0.3956887277552665,0.266063228970167,0.1411764705882353,0.2980392156862745,0.8862745098039215,0.0326522827148437,0.1048164038488076,0.1397240764437009,0.3019607843137254,0.7782611786450558,0.0346290093488166,0.2505047273761285
ISPY1_1037,0,256.0,56.0,4.0,0.0,2.0,3.0,2.5,0.859375,24.0,49.0,69.0,169.0,32.0,148.0,78.39631652832031,51.14,,1.0,0.0,0.0,0.0,TripleNeg,1.0,0.0,0.0,spy1,0,train,10,9,18,1,26.0,101.0,117.0,220.0,4.374451975846,10,0.7014205932617188,0.0897977282954197,0.2258247910948084,0.1115283499563808,0.1176470588235294,0.2039215686274509,0.3568627450980392,0.0001449584960937,0.1711624025831035,0.445757419164255,0.2933347620636852,0.1254901960784313,0.3647058823529411,0.9568627450980391,0.0252151489257812,0.1748676793715533,0.4571008625959927,0.2969274623736312,0.1176470588235294,0.3843137254901961,0.9568627450980391,0.02496337890625,0.2199326280694465,0.25487746250284,0.6784313725490196,0.8245527067565427,0.0113434434317377,0.3544208057155414
ISPY1_1038,0,256.0,60.0,4.0,0.0,2.0,3.0,2.5,0.859375,14.0,28.0,161.0,198.0,117.0,155.0,12.122894287109377,37.81,,0.0,1.0,0.0,0.0,TripleNeg,1.0,0.0,0.0,spy1,0,train,10,4,13,2,15.0,38.0,39.0,220.0,2.5743583603387163,10,0.5833740234375,0.1421565635531556,0.2903948426719061,0.1645976223383606,0.1254901960784313,0.2588235294117647,0.4980392156862745,0.0033096313476562,0.2006764729817708,0.4094023284672791,0.2187081850983584,0.1686274509803921,0.3686274509803922,0.7098039215686275,0.016033935546875,0.204111130658318,0.4174225136875729,0.2204540910573879,0.1686274509803921,0.3764705882352941,0.7254901960784313,0.0155242919921875,0.1190074857953729,0.1162814330546507,0.2352941176470588,0.9178801640785232,0.0080201852202938,0.3886133899794902
ISPY1_1040,0,256.0,64.0,3.0,0.0,1.0,2.0,2.03125,0.625,15.0,48.0,39.0,157.0,83.0,180.0,41.77789306640625,56.46,,1.0,0.0,0.0,0.0,TripleNeg,1.0,0.0,0.0,spy1,0,train,10,14,25,0,34.0,119.0,98.0,160.0,3.7560214520067805,10,0.58453369140625,0.1361488192689185,0.2674215988731323,0.1476663302631355,0.1137254901960784,0.2117647058823529,0.4941176470588235,4.57763671875e-06,0.1848097976983762,0.3635651880849299,0.2745447962057812,0.1098039215686274,0.2509803921568627,0.8509803921568627,0.0268600463867187,0.2012816784428615,0.3976174180558076,0.2833629912419338,0.1254901960784313,0.2823529411764706,0.9176470588235294,0.031805419921875,0.0961435892117975,0.1789752572449066,0.4156862745098039,0.6760797708241516,0.0340522299708777,0.2918723372998384
ISPY1_1053,0,256.0,64.0,3.0,0.0,1.0,2.0,2.0625,0.78125,18.0,26.0,93.0,126.0,91.0,121.0,1.7447662353515625,62.4,,1.0,0.0,1.0,0.0,HRposHER2neg,0.0,0.0,1.0,spy1,0,train,10,1,10,3,9.0,34.0,31.0,200.0,1.0096959111717962,10,0.4018432617187499,0.1952257463043811,0.2863457968644898,0.1964170287084916,0.1215686274509803,0.2196078431372549,0.596078431372549,0.0035430908203125,0.2731117996515012,0.3906940974794031,0.2637590577779588,0.0745098039215686,0.3411764705882353,0.7803921568627451,0.0131484985351562,0.2263529220281862,0.3179570164834571,0.2415246140868582,0.0745098039215686,0.2666666666666666,0.7058823529411765,0.0164169311523437,0.1043483006149134,0.150372778562255,0.3176470588235294,0.6886874757658007,-0.072737080995946,0.6417624130119793
ISPY1_1054,0,256.0,60.0,3.0,0.0,1.0,2.0,2.5,0.703125,6.0,43.0,83.0,179.0,30.0,156.0,38.1170654296875,42.76,,0.0,1.0,0.0,0.0,TripleNeg,1.0,0.0,0.0,spy1,0,train,10,15,24,4,38.0,97.0,127.0,180.0,3.666558827774342,10,0.5292282104492188,0.1368399047851562,0.2529519614992906,0.1415480634371387,0.1215686274509803,0.2156862745098039,0.4274509803921568,0.002099609375,0.187789067287071,0.3470826497360146,0.2302196371260959,0.1490196078431372,0.2666666666666666,0.6901960784313725,0.0251739501953125,0.1963332770852481,0.3646584587323301,0.2358054678391417,0.1568627450980392,0.2823529411764706,0.7333333333333333,0.0243423461914062,0.094130688236724,0.171339915094012,0.2470588235294117,0.8034032898468519,0.0175758089963154,0.3477870512924398
ISPY1_1056,0,256.0,60.0,3.0,0.0,1.0,2.0,2.2,0.78125,11.0,50.0,77.0,157.0,31.0,171.0,54.53808593750001,35.37,,1.0,0.0,0.0,1.0,HER2pos,0.0,1.0,0.0,spy1,0,train,10,27,36,0,40.0,81.0,141.0,200.0,4.017069018510222,10,0.591827392578125,0.1227528171913296,0.2412110243723657,0.1597405165972936,0.1137254901960784,0.1725490196078431,0.5215686274509804,1.52587890625e-06,0.1637036850873161,0.3258560527762507,0.2684198298271066,0.1137254901960784,0.2078431372549019,0.8156862745098039,0.0319015502929687,0.1711621632295496,0.3417854938610958,0.2784598999272353,0.1058823529411764,0.2274509803921568,0.8941176470588236,0.034918212890625,0.0846450284038849,0.1429016698729169,0.3215686274509804,0.6970242990654205,0.0159294410848451,0.3624598130841121
ISPY1_1058,1,256.0,56.0,3.0,0.0,1.0,2.0,2.5,0.703125,21.0,33.0,60.0,95.0,105.0,144.0,5.696548461914063,54.72,,1.0,0.0,0.0,0.0,TripleNeg,1.0,0.0,0.0,spy1,1,test,10,3,12,-1,13.0,36.0,40.0,180.0,1.9015922387208266,10,0.4984420776367187,0.1958839207069546,0.3526033761775631,0.1720450407101788,0.1568627450980392,0.3333333333333333,0.5764705882352941,0.0033126831054687,0.2840672032973346,0.5002837849357223,0.2183819288767273,0.2313725490196078,0.4823529411764706,0.8156862745098039,0.0138015747070312,0.2925487982058057,0.5184461162659837,0.2146161282988279,0.2431372549019607,0.5019607843137255,0.807843137254902,0.0141143798828125,0.1476804087581592,0.1802083883629964,0.4078431372549019,0.7942902516268584,0.0181623313302613,0.4062415386627969
ISPY1_1060,0,256.0,70.0,6.0,0.0,2.0,5.0,3.0,0.703125,7.0,62.0,128.0,201.0,71.0,158.0,93.53512573242188,67.18,,0.0,1.0,1.0,0.0,HRposHER2neg,0.0,0.0,1.0,spy1,0,train,10,26,36,1,56.0,74.0,88.0,180.0,4.54897146630823,10,0.5129974365234375,0.123830841662837,0.2454690844197261,0.089425314815398,0.1411764705882353,0.2313725490196078,0.3607843137254902,0.0,0.205747028425628,0.3978530541561597,0.1998586362593884,0.2117647058823529,0.3372549019607843,0.6823529411764706,0.0139358520507812,0.210686507879519,0.4065320936653843,0.199715620955435,0.2117647058823529,0.3450980392156862,0.6980392156862745,0.0101272583007812,0.1523839697364335,0.165190926318076,0.3686274509803922,0.9127747037554595,0.0086790395092245,0.4152029376930837
ISPY1_1061,0,256.0,60.0,3.0,0.0,1.0,2.0,2.0,0.820312,13.0,36.0,122.0,194.0,58.0,131.0,21.192683515671938,54.19,,1.0,0.0,0.0,1.0,HER2pos,0.0,1.0,0.0,spy1,0,train,10,6,15,4,24.0,73.0,74.0,209.999872,3.0997626631915267,10,0.6675918579101563,0.1026860136144301,0.2192844825343781,0.1413246769508535,0.1137254901960784,0.1725490196078431,0.4235294117647059,3.0517578125e-06,0.1411777750651041,0.3041423657924337,0.2475526766337759,0.1058823529411764,0.2196078431372549,0.7058823529411765,0.021234130859375,0.1471775787951899,0.318677337584563,0.2557289148343369,0.1137254901960784,0.2274509803921568,0.788235294117647,0.024871826171875,0.0848578832580556,0.1495184124840897,0.2980392156862745,0.6801195334340157,0.0145349717921293,0.3710218639687487
ISPY1_1062,0,256.0,60.0,3.0,0.0,1.0,2.0,2.0,0.78125,8.0,50.0,71.0,196.0,70.0,176.0,29.793701171875,34.61,,1.0,0.0,1.0,0.0,HRposHER2neg,0.0,0.0,1.0,spy1,0,train,10,10,19,2,43.0,126.0,107.0,200.0,3.4273101616583816,10,0.6838577270507813,0.1455027800915287,0.3649527939002153,0.2293994738278396,0.1176470588235294,0.2745098039215686,0.7019607843137254,0.0001220703125,0.2041712802064185,0.5200419967298653,0.3068618374354848,0.1647058823529411,0.4549019607843137,0.9686274509803922,0.026483154296875,0.2179291070676317,0.5626807912563974,0.3322643606124753,0.1568627450980392,0.5137254901960784,1.0,0.0542587280273437,0.1550892028296498,0.1648172377884029,0.4117647058823529,0.8617963482264814,0.0426387945265322,0.267695366987311
ISPY1_1064,0,256.0,60.0,3.0,0.0,1.0,2.0,2.2,0.78125,18.0,49.0,142.0,194.0,67.0,139.0,24.459960937500004,60.11,,1.0,0.0,0.0,0.0,TripleNeg,1.0,0.0,0.0,spy1,0,train,10,5,14,4,32.0,53.0,73.0,200.0,3.2371070588586415,10,0.570928955078125,0.1258534749348958,0.229353205314331,0.1557044655826952,0.1137254901960784,0.1843137254901961,0.3764705882352941,0.0006271362304687,0.148795949898514,0.2709438730754823,0.2292344160196262,0.0980392156862745,0.2,0.5568627450980392,0.0239212036132812,0.155783140893076,0.2854434517658327,0.237138572690094,0.1058823529411764,0.2117647058823529,0.6352941176470588,0.0278488159179687,0.0415906677611513,0.1105150381740884,0.1725490196078431,0.5598621602014253,0.0144995786903503,0.3432339009089745
ISPY1_1066,0,256.0,60.0,3.0,0.0,1.0,2.0,2.5,0.703125,41.0,53.0,100.0,144.0,105.0,149.0,8.094314575195312,57.42,,1.0,0.0,0.0,0.0,TripleNeg,1.0,0.0,0.0,spy1,0,train,10,3,12,3,13.0,45.0,45.0,180.0,2.207649446314917,10,0.5601028442382813,0.1324338307100183,0.251679263891924,0.1705749931821336,0.1215686274509803,0.196078431372549,0.4627450980392157,0.0048583984375,0.1889951698452818,0.3493550804228924,0.2198200106383572,0.1372549019607843,0.2901960784313726,0.6666666666666666,0.0150863647460937,0.1865332868987438,0.3448541543773751,0.2185593457627429,0.1450980392156863,0.2823529411764706,0.6666666666666666,0.0173934936523437,0.0976758165309684,0.1397043659861373,0.2588235294117647,0.7732083207592328,-0.0045009260455173,0.4725260240520862
ISPY1_1069,0,256.0,60.0,4.0,0.0,1.0,2.0,2.0,0.78125,15.0,36.0,128.0,176.0,80.0,124.0,8.607177734375,57.18,,1.0,0.0,1.0,0.0,HRposHER2neg,0.0,0.0,1.0,spy1,0,train,10,7,16,0,22.0,49.0,45.0,200.0,2.262510499763912,10,0.5436416625976562,0.1344806805778952,0.2317933703528656,0.1702469485034302,0.1019607843137254,0.1725490196078431,0.4588235294117647,0.00389404296875,0.1240001364315257,0.1867260856843581,0.2005750354239696,0.0431372549019607,0.1294117647058823,0.3843137254901961,0.0067535400390625,0.1682914344937193,0.2533717729114656,0.2497021872512609,0.0431372549019607,0.1725490196078431,0.5843137254901961,0.0247039794921875,-0.0450672846685074,0.1879821401673215,0.1137254901960784,0.237509153100017,0.0666456872271074,0.2233389840142571
ISPY1_1070,1,256.0,60.0,3.0,0.0,1.0,2.0,2.0,0.78125,13.0,38.0,115.0,183.0,72.0,122.0,8.465576171875,36.78,,0.0,0.0,1.0,0.0,HRposHER2neg,0.0,0.0,1.0,spy1,0,train,10,9,18,1,26.0,69.0,51.0,200.0,2.247661656752019,10,0.515032958984375,0.1519875859279258,0.2557710706518533,0.1628717414806167,0.1176470588235294,0.2156862745098039,0.4156862745098039,0.0065261840820312,0.205266071394378,0.343797557786219,0.2381657421160593,0.0823529411764705,0.2862745098039215,0.7019607843137254,0.019317626953125,0.2074178777956495,0.3479152492641846,0.240887486726016,0.0823529411764705,0.2980392156862745,0.6901960784313725,0.0254776000976562,0.0880264871343656,0.1415334729780274,0.2862745098039215,0.6598348792428609,0.0041176914779655,0.4288105516191147
ISPY1_1072,0,256.0,64.0,3.0,0.0,1.0,2.0,2.0625,0.78125,33.0,49.0,68.0,136.0,81.0,141.0,2.7480697631835938,55.86,,1.0,0.0,0.0,0.0,TripleNeg,1.0,0.0,0.0,spy1,0,train,10,5,14,3,17.0,69.0,61.0,200.0,1.3212409776457423,10,0.5171951293945313,0.2466026994293811,0.4749073508946325,0.2698455046496993,0.1411764705882353,0.4627450980392157,0.8431372549019608,0.003607177734375,0.2714469101849724,0.5148021613239321,0.2757029692391188,0.1529411764705882,0.5372549019607843,0.8745098039215686,0.0104248046875,0.2865058629653033,0.5450075389040104,0.2822177749087567,0.1686274509803921,0.592156862745098,0.9019607843137256,0.0130828857421875,0.0398948104292995,0.1233652106503516,0.1372549019607843,0.6166536561623964,0.0302053775800784,0.3072965225608465
ISPY1_1074,0,256.0,64.0,3.0,0.0,1.0,2.0,2.0,0.703125,11.0,49.0,22.0,204.0,81.0,202.0,33.32054443359375,36.51,,1.0,0.0,1.0,0.0,HRposHER2neg,0.0,0.0,1.0,spy1,0,train,10,7,24,2,39.0,183.0,122.0,180.0,3.53574413794364,10,0.594964599609375,0.1373467060163909,0.2888817138344013,0.1088560282003239,0.1450980392156863,0.2862745098039215,0.4313725490196078,3.0517578125e-06,0.2138235054764093,0.4549172958012487,0.2199361437714709,0.2117647058823529,0.4117647058823529,0.7843137254901961,0.0115524291992187,0.2353766587201286,0.5101584441133185,0.2444057365291289,0.2156862745098039,0.4705882352941176,0.8901960784313725,0.0202362060546875,0.1660355819668474,0.1725670123838959,0.4509803921568627,0.9211924172330134,0.0552411483120696,0.2448426033362969
ISPY1_1075,1,256.0,60.0,3.0,0.0,1.0,2.0,2.0,0.820312,18.0,41.0,127.0,175.0,44.0,131.0,13.672221492075394,33.47,,1.0,0.0,0.0,0.0,TripleNeg,1.0,0.0,0.0,spy1,0,train,10,10,20,0,24.0,49.0,88.0,209.999872,2.6859560116430323,10,0.6521224975585938,0.1269815841375612,0.2968849601818489,0.2196981142809714,0.1137254901960784,0.1843137254901961,0.6509803921568628,0.000396728515625,0.1663440180759804,0.3905313516068093,0.3022487659658438,0.1098039215686274,0.2588235294117647,0.9019607843137256,0.0157424926757812,0.1734948550953584,0.4100392913706483,0.3234183439920068,0.1137254901960784,0.2588235294117647,0.9647058823529412,0.0269500732421875,0.0936463914249604,0.1411224354362362,0.2862745098039215,0.724144132289405,0.0195079397638389,0.3442858082768603
ISPY1_1077,1,256.0,60.0,4.0,0.0,1.0,2.0,2.2,0.859375,39.0,58.0,80.0,120.0,121.0,194.0,7.257784423828125,41.65,,1.0,0.0,1.0,1.0,HER2pos,0.0,1.0,0.0,spy1,0,train,10,7,16,1,20.0,41.0,74.0,220.0,2.1111563219921443,10,0.4926544189453125,0.163761692421109,0.2721723299267556,0.1736488024019595,0.1176470588235294,0.2352941176470588,0.4313725490196078,0.0095794677734375,0.1449993956322763,0.2274238296737066,0.1747586350906972,0.0588235294117647,0.196078431372549,0.4117647058823529,0.0059097290039062,0.1714391072591145,0.2737597977589924,0.2218746600849714,0.0588235294117647,0.2352941176470588,0.5686274509803921,0.0171188354492187,-0.0447485002530489,0.2104446446096632,0.1372549019607843,0.3320841879853471,0.0463359680852858,0.3193020024421493
ISPY1_1078,1,256.0,60.0,3.0,0.0,1.0,2.0,2.1,0.820312,19.0,43.0,174.0,224.0,97.0,149.0,12.523022758727311,31.33,,0.0,0.0,1.0,0.0,HRposHER2neg,0.0,0.0,1.0,spy1,0,train,10,8,18,3,25.0,51.0,53.0,209.999872,2.604393622454187,10,0.6264678955078125,0.162781743068321,0.3704676556853838,0.2338833999402495,0.1215686274509803,0.2941176470588235,0.7058823529411765,0.0006622314453125,0.2152862668504902,0.4695018013251101,0.2590426956186775,0.1490196078431372,0.4509803921568627,0.8196078431372549,0.0185943603515625,0.2173096780215992,0.4850022002935112,0.2820459937204009,0.1490196078431372,0.4352941176470588,0.8980392156862745,0.0266342163085937,0.0990341456397263,0.1162786975885472,0.2627450980392157,0.820206864435167,0.0155003989684011,0.339283817678249
ISPY1_1084,0,256.0,54.0,4.0,0.0,2.0,3.0,3.0,0.78125,22.0,47.0,44.0,176.0,70.0,218.0,44.300537109375,34.53,,1.0,0.0,1.0,1.0,HER2pos,0.0,1.0,0.0,spy1,0,train,10,13,22,4,26.0,133.0,149.0,200.0,3.813318889137793,10,0.637005615234375,0.1239070458505667,0.316185380546717,0.121926558276242,0.1372549019607843,0.3176470588235294,0.4705882352941176,0.0,0.1970718383789062,0.4912559596165404,0.2417221317424553,0.2039215686274509,0.4509803921568627,0.8745098039215686,0.0212615966796875,0.2035604260014552,0.5042625538100498,0.2462041941541159,0.2039215686274509,0.4627450980392157,0.8823529411764706,0.0190048217773437,0.1750705790698234,0.186028733783936,0.4980392156862745,0.8939434701461167,0.0130065941935094,0.3958350848284095
ISPY1_1087,1,256.0,62.0,3.0,0.0,1.0,2.0,2.5,0.703125,11.0,35.0,92.0,197.0,10.0,78.0,11.724334716796877,43.01,,1.0,0.0,0.0,1.0,HER2pos,0.0,1.0,0.0,spy1,0,train,10,4,13,2,25.0,106.0,69.0,180.0,2.543516279482185,10,0.5134017944335938,0.1398727536668964,0.2440261029638496,0.1388553345420589,0.1176470588235294,0.2039215686274509,0.4352941176470588,0.0008926391601562,0.1960051353304994,0.3362809812523523,0.214603938513938,0.1372549019607843,0.2862745098039215,0.615686274509804,0.0217071533203125,0.204028990502451,0.346104978145565,0.2187453188759969,0.1372549019607843,0.2862745098039215,0.6470588235294118,0.023980712890625,0.0922548782885026,0.1337111673182826,0.2235294117647059,0.7998758219738662,0.0098239968932128,0.4195994317914562
ISPY1_1089,0,256.0,60.0,6.0,0.0,2.0,5.0,4.0,0.78125,7.0,59.0,74.0,209.0,33.0,175.0,274.4873046875,60.95,,0.0,1.0,1.0,0.0,HRposHER2neg,0.0,0.0,1.0,spy1,0,train,10,12,25,0,53.0,136.0,143.0,200.0,5.618541546542097,10,0.5707275390625,0.0895989571365655,0.1848693953495633,0.0838712572963442,0.1137254901960784,0.1607843137254902,0.2745098039215686,0.0,0.1821291276520374,0.3478905789125637,0.2796871331239271,0.1019607843137254,0.2313725490196078,0.8509803921568627,0.0261093139648437,0.1860927147958792,0.3522289243286463,0.2639484562431055,0.1137254901960784,0.2549019607843137,0.807843137254902,0.0153915405273437,0.1630211835630003,0.2574257872794752,0.6431372549019608,0.7061010635272706,0.0043383454160826,0.3965264744355343
ISPY1_1090,1,256.0,64.0,3.0,0.0,1.0,2.0,2.0625,0.78125,32.0,51.0,117.0,167.0,95.0,173.0,12.096290588378906,51.54,,1.0,0.0,1.0,1.0,HER2pos,0.0,1.0,0.0,spy1,1,test,10,8,17,-1,20.0,51.0,79.0,200.0,2.572329028916956,10,0.5399261474609375,0.1626076612285539,0.2964811831323932,0.1776920220492165,0.1294117647058823,0.2352941176470588,0.596078431372549,0.0003250122070312,0.1919086890127144,0.3455397837345568,0.2453036255821181,0.1058823529411764,0.2666666666666666,0.7411764705882353,0.0192520141601562,0.2068029126933976,0.376646627926229,0.2590826447036928,0.1215686274509803,0.2980392156862745,0.8313725490196079,0.0291854858398437,0.0490586006021636,0.1302730185259755,0.2078431372549019,0.5889809428417918,0.0311068441916721,0.3285817573976664
ISPY1_1094,0,256.0,60.0,3.0,0.0,1.0,2.0,2.0,0.78125,5.0,54.0,101.0,191.0,25.0,157.0,34.560546875,49.95,,1.0,0.0,1.0,0.0,HRposHER2neg,0.0,0.0,1.0,spy1,1,test,10,14,31,-1,50.0,91.0,133.0,200.0,3.571236789464457,10,0.685894775390625,0.1199591782513786,0.3080689800743957,0.2080056799289,0.1137254901960784,0.2156862745098039,0.6431372549019608,7.9345703125e-05,0.1615245205748315,0.4112411239295088,0.2960669513771605,0.1137254901960784,0.3098039215686274,0.8980392156862745,0.0197784423828125,0.1723008698108149,0.4428708727724811,0.3150944155001029,0.1176470588235294,0.3333333333333333,1.0,0.0332412719726562,0.1031721438551131,0.1380871741419277,0.2980392156862745,0.7762858752890426,0.0316297488429722,0.2638448982764316
ISPY1_1096,0,256.0,60.0,4.0,0.0,1.0,2.0,1.5,0.703125,13.0,36.0,81.0,145.0,122.0,186.0,6.639340209960937,42.99,,1.0,0.0,0.0,1.0,HER2pos,0.0,1.0,0.0,spy1,1,test,10,6,15,-1,24.0,65.0,65.0,180.0,2.0333112394964368,10,0.1485748291015625,0.2039060824525122,0.2290840829602329,0.1254343505448018,0.1215686274509803,0.192156862745098,0.3686274509803922,0.0032791137695312,0.2661846385282628,0.2914969099523535,0.1942004097209867,0.1176470588235294,0.2392156862745098,0.5333333333333333,0.01876220703125,0.2781774303959865,0.305470236482557,0.2103608225560097,0.1176470588235294,0.2470588235294117,0.5843137254901961,0.0220855712890625,0.0624128269921205,0.1505751171832859,0.2313725490196078,0.6244430903779637,0.0139733265302034,0.4401010770802344
ISPY1_1097,0,256.0,64.0,3.0,0.0,1.0,2.0,2.3,0.78125,26.0,47.0,106.0,160.0,88.0,150.0,25.830078125,44.5,,1.0,0.0,0.0,0.0,TripleNeg,1.0,0.0,0.0,spy1,0,train,10,7,17,1,22.0,55.0,63.0,200.0,3.2895235762856974,10,0.502337646484375,0.1242689603917739,0.2218401389769639,0.0996779418892998,0.1137254901960784,0.196078431372549,0.3607843137254902,0.0001083374023437,0.1898091155407475,0.3306156209126278,0.2005736689866479,0.1411764705882353,0.2784313725490196,0.592156862745098,0.0149612426757812,0.2155280019722733,0.3774988715576496,0.2231178638234308,0.1568627450980392,0.3215686274509804,0.7294117647058823,0.0188339233398437,0.108775481935664,0.1508806734694808,0.2745098039215686,0.8474097648920123,0.0468832506450217,0.2281939487594589
ISPY1_1099,1,256.0,60.0,3.0,0.0,1.0,2.0,2.0,0.78125,14.0,43.0,79.0,168.0,84.0,152.0,24.798583984375,50.35,,1.0,0.0,0.0,0.0,TripleNeg,1.0,0.0,0.0,spy1,0,train,10,17,26,2,30.0,90.0,69.0,200.0,3.2503196060948216,10,0.7873199462890625,0.0943743597292432,0.2815460459771861,0.1899876800700246,0.1098039215686274,0.2039215686274509,0.592156862745098,4.2724609375e-05,0.1440169629863664,0.4286561040739781,0.2807947456788851,0.1098039215686274,0.3607843137254902,1.0,0.0225753784179687,0.1410896869734222,0.432707798936538,0.2994064217676131,0.0941176470588235,0.3607843137254902,1.0,0.0274017333984375,0.1471100580967919,0.1482201533826613,0.3450980392156862,0.8098463216197214,0.0040516948625599,0.3936161053794608
ISPY1_1100,0,256.0,60.0,3.0,0.0,1.0,2.0,2.0,0.78125,23.0,42.0,102.0,146.0,81.0,123.0,6.365966796875,63.32,,1.0,0.0,1.0,0.0,HRposHER2neg,0.0,0.0,1.0,spy1,0,train,10,7,16,3,20.0,45.0,43.0,200.0,1.9968703103932464,10,0.5393829345703125,0.1421144014246323,0.2537264515240621,0.1679464064000205,0.1019607843137254,0.2078431372549019,0.4313725490196078,0.0045700073242187,0.1908672317804075,0.3218114796851261,0.2213917401880916,0.0862745098039215,0.2745098039215686,0.6392156862745098,0.0151580810546875,0.1981638770009957,0.3367446836289092,0.2366367736138961,0.0862745098039215,0.2745098039215686,0.6705882352941176,0.0208572387695312,0.068085028161064,0.1339475133541632,0.2431372549019607,0.6291118693477324,0.0149332039437831,0.3795938649087355
ISPY1_1101,0,256.0,60.0,3.0,0.0,1.0,2.0,2.1,0.78125,0.0,28.0,81.0,192.0,66.0,171.0,64.55987548828125,42.84,,0.0,1.0,0.0,1.0,HER2pos,0.0,1.0,0.0,spy1,0,train,10,4,13,4,29.0,112.0,106.0,200.0,4.182963854671282,10,0.6898361206054687,0.0990718826593137,0.2415702595970817,0.1386813639144428,0.1058823529411764,0.1843137254901961,0.4627450980392157,0.0,0.1656434900620404,0.4069750130200307,0.2808280097506073,0.1254901960784313,0.3058823529411765,0.8941176470588236,0.022406005859375,0.1781469008501838,0.4471668036916984,0.300653069818623,0.1254901960784313,0.3607843137254902,0.9803921568627452,0.02919921875,0.1654047534229489,0.1915617098689796,0.4666666666666667,0.8313810763077498,0.0401917906716676,0.326960825310303
ISPY1_1102,0,256.0,74.0,3.0,0.0,1.0,2.0,2.5,0.78125,7.0,46.0,61.0,173.0,39.0,216.0,28.45306396484375,57.46,,0.0,1.0,1.0,1.0,HER2pos,0.0,1.0,0.0,spy1,1,test,10,13,22,-1,40.0,113.0,178.0,200.0,3.382797944239125,10,0.57503662109375,0.1217417758118872,0.2408323913255303,0.1192287472326314,0.1176470588235294,0.2156862745098039,0.388235294117647,9.918212890625e-05,0.1839509253408394,0.3601010271686878,0.2041387355506993,0.1490196078431372,0.3098039215686274,0.6431372549019608,0.0090255737304687,0.2044964539770986,0.4047235988584386,0.2141729145803036,0.1647058823529411,0.3568627450980392,0.7137254901960784,0.0122055053710937,0.1192686358431575,0.1589339852667324,0.3333333333333333,0.8081032947462155,0.0446225716897507,0.2046038836066986
ISPY1_1103,1,512.0,44.0,3.0,0.0,1.0,2.0,3.0,0.390625,7.0,39.0,116.0,388.0,115.0,336.0,45.43991088867188,50.15,,1.0,0.0,0.0,1.0,HER2pos,0.0,1.0,0.0,spy1,0,train,10,12,24,3,33.0,273.0,222.0,200.0,3.8381592379792684,10,0.2031875610351562,0.2382047047334558,0.2925050396796743,0.0949243211364595,0.1764705882352941,0.2823529411764706,0.4156862745098039,0.0,0.3291192686791513,0.4050357558453131,0.1951206128206898,0.192156862745098,0.3647058823529411,0.6784313725490196,0.0110458374023437,0.4042993762446384,0.4970173229355242,0.2379011405071427,0.2274509803921568,0.4431372549019607,0.8901960784313725,0.0424285888671875,0.1125307161656387,0.1742786751082352,0.3764705882352941,0.740032056744651,0.0919815670902111,0.1563254621322522
ISPY1_1104,1,256.0,60.0,6.0,0.0,2.0,5.0,4.0,0.859375,0.0,32.0,95.0,157.0,127.0,193.0,61.5723388671875,51.18,,0.0,1.0,0.0,1.0,HER2pos,0.0,1.0,0.0,spy1,0,train,10,12,24,0,33.0,63.0,67.0,220.0,4.136323309321046,10,0.5931625366210938,0.0888353115904565,0.2038005938427879,0.0981308143530274,0.1215686274509803,0.1764705882352941,0.3058823529411765,0.0,0.1434913904526654,0.3153311381373928,0.2493307781253831,0.1254901960784313,0.2078431372549019,0.7647058823529411,0.0206558227539062,0.143083101160386,0.3128113179448995,0.2275161106870657,0.1333333333333333,0.2196078431372549,0.6862745098039216,0.0113845825195312,0.1115305442946048,0.1941317844286077,0.4352941176470588,0.6994767932489452,-0.0025198201924933,0.4082137834036568
ISPY1_1107,0,256.0,58.0,3.0,0.0,1.0,2.0,2.5,0.703125,17.0,25.0,118.0,144.0,56.0,85.0,2.80316162109375,58.37,,1.0,0.0,1.0,0.0,HRposHER2neg,0.0,0.0,1.0,spy1,0,train,10,1,10,4,9.0,27.0,30.0,180.0,1.3358327263585694,10,0.4525711059570312,0.1702691650390624,0.2738416037721773,0.1742615952966429,0.1137254901960784,0.2117647058823529,0.5137254901960784,0.003265380859375,0.244625992120481,0.3707812897181071,0.2202603704808166,0.1294117647058823,0.3254901960784314,0.6823529411764706,0.0122024536132812,0.2360011500938266,0.3615876077019112,0.2182076811997047,0.1294117647058823,0.3098039215686274,0.6666666666666666,0.01387939453125,0.0969396859459297,0.1752691048461389,0.3254901960784314,0.7044232543489714,-0.0091936820161958,0.486078553251032
ISPY1_1112,1,256.0,56.0,3.0,0.0,1.0,2.0,2.5,0.703125,25.0,48.0,107.0,181.0,74.0,172.0,6.8534088134765625,46.06,,1.0,0.0,0.0,1.0,HER2pos,0.0,1.0,0.0,spy1,0,train,10,10,19,1,24.0,75.0,99.0,180.0,2.0609476812927596,10,0.5560989379882812,0.1548394835229013,0.2988340708643081,0.1665130018924073,0.1254901960784313,0.2549019607843137,0.5372549019607843,0.0011917114257812,0.2152194931927849,0.4029873964263532,0.2236955861983432,0.1411764705882353,0.3725490196078431,0.7176470588235294,0.0135894775390625,0.2295002776501225,0.4351425337163035,0.2403862217975962,0.1490196078431372,0.403921568627451,0.7764705882352941,0.0194656372070312,0.1041533255620451,0.1543805914234212,0.2745098039215686,0.7702971658388189,0.0321551372899502,0.3889795988518983
ISPY1_1114,0,512.0,44.0,3.0,0.0,1.0,2.0,3.0,0.390625,3.0,24.0,119.0,283.0,218.0,339.0,24.471588134765625,44.82,,0.0,1.0,1.0,0.0,HRposHER2neg,0.0,0.0,1.0,spy1,0,train,10,6,16,2,22.0,165.0,122.0,200.0,3.237563640198868,10,0.5342849731445313,0.140978214039522,0.2460165487572371,0.1098018412474255,0.1098039215686274,0.2352941176470588,0.392156862745098,0.0,0.2107788983513327,0.3722152999779451,0.251760940570444,0.0901960784313725,0.3176470588235294,0.7803921568627451,0.0116607666015625,0.2430623432234221,0.4414741816991793,0.3051655202380387,0.0901960784313725,0.3725490196078431,0.9725490196078432,0.0402679443359375,0.126198751220708,0.196633389384439,0.4705882352941176,0.7090045902670612,0.0692588817212341,0.3125247779405067
ISPY1_1117,0,256.0,60.0,3.0,0.0,1.0,2.0,2.6,0.859375,6.0,45.0,121.0,214.0,53.0,149.0,25.651497802734376,49.01,,0.0,1.0,1.0,0.0,HRposHER2neg,0.0,0.0,1.0,spy1,1,test,10,11,32,-1,40.0,94.0,97.0,220.0,3.282845351761784,10,0.7611724853515625,0.0820797968845741,0.2453891790682973,0.1720403343907945,0.1098039215686274,0.1803921568627451,0.5058823529411764,0.00147705078125,0.1150957593730851,0.3415852189148701,0.2668243497078649,0.1098039215686274,0.2431372549019607,0.8274509803921568,0.0151443481445312,0.123626391840916,0.3775921782096602,0.2951997569999805,0.1098039215686274,0.2509803921568627,1.0,0.0246078491210937,0.0961960398465728,0.1346598493441949,0.3019607843137254,0.7465978353927344,0.0360069592947901,0.285692380429088
ISPY1_1120,0,256.0,60.0,3.0,0.0,1.0,2.0,2.0,0.703125,14.0,41.0,163.0,212.0,38.0,112.0,1.36746826171875,41.09,,0.0,1.0,1.0,0.0,HRposHER2neg,0.0,0.0,1.0,spy1,0,train,10,0,10,0,28.0,50.0,75.0,180.0,0.8618211401672237,10,0.6371307373046875,0.1432186351102941,0.3213273737231321,0.1935683419751888,0.1254901960784313,0.2627450980392157,0.6431372549019608,1.983642578125e-05,0.1880863623525582,0.4147425651224284,0.2469563019875716,0.1490196078431372,0.3450980392156862,0.807843137254902,0.0101547241210937,0.1984720746208639,0.444891942900536,0.2592395140469171,0.1568627450980392,0.3803921568627451,0.8823529411764706,0.020281982421875,0.0934151913992963,0.1234061200147959,0.2470588235294117,0.7840040368361297,0.0301493777781075,0.3306841596232286
ISPY1_1122,0,256.0,64.0,3.0,0.0,1.0,2.0,2.5,0.703125,25.0,52.0,65.0,131.0,53.0,150.0,17.690322875976562,59.7,,1.0,0.0,0.0,1.0,HER2pos,0.0,1.0,0.0,spy1,0,train,10,12,21,1,28.0,67.0,98.0,180.0,2.928005896651404,10,0.41029052734375,0.1601925599341299,0.2468944202740609,0.1143494214653645,0.1294117647058823,0.2274509803921568,0.3725490196078431,0.0017333984375,0.2262702612783394,0.3380309113026071,0.2034038212552795,0.1294117647058823,0.3019607843137254,0.5843137254901961,0.0169097900390625,0.2439175774069393,0.3681641447073354,0.2193231894015169,0.1450980392156863,0.3254901960784314,0.6588235294117647,0.02532958984375,0.0911364910285462,0.1907692414187191,0.3098039215686274,0.7143311805253679,0.0301332334047283,0.2871074747976567
ISPY1_1124,0,256.0,60.0,6.0,0.0,2.0,5.0,4.0,0.78125,3.0,46.0,78.0,178.0,30.0,171.0,101.05712890625,47.6,,1.0,0.0,0.0,1.0,HER2pos,0.0,1.0,0.0,spy1,0,train,10,14,24,2,44.0,101.0,142.0,200.0,4.625532743810088,10,0.5788650512695312,0.0869764021331188,0.1875475720823302,0.06606851756929,0.1137254901960784,0.1725490196078431,0.2823529411764706,0.0,0.1674183205997242,0.333427239552862,0.2364881550796361,0.1215686274509803,0.2666666666666666,0.6901960784313725,0.01983642578125,0.1627786434397978,0.3215656578035478,0.2353566932062114,0.1019607843137254,0.2627450980392157,0.6549019607843137,0.015130615234375,0.1458796674705317,0.2139943987609486,0.4941176470588235,0.8246598670265766,-0.0118615817493141,0.5013025598289824
ISPY1_1125,1,256.0,60.0,6.0,0.0,2.0,5.0,4.0,0.78125,30.0,47.0,96.0,156.0,70.0,153.0,9.05029296875,44.85,,0.0,0.0,1.0,0.0,HRposHER2neg,0.0,0.0,1.0,spy1,1,test,10,5,16,-1,18.0,61.0,84.0,200.0,2.3076017851996022,10,0.7580642700195312,0.0752823175168505,0.2884165264604785,0.1405390372042978,0.1254901960784313,0.2627450980392157,0.4745098039215686,0.0004165649414062,0.1121617335899203,0.3921535732327682,0.2482896489782337,0.1098039215686274,0.3490196078431372,0.7607843137254902,0.0099044799804687,0.1167926085229013,0.4095196755502049,0.2552610961888917,0.1176470588235294,0.3647058823529411,0.796078431372549,0.0110748291015625,0.1037370467722896,0.1895371740949535,0.3803921568627451,0.6885560215698022,0.0173661023174367,0.3971744820409321
ISPY1_1127,0,256.0,60.0,3.0,0.0,1.0,2.0,2.0,0.78125,19.0,48.0,123.0,190.0,54.0,129.0,4.39453125,47.61,,0.0,0.0,1.0,0.0,HRposHER2neg,0.0,0.0,1.0,spy1,1,test,10,9,22,-1,30.0,68.0,76.0,200.0,1.6853857089297297,10,0.6447998046875,0.1367799227845434,0.2994442041027009,0.2108347435897199,0.1176470588235294,0.2274509803921568,0.5843137254901961,0.0083389282226562,0.1848168765797334,0.4023946460844287,0.2717334102270572,0.1058823529411764,0.3333333333333333,0.8470588235294118,0.0261016845703125,0.1844741821289062,0.4033094384224238,0.2697848035802515,0.1176470588235294,0.3333333333333333,0.8823529411764706,0.0305572509765625,0.1029504419817277,0.1409608206753157,0.2745098039215686,0.7281857859646711,0.000914792337995,0.4531668843219465
ISPY1_1128,0,256.0,60.0,3.0,0.0,1.0,2.0,2.0,0.78125,26.0,39.0,120.0,146.0,95.0,124.0,2.257080078125,33.18,,1.0,0.0,1.0,1.0,HER2pos,0.0,1.0,0.0,spy1,0,train,10,3,12,3,14.0,27.0,30.0,200.0,1.1808311124594624,10,0.8457504272460937,0.0921244482900582,0.3990888246602344,0.2825535829703666,0.1098039215686274,0.2784313725490196,0.8392156862745098,0.00177001953125,0.1191036329082414,0.4932162864057473,0.3210909362866185,0.1176470588235294,0.388235294117647,0.9647058823529412,0.012005615234375,0.1239275045955882,0.5331985656591871,0.3397500764904367,0.1254901960784313,0.4313725490196078,1.0,0.023077392578125,0.0941274617455129,0.1289285801880687,0.2470588235294117,0.7856443332113286,0.0399822792534398,0.2181246228570863
ISPY1_1130,1,256.0,58.0,3.0,0.0,1.0,2.0,2.5,0.703125,17.0,25.0,78.0,102.0,98.0,124.0,1.208770751953125,39.08,,1.0,0.0,1.0,0.0,HRposHER2neg,0.0,0.0,1.0,spy1,0,train,10,1,10,4,9.0,25.0,27.0,180.0,0.7924361399457769,10,0.5451400756835938,0.159829376819087,0.2994370236244328,0.1539756045060252,0.1254901960784313,0.2666666666666666,0.5137254901960784,0.0001312255859375,0.2627962299421721,0.4689612744160721,0.2482824967230706,0.1529411764705882,0.4588235294117647,0.8470588235294118,0.0241043090820312,0.2568162446863511,0.4573283324608051,0.2294984753358914,0.1529411764705882,0.4588235294117647,0.7607843137254902,0.008343505859375,0.1695242507916392,0.2205529101388224,0.5333333333333333,0.8108434502863162,-0.0116329419552669,0.4768213031328728
ISPY1_1134,0,256.0,60.0,3.0,0.0,1.0,2.0,2.0,0.78125,23.0,44.0,95.0,157.0,102.0,152.0,10.845947265625,43.06,,1.0,0.0,1.0,0.0,HRposHER2neg,0.0,0.0,1.0,spy1,0,train,10,8,17,0,22.0,63.0,51.0,200.0,2.4719858061839663,10,0.7282852172851563,0.1100842045802696,0.3068413887785011,0.20242289030084,0.1215686274509803,0.2313725490196078,0.6235294117647059,0.0024642944335937,0.1514715157303155,0.4129845982341699,0.2723650893158412,0.1333333333333333,0.3294117647058823,0.8901960784313725,0.0172576904296875,0.1572726440429687,0.4320848667875481,0.2946274596160024,0.1333333333333333,0.3294117647058823,1.0,0.0272369384765625,0.1061432094556687,0.1300833580310652,0.2784313725490196,0.7981816241836122,0.0191002685533783,0.3560770703820386
ISPY1_1135,0,256.0,60.0,3.0,0.0,1.0,2.0,2.0,0.78125,5.0,33.0,118.0,178.0,103.0,160.0,6.024169921875,58.89,,1.0,0.0,0.0,0.0,TripleNeg,1.0,0.0,0.0,spy1,0,train,10,10,19,1,29.0,61.0,58.0,200.0,1.9493570476511086,10,0.5705490112304688,0.1396782549689797,0.2633151951466155,0.1702796226571136,0.1215686274509803,0.2078431372549019,0.5254901960784314,0.0013656616210937,0.184929079541973,0.3488678977782375,0.2515705358357201,0.1215686274509803,0.2549019607843137,0.792156862745098,0.018475341796875,0.1916166597254135,0.357263742889897,0.2594776824746094,0.1215686274509803,0.2549019607843137,0.8156862745098039,0.0217239379882812,0.085552702631622,0.1523357867182369,0.2823529411764706,0.6744905754232621,0.0083958451116594,0.4198937625468564
ISPY1_1137,0,256.0,60.0,3.0,0.0,1.0,2.0,2.0,0.859375,6.0,43.0,104.0,206.0,72.0,142.0,14.34659423828125,29.38,,1.0,0.0,1.0,1.0,HER2pos,0.0,1.0,0.0,spy1,1,test,10,11,27,-1,38.0,103.0,71.0,220.0,2.7308935756879835,10,0.7264801025390625,0.1120215681487438,0.2937234862481259,0.2108939393937758,0.1058823529411764,0.2274509803921568,0.592156862745098,0.0054244995117187,0.1580413339652267,0.4128987960341957,0.2640336046505093,0.1215686274509803,0.3490196078431372,0.8470588235294118,0.018206787109375,0.1558289890663296,0.4132653697448051,0.2695162807275491,0.1215686274509803,0.3490196078431372,0.8784313725490196,0.02099609375,0.1191753097860698,0.1291897587071684,0.2862745098039215,0.8009472591964475,0.0003665737106093,0.4430472960157095
ISPY1_1139,1,256.0,64.0,3.0,0.0,2.0,2.0,2.5,0.78125,13.0,46.0,73.0,211.0,36.0,182.0,94.5159912109375,46.26,,1.0,0.0,0.0,0.0,TripleNeg,1.0,0.0,0.0,spy1,0,train,10,3,14,2,34.0,139.0,147.0,200.0,4.559293680703909,10,0.7109695434570312,0.079208942488128,0.1831378490821624,0.0771643103209484,0.1137254901960784,0.1607843137254902,0.2901960784313726,0.0,0.1820895744772518,0.455999082436706,0.2921990955782735,0.1490196078431372,0.3568627450980392,0.9686274509803922,0.0257598876953125,0.1820895744772518,0.455999082436706,0.2921990955782735,0.1490196078431372,0.3568627450980392,0.9686274509803922,0.0257598876953125,0.2728612333545437,0.2487502987609555,0.6705882352941176,0.9410829958979828,0.0,0.0
ISPY1_1140,0,256.0,60.0,3.0,0.0,1.0,2.0,2.6,0.859375,12.0,56.0,74.0,213.0,37.0,142.0,39.32307983398437,35.12,,1.0,0.0,1.0,0.0,HRposHER2neg,0.0,0.0,1.0,spy1,0,train,10,27,41,3,45.0,140.0,106.0,220.0,3.696924005617383,10,0.717608642578125,0.1006953579771752,0.2970892733863165,0.207205049382011,0.1137254901960784,0.2039215686274509,0.6313725490196078,0.0010971069335937,0.138943696863511,0.4079252268482554,0.2878473490484164,0.1254901960784313,0.2901960784313726,0.9098039215686274,0.0205535888671875,0.148477507946538,0.4439811206649214,0.3051536177298166,0.1254901960784313,0.3294117647058823,1.0,0.0305679321289062,0.1108359534619389,0.1469156519848415,0.3529411764705882,0.78889921542352,0.036055893816666,0.26461624916247
ISPY1_1141,0,256.0,50.0,4.0,0.0,2.0,3.0,3.0,0.78125,11.0,32.0,71.0,179.0,77.0,161.0,38.558349609375,49.15,,0.0,1.0,0.0,1.0,HER2pos,0.0,1.0,0.0,spy1,0,train,10,6,15,4,22.0,109.0,85.0,200.0,3.6777767872132574,10,0.6324615478515625,0.0987790754729626,0.2290613519456024,0.1183927238868903,0.1176470588235294,0.196078431372549,0.4078431372549019,8.544921875e-05,0.1670550118240655,0.384293390707053,0.2502438907896649,0.1568627450980392,0.3019607843137254,0.8509803921568627,0.0261642456054687,0.1714388858570772,0.3917936532357784,0.2511008919962557,0.1686274509803921,0.3058823529411765,0.8705882352941177,0.0263656616210937,0.1552320387614505,0.1688821011698112,0.4549019607843137,0.8945904429775398,0.0075002625287255,0.4080998048739984
ISPY1_1142,0,256.0,62.0,3.0,0.0,1.0,2.0,2.5,0.703125,18.0,57.0,45.0,205.0,42.0,191.0,39.76336669921875,28.76,,1.0,0.0,1.0,,,,,,spy1,1,test,10,23,32,-1,40.0,161.0,150.0,180.0,3.707783803059747,10,0.5093475341796875,0.1338889567057291,0.236574078308684,0.1037356341135133,0.1254901960784313,0.2196078431372549,0.3607843137254902,0.0002349853515625,0.2373515768612132,0.415862684973353,0.2180903427926983,0.1843137254901961,0.3686274509803922,0.7372549019607844,0.0204086303710937,0.259954008214614,0.4625312224568264,0.2414775301811866,0.2,0.403921568627451,0.8666666666666667,0.030914306640625,0.179288606664669,0.1726786881884249,0.4117647058823529,0.9181692655043944,0.0466685374834733,0.2529777269136755
ISPY1_1144,1,256.0,66.0,3.0,0.0,1.0,2.0,2.5,0.78125,30.0,55.0,63.0,125.0,128.0,188.0,30.5389404296875,56.28,,1.0,0.0,0.0,,,,,,spy1,0,train,10,9,18,4,26.0,63.0,61.0,200.0,3.4512229864774806,10,0.6821075439453125,0.0994284656001072,0.2369097171830226,0.1572790265427962,0.1098039215686274,0.1803921568627451,0.4196078431372549,0.002642822265625,0.1513011438706341,0.3458048981302083,0.226973702467766,0.1294117647058823,0.2745098039215686,0.6823529411764706,0.010870361328125,0.1674874578737745,0.3854523571406924,0.2547986442729112,0.1215686274509803,0.3176470588235294,0.803921568627451,0.0183746337890625,0.1088951809471856,0.1505252749774277,0.3137254901960784,0.7886422763447157,0.0396474590104841,0.3065558190213791
ISPY1_1145,1,256.0,66.0,3.0,0.0,1.0,2.0,2.5,0.78125,4.0,51.0,44.0,195.0,29.0,165.0,172.57843017578125,39.37,,0.0,1.0,0.0,1.0,HER2pos,0.0,1.0,0.0,spy1,1,test,10,15,29,-1,48.0,152.0,137.0,200.0,5.1566295443670525,10,0.5314193725585937,0.1134888892080269,0.2009762131295015,0.1040006625301691,0.1058823529411764,0.1686274509803921,0.3294117647058823,5.79833984375e-05,0.2072044941023284,0.3705884970819278,0.2470843601779573,0.1372549019607843,0.2941176470588235,0.7843137254901961,0.023114013671875,0.2184025065104166,0.3920992438865682,0.2629926607642402,0.1450980392156863,0.2862745098039215,0.8627450980392157,0.0287765502929687,0.1696122839524264,0.2073915538301676,0.5137254901960784,0.8439540328699497,0.0215107468046403,0.3557274926812748
ISPY1_1147,0,256.0,60.0,3.0,0.0,1.0,2.0,2.0,0.78125,14.0,45.0,71.0,148.0,91.0,167.0,43.172607421875,59.3,,1.0,0.0,0.0,0.0,TripleNeg,1.0,0.0,0.0,spy1,0,train,10,17,26,0,32.0,78.0,77.0,200.0,3.7881048553779166,10,0.7207778930664063,0.0991034414253982,0.2622616927158423,0.1755396341737458,0.1019607843137254,0.1725490196078431,0.5529411764705883,0.0,0.1487302234126072,0.3973283589110404,0.2949111085045036,0.1019607843137254,0.2862745098039215,0.9294117647058824,0.0213714599609375,0.156026138604856,0.4213111948825084,0.3104193106995582,0.1137254901960784,0.2980392156862745,0.9882352941176472,0.0274063110351562,0.135066666195198,0.1684724647359325,0.4235294117647059,0.7662398697203687,0.023982835971468,0.329945188561186
ISPY1_1148,1,256.0,64.0,4.0,0.0,2.0,3.0,2.0,0.703125,9.0,27.0,101.0,172.0,123.0,182.0,5.6953125,50.81,,1.0,0.0,0.0,1.0,HER2pos,0.0,1.0,0.0,spy1,0,train,10,8,17,1,19.0,72.0,60.0,180.0,1.9014076546781626,10,0.2936355590820312,0.2521618353151807,0.3336794883899084,0.1647072170977146,0.1215686274509803,0.3215686274509804,0.5450980392156862,0.00064697265625,0.3585861325731465,0.4725258463134067,0.2583615831674556,0.0784313725490196,0.4784313725490196,0.8117647058823529,0.0308609008789062,0.1225068634631587,0.1536472948344901,0.1170166092350866,0.0313725490196078,0.1333333333333333,0.2901960784313726,0.0001846313476562,0.1388463579234983,0.1648994742555468,0.3568627450980392,0.7596511730892611,-0.3188785514789166,0.9328527638505756
ISPY1_1149,0,256.0,64.0,3.0,0.0,1.0,2.0,2.0,0.703125,26.0,44.0,58.0,108.0,122.0,165.0,9.903515625,59.18,,1.0,0.0,0.0,0.0,TripleNeg,1.0,0.0,0.0,spy1,1,test,10,2,17,-1,19.0,51.0,44.0,180.0,2.3890852716357287,10,0.4418701171875,0.1394543516869638,0.2203366937956671,0.0849933802260528,0.1294117647058823,0.2039215686274509,0.3411764705882353,9.1552734375e-06,0.2360692820829503,0.3701730878257431,0.1832813670794909,0.192156862745098,0.3254901960784314,0.6078431372549019,0.0110916137695312,0.259489823883655,0.4110561719548062,0.2178930019055781,0.192156862745098,0.3529411764705882,0.7411764705882353,0.0203567504882812,0.149836394030076,0.1389896369932849,0.3254901960784314,0.9402530510476356,0.040883084129063,0.2886165303355059
ISPY1_1151,0,256.0,64.0,3.0,0.0,1.0,2.0,2.3,0.78125,14.0,44.0,64.0,217.0,53.0,203.0,45.91577148437499,50.15,,0.0,1.0,1.0,1.0,HER2pos,0.0,1.0,0.0,spy1,1,test,10,4,13,-1,31.0,154.0,151.0,200.0,3.84835389790767,10,0.483062744140625,0.1333974741019454,0.2209017477939874,0.1051918765942572,0.1137254901960784,0.192156862745098,0.3647058823529411,1.373291015625e-05,0.2343007525275735,0.3943176496054469,0.2460327967456211,0.1607843137254902,0.3058823529411765,0.807843137254902,0.02828369140625,0.2702407059015012,0.4563503297298611,0.2588655166009873,0.192156862745098,0.3686274509803922,0.9215686274509804,0.039630126953125,0.1734159018114595,0.1825328055754728,0.4784313725490196,0.9357695259460416,0.0620326801244141,0.1184337918413129
ISPY1_1152,0,256.0,60.0,3.0,0.0,1.0,2.0,2.6,0.9375,16.0,37.0,97.0,170.0,33.0,114.0,4.84224609375,51.29,,1.0,0.0,1.0,1.0,HER2pos,0.0,1.0,0.0,spy1,0,train,10,6,20,2,22.0,74.0,82.0,240.0,1.7651153279927327,10,0.78934326171875,0.0870526242723652,0.3325544223600085,0.2447883495087851,0.1058823529411764,0.2274509803921568,0.7372549019607844,0.0041610717773437,0.1156989363128063,0.3895174109511684,0.2738196112325117,0.1215686274509803,0.2980392156862745,0.8588235294117647,0.0137649536132812,0.1150490435431985,0.4078196741987054,0.2937607509849536,0.1215686274509803,0.2980392156862745,0.9647058823529412,0.0197235107421875,0.0569629885911599,0.0940473569775621,0.1764705882352941,0.6551182128991134,0.0183022632475369,0.3004143246218925
ISPY1_1155,1,256.0,64.0,3.0,0.0,1.0,2.0,2.0,0.703125,22.0,49.0,85.0,159.0,115.0,177.0,32.609619140625,42.65,,1.0,0.0,0.0,0.0,TripleNeg,1.0,0.0,0.0,spy1,0,train,10,12,23,3,28.0,75.0,63.0,180.0,3.5148123099449013,10,0.6257492065429687,0.1008038808785232,0.198612887538684,0.0984486421360943,0.1098039215686274,0.1686274509803921,0.3294117647058823,0.0001358032226562,0.1912189019895067,0.3862976376717712,0.2620302720303461,0.1490196078431372,0.2823529411764706,0.8745098039215686,0.0248367309570312,0.1986079436657475,0.40543558457105,0.2670913078847353,0.1450980392156863,0.3098039215686274,0.8823529411764706,0.025323486328125,0.1876847501330871,0.2093761295026296,0.5764705882352941,0.929852529263788,0.0191379468992788,0.3470842218136006
ISPY1_1156,1,512.0,44.0,4.0,0.0,1.0,2.0,3.0,0.390625,8.0,36.0,190.0,359.0,182.0,352.0,38.38531494140625,65.39,,1.0,0.0,0.0,1.0,HER2pos,0.0,1.0,0.0,spy1,0,train,10,6,17,4,29.0,170.0,171.0,200.0,3.673393029604368,10,0.10133056640625,0.3499896718941483,0.3856608641364694,0.2031173492539681,0.1725490196078431,0.3294117647058823,0.7019607843137254,0.0017333984375,0.3749535654105392,0.4123668189344769,0.1890453245829519,0.1843137254901961,0.392156862745098,0.6823529411764706,0.0003524780273437,0.4966510667987898,0.5464681765070771,0.2222083685859709,0.2666666666666666,0.5254901960784314,0.8666666666666667,0.0497039794921875,0.0267059547980074,0.0987836401756821,0.1568627450980392,0.5824056968988984,0.1341013575726002,0.1944504815332998
ISPY1_1159,0,256.0,64.0,3.0,0.0,1.0,2.0,2.0,0.703125,26.0,56.0,102.0,189.0,65.0,157.0,14.22344970703125,55.95,,0.0,1.0,,,,,,,spy1,0,train,10,21,30,0,31.0,88.0,93.0,180.0,2.722836982929046,10,0.53929443359375,0.1339328062768076,0.2446732528362819,0.1374545097437225,0.1254901960784313,0.2078431372549019,0.4078431372549019,0.0018875122070312,0.2058081653071385,0.3819562747332047,0.2348461080012365,0.1764705882352941,0.3098039215686274,0.788235294117647,0.0310836791992187,0.2118569886450674,0.3964055837750695,0.2493082195407741,0.1686274509803921,0.3137254901960784,0.8705882352941177,0.035748291015625,0.1372830218969228,0.1628608565616814,0.3568627450980392,0.8732081820831457,0.0144493090418648,0.4204148008796799
ISPY1_1161,0,256.0,60.0,4.0,0.0,2.0,3.0,2.5,0.703125,6.0,31.0,89.0,170.0,91.0,186.0,42.43798828125,56.83,,1.0,0.0,0.0,1.0,HER2pos,0.0,1.0,0.0,spy1,0,train,10,8,17,1,26.0,82.0,96.0,180.0,3.7713343642690256,10,0.5393661499023438,0.1446191884957108,0.2688773027106967,0.1730001791460467,0.1215686274509803,0.2078431372549019,0.5098039215686274,0.0027008056640625,0.232046095904182,0.4323765675489192,0.2740447604402847,0.1372549019607843,0.3372549019607843,0.8705882352941177,0.023895263671875,0.2427636718749999,0.4488829678439062,0.2797493755558004,0.1450980392156863,0.3529411764705882,0.8941176470588236,0.0285995483398437,0.1634992648382225,0.1827685508515964,0.4509803921568627,0.8495069249141218,0.016506400294987,0.400584998724663
ISPY1_1163,1,256.0,56.0,3.0,0.0,1.0,2.0,2.5,0.703125,27.0,45.0,95.0,141.0,109.0,170.0,8.0386962890625,38.85,,1.0,0.0,0.0,0.0,TripleNeg,1.0,0.0,0.0,spy1,1,test,10,8,17,-1,19.0,47.0,62.0,180.0,2.201514948192315,10,0.5287811279296875,0.1600721471449908,0.2983723645083677,0.1566395630107967,0.1294117647058823,0.2705882352941176,0.4901960784313725,0.0027114868164062,0.2282985492781096,0.4129033294437398,0.2134505901341028,0.1647058823529411,0.3843137254901961,0.6980392156862745,0.016436767578125,0.2364891321518842,0.4351664836157701,0.2279052691624953,0.1647058823529411,0.4,0.7607843137254902,0.0207672119140625,0.1145309649353721,0.1519299062115293,0.2901960784313726,0.810185934757689,0.0222631541720302,0.3681553536387127
ISPY1_1164,0,256.0,64.0,3.0,0.0,1.0,2.0,2.0,0.78125,33.0,46.0,56.0,103.0,91.0,138.0,9.781494140625,60.11,,1.0,0.0,1.0,0.0,HRposHER2neg,0.0,0.0,1.0,spy1,0,train,10,4,13,2,14.0,48.0,48.0,200.0,2.3778311589027767,10,0.318218994140625,0.2388465671913296,0.3315436961424141,0.1340077286287849,0.1686274509803921,0.3137254901960784,0.5019607843137255,0.0004440307617187,0.2964118149701287,0.412879496802884,0.1743241526903577,0.2196078431372549,0.396078431372549,0.6039215686274509,0.0192901611328125,0.309035997577742,0.4315970764911785,0.1832310851013497,0.2196078431372549,0.4078431372549019,0.6431372549019608,0.0204742431640625,0.0813358006604699,0.0966199307078524,0.1725490196078431,0.8506485949347824,0.0187175796882945,0.3440843128653661
ISPY1_1165,0,256.0,60.0,6.0,0.0,2.0,5.0,4.0,0.78125,1.0,38.0,65.0,173.0,57.0,158.0,273.41552734375,39.66,,1.0,0.0,0.0,0.0,TripleNeg,1.0,0.0,0.0,spy1,1,test,10,17,26,-1,38.0,109.0,102.0,200.0,5.614643480780474,10,0.6610992431640625,0.0698284971947763,0.1801449819646546,0.0608565098264579,0.1098039215686274,0.1725490196078431,0.2509803921568627,0.0,0.1595200901405484,0.3868792840456098,0.283528679815975,0.1098039215686274,0.2745098039215686,0.8549019607843137,0.0113815307617187,0.1494189393286611,0.3669906831360472,0.2541325355576668,0.1098039215686274,0.2784313725490196,0.7686274509803922,0.0050674438476562,0.2067343020809552,0.2631952520952291,0.6392156862745098,0.7692996911329029,-0.0198886009095626,0.4958352468685559
ISPY1_1166,0,256.0,104.0,3.0,0.0,1.0,2.0,3.0,0.859375,55.0,84.0,129.0,174.0,35.0,98.0,9.15919189453125,54.43,,1.0,0.0,1.0,0.0,HRposHER2neg,0.0,0.0,1.0,spy1,1,test,10,12,21,-1,30.0,46.0,64.0,220.0,2.3183789010471885,10,0.6343032836914062,0.1197097838158701,0.2859923652599446,0.1651905548223279,0.1176470588235294,0.2470588235294117,0.5098039215686274,0.0013992309570312,0.1545690977807138,0.3589616727344188,0.2452248596396872,0.1176470588235294,0.2901960784313726,0.7372549019607844,0.02034912109375,0.1630873975566789,0.380397212981987,0.2535113881248195,0.1176470588235294,0.3176470588235294,0.807843137254902,0.0237258911132812,0.0729693074744741,0.146325160420989,0.2392156862745098,0.68059733876318,0.0214355402475682,0.3059713013690056
ISPY1_1167,0,256.0,80.0,4.0,0.0,2.0,3.0,3.0,0.78125,3.0,71.0,88.0,199.0,43.0,160.0,84.43359375,50.63,,1.0,0.0,1.0,1.0,HER2pos,0.0,1.0,0.0,spy1,0,train,10,21,34,3,69.0,112.0,118.0,200.0,4.44773939288299,10,0.4843368530273437,0.1431598379097732,0.2554462772251779,0.1445166243964663,0.1254901960784313,0.2117647058823529,0.4470588235294118,0.0008468627929687,0.2091063555549172,0.3591514456320338,0.2327826142491319,0.1411764705882353,0.2901960784313726,0.7019607843137254,0.0253494262695312,0.2113863776711856,0.3612227537895568,0.2351332911515459,0.1411764705882353,0.2901960784313726,0.7215686274509804,0.0277191162109375,0.1037051684068558,0.1534221500469011,0.3058823529411765,0.7696489073665833,0.002071308157523,0.451552767462161
ISPY1_1169,0,512.0,44.0,3.0,0.0,1.0,2.0,3.0,0.390625,13.0,35.0,208.0,350.0,142.0,348.0,13.320465087890623,44.15,,1.0,0.0,0.0,0.0,TripleNeg,1.0,0.0,0.0,spy1,0,train,10,7,20,3,23.0,143.0,207.0,200.0,2.6616896392097464,10,0.1685668945312499,0.4267348225911458,0.507248001460131,0.2053534260286076,0.2196078431372549,0.5176470588235295,0.7686274509803922,0.0009353637695312,0.4761722878848805,0.5653988688015325,0.2196510084583121,0.2392156862745098,0.592156862745098,0.8274509803921568,0.0242523193359375,0.5156221098058363,0.6122101868892791,0.2182438873915326,0.2705882352941176,0.6549019607843137,0.8627450980392157,0.0187103271484375,0.0581508673414014,0.1410398833075821,0.1607843137254902,0.655729250781812,0.0468113180877466,0.2103459793572257
ISPY1_1173,0,256.0,60.0,4.0,0.0,2.0,3.0,2.0,0.78125,15.0,48.0,56.0,190.0,35.0,168.0,78.896484375,43.96,,0.0,1.0,,,,,,,spy1,0,train,10,15,24,0,34.0,135.0,134.0,200.0,4.380731851491296,10,0.7768844604492188,0.0741865210439644,0.200858330078121,0.0880732307672933,0.1098039215686274,0.1843137254901961,0.3019607843137254,9.1552734375e-06,0.1734116498161764,0.4779756294226132,0.3468618456388912,0.0784313725490196,0.4078431372549019,1.0,0.0302719116210937,0.174450091193704,0.4781573849200331,0.3501214069413189,0.0784313725490196,0.403921568627451,1.0,0.030767822265625,0.2771172993444921,0.3146246568315526,0.7333333333333333,0.7497555070749071,0.0001817554974199,0.4408737459051709
ISPY1_1174,0,256.0,62.0,3.0,0.0,1.0,2.0,2.5,0.703125,10.0,53.0,84.0,202.0,28.0,150.0,75.90165710449219,49.1,,1.0,0.0,1.0,0.0,HRposHER2neg,0.0,0.0,1.0,spy1,1,test,10,23,32,-1,44.0,119.0,123.0,180.0,4.342527425102471,10,0.5987274169921875,0.1082363712086397,0.2133034613049716,0.1036992292384413,0.1137254901960784,0.1764705882352941,0.3490196078431372,0.000177001953125,0.1886750344669117,0.3691911155171558,0.2622816794175315,0.1254901960784313,0.2823529411764706,0.8862745098039215,0.0337615966796875,0.1964773798923866,0.3888643037164519,0.2704595336763304,0.1372549019607843,0.2941176470588235,0.9607843137254902,0.037078857421875,0.1558876542121841,0.2147569598747891,0.5725490196078431,0.8208633421807148,0.0196731881992961,0.3407205165451102
ISPY1_1175,0,256.0,64.0,3.0,0.0,1.0,2.0,2.0,0.78125,17.0,43.0,79.0,159.0,78.0,142.0,42.501220703125,64.33,,1.0,0.0,1.0,0.0,HRposHER2neg,0.0,0.0,1.0,spy1,1,test,10,8,22,-1,27.0,81.0,65.0,200.0,3.7727889998417083,10,0.5857177734375,0.0976496139227175,0.1763474253511882,0.0645809102503059,0.1137254901960784,0.1568627450980392,0.2705882352941176,0.0,0.1708306884765625,0.3040000855077135,0.2213608477681208,0.1450980392156863,0.2352941176470588,0.615686274509804,0.0219741821289062,0.1866157980526195,0.3381524296323515,0.2280237639266073,0.1607843137254902,0.2666666666666666,0.7019607843137254,0.0254638671875,0.1276526601565253,0.1896975818583593,0.3803921568627451,0.8692505451116742,0.0341523441246379,0.2507255878366433
ISPY1_1176,1,256.0,58.0,3.0,0.0,1.0,2.0,2.5,0.703125,27.0,47.0,81.0,153.0,32.0,134.0,10.637924194335938,47.58,,1.0,0.0,0.0,1.0,HER2pos,0.0,1.0,0.0,spy1,0,train,10,8,17,1,21.0,73.0,103.0,180.0,2.4542690925799886,10,0.411309814453125,0.1698869952033548,0.262689019579382,0.1451951652667063,0.1176470588235294,0.2274509803921568,0.4352941176470588,0.0034927368164062,0.2336301018210018,0.3541781451152378,0.1967147423088771,0.1450980392156863,0.3176470588235294,0.6078431372549019,0.0126373291015625,0.2699522130629596,0.4096098679386322,0.2109229321072598,0.1725490196078431,0.3725490196078431,0.6980392156862745,0.0172271728515625,0.0914891255358557,0.1337580662448154,0.2274509803921568,0.7850385169671646,0.0554317228233944,0.2511767633306031
ISPY1_1177,1,256.0,60.0,3.0,0.0,1.0,2.0,2.0,0.859375,4.0,23.0,97.0,131.0,105.0,135.0,2.5021240234375,40.79,,1.0,0.0,0.0,1.0,HER2pos,0.0,1.0,0.0,spy1,0,train,10,7,16,2,20.0,35.0,31.0,220.0,1.2533696482672596,10,0.7639633178710937,0.0903439390893076,0.234940162671744,0.1435457606860017,0.1019607843137254,0.188235294117647,0.4392156862745098,9.46044921875e-05,0.1254587210860906,0.3338517676010018,0.2499069213843855,0.0627450980392156,0.2745098039215686,0.6980392156862745,0.0030502319335937,0.1227139342064951,0.3323869182682673,0.2512332974264025,0.0627450980392156,0.2627450980392157,0.6862745098039216,0.0056793212890625,0.0989116049292578,0.1540165496240017,0.3137254901960784,0.6570344368377842,-0.0014648493327345,0.464900542378579
ISPY1_1179,0,512.0,44.0,3.0,0.0,1.0,2.0,3.0,0.390625,9.0,24.0,112.0,206.0,254.0,346.0,6.97998046875,49.61,,1.0,0.0,0.0,0.0,TripleNeg,1.0,0.0,0.0,spy1,0,train,10,3,14,4,16.0,95.0,93.0,200.0,2.0769359639336598,10,0.3943969726562499,0.180087142645144,0.2634495690195209,0.1352266263304544,0.1176470588235294,0.2313725490196078,0.4509803921568627,0.00072021484375,0.2566368551815257,0.3453558785389546,0.2256944271817096,0.0941176470588235,0.3019607843137254,0.6431372549019608,0.0201934814453125,0.2938703110638787,0.3933893732454179,0.23686975528621,0.1176470588235294,0.3568627450980392,0.7215686274509804,0.0265182495117187,0.0819063095194337,0.2005346689750588,0.3490196078431372,0.6247656769668017,0.0480334947064633,0.3004726774304085
ISPY1_1180,0,256.0,52.0,4.0,0.0,2.0,3.0,3.0,0.78125,33.0,42.0,120.0,181.0,62.0,113.0,6.6778564453125,31.45,,1.0,0.0,1.0,0.0,HRposHER2neg,0.0,0.0,1.0,spy1,1,test,10,1,10,-1,10.0,62.0,52.0,200.0,2.0383403995182348,10,0.6993255615234375,0.0872316248276654,0.2471893965401435,0.1425821719368165,0.1176470588235294,0.196078431372549,0.4862745098039215,1.983642578125e-05,0.1302510818780637,0.3611727490285635,0.2378739092585247,0.1294117647058823,0.2862745098039215,0.7372549019607844,0.0112197875976562,0.1345029703776041,0.3736083307212761,0.2453588444899535,0.1333333333333333,0.2941176470588235,0.7764705882352941,0.0132110595703125,0.1139833524884198,0.147764105642461,0.3254901960784314,0.7990307028672926,0.0124355816927126,0.3906318193351941
ISPY1_1181,0,256.0,64.0,3.0,0.0,1.0,2.0,2.0,0.703125,17.0,50.0,25.0,196.0,41.0,156.0,57.534521484375,34.71,,1.0,0.0,1.0,0.0,HRposHER2neg,0.0,0.0,1.0,spy1,0,train,10,8,25,2,34.0,172.0,116.0,180.0,4.069616691034891,10,0.5576583862304687,0.1134171609317555,0.2014003408830425,0.0801321817035823,0.1137254901960784,0.1843137254901961,0.3176470588235294,0.0,0.1958983417585784,0.3424705383182963,0.2294142677496496,0.1215686274509803,0.2823529411764706,0.7098039215686275,0.0152206420898437,0.198970157398897,0.3493297425561277,0.2422318603819505,0.1215686274509803,0.2823529411764706,0.7803921568627451,0.0191238403320312,0.1410701974352538,0.1787725099643137,0.4274509803921568,0.8375814524669447,0.0068592042378313,0.4568478714560199
ISPY1_1182,1,256.0,60.0,6.0,0.0,2.0,5.0,3.0,0.9375,3.0,45.0,94.0,165.0,72.0,153.0,44.61591796875,42.24,,1.0,0.0,0.0,1.0,HER2pos,0.0,1.0,0.0,spy1,1,test,10,19,28,-1,43.0,72.0,82.0,240.0,3.8202567338687605,10,0.5305282592773437,0.1277253693225337,0.2509585329420598,0.1319467011249757,0.1333333333333333,0.2196078431372549,0.392156862745098,0.0010467529296875,0.1692333146637561,0.3218356667567164,0.1956303117109966,0.1529411764705882,0.2705882352941176,0.5450980392156862,0.0173904418945312,0.174046355602788,0.3309086684405132,0.1984293050932971,0.1529411764705882,0.2784313725490196,0.5490196078431373,0.0180084228515625,0.0708771338146566,0.1242859249144833,0.2156862745098039,0.7550906319371541,0.0090730016837968,0.411326310725998
ISPY1_1183,0,512.0,44.0,3.0,0.0,1.0,2.0,3.0,0.390625,9.0,30.0,191.0,418.0,95.0,310.0,14.676361083984377,53.78,,1.0,0.0,1.0,0.0,HRposHER2neg,0.0,0.0,1.0,spy1,0,train,10,4,13,0,22.0,228.0,216.0,200.0,2.7521539142635016,10,0.3012100219726562,0.2175903499827665,0.2914258914093217,0.1042263590592719,0.1411764705882353,0.2980392156862745,0.4235294117647059,2.44140625e-05,0.2806966205671721,0.3795531400640412,0.2016750563541498,0.1686274509803921,0.3411764705882353,0.6549019607843137,0.011907958984375,0.3377497055951287,0.4579153566662723,0.2324517322878567,0.2196078431372549,0.4078431372549019,0.8980392156862745,0.0530120849609375,0.0881272486547194,0.1492653524576715,0.2980392156862745,0.7660008865422451,0.0783622166022311,0.0939385403496819
ISPY1_1184,1,256.0,60.0,6.0,0.0,2.0,5.0,4.0,0.78125,32.0,51.0,133.0,177.0,105.0,156.0,27.71240234375,49.1,,1.0,0.0,0.0,0.0,TripleNeg,1.0,0.0,0.0,spy1,0,train,10,6,15,1,20.0,45.0,52.0,200.0,3.357329166833986,10,0.7263641357421875,0.0704011505725337,0.217678723527553,0.0979210976439656,0.1137254901960784,0.2039215686274509,0.3215686274509804,0.0,0.1241649852079503,0.3601370897993949,0.2287934356285984,0.1215686274509803,0.3058823529411765,0.7098039215686275,0.0076889038085937,0.1175909004959405,0.3470499670341565,0.2014476367756685,0.1137254901960784,0.3215686274509804,0.6352941176470588,0.0030624389648437,0.1424583662718419,0.1931679924858142,0.4431372549019607,0.8219929738470976,-0.0130871227652383,0.4154408074499526
ISPY1_1185,0,256.0,60.0,3.0,0.0,1.0,2.0,2.2,0.898438,8.0,41.0,123.0,206.0,35.0,136.0,25.84883370249237,49.79,,1.0,0.0,1.0,0.0,HRposHER2neg,0.0,0.0,1.0,spy1,1,test,10,7,16,-1,34.0,84.0,102.0,230.000128,3.2902223824878756,10,0.7096221923828125,0.1099862730736826,0.2931042320555089,0.2159929164520702,0.1137254901960784,0.2274509803921568,0.5568627450980392,0.00980224609375,0.1509616268382353,0.3694992541267224,0.260964912297808,0.1294117647058823,0.2862745098039215,0.9137254901960784,0.0267913818359375,0.1461146276137408,0.3676206302428276,0.2755845252092468,0.1137254901960784,0.2862745098039215,1.0,0.0306808471679687,0.0763950220712135,0.1298665415977265,0.2431372549019607,0.6536715326165778,-0.0018786238838947,0.4338052148689977
ISPY1_1187,0,256.0,54.0,3.0,0.0,1.0,2.0,3.0,0.703125,7.0,35.0,47.0,189.0,41.0,206.0,172.74298095703125,47.06,,0.0,1.0,0.0,0.0,TripleNeg,1.0,0.0,0.0,spy1,0,train,10,12,21,3,29.0,143.0,166.0,180.0,5.157577086259302,10,0.3736373901367187,0.1739708515242034,0.2555156465852657,0.0943681053059298,0.1372549019607843,0.2588235294117647,0.3529411764705882,0.0001907348632812,0.2822433711033241,0.4061341257616439,0.2070512779126152,0.188235294117647,0.3529411764705882,0.7176470588235294,0.0104965209960937,0.2992777805702359,0.4348349184908839,0.2225674657666682,0.2039215686274509,0.3803921568627451,0.7764705882352941,0.0241119384765625,0.1506184791763782,0.1958438625794694,0.4392156862745098,0.7436521451035706,0.02870079272924,0.335974060459009
ISPY1_1188,0,256.0,56.0,4.0,0.0,2.0,3.0,2.5,0.78125,30.0,36.0,75.0,96.0,94.0,113.0,0.55084228515625,38.26,,0.0,1.0,0.0,0.0,TripleNeg,1.0,0.0,0.0,spy1,0,train,10,0,9,4,7.0,22.0,20.0,200.0,0.4387981931157543,10,0.5341506958007812,0.1622926719515931,0.3061286431578583,0.1552417361977874,0.1333333333333333,0.2862745098039215,0.5058823529411764,0.001055908203125,0.229735933191636,0.4194733301952975,0.2269129678761129,0.1411764705882353,0.396078431372549,0.7372549019607844,0.011981201171875,0.2350642424938725,0.4324540346143469,0.2399711815022631,0.1411764705882353,0.4078431372549019,0.7803921568627451,0.0172698974609375,0.1133446870374391,0.1505359573648404,0.3176470588235294,0.7719088500126106,0.0129807044190494,0.3757758787287217
ISPY1_1189,1,256.0,60.0,3.0,0.0,1.0,2.0,2.3,0.9375,17.0,32.0,126.0,181.0,67.0,111.0,6.567802734375,68.82,,0.0,0.0,0.0,1.0,HER2pos,0.0,1.0,0.0,spy1,0,train,10,5,14,0,16.0,56.0,45.0,240.0,2.0239027656560276,10,0.748370361328125,0.0862281589882046,0.2783661906317818,0.2151348253669588,0.1176470588235294,0.192156862745098,0.6235294117647059,0.0028411865234375,0.114496322332644,0.3620920898497415,0.246621943123598,0.1411764705882353,0.2705882352941176,0.7803921568627451,0.015618896484375,0.1198771936753217,0.3827975860099297,0.258272002959006,0.1607843137254902,0.2862745098039215,0.9058823529411764,0.0212493896484375,0.0837258992179596,0.0736357838630698,0.1686274509803921,0.9046923132898343,0.0207054961601881,0.2894765566255124
ISPY1_1191,0,256.0,56.0,3.0,0.0,1.0,2.0,2.5,0.703125,12.0,29.0,77.0,128.0,102.0,161.0,10.734329223632812,45.88,,1.0,0.0,1.0,0.0,HRposHER2neg,0.0,0.0,1.0,spy1,0,train,10,6,15,3,18.0,52.0,60.0,180.0,2.462518667348252,10,0.541302490234375,0.1474431595147824,0.282918689011671,0.1351320644426577,0.1294117647058823,0.2666666666666666,0.4588235294117647,0.000439453125,0.2571167829924939,0.4846312998607024,0.2193809650973883,0.2039215686274509,0.4666666666666667,0.7764705882352941,0.0169189453125,0.2687043313419117,0.5002800170006129,0.2371246664537994,0.192156862745098,0.4901960784313725,0.8313725490196079,0.0220260620117187,0.2017126108490313,0.182469528467674,0.4352941176470588,0.884558833313374,0.0156487171399104,0.4510232459116735
ISPY1_1192,1,256.0,56.0,3.0,0.0,1.0,2.0,2.5,0.703125,34.0,43.0,116.0,141.0,151.0,184.0,1.2124786376953125,31.26,,0.0,1.0,0.0,,,,,,spy1,1,test,10,1,10,-1,10.0,26.0,34.0,180.0,0.7941134425743802,10,0.5875320434570312,0.1489524512197457,0.3075912814860513,0.1741064435529551,0.1333333333333333,0.2627450980392157,0.5529411764705883,0.0020599365234375,0.1892031381644454,0.3829069716412914,0.2369655446118854,0.1254901960784313,0.3215686274509804,0.7529411764705882,0.0107345581054687,0.2151213163488051,0.4354251920326794,0.253288838366634,0.1411764705882353,0.388235294117647,0.8352941176470589,0.0160064697265625,0.07531569015524,0.1330451131084623,0.2392156862745098,0.6926733625584965,0.0525182203913879,0.3460222333203854
ISPY1_1193,0,256.0,64.0,5.0,0.0,1.0,2.0,2.0,0.78125,29.0,47.0,45.0,91.0,92.0,155.0,8.65478515625,59.6,,1.0,0.0,1.0,0.0,HRposHER2neg,0.0,0.0,1.0,spy1,0,train,10,5,14,1,19.0,47.0,64.0,200.0,2.2674536635614313,10,0.9216354370117188,0.0457729324640012,0.1354433612921773,0.0341978855983615,0.1019607843137254,0.1254901960784313,0.1803921568627451,0.0,0.0590223304898131,0.1743196318580394,0.0812664349745767,0.1098039215686274,0.1450980392156863,0.2980392156862745,0.0,0.9553196925742954,0.9616683217477656,0.025550718252633,0.9333333333333332,0.9607843137254902,1.0,0.039599609375,0.0388762705658621,0.0776241438903583,0.1647058823529411,0.7390034464629943,0.7873486898897262,0.0
ISPY1_1194,0,256.0,60.0,4.0,0.0,2.0,3.0,2.5,0.703125,7.0,49.0,32.0,206.0,44.0,201.0,312.1013946533203,33.83,,1.0,0.0,1.0,0.0,HRposHER2neg,0.0,0.0,1.0,spy1,0,train,10,23,32,2,43.0,175.0,158.0,180.0,5.746527082660735,10,0.5802276611328125,0.1056724578259038,0.1838481726777704,0.0574642962240708,0.1176470588235294,0.1764705882352941,0.2588235294117647,0.0,0.2395963302313112,0.4605788712094095,0.296106651358744,0.1372549019607843,0.3568627450980392,0.9607843137254902,0.0353668212890625,0.2549080343807445,0.4955156454625528,0.3111774064663408,0.1294117647058823,0.4156862745098039,0.9803921568627452,0.0398895263671875,0.2767306985316391,0.2758600787612991,0.7333333333333333,0.8661769089283248,0.0349367742531433,0.3638177839492261
ISPY1_1196,0,256.0,56.0,4.0,0.0,2.0,3.0,2.5,0.78125,18.0,40.0,111.0,154.0,72.0,125.0,5.26123046875,35.44,,1.0,0.0,1.0,1.0,HER2pos,0.0,1.0,0.0,spy1,0,train,10,8,18,4,23.0,44.0,54.0,200.0,1.8343767262997175,10,0.6332687377929688,0.1191514198452818,0.2717502607202463,0.1293296353624823,0.1215686274509803,0.2549019607843137,0.4352941176470588,0.0001266479492187,0.2081403066597733,0.4721521896462305,0.240575729332505,0.1490196078431372,0.4823529411764706,0.792156862745098,0.0115280151367187,0.213985003303079,0.4776999281494732,0.2436062250911123,0.1607843137254902,0.4823529411764706,0.8196078431372549,0.0130096435546875,0.2004019289259843,0.1735515695167913,0.4274509803921568,0.8728722939490141,0.0055477385032426,0.420956058267212
ISPY1_1197,0,256.0,78.0,3.0,0.0,1.0,2.0,2.5,0.9375,30.0,72.0,65.0,168.0,29.0,190.0,34.613525390625,44.73,,1.0,0.0,1.0,0.0,HRposHER2neg,0.0,0.0,1.0,spy1,0,train,10,16,37,2,43.0,104.0,162.0,240.0,3.5727254924070593,10,0.6464691162109375,0.1216147808000153,0.2743709097433267,0.1548786142814498,0.1176470588235294,0.2352941176470588,0.4862745098039215,0.000628662109375,0.1788086775237438,0.4072965482105484,0.2326289781523297,0.1411764705882353,0.3725490196078431,0.7411764705882353,0.0105316162109375,0.187662311628753,0.4313748170941733,0.2454744043707189,0.1450980392156863,0.4,0.792156862745098,0.0139144897460937,0.1329256384672216,0.1566383360808134,0.3176470588235294,0.8411800250334499,0.0240782688836249,0.3666148733221114
ISPY1_1198,0,256.0,58.0,3.0,0.0,1.0,2.0,2.5,0.703125,27.0,40.0,126.0,176.0,47.0,105.0,2.301361083984375,59.54,,0.0,1.0,1.0,0.0,HRposHER2neg,0.0,0.0,1.0,spy1,0,train,10,5,14,0,14.0,51.0,59.0,180.0,1.1943348331306758,10,0.3717575073242187,0.1965028949812347,0.2904988600091199,0.1434102846983738,0.1372549019607843,0.2627450980392157,0.4705882352941176,0.0021026611328125,0.254480255725337,0.3667959981855393,0.1855430475862274,0.1725490196078431,0.3333333333333333,0.6,0.011175537109375,0.2801526297774969,0.4081084580775051,0.2106051529881977,0.1764705882352941,0.3764705882352941,0.6941176470588235,0.02294921875,0.0762971381764194,0.1176970111007566,0.2039215686274509,0.7689574351812496,0.0413124598919657,0.3120942376586313
ISPY1_1199,0,256.0,64.0,3.0,0.0,1.0,2.0,2.0,0.703125,19.0,55.0,123.0,210.0,74.0,171.0,11.42918701171875,37.68,,1.0,0.0,0.0,0.0,TripleNeg,1.0,0.0,0.0,spy1,0,train,10,25,36,1,37.0,88.0,98.0,180.0,2.5200474980512366,10,0.4417221069335937,0.1648534557866115,0.2650610414853584,0.1353124689327964,0.1294117647058823,0.2352941176470588,0.4274509803921568,0.0024017333984375,0.2678846291934743,0.4369515662324272,0.2033972443468001,0.2156862745098039,0.396078431372549,0.7176470588235294,0.0179000854492187,0.2746425912894454,0.4473393880433063,0.2145168560633681,0.2235294117647059,0.403921568627451,0.7764705882352941,0.0242340087890625,0.1718905247470688,0.1509877965229531,0.3686274509803922,0.9222954413143358,0.010387821810879,0.4275171985907678
ISPY1_1201,0,512.0,44.0,3.0,0.0,1.0,2.0,3.0,0.390625,15.0,34.0,162.0,272.0,131.0,326.0,8.936004638671875,50.12,,1.0,0.0,1.0,0.0,HRposHER2neg,0.0,0.0,1.0,spy1,1,test,10,5,15,-1,20.0,111.0,196.0,200.0,2.296164992046074,10,0.1316711425781249,0.3547511201746323,0.4030072149618702,0.1937024903774851,0.1764705882352941,0.3686274509803922,0.6901960784313725,0.0012710571289062,0.4441392487170649,0.5020850535523029,0.2067346968349119,0.2470588235294117,0.4784313725490196,0.8156862745098039,0.014599609375,0.4573692172181373,0.5168367693608966,0.2224999342372841,0.2313725490196078,0.5019607843137255,0.8470588235294118,0.026141357421875,0.0990778385904327,0.1196384785371326,0.196078431372549,0.8764137150569,0.0147517158085935,0.4186353827662072
ISPY1_1202,1,512.0,44.0,3.0,0.0,1.0,2.0,3.0,0.390625,16.0,29.0,154.0,251.0,176.0,256.0,2.216949462890625,53.45,,1.0,0.0,1.0,0.0,HRposHER2neg,0.0,0.0,1.0,spy1,1,test,10,3,14,-1,14.0,98.0,81.0,200.0,1.1684335387429532,10,0.3821090698242187,0.232725237678079,0.3545639546327518,0.2327747807889241,0.1411764705882353,0.2627450980392157,0.7490196078431373,0.006878662109375,0.2678431312710631,0.4048654098290087,0.2347278842501642,0.1686274509803921,0.3254901960784314,0.792156862745098,0.0115707397460937,0.2823176664464614,0.4272559289804067,0.2344719752387048,0.1725490196078431,0.3607843137254902,0.803921568627451,0.0110260009765625,0.0503014551962568,0.0708811771419457,0.1098039215686274,0.8253844387207026,0.022390519151398,0.328973850511556
ISPY1_1203,0,256.0,64.0,3.0,0.0,1.0,2.0,2.0,0.703125,8.0,49.0,76.0,200.0,72.0,186.0,44.32357177734375,42.34,,1.0,0.0,1.0,0.0,HRposHER2neg,0.0,0.0,1.0,spy1,1,test,10,10,38,-1,42.0,125.0,115.0,180.0,3.8138272454404984,10,0.4756515502929688,0.1419496124865962,0.2374785362597912,0.09923923684326,0.1254901960784313,0.2156862745098039,0.3803921568627451,0.0,0.2456787947112438,0.4162135180608676,0.2146208946040592,0.2039215686274509,0.3647058823529411,0.7215686274509804,0.0297134399414062,0.2358210544960171,0.3990233309921715,0.2316026374097976,0.1725490196078431,0.3411764705882353,0.792156862745098,0.0325027465820312,0.1787349818010763,0.1582926675862519,0.4,0.94093476546472,-0.017190187068696,0.5508341651219164
ISPY1_1204,0,256.0,60.0,3.0,0.0,1.0,2.0,2.8,1.05469,10.0,27.0,141.0,165.0,101.0,150.0,13.118858579604955,39.27,,1.0,0.0,0.0,0.0,TripleNeg,1.0,0.0,0.0,spy1,0,train,10,5,14,3,18.0,25.0,50.0,270.00064,2.647511391659139,10,0.7566482543945312,0.0825701126397824,0.2656524827220505,0.2004275054747765,0.1176470588235294,0.1843137254901961,0.6470588235294118,0.0004592895507812,0.1029299747242647,0.32657153328654,0.2541692294975096,0.1333333333333333,0.2196078431372549,0.8313725490196079,0.0112350463867187,0.1107031010646446,0.353045041496217,0.27524794320541,0.1411764705882353,0.2352941176470588,0.9568627450980391,0.0221939086914062,0.0609190505644894,0.0918954040192842,0.1764705882352941,0.7499043785231028,0.026473508209677,0.2789889831518093
ISPY1_1205,0,256.0,60.0,6.0,0.0,2.0,5.0,4.0,0.78125,1.0,59.0,72.0,182.0,68.0,176.0,346.7919921875,42.56,,0.0,1.0,1.0,0.0,HRposHER2neg,0.0,0.0,1.0,spy1,0,train,10,6,15,4,59.0,111.0,109.0,200.0,5.851604577467371,10,0.6792129516601563,0.0762962610581341,0.2003003232392081,0.0764030568456756,0.1137254901960784,0.1843137254901961,0.3098039215686274,0.0,0.1724740660424326,0.425303408081176,0.2707131740342415,0.1254901960784313,0.3647058823529411,0.8705882352941177,0.0145614624023437,0.1749091473747702,0.4220672852765786,0.2706086215113756,0.1254901960784313,0.3568627450980392,0.8627450980392157,0.0113235473632812,0.2250030848419679,0.2272706812348405,0.596078431372549,0.8689441614224354,-0.0032361228045974,0.4774224543478364
ISPY1_1207,1,256.0,60.0,3.0,0.0,1.0,2.0,2.5,1.09375,20.0,33.0,158.0,183.0,78.0,129.0,8.7508544921875,36.27,,1.0,0.0,0.0,0.0,TripleNeg,1.0,0.0,0.0,spy1,1,test,10,3,12,-1,14.0,26.0,52.0,280.0,2.277354921393935,10,0.7380172729492187,0.0997916247797947,0.3205408011084079,0.2197693983302441,0.1176470588235294,0.2470588235294117,0.6470588235294118,0.0055084228515625,0.1319419711243872,0.4186504571600267,0.2622862267768786,0.1450980392156863,0.3254901960784314,0.8627450980392157,0.014892578125,0.1305616730334712,0.4184114761150859,0.2664179846065477,0.1450980392156863,0.3372549019607843,0.8745098039215686,0.0192886352539062,0.0981096560516188,0.11700947995646,0.2627450980392157,0.7832876121915279,-0.0002389810449407,0.4384686620887281
ISPY1_1208,1,256.0,64.0,3.0,0.0,1.0,2.0,2.0,0.78125,13.0,52.0,32.0,188.0,43.0,196.0,23.768310546875,42.07,,1.0,0.0,0.0,0.0,TripleNeg,1.0,0.0,0.0,spy1,0,train,10,5,19,0,40.0,157.0,154.0,200.0,3.209565035558486,10,0.4302597045898437,0.1480953321269914,0.235084010169811,0.1173179631974754,0.1254901960784313,0.2039215686274509,0.392156862745098,3.204345703125e-05,0.2365575812844669,0.3755509465995646,0.2075495027650357,0.1843137254901961,0.3137254901960784,0.6784313725490196,0.0187225341796875,0.2539409143784467,0.4049187730584554,0.2270268475157976,0.188235294117647,0.3333333333333333,0.7686274509803922,0.0255859375,0.1404669364297535,0.153118204053904,0.3450980392156862,0.9052773946462768,0.0293678264588907,0.3049319067450486
ISPY1_1209,0,256.0,56.0,3.0,0.0,1.0,2.0,2.5,0.703125,14.0,27.0,166.0,206.0,119.0,158.0,5.37890625,43.44,,1.0,0.0,1.0,0.0,HRposHER2neg,0.0,0.0,1.0,spy1,1,test,10,3,12,-1,14.0,41.0,40.0,180.0,1.8529966484909026,10,0.609259033203125,0.1422958493700214,0.3132254548205511,0.1410042605045595,0.1372549019607843,0.3058823529411765,0.4941176470588235,0.000164794921875,0.231978364832261,0.5052000034303542,0.2289200955108794,0.192156862745098,0.5058823529411764,0.8156862745098039,0.014874267578125,0.2458762075386795,0.5422400182053796,0.2450653635400713,0.2,0.5490196078431373,0.8862745098039215,0.0199859619140625,0.191974548609803,0.1681823783898794,0.4,0.8798130242584232,0.0370400147750254,0.357878129930177
ISPY1_1212,1,256.0,60.0,6.0,0.0,2.0,5.0,4.0,0.78125,24.0,43.0,86.0,131.0,85.0,138.0,35.34423828125,52.13,,0.0,1.0,0.0,1.0,HER2pos,0.0,1.0,0.0,spy1,0,train,10,6,15,2,20.0,46.0,54.0,200.0,3.5930356847103733,10,0.7571868896484375,0.0693905819163602,0.2498280724971444,0.1050946102063755,0.1254901960784313,0.2392156862745098,0.3843137254901961,0.0,0.1281475830078124,0.4023583874572892,0.2449793764363207,0.1686274509803921,0.3215686274509804,0.8235294117647058,0.010406494140625,0.1201723764456954,0.3872350020885624,0.2090389911293647,0.1529411764705882,0.3411764705882353,0.7019607843137254,0.0027664184570312,0.1525303149601448,0.2086107907511651,0.4901960784313725,0.8066737887261987,-0.0151233853687267,0.425589140953937
ISPY1_1215,1,256.0,60.0,6.0,0.0,2.0,5.0,4.0,0.78125,2.0,32.0,136.0,194.0,98.0,156.0,44.75830078125,49.2,,1.0,0.0,1.0,1.0,HER2pos,0.0,1.0,0.0,spy1,0,train,10,12,24,1,31.0,59.0,59.0,200.0,3.823373213105206,10,0.7115081787109375,0.0671955123602175,0.2005609204213986,0.0768247900653053,0.1176470588235294,0.188235294117647,0.3019607843137254,0.0,0.1430684048521752,0.3799937691641242,0.2264036064173683,0.1372549019607843,0.3372549019607843,0.7098039215686275,0.005535888671875,0.1384812538296568,0.374574062009262,0.2218342439446318,0.1294117647058823,0.3372549019607843,0.6980392156862745,0.00435791015625,0.1794328487427256,0.2010632585938561,0.4823529411764706,0.8491796515502523,-0.0054197071548621,0.4046946568923021
ISPY1_1217,0,256.0,56.0,3.0,0.0,1.0,2.0,2.5,0.703125,17.0,27.0,143.0,181.0,119.0,155.0,1.8502349853515625,50.09,,1.0,0.0,1.0,0.0,HRposHER2neg,0.0,0.0,1.0,spy1,0,train,10,2,11,4,11.0,39.0,37.0,180.0,1.0474014418822104,10,0.6506454467773437,0.1321672506893382,0.3042113189940602,0.1625706354656446,0.1215686274509803,0.2745098039215686,0.5254901960784314,0.0006851196289062,0.1842794141582414,0.4091327417742986,0.2431147185277386,0.1058823529411764,0.3843137254901961,0.7411764705882353,0.0090621948242187,0.208467778224571,0.4835736215404428,0.2755383815379136,0.1215686274509803,0.4705882352941176,0.8941176470588236,0.0231658935546875,0.1049214227802383,0.1897202448425344,0.3568627450980392,0.6901067031224749,0.0744408797661443,0.3137106742431853
ISPY1_1218,0,512.0,44.0,3.0,0.0,1.0,2.0,3.409091,0.390625,10.0,28.0,239.0,374.0,114.0,358.0,9.543332441101075,47.82,,0.0,1.0,0.0,0.0,TripleNeg,1.0,0.0,0.0,spy1,0,train,10,7,16,3,19.0,136.0,245.0,200.0,2.3554936640241904,10,0.1501052856445313,0.2920178043141084,0.33416836531933,0.1259590096789954,0.1529411764705882,0.3411764705882353,0.4901960784313725,4.2724609375e-05,0.3475121591605392,0.3934951627166854,0.1857137680507823,0.1764705882352941,0.3843137254901961,0.596078431372549,0.0216262817382812,0.3978824271407781,0.4494457768349365,0.2048551878729995,0.2117647058823529,0.4235294117647059,0.7215686274509804,0.0318023681640625,0.0593267973973553,0.1213229430142497,0.1607843137254902,0.7065317502921972,0.0559506141182511,0.1666268692087966
ISPY1_1219,0,256.0,64.0,3.0,0.0,1.0,2.0,2.0,0.78125,17.0,42.0,54.0,125.0,74.0,158.0,22.215576171875,45.98,,1.0,0.0,1.0,0.0,HRposHER2neg,0.0,0.0,1.0,spy1,0,train,10,8,17,3,26.0,72.0,85.0,200.0,3.1448234401117787,10,0.614404296875,0.120524938246783,0.2581737573464234,0.1276465695643489,0.1137254901960784,0.2392156862745098,0.4352941176470588,3.204345703125e-05,0.1805559524835324,0.3770187146024675,0.2423444462135801,0.1372549019607843,0.3058823529411765,0.7529411764705882,0.021484375,0.1941327981387867,0.4163549480194762,0.2708209932139637,0.1372549019607843,0.3294117647058823,0.9058823529411764,0.0301467895507812,0.1188449572560441,0.157643376523178,0.3490196078431372,0.8603544067367355,0.0393362334170087,0.2284728377865012
ISPY1_1222,0,256.0,60.0,3.0,0.0,1.0,2.0,2.0,0.898438,34.0,50.0,128.0,180.0,58.0,130.0,10.625860215706416,55.52,,1.0,0.0,0.0,1.0,HER2pos,0.0,1.0,0.0,spy1,0,train,10,5,14,0,17.0,53.0,73.0,230.000128,2.4532319457857876,10,0.8743759155273437,0.0681759583716299,0.4042612388029948,0.2421117684299618,0.1333333333333333,0.3411764705882353,0.7568627450980392,0.0004730224609375,0.090899221382889,0.5087277515677773,0.3142669634908767,0.1450980392156863,0.4274509803921568,1.0,0.018756103515625,0.0959955611883425,0.5530280112385052,0.3261547585594485,0.1568627450980392,0.4862745098039215,1.0,0.0261993408203125,0.1044665127647823,0.1303405995733415,0.2901960784313726,0.794956819589695,0.044300259670728,0.1608910590435933
ISPY1_1223,0,256.0,60.0,3.0,0.0,1.0,2.0,2.0,0.9375,14.0,27.0,126.0,155.0,53.0,82.0,6.1787109375,59.82,,1.0,0.0,1.0,0.0,HRposHER2neg,0.0,0.0,1.0,spy1,0,train,10,4,13,1,14.0,30.0,30.0,240.0,1.9711198317746346,10,0.660577392578125,0.1136256318933823,0.2670711571028584,0.2009620739969699,0.1215686274509803,0.188235294117647,0.5333333333333333,0.0083221435546875,0.1397619030522365,0.3229369736062233,0.2240317516377359,0.1294117647058823,0.2470588235294117,0.6470588235294118,0.0140869140625,0.1442523911420036,0.335317864535899,0.24105150032208,0.1294117647058823,0.2470588235294117,0.7137254901960784,0.0171432495117187,0.0558658165033649,0.0828348118099514,0.1568627450980392,0.7246093398788009,0.0123808909296757,0.3834538130945316
ISPY1_1224,0,512.0,48.0,3.0,0.0,1.0,2.0,3.0,0.390625,13.0,24.0,155.0,229.0,238.0,327.0,5.280303955078125,61.13,,0.0,1.0,1.0,1.0,HER2pos,0.0,1.0,0.0,spy1,1,test,10,3,12,-1,12.0,75.0,90.0,200.0,1.8374183797989887,10,0.2008285522460937,0.3653198361864277,0.4494919638897764,0.2354957637466253,0.1607843137254902,0.4078431372549019,0.7803921568627451,0.0037338256835937,0.3972823797487745,0.4849310929824965,0.2425420587222543,0.188235294117647,0.4588235294117647,0.8156862745098039,0.0115676879882812,0.4217083919749541,0.5150430225455848,0.2415094954889123,0.2078431372549019,0.4941176470588235,0.8392156862745098,0.0118621826171875,0.03543912909272,0.115991209035076,0.1137254901960784,0.5829764484625152,0.0301119295630881,0.2677982606039198
ISPY1_1225,0,256.0,64.0,3.0,0.0,1.0,2.0,2.0,0.703125,15.0,33.0,141.0,186.0,108.0,163.0,3.3914794921875,47.84,,1.0,0.0,1.0,0.0,HRposHER2neg,0.0,0.0,1.0,spy1,0,train,10,8,17,2,19.0,46.0,56.0,180.0,1.4796661844762795,10,0.4558807373046875,0.1786028574027267,0.2921034268994001,0.130490933046886,0.1372549019607843,0.2705882352941176,0.4705882352941176,1.068115234375e-05,0.2608581782322304,0.4309719946240834,0.1922410306869739,0.196078431372549,0.4078431372549019,0.6862745098039216,0.0093109130859375,0.2774545347924326,0.4630679785557189,0.2242828818944276,0.1843137254901961,0.4352941176470588,0.792156862745098,0.0231781005859375,0.1388685677246832,0.1102549827906853,0.2784313725490196,0.9259550076557652,0.0320959839316355,0.3450086092306657
ISPY1_1226,0,256.0,60.0,3.0,0.0,1.0,2.0,2.0,1.05469,17.0,42.0,113.0,181.0,59.0,108.0,2.5629027750144,42.08,,1.0,0.0,1.0,0.0,HRposHER2neg,0.0,0.0,1.0,spy1,1,test,10,3,14,-1,26.0,69.0,50.0,270.00064,1.270575598857173,10,0.8476806640625,0.0697674261354932,0.3285258132745003,0.2193623487092749,0.1333333333333333,0.2470588235294117,0.6784313725490196,0.0027069091796875,0.0970069855334712,0.43862130683336,0.2565387170244111,0.1686274509803921,0.3568627450980392,0.8862745098039215,0.010064697265625,0.1014070219152113,0.4712017857311221,0.2802872837049024,0.1686274509803921,0.3764705882352941,1.0,0.016046142578125,0.1100954935588596,0.1102631243155025,0.2470588235294117,0.8462393813111075,0.032580478897762,0.2326194101618849
ISPY1_1227,1,256.0,60.0,3.0,0.0,1.0,2.0,2.3,0.9375,7.0,20.0,156.0,188.0,113.0,136.0,1.20076171875,42.46,,1.0,0.0,0.0,0.0,TripleNeg,1.0,0.0,0.0,spy1,0,train,10,2,11,4,14.0,33.0,24.0,240.0,0.7888035362339435,10,0.828155517578125,0.0729371553308823,0.2578187972045504,0.1766144448049359,0.1176470588235294,0.2039215686274509,0.4745098039215686,0.0004776000976562,0.1007692942899816,0.3746529540603313,0.2299182440021224,0.1450980392156863,0.3215686274509804,0.6980392156862745,0.0077682495117187,0.1016327323165594,0.3826061960923598,0.2550095285859909,0.1372549019607843,0.3098039215686274,0.8235294117647058,0.0130538940429687,0.1168341568557808,0.1272150848353191,0.2823529411764706,0.8275261942816551,0.0079532420320285,0.454919197300657
ISPY1_1228,1,256.0,60.0,6.0,0.0,1.0,2.0,3.0,0.859375,20.0,60.0,84.0,215.0,29.0,187.0,75.2852783203125,53.25,,0.0,1.0,0.0,1.0,HER2pos,0.0,1.0,0.0,spy1,0,train,10,26,35,2,41.0,132.0,159.0,220.0,4.334479974986281,10,0.4495025634765625,0.1433157647824755,0.242377874497934,0.1376091513738301,0.1294117647058823,0.2039215686274509,0.388235294117647,0.0022750854492187,0.1851315068263633,0.310359143962485,0.1935090420796027,0.1568627450980392,0.2509803921568627,0.5450980392156862,0.0151611328125,0.1942794321097579,0.3238425620210665,0.2022035652887009,0.1568627450980392,0.2627450980392157,0.5803921568627451,0.0192626953125,0.0679812694645509,0.110406475022406,0.1803921568627451,0.7930976178992943,0.0134834180585814,0.3854407468387411
ISPY1_1229,1,256.0,60.0,3.0,0.0,1.0,2.0,2.2,0.9375,15.0,43.0,121.0,177.0,46.0,112.0,13.8793359375,50.79,,1.0,0.0,0.0,0.0,TripleNeg,1.0,0.0,0.0,spy1,1,test,10,15,24,-1,29.0,57.0,67.0,240.0,2.699973400552911,10,0.8763473510742188,0.0677998441808364,0.4115631034673825,0.2611517603110179,0.1254901960784313,0.3254901960784314,0.788235294117647,0.0003997802734375,0.0883795166015625,0.5205913445008297,0.3413465831660047,0.1411764705882353,0.4235294117647059,1.0,0.0243743896484375,0.0929567583869485,0.5580038360593937,0.3513056145540242,0.1411764705882353,0.4784313725490196,1.0,0.0325790405273437,0.109028241033447,0.1247423832411296,0.2823529411764706,0.7912064859261818,0.0374124915585642,0.1773634265829189
ISPY1_1230,0,512.0,54.0,3.0,0.0,1.0,2.0,2.592592,0.390625,32.0,53.0,172.0,350.0,102.0,302.0,27.16374659423828,53.45,,0.0,1.0,1.0,0.0,HRposHER2neg,0.0,0.0,1.0,spy1,0,train,10,8,17,0,22.0,179.0,201.0,200.0,3.338035569110312,10,0.1015289306640625,0.4791450051700368,0.5308714021967823,0.1893655475963387,0.2627450980392157,0.5450980392156862,0.7725490196078432,0.000714111328125,0.5908481971890318,0.6532011571658428,0.1824293510270294,0.4078431372549019,0.6705882352941176,0.8745098039215686,0.0328826904296875,0.6266539988798253,0.6925102103162306,0.1696304454197014,0.4666666666666667,0.7098039215686275,0.8941176470588236,0.0257476806640625,0.1223297549690605,0.1942493922915672,0.4196078431372549,0.785053887252854,0.0393090531503878,0.1708835607365214
ISPY1_1231,0,256.0,60.0,3.0,0.0,1.0,2.0,2.2,0.9375,19.0,50.0,122.0,216.0,43.0,128.0,37.7476171875,45.5,,1.0,0.0,1.0,0.0,HRposHER2neg,0.0,0.0,1.0,spy1,0,train,10,16,25,1,32.0,95.0,86.0,240.0,3.6570692619731653,10,0.79495849609375,0.0829724599800857,0.3123705271833089,0.2124602508871239,0.1294117647058823,0.2117647058823529,0.6549019607843137,0.0003875732421875,0.1109675927255667,0.4148843105736668,0.3072584683407677,0.1294117647058823,0.2627450980392157,1.0,0.0221359252929687,0.1213102632410386,0.4605607969210188,0.3241830723392475,0.1490196078431372,0.3098039215686274,1.0,0.0347808837890625,0.1025137833903579,0.1445851052026057,0.3450980392156862,0.7315592070012502,0.0456764863473519,0.1375096743466095
ISPY1_1233,0,512.0,44.0,3.0,0.0,1.0,2.0,3.0,0.390625,15.0,34.0,162.0,270.0,40.0,162.0,5.827789306640625,27.85,,0.0,1.0,1.0,0.0,HRposHER2neg,0.0,0.0,1.0,spy1,0,train,10,6,15,3,20.0,109.0,123.0,200.0,1.9210009471978426,10,0.3296249389648438,0.279950776941636,0.401995154284841,0.2040390718923347,0.2039215686274509,0.3176470588235294,0.7215686274509804,0.0019287109375,0.3204604982862285,0.4581580614318715,0.214909347441576,0.2313725490196078,0.4,0.7803921568627451,0.0095809936523437,0.3451783363491881,0.4926714125879606,0.2112377883347538,0.2549019607843137,0.4549019607843137,0.807843137254902,0.0064346313476562,0.0561629071470304,0.1446838305173083,0.1725490196078431,0.6698707370424071,0.0345133511560891,0.2039254604096627
ISPY1_1235,1,512.0,44.0,3.0,0.0,1.0,2.0,3.0,0.390625,9.0,25.0,174.0,296.0,202.0,332.0,11.97509765625,64.06,,1.0,0.0,0.0,1.0,HER2pos,0.0,1.0,0.0,spy1,0,train,10,6,15,4,17.0,123.0,131.0,200.0,2.563031955516885,10,0.2716522216796875,0.2523857565487132,0.3271575179419179,0.1658217380439997,0.1254901960784313,0.2980392156862745,0.5764705882352941,3.0517578125e-06,0.2959522681142769,0.3758567407018534,0.2161610228321157,0.1333333333333333,0.3372549019607843,0.6509803921568628,0.0269943237304687,0.3224867218615962,0.4099641264336795,0.2174312198613104,0.1647058823529411,0.3725490196078431,0.6862745098039216,0.0259353637695312,0.0486992227599354,0.1650499015802949,0.1803921568627451,0.5191083736618273,0.034107385731826,0.220021787861647
ISPY1_1236,0,512.0,44.0,3.0,0.0,1.0,2.0,3.0,0.390625,8.0,21.0,248.0,333.0,167.0,252.0,3.723907470703125,38.61,,0.0,1.0,1.0,0.0,HRposHER2neg,0.0,0.0,1.0,spy1,0,train,10,2,13,2,14.0,86.0,86.0,200.0,1.5526363110779027,10,0.0555358886718749,0.3250649366191789,0.3423514510204337,0.1595649668044982,0.2,0.2941176470588235,0.5607843137254902,0.00526123046875,0.3964789177389706,0.4173311482780018,0.1609099091435147,0.2549019607843137,0.3803921568627451,0.6392156862745098,0.00830078125,0.4566836368336397,0.4808289778581313,0.1702927755519025,0.2901960784313726,0.4509803921568627,0.7176470588235294,0.0138839721679687,0.074979697257568,0.078623454461841,0.1490196078431372,0.8992203100664982,0.0634978295801295,0.0911765466166045
ISPY1_1237,0,512.0,44.0,3.0,0.0,1.0,2.0,3.0,0.390625,9.0,21.0,147.0,248.0,150.0,283.0,5.296783447265625,46.46,,1.0,0.0,1.0,1.0,HER2pos,0.0,1.0,0.0,spy1,0,train,10,3,12,0,13.0,102.0,134.0,200.0,1.8400389390892535,10,0.3000076293945313,0.292356980267693,0.397362312183951,0.1271336319636687,0.2705882352941176,0.3843137254901961,0.5529411764705883,0.0003189086914062,0.3445239676681219,0.4690035179799434,0.1785895029293596,0.2980392156862745,0.4392156862745098,0.7098039215686275,0.016424560546875,0.3864409622491574,0.5284209327735306,0.1922988689786243,0.3176470588235294,0.5137254901960784,0.7843137254901961,0.024737548828125,0.0716412057959923,0.119334850317407,0.1686274509803921,0.7572801566004791,0.0594174147935871,0.1732697979496323
ISPY1_1238,0,256.0,64.0,3.0,0.0,1.0,2.0,2.0,0.78125,21.0,49.0,56.0,108.0,79.0,151.0,21.572265625,59.05,,0.0,1.0,1.0,1.0,HER2pos,0.0,1.0,0.0,spy1,0,train,10,16,25,1,29.0,53.0,73.0,200.0,3.1167219679359337,10,0.3656158447265625,0.1830442780139399,0.2698697982620589,0.1078146264976645,0.1411764705882353,0.2588235294117647,0.4078431372549019,3.0517578125e-05,0.2253304395488664,0.3321983092214637,0.1853074839972498,0.1568627450980392,0.2980392156862745,0.5058823529411764,0.0243408203125,0.2396699793198529,0.3533864478322899,0.1915593453846714,0.1647058823529411,0.3176470588235294,0.5529411764705883,0.0248489379882812,0.0623285109594048,0.1255867578222237,0.1372549019607843,0.7709248346361997,0.0211881386108261,0.2621455201443175
ISPY1_1239,0,256.0,60.0,3.0,0.0,1.0,2.0,2.2,0.976562,28.0,39.0,126.0,188.0,53.0,105.0,3.7849387511728687,48.57,,0.0,0.0,1.0,0.0,HRposHER2neg,0.0,0.0,1.0,spy1,0,train,10,2,11,3,12.0,63.0,53.0,249.999872,1.5654732246501353,10,0.823907470703125,0.0715488448797487,0.3166616034649969,0.2492536663221116,0.1058823529411764,0.2078431372549019,0.7490196078431373,0.0041854858398437,0.0987613752776501,0.3779364360905015,0.2752499822371382,0.1254901960784313,0.2705882352941176,0.9176470588235294,0.0137939453125,0.0997620287128523,0.4076892702940939,0.2891490868410177,0.1450980392156863,0.2901960784313726,1.0,0.019244384765625,0.0612748326255045,0.0915359749526267,0.1686274509803921,0.7153218259332432,0.0297528342035923,0.1932775293750649
Breast_MRI_002,0,256.0,18.0,4.0,0.0,1.0,3.0,1.3,0.5859,2.0,15.0,107.0,150.0,108.0,136.0,1.279434452751,38.0,0.0,0.0,1.0,0.0,0.0,TripleNeg,1.0,0.0,0.0,duke,1,test,10,4,13,-1,14.0,44.0,29.0,149.9904,0.8239273651585594,10,0.4861495971679688,0.1771503343769148,0.3206942901226211,0.1615335266572535,0.1333333333333333,0.2823529411764706,0.5725490196078431,9.1552734375e-06,0.2612314740349264,0.4640102216021595,0.2601646977706258,0.1411764705882353,0.4627450980392157,0.8431372549019608,0.022796630859375,0.2586495612649356,0.4553147911914375,0.2378742718098795,0.1568627450980392,0.4509803921568627,0.7647058823529411,0.0059524536132812,0.1433159314795384,0.2236002563856574,0.5176470588235295,0.7075339191167519,-0.008695430410722,0.460703118272226
Breast_MRI_005,1,256.0,51.0,4.0,0.0,1.0,3.0,2.0,0.78125,2.0,48.0,116.0,141.0,108.0,148.0,10.006103515625,38.0,0.0,0.0,0.0,1.0,1.0,HER2pos,0.0,1.0,0.0,duke,0,train,10,20,29,3,47.0,26.0,41.0,200.0,2.3984499839744924,10,0.6347747802734375,0.1320173794615502,0.3038228715953907,0.1399484671605976,0.1411764705882353,0.2823529411764706,0.4901960784313725,1.52587890625e-05,0.2345930750229779,0.5430353957637936,0.2550793456474506,0.2274509803921568,0.5176470588235295,0.9333333333333332,0.02286376953125,0.2233049579695159,0.5241740718112659,0.2232210983486024,0.2470588235294117,0.5058823529411764,0.8313725490196079,0.014154052734375,0.2392125241684029,0.2265743967110079,0.592156862745098,0.884668733340575,-0.0188613239525277,0.4971172405725411
Breast_MRI_009,1,256.0,30.0,4.0,0.0,1.0,3.0,1.1,0.6641,2.0,27.0,101.0,156.0,106.0,150.0,5.239907394491,56.0,1.0,1.0,0.0,0.0,0.0,TripleNeg,1.0,0.0,0.0,duke,0,train,10,10,19,0,26.0,56.0,45.0,170.0096,1.8309653416447709,10,0.696380615234375,0.0943170166015625,0.259187030325247,0.130232242745731,0.1254901960784313,0.2313725490196078,0.4196078431372549,0.000701904296875,0.1770453658758425,0.473134062148329,0.2615792824838287,0.1686274509803921,0.4235294117647059,0.9294117647058824,0.023480224609375,0.1686854164273131,0.4490731160290028,0.2277933463631432,0.1764705882352941,0.4196078431372549,0.7686274509803922,0.0115341186523437,0.213947031823082,0.243259186302733,0.6313725490196078,0.8428485274902,-0.0240609461193262,0.4642225349281335
Breast_MRI_010,0,256.0,32.0,4.0,0.0,1.0,3.0,2.0,0.6641,2.0,29.0,95.0,162.0,55.0,112.0,12.4943461873,67.0,1.0,1.0,0.0,0.0,0.0,TripleNeg,1.0,0.0,0.0,duke,0,train,10,11,20,1,28.0,68.0,58.0,170.0096,2.602270796782036,10,0.5377182006835938,0.1165742283241421,0.2128614496488288,0.1135029287203679,0.1137254901960784,0.1764705882352941,0.3843137254901961,0.0001388549804687,0.2133119351256127,0.3674152843461182,0.2552448498326395,0.1098039215686274,0.2823529411764706,0.7568627450980392,0.0185211181640625,0.2223993278952205,0.3836675541814059,0.2440039865103925,0.1333333333333333,0.3137254901960784,0.7450980392156863,0.0196075439453125,0.1545538346972894,0.2134561050052952,0.5176470588235295,0.7513904429943128,0.0162522698352878,0.3579635662676054
Breast_MRI_012,0,256.0,55.0,4.0,0.0,1.0,3.0,1.2,0.7422,2.0,52.0,53.0,204.0,61.0,196.0,103.026621527856,43.0,0.0,0.0,1.0,0.0,0.0,TripleNeg,1.0,0.0,0.0,duke,0,train,10,22,31,4,51.0,152.0,136.0,190.0032,4.644646842614432,10,0.6428070068359375,0.1038213871974571,0.2385638505049591,0.1209597141924404,0.1137254901960784,0.2039215686274509,0.4078431372549019,4.119873046875e-05,0.1779850080901501,0.4092679788819283,0.2784602399512304,0.1254901960784313,0.3098039215686274,0.8745098039215686,0.0152877807617187,0.2052912095013786,0.4710422587592002,0.2826760949926817,0.1568627450980392,0.3843137254901961,0.9294117647058824,0.0216140747070312,0.1707041283769691,0.2015186664674895,0.5215686274509804,0.8251399034559358,0.0617742798772719,0.254479046520569
Breast_MRI_019,0,256.0,39.0,4.0,0.0,1.0,3.0,1.1,1.0625,2.0,36.0,112.0,139.0,132.0,177.0,12.6017549606362,35.0,0.0,1.0,0.0,1.0,0.0,HRposHER2neg,0.0,0.0,1.0,duke,0,train,10,14,23,1,35.0,28.0,46.0,272.0,2.610198825640154,10,0.6258010864257812,0.1235515220492494,0.2921563430355117,0.167970728899521,0.1333333333333333,0.2352941176470588,0.5372549019607843,0.0015365600585937,0.1910574460497089,0.4367908013002334,0.2373714909006232,0.1725490196078431,0.392156862745098,0.7843137254901961,0.0157562255859375,0.200096118403416,0.4584399997281519,0.2370240808628836,0.196078431372549,0.4117647058823529,0.8313725490196079,0.0183670043945312,0.1446344582647216,0.2086255210124826,0.4509803921568627,0.7477440006524354,0.0216491984279184,0.4145166880747039
Breast_MRI_021,0,256.0,22.0,4.0,0.0,1.0,3.0,2.0,0.7422,2.0,19.0,111.0,146.0,73.0,109.0,3.2423669042400003,43.0,1.0,1.0,0.0,1.0,0.0,HRposHER2neg,0.0,0.0,1.0,duke,0,train,10,6,15,2,18.0,36.0,37.0,190.0032,1.445121345622347,10,0.6583297729492188,0.0944031838809742,0.2337707940976379,0.1388214245896888,0.1137254901960784,0.1843137254901961,0.4470588235294118,6.7138671875e-05,0.1284014593386182,0.2789454285713535,0.2133421110331895,0.0862745098039215,0.2156862745098039,0.5843137254901961,0.0071609497070312,0.1465015845205269,0.3095652476972604,0.2474309981347219,0.0980392156862745,0.2235294117647059,0.7058823529411765,0.0198745727539062,0.0451746344737156,0.1825011468938792,0.2666666666666666,0.576258167088698,0.0306198191259068,0.4200663638759004
Breast_MRI_022,0,256.0,38.0,5.0,0.0,1.0,4.0,1.1,0.73660713434219,2.0,35.0,73.0,110.0,125.0,175.0,4.26329305227414,53.0,1.0,1.0,0.0,1.0,1.0,HER2pos,0.0,1.0,0.0,duke,0,train,10,14,23,0,34.0,38.0,51.0,188.57142639160065,1.6607568864240136,10,0.4909988403320312,0.1647916487151501,0.2882574718902757,0.1746157921223007,0.1294117647058823,0.2352941176470588,0.5254901960784314,0.00357666015625,0.1949002673579197,0.3359517917647635,0.2019795129756534,0.1411764705882353,0.2901960784313726,0.6039215686274509,0.0108169555664062,0.2137366680070465,0.3688086350947587,0.2147967870994619,0.1568627450980392,0.3137254901960784,0.6705882352941176,0.0165542602539062,0.0476943198744877,0.1534383569896659,0.2117647058823529,0.6434607694129426,0.0328568433299952,0.358206002176396
Breast_MRI_040,0,256.0,36.0,5.0,0.0,1.0,4.0,1.1,0.75892859697342,2.0,33.0,86.0,170.0,64.0,112.0,12.5035017903344,48.0,0.0,0.0,1.0,1.0,0.0,HRposHER2neg,0.0,0.0,1.0,duke,0,train,10,13,22,3,32.0,85.0,49.0,194.2857208251955,2.6029490436847498,10,0.4545822143554687,0.209644536037071,0.3519768268201964,0.2044907327931621,0.1254901960784313,0.3098039215686274,0.6509803921568628,0.0028457641601562,0.2521545589671415,0.386493849732538,0.2386225851506817,0.1137254901960784,0.3411764705882353,0.7411764705882353,0.0092514038085937,0.2575982247146905,0.4003584042409925,0.2670604281035513,0.1019607843137254,0.3411764705882353,0.8156862745098039,0.022869873046875,0.0345170229123416,0.1528677416016537,0.2039215686274509,0.5259186728028088,0.0138645545084544,0.4749290100574914
Breast_MRI_041,0,256.0,36.0,5.0,0.0,1.0,4.0,2.0,0.6836,2.0,33.0,96.0,161.0,108.0,148.0,4.54271040016,67.0,1.0,1.0,0.0,1.0,0.0,HRposHER2neg,0.0,0.0,1.0,duke,0,train,10,13,22,4,32.0,66.0,41.0,175.0016,1.7124836230255285,10,0.6433761596679688,0.0846568328259037,0.1950584949939876,0.1014879972305211,0.1098039215686274,0.1607843137254902,0.3411764705882353,5.340576171875e-05,0.1523792042451746,0.3375653327004244,0.2607056479986027,0.1098039215686274,0.2313725490196078,0.792156862745098,0.0196441650390625,0.1531695137771905,0.3379433162295241,0.2361242519412897,0.1098039215686274,0.2588235294117647,0.6901960784313725,0.012786865234375,0.1425068377064368,0.2284639288157584,0.5333333333333333,0.7477419272025569,0.0003779835290996,0.4205556292439146
Breast_MRI_043,0,256.0,33.0,5.0,0.0,1.0,4.0,2.0,0.6836,2.0,30.0,105.0,151.0,112.0,153.0,9.32701953264,46.0,0.0,1.0,0.0,0.0,0.0,TripleNeg,1.0,0.0,0.0,duke,0,train,10,11,20,0,29.0,47.0,42.0,175.0016,2.3347637161022163,10,0.68680419921875,0.1056917736577052,0.2936751007063776,0.1312821885720854,0.1294117647058823,0.2784313725490196,0.4862745098039215,0.0,0.1627137487074908,0.4274761617629863,0.2326321701612293,0.1411764705882353,0.4,0.7450980392156863,0.0107650756835937,0.1717976469152113,0.4650001108133162,0.2549165610588914,0.1215686274509803,0.4431372549019607,0.8392156862745098,0.0171417236328125,0.1338010610566088,0.1744721716669213,0.3843137254901961,0.7733464551584363,0.0375239490503298,0.3617044081537202
Breast_MRI_044,1,256.0,18.0,5.0,0.0,1.0,4.0,1.1,0.75892859697342,2.0,15.0,111.0,145.0,109.0,148.0,3.69371246200403,34.0,0.0,1.0,0.0,0.0,1.0,HER2pos,0.0,1.0,0.0,duke,0,train,10,4,13,4,14.0,35.0,40.0,194.2857208251955,1.5462238390557779,10,0.74427490234375,0.0790282724417892,0.2187941022033903,0.1056887851562479,0.1137254901960784,0.188235294117647,0.3647058823529411,1.52587890625e-06,0.1770020728017769,0.5049089104351464,0.2809930323781719,0.1568627450980392,0.4705882352941176,0.996078431372549,0.0252731323242187,0.1697249827665441,0.4950442905693472,0.2387936322801487,0.192156862745098,0.4823529411764706,0.8431372549019608,0.0073928833007812,0.2861148082317561,0.2558484331764544,0.6823529411764706,0.8893682276003628,-0.0098646198657992,0.4884183015895746
Breast_MRI_046,0,256.0,93.0,4.0,0.0,1.0,3.0,2.0,0.83705359697342,2.0,90.0,75.0,181.0,77.0,162.0,38.0829036367764,53.0,1.0,0.0,1.0,1.0,0.0,HRposHER2neg,0.0,0.0,1.0,duke,0,train,10,41,50,1,89.0,107.0,86.0,214.2857208251955,3.665685124229646,10,0.668341064453125,0.0968505679859834,0.2656441100152312,0.1543958957225193,0.1215686274509803,0.2156862745098039,0.4862745098039215,0.0012237548828125,0.1533205159505208,0.3968589526390066,0.2352141696366108,0.1529411764705882,0.3372549019607843,0.7686274509803922,0.0100662231445312,0.168261676863128,0.4339318815179506,0.2546138805330505,0.1686274509803921,0.3686274509803922,0.8823529411764706,0.0252090454101562,0.1312148426237754,0.1732136676279006,0.4,0.8272511455860432,0.037072928878944,0.3613334805572425
Breast_MRI_048,0,256.0,25.0,4.0,0.0,1.0,3.0,2.0,0.75892859697342,2.0,22.0,112.0,144.0,117.0,139.0,1.68759976284085,40.0,0.0,1.0,0.0,0.0,0.0,TripleNeg,1.0,0.0,0.0,duke,1,test,10,7,16,-1,21.0,33.0,23.0,194.2857208251955,0.9886485138218722,10,0.5655105590820313,0.1509977811925551,0.3024756548589367,0.1526980278220741,0.1568627450980392,0.2588235294117647,0.5137254901960784,0.0022415161132812,0.2429870665307138,0.4829212062142265,0.2314245707024197,0.2274509803921568,0.4392156862745098,0.8352941176470589,0.0181533813476562,0.2529884428136489,0.5084411982649614,0.2139197935638311,0.2509803921568627,0.4941176470588235,0.8156862745098039,0.0122268676757812,0.1804455513552898,0.2183071199184352,0.5529411764705883,0.8471520332084271,0.0255199920507348,0.3755333682181024
Breast_MRI_051,0,256.0,17.0,4.0,0.0,1.0,3.0,2.0,0.7422,2.0,14.0,106.0,151.0,120.0,136.0,0.3773396753999999,38.0,0.0,1.0,0.0,1.0,1.0,HER2pos,0.0,1.0,0.0,duke,1,test,10,3,12,-1,13.0,46.0,17.0,190.0032,0.3201538671769388,10,0.5622283935546875,0.121471575568704,0.2387033637287775,0.1631829694404058,0.1176470588235294,0.188235294117647,0.4117647058823529,0.0074066162109375,0.1493311504289215,0.2742375065593442,0.1855626949746288,0.1058823529411764,0.2274509803921568,0.4901960784313725,0.0093429565429687,0.1630560721603094,0.3025602868492307,0.1984220965325322,0.1215686274509803,0.2509803921568627,0.5450980392156862,0.0118133544921875,0.0355341428305666,0.1028535559178048,0.1411764705882353,0.6371044761552886,0.0283227802898864,0.3597097226191887
Breast_MRI_053,0,256.0,28.0,4.0,0.0,1.0,3.0,2.0,0.6641,2.0,25.0,105.0,151.0,102.0,136.0,6.91930100009,46.0,1.0,1.0,0.0,1.0,0.0,HRposHER2neg,0.0,0.0,1.0,duke,0,train,10,9,18,3,24.0,47.0,35.0,170.0096,2.0693029443670126,10,0.612408447265625,0.1245959233302696,0.2826357748113181,0.1487023834026187,0.1215686274509803,0.2431372549019607,0.5058823529411764,4.119873046875e-05,0.2111338955748315,0.4540585854674767,0.2638899721643845,0.1254901960784313,0.4196078431372549,0.8549019607843137,0.0166412353515625,0.2225861014571844,0.4838670274339362,0.2537122993589906,0.1411764705882353,0.4705882352941176,0.8431372549019608,0.0151763916015625,0.1714228106561586,0.2486539877219131,0.5607843137254902,0.713387556493394,0.0298084419664595,0.3702502243988473
Breast_MRI_055,1,256.0,23.0,5.0,0.0,1.0,4.0,2.0,0.6445,2.0,20.0,108.0,148.0,110.0,142.0,1.27729426875,73.0,1.0,0.0,0.0,0.0,0.0,TripleNeg,1.0,0.0,0.0,duke,1,test,10,6,15,-1,19.0,41.0,33.0,164.992,0.8229880140191014,10,0.62513427734375,0.1203375603170956,0.2855555693898257,0.1585968691447262,0.1254901960784313,0.2470588235294117,0.4980392156862745,0.0006103515625,0.1754055427102481,0.3719181449648471,0.2269642180576163,0.1137254901960784,0.3254901960784314,0.7058823529411765,0.01104736328125,0.1819339228611366,0.3967904440098355,0.2311570030891876,0.1215686274509803,0.3568627450980392,0.7333333333333333,0.012103271484375,0.0863625755750214,0.2016428762890806,0.3411764705882353,0.6522517828649581,0.0248722990449884,0.4070142303559217
Breast_MRI_056,0,256.0,40.0,4.0,0.0,1.0,3.0,2.0,0.6836,2.0,37.0,95.0,161.0,90.0,166.0,4.61047019936,52.0,1.0,1.0,0.0,1.0,1.0,HER2pos,0.0,1.0,0.0,duke,0,train,10,15,24,2,36.0,67.0,77.0,175.0016,1.7246345305250395,10,0.6249404907226562,0.1746073943493413,0.4085136356830374,0.2722954471438499,0.1176470588235294,0.3294117647058823,0.8509803921568627,0.0119216918945312,0.2007618025237438,0.3950700831677469,0.2890212412280618,0.0784313725490196,0.3176470588235294,0.8666666666666667,0.0177322387695312,0.191420108570772,0.3921636752618451,0.2944643470528802,0.0705882352941176,0.3098039215686274,0.8745098039215686,0.01749267578125,-0.0134435525152904,0.1869913789914909,0.1725490196078431,0.4774388829897599,-0.0029064079059017,0.4835617720169732
Breast_MRI_057,0,256.0,61.0,4.0,0.0,1.0,3.0,1.5,0.80357140302658,2.0,58.0,87.0,169.0,65.0,165.0,131.28663068363198,70.0,1.0,0.0,1.0,1.0,1.0,HER2pos,0.0,1.0,0.0,duke,0,train,10,25,34,0,57.0,83.0,101.0,205.7142791748045,4.8849710129809365,10,0.5136978149414062,0.1453143131031709,0.2776915602718937,0.1435354656533315,0.1411764705882353,0.2352941176470588,0.4588235294117647,0.001904296875,0.1834100760665594,0.3530493846597481,0.2169394781691593,0.1529411764705882,0.2745098039215686,0.7019607843137254,0.0075469970703125,0.2221883437212775,0.4323641046833634,0.2676965442257251,0.1843137254901961,0.3254901960784314,0.9490196078431372,0.0401535034179687,0.0753578243878543,0.1163927143126477,0.2509803921568627,0.7513672604274199,0.0793147200236153,0.129622250182772
Breast_MRI_059,1,256.0,18.0,4.0,0.0,1.0,3.0,2.0,0.6641,2.0,15.0,113.0,144.0,119.0,138.0,1.44348729513,51.0,0.0,1.0,0.0,0.0,0.0,TripleNeg,1.0,0.0,0.0,duke,1,test,10,4,13,-1,14.0,32.0,20.0,170.0096,0.8934262382588565,10,0.7222686767578125,0.0885349348479626,0.250932345863505,0.1624655210164944,0.1098039215686274,0.188235294117647,0.4745098039215686,0.001531982421875,0.1267973178040747,0.3497322873461361,0.2372571432309531,0.1254901960784313,0.2705882352941176,0.7098039215686275,0.0110580444335937,0.1463086835075827,0.4048916512993937,0.2597774271918689,0.1529411764705882,0.3215686274509804,0.8666666666666667,0.0190628051757812,0.098799941482631,0.1275768420536918,0.2509803921568627,0.8286725196962871,0.0551593639532576,0.1834858857010999
Breast_MRI_060,0,256.0,26.0,5.0,0.0,1.0,4.0,2.0,0.6836,2.0,23.0,103.0,154.0,109.0,158.0,6.77177413936,47.0,0.0,0.0,1.0,0.0,0.0,TripleNeg,1.0,0.0,0.0,duke,1,test,10,8,17,-1,22.0,52.0,50.0,175.0016,2.0504984702797446,10,0.533624267578125,0.1350605564491421,0.2597076542464756,0.15663309120328,0.1176470588235294,0.2039215686274509,0.5019607843137255,4.119873046875e-05,0.2194010416666666,0.3893440940260885,0.2349349114775852,0.1411764705882353,0.3254901960784314,0.7450980392156863,0.0147415161132812,0.224072187835095,0.4130944728469184,0.2462781524114525,0.1529411764705882,0.3490196078431372,0.8235294117647058,0.0202896118164062,0.1296364397796128,0.168635690616229,0.3843137254901961,0.8101320490505294,0.0237503788208298,0.3647053434714897
Breast_MRI_061,1,256.0,46.0,4.0,0.0,1.0,3.0,2.0,0.6641,2.0,43.0,66.0,190.0,78.0,166.0,24.17323010491,59.0,1.0,0.0,1.0,0.0,0.0,TripleNeg,1.0,0.0,0.0,duke,0,train,10,18,27,2,42.0,125.0,89.0,170.0096,3.2257811324553516,10,0.5696304321289063,0.1214940448835784,0.2509656956770589,0.1150968902225195,0.1215686274509803,0.2196078431372549,0.4235294117647059,0.0,0.2150192799287683,0.4237095513979487,0.2373278241318069,0.1411764705882353,0.403921568627451,0.7607843137254902,0.0133499145507812,0.2387356028837316,0.4717199337587804,0.2563882426165968,0.1607843137254902,0.4470588235294118,0.8666666666666667,0.0267929077148437,0.1727438557208898,0.2055997547191654,0.4980392156862745,0.8030257368452776,0.0480103823608316,0.3399043421841041
Breast_MRI_064,0,256.0,21.0,5.0,0.0,1.0,4.0,2.0,0.6445,2.0,18.0,112.0,145.0,98.0,137.0,2.66466430375,55.0,1.0,1.0,0.0,0.0,0.0,TripleNeg,1.0,0.0,0.0,duke,0,train,10,5,14,1,17.0,34.0,40.0,164.992,1.2987367359866329,10,0.6600662231445312,0.1005954996744791,0.2618387571117037,0.1522830255511339,0.1176470588235294,0.2196078431372549,0.4745098039215686,0.0014801025390625,0.1436930936925551,0.3383928097563319,0.2269679781198325,0.1098039215686274,0.2823529411764706,0.6627450980392157,0.0125656127929687,0.1605877745385263,0.3843020019224187,0.2473976795192863,0.1215686274509803,0.3294117647058823,0.7803921568627451,0.0197769165039062,0.0765540526446282,0.1530639513184952,0.2549019607843137,0.6903478335031579,0.0459091921660866,0.3142441612539781
Breast_MRI_069,0,256.0,21.0,5.0,0.0,1.0,4.0,2.0,0.6641,2.0,18.0,115.0,141.0,110.0,147.0,1.37027651267,46.0,0.0,1.0,0.0,1.0,0.0,HRposHER2neg,0.0,0.0,1.0,duke,0,train,10,5,14,3,17.0,27.0,38.0,170.0096,0.8630066203540482,10,0.5782073974609375,0.1469530711454504,0.2927943556287021,0.1911052590885677,0.1137254901960784,0.2274509803921568,0.5647058823529412,0.0031387329101562,0.1807867132448682,0.3484160778837665,0.260063345230496,0.0509803921568627,0.3019607843137254,0.7215686274509804,0.0107559204101562,0.203130588905484,0.3892561679805665,0.2725580002101525,0.0627450980392156,0.3490196078431372,0.792156862745098,0.0137710571289062,0.0556217222550644,0.1789922958710512,0.2901960784313726,0.538411726827433,0.0408400900968,0.3551438721393791
Breast_MRI_082,0,256.0,34.0,4.0,0.0,1.0,3.0,1.1,0.75892859697342,2.0,31.0,106.0,151.0,97.0,143.0,18.1910586979519,29.0,0.0,0.0,0.0,1.0,0.0,HRposHER2neg,0.0,0.0,1.0,duke,0,train,10,12,21,4,30.0,46.0,47.0,194.2857208251955,2.954444477750155,10,0.5051849365234375,0.1712819477156097,0.320758076576052,0.1202067149837329,0.1843137254901961,0.3019607843137254,0.4784313725490196,0.00015869140625,0.283881716260723,0.5422478813223688,0.2185484175524362,0.2666666666666666,0.5254901960784314,0.8666666666666667,0.0199005126953125,0.2731821995155484,0.5220629321538226,0.2036788358792112,0.2862745098039215,0.4901960784313725,0.8156862745098039,0.0190185546875,0.2214898047463168,0.1646751805549583,0.4431372549019607,0.9229713644297248,-0.0201849491685462,0.555078604424544
Breast_MRI_086,0,256.0,78.0,4.0,0.0,1.0,3.0,2.0,0.78125,2.0,75.0,76.0,180.0,87.0,152.0,33.39599609375,36.0,0.0,1.0,0.0,1.0,1.0,HER2pos,0.0,1.0,0.0,duke,0,train,10,34,43,0,74.0,105.0,66.0,200.0,3.5379401649816593,10,0.68438720703125,0.0831094719381893,0.2272600210070491,0.1069147926010131,0.1176470588235294,0.192156862745098,0.3803921568627451,3.814697265625e-05,0.1554934153837316,0.389741848392809,0.2530493245413862,0.1176470588235294,0.3411764705882353,0.7529411764705882,0.0133010864257812,0.1668715652765012,0.4328331456349703,0.2711309516774531,0.1333333333333333,0.3803921568627451,0.8549019607843137,0.0202651977539062,0.1624818273857599,0.2411401227405274,0.5529411764705883,0.762280023206343,0.0430912972421612,0.3150502804099787
Breast_MRI_090,0,256.0,123.0,4.0,0.0,1.0,3.0,2.0,0.6836,2.0,120.0,70.0,187.0,66.0,190.0,154.9269395088,60.0,1.0,1.0,0.0,0.0,1.0,HER2pos,0.0,1.0,0.0,duke,0,train,10,56,65,4,119.0,118.0,125.0,175.0016,5.049387561063702,10,0.6864715576171875,0.0864143581016391,0.2337360177433832,0.0897370089805159,0.1215686274509803,0.2274509803921568,0.3529411764705882,1.220703125e-05,0.1645475021063112,0.4438642205960126,0.2794004548797699,0.1803921568627451,0.3294117647058823,0.984313725490196,0.0289901733398437,0.1799045936734068,0.4889124276398121,0.2680277235847169,0.2117647058823529,0.388235294117647,0.9647058823529412,0.026019287109375,0.2101282028526294,0.2255619717575693,0.6274509803921569,0.915186349611143,0.0450482070437994,0.2498904970945229
Breast_MRI_091,0,256.0,50.0,5.0,0.0,1.0,4.0,1.1,0.75892859697342,2.0,47.0,90.0,167.0,98.0,183.0,24.4595991952192,65.0,1.0,0.0,1.0,1.0,0.0,HRposHER2neg,0.0,0.0,1.0,duke,0,train,10,20,29,1,46.0,78.0,86.0,194.2857208251955,3.2370928504766416,10,0.469305419921875,0.1552553842581954,0.2584667956131146,0.1445950936585832,0.1215686274509803,0.2235294117647059,0.4156862745098039,0.004083251953125,0.2378087541168811,0.3837208492063975,0.2217533267948083,0.1568627450980392,0.3333333333333333,0.7058823529411765,0.018341064453125,0.2261132692823223,0.3678223249644427,0.212781836091996,0.1568627450980392,0.3215686274509804,0.6588235294117647,0.0180908203125,0.1252540535932828,0.185647380904806,0.4156862745098039,0.7441344926336128,-0.0158985242419547,0.4893989580098679
Breast_MRI_097,0,256.0,43.0,4.0,0.0,1.0,3.0,2.0,0.78125,2.0,40.0,101.0,155.0,98.0,158.0,20.27587890625,56.0,0.0,1.0,0.0,0.0,0.0,TripleNeg,1.0,0.0,0.0,duke,0,train,10,16,25,2,39.0,55.0,61.0,200.0,3.0575739852982604,10,0.7387100219726562,0.0857500502642463,0.2686550125045959,0.1555018138626812,0.1176470588235294,0.2235294117647059,0.4627450980392157,0.0015762329101562,0.1526649325501685,0.4231506726809645,0.2482025748176188,0.1686274509803921,0.3490196078431372,0.8392156862745098,0.015460205078125,0.1601658121744791,0.4718402865207657,0.270190998171319,0.1843137254901961,0.3843137254901961,0.9647058823529412,0.023486328125,0.1544956601763685,0.1831612688532935,0.4274509803921568,0.853479639568089,0.0486896138398012,0.2897237194797914
Breast_MRI_099,1,256.0,28.0,5.0,0.0,1.0,4.0,2.0,0.625,2.0,25.0,98.0,158.0,65.0,136.0,3.31796875,69.0,1.0,1.0,0.0,0.0,0.0,TripleNeg,1.0,0.0,0.0,duke,0,train,10,9,18,3,24.0,61.0,72.0,160.0,1.4627850949196002,10,0.6065933227539062,0.1106494260301777,0.2549443367173999,0.1619360689878647,0.1176470588235294,0.192156862745098,0.5137254901960784,0.0003692626953125,0.1135132673674938,0.2589700199399603,0.2116303617264657,0.0784313725490196,0.1843137254901961,0.5686274509803921,0.0084793090820312,0.1413253245634191,0.3230011956066835,0.2427139506630059,0.1058823529411764,0.2352941176470588,0.6980392156862745,0.0181365966796875,0.0040256832225604,0.1012805556836262,0.1098039215686274,0.4346121176155735,0.0640311756667231,0.223571985431866
Breast_MRI_101,0,256.0,23.0,5.0,0.0,1.0,4.0,1.1,0.69196426868439,2.0,20.0,102.0,155.0,61.0,100.0,3.4261575806021902,45.0,1.0,1.0,0.0,1.0,0.0,HRposHER2neg,0.0,0.0,1.0,duke,0,train,10,6,15,0,19.0,54.0,40.0,177.14285278320384,1.4875318443846317,10,0.4939590454101562,0.1567314357383578,0.2810687311841384,0.1316861472311526,0.1372549019607843,0.2549019607843137,0.4627450980392157,5.035400390625e-05,0.2720265586703431,0.4854253464477586,0.2470129880982809,0.192156862745098,0.4509803921568627,0.8509803921568627,0.0198379516601562,0.2576511338177849,0.4552803192746377,0.2352252006222933,0.1764705882352941,0.4156862745098039,0.792156862745098,0.0132965087890625,0.2043566152636202,0.212028669937127,0.5333333333333333,0.8564764698964838,-0.0301450271731209,0.5730025720738514
Breast_MRI_103,0,256.0,22.0,3.0,0.0,1.0,2.0,1.1,0.75892859697342,2.0,19.0,114.0,143.0,70.0,91.0,2.14019885839657,51.0,0.0,1.0,0.0,1.0,1.0,HER2pos,0.0,1.0,0.0,duke,0,train,10,6,15,1,18.0,30.0,22.0,194.2857208251955,1.1442861286144026,10,0.573748779296875,0.1279458199295343,0.2494426938695062,0.1220977952026144,0.1254901960784313,0.2235294117647059,0.392156862745098,0.0006790161132812,0.2225334376914828,0.39488498006703,0.2194029378569313,0.188235294117647,0.3294117647058823,0.7411764705882353,0.0177047729492187,0.224843947466682,0.4163093781121137,0.2160226868103531,0.2078431372549019,0.3529411764705882,0.7568627450980392,0.0160247802734375,0.1454422861975238,0.1955934329215542,0.4392156862745098,0.8254399530334923,0.0214243980450836,0.3846850523361542
Breast_MRI_104,0,256.0,23.0,4.0,0.0,1.0,3.0,2.0,0.80357140302658,2.0,20.0,113.0,143.0,70.0,97.0,1.32051171451351,71.0,1.0,0.0,1.0,1.0,0.0,HRposHER2neg,0.0,0.0,1.0,duke,0,train,10,6,15,2,19.0,31.0,28.0,205.7142791748045,0.841787727957633,10,0.5788192749023438,0.1448915788239123,0.2948448900799337,0.1718581956357948,0.1372549019607843,0.2470588235294117,0.5058823529411764,0.0041519165039062,0.1806486720664828,0.3705170922639502,0.2099786048387583,0.1725490196078431,0.3098039215686274,0.6980392156862745,0.0101699829101562,0.2012561513863358,0.4182173183375334,0.2133190816165835,0.2,0.3725490196078431,0.7098039215686275,0.0186172485351562,0.0756722021840164,0.1336672311881918,0.2078431372549019,0.7310207408749207,0.0477002260735831,0.2442641065120913
Breast_MRI_107,0,256.0,27.0,5.0,0.0,1.0,4.0,2.0,0.7617,2.0,24.0,152.0,187.0,113.0,144.0,1.49282086797,65.0,1.0,0.0,1.0,0.0,0.0,TripleNeg,1.0,0.0,0.0,duke,0,train,10,8,17,3,23.0,36.0,32.0,194.9952,0.9134149479565893,10,0.645977783203125,0.0857281314625459,0.215880939897294,0.1559969490160335,0.1137254901960784,0.1647058823529411,0.3568627450980392,0.002020263671875,0.1090184828814338,0.2721344872966341,0.1874832344871942,0.1254901960784313,0.2235294117647059,0.4784313725490196,0.0074127197265625,0.1305743527879901,0.326740283548552,0.2096314872070484,0.1450980392156863,0.2705882352941176,0.6,0.0134109497070312,0.05625354739934,0.0787267889044021,0.1372549019607843,0.7848300949950865,0.054605796251918,0.1582288847128596
Breast_MRI_114,0,256.0,21.0,4.0,0.0,1.0,3.0,2.0,0.7031,2.0,18.0,103.0,153.0,112.0,146.0,1.96998319585,49.0,0.0,1.0,0.0,1.0,0.0,HRposHER2neg,0.0,0.0,1.0,duke,0,train,10,5,14,4,17.0,51.0,35.0,179.9936,1.088556294835639,10,0.584503173828125,0.125396255792356,0.2595622763244115,0.160407974274262,0.1137254901960784,0.196078431372549,0.5137254901960784,0.000250244140625,0.19241829068053,0.3738859245497685,0.2267018399934281,0.1372549019607843,0.3137254901960784,0.7098039215686275,0.0086044311523437,0.2151324223537071,0.4252829275669136,0.2609795524651094,0.1529411764705882,0.3529411764705882,0.8549019607843137,0.0212112426757812,0.1143236482253569,0.1323508233826667,0.2862745098039215,0.8418105031215571,0.0513970030171451,0.2338523687109805
Breast_MRI_115,1,256.0,28.0,5.0,0.0,1.0,4.0,2.0,0.6641,2.0,25.0,74.0,183.0,95.0,161.0,6.801105279010001,36.0,0.0,1.0,0.0,1.0,1.0,HER2pos,0.0,1.0,0.0,duke,0,train,10,9,18,1,24.0,110.0,67.0,170.0096,2.0542654260938837,10,0.6163177490234375,0.0987918330173866,0.2324565675942279,0.0981081441715588,0.1215686274509803,0.2117647058823529,0.3764705882352941,0.0,0.1862749406403186,0.4354993274303159,0.2722607575246404,0.1529411764705882,0.3490196078431372,0.8901960784313725,0.024127197265625,0.182980364631204,0.417468096803247,0.223851472113307,0.1529411764705882,0.392156862745098,0.7215686274509804,0.0092422485351562,0.2030427598360879,0.2353229823595782,0.5882352941176471,0.8307496520182939,-0.0180312306270688,0.5027679459137006
Breast_MRI_117,0,256.0,29.0,4.0,0.0,1.0,3.0,1.1,0.6641,2.0,26.0,110.0,147.0,113.0,144.0,3.368269330613,32.0,0.0,0.0,0.0,0.0,0.0,TripleNeg,1.0,0.0,0.0,duke,0,train,10,9,18,0,25.0,38.0,32.0,170.0096,1.4743668964805816,10,0.7238265991210937,0.0820250866459865,0.2395810346039815,0.1137625608373902,0.1176470588235294,0.2117647058823529,0.403921568627451,0.000439453125,0.1544603654450061,0.4101191867132117,0.2518469249901086,0.1411764705882353,0.3490196078431372,0.8156862745098039,0.0163604736328125,0.1474277451459099,0.403086892213251,0.2315849619461764,0.1450980392156863,0.3568627450980392,0.7254901960784313,0.0099700927734375,0.1705381521092301,0.2215179666927141,0.5254901960784314,0.7948649947788036,-0.0070322944999606,0.4548407949478709
Breast_MRI_119,0,256.0,68.0,5.0,0.0,1.0,4.0,1.1,0.71428573131561,2.0,65.0,71.0,185.0,65.0,139.0,30.4346449680338,56.0,1.0,1.0,0.0,1.0,1.0,HER2pos,0.0,1.0,0.0,duke,0,train,10,29,38,2,64.0,115.0,75.0,182.85714721679616,3.4479106276097626,10,0.6171524047851562,0.1111047123927696,0.2570434961468196,0.1419612768258968,0.1254901960784313,0.2156862745098039,0.4588235294117647,0.0001998901367187,0.1594001022039675,0.3587539220101698,0.2305524713845367,0.1568627450980392,0.2901960784313726,0.7333333333333333,0.0192276000976562,0.1762193747127757,0.3985970986522172,0.2526296214121921,0.1803921568627451,0.3137254901960784,0.9529411764705882,0.0354476928710937,0.1017104258633502,0.1527522969827129,0.3215686274509804,0.8042948868686305,0.0398431766420473,0.2976170073693818
Breast_MRI_120,0,256.0,12.0,5.0,0.0,1.0,4.0,2.5,0.80357140302658,2.0,9.0,89.0,115.0,112.0,144.0,1.74184858185828,46.0,0.0,1.0,0.0,1.0,0.0,HRposHER2neg,0.0,0.0,1.0,duke,1,test,8,2,9,-1,8.0,27.0,33.0,205.7142791748045,1.0086323578276994,8,0.5114154815673828,0.1670568129595588,0.3220503135728583,0.1866785883328857,0.1490196078431372,0.2627450980392157,0.6078431372549019,0.0031623840332031,0.1890983656340954,0.3546204031212538,0.2004842074744552,0.1607843137254902,0.2980392156862745,0.6509803921568628,0.0076141357421875,0.2138486525591682,0.384599225251412,0.2167903055014056,0.1803921568627451,0.3215686274509804,0.7137254901960784,0.0205764770507812,0.0325700895483955,0.1230575151039997,0.1725490196078431,0.6190373947431088,0.0299788221301582,0.4073329455533477
Breast_MRI_123,0,256.0,29.0,5.0,0.0,1.0,4.0,2.0,0.6641,2.0,26.0,103.0,154.0,96.0,135.0,7.30652429527,41.0,0.0,0.0,1.0,1.0,0.0,HRposHER2neg,0.0,0.0,1.0,duke,0,train,10,9,18,3,25.0,52.0,40.0,170.0096,2.1170412656905375,10,0.59459228515625,0.119901398303462,0.2642614129148091,0.1306444493916944,0.1215686274509803,0.2352941176470588,0.4588235294117647,0.000311279296875,0.1839374557195925,0.3983032877720056,0.277581044871676,0.0941176470588235,0.3294117647058823,0.8549019607843137,0.0209609985351562,0.1848067698759191,0.392210987854839,0.2344516488783074,0.1176470588235294,0.3607843137254902,0.7254901960784313,0.0060379028320312,0.1340418748571964,0.2323334796665548,0.5294117647058824,0.6610874409081329,-0.0060922999171665,0.4583496431905092
Breast_MRI_129,0,256.0,19.0,5.0,0.0,1.0,4.0,2.0,0.7227,2.0,16.0,115.0,141.0,172.0,197.0,0.93281938794,51.0,1.0,0.0,1.0,0.0,0.0,TripleNeg,1.0,0.0,0.0,duke,0,train,10,4,13,4,15.0,27.0,26.0,185.0112,0.6589797597200517,10,0.43817138671875,0.1418409699084712,0.2316995452173264,0.1403218964639546,0.1176470588235294,0.1843137254901961,0.403921568627451,0.0025115966796875,0.1992533246208639,0.3054659658540222,0.190506749833991,0.1372549019607843,0.2509803921568627,0.5607843137254902,0.0109710693359375,0.2305002369600184,0.3589562790895826,0.2074064780646815,0.1647058823529411,0.3019607843137254,0.6509803921568628,0.0171585083007812,0.0737664206366957,0.1231195715364413,0.2078431372549019,0.7484166214014123,0.0534903132355603,0.2354155350353069
Breast_MRI_134,1,256.0,30.0,5.0,0.0,1.0,4.0,2.0,0.6836,2.0,27.0,113.0,144.0,115.0,141.0,0.5369379950400001,36.0,1.0,1.0,0.0,1.0,1.0,HER2pos,0.0,1.0,0.0,duke,0,train,10,10,19,1,26.0,32.0,27.0,175.0016,0.4297921221942457,10,0.6743576049804687,0.0952166628370098,0.2532306363901054,0.1217442116947485,0.1294117647058823,0.2235294117647059,0.4078431372549019,0.0005142211914062,0.1668447337431066,0.4047583149785149,0.2377512355279126,0.1686274509803921,0.3372549019607843,0.7803921568627451,0.01673583984375,0.1612122659122242,0.4003884946274199,0.2073382552448762,0.1647058823529411,0.3647058823529411,0.6862745098039216,0.0046981811523437,0.1515276785884095,0.2186473131450177,0.5058823529411764,0.7805007192626503,-0.0043698203510949,0.4212957973506768
Breast_MRI_136,0,256.0,17.0,5.0,0.0,1.0,4.0,2.0,0.5859,2.0,14.0,108.0,149.0,79.0,123.0,2.1935515959,42.0,0.0,1.0,0.0,1.0,0.0,HRposHER2neg,0.0,0.0,1.0,duke,0,train,10,3,12,0,13.0,42.0,45.0,149.9904,1.1611336504257066,10,0.4787185668945313,0.1832787308038449,0.3298663827657007,0.1739964518379011,0.1294117647058823,0.2980392156862745,0.5686274509803921,0.0011138916015625,0.2601244040096507,0.4495895965425426,0.2625929109544678,0.1098039215686274,0.4196078431372549,0.8352941176470589,0.0197479248046875,0.2440861122280943,0.4184035598508796,0.2408347527743997,0.1019607843137254,0.4,0.7490196078431373,0.0090469360351562,0.1197232137768419,0.2162938377333053,0.4156862745098039,0.6780640874403955,-0.0311860366916629,0.5460487607829592
Breast_MRI_137,0,256.0,25.0,4.0,0.0,1.0,3.0,1.3,0.75892859697342,2.0,22.0,112.0,145.0,134.0,162.0,3.46902533747167,54.0,0.0,1.0,0.0,1.0,0.0,HRposHER2neg,0.0,0.0,1.0,duke,0,train,10,7,16,2,21.0,34.0,29.0,194.2857208251955,1.497170339541792,10,0.6137252807617187,0.1497707232306985,0.346124110895242,0.1645666398575249,0.1686274509803921,0.3098039215686274,0.5764705882352941,0.000213623046875,0.2460585710114123,0.5701749547019468,0.2612966092870376,0.2235294117647059,0.5764705882352941,0.9333333333333332,0.023455810546875,0.2348135256299785,0.5411517622071602,0.2343269924257409,0.2274509803921568,0.5568627450980392,0.8549019607843137,0.0113967895507812,0.2240508438067048,0.23303280355372,0.5647058823529412,0.8298274928994387,-0.0290231924947866,0.5606184500037528
Breast_MRI_141,0,256.0,26.0,4.0,0.0,1.0,3.0,2.0,0.78125,2.0,23.0,114.0,142.0,120.0,146.0,4.195556640625,64.0,1.0,1.0,0.0,1.0,1.0,HER2pos,0.0,1.0,0.0,duke,0,train,10,8,17,3,22.0,29.0,27.0,200.0,1.647803768113328,10,0.5961471557617187,0.1198159790039062,0.2813757531697564,0.1615236555194502,0.1372549019607843,0.2274509803921568,0.5176470588235295,0.0006362915039062,0.1754969877355238,0.4103152002141928,0.245874269623887,0.1725490196078431,0.3215686274509804,0.8313725490196079,0.0142303466796875,0.190923324285769,0.4448952479971468,0.2403833140550613,0.196078431372549,0.3686274509803922,0.8235294117647058,0.0188369750976562,0.1289394470444363,0.2139557665012939,0.4980392156862745,0.7893897660851856,0.034580047782954,0.2919684587163589
Breast_MRI_142,1,256.0,15.0,4.0,0.0,1.0,3.0,2.0,0.71428573131561,2.0,12.0,123.0,133.0,132.0,145.0,0.566836761722755,49.0,0.0,1.0,0.0,1.0,0.0,HRposHER2neg,0.0,0.0,1.0,duke,0,train,10,2,11,4,11.0,11.0,14.0,182.85714721679616,0.4490587854668616,10,0.6619476318359375,0.1181259514303768,0.2817941230458403,0.1309786415446969,0.1333333333333333,0.2588235294117647,0.4588235294117647,1.52587890625e-06,0.2504827043121936,0.6173349030511611,0.2302437960205287,0.3294117647058823,0.611764705882353,0.9607843137254902,0.0260711669921875,0.2418476359049479,0.5953431173413639,0.2025519111719954,0.3372549019607843,0.6078431372549019,0.8431372549019608,0.0049224853515625,0.3355407800053209,0.2438654641040105,0.6862745098039216,0.9267646448141696,-0.0219917857097972,0.5569407707654392
Breast_MRI_144,1,256.0,28.0,4.0,0.0,1.0,3.0,1.1,0.80357140302658,2.0,25.0,95.0,145.0,102.0,154.0,1.26717455447211,58.0,1.0,1.0,0.0,0.0,1.0,HER2pos,0.0,1.0,0.0,duke,0,train,10,9,18,0,24.0,51.0,53.0,205.7142791748045,0.8185343665638931,10,0.5238540649414063,0.1644029026405484,0.3099194270445811,0.1497878757705006,0.1764705882352941,0.2784313725490196,0.4666666666666667,0.0054840087890625,0.1951101265701593,0.3697760964490203,0.1665322978298089,0.2156862745098039,0.3411764705882353,0.5529411764705883,0.0105010986328125,0.2136932432885263,0.4075824299217871,0.1728425696112389,0.2509803921568627,0.3725490196078431,0.6039215686274509,0.0154876708984375,0.0598566694044392,0.0950047969585578,0.1568627450980392,0.7572769486647845,0.0378063334727668,0.2831624723198749
Breast_MRI_148,0,256.0,60.0,5.0,0.0,1.0,4.0,2.0,0.7031,2.0,57.0,86.0,171.0,77.0,180.0,81.06888689351,42.0,0.0,1.0,0.0,0.0,0.0,TripleNeg,1.0,0.0,0.0,duke,0,train,10,25,34,1,56.0,86.0,104.0,179.9936,4.407558978658331,10,0.7785873413085938,0.0639920043945312,0.2069231813879199,0.0874851892148234,0.1098039215686274,0.1803921568627451,0.3411764705882353,0.0,0.1132946777343749,0.395163961728863,0.2789572582702895,0.0980392156862745,0.3058823529411765,0.8352941176470589,0.0044326782226562,0.1366481107823988,0.4669374104350399,0.3062397320659008,0.1294117647058823,0.3843137254901961,0.976470588235294,0.0194503784179687,0.1882407803409431,0.2104165280643744,0.5137254901960784,0.7797250267047999,0.0717734487061769,0.2202611901726336
Breast_MRI_150,0,256.0,52.0,5.0,0.0,1.0,4.0,2.0,0.6836,2.0,49.0,59.0,198.0,69.0,156.0,24.6131629232,64.0,1.0,0.0,1.0,1.0,0.0,HRposHER2neg,0.0,0.0,1.0,duke,0,train,10,21,30,2,48.0,140.0,88.0,175.0016,3.2431063960294786,10,0.6251480102539062,0.105681702856924,0.243534259789814,0.1479721079358464,0.1137254901960784,0.188235294117647,0.4784313725490196,0.0001205444335937,0.1375271965475643,0.2952115575513818,0.242635648328111,0.0823529411764705,0.2156862745098039,0.6784313725490196,0.0148361206054687,0.1565301094803155,0.3341595408918626,0.269767448514135,0.0901960784313725,0.2392156862745098,0.8431372549019608,0.02808837890625,0.0516772977615676,0.1530834389861904,0.2588235294117647,0.5816830373316291,0.0389479833404808,0.3546118056036114
Breast_MRI_156,0,256.0,49.0,4.0,0.0,1.0,3.0,2.0,0.75892859697342,2.0,46.0,112.0,144.0,91.0,149.0,11.0615540769142,37.0,0.0,1.0,0.0,1.0,1.0,HER2pos,0.0,1.0,0.0,duke,0,train,10,19,28,3,45.0,33.0,59.0,194.2857208251955,2.490023045096054,10,0.6910659790039062,0.1115247659122242,0.264984190284877,0.1483560579534928,0.1176470588235294,0.2274509803921568,0.4627450980392157,0.0005966186523437,0.1740012494255514,0.3972761907694972,0.2594652770567137,0.0941176470588235,0.3450980392156862,0.792156862745098,0.0124343872070312,0.1778079163794424,0.417443942553338,0.2616077323171239,0.0980392156862745,0.3686274509803922,0.8196078431372549,0.0109054565429687,0.1322920004846201,0.2290804609772852,0.4705882352941176,0.6819221289815917,0.0201677517838408,0.422640186108079
Breast_MRI_157,1,256.0,45.0,4.0,0.0,1.0,3.0,2.0,0.66964286565781,2.0,42.0,103.0,153.0,104.0,153.0,10.989018933802098,46.0,0.0,0.0,1.0,1.0,0.0,HRposHER2neg,0.0,0.0,1.0,duke,0,train,10,17,26,4,41.0,51.0,50.0,171.42857360839935,2.48399114198877,10,0.37235107421875,0.1870657169117647,0.2757743013964635,0.147122869749619,0.1294117647058823,0.2313725490196078,0.4901960784313725,0.0018951416015625,0.2832629514208027,0.4113132835062181,0.2145256893927791,0.1686274509803921,0.392156862745098,0.6823529411764706,0.0212997436523437,0.2908738140031403,0.4237853544280578,0.2049537082367637,0.192156862745098,0.4078431372549019,0.6627450980392157,0.0247817993164062,0.1355389821097546,0.1675928339616054,0.3725490196078431,0.8071600832409515,0.0124720709218397,0.3966149328043254
Breast_MRI_160,0,256.0,28.0,5.0,0.0,1.0,4.0,2.0,0.625,2.0,25.0,105.0,152.0,129.0,182.0,3.951171875,44.0,0.0,0.0,1.0,0.0,0.0,TripleNeg,1.0,0.0,0.0,duke,0,train,10,9,18,3,24.0,48.0,54.0,160.0,1.5996242909857759,10,0.5147216796875,0.1285225064146752,0.2358120455507251,0.125732208037094,0.1176470588235294,0.192156862745098,0.4274509803921568,1.52587890625e-06,0.1988098383884803,0.327536888629779,0.2325679474214791,0.0941176470588235,0.2627450980392157,0.6470588235294118,0.0162979125976562,0.2137587603400735,0.3550616808075547,0.2315111898529992,0.1137254901960784,0.2941176470588235,0.6784313725490196,0.0168289184570312,0.0917248430790538,0.2017238130631889,0.3647058823529411,0.6331909996478342,0.0275247921777756,0.3939069024500679
Breast_MRI_163,0,256.0,46.0,5.0,0.0,1.0,4.0,2.0,0.6641,2.0,43.0,90.0,167.0,86.0,170.0,35.44239825803,32.0,0.0,0.0,1.0,1.0,0.0,HRposHER2neg,0.0,0.0,1.0,duke,0,train,10,18,27,0,42.0,78.0,85.0,170.0096,3.595732884112782,10,0.7241546630859375,0.075862325032552,0.2036828184238104,0.094170659984111,0.1098039215686274,0.1725490196078431,0.3529411764705882,0.0,0.1442546650007659,0.4029000795906321,0.3079777473928858,0.0901960784313725,0.2901960784313726,0.992156862745098,0.0271408081054687,0.1516919424019608,0.4151334786312494,0.277204666865229,0.1058823529411764,0.3372549019607843,0.8549019607843137,0.00838623046875,0.1992172611668216,0.2515346218019603,0.6274509803921569,0.7558275896403324,0.0122333990406172,0.3873203597782916
Breast_MRI_167,0,256.0,36.0,4.0,0.0,1.0,3.0,2.0,0.7031,2.0,33.0,98.0,159.0,129.0,166.0,2.68975622801,51.0,1.0,0.0,1.0,1.0,0.0,HRposHER2neg,0.0,0.0,1.0,duke,0,train,10,13,22,2,32.0,62.0,38.0,179.9936,1.3055603930002695,10,0.55982666015625,0.1258459412817861,0.2480510155197718,0.1855170304796356,0.1098039215686274,0.1686274509803921,0.5411764705882353,0.0013229370117187,0.1599420465207567,0.297100109352374,0.2236625566888507,0.1098039215686274,0.2156862745098039,0.6588235294117647,0.0108535766601562,0.196301622577742,0.3606785502409178,0.2406960493228458,0.1450980392156863,0.2784313725490196,0.7764705882352941,0.0192169189453125,0.0490490938326022,0.0962555878409488,0.1372549019607843,0.7098019911811199,0.0635784408885437,0.1607088382927979
Breast_MRI_168,0,256.0,21.0,4.0,0.0,1.0,3.0,2.0,0.78125,2.0,18.0,117.0,140.0,143.0,169.0,3.2269287109375,43.0,0.0,1.0,0.0,1.0,0.0,HRposHER2neg,0.0,0.0,1.0,duke,0,train,10,5,14,1,17.0,24.0,27.0,200.0,1.441475656275058,10,0.6980560302734375,0.0831773406384038,0.2381528425238966,0.1205167694986097,0.1137254901960784,0.196078431372549,0.4235294117647059,1.983642578125e-05,0.1673371976964614,0.4249520064542327,0.2361564453336146,0.1568627450980392,0.392156862745098,0.7490196078431373,0.015625,0.1743476179534313,0.4523041559130803,0.2288851613774295,0.192156862745098,0.4235294117647059,0.796078431372549,0.0156097412109375,0.186799163930336,0.2407467610581882,0.5450980392156862,0.796242204950425,0.0273521494588476,0.3671480983616498
Breast_MRI_176,0,256.0,31.0,5.0,0.0,1.0,4.0,1.2,1.1875,2.0,28.0,63.0,135.0,59.0,99.0,6.99381121540899,45.0,0.0,1.0,0.0,1.0,0.0,HRposHER2neg,0.0,0.0,1.0,duke,1,test,10,10,19,-1,27.0,73.0,41.0,304.0,2.0786676442245593,10,0.4098693847656249,0.1702488319546568,0.2707872603673426,0.1623040535639774,0.1333333333333333,0.2196078431372549,0.4745098039215686,0.0053268432617187,0.2235887594784007,0.3405435509812642,0.184865555689588,0.1764705882352941,0.2862745098039215,0.5882352941176471,0.010528564453125,0.2412704108743106,0.3722402610242024,0.191489587356988,0.196078431372549,0.3176470588235294,0.6352941176470588,0.0148422241210937,0.0697562906139215,0.0884006158297263,0.1294117647058823,0.9058249816417926,0.0316967100429382,0.2048232957895063
Breast_MRI_178,0,256.0,36.0,4.0,0.0,1.0,3.0,2.0,0.6641,2.0,33.0,92.0,165.0,99.0,158.0,8.52288175325,33.0,0.0,1.0,0.0,0.0,0.0,TripleNeg,1.0,0.0,0.0,duke,1,test,10,13,22,-1,32.0,74.0,60.0,170.0096,2.253697508170626,10,0.5775588989257813,0.1355456423291973,0.2688861942514416,0.1581051068937462,0.1176470588235294,0.2196078431372549,0.4980392156862745,0.001025390625,0.1875420604032628,0.3472568985044054,0.2432325432582101,0.0823529411764705,0.2941176470588235,0.6980392156862745,0.0156829833984375,0.2022426709941789,0.3851891450635901,0.2587727389251431,0.0862745098039215,0.3411764705882353,0.7764705882352941,0.0223312377929687,0.0783707042529637,0.1937738608096223,0.3450980392156862,0.6162014946668063,0.0379322465591847,0.4018732097771003
Breast_MRI_180,0,256.0,31.0,4.0,0.0,1.0,3.0,1.3,0.78125,2.0,28.0,101.0,156.0,99.0,158.0,12.0351558085532,76.0,1.0,1.0,0.0,1.0,0.0,HRposHER2neg,0.0,0.0,1.0,duke,0,train,10,10,19,4,27.0,56.0,60.0,200.0,2.567650000405949,10,0.5772384643554688,0.1467024141199448,0.3115856060861801,0.190647389061347,0.1294117647058823,0.2431372549019607,0.592156862745098,0.0024749755859375,0.1660815369849111,0.3525335505149252,0.2352172410422896,0.1372549019607843,0.2666666666666666,0.7137254901960784,0.0182952880859375,0.1756527889476103,0.3735419771295498,0.2424450620880598,0.1529411764705882,0.2901960784313726,0.7764705882352941,0.023394775390625,0.0409479444287451,0.1114940208066119,0.1490196078431372,0.6332576580608602,0.0210084266146246,0.3391780149497764
Breast_MRI_183,1,256.0,19.0,4.0,0.0,1.0,3.0,1.2,0.75892859697342,2.0,16.0,115.0,142.0,109.0,147.0,3.28719071413132,63.0,1.0,1.0,0.0,1.0,1.0,HER2pos,0.0,1.0,0.0,duke,1,test,10,4,13,-1,15.0,28.0,39.0,194.2857208251955,1.455631673244329,10,0.5405899047851562,0.1349277331782322,0.2590549715015191,0.1461098748925357,0.1254901960784313,0.2117647058823529,0.4470588235294118,0.00235595703125,0.2043765438304227,0.3870134403523432,0.2092730435475208,0.188235294117647,0.3254901960784314,0.7098039215686275,0.0123855590820312,0.2182040644626991,0.4191985309829112,0.211190580531904,0.2039215686274509,0.3607843137254902,0.7215686274509804,0.017303466796875,0.127958468850824,0.1599057243571051,0.2941176470588235,0.907466146758824,0.032185090630568,0.2961216159214027
Breast_MRI_189,0,256.0,36.0,5.0,0.0,1.0,4.0,1.1,0.80357140302658,2.0,33.0,91.0,153.0,41.0,80.0,11.1936132107916,47.0,1.0,0.0,1.0,1.0,1.0,HER2pos,0.0,1.0,0.0,duke,0,train,10,13,22,1,32.0,63.0,40.0,205.7142791748045,2.500912307349251,10,0.4143753051757812,0.1832216449812347,0.2954641277295451,0.1543143774645262,0.1607843137254902,0.2509803921568627,0.4941176470588235,0.0039016723632812,0.1985701856426164,0.3208828855478147,0.1780095724192384,0.1686274509803921,0.2627450980392157,0.5529411764705883,0.010406494140625,0.216152774586397,0.3499310625642928,0.1905571449197655,0.188235294117647,0.2901960784313726,0.615686274509804,0.0128631591796875,0.0254187578182695,0.0775177403467534,0.0823529411764705,0.6259148764314283,0.0290481770164781,0.2782944019593794
Breast_MRI_192,0,256.0,47.0,4.0,0.0,1.0,3.0,1.04,0.80357140302658,2.0,44.0,73.0,128.0,82.0,152.0,6.25352998527784,50.0,0.0,1.0,0.0,1.0,0.0,HRposHER2neg,0.0,0.0,1.0,duke,1,test,10,18,27,-1,43.0,56.0,71.0,205.7142791748045,1.981488244892989,10,0.5905517578125,0.1368699376723345,0.2847902717225463,0.1476494122347531,0.1490196078431372,0.2470588235294117,0.4588235294117647,0.0020355224609375,0.1865766098920036,0.3945056885075895,0.194670340886527,0.2156862745098039,0.3411764705882353,0.6509803921568628,0.0151840209960937,0.1988061284083946,0.4208664057120075,0.207258321548178,0.2313725490196078,0.3607843137254902,0.7215686274509804,0.0220809936523437,0.1097154167850432,0.1135421740050291,0.2470588235294117,0.8829042692743426,0.0263607172044179,0.3421419414465446
Breast_MRI_198,0,256.0,55.0,5.0,0.0,1.0,4.0,2.0,0.75892859697342,2.0,52.0,85.0,171.0,147.0,197.0,19.5600300157253,43.0,0.0,1.0,0.0,1.0,0.0,HRposHER2neg,0.0,0.0,1.0,duke,0,train,10,22,31,2,51.0,87.0,51.0,194.2857208251955,3.023348900494717,10,0.4072509765625,0.1686659390318627,0.2615934936106326,0.1509706922648572,0.1294117647058823,0.2117647058823529,0.4627450980392157,0.00084228515625,0.2780057779947916,0.4235749808799503,0.228281388012995,0.1725490196078431,0.3764705882352941,0.7372549019607844,0.0129318237304687,0.2861203002929687,0.4362060148001702,0.2310378141499728,0.1803921568627451,0.403921568627451,0.7686274509803922,0.033734130859375,0.1619814872693177,0.1942298365552124,0.4588235294117647,0.8162609662671444,0.0126310339202199,0.4143652951110013
Breast_MRI_205,0,256.0,63.0,4.0,0.0,1.0,3.0,2.0,0.6641,2.0,60.0,85.0,172.0,101.0,189.0,26.87276745092,46.0,1.0,0.0,1.0,1.0,0.0,HRposHER2neg,0.0,0.0,1.0,duke,0,train,10,26,35,0,59.0,88.0,89.0,170.0096,3.3276501351259755,10,0.5335281372070313,0.1560723996629902,0.2970240952874458,0.1760412930165988,0.1215686274509803,0.2431372549019607,0.5568627450980392,0.0027557373046875,0.206080597522212,0.371917054757737,0.2611992684271546,0.0823529411764705,0.3098039215686274,0.7647058823529411,0.0169189453125,0.2289634554993872,0.4181930705532024,0.2764655912918672,0.0941176470588235,0.3647058823529411,0.8666666666666667,0.0289398193359375,0.0748929594702912,0.1881351974041773,0.3450980392156862,0.5908271645726136,0.0462760157954653,0.3469367727922487
Breast_MRI_217,1,256.0,51.0,5.0,0.0,1.0,4.0,2.0,0.5469,2.0,48.0,78.0,178.0,95.0,199.0,40.47505652403,50.0,0.0,0.0,1.0,0.0,0.0,TripleNeg,1.0,0.0,0.0,duke,0,train,10,20,29,4,47.0,101.0,105.0,140.0064,3.72509219892139,10,0.5724014282226563,0.1415842153511795,0.2938254791337762,0.1305149806402294,0.1294117647058823,0.2823529411764706,0.4823529411764706,0.0,0.2286317413928462,0.4697467586440066,0.270309696116334,0.1294117647058823,0.4274509803921568,0.8784313725490196,0.0172821044921875,0.2159188005035998,0.4381254512646114,0.2502635615320456,0.1058823529411764,0.4235294117647059,0.788235294117647,0.0078384399414062,0.1759212795102303,0.2076817056161007,0.4823529411764706,0.7772480560680296,-0.0316213073793952,0.5633245429663385
Breast_MRI_218,0,256.0,28.0,5.0,0.0,1.0,4.0,2.0,0.7227,2.0,25.0,102.0,155.0,100.0,146.0,5.88731250888,53.0,1.0,1.0,0.0,0.0,0.0,TripleNeg,1.0,0.0,0.0,duke,1,test,10,9,18,-1,24.0,54.0,47.0,185.0112,1.9296809521673113,10,0.6401351928710938,0.0817505600873161,0.2000117227533904,0.1043186459339475,0.1137254901960784,0.1647058823529411,0.3529411764705882,0.0004486083984375,0.1180499267578125,0.2696899398240306,0.2184817732324362,0.1019607843137254,0.196078431372549,0.5176470588235295,0.0147567749023437,0.1349953984279258,0.3142357708429516,0.2132179759921947,0.1372549019607843,0.2431372549019607,0.6,0.01351318359375,0.0696782170706402,0.1688623061358549,0.2431372549019607,0.6399099393235272,0.0445458310189209,0.2714922341747194
Breast_MRI_228,0,256.0,39.0,5.0,0.0,1.0,4.0,1.1,0.7031,2.0,36.0,98.0,159.0,124.0,165.0,7.427553455289,66.0,1.0,1.0,0.0,1.0,0.0,HRposHER2neg,0.0,0.0,1.0,duke,0,train,10,14,23,3,35.0,62.0,42.0,179.9936,2.131506511065203,10,0.5752426147460937,0.1161620136335784,0.2376615775688906,0.1406250891579906,0.1137254901960784,0.1803921568627451,0.4549019607843137,3.0517578125e-05,0.1700996428844975,0.3067524492634582,0.2226591676538472,0.1019607843137254,0.2274509803921568,0.596078431372549,0.0154937744140625,0.1830942909390318,0.339478907211538,0.24082243766846,0.1137254901960784,0.2549019607843137,0.6941176470588235,0.01988525390625,0.0690908716945676,0.1630883708842871,0.2705882352941176,0.6549939109599129,0.0327264579480797,0.3408461430690917
Breast_MRI_233,0,256.0,21.0,4.0,0.0,1.0,3.0,2.0,0.7031,2.0,18.0,112.0,144.0,160.0,182.0,2.34766629789,45.0,0.0,1.0,0.0,0.0,0.0,TripleNeg,1.0,0.0,0.0,duke,0,train,10,5,14,0,17.0,33.0,23.0,179.9936,1.2082634755837713,10,0.481439208984375,0.154055373247932,0.2661200606229709,0.1718225586013878,0.1176470588235294,0.2078431372549019,0.5019607843137255,0.00103759765625,0.1833184634937959,0.2848699437873571,0.221426909838213,0.0784313725490196,0.2156862745098039,0.6,0.0101486206054687,0.2040729477826286,0.3206653179509583,0.239159254183394,0.0901960784313725,0.2470588235294117,0.6745098039215687,0.0189315795898437,0.0187498831643861,0.1718426314566954,0.2274509803921568,0.4959334282788573,0.0357953741636012,0.3704846929767776
Breast_MRI_234,0,256.0,53.0,4.0,0.0,1.0,3.0,2.0,0.6641,2.0,50.0,135.0,188.0,92.0,165.0,15.33765892537,43.0,0.0,1.0,0.0,1.0,1.0,HER2pos,0.0,1.0,0.0,duke,0,train,10,21,30,1,49.0,54.0,74.0,170.0096,2.7934728065461796,10,0.7104507446289062,0.102358003504136,0.2972197242136543,0.1648364954647146,0.1176470588235294,0.2549019607843137,0.5490196078431373,0.0,0.1287349147422641,0.3699188309960549,0.2457486064882963,0.1254901960784313,0.3019607843137254,0.7450980392156863,0.0155441284179687,0.1474128992417279,0.4216397496556261,0.2603898451020269,0.1529411764705882,0.3529411764705882,0.8901960784313725,0.0221038818359375,0.0726991067824006,0.1327218102201084,0.2470588235294117,0.7036504197429371,0.0517209186595711,0.2107884211025564
Breast_MRI_237,0,256.0,37.0,4.0,0.0,1.0,3.0,1.1,1.125,2.0,34.0,102.0,136.0,142.0,178.0,18.7833921215242,35.0,0.0,0.0,0.0,1.0,0.0,HRposHER2neg,0.0,0.0,1.0,duke,0,train,10,13,22,2,33.0,35.0,37.0,288.0,2.9848428039850496,10,0.5768051147460938,0.1443633614334405,0.3118590528749674,0.1676112609735325,0.1411764705882353,0.2666666666666666,0.5529411764705883,0.0017242431640625,0.2159911989698223,0.4569266635064489,0.2457897034104009,0.1725490196078431,0.4117647058823529,0.8196078431372549,0.0135879516601562,0.2201292030484068,0.4692755925496629,0.2458100517135343,0.192156862745098,0.4196078431372549,0.8549019607843137,0.01905517578125,0.1450676106314815,0.2138704112827176,0.4666666666666667,0.7584200183886495,0.012348929043214,0.3883105878959418
Breast_MRI_239,0,256.0,29.0,4.0,0.0,1.0,3.0,2.0,0.6641,2.0,26.0,109.0,147.0,148.0,187.0,4.42616513716,59.0,1.0,1.0,0.0,1.0,1.0,HER2pos,0.0,1.0,0.0,duke,0,train,10,9,18,4,25.0,39.0,40.0,170.0096,1.6912326481930844,10,0.47821044921875,0.1706545003255208,0.2867398663758403,0.1984036955516708,0.1176470588235294,0.2078431372549019,0.6039215686274509,0.0032485961914062,0.2112739892099417,0.3180761997160544,0.2432867527866761,0.0745098039215686,0.2392156862745098,0.6862745098039216,0.0144439697265625,0.2272079168581495,0.3467016667469421,0.255863457780436,0.0823529411764705,0.2705882352941176,0.7490196078431373,0.0196884155273437,0.031336333340214,0.1688313039652669,0.2509803921568627,0.5166189027956486,0.0286254670308876,0.3988127266346941
Breast_MRI_240,0,256.0,30.0,4.0,0.0,1.0,3.0,1.2,0.6641,2.0,27.0,94.0,162.0,131.0,159.0,5.010792927696,37.0,0.0,0.0,0.0,1.0,0.0,HRposHER2neg,0.0,0.0,1.0,duke,0,train,10,10,19,3,26.0,69.0,29.0,170.0096,1.793556674569288,10,0.63411865234375,0.1043080348594515,0.2380440762699501,0.1444289667113076,0.1137254901960784,0.1803921568627451,0.4509803921568627,0.0,0.1799948838177849,0.3821719940102955,0.2518071001479888,0.1254901960784313,0.2980392156862745,0.7607843137254902,0.0120925903320312,0.1867382992015165,0.4043363209895442,0.2558220433182615,0.1372549019607843,0.3333333333333333,0.8156862745098039,0.0172103881835937,0.1441279177403454,0.2060970819789295,0.4392156862745098,0.7763612251025923,0.0221643269792486,0.3801254462349447
Breast_MRI_244,0,256.0,33.0,5.0,0.0,1.0,4.0,2.0,0.5859,2.0,30.0,112.0,144.0,139.0,174.0,4.12071883524,45.0,0.0,0.0,0.0,1.0,1.0,HER2pos,0.0,1.0,0.0,duke,0,train,10,11,20,2,29.0,33.0,36.0,149.9904,1.6332948267044212,10,0.6480072021484375,0.1145955942191329,0.2835742132748401,0.148388900820877,0.1215686274509803,0.2431372549019607,0.5019607843137255,0.0001205444335937,0.1816813689587162,0.433366143121054,0.2559064488872878,0.1254901960784313,0.4078431372549019,0.8,0.014691162109375,0.1831986909754136,0.4467155277505354,0.2456082935379598,0.1372549019607843,0.4352941176470588,0.7803921568627451,0.0121063232421875,0.1497919298462139,0.2054680011670038,0.4666666666666667,0.7639607771737716,0.0133493846294814,0.3875898422937203
Breast_MRI_253,1,256.0,18.0,3.0,0.0,1.0,2.0,2.0,0.78125,2.0,15.0,114.0,143.0,99.0,125.0,3.0157470703125,43.0,0.0,1.0,0.0,1.0,1.0,HER2pos,0.0,1.0,0.0,duke,0,train,10,4,13,3,14.0,30.0,27.0,200.0,1.3902233999061977,10,0.6634368896484375,0.103116335401348,0.2745516740494992,0.1465765615851166,0.1254901960784313,0.2352941176470588,0.4705882352941176,0.0003402709960937,0.1815328022077972,0.4506955686114496,0.2278135827351615,0.196078431372549,0.4078431372549019,0.7843137254901961,0.014300537109375,0.1861034916896446,0.4686573556747357,0.2352319869269241,0.2039215686274509,0.4235294117647059,0.8313725490196079,0.0168045043945312,0.1761438945619504,0.2087342327228299,0.4941176470588235,0.8507503286938387,0.0179617870632861,0.3944235390125584
Breast_MRI_255,1,256.0,67.0,4.0,0.0,1.0,3.0,2.0,0.6641,2.0,64.0,80.0,176.0,90.0,172.0,47.62493707666,47.0,0.0,0.0,1.0,1.0,1.0,HER2pos,0.0,1.0,0.0,duke,0,train,10,28,37,0,63.0,97.0,83.0,170.0096,3.884136507884508,10,0.6726577758789063,0.0926956176757812,0.2360399993528855,0.0988393709407317,0.1176470588235294,0.2235294117647059,0.3803921568627451,0.0,0.1732357488893995,0.420900957025657,0.2531172273113116,0.1450980392156863,0.3568627450980392,0.8352941176470589,0.0180343627929687,0.1829057521446078,0.4554129618676821,0.2707377705766057,0.1568627450980392,0.3803921568627451,0.9411764705882352,0.0257766723632812,0.1848609576727715,0.2097488504734365,0.5450980392156862,0.8420804840416358,0.034512004842025,0.3453970828846718
Breast_MRI_260,0,256.0,19.0,5.0,0.0,1.0,4.0,2.0,0.5469,2.0,16.0,100.0,157.0,103.0,153.0,6.8523720651,45.0,0.0,1.0,0.0,1.0,1.0,HER2pos,0.0,1.0,0.0,duke,0,train,10,4,13,1,15.0,58.0,51.0,140.0064,2.060815660047069,10,0.64453125,0.0970526841107536,0.2323441203404438,0.0920487626635138,0.1176470588235294,0.2235294117647059,0.3568627450980392,0.0,0.1757767381855086,0.4314930780004309,0.2710704838144324,0.1215686274509803,0.3764705882352941,0.8627450980392157,0.0132247924804687,0.2185683725394454,0.527609166262659,0.2899699232803951,0.1568627450980392,0.5098039215686274,0.9333333333333332,0.0171875,0.199148957659987,0.2075638928309598,0.5372549019607843,0.8394230769230769,0.0961160882622279,0.2319110576923077
Breast_MRI_265,0,256.0,34.0,5.0,0.0,1.0,4.0,1.1,0.84821426868439,2.0,31.0,98.0,145.0,106.0,151.0,12.4077919422571,42.0,0.0,1.0,0.0,0.0,0.0,TripleNeg,1.0,0.0,0.0,duke,0,train,10,12,21,4,30.0,48.0,46.0,217.14285278320384,2.5958360261862383,10,0.4245254516601562,0.1950644339767157,0.3161098460962407,0.1926914989399899,0.1333333333333333,0.2549019607843137,0.6,0.0046066284179687,0.2236782178691789,0.3602357934341543,0.2231129449893125,0.1411764705882353,0.2901960784313726,0.7058823529411765,0.0120742797851562,0.2487526029698989,0.40083619397916,0.2444362474168236,0.1568627450980392,0.3254901960784314,0.796078431372549,0.021484375,0.0441259473379135,0.1065901816395224,0.1333333333333333,0.6724584574020994,0.0406004005450057,0.2755877743985703
Breast_MRI_268,0,256.0,42.0,4.0,0.0,1.0,3.0,2.0,0.66964286565781,2.0,39.0,106.0,150.0,102.0,155.0,13.2221583400835,42.0,1.0,1.0,0.0,1.0,0.0,HRposHER2neg,0.0,0.0,1.0,duke,0,train,10,16,25,0,38.0,45.0,54.0,171.42857360839935,2.654801194860431,10,0.6342437744140625,0.1235226201076133,0.2594557686905686,0.1316548225405467,0.1215686274509803,0.2274509803921568,0.4392156862745098,4.730224609375e-05,0.2334034040862438,0.4622406808715593,0.2540046377116371,0.1686274509803921,0.4117647058823529,0.8705882352941177,0.019482421875,0.2307627240349264,0.4719588587201658,0.2385725016123196,0.1764705882352941,0.4470588235294118,0.807843137254902,0.0157913208007812,0.2027849121809907,0.2289109950356376,0.5647058823529412,0.820990229535006,0.0097181778486064,0.4374890489023871
Breast_MRI_269,0,256.0,76.0,5.0,0.0,1.0,4.0,2.0,0.6836,2.0,73.0,70.0,186.0,87.0,169.0,39.11936765952,54.0,1.0,0.0,1.0,1.0,0.0,HRposHER2neg,0.0,0.0,1.0,duke,0,train,10,33,42,1,72.0,117.0,83.0,175.0016,3.6918592017412104,10,0.7045700073242187,0.0841665230545343,0.240077461983745,0.1462276353638542,0.1137254901960784,0.1803921568627451,0.4862745098039215,0.0001174926757812,0.1282768997491574,0.3564566388397797,0.271131004517106,0.0941176470588235,0.2549019607843137,0.8156862745098039,0.0142318725585937,0.1391374655330882,0.3794174815882461,0.2830958293727477,0.1019607843137254,0.2823529411764706,0.9294117647058824,0.0249465942382812,0.1163791768560347,0.195093586180932,0.4196078431372549,0.7048235397416496,0.0229608427484663,0.3996890704653096
Breast_MRI_283,0,256.0,23.0,4.0,0.0,1.0,3.0,2.0,0.7422,2.0,20.0,112.0,145.0,115.0,142.0,2.97134337096,51.0,1.0,0.0,1.0,0.0,0.0,TripleNeg,1.0,0.0,0.0,duke,0,train,10,6,15,3,19.0,34.0,28.0,190.0032,1.379104418055756,10,0.4437530517578125,0.139664264753753,0.2171671012167725,0.145306644935293,0.1137254901960784,0.1725490196078431,0.3607843137254902,0.001324462890625,0.2871119061638327,0.4144586691159393,0.2426151065078671,0.1529411764705882,0.3450980392156862,0.7843137254901961,0.0160263061523437,0.2714230885225184,0.3924249186812009,0.2208082423522104,0.1450980392156863,0.3490196078431372,0.7019607843137254,0.0135101318359375,0.1972915678991667,0.2087726586648402,0.5254901960784314,0.8720778401391335,-0.0220337504347383,0.4746202083710519
Breast_MRI_285,0,256.0,46.0,4.0,0.0,1.0,3.0,1.1,0.7422,2.0,43.0,79.0,177.0,48.0,153.0,18.265058130132,46.0,0.0,0.0,1.0,1.0,0.0,HRposHER2neg,0.0,0.0,1.0,duke,1,test,10,18,27,-1,42.0,99.0,106.0,190.0032,2.958292995469468,10,0.6916915893554687,0.0865973199582567,0.2199330538687044,0.151574229194024,0.1098039215686274,0.1568627450980392,0.4313725490196078,0.0008697509765625,0.1102526197246476,0.2746384830305153,0.2611703806666975,0.0705882352941176,0.1725490196078431,0.6980392156862745,0.0202117919921875,0.1350364355947457,0.3335456247501747,0.2722229735977854,0.1058823529411764,0.2235294117647059,0.8666666666666667,0.0250778198242187,0.0547054291618108,0.1464061138913364,0.2549019607843137,0.5634660212914433,0.0589071417196594,0.1676243361890197
Breast_MRI_287,0,256.0,85.0,4.0,0.0,1.0,3.0,2.0,0.6641,2.0,82.0,67.0,190.0,83.0,173.0,9.8966864964,46.0,0.0,1.0,0.0,1.0,0.0,HRposHER2neg,0.0,0.0,1.0,duke,0,train,10,37,46,2,81.0,124.0,91.0,170.0096,2.388458751864457,10,0.6925201416015625,0.0953949572993259,0.2653464383123106,0.1476494990754147,0.1176470588235294,0.2156862745098039,0.5019607843137255,0.0001632690429687,0.1423870430740655,0.3883321316219406,0.2555701519621526,0.1254901960784313,0.3254901960784314,0.7803921568627451,0.0147109985351562,0.1558638808306525,0.4313301242287397,0.2653268242683305,0.1450980392156863,0.3686274509803922,0.8666666666666667,0.0194854736328125,0.1229856933096299,0.1889052620747253,0.396078431372549,0.7812714009230312,0.042997992606799,0.2557689444692571
Breast_MRI_290,0,256.0,21.0,4.0,0.0,1.0,3.0,2.0,0.78125,2.0,18.0,115.0,142.0,118.0,139.0,2.3095703125,40.0,0.0,1.0,0.0,1.0,0.0,HRposHER2neg,0.0,0.0,1.0,duke,0,train,10,5,14,4,17.0,28.0,22.0,200.0,1.1968183660075982,10,0.7671920776367187,0.063480182722503,0.2471658504068062,0.0974732157588362,0.1294117647058823,0.2352941176470588,0.3764705882352941,2.13623046875e-05,0.1178309182559742,0.4429600848092902,0.248041513143708,0.196078431372549,0.3607843137254902,0.8862745098039215,0.0151016235351562,0.1302926276711856,0.4940125993047622,0.2276891945499647,0.2509803921568627,0.4392156862745098,0.8784313725490196,0.012408447265625,0.195794234402484,0.2582810603906798,0.6705882352941176,0.8127191573869558,0.0510525144954719,0.2403111952966776
Breast_MRI_293,0,256.0,67.0,4.0,0.0,1.0,3.0,2.0,0.80357140302658,2.0,64.0,80.0,176.0,101.0,200.0,72.9658595191185,50.0,0.0,1.0,0.0,0.0,0.0,TripleNeg,1.0,0.0,0.0,duke,0,train,10,28,37,0,63.0,97.0,100.0,205.7142791748045,4.303603628896142,10,0.5520828247070313,0.1308599614162071,0.2612882180673609,0.1105197587423145,0.1372549019607843,0.2392156862745098,0.403921568627451,0.0,0.1832326133578431,0.3656871462010593,0.2124930773487136,0.1647058823529411,0.2941176470588235,0.7098039215686275,0.0058334350585937,0.2226388489966299,0.4529921086224827,0.2610445748294318,0.2039215686274509,0.3568627450980392,0.996078431372549,0.04466552734375,0.1043989281336983,0.1725302927372378,0.3843137254901961,0.726531015476227,0.0873049624214233,0.1853945024135828
Breast_MRI_298,0,256.0,30.0,4.0,0.0,1.0,3.0,1.2,0.8008,2.0,27.0,106.0,151.0,110.0,146.0,11.86625696256,42.0,0.0,0.0,1.0,1.0,0.0,HRposHER2neg,0.0,0.0,1.0,duke,0,train,10,10,19,1,26.0,46.0,37.0,205.0048,2.554608145007616,10,0.5406707763671875,0.1370202337526807,0.250337883653591,0.1436967317529678,0.1137254901960784,0.2,0.4588235294117647,0.000140380859375,0.1891858747893688,0.3384330817362789,0.2327525069775727,0.1215686274509803,0.2588235294117647,0.6705882352941176,0.0177749633789062,0.2207649201037837,0.3911125649624689,0.2512474531873289,0.1450980392156863,0.3058823529411765,0.803921568627451,0.0227203369140625,0.0880951980826879,0.1402639871271077,0.2352941176470588,0.7826466816819809,0.0526794832261899,0.1976008716855022
Breast_MRI_301,1,256.0,25.0,5.0,0.0,1.0,4.0,2.0,0.6641,2.0,22.0,114.0,143.0,79.0,115.0,2.00579902788,60.0,1.0,1.0,0.0,1.0,0.0,HRposHER2neg,0.0,0.0,1.0,duke,0,train,10,7,16,3,21.0,30.0,37.0,170.0096,1.1005434321030731,10,0.4623703002929687,0.1549825331744025,0.2612113120583775,0.1416746482763078,0.1215686274509803,0.2235294117647059,0.4509803921568627,0.00084228515625,0.2065680470186121,0.3164854946948397,0.2266532917754739,0.0745098039215686,0.2666666666666666,0.6274509803921569,0.0140670776367187,0.2186839503867953,0.3390306772221718,0.2330152304429169,0.0784313725490196,0.2941176470588235,0.6666666666666666,0.0146987915039062,0.0552741826364621,0.1976228395860429,0.3137254901960784,0.5533020568142794,0.0225451825273321,0.4269585430023755
Breast_MRI_303,0,256.0,26.0,5.0,0.0,1.0,4.0,2.0,0.7031,2.0,23.0,105.0,151.0,83.0,123.0,5.67315612436,52.0,0.0,0.0,0.0,1.0,0.0,HRposHER2neg,0.0,0.0,1.0,duke,0,train,10,8,17,2,22.0,47.0,41.0,179.9936,1.8980929300751714,10,0.8213226318359375,0.0571818692076439,0.2385499459309932,0.149331503616249,0.1098039215686274,0.1686274509803921,0.4980392156862745,9.1552734375e-06,0.0779178275314032,0.3236299476322665,0.2543551180493461,0.1098039215686274,0.2235294117647059,0.7294117647058823,0.0110931396484375,0.0959375059838388,0.3941278948854303,0.2784734544420009,0.1372549019607843,0.2823529411764706,0.9607843137254902,0.0167129516601562,0.0850800017012731,0.1406147868577332,0.2901960784313726,0.7592273138738492,0.0704979472531638,0.1298314232523185
Breast_MRI_306,0,256.0,20.0,5.0,0.0,1.0,4.0,2.0,0.625,2.0,17.0,111.0,146.0,109.0,148.0,2.380078125,59.0,1.0,1.0,0.0,0.0,1.0,HER2pos,0.0,1.0,0.0,duke,0,train,10,5,14,4,16.0,36.0,40.0,160.0,1.2178988231331307,10,0.7197097778320313,0.1072031058517156,0.3412419898249842,0.1752382246363374,0.1372549019607843,0.3137254901960784,0.5843137254901961,0.001507568359375,0.1510578529507506,0.4400518090856117,0.2312875683067372,0.1254901960784313,0.4352941176470588,0.7529411764705882,0.0062301635742187,0.1712632242838541,0.5079033726822356,0.2560279798596533,0.1568627450980392,0.5019607843137255,0.8823529411764706,0.0166336059570312,0.0988098192606274,0.2433356597599104,0.4392156862745098,0.638272969279932,0.0678515635966239,0.2859639285539302
Breast_MRI_307,0,256.0,32.0,4.0,0.0,1.0,3.0,1.1,0.87053573131561,2.0,29.0,99.0,157.0,108.0,149.0,6.74561843468411,64.0,1.0,1.0,0.0,0.0,0.0,TripleNeg,1.0,0.0,0.0,duke,0,train,10,11,20,2,28.0,59.0,42.0,222.85714721679616,2.0471273202206155,10,0.6117645263671875,0.095676149854473,0.2214744853898703,0.1403425779712284,0.1176470588235294,0.1843137254901961,0.3607843137254902,0.0022811889648437,0.141815616383272,0.3095563131515134,0.2077988946780722,0.1294117647058823,0.2509803921568627,0.5882352941176471,0.0132980346679687,0.1573206463982077,0.3496107854619874,0.2134447174445282,0.1607843137254902,0.2941176470588235,0.6235294117647059,0.0190231323242187,0.088081827761643,0.1531716323258563,0.2862745098039215,0.739877532090837,0.0400544723104739,0.2881651037204147
Breast_MRI_317,1,256.0,39.0,4.0,0.0,1.0,3.0,2.0,0.7031,2.0,36.0,97.0,159.0,107.0,149.0,9.21368803118,63.0,1.0,0.0,1.0,1.0,0.0,HRposHER2neg,0.0,0.0,1.0,duke,1,test,10,14,23,-1,35.0,63.0,43.0,179.9936,2.3237287845026824,10,0.6100143432617188,0.1142576030656403,0.2528713394341582,0.1493043792882153,0.1254901960784313,0.2039215686274509,0.4745098039215686,0.00074462890625,0.162206833783318,0.3605268304104658,0.22458471522887,0.1529411764705882,0.2980392156862745,0.6980392156862745,0.0176422119140625,0.1907826741536458,0.4311108461758526,0.2505392345975949,0.1725490196078431,0.3607843137254902,0.8666666666666667,0.0281112670898437,0.1076554909763076,0.1425876245083787,0.2745098039215686,0.8033226257037887,0.0705840157653868,0.2169449215708523
Breast_MRI_321,0,256.0,42.0,5.0,0.0,1.0,4.0,1.1,1.25,2.0,39.0,36.0,86.0,170.0,199.0,10.8401553101841,45.0,0.0,1.0,0.0,0.0,1.0,HER2pos,0.0,1.0,0.0,duke,0,train,10,16,25,0,38.0,51.0,30.0,320.0,2.4714967467840245,10,0.4741348266601562,0.1518039778167126,0.2606715986823303,0.166962810493967,0.1176470588235294,0.2117647058823529,0.4627450980392157,0.0048385620117187,0.1944600064146752,0.3118570638297364,0.1908037190356245,0.1490196078431372,0.2549019607843137,0.5372549019607843,0.01412353515625,0.2033445350796568,0.3353933599113482,0.2032879752369309,0.1568627450980392,0.2784313725490196,0.596078431372549,0.018585205078125,0.051185465147406,0.0832710267191634,0.1254901960784313,0.7846624360547948,0.0235362960816118,0.2871738177935241
Breast_MRI_323,0,256.0,20.0,4.0,0.0,1.0,3.0,1.1,0.75892859697342,2.0,17.0,106.0,151.0,81.0,115.0,2.68253491665953,42.0,0.0,1.0,0.0,1.0,0.0,HRposHER2neg,0.0,0.0,1.0,duke,0,train,10,5,14,1,16.0,46.0,35.0,194.2857208251955,1.3036013510909674,10,0.6260299682617188,0.1160133690927543,0.2609915487503935,0.1422828841077037,0.1254901960784313,0.2235294117647059,0.4549019607843137,9.613037109375e-05,0.1890385766122855,0.4108313282266617,0.2479892845609762,0.1647058823529411,0.3254901960784314,0.8274509803921568,0.013800048828125,0.197886292700674,0.4409505625699287,0.2527517359119544,0.1764705882352941,0.3607843137254902,0.8509803921568627,0.018536376953125,0.1498397794762681,0.2072213703949093,0.4980392156862745,0.8131872615623151,0.030119234343267,0.3579533631189179
Breast_MRI_328,1,256.0,35.0,5.0,0.0,1.0,4.0,2.0,0.7031,2.0,32.0,109.0,148.0,110.0,147.0,6.12598036712,47.0,0.0,1.0,0.0,1.0,1.0,HER2pos,0.0,1.0,0.0,duke,0,train,10,12,21,4,31.0,40.0,38.0,179.9936,1.9637473120746007,10,0.7161880493164062,0.0702620203354779,0.2040120603642292,0.1221111636675744,0.1098039215686274,0.1529411764705882,0.392156862745098,0.0,0.0965945015701593,0.2716039481131513,0.2168112566235945,0.1058823529411764,0.2,0.5294117647058824,0.0126144409179687,0.1204628978056066,0.3384178641483313,0.2320458833412828,0.1411764705882353,0.2627450980392157,0.6823529411764706,0.0167892456054687,0.0675918877489221,0.1317782743081587,0.2078431372549019,0.7112511357587944,0.06681391603518,0.1627320576992349
Breast_MRI_333,0,256.0,19.0,5.0,0.0,1.0,4.0,2.0,0.6641,2.0,16.0,114.0,143.0,110.0,147.0,2.24615972933,44.0,0.0,1.0,0.0,1.0,0.0,HRposHER2neg,0.0,0.0,1.0,duke,0,train,10,4,13,3,15.0,30.0,38.0,170.0096,1.1774726759316307,10,0.6992828369140625,0.1042973716586243,0.3013833877658473,0.155890886630907,0.1294117647058823,0.2666666666666666,0.5294117647058824,0.0003128051757812,0.1736869602577359,0.4900032215770445,0.261460661581867,0.1568627450980392,0.4549019607843137,0.8823529411764706,0.0177459716796875,0.1678993434532016,0.4809462322969964,0.2424037793374207,0.1686274509803921,0.4549019607843137,0.8352941176470589,0.007611083984375,0.1886198338111972,0.2384816998160396,0.5725490196078431,0.7909203462588417,-0.0090569892800481,0.4421751793706045
Breast_MRI_338,1,256.0,33.0,5.0,0.0,1.0,4.0,2.0,0.6641,2.0,30.0,88.0,169.0,103.0,154.0,7.811943311529999,54.0,1.0,1.0,0.0,1.0,0.0,HRposHER2neg,0.0,0.0,1.0,duke,1,test,10,11,20,-1,29.0,82.0,52.0,170.0096,2.1761079958202214,10,0.5299560546875,0.1272018372778799,0.2293992889317987,0.1221728430087611,0.1137254901960784,0.192156862745098,0.403921568627451,7.62939453125e-05,0.2160310633042279,0.3482448622725463,0.230191770205008,0.0941176470588235,0.2980392156862745,0.6705882352941176,0.0136032104492187,0.2263132013059129,0.3638022543978377,0.2344176661866935,0.1058823529411764,0.3176470588235294,0.6862745098039216,0.016802978515625,0.1188455733407475,0.194850477734206,0.403921568627451,0.7017250558354542,0.0155573921252913,0.4538123928738378
Breast_MRI_345,0,256.0,26.0,5.0,0.0,1.0,4.0,2.0,0.6445,2.0,23.0,100.0,157.0,106.0,151.0,6.617838143,68.0,1.0,1.0,0.0,1.0,1.0,HER2pos,0.0,1.0,0.0,duke,1,test,10,8,17,-1,22.0,58.0,46.0,164.992,2.030492621178034,10,0.683660888671875,0.1059415749942555,0.2835712007699528,0.1808971740302449,0.1137254901960784,0.2078431372549019,0.5803921568627451,3.0517578125e-06,0.1376879344267003,0.3032077204108987,0.2731582445372802,0.0392156862745098,0.2,0.7215686274509804,0.0192413330078125,0.1491841514437806,0.338423753224688,0.284478881872137,0.0392156862745098,0.2352941176470588,0.796078431372549,0.0198806762695312,0.0196365196409459,0.2956828124727831,0.4196078431372549,0.4804211927685273,0.0352160328137892,0.3999835999151054
Breast_MRI_346,0,256.0,58.0,4.0,0.0,1.0,3.0,1.1,0.7813,2.0,55.0,82.0,174.0,86.0,171.0,34.559354813412,46.0,1.0,0.0,1.0,1.0,0.0,HRposHER2neg,0.0,0.0,1.0,duke,1,test,10,24,33,-1,54.0,93.0,86.0,200.0128,3.5712032668762697,10,0.726910400390625,0.0821196552351409,0.2237592866974919,0.0968076108103523,0.1098039215686274,0.2,0.3568627450980392,1.220703125e-05,0.1445930032169117,0.3850364368530864,0.2585946994534468,0.1176470588235294,0.3098039215686274,0.807843137254902,0.016534423828125,0.1719168449850643,0.4615465098494977,0.290128201016793,0.1450980392156863,0.3764705882352941,1.0,0.0306747436523437,0.1612771501555945,0.2121768431140173,0.5098039215686274,0.797096752564647,0.0765100729964113,0.1651766756811121
Breast_MRI_350,1,256.0,35.0,4.0,0.0,1.0,3.0,1.2,0.7031,2.0,32.0,125.0,193.0,99.0,158.0,20.52242970954,51.0,0.0,0.0,1.0,1.0,0.0,HRposHER2neg,0.0,0.0,1.0,duke,0,train,10,12,21,0,31.0,69.0,60.0,179.9936,3.069095633638727,10,0.6613418579101562,0.0940039421530331,0.2111363163108563,0.1223468534348118,0.1098039215686274,0.1686274509803921,0.3843137254901961,0.0002182006835937,0.1450422638537837,0.3087275809112974,0.2437084456665862,0.1058823529411764,0.2313725490196078,0.6941176470588235,0.0208236694335937,0.161513869341682,0.350045343739114,0.2580288893336765,0.1176470588235294,0.2666666666666666,0.8274509803921568,0.0232574462890625,0.097591264600441,0.159591479789343,0.2784313725490196,0.7578747696480628,0.0413177628278166,0.259278283162794
Breast_MRI_356,0,256.0,69.0,5.0,0.0,1.0,4.0,1.1,0.75892859697342,2.0,66.0,90.0,167.0,134.0,197.0,15.7784245546738,38.0,0.0,1.0,0.0,1.0,0.0,HRposHER2neg,0.0,0.0,1.0,duke,0,train,10,29,38,1,65.0,78.0,64.0,194.2857208251955,2.8200938083520066,10,0.6506072998046875,0.0987855679381127,0.2281707344433637,0.0985072497161024,0.1176470588235294,0.2078431372549019,0.3647058823529411,6.103515625e-05,0.2453240428251378,0.53710487470412,0.2884747189470217,0.1607843137254902,0.5019607843137255,0.9725490196078432,0.02896728515625,0.2272818172679228,0.507007831388545,0.2334342529518654,0.1764705882352941,0.5098039215686274,0.8117647058823529,0.0084426879882812,0.3089341402607563,0.2951230076337948,0.7490196078431373,0.8427185144424355,-0.0300970433155749,0.5608573749443178
Breast_MRI_368,0,256.0,27.0,4.0,0.0,1.0,3.0,2.0,0.78125,2.0,24.0,111.0,146.0,118.0,152.0,5.7025146484375,39.0,0.0,0.0,1.0,1.0,1.0,HER2pos,0.0,1.0,0.0,duke,0,train,10,8,17,2,23.0,36.0,35.0,200.0,1.9024827766440524,10,0.6954742431640625,0.0842752673579197,0.2526998585418313,0.1125719025769594,0.1254901960784313,0.2313725490196078,0.4,1.678466796875e-05,0.156853577856924,0.4590933001017658,0.2364329720249911,0.1725490196078431,0.4196078431372549,0.8,0.0122360229492187,0.1712057614793964,0.5057666162258945,0.2332847995891648,0.2078431372549019,0.4862745098039215,0.8509803921568627,0.0149993896484375,0.2063934415599344,0.2343462789626171,0.5803921568627451,0.850782166013609,0.0466733161241287,0.2773557677853828
Breast_MRI_372,0,256.0,9.0,4.0,0.0,1.0,3.0,1.5,0.5859,2.0,6.0,114.0,142.0,118.0,138.0,0.31307027472,54.0,1.0,1.0,0.0,1.0,0.0,HRposHER2neg,0.0,0.0,1.0,duke,0,train,5,2,6,3,5.0,29.0,21.0,149.9904,0.2723681161427736,5,0.6891571044921875,0.0927796247893688,0.2563818517579528,0.1306933472872938,0.1215686274509803,0.2156862745098039,0.4549019607843137,0.0,0.1326286285998774,0.3476146392857191,0.2422549312252816,0.1098039215686274,0.2745098039215686,0.6823529411764706,0.014886474609375,0.1436532293581495,0.3989723770753576,0.2393112991204204,0.1607843137254902,0.3215686274509804,0.7529411764705882,0.01307373046875,0.0912327875277662,0.1828780431070339,0.3333333333333333,0.6694090735050119,0.0513577377896385,0.2557212562710466
Breast_MRI_377,1,256.0,24.0,4.0,0.0,1.0,3.0,2.0,0.7031,2.0,21.0,113.0,144.0,110.0,146.0,3.85691565722,46.0,0.0,0.0,1.0,0.0,0.0,TripleNeg,1.0,0.0,0.0,duke,0,train,10,7,16,4,20.0,32.0,37.0,179.9936,1.5804035980120898,10,0.5020538330078125,0.1426862410003063,0.2519886458202273,0.1374254805716235,0.1176470588235294,0.2,0.4823529411764706,6.103515625e-06,0.2334247424555759,0.3866862496345318,0.2334390474798424,0.1294117647058823,0.3294117647058823,0.7137254901960784,0.0122283935546875,0.2656705489813112,0.4403714370829261,0.2343267533563505,0.1764705882352941,0.4,0.7803921568627451,0.019464111328125,0.1346976038143045,0.1888500761869158,0.4156862745098039,0.7682190639038531,0.0536851874483943,0.3179595138722904
Breast_MRI_378,0,256.0,44.0,5.0,0.0,1.0,4.0,2.0,0.6055,2.0,41.0,100.0,156.0,105.0,151.0,5.9621411255000005,72.0,1.0,1.0,0.0,1.0,0.0,HRposHER2neg,0.0,0.0,1.0,duke,0,train,10,17,26,0,40.0,57.0,47.0,155.008,1.9404870600111452,10,0.7035812377929688,0.0901848826688878,0.2556811833200754,0.1333548849298266,0.1176470588235294,0.2156862745098039,0.4588235294117647,0.0005447387695312,0.1525947181851256,0.3971586841273076,0.2639857382445291,0.1215686274509803,0.3254901960784314,0.8352941176470589,0.0192337036132812,0.1506354777018229,0.4063194543908029,0.2428506712300283,0.1411764705882353,0.3529411764705882,0.7568627450980392,0.0139450073242187,0.1414775008072321,0.2307796915923489,0.5333333333333333,0.7181317917646877,0.0091607702634953,0.3947730115669126
Breast_MRI_383,0,256.0,101.0,5.0,0.0,1.0,4.0,2.0,0.5664,2.0,98.0,67.0,190.0,66.0,191.0,95.2754489856,43.0,0.0,1.0,0.0,0.0,0.0,TripleNeg,1.0,0.0,0.0,duke,0,train,10,45,54,1,97.0,124.0,126.0,144.9984,4.567213343264235,10,0.6424896240234375,0.1168835150026807,0.2900109614051085,0.1327324327430804,0.1294117647058823,0.2666666666666666,0.4823529411764706,1.983642578125e-05,0.2009739714977788,0.4806703177903655,0.2793142360472028,0.1686274509803921,0.4117647058823529,0.9372549019607844,0.021490478515625,0.2042643169328278,0.5046728993862182,0.2699572996641345,0.196078431372549,0.4431372549019607,0.9372549019607844,0.021966552734375,0.1906593563852569,0.2128389187139413,0.5137254901960784,0.8187009705588609,0.0240025815958527,0.3649924455181009
Breast_MRI_385,0,256.0,135.0,4.0,0.0,1.0,3.0,1.1,0.89285713434219,2.0,132.0,64.0,168.0,108.0,221.0,33.714684398915,40.0,0.0,1.0,0.0,1.0,0.0,HRposHER2neg,0.0,0.0,1.0,duke,0,train,10,62,71,2,131.0,105.0,114.0,228.57142639160065,3.5471627789616935,10,0.5134857177734375,0.1233227000517003,0.2271865922650729,0.1357209547781856,0.1176470588235294,0.188235294117647,0.388235294117647,0.0013671875,0.1526555977615655,0.2854606947125204,0.2070224288160806,0.1215686274509803,0.2196078431372549,0.5686274509803921,0.0143585205078125,0.1751555678423713,0.3286813027191168,0.2375417046625966,0.1372549019607843,0.2431372549019607,0.7254901960784313,0.02467041015625,0.0582741024474473,0.117513248863147,0.1843137254901961,0.7212882869885398,0.0432206080065964,0.2114056491930172
Breast_MRI_386,0,256.0,39.0,5.0,0.0,1.0,4.0,1.1,0.80357140302658,2.0,36.0,93.0,163.0,142.0,180.0,9.11101444601966,51.0,1.0,0.0,1.0,0.0,1.0,HER2pos,0.0,1.0,0.0,duke,0,train,10,14,23,4,35.0,71.0,39.0,205.7142791748045,2.3136253688511608,10,0.5225051879882813,0.1463802562040441,0.2620908411745971,0.1492125883387415,0.1215686274509803,0.2196078431372549,0.4431372549019607,0.002264404296875,0.2403467096066942,0.4107037064676476,0.2430827691445297,0.1372549019607843,0.3568627450980392,0.7803921568627451,0.018804931640625,0.2282257139916513,0.3939040874825441,0.2098882254063805,0.1607843137254902,0.3568627450980392,0.6784313725490196,0.0112808227539062,0.1486128652930505,0.2252463153741268,0.5176470588235295,0.7181039909756464,-0.0167996189851035,0.4564169097980066
Breast_MRI_387,0,256.0,47.0,5.0,0.0,1.0,4.0,1.2,0.6055,2.0,44.0,87.0,170.0,83.0,174.0,29.3745622821,39.0,0.0,1.0,0.0,1.0,0.0,HRposHER2neg,0.0,0.0,1.0,duke,0,train,10,18,27,3,43.0,84.0,92.0,155.008,3.413605491091037,10,0.6582855224609375,0.1020848472445618,0.2645145372054853,0.1430869060359713,0.1137254901960784,0.2117647058823529,0.4862745098039215,0.0,0.1378080121208639,0.3340149402263115,0.2686868317696121,0.0784313725490196,0.2470588235294117,0.792156862745098,0.0171417236328125,0.1668962186925551,0.3996613329228702,0.2884726387468957,0.1137254901960784,0.3058823529411765,0.9529411764705882,0.0296478271484375,0.0695004030208262,0.2162061877335062,0.396078431372549,0.5746608557420092,0.0656463926965586,0.2301581631286113
Breast_MRI_397,0,256.0,22.0,4.0,0.0,1.0,3.0,2.0,0.6641,2.0,19.0,98.0,159.0,110.0,147.0,1.67635050681,50.0,1.0,1.0,0.0,1.0,1.0,HER2pos,0.0,1.0,0.0,duke,0,train,10,6,15,0,18.0,62.0,38.0,170.0096,0.9844541153067256,10,0.6044967651367188,0.1039302631452971,0.2243229636750667,0.1025276257707622,0.1176470588235294,0.2,0.3568627450980392,7.01904296875e-05,0.1913570149739583,0.409096797976435,0.2841129684829673,0.1058823529411764,0.3254901960784314,0.8980392156862745,0.0260177612304687,0.1808413815965839,0.3838325712889893,0.2366615353597189,0.1176470588235294,0.3372549019607843,0.7333333333333333,0.004400634765625,0.1847738343013683,0.2584480237764369,0.6196078431372549,0.7235577572271285,-0.0252642266874457,0.5160862201337206
Breast_MRI_398,1,256.0,21.0,4.0,0.0,1.0,3.0,2.0,0.66964286565781,2.0,18.0,116.0,141.0,58.0,87.0,1.09818441887216,26.0,0.0,1.0,0.0,0.0,0.0,TripleNeg,1.0,0.0,0.0,duke,0,train,10,5,14,1,17.0,26.0,30.0,171.42857360839935,0.74107240833789,10,0.525750732421875,0.1541557641122855,0.2780112225067888,0.145925470604416,0.1333333333333333,0.2392156862745098,0.5019607843137255,0.0004562377929687,0.2457686899222579,0.4333935187954024,0.2396757407382396,0.1803921568627451,0.3686274509803922,0.8156862745098039,0.015631103515625,0.261187151740579,0.4518323634263167,0.2561844830590192,0.1450980392156863,0.396078431372549,0.8352941176470589,0.0160598754882812,0.1553822962886136,0.2279363217252807,0.5529411764705883,0.7728343264565449,0.0184388446309142,0.4446146124245505
Breast_MRI_399,0,256.0,23.0,5.0,0.0,1.0,4.0,2.0,0.6836,2.0,20.0,110.0,146.0,115.0,142.0,1.35472867504,54.0,1.0,0.0,0.0,1.0,0.0,HRposHER2neg,0.0,0.0,1.0,duke,0,train,10,6,15,3,19.0,37.0,28.0,175.0016,0.8564255085336946,10,0.6088088989257813,0.1001391302370557,0.2248358058912937,0.1254600780350025,0.1176470588235294,0.188235294117647,0.3803921568627451,0.0011581420898437,0.1394907094918045,0.2923267528729236,0.2045262732258048,0.1058823529411764,0.2313725490196078,0.5686274509803921,0.0091812133789062,0.1585406913009344,0.3379767112933225,0.2326771457777672,0.1215686274509803,0.2666666666666666,0.6980392156862745,0.0155731201171875,0.0674909469816299,0.1505433252531545,0.2431372549019607,0.6542822706156313,0.0456499584203988,0.3197553545447808
Breast_MRI_400,0,256.0,60.0,5.0,0.0,1.0,4.0,2.0,0.6836,2.0,57.0,92.0,165.0,91.0,166.0,33.01163955232,43.0,1.0,0.0,1.0,0.0,1.0,HER2pos,0.0,1.0,0.0,duke,1,test,10,25,34,-1,56.0,74.0,76.0,175.0016,3.526702805805389,10,0.4189117431640625,0.1677988867666207,0.2643698496987064,0.1456545862895159,0.1215686274509803,0.2196078431372549,0.4705882352941176,0.001025390625,0.2270437023686427,0.3353452042490954,0.2608651977058661,0.0666666666666666,0.2588235294117647,0.7490196078431373,0.0210739135742187,0.2312784651214001,0.3453475098911426,0.2501425912471185,0.0941176470588235,0.2784313725490196,0.7490196078431373,0.0242080688476562,0.0709753545503889,0.2091655371264997,0.4,0.5029935245337717,0.0100023056420471,0.4079937608646559
Breast_MRI_407,0,256.0,59.0,4.0,0.0,1.0,3.0,2.0,0.7031,2.0,56.0,76.0,180.0,84.0,172.0,32.75659385782,45.0,0.0,0.0,1.0,1.0,0.0,HRposHER2neg,0.0,0.0,1.0,duke,1,test,10,24,33,-1,55.0,105.0,89.0,179.9936,3.5191757718006462,10,0.5994140625,0.1128085686178768,0.2485518631514039,0.1216825447871255,0.1215686274509803,0.2156862745098039,0.4235294117647059,0.0003021240234375,0.1766948804668351,0.3698749892448447,0.2472421062479512,0.1176470588235294,0.2980392156862745,0.7607843137254902,0.0165786743164062,0.1814682126512714,0.3829271768434336,0.2487615686000589,0.1254901960784313,0.3098039215686274,0.7803921568627451,0.0166732788085937,0.1213231260934407,0.2019394417038207,0.4274509803921568,0.7063170404680643,0.0130521875985889,0.4281486165285226
Breast_MRI_408,1,256.0,10.0,5.0,0.0,1.0,4.0,2.0,0.625,2.0,7.0,117.0,140.0,139.0,153.0,0.237890625,34.0,0.0,0.0,1.0,1.0,0.0,HRposHER2neg,0.0,0.0,1.0,duke,0,train,6,2,7,2,6.0,24.0,15.0,160.0,0.21340882221731258,6,0.600018819173177,0.1278233546836703,0.2796350534313382,0.1626729450920076,0.1176470588235294,0.2235294117647059,0.5294117647058824,0.0,0.1900214700137867,0.3737505561803559,0.2667038984020725,0.0666666666666666,0.3215686274509804,0.7529411764705882,0.011932373046875,0.1948315389795241,0.3766756690277761,0.2639600430203944,0.0666666666666666,0.3254901960784314,0.7490196078431373,0.011871337890625,0.0941155027490176,0.2403924677103816,0.4352941176470588,0.5848206054209398,0.0029251128474202,0.4786653017885414
Breast_MRI_412,0,256.0,50.0,4.0,0.0,1.0,3.0,1.2,0.7813,2.0,47.0,90.0,176.0,84.0,173.0,14.571200872176,60.0,1.0,1.0,0.0,1.0,0.0,HRposHER2neg,0.0,0.0,1.0,duke,0,train,10,20,29,4,46.0,87.0,90.0,200.0128,2.7454231101791353,10,0.7329010009765625,0.0802749873142616,0.2299676970064787,0.1738158939587577,0.1058823529411764,0.1490196078431372,0.5058823529411764,0.0001419067382812,0.106328831092984,0.2937310596004681,0.2260412456944943,0.1098039215686274,0.2039215686274509,0.6588235294117647,0.0060806274414062,0.1320624317842371,0.3608289630535212,0.2540966271387145,0.1411764705882353,0.2627450980392157,0.8117647058823529,0.0153839111328125,0.0637633625939892,0.1018831522529573,0.1647058823529411,0.7773899432149264,0.0670979034530531,0.1038984038481313
Breast_MRI_414,0,256.0,48.0,4.0,0.0,1.0,3.0,2.0,0.7422,2.0,45.0,91.0,165.0,97.0,174.0,11.4248538216,42.0,0.0,0.0,1.0,1.0,1.0,HER2pos,0.0,1.0,0.0,duke,0,train,10,19,28,2,44.0,75.0,78.0,190.0032,2.5196988070523187,10,0.62545166015625,0.0991978843539369,0.2307730122000239,0.1466981194624108,0.1137254901960784,0.1764705882352941,0.4392156862745098,2.74658203125e-05,0.1505111036113664,0.3058729110390694,0.2214083295128707,0.1058823529411764,0.2352941176470588,0.6274509803921569,0.0127883911132812,0.1678768561868106,0.3443977568213349,0.2403231612206278,0.1137254901960784,0.2745098039215686,0.7176470588235294,0.0194473266601562,0.0750998988390454,0.208071717635932,0.3333333333333333,0.6618404328129583,0.0385248457822655,0.3490124824821562
Breast_MRI_420,1,256.0,86.0,4.0,0.0,1.0,3.0,1.2,1.25,2.0,83.0,50.0,127.0,71.0,142.0,158.651256304232,23.0,0.0,0.0,1.0,0.0,0.0,TripleNeg,1.0,0.0,0.0,duke,0,train,10,38,47,0,82.0,78.0,72.0,320.0,5.072991788244969,10,0.50382080078125,0.141652867934283,0.2595858315279761,0.1607722723825124,0.1176470588235294,0.2078431372549019,0.4666666666666667,0.0018173217773437,0.2005909100700827,0.3466596550790956,0.2177870411853313,0.1529411764705882,0.2745098039215686,0.6705882352941176,0.0153396606445312,0.2098070930032169,0.3686809484046528,0.2293201107766722,0.1607843137254902,0.2901960784313726,0.7450980392156863,0.0185836791992187,0.0870738235511194,0.1251719147586681,0.2431372549019607,0.9088739636381528,0.0220212933255571,0.2684792235589342
Breast_MRI_424,1,256.0,30.0,5.0,0.0,1.0,4.0,2.0,0.7227,2.0,27.0,87.0,170.0,114.0,170.0,3.4534164574800004,36.0,0.0,1.0,0.0,1.0,1.0,HER2pos,0.0,1.0,0.0,duke,0,train,10,10,19,1,26.0,84.0,57.0,185.0112,1.4936715448679863,10,0.456085205078125,0.1378315345913756,0.236596081511772,0.138755367037676,0.1215686274509803,0.196078431372549,0.4,0.0028305053710937,0.1725775206322763,0.2861521189298251,0.190732861655326,0.1215686274509803,0.2274509803921568,0.5568627450980392,0.0087310791015625,0.201816089106541,0.3363201437226408,0.2029354534403113,0.1490196078431372,0.2745098039215686,0.6196078431372549,0.0139358520507812,0.0495560374180531,0.1217382453714257,0.1764705882352941,0.6438786960668799,0.0501680247928156,0.2653257027436458
Breast_MRI_428,0,256.0,28.0,4.0,0.0,1.0,3.0,2.0,0.71428573131561,2.0,25.0,106.0,151.0,110.0,146.0,3.86122467391342,42.0,0.0,1.0,0.0,1.0,0.0,HRposHER2neg,0.0,0.0,1.0,duke,1,test,10,9,18,-1,24.0,46.0,37.0,182.85714721679616,1.5812903966852894,10,0.683392333984375,0.1319293811274509,0.3297147860744359,0.1765521071852885,0.1294117647058823,0.2862745098039215,0.5882352941176471,0.000299072265625,0.2144319182751225,0.5478106786446385,0.2464632245938732,0.2039215686274509,0.5529411764705883,0.8941176470588236,0.0162368774414062,0.2121260758942248,0.5501624820498632,0.2381049189487293,0.2039215686274509,0.5607843137254902,0.8549019607843137,0.0162872314453125,0.2180958925702025,0.2451717024977308,0.5843137254901961,0.8090528791471479,0.0023518034052246,0.4691457983922272
Breast_MRI_431,0,256.0,17.0,5.0,0.0,1.0,4.0,1.2,1.1875,2.0,14.0,114.0,143.0,130.0,154.0,1.40282349324318,51.0,1.0,0.0,0.0,0.0,1.0,HER2pos,0.0,1.0,0.0,duke,0,train,10,3,12,3,13.0,30.0,25.0,304.0,0.8766445013903771,10,0.4178421020507812,0.175552110858992,0.2770381638133193,0.1720001425319927,0.1254901960784313,0.2352941176470588,0.4823529411764706,0.006640625,0.2248258643056832,0.3337436393344672,0.1835564755247701,0.1568627450980392,0.2901960784313726,0.5725490196078431,0.009906005859375,0.2386649696499693,0.361992597984353,0.1931704719416064,0.1725490196078431,0.3215686274509804,0.611764705882353,0.0153274536132812,0.0567054755211478,0.0949419530263843,0.1490196078431372,0.777439368006647,0.0282489586498858,0.2709875944569528
Breast_MRI_435,0,256.0,31.0,5.0,0.0,1.0,4.0,2.0,0.7422,2.0,28.0,103.0,154.0,110.0,147.0,6.3745616404800005,55.0,1.0,0.0,1.0,1.0,1.0,HER2pos,0.0,1.0,0.0,duke,0,train,10,10,19,4,27.0,52.0,38.0,190.0032,1.998036461880358,10,0.6014541625976563,0.1038599051681219,0.2203764340136934,0.1274002312055773,0.1137254901960784,0.1725490196078431,0.4196078431372549,0.0005844116210937,0.181487091662837,0.3542688353448205,0.2148951293791127,0.1490196078431372,0.2862745098039215,0.6823529411764706,0.0085800170898437,0.2022276395909926,0.4070236182806947,0.2590365544234081,0.1490196078431372,0.3215686274509804,0.8549019607843137,0.0214019775390625,0.1338924013311271,0.1319970100187209,0.2941176470588235,0.9037141402268838,0.0527547829358742,0.3131042034373313
Breast_MRI_438,1,256.0,26.0,4.0,0.0,1.0,3.0,1.2,0.6641,2.0,23.0,112.0,170.0,105.0,152.0,2.012149842744,51.0,1.0,1.0,0.0,0.0,0.0,TripleNeg,1.0,0.0,0.0,duke,0,train,10,8,17,0,22.0,59.0,48.0,170.0096,1.1026540572872126,10,0.7690292358398437,0.0759600830078125,0.2566624165670205,0.1465889963917714,0.1098039215686274,0.2,0.4901960784313725,0.0,0.1022433172487745,0.3441461516131401,0.2567718696592918,0.1058823529411764,0.2627450980392157,0.7529411764705882,0.0143951416015625,0.1162810740751378,0.3886661332344709,0.2747125208287024,0.1215686274509803,0.3019607843137254,0.8980392156862745,0.015423583984375,0.0874837350461196,0.150813379915604,0.2941176470588235,0.7399863908726357,0.0445199816213307,0.2651467605652412
Breast_MRI_441,0,256.0,52.0,5.0,0.0,1.0,4.0,2.0,0.6641,2.0,49.0,87.0,170.0,129.0,207.0,31.26144513923,37.0,0.0,1.0,0.0,1.0,0.0,HRposHER2neg,0.0,0.0,1.0,duke,0,train,10,21,30,1,48.0,84.0,79.0,170.0096,3.473872868322056,10,0.6980010986328125,0.0985632683249081,0.2664833069112203,0.1444014540537654,0.1137254901960784,0.2274509803921568,0.4588235294117647,0.0002487182617187,0.151442751416973,0.3807895486128242,0.26770654153306,0.0941176470588235,0.3215686274509804,0.796078431372549,0.0120620727539062,0.184492815803079,0.4782104650589103,0.3014393477251713,0.1294117647058823,0.4196078431372549,0.9686274509803922,0.0260467529296875,0.1143062417016039,0.1837869315871839,0.4156862745098039,0.7074849179963419,0.0974209164460861,0.1666952980527289
Breast_MRI_442,0,256.0,21.0,5.0,0.0,1.0,4.0,2.0,0.6641,2.0,18.0,104.0,152.0,108.0,149.0,1.88848536442,70.0,1.0,0.0,1.0,1.0,0.0,HRposHER2neg,0.0,0.0,1.0,duke,1,test,10,5,14,-1,17.0,49.0,42.0,170.0096,1.0607322693819639,10,0.5135650634765625,0.1343572279986213,0.2494407222407768,0.1458417347243552,0.1215686274509803,0.2117647058823529,0.4117647058823529,0.0017715454101562,0.1682024248908548,0.2766975739761069,0.1964933295098495,0.0784313725490196,0.2313725490196078,0.5294117647058824,0.0082412719726562,0.1964771166034773,0.3356944918561546,0.2235562888091114,0.1058823529411764,0.2823529411764706,0.6431372549019608,0.0159561157226562,0.02725685173533,0.1850110516945275,0.2509803921568627,0.5438501835063835,0.0589969178800476,0.3713541830044857
Breast_MRI_444,1,256.0,35.0,4.0,0.0,1.0,3.0,1.2,0.7031,2.0,32.0,97.0,160.0,97.0,159.0,18.099721140852,61.0,1.0,1.0,0.0,0.0,1.0,HER2pos,0.0,1.0,0.0,duke,0,train,10,12,21,2,31.0,64.0,63.0,179.9936,2.9496737349906113,10,0.7758819580078125,0.0734366861979166,0.2487545352432017,0.1265181650563668,0.1137254901960784,0.2196078431372549,0.4196078431372549,0.0004150390625,0.1195493989832261,0.3981954344395201,0.2798837147922394,0.0941176470588235,0.3333333333333333,0.9137254901960784,0.018743896484375,0.134198470770144,0.4430059467788259,0.2991263184113234,0.1098039215686274,0.3725490196078431,1.0,0.0244308471679687,0.1494408991963184,0.2020524843980824,0.5215686274509804,0.7541633192173096,0.0448105123393057,0.2754939473576709
Breast_MRI_450,0,256.0,11.0,4.0,0.0,1.0,3.0,2.0,0.5469,2.0,8.0,118.0,138.0,117.0,139.0,0.35054474292,73.0,1.0,1.0,0.0,1.0,0.0,HRposHER2neg,0.0,0.0,1.0,duke,0,train,7,2,8,3,7.0,21.0,23.0,140.0064,0.30050802433482476,7,0.6847686767578125,0.0887414243040966,0.2333218218794367,0.1186168520632464,0.1176470588235294,0.2,0.4078431372549019,7.62939453125e-05,0.1570811979576987,0.3778326549168483,0.2386532992925401,0.1333333333333333,0.3137254901960784,0.7411764705882353,0.014585222516741,0.1642193706095719,0.4036054849840609,0.2354493134734235,0.1411764705882353,0.3568627450980392,0.7529411764705882,0.0112697056361607,0.1445108330374116,0.2333220485365108,0.5176470588235295,0.7545518037797432,0.0257728300672125,0.3759551354304246
Breast_MRI_454,0,256.0,39.0,4.0,0.0,1.0,3.0,2.0,0.71428573131561,2.0,36.0,105.0,152.0,58.0,110.0,15.2663272585673,58.0,1.0,0.0,1.0,1.0,0.0,HRposHER2neg,0.0,0.0,1.0,duke,0,train,10,14,23,4,35.0,48.0,53.0,182.85714721679616,2.789097158721299,10,0.4845489501953125,0.1466548246495864,0.2507441386766485,0.1203442360737018,0.1333333333333333,0.2235294117647059,0.403921568627451,0.0007247924804687,0.2603155038871017,0.4229012870016008,0.2411846883566743,0.1764705882352941,0.3490196078431372,0.8117647058823529,0.0176223754882812,0.2793384088254442,0.4601060383538388,0.2264710068680809,0.2156862745098039,0.4117647058823529,0.8,0.0196197509765625,0.1721571483249522,0.2378980494980875,0.5647058823529412,0.7587491045156095,0.037204751352238,0.3772105883258438
Breast_MRI_464,0,256.0,38.0,5.0,0.0,1.0,4.0,1.1,0.80357140302658,2.0,35.0,98.0,158.0,70.0,125.0,16.3688569352556,52.0,1.0,1.0,0.0,1.0,0.0,HRposHER2neg,0.0,0.0,1.0,duke,0,train,10,14,23,3,34.0,61.0,56.0,205.7142791748045,2.8546787712514714,10,0.5246734619140625,0.1267853800455729,0.232477250281834,0.1356134996518372,0.1176470588235294,0.192156862745098,0.388235294117647,0.0004013061523437,0.1998771338369332,0.3494141062415142,0.1967271091586543,0.1686274509803921,0.3058823529411765,0.5843137254901961,0.0150711059570312,0.1982216569489123,0.3531167412873788,0.2220491870647,0.1529411764705882,0.2941176470588235,0.6980392156862745,0.0215133666992187,0.1169368559596802,0.1287467453047897,0.2745098039215686,0.8791980995794677,0.0037026350458645,0.4817212930564027
Breast_MRI_465,0,256.0,22.0,4.0,0.0,1.0,3.0,1.1,0.7422,2.0,19.0,113.0,143.0,97.0,135.0,5.989179396816,34.0,0.0,1.0,0.0,1.0,0.0,HRposHER2neg,0.0,0.0,1.0,duke,0,train,10,6,15,0,18.0,31.0,39.0,190.0032,1.9443631526182743,10,0.5202743530273437,0.1240197813744638,0.2244832572795271,0.1077433737108066,0.1137254901960784,0.1843137254901961,0.388235294117647,0.0,0.2211316875382965,0.3753837257390416,0.2198613749895494,0.1490196078431372,0.3215686274509804,0.7137254901960784,0.0066680908203125,0.2488105504653033,0.4315974954039976,0.2558718431404125,0.1725490196078431,0.3529411764705882,0.8705882352941177,0.0260040283203125,0.1509004684595145,0.1780045764543807,0.4274509803921568,0.8442681611867948,0.0562137696649559,0.2772739851078109
Breast_MRI_468,0,256.0,21.0,4.0,0.0,1.0,3.0,1.5,0.5859,2.0,18.0,101.0,130.0,132.0,163.0,2.516405316705,58.0,1.0,1.0,0.0,0.0,1.0,HER2pos,0.0,1.0,0.0,duke,0,train,10,5,14,1,17.0,30.0,32.0,149.9904,1.257439250967637,10,0.6861968994140625,0.1071616617838541,0.282697132457581,0.1525426146301353,0.1176470588235294,0.2392156862745098,0.5058823529411764,0.0003036499023437,0.1654412602443321,0.4151314877434534,0.2646411268583735,0.1098039215686274,0.3647058823529411,0.8196078431372549,0.0134994506835937,0.1702706490310968,0.4333963556149993,0.271980113003062,0.1058823529411764,0.392156862745098,0.8431372549019608,0.0154327392578125,0.1324343552858723,0.2238982227951606,0.4431372549019607,0.7152255730498799,0.0182648678715459,0.4291090861349645
Breast_MRI_470,1,256.0,30.0,5.0,0.0,1.0,4.0,2.2,0.7227,2.0,27.0,94.0,162.0,94.0,162.0,17.893000962936,38.0,1.0,0.0,1.0,0.0,1.0,HER2pos,0.0,1.0,0.0,duke,1,test,10,10,19,-1,26.0,69.0,69.0,185.0112,2.9387915340590514,10,0.7803741455078125,0.0686022889380361,0.2659276841755085,0.1722964872528925,0.1176470588235294,0.196078431372549,0.5607843137254902,1.373291015625e-05,0.0930587529201133,0.3481598728393215,0.2519190081983755,0.1294117647058823,0.2509803921568627,0.7725490196078432,0.0137496948242187,0.1069742898380055,0.3811493121711286,0.2696553139917256,0.1372549019607843,0.2784313725490196,0.9176470588235294,0.0196456909179687,0.0822321886638129,0.1714370332371369,0.3019607843137254,0.7122222685397473,0.032989439331807,0.3653549543540789
Breast_MRI_473,0,256.0,23.0,5.0,0.0,1.0,4.0,2.0,0.6641,2.0,20.0,106.0,150.0,80.0,119.0,3.77741175765,35.0,0.0,1.0,0.0,1.0,1.0,HER2pos,0.0,1.0,0.0,duke,0,train,10,6,15,2,19.0,45.0,40.0,170.0096,1.5638989265587808,10,0.44696044921875,0.1482988484700521,0.2444200743977096,0.1233855309134649,0.1254901960784313,0.2156862745098039,0.396078431372549,0.00113525390625,0.2148685829312193,0.3165650568802733,0.2010768544499802,0.1058823529411764,0.2745098039215686,0.5843137254901961,0.0117202758789062,0.2394651824352788,0.3574781059096191,0.2133314472254238,0.1254901960784313,0.3176470588235294,0.6509803921568628,0.0155609130859375,0.0721449824825637,0.1917497329163567,0.3058823529411765,0.6265368060920429,0.0409130490293457,0.3911268071956738
Breast_MRI_474,0,256.0,41.0,4.0,0.0,1.0,3.0,1.2,0.83705359697342,2.0,38.0,102.0,155.0,105.0,151.0,18.105582679917,41.0,0.0,0.0,1.0,0.0,0.0,TripleNeg,1.0,0.0,0.0,duke,1,test,10,15,24,-1,37.0,54.0,47.0,214.2857208251955,2.9499805792517373,10,0.6090545654296875,0.1073237161075367,0.2480105856791801,0.134445319015733,0.1215686274509803,0.2117647058823529,0.4196078431372549,0.0006881713867187,0.1450492051068474,0.325122712603249,0.213997098772752,0.1372549019607843,0.2549019607843137,0.6549019607843137,0.0084197998046875,0.1702870567172181,0.3858563938435919,0.2471126165682367,0.1686274509803921,0.2980392156862745,0.8392156862745098,0.0256484985351562,0.0771121269240688,0.1419527507855106,0.2549019607843137,0.7278131220483197,0.0607336812403428,0.2641348893485812
Breast_MRI_480,0,256.0,42.0,4.0,0.0,1.0,3.0,2.0,0.7031,2.0,39.0,92.0,164.0,96.0,133.0,8.71192317703,54.0,1.0,1.0,0.0,1.0,0.0,HRposHER2neg,0.0,0.0,1.0,duke,0,train,10,16,25,4,38.0,73.0,38.0,179.9936,2.2733543241777436,10,0.6505538940429687,0.0985163909313725,0.2424632799764856,0.1224446375701332,0.1176470588235294,0.2039215686274509,0.4235294117647059,9.765625e-05,0.1512871656230852,0.3694503514356536,0.2575469595505541,0.1176470588235294,0.2823529411764706,0.796078431372549,0.0181854248046875,0.1682372867359834,0.4127585188031538,0.2575931587227976,0.1450980392156863,0.3372549019607843,0.8352941176470589,0.0200698852539062,0.1269870714591679,0.2056327716295939,0.4941176470588235,0.7337487391545459,0.0433081673675002,0.2736656871007322
Breast_MRI_482,1,256.0,15.0,4.0,0.0,1.0,3.0,2.0,0.78125,2.0,12.0,120.0,136.0,110.0,123.0,0.4119873046875,39.0,0.0,1.0,0.0,0.0,0.0,TripleNeg,1.0,0.0,0.0,duke,0,train,10,2,11,3,11.0,17.0,14.0,200.0,0.3449981480161125,10,0.8087554931640625,0.0716709271599264,0.291049077648836,0.1884634543605137,0.1137254901960784,0.2196078431372549,0.5803921568627451,0.0009368896484375,0.1220811432483149,0.4295724334382451,0.2673284306232118,0.1058823529411764,0.3843137254901961,0.8235294117647058,0.0097991943359375,0.1289013552198223,0.4753699057295377,0.2717008251964499,0.1294117647058823,0.4509803921568627,0.8705882352941177,0.012933349609375,0.1385233557894091,0.25014699414656,0.4980392156862745,0.7309588778783092,0.0457974722912925,0.3725565289546332
Breast_MRI_486,0,256.0,27.0,5.0,0.0,1.0,4.0,2.0,0.6641,2.0,24.0,112.0,145.0,112.0,144.0,3.37431142531,46.0,0.0,1.0,0.0,1.0,0.0,HRposHER2neg,0.0,0.0,1.0,duke,0,train,10,8,17,4,23.0,34.0,33.0,170.0096,1.4757491189221366,10,0.587298583984375,0.1473105396943934,0.3114209589362462,0.196624418631311,0.1176470588235294,0.2431372549019607,0.6196078431372549,0.0007095336914062,0.1867262776692708,0.3615751288906056,0.273178209807276,0.0745098039215686,0.2705882352941176,0.7803921568627451,0.0131683349609375,0.1886784931257659,0.3655686860277334,0.283906191542111,0.0705882352941176,0.2666666666666666,0.803921568627451,0.0168899536132812,0.0501541699543594,0.2245012460645071,0.3568627450980392,0.5292862741618232,0.0039935571371278,0.4842421284588195
Breast_MRI_489,1,256.0,56.0,4.0,0.0,1.0,3.0,1.1,0.75892859697342,2.0,53.0,96.0,161.0,87.0,169.0,45.5181952178761,29.0,0.0,1.0,0.0,0.0,0.0,TripleNeg,1.0,0.0,0.0,duke,0,train,10,23,32,0,52.0,66.0,83.0,194.2857208251955,3.8398435310654717,10,0.6052810668945312,0.1149886426738664,0.2580556427872618,0.1154195645449079,0.1215686274509803,0.2470588235294117,0.403921568627451,0.0,0.1984633441999846,0.4293727510990247,0.2191990031278371,0.2039215686274509,0.3725490196078431,0.7725490196078432,0.0130828857421875,0.2085452450022978,0.4647152738157149,0.2656895084476138,0.196078431372549,0.3647058823529411,0.9333333333333332,0.0288665771484375,0.1713171083117629,0.1700789366044189,0.403921568627451,0.8832354658017728,0.0353425227166901,0.3685785304793898
Breast_MRI_491,0,256.0,35.0,4.0,0.0,1.0,3.0,2.0,0.7031,2.0,32.0,106.0,151.0,105.0,152.0,9.51178084601,65.0,1.0,1.0,0.0,1.0,1.0,HER2pos,0.0,1.0,0.0,duke,0,train,10,12,21,1,31.0,46.0,48.0,179.9936,2.3524966135426264,10,0.6046188354492188,0.1161132034600949,0.241846460910572,0.1715453146542833,0.1137254901960784,0.1764705882352941,0.4901960784313725,0.0012359619140625,0.1545427329867494,0.2969565342085228,0.2556794641728298,0.0666666666666666,0.2078431372549019,0.6823529411764706,0.0210525512695312,0.1641482902975643,0.3177813308198197,0.269923823661873,0.0705882352941176,0.2313725490196078,0.792156862745098,0.0285079956054687,0.0551100732979507,0.1445200864606855,0.2666666666666666,0.572289737840435,0.0208247966112968,0.4057163366355739
Breast_MRI_501,1,256.0,34.0,4.0,0.0,1.0,3.0,2.0,0.7031,2.0,31.0,106.0,150.0,108.0,148.0,6.15564134372,54.0,1.0,1.0,0.0,1.0,0.0,HRposHER2neg,0.0,0.0,1.0,duke,0,train,10,12,21,2,30.0,45.0,41.0,179.9936,1.9679010447314134,10,0.7230636596679687,0.0928131402707567,0.2687385015551294,0.1490575333635819,0.1176470588235294,0.2274509803921568,0.4941176470588235,0.0002853393554687,0.1577747180415135,0.4535191818017505,0.2657719200877918,0.1294117647058823,0.4274509803921568,0.8470588235294118,0.0156600952148437,0.1732358685661764,0.4917520613067451,0.2686868114494538,0.1490196078431372,0.4784313725490196,0.9176470588235294,0.0215789794921875,0.184780680246621,0.2156064312137696,0.5176470588235295,0.8088631517468994,0.0382328795049946,0.3523772266698991
Breast_MRI_506,0,256.0,19.0,5.0,0.0,1.0,4.0,1.1,0.75892859697342,2.0,16.0,69.0,118.0,103.0,153.0,1.8639624160458,45.0,1.0,0.0,1.0,1.0,0.0,HRposHER2neg,0.0,0.0,1.0,duke,0,train,10,4,13,0,15.0,50.0,51.0,194.2857208251955,1.052206126123257,10,0.6332748413085938,0.1136994844324448,0.2696542036929028,0.1491757718300939,0.1372549019607843,0.2274509803921568,0.4705882352941176,0.0007553100585937,0.1467472510244332,0.3435836950190937,0.2063162188886063,0.1607843137254902,0.2823529411764706,0.6549019607843137,0.0101394653320312,0.1657389322916666,0.3780401816501617,0.2265771577682403,0.1764705882352941,0.3098039215686274,0.7529411764705882,0.0216842651367187,0.0739294913261909,0.1299099974897071,0.2196078431372549,0.778615028064759,0.0344564866310679,0.3224181045781548
Breast_MRI_507,1,256.0,28.0,5.0,0.0,1.0,4.0,2.0,0.7422,2.0,25.0,106.0,150.0,78.0,114.0,9.94524160536,59.0,1.0,0.0,1.0,1.0,0.0,HRposHER2neg,0.0,0.0,1.0,duke,1,test,10,9,18,-1,24.0,45.0,37.0,190.0032,2.392904805227305,10,0.5687942504882812,0.1010481830671721,0.19327498751938,0.1072210104134826,0.1098039215686274,0.1568627450980392,0.3333333333333333,0.0,0.1861849496878829,0.3338635870845445,0.2536676140452361,0.0941176470588235,0.2313725490196078,0.7372549019607844,0.0154434204101562,0.1909000591203278,0.3444787506821409,0.2312632219506976,0.1294117647058823,0.2666666666666666,0.6823529411764706,0.0174713134765625,0.1405885995651644,0.2103619858334152,0.5058823529411764,0.7421362727578337,0.0106151635975963,0.3480068649480705
Breast_MRI_508,0,256.0,44.0,4.0,0.0,1.0,3.0,2.0,0.7031,2.0,41.0,99.0,157.0,107.0,150.0,16.6002599038,40.0,0.0,0.0,1.0,1.0,1.0,HER2pos,0.0,1.0,0.0,duke,0,train,10,17,26,1,40.0,59.0,44.0,179.9936,2.867913669196435,10,0.469451904296875,0.155176212086397,0.2623078718976805,0.1284322911273512,0.1215686274509803,0.2352941176470588,0.4392156862745098,9.1552734375e-05,0.274085495892693,0.4612732522402116,0.2449455234330132,0.1411764705882353,0.4470588235294118,0.796078431372549,0.0165191650390625,0.2862691423004748,0.4777120235497132,0.2447208916988505,0.1568627450980392,0.4627450980392157,0.8431372549019608,0.0268524169921875,0.198965380342531,0.1905537376773529,0.4666666666666667,0.8501466781708369,0.0164387713095016,0.4080816796088582
Breast_MRI_512,1,256.0,42.0,4.0,0.0,1.0,3.0,2.0,0.78125,2.0,39.0,91.0,165.0,60.0,104.0,25.3985595703125,43.0,0.0,1.0,0.0,1.0,0.0,HRposHER2neg,0.0,0.0,1.0,duke,0,train,10,16,25,2,38.0,75.0,45.0,200.0,3.273309446933138,10,0.3960037231445312,0.1664694333543964,0.2436963113715682,0.1232448421268838,0.1215686274509803,0.2156862745098039,0.4,0.0,0.268467502967984,0.3723316682010255,0.2398239669925418,0.1372549019607843,0.2980392156862745,0.7607843137254902,0.0243331909179687,0.2727997484394148,0.3824187192276838,0.2275174368824342,0.1490196078431372,0.3176470588235294,0.7294117647058823,0.0157760620117187,0.1286353568294573,0.2182059000157592,0.4901960784313725,0.7147750956838076,0.0100870510266582,0.4193919183498175
Breast_MRI_514,0,256.0,27.0,4.0,0.0,1.0,3.0,2.0,0.7031,2.0,24.0,111.0,145.0,114.0,145.0,3.9646838722,49.0,0.0,1.0,0.0,0.0,0.0,TripleNeg,1.0,0.0,0.0,duke,1,test,10,8,17,-1,23.0,35.0,32.0,179.9936,1.6023496242112236,10,0.5884262084960937,0.1227642044366574,0.252273251169529,0.1619239508224209,0.1137254901960784,0.196078431372549,0.4666666666666667,0.0014373779296875,0.1716546271829044,0.3269447715095885,0.2530311022679583,0.0784313725490196,0.2392156862745098,0.7215686274509804,0.0139862060546875,0.1781370993221507,0.3379661750548608,0.2581202734843482,0.0784313725490196,0.2509803921568627,0.7254901960784313,0.0171798706054687,0.0746715203400595,0.1799821735485476,0.3137254901960784,0.604495623384953,0.0110214035452722,0.4375725264988191
Breast_MRI_517,0,256.0,36.0,5.0,0.0,1.0,4.0,2.0,0.6836,2.0,33.0,99.0,157.0,94.0,162.0,3.25293767056,72.0,1.0,1.0,0.0,1.0,0.0,HRposHER2neg,0.0,0.0,1.0,duke,0,train,10,13,22,3,32.0,59.0,69.0,175.0016,1.447609960758509,10,0.7673629760742188,0.0621809536803002,0.2079286364587484,0.1168314488442542,0.1098039215686274,0.1607843137254902,0.3843137254901961,1.678466796875e-05,0.0894358436734068,0.2898391629823429,0.2352628659850697,0.0705882352941176,0.2117647058823529,0.6274509803921569,0.0073471069335937,0.1105671183268229,0.3518263944324687,0.2549248665382008,0.1058823529411764,0.2705882352941176,0.7647058823529411,0.0139572143554687,0.0819105265235943,0.1671917526221986,0.3098039215686274,0.6343392736503106,0.0619872314501259,0.232623425007051
Breast_MRI_521,0,256.0,41.0,4.0,0.0,1.0,3.0,2.0,0.625,2.0,38.0,105.0,166.0,98.0,158.0,3.680859375,61.0,1.0,1.0,0.0,1.0,0.0,HRposHER2neg,0.0,0.0,1.0,duke,0,train,10,15,24,4,37.0,62.0,61.0,160.0,1.5434817202089084,10,0.68046875,0.1175707708620557,0.3261178290845678,0.2319153520663925,0.1254901960784313,0.2274509803921568,0.7294117647058823,0.0032150268554687,0.1395733881931679,0.3808935703713025,0.2649128149747319,0.1333333333333333,0.2745098039215686,0.8274509803921568,0.01666259765625,0.1558751483992034,0.4255778381034565,0.2727496431235388,0.1568627450980392,0.3215686274509804,0.9058823529411764,0.0238021850585937,0.0547757412867347,0.1030141973878434,0.1764705882352941,0.6957518337408313,0.0446842677321539,0.3088420690709046
Breast_MRI_525,1,256.0,32.0,4.0,0.0,1.0,3.0,2.0,0.7422,2.0,29.0,148.0,187.0,108.0,149.0,6.65274636468,44.0,0.0,0.0,0.0,0.0,1.0,HER2pos,0.0,1.0,0.0,duke,0,train,10,11,20,4,28.0,40.0,42.0,190.0032,2.0350645853316287,10,0.677569580078125,0.0857639806410845,0.2275510666151481,0.1579596213164839,0.1137254901960784,0.1686274509803921,0.4196078431372549,0.000341796875,0.1250909064797794,0.3109034595722553,0.2150023960763131,0.1411764705882353,0.2392156862745098,0.5803921568627451,0.0143035888671875,0.140806017108992,0.350014549897798,0.2265032294109115,0.1529411764705882,0.2784313725490196,0.6666666666666666,0.0177993774414062,0.0833523929571071,0.1112056101395349,0.2078431372549019,0.81836939443845,0.0391110903255428,0.2991226077573968
Breast_MRI_527,0,256.0,85.0,4.0,0.0,1.0,3.0,2.0,0.80357140302658,2.0,82.0,86.0,170.0,91.0,165.0,27.789507161762,32.0,0.0,1.0,0.0,1.0,0.0,HRposHER2neg,0.0,0.0,1.0,duke,0,train,10,37,46,0,81.0,85.0,75.0,205.7142791748045,3.360010986094861,10,0.6254379272460937,0.1070924706552542,0.2584301791746914,0.1388259346665559,0.1215686274509803,0.2235294117647059,0.4352941176470588,0.000653076171875,0.1746769624597886,0.3893821635908521,0.2106048517219274,0.188235294117647,0.3333333333333333,0.7254901960784313,0.0099929809570312,0.1818225337009804,0.4165737488161111,0.235172510913172,0.192156862745098,0.3490196078431372,0.8352941176470589,0.0260986328125,0.1309519844161608,0.1486052051542873,0.3529411764705882,0.885470092433791,0.0271915852252589,0.360202547734374
Breast_MRI_530,0,256.0,36.0,5.0,0.0,1.0,4.0,2.0,0.6641,2.0,33.0,85.0,172.0,92.0,160.0,7.45823820591,45.0,1.0,0.0,0.0,1.0,0.0,HRposHER2neg,0.0,0.0,1.0,duke,0,train,10,13,22,1,32.0,88.0,69.0,170.0096,2.1351409020386773,10,0.5355865478515625,0.1370565795898437,0.2701005227461107,0.1360623397876876,0.1254901960784313,0.2392156862745098,0.4431372549019607,0.000146484375,0.1913393267463235,0.3665598780795938,0.2468332442078062,0.0941176470588235,0.3058823529411765,0.7333333333333333,0.0085006713867187,0.1904925836301317,0.3639123380116475,0.2302663954983714,0.1019607843137254,0.3176470588235294,0.6901960784313725,0.0064590454101562,0.096459355333483,0.2076912432835977,0.4,0.6160442636631861,-0.0026475400679463,0.4830758514643939
Breast_MRI_534,0,256.0,41.0,4.0,0.0,1.0,3.0,2.0,0.80357140302658,2.0,38.0,100.0,152.0,140.0,186.0,3.97638686453505,37.0,0.0,1.0,0.0,1.0,0.0,HRposHER2neg,0.0,0.0,1.0,duke,0,train,10,15,24,2,37.0,53.0,47.0,205.7142791748045,1.6047040985030412,10,0.6506179809570313,0.1154340437346813,0.2856449583777242,0.1797808977346728,0.1411764705882353,0.2117647058823529,0.5411764705882353,0.0031494140625,0.1411496031518076,0.3577265414465964,0.2196257843514995,0.188235294117647,0.2627450980392157,0.6980392156862745,0.0151535034179687,0.1569256531958486,0.4002339023839049,0.24751865059248,0.2,0.2862745098039215,0.8549019607843137,0.025079345703125,0.0720815830688722,0.0873950138938014,0.1411764705882353,0.8893964737892571,0.0425073609373085,0.23358416568037
Breast_MRI_539,1,256.0,66.0,4.0,0.0,1.0,3.0,2.0,0.6641,2.0,63.0,91.0,165.0,96.0,161.0,16.26778868566,64.0,1.0,1.0,0.0,1.0,1.0,HER2pos,0.0,1.0,0.0,duke,0,train,10,28,37,3,62.0,75.0,66.0,170.0096,2.8488428402810833,10,0.693084716796875,0.0777865121878829,0.2006839251560224,0.1024017698347713,0.1098039215686274,0.1686274509803921,0.3411764705882353,0.0002883911132812,0.1118410058115043,0.2807243613364606,0.2374228179257855,0.0823529411764705,0.2,0.6274509803921569,0.0130630493164062,0.1327206181544883,0.3283908583817339,0.2535910062972735,0.1058823529411764,0.2352941176470588,0.7607843137254902,0.0166900634765625,0.0800404361804381,0.1817224192551003,0.3294117647058823,0.6096400517052799,0.0476664970452733,0.3231082827881077
Breast_MRI_541,0,256.0,26.0,5.0,0.0,1.0,4.0,1.1,0.71428573131561,2.0,23.0,106.0,151.0,135.0,168.0,3.89265333121176,44.0,0.0,1.0,0.0,1.0,1.0,HER2pos,0.0,1.0,0.0,duke,0,train,10,8,17,0,22.0,46.0,34.0,182.85714721679616,1.5877347598505072,10,0.6265945434570312,0.1239173500210631,0.2994208468995346,0.1754465877130421,0.1411764705882353,0.2470588235294117,0.5490196078431373,0.0016921997070312,0.1819727160883884,0.4364798106480808,0.2265750096139037,0.192156862745098,0.3843137254901961,0.792156862745098,0.0124008178710937,0.192130952722886,0.4593654643476825,0.2256049886435245,0.2156862745098039,0.4078431372549019,0.803921568627451,0.0203475952148437,0.1370589637485462,0.1932647479143678,0.4196078431372549,0.7802750137915534,0.0228856536996017,0.4547248840487914
Breast_MRI_543,0,256.0,59.0,4.0,0.0,1.0,3.0,1.3,0.7031,2.0,56.0,100.0,217.0,64.0,193.0,110.007025493768,38.0,0.0,0.0,1.0,0.0,0.0,TripleNeg,1.0,0.0,0.0,duke,0,train,10,24,33,3,55.0,118.0,130.0,179.9936,4.709593492046082,10,0.6711624145507813,0.0944695506376378,0.2415784683578359,0.1113735050735745,0.1137254901960784,0.2156862745098039,0.403921568627451,3.0517578125e-06,0.1730959604300704,0.4476157045806346,0.2457714370300453,0.1647058823529411,0.403921568627451,0.8274509803921568,0.0132919311523437,0.2081374224494485,0.5327628591655774,0.2573502465333739,0.2117647058823529,0.4823529411764706,0.9490196078431372,0.02510986328125,0.2060372362227986,0.1981654272719949,0.5176470588235295,0.8980543555429754,0.0851471545849427,0.1228683987063065
Breast_MRI_545,0,256.0,32.0,5.0,0.0,1.0,4.0,1.1,0.84821426868439,2.0,29.0,110.0,146.0,114.0,143.0,5.96409746631261,30.0,0.0,1.0,0.0,1.0,1.0,HER2pos,0.0,1.0,0.0,duke,1,test,10,11,20,-1,28.0,37.0,30.0,217.14285278320384,1.9407680175450235,10,0.2501373291015625,0.3386246684953278,0.4343437020332419,0.2283666838856149,0.1333333333333333,0.4352941176470588,0.7450980392156863,0.0107070922851562,0.3798163081150428,0.462609255980845,0.2109719629553319,0.2,0.4509803921568627,0.7568627450980392,0.0118743896484375,0.3715303428500306,0.4632339155876827,0.218921488327232,0.1764705882352941,0.4588235294117647,0.7647058823529411,0.0128524780273437,0.028265553947603,0.0709921790615354,0.1058823529411764,0.618279307327595,0.0006246596068376,0.4478745701320635
Breast_MRI_546,0,256.0,47.0,4.0,0.0,1.0,3.0,2.0,0.78125,2.0,44.0,102.0,154.0,97.0,159.0,16.77978515625,68.0,1.0,0.0,1.0,1.0,1.0,HER2pos,0.0,1.0,0.0,duke,1,test,10,18,27,-1,43.0,53.0,63.0,200.0,2.8780621465622467,10,0.6222000122070312,0.0866545075061274,0.1946748108965107,0.0969277704895828,0.1137254901960784,0.1686274509803921,0.2980392156862745,0.0007171630859375,0.187739215925628,0.3953438193064337,0.2500102110500561,0.1254901960784313,0.3333333333333333,0.7764705882352941,0.0100570678710937,0.2073898375268076,0.4346956862269938,0.2364739368845363,0.1568627450980392,0.403921568627451,0.792156862745098,0.006890869140625,0.200669008409923,0.238700616081831,0.5686274509803921,0.8082998445041297,0.0393518669205601,0.3775520507280034
Breast_MRI_558,0,256.0,21.0,4.0,0.0,1.0,3.0,2.0,0.6641,2.0,18.0,102.0,154.0,105.0,152.0,2.24130841242,69.0,1.0,1.0,0.0,0.0,1.0,HER2pos,0.0,1.0,0.0,duke,0,train,10,5,14,1,17.0,53.0,48.0,170.0096,1.1759770792802748,10,0.6858749389648438,0.0996987137140012,0.2546524730893985,0.1510944098075037,0.1137254901960784,0.2078431372549019,0.4549019607843137,0.0003005981445312,0.1570144054936427,0.3774206873626968,0.2686884919474,0.0901960784313725,0.3019607843137254,0.8235294117647058,0.0164398193359375,0.1567722036324295,0.3806596079764818,0.2611341185358563,0.0901960784313725,0.3137254901960784,0.788235294117647,0.01378173828125,0.1227682142732982,0.2243221846345771,0.4627450980392157,0.6761761348456513,0.003238920613785,0.4472688412309037
Breast_MRI_559,1,256.0,30.0,4.0,0.0,1.0,3.0,1.1,0.75892859697342,2.0,27.0,93.0,163.0,54.0,114.0,10.9918040314422,42.0,0.0,1.0,0.0,0.0,1.0,HER2pos,0.0,1.0,0.0,duke,0,train,10,10,19,4,26.0,71.0,61.0,194.2857208251955,2.484223419059216,10,0.6328231811523437,0.1213852287741268,0.2861504090151767,0.1731653766835759,0.1215686274509803,0.2156862745098039,0.5490196078431373,0.0001144409179687,0.1795402736289828,0.3862207871184196,0.2230503202800029,0.1647058823529411,0.3215686274509804,0.6980392156862745,0.0135421752929687,0.1886399691712622,0.3993967870525802,0.2419302806899498,0.1647058823529411,0.3215686274509804,0.7764705882352941,0.0206741333007812,0.1000703781032429,0.1443488642137521,0.3176470588235294,0.8046153270748401,0.0131759999341605,0.4347367152468697
Breast_MRI_560,0,256.0,31.0,5.0,0.0,1.0,4.0,1.2,0.6836,2.0,28.0,101.0,156.0,97.0,159.0,13.869543009216,45.0,0.0,1.0,0.0,1.0,0.0,HRposHER2neg,0.0,0.0,1.0,duke,0,train,10,10,19,2,27.0,56.0,63.0,175.0016,2.699315027600083,10,0.5275253295898438,0.1497937191233915,0.3017955328533214,0.1529651841565717,0.1333333333333333,0.2666666666666666,0.5294117647058824,1.52587890625e-05,0.2164753753063725,0.4225115473700694,0.2558531351451346,0.1372549019607843,0.3568627450980392,0.8274509803921568,0.0138153076171875,0.2095199225930606,0.4116426543553821,0.2287967196746123,0.1529411764705882,0.3725490196078431,0.7294117647058823,0.0172149658203125,0.120716014516748,0.2173631299357714,0.4274509803921568,0.6951469605123353,-0.0108688930146872,0.497166072968373
Breast_MRI_562,1,256.0,36.0,4.0,0.0,1.0,3.0,2.0,0.78125,2.0,33.0,83.0,174.0,128.0,161.0,9.632568359375,51.0,0.0,1.0,0.0,0.0,0.0,TripleNeg,1.0,0.0,0.0,duke,0,train,10,13,22,0,32.0,92.0,34.0,200.0,2.3639217774101944,10,0.5398239135742188,0.1139697744332107,0.2232638049765318,0.1262198754635692,0.1215686274509803,0.196078431372549,0.3411764705882353,0.0027099609375,0.2128301822437959,0.3762717797468777,0.2323131936247121,0.1490196078431372,0.3019607843137254,0.7607843137254902,0.0154098510742187,0.2112639662798713,0.377616119910815,0.2148609764875802,0.1568627450980392,0.3254901960784314,0.6745098039215687,0.0182647705078125,0.1530079747703459,0.2277774988510125,0.5254901960784314,0.8074082916364095,0.0013443401639373,0.4393943915564972
Breast_MRI_567,0,256.0,57.0,4.0,0.0,1.0,3.0,2.0,0.7813,2.0,54.0,127.0,203.0,107.0,152.0,16.605518857070003,68.0,1.0,1.0,0.0,0.0,1.0,HER2pos,0.0,1.0,0.0,duke,1,test,10,23,32,-1,53.0,77.0,46.0,200.0128,2.868212424315294,10,0.6794036865234375,0.0820633353439031,0.2088641718288602,0.1257188245259856,0.1098039215686274,0.1607843137254902,0.4078431372549019,0.0,0.131884292901731,0.2836301489649576,0.2214217204756597,0.1019607843137254,0.2156862745098039,0.5568627450980392,0.0162109375,0.1516213510550704,0.3257730971649604,0.2318305614501221,0.1215686274509803,0.2549019607843137,0.6588235294117647,0.0196319580078125,0.0747659771360973,0.2018855413343296,0.3176470588235294,0.654417294127726,0.0421429482000028,0.292956888427746
Breast_MRI_568,0,256.0,27.0,5.0,0.0,1.0,4.0,1.1,0.80357140302658,2.0,24.0,107.0,150.0,115.0,153.0,5.68594921964507,42.0,0.0,1.0,0.0,0.0,0.0,TripleNeg,1.0,0.0,0.0,duke,0,train,10,8,17,1,23.0,44.0,39.0,205.7142791748045,1.9000081929414052,10,0.43531494140625,0.1808696731866574,0.2847010481055303,0.1735270445922423,0.1215686274509803,0.2392156862745098,0.4941176470588235,0.0052902221679687,0.2214671535117953,0.3276737351374973,0.2049684681553515,0.1137254901960784,0.2862745098039215,0.6,0.00921630859375,0.2362326289158241,0.3560310574434058,0.2250701104798785,0.1215686274509803,0.3137254901960784,0.6784313725490196,0.0159378051757812,0.042972687031967,0.1251320811764832,0.1843137254901961,0.6023584599753562,0.0283573223059084,0.363931883525368
Breast_MRI_573,0,256.0,31.0,4.0,0.0,1.0,3.0,2.0,0.7422,2.0,28.0,98.0,159.0,151.0,192.0,4.30001971704,60.0,1.0,1.0,0.0,1.0,0.0,HRposHER2neg,0.0,0.0,1.0,duke,0,train,10,10,19,2,27.0,62.0,42.0,190.0032,1.6677105407473827,10,0.504705810546875,0.1596210734049479,0.2969160819881317,0.1653166597393268,0.1294117647058823,0.2588235294117647,0.5098039215686274,0.0027618408203125,0.2101412006452971,0.3780023626352782,0.2069968692174065,0.1333333333333333,0.3568627450980392,0.6431372549019608,0.00880126953125,0.2301330686083027,0.4160367191892715,0.2260679687811591,0.1450980392156863,0.392156862745098,0.7215686274509804,0.0149490356445312,0.0810862806471465,0.1305501129863051,0.2352941176470588,0.7301014183785383,0.0380343565539932,0.3325117992828008
Breast_MRI_585,0,256.0,20.0,5.0,0.0,1.0,4.0,2.0,0.5859,2.0,17.0,111.0,146.0,80.0,125.0,1.09986530724,50.0,1.0,1.0,0.0,1.0,0.0,HRposHER2neg,0.0,0.0,1.0,duke,0,train,10,5,14,4,16.0,36.0,46.0,149.9904,0.7418732032628336,10,0.6402923583984375,0.1069178143669577,0.2624366965053759,0.1683761841542988,0.1176470588235294,0.192156862745098,0.5254901960784314,0.0009674072265625,0.1282275390625,0.2987398605863372,0.227203249786436,0.0862745098039215,0.2156862745098039,0.6470588235294118,0.0072555541992187,0.1554412602443321,0.3646193955103697,0.2551737621215898,0.1098039215686274,0.2745098039215686,0.7647058823529411,0.0146255493164062,0.0363031640809612,0.1847867006671397,0.2666666666666666,0.5695687585370199,0.0658795349240324,0.2846465143506774
Breast_MRI_590,0,256.0,49.0,5.0,0.0,1.0,4.0,2.0,0.6641,2.0,46.0,100.0,157.0,104.0,153.0,17.329345031330003,30.0,0.0,1.0,0.0,1.0,0.0,HRposHER2neg,0.0,0.0,1.0,duke,0,train,10,19,28,3,45.0,58.0,50.0,170.0096,2.9085033291526523,10,0.7091552734375,0.073327989765242,0.2109050213722692,0.0952028028109153,0.1137254901960784,0.1843137254901961,0.3450980392156862,0.0,0.1650444000842524,0.3590696355768867,0.273446660847688,0.0627450980392156,0.2901960784313726,0.792156862745098,0.0154510498046875,0.1804186054304534,0.3931247459111236,0.2592683303471193,0.0901960784313725,0.3529411764705882,0.7725490196078432,0.0132095336914062,0.1481646142046174,0.285014686530779,0.5764705882352941,0.6351464786367833,0.0340551103342369,0.4142795685385713
Breast_MRI_592,0,256.0,68.0,5.0,0.0,1.0,4.0,2.0,0.6641,2.0,65.0,70.0,187.0,96.0,177.0,28.11955589679,50.0,0.0,1.0,0.0,1.0,0.0,HRposHER2neg,0.0,0.0,1.0,duke,0,train,10,29,38,0,64.0,118.0,82.0,170.0096,3.371409972415144,10,0.666064453125,0.1173033590877757,0.2872617470734455,0.2017718787082894,0.1137254901960784,0.2,0.6039215686274509,0.0026596069335937,0.1421515969669117,0.3158260796642095,0.2533229564080375,0.0509803921568627,0.2392156862745098,0.7019607843137254,0.0076889038085937,0.1604906568340226,0.365878224370608,0.2837904144109808,0.0588235294117647,0.2823529411764706,0.8274509803921568,0.0165878295898437,0.028564332590764,0.1548565879556915,0.2352941176470588,0.4985834917385582,0.0500521447063984,0.3155386386898669
Breast_MRI_595,0,256.0,32.0,4.0,0.0,1.0,3.0,2.0,0.75892859697342,2.0,29.0,79.0,123.0,116.0,159.0,5.68081790474378,47.0,1.0,1.0,0.0,1.0,0.0,HRposHER2neg,0.0,0.0,1.0,duke,0,train,10,11,20,1,28.0,45.0,44.0,194.2857208251955,1.899240420883195,10,0.488311767578125,0.1658110734528186,0.2913545047052041,0.1618647989214614,0.1529411764705882,0.2431372549019607,0.4980392156862745,0.003497314453125,0.2009920127719056,0.3551261523276932,0.1958922590985234,0.1843137254901961,0.2941176470588235,0.6392156862745098,0.0128616333007812,0.2218090760474111,0.3930171309890927,0.2162960922444574,0.2039215686274509,0.3176470588235294,0.7490196078431373,0.0219573974609375,0.063771647622489,0.1099362462937133,0.1725490196078431,0.7485030118685513,0.0378909786613995,0.2852000954255382
Breast_MRI_596,0,256.0,17.0,5.0,0.0,1.0,4.0,2.5,0.71428573131561,2.0,14.0,79.0,142.0,109.0,165.0,10.1772964036586,71.0,1.0,1.0,0.0,1.0,0.0,HRposHER2neg,0.0,0.0,1.0,duke,0,train,10,3,12,2,13.0,64.0,57.0,182.85714721679616,2.413884614123032,10,0.626708984375,0.1179353362438725,0.279784060452173,0.1515880747558047,0.1333333333333333,0.2352941176470588,0.4980392156862745,4.57763671875e-05,0.1589601464365043,0.3797071326895703,0.2343047672123673,0.1529411764705882,0.3058823529411765,0.7450980392156863,0.0148635864257812,0.1873226210650276,0.4495226920068224,0.2508600399225851,0.196078431372549,0.3764705882352941,0.8901960784313725,0.0242919921875,0.0999230722373972,0.1732405734467774,0.3176470588235294,0.7673029758011772,0.069815559317252,0.1919677894048397
Breast_MRI_597,0,256.0,48.0,5.0,0.0,1.0,4.0,2.0,0.6641,2.0,45.0,75.0,181.0,78.0,200.0,45.10798565799,27.0,0.0,0.0,1.0,1.0,0.0,HRposHER2neg,0.0,0.0,1.0,duke,0,train,10,19,28,4,44.0,107.0,123.0,170.0096,3.830986159686189,10,0.6660903930664063,0.1264439122817095,0.3245623962121006,0.2193479174097637,0.1137254901960784,0.2470588235294117,0.6352941176470588,0.0033798217773437,0.1820711502374387,0.4213378019979784,0.2823051626795066,0.0705882352941176,0.3803921568627451,0.8588235294117647,0.0122207641601562,0.1877546841490502,0.4414559144530998,0.2872438378842908,0.0862745098039215,0.392156862745098,0.9137254901960784,0.018682861328125,0.0967754057858777,0.1982442456868591,0.388235294117647,0.6211185800914861,0.0201181124551213,0.4123364605563197
Breast_MRI_600,0,256.0,30.0,5.0,0.0,1.0,4.0,1.1,0.82589286565781,2.0,27.0,113.0,152.0,111.0,146.0,7.62088794787928,56.0,1.0,1.0,0.0,1.0,0.0,HRposHER2neg,0.0,0.0,1.0,duke,0,train,10,10,19,1,26.0,40.0,36.0,211.42857360839935,2.1541880895652277,10,0.3853546142578125,0.1692319623161764,0.2516835824679264,0.1452707895392053,0.1176470588235294,0.2156862745098039,0.4117647058823529,0.0024658203125,0.2799877630495558,0.3784515151594805,0.1828016695953033,0.1686274509803921,0.3607843137254902,0.592156862745098,0.0098983764648437,0.275192518047258,0.3748749897412877,0.1983344745371656,0.1725490196078431,0.3372549019607843,0.6235294117647059,0.0188674926757812,0.1267679326915541,0.1255207891498423,0.3215686274509804,0.8902545591761954,-0.0035765254181928,0.4928651933646795
Breast_MRI_605,0,256.0,31.0,4.0,0.0,1.0,3.0,1.1,0.75892859697342,2.0,28.0,111.0,145.0,110.0,147.0,5.85672006839885,43.0,0.0,0.0,1.0,1.0,0.0,HRposHER2neg,0.0,0.0,1.0,duke,0,train,10,10,19,0,27.0,35.0,38.0,194.2857208251955,1.9252292032598914,10,0.6133560180664063,0.1283198337928921,0.2812703238372751,0.1644165755445862,0.1254901960784313,0.2431372549019607,0.4784313725490196,0.0025466918945312,0.207760560278799,0.4192209652586048,0.2174139585674382,0.1803921568627451,0.3686274509803922,0.7372549019607844,0.0107879638671875,0.2068902827244179,0.4253288009285193,0.2105687566342257,0.196078431372549,0.388235294117647,0.7294117647058823,0.0148147583007812,0.1379506414213297,0.1894962617085053,0.4431372549019607,0.7873405132778986,0.0061078356699144,0.4365190555307805
Breast_MRI_607,0,256.0,26.0,4.0,0.0,1.0,3.0,2.0,0.84821426868439,2.0,23.0,109.0,147.0,111.0,145.0,7.59685675808823,48.0,0.0,0.0,1.0,0.0,0.0,TripleNeg,1.0,0.0,0.0,duke,0,train,10,8,17,3,22.0,39.0,35.0,217.14285278320384,2.1513966432049716,10,0.6082077026367188,0.1235564706839767,0.2631796603516682,0.1678367111342115,0.1215686274509803,0.2117647058823529,0.4431372549019607,0.005096435546875,0.2034543804093903,0.38548534690491,0.2060649491188863,0.1843137254901961,0.3294117647058823,0.6862745098039216,0.0096420288085937,0.2145281025007659,0.4244653709827747,0.2218044081036826,0.2039215686274509,0.3686274509803922,0.7803921568627451,0.0186050415039062,0.1223056865532418,0.1491928584976753,0.3411764705882353,0.8585243315872491,0.0389800240778647,0.2921387260724787
Breast_MRI_609,0,256.0,31.0,5.0,0.0,1.0,4.0,2.0,0.7031,2.0,28.0,114.0,161.0,104.0,152.0,4.79865166427,68.0,1.0,1.0,0.0,1.0,0.0,HRposHER2neg,0.0,0.0,1.0,duke,0,train,10,10,19,4,27.0,48.0,49.0,179.9936,1.7576254188490585,10,0.6784439086914062,0.090219606885723,0.2354686515031191,0.1418574302609466,0.1137254901960784,0.1764705882352941,0.4705882352941176,0.0,0.1338625320733762,0.3364046379222674,0.2395712020756459,0.1098039215686274,0.2588235294117647,0.6901960784313725,0.0151519775390625,0.1490900854970894,0.3762938771256717,0.248787112452676,0.1294117647058823,0.2980392156862745,0.7686274509803922,0.0163955688476562,0.1009359864191482,0.1677284562840992,0.3058823529411765,0.744731534866064,0.0398892392034043,0.3137020428500249
Breast_MRI_610,0,256.0,15.0,5.0,0.0,1.0,4.0,1.2,0.6836,2.0,12.0,122.0,134.0,119.0,137.0,0.8226506931840001,53.0,1.0,1.0,0.0,1.0,1.0,HER2pos,0.0,1.0,0.0,duke,0,train,10,2,11,2,11.0,13.0,19.0,175.0016,0.6002918663570932,10,0.6758026123046875,0.0941504444795496,0.2621142796919018,0.1318230611647508,0.1176470588235294,0.2274509803921568,0.4549019607843137,9.765625e-05,0.1418040615904565,0.3830292754568528,0.2342409104508784,0.1450980392156863,0.3254901960784314,0.7294117647058823,0.0132644653320312,0.1525395292394301,0.4133245033161477,0.2327793177704866,0.1647058823529411,0.3607843137254902,0.7725490196078432,0.0089645385742187,0.120914995764951,0.1868156898656924,0.4078431372549019,0.7734319844116235,0.0302952278592948,0.3212090405053043
Breast_MRI_612,0,256.0,30.0,4.0,0.0,1.0,3.0,1.3,0.87053573131561,2.0,27.0,112.0,144.0,160.0,191.0,6.411565505155391,42.0,0.0,0.0,1.0,0.0,0.0,TripleNeg,1.0,0.0,0.0,duke,0,train,10,10,19,0,26.0,33.0,32.0,222.85714721679616,2.00304168624553,10,0.5131683349609375,0.1376295860140931,0.2559075195663597,0.1482064957241905,0.1254901960784313,0.2196078431372549,0.4078431372549019,0.0048629760742187,0.2112956447227328,0.3595592552645568,0.2081357478046884,0.1568627450980392,0.3019607843137254,0.6392156862745098,0.0151885986328125,0.2224968225815717,0.3900278338572539,0.2181248856926619,0.1764705882352941,0.3294117647058823,0.7254901960784313,0.0179092407226562,0.1036517356981971,0.1665083754668317,0.3450980392156862,0.7845604137282558,0.030468578592697,0.3474972574831531
Breast_MRI_614,1,256.0,20.0,4.0,0.0,1.0,3.0,1.1,1.125,2.0,17.0,108.0,131.0,156.0,183.0,2.88878881204882,45.0,0.0,0.0,1.0,0.0,0.0,TripleNeg,1.0,0.0,0.0,duke,0,train,10,5,14,1,16.0,24.0,28.0,288.0,1.3580977497774789,10,0.52479248046875,0.1513968613568474,0.2912284631800779,0.1745114512455533,0.1333333333333333,0.2431372549019607,0.5215686274509804,0.0050750732421875,0.1855296953986672,0.3362370988108568,0.1933850456591379,0.1568627450980392,0.2862745098039215,0.6,0.0095794677734375,0.2001348817114736,0.3696976748520056,0.2087882098605893,0.1764705882352941,0.3137254901960784,0.6705882352941176,0.0162612915039062,0.0450086356307788,0.0748784522178423,0.1137254901960784,0.7675126512368671,0.0334605760411488,0.2637718667317424
Breast_MRI_615,1,256.0,28.0,4.0,0.0,1.0,3.0,1.1,0.7031,2.0,25.0,111.0,146.0,111.0,142.0,2.339905009013,34.0,0.0,1.0,0.0,1.0,0.0,HRposHER2neg,0.0,0.0,1.0,duke,0,train,10,9,18,2,24.0,36.0,32.0,179.9936,1.2059423661689033,10,0.5748977661132812,0.1250450104358149,0.2678961694694209,0.142328043733783,0.1294117647058823,0.2274509803921568,0.4823529411764706,4.119873046875e-05,0.1734783037971047,0.36433249614927,0.2313670331415597,0.1411764705882353,0.2901960784313726,0.7137254901960784,0.0147659301757812,0.1904490571863511,0.4012972798732013,0.2333383556330505,0.1647058823529411,0.3333333333333333,0.7607843137254902,0.014215087890625,0.096436326679849,0.1843839691885452,0.3607843137254902,0.6830811751826128,0.0369647837239312,0.3233977637789623
Breast_MRI_618,0,256.0,53.0,5.0,0.0,1.0,4.0,2.0,0.7422,2.0,50.0,99.0,158.0,99.0,157.0,22.8028844718,51.0,0.0,1.0,0.0,1.0,0.0,HRposHER2neg,0.0,0.0,1.0,duke,0,train,10,21,30,3,49.0,60.0,59.0,190.0032,3.169806769627869,10,0.6970932006835937,0.0829906149471507,0.2369353990053301,0.1201030901579623,0.1137254901960784,0.2,0.4235294117647059,8.544921875e-05,0.1059355911554074,0.2889022628339745,0.2348107367669256,0.0705882352941176,0.2117647058823529,0.5843137254901961,0.0108322143554687,0.1218163224762561,0.3187453422075484,0.2560060504225067,0.0823529411764705,0.2313725490196078,0.7098039215686275,0.0149612426757812,0.0519668638286444,0.1755647831033507,0.2980392156862745,0.5208475011712079,0.0298430793735738,0.3625253761718376
Breast_MRI_623,0,256.0,17.0,5.0,0.0,1.0,4.0,1.1,0.7813,2.0,14.0,116.0,140.0,56.0,70.0,1.079056563013,56.0,0.0,0.0,1.0,1.0,0.0,HRposHER2neg,0.0,0.0,1.0,duke,0,train,10,3,12,4,13.0,25.0,15.0,200.0128,0.7319142153422364,10,0.6799118041992187,0.0935509715360753,0.2341210849486882,0.1382992615175914,0.1098039215686274,0.1803921568627451,0.4392156862745098,0.0,0.1381681015912224,0.3359771809359192,0.2258406646751591,0.1215686274509803,0.2627450980392157,0.6862745098039216,0.0069610595703125,0.1676821241191789,0.4049828091486007,0.2511684942109867,0.1529411764705882,0.3254901960784314,0.8196078431372549,0.0159713745117187,0.101856095987231,0.1501027213302469,0.2901960784313726,0.8141753228489844,0.0690056282126814,0.1490992644429931
Breast_MRI_626,0,256.0,17.0,4.0,0.0,1.0,3.0,1.1,0.7031,2.0,14.0,117.0,140.0,113.0,131.0,0.910839156425,68.0,1.0,1.0,0.0,1.0,0.0,HRposHER2neg,0.0,0.0,1.0,duke,0,train,10,3,12,0,13.0,24.0,19.0,179.9936,0.6475424944866767,10,0.6346633911132813,0.0998816336837469,0.2415973528957248,0.1246831143744688,0.1215686274509803,0.2039215686274509,0.4235294117647059,6.7138671875e-05,0.148291290881587,0.3527353746612521,0.2390152948169963,0.1294117647058823,0.2705882352941176,0.7254901960784313,0.0129074096679687,0.1512371586818321,0.3604028474191282,0.2416209870810874,0.1215686274509803,0.2784313725490196,0.7333333333333333,0.0111587524414062,0.1111380217655272,0.189429968291407,0.388235294117647,0.7178388402310516,0.007667472757876,0.4435422905520263
Breast_MRI_633,1,256.0,60.0,4.0,0.0,1.0,3.0,2.0,0.7031,2.0,57.0,95.0,161.0,94.0,163.0,25.900953466340003,37.0,0.0,0.0,1.0,1.0,0.0,HRposHER2neg,0.0,0.0,1.0,duke,0,train,10,25,34,1,56.0,67.0,70.0,179.9936,3.292161730824993,10,0.505255126953125,0.1436306523341758,0.2610757983352237,0.1321655644033715,0.1176470588235294,0.2274509803921568,0.4666666666666667,0.0,0.2078724879844516,0.3579770266586261,0.2287567923411986,0.1294117647058823,0.3019607843137254,0.6588235294117647,0.0225173950195312,0.246018024519378,0.425457467557521,0.2393168821042768,0.1725490196078431,0.3725490196078431,0.796078431372549,0.0299514770507812,0.0969012283234023,0.16543276210437,0.3411764705882353,0.7420490013446995,0.0674804408988949,0.2202654856339209
Breast_MRI_636,0,256.0,37.0,5.0,0.0,1.0,4.0,2.0,0.6836,2.0,34.0,101.0,155.0,107.0,150.0,2.88843668176,61.0,1.0,1.0,0.0,0.0,0.0,TripleNeg,1.0,0.0,0.0,duke,1,test,10,13,22,-1,33.0,55.0,44.0,175.0016,1.358007195558795,10,0.5745620727539062,0.1005908442478553,0.2101357249676765,0.1214763008249893,0.1137254901960784,0.1686274509803921,0.3647058823529411,3.814697265625e-05,0.1512123736213235,0.2857376579381999,0.2379761909843371,0.0941176470588235,0.192156862745098,0.6509803921568628,0.01829833984375,0.1620338828890931,0.3122897360080987,0.2198508455394772,0.1215686274509803,0.2313725490196078,0.6313725490196078,0.0118743896484375,0.0756019329705233,0.2171007663697778,0.3568627450980392,0.5782436382547568,0.0265520780698987,0.3088427810555386
Breast_MRI_640,0,256.0,36.0,5.0,0.0,1.0,4.0,2.0,0.625,2.0,33.0,94.0,162.0,134.0,180.0,3.459375,61.0,1.0,1.0,0.0,1.0,0.0,HRposHER2neg,0.0,0.0,1.0,duke,0,train,10,13,22,4,32.0,69.0,47.0,160.0,1.495008621683064,10,0.6140670776367188,0.1113726447610294,0.2492001697782997,0.1425866033447672,0.1176470588235294,0.2039215686274509,0.4352941176470588,0.0007034301757812,0.1525978417490043,0.3267500440919671,0.258404791470794,0.0823529411764705,0.2352941176470588,0.7647058823529411,0.0168670654296875,0.1729105511833639,0.3747449584954077,0.248512567216045,0.1176470588235294,0.3019607843137254,0.7607843137254902,0.0126449584960937,0.0775498743136673,0.2116562691570593,0.388235294117647,0.580946921024019,0.0479949144034405,0.3513413067114757
Breast_MRI_641,0,256.0,22.0,4.0,0.0,1.0,3.0,2.0,0.78125,2.0,19.0,103.0,154.0,83.0,112.0,4.210205078125,55.0,0.0,0.0,1.0,0.0,0.0,TripleNeg,1.0,0.0,0.0,duke,1,test,10,6,15,-1,18.0,52.0,30.0,200.0,1.6506192173946272,10,0.570062255859375,0.1364811018401501,0.2883004856518777,0.1223796492855606,0.1372549019607843,0.2784313725490196,0.4549019607843137,0.0,0.2192036527745864,0.4639453515680345,0.2620381725820842,0.188235294117647,0.3843137254901961,0.9176470588235294,0.0282150268554687,0.2136533310834099,0.4517626766497118,0.2073151985460225,0.2117647058823529,0.4117647058823529,0.7607843137254902,0.00242919921875,0.1756448659161567,0.2054845482611129,0.5176470588235295,0.8506161184537414,-0.0121826749183226,0.4653930239491205
Breast_MRI_642,0,256.0,24.0,4.0,0.0,1.0,3.0,1.1,0.6641,2.0,21.0,114.0,142.0,114.0,143.0,1.702327103719,64.0,1.0,1.0,0.0,1.0,1.0,HER2pos,0.0,1.0,0.0,duke,0,train,10,7,16,2,20.0,29.0,30.0,170.0096,0.994113292062446,10,0.7110031127929688,0.0946568926642922,0.2795695565089079,0.1791640783414938,0.1176470588235294,0.2078431372549019,0.5568627450980392,0.0006332397460937,0.1279195987477022,0.3630801655657009,0.2524705241655556,0.1137254901960784,0.2784313725490196,0.7529411764705882,0.0150405883789062,0.1400243123372395,0.4012903490303126,0.263396408088336,0.1254901960784313,0.3176470588235294,0.8274509803921568,0.0152603149414062,0.0835106090567929,0.1752499393290763,0.2745098039215686,0.6779463243873979,0.0382101834646116,0.2955115445334403
Breast_MRI_648,0,256.0,23.0,5.0,0.0,1.0,4.0,2.0,0.5859,2.0,20.0,104.0,152.0,97.0,158.0,1.90004821335,61.0,1.0,0.0,0.0,1.0,0.0,HRposHER2neg,0.0,0.0,1.0,duke,0,train,10,6,15,3,19.0,49.0,62.0,149.9904,1.064727362147333,10,0.5018356323242188,0.1316632678462009,0.2295813409550455,0.1155025955810925,0.1137254901960784,0.196078431372549,0.392156862745098,1.52587890625e-06,0.2141816621668198,0.3490569404432718,0.2843386988775304,0.0549019607843137,0.2588235294117647,0.8196078431372549,0.0218124389648437,0.199252337287454,0.3239137585706275,0.2402720750565004,0.0588235294117647,0.2705882352941176,0.6705882352941176,0.0071548461914062,0.1194755994882262,0.2589842785905168,0.5529411764705883,0.5774036149560305,-0.0251431818726443,0.4917406126618414
Breast_MRI_650,0,256.0,27.0,5.0,0.0,1.0,4.0,2.0,0.7031,2.0,24.0,92.0,164.0,79.0,126.0,6.41764663702,41.0,0.0,1.0,0.0,1.0,0.0,HRposHER2neg,0.0,0.0,1.0,duke,0,train,10,8,17,2,23.0,73.0,48.0,179.9936,2.003861842049787,10,0.7019607543945312,0.0772797887465533,0.2108188015969124,0.120970697763436,0.1098039215686274,0.1607843137254902,0.4,0.0,0.1115329936906403,0.279078104212098,0.2258877021723624,0.0941176470588235,0.192156862745098,0.611764705882353,0.0093017578125,0.1290077478745404,0.3261094217692504,0.2478062011413283,0.1058823529411764,0.2352941176470588,0.7333333333333333,0.0140777587890625,0.0682593026151855,0.1889659555516357,0.3058823529411765,0.635352723437588,0.0470313175571524,0.2807145087880076
Breast_MRI_651,0,256.0,10.0,5.0,0.0,1.0,4.0,1.1,1.125,2.0,7.0,101.0,115.0,188.0,200.0,0.0654328139182205,66.0,1.0,1.0,0.0,1.0,0.0,HRposHER2neg,0.0,0.0,1.0,duke,0,train,6,2,7,0,6.0,15.0,13.0,288.0,0.06338111464934697,6,0.4084498087565104,0.1776533438489328,0.284125079438457,0.150216715946814,0.1450980392156863,0.2470588235294117,0.4627450980392157,0.0050201416015625,0.2518496644263174,0.3916073370239815,0.2054659864412463,0.2,0.3294117647058823,0.6980392156862745,0.016510009765625,0.2506703894122753,0.3915734837443986,0.1804239082674172,0.2,0.3529411764705882,0.6352941176470588,0.0085525512695312,0.1074822575855244,0.1906531089777095,0.392156862745098,0.7631670586009879,-3.38532795828224e-05,0.4181989364034616
Breast_MRI_652,1,256.0,86.0,5.0,0.0,1.0,4.0,2.0,0.6836,2.0,83.0,71.0,185.0,114.0,188.0,27.1670063896,43.0,0.0,1.0,0.0,0.0,1.0,HER2pos,0.0,1.0,0.0,duke,0,train,10,38,47,1,82.0,115.0,75.0,175.0016,3.338151306791514,10,0.562811279296875,0.1095254815793504,0.2115674613114033,0.1108456877587602,0.1098039215686274,0.1686274509803921,0.3843137254901961,8.392333984375e-05,0.1600225830078125,0.2938160658447298,0.2234770200525607,0.0901960784313725,0.2274509803921568,0.6274509803921569,0.0097137451171875,0.1858401668772978,0.348694389034565,0.2729245819419801,0.0901960784313725,0.2627450980392157,0.8666666666666667,0.0290512084960937,0.0822486045333265,0.1494326709691817,0.2823529411764706,0.6863560848259783,0.0548783231898352,0.3033443158497256
Breast_MRI_656,1,256.0,20.0,4.0,0.0,1.0,3.0,2.0,0.71428573131561,2.0,17.0,95.0,122.0,114.0,143.0,1.06581637735269,65.0,1.0,1.0,0.0,0.0,0.0,TripleNeg,1.0,0.0,0.0,duke,0,train,10,5,14,3,16.0,28.0,30.0,182.85714721679616,0.7255254884090483,10,0.4793716430664062,0.166475710401348,0.2896416782592919,0.1525271558774841,0.1529411764705882,0.2470588235294117,0.4745098039215686,0.0038726806640625,0.2212614351160386,0.3863980706101649,0.1999631840799128,0.2,0.3254901960784314,0.6666666666666666,0.012744140625,0.2508877922506893,0.4405911471707989,0.1937898724894539,0.2431372549019607,0.392156862745098,0.7176470588235294,0.0141204833984375,0.0967563923508729,0.161893523647049,0.2666666666666666,0.7701663838405154,0.054193076560634,0.2210381624799604
Breast_MRI_660,0,256.0,33.0,4.0,0.0,1.0,3.0,1.1,0.7031,2.0,30.0,106.0,151.0,136.0,182.0,8.990390312343,25.0,0.0,1.0,0.0,0.0,0.0,TripleNeg,1.0,0.0,0.0,duke,0,train,10,11,20,4,29.0,46.0,47.0,179.9936,2.301623662201842,10,0.5295394897460938,0.1673714252546722,0.3173579153023037,0.1905710066251775,0.1215686274509803,0.2549019607843137,0.611764705882353,0.000115966796875,0.2249262252508425,0.3963142563858357,0.2529752104968055,0.0901960784313725,0.3725490196078431,0.7294117647058823,0.0164260864257812,0.2366749243642769,0.4206910152399736,0.2659580881239834,0.0980392156862745,0.396078431372549,0.7843137254901961,0.02471923828125,0.078956341083532,0.1868242729779853,0.3411764705882353,0.6064653396946689,0.0243767588541379,0.4048929524748557
Breast_MRI_662,0,256.0,17.0,4.0,0.0,1.0,3.0,2.0,0.78125,2.0,14.0,114.0,143.0,109.0,129.0,1.5155029296875,66.0,1.0,1.0,0.0,0.0,0.0,TripleNeg,1.0,0.0,0.0,duke,0,train,10,3,12,2,13.0,30.0,21.0,200.0,0.9224727556027023,10,0.6931015014648437,0.0939381019741881,0.2846367354324056,0.1862596070473434,0.1333333333333333,0.2156862745098039,0.5607843137254902,0.0039169311523437,0.1146428904813878,0.3306935096478419,0.2190981287347777,0.1294117647058823,0.2666666666666666,0.6470588235294118,0.010797119140625,0.1370084635416666,0.4066411772212526,0.2355610389344694,0.1803921568627451,0.3372549019607843,0.7764705882352941,0.016748046875,0.0460567742154362,0.2438698762592315,0.3450980392156862,0.6049401130617663,0.0759476675734108,0.2479304327073669
Breast_MRI_666,0,256.0,30.0,5.0,0.0,1.0,4.0,1.1,0.7422,2.0,27.0,108.0,149.0,104.0,152.0,8.251179264108,39.0,1.0,1.0,0.0,1.0,1.0,HER2pos,0.0,1.0,0.0,duke,0,train,10,10,19,4,26.0,42.0,49.0,190.0032,2.2247510314101038,10,0.5582611083984375,0.1309011960497089,0.262249392084933,0.1616372293396218,0.1176470588235294,0.2078431372549019,0.5058823529411764,0.0015594482421875,0.1660265993604473,0.3212993987292946,0.2240100475444136,0.1137254901960784,0.2470588235294117,0.6509803921568628,0.0120864868164062,0.1946354166666666,0.3757210554741209,0.2459323819922725,0.1411764705882353,0.2941176470588235,0.7764705882352941,0.0215225219726562,0.0590500066443616,0.1211437911643859,0.192156862745098,0.6725538691113583,0.0544216567448263,0.2666581461702672
Breast_MRI_670,0,256.0,17.0,5.0,0.0,1.0,4.0,2.0,0.5273,2.0,14.0,114.0,142.0,84.0,111.0,0.92644690628,72.0,1.0,0.0,1.0,1.0,0.0,HRposHER2neg,0.0,0.0,1.0,duke,0,train,10,3,12,0,13.0,29.0,28.0,134.9888,0.6556773250261275,10,0.4737945556640625,0.1505751905254289,0.2611274768509595,0.1391571904565814,0.1254901960784313,0.2235294117647059,0.4470588235294118,0.0001510620117187,0.2365623145009957,0.3722992179583358,0.2439414192916202,0.1019607843137254,0.3137254901960784,0.7372549019607844,0.0160324096679687,0.2480298868815104,0.3871751466974885,0.2203020169180452,0.1333333333333333,0.3450980392156862,0.6941176470588235,0.0114166259765625,0.1111717411073762,0.2163400024844742,0.4431372549019607,0.6553845975398285,0.0148759287391527,0.4049626798587228
Breast_MRI_677,0,256.0,29.0,5.0,0.0,1.0,4.0,2.0,0.6641,2.0,26.0,111.0,146.0,111.0,146.0,3.6384876825,48.0,0.0,1.0,0.0,1.0,0.0,HRposHER2neg,0.0,0.0,1.0,duke,0,train,10,9,18,1,25.0,36.0,36.0,170.0096,1.5343883826155862,10,0.7136428833007813,0.0923630299287683,0.2756388793374831,0.1510350952286477,0.1254901960784313,0.2313725490196078,0.5137254901960784,0.000201416015625,0.1540446861117493,0.4452456828777966,0.2577372560826249,0.1568627450980392,0.3843137254901961,0.8431372549019608,0.0136215209960937,0.1522792262657016,0.4481550288751968,0.2472622791895038,0.1686274509803921,0.4,0.8274509803921568,0.0126373291015625,0.1696068035403134,0.2234963335226169,0.5333333333333333,0.7940820709021831,0.0029093459974002,0.4243207383290616
Breast_MRI_679,0,256.0,42.0,4.0,0.0,1.0,3.0,2.0,0.71428573131561,2.0,39.0,96.0,161.0,114.0,185.0,29.2647973138214,40.0,0.0,0.0,1.0,0.0,1.0,HER2pos,0.0,1.0,0.0,duke,0,train,10,16,25,3,38.0,66.0,72.0,182.85714721679616,3.4099852322725352,10,0.57557373046875,0.1305501242244944,0.258987482651607,0.1176369371561267,0.1254901960784313,0.2313725490196078,0.4313725490196078,0.0,0.2936611579446231,0.5228234075993997,0.2859718675460534,0.0823529411764705,0.5333333333333333,0.9137254901960784,0.0239532470703125,0.2959173224954043,0.5277934507807552,0.268138583372578,0.0823529411764705,0.5490196078431373,0.8745098039215686,0.023431396484375,0.2638359249477927,0.3338595455980381,0.6980392156862745,0.7601383416261612,0.0049700431813554,0.4669820817394806
Breast_MRI_681,0,256.0,81.0,5.0,0.0,1.0,4.0,1.1,0.625,2.0,78.0,72.0,185.0,46.0,152.0,35.9313289037919,41.0,0.0,0.0,0.0,1.0,1.0,HER2pos,0.0,1.0,0.0,duke,0,train,10,35,44,0,77.0,114.0,107.0,160.0,3.6090602126143385,10,0.6677230834960938,0.1219826731962316,0.304952083193204,0.1693161547051229,0.1254901960784313,0.2588235294117647,0.5529411764705883,0.0005035400390625,0.208754763135723,0.471635632913256,0.2614546900267698,0.1294117647058823,0.4470588235294118,0.8549019607843137,0.0145782470703125,0.2136051551968443,0.4993086051977654,0.2620330614165218,0.1490196078431372,0.4862745098039215,0.8980392156862745,0.0234298706054687,0.1666835497200519,0.2395182820592863,0.5215686274509804,0.7283214165989319,0.0276729722845094,0.4321113514357483
Breast_MRI_684,0,256.0,19.0,4.0,0.0,1.0,3.0,2.0,0.6641,2.0,16.0,170.0,194.0,109.0,147.0,0.91689889599,60.0,1.0,1.0,0.0,1.0,0.0,HRposHER2neg,0.0,0.0,1.0,duke,0,train,10,4,13,2,15.0,25.0,39.0,170.0096,0.6507087219267081,10,0.5602249145507813,0.1302834963331035,0.266506966131363,0.1704660225323157,0.1215686274509803,0.2078431372549019,0.5137254901960784,0.001947021484375,0.1553822595932904,0.3107166243467731,0.1993674709242323,0.1333333333333333,0.2509803921568627,0.5882352941176471,0.0100021362304687,0.1798460657456342,0.3618867467809021,0.219923806612466,0.1568627450980392,0.2941176470588235,0.6901960784313725,0.0165008544921875,0.0442096582154101,0.0841498147498874,0.1411764705882353,0.7005180232537968,0.0511701224341289,0.2249046705365166
Breast_MRI_685,0,256.0,49.0,4.0,0.0,1.0,3.0,2.0,0.5859,2.0,46.0,90.0,166.0,94.0,162.0,17.65448591949,50.0,1.0,1.0,0.0,1.0,0.0,HRposHER2neg,0.0,0.0,1.0,duke,0,train,10,19,28,4,45.0,77.0,69.0,149.9904,2.92608664904281,10,0.4673690795898437,0.1710977412205116,0.2894282681774814,0.1609097461248239,0.1215686274509803,0.2431372549019607,0.5294117647058824,0.0003433227539062,0.2332854327033547,0.3743036565750016,0.2744291720399102,0.0823529411764705,0.2980392156862745,0.8117647058823529,0.0271728515625,0.2433344702627144,0.392206036125077,0.2787876076449075,0.0823529411764705,0.3254901960784314,0.8313725490196079,0.0266860961914062,0.0848753883975202,0.2205554196699104,0.4117647058823529,0.5850457651153796,0.0179023795500753,0.4301920845687766
Breast_MRI_687,0,256.0,23.0,4.0,0.0,1.0,3.0,1.1,0.7031,2.0,20.0,111.0,145.0,115.0,142.0,2.627567047072,59.0,1.0,1.0,0.0,0.0,1.0,HER2pos,0.0,1.0,0.0,duke,0,train,10,6,15,1,19.0,35.0,28.0,179.9936,1.288562188602503,10,0.6725662231445313,0.0942121258903952,0.2555506670040224,0.1076897399060386,0.1294117647058823,0.2392156862745098,0.4156862745098039,0.0001678466796875,0.1773394655713848,0.4882122768067835,0.2685357097749051,0.1686274509803921,0.4431372549019607,0.9137254901960784,0.0180313110351562,0.1777999997606464,0.4857898578911775,0.2289256646385447,0.2,0.4705882352941176,0.8156862745098039,0.0070098876953125,0.2326616098027611,0.259282384677534,0.6549019607843137,0.8192248365464823,-0.0024224189156059,0.4300633309566749
Breast_MRI_693,0,256.0,38.0,4.0,0.0,1.0,3.0,2.0,0.75892859697342,2.0,35.0,116.0,140.0,118.0,139.0,3.70695975209683,54.0,1.0,1.0,0.0,1.0,1.0,HER2pos,0.0,1.0,0.0,duke,0,train,10,14,23,3,34.0,25.0,22.0,194.2857208251955,1.5490422117338039,10,0.4372406005859375,0.1769015084060968,0.2902113049335674,0.1517454758472729,0.1372549019607843,0.2392156862745098,0.4901960784313725,0.0011871337890625,0.2169594798368566,0.3366818346871841,0.2114076734879558,0.1372549019607843,0.2784313725490196,0.611764705882353,0.0161956787109375,0.2400790584788603,0.3754816099048822,0.2321682286266804,0.1607843137254902,0.3098039215686274,0.7098039215686275,0.0281951904296875,0.0464705297536166,0.1895494116033144,0.2784313725490196,0.6039803692958434,0.038799775217698,0.2752636859087335
Breast_MRI_694,0,256.0,61.0,4.0,0.0,1.0,3.0,2.0,0.7031,2.0,58.0,64.0,192.0,101.0,168.0,35.045926901730006,44.0,0.0,1.0,0.0,1.0,0.0,HRposHER2neg,0.0,0.0,1.0,duke,0,train,10,25,34,1,57.0,129.0,68.0,179.9936,3.5847938726522837,10,0.7243927001953125,0.08390770407284,0.2391106461962269,0.1303579287439046,0.1098039215686274,0.188235294117647,0.4431372549019607,1.52587890625e-05,0.1271734978170955,0.3541363058937297,0.270664807772744,0.0745098039215686,0.2784313725490196,0.7764705882352941,0.008880615234375,0.1473006783279718,0.4013859297968393,0.3117613695073231,0.0745098039215686,0.3176470588235294,0.9607843137254902,0.0242279052734375,0.1150256596975028,0.1917152176078977,0.4352941176470588,0.6588233991429615,0.0472496239031095,0.3530633034735525
Breast_MRI_697,0,256.0,17.0,4.0,0.0,1.0,3.0,2.0,0.82589286565781,2.0,14.0,76.0,95.0,120.0,132.0,0.6398088859607121,57.0,1.0,1.0,0.0,1.0,0.0,HRposHER2neg,0.0,0.0,1.0,duke,0,train,10,3,12,0,13.0,20.0,13.0,211.42857360839935,0.4945797020948299,10,0.60377197265625,0.1208914483762255,0.2885065865897793,0.1573032353710917,0.1490196078431372,0.2431372549019607,0.4705882352941176,0.0039321899414062,0.1496821983187806,0.3550582816693639,0.1875794647009329,0.1803921568627451,0.3019607843137254,0.596078431372549,0.0094314575195312,0.1618213848039215,0.3839657903273451,0.2017383868283443,0.196078431372549,0.3254901960784314,0.6627450980392157,0.0142684936523437,0.0665516950795845,0.0819325095918184,0.1411764705882353,0.8514895714593795,0.0289075086579812,0.2821752056440432
Breast_MRI_705,0,256.0,26.0,5.0,0.0,1.0,4.0,2.0,0.625,2.0,23.0,107.0,150.0,91.0,134.0,2.62265625,69.0,1.0,1.0,0.0,1.0,0.0,HRposHER2neg,0.0,0.0,1.0,duke,0,train,10,8,17,2,22.0,44.0,44.0,160.0,1.2872075274777979,10,0.6003311157226563,0.1122854195389093,0.2539130458217029,0.1608324633217378,0.1176470588235294,0.192156862745098,0.5098039215686274,0.0003616333007812,0.1158819101371017,0.259273183210679,0.2110086546948066,0.0784313725490196,0.1843137254901961,0.5647058823529412,0.00809326171875,0.1444602697035845,0.3235583601088673,0.2421840651474308,0.1058823529411764,0.2352941176470588,0.6941176470588235,0.0179367065429687,0.0053601373889761,0.1032094687342146,0.1137254901960784,0.436724736281483,0.0642851768981882,0.2230812401928781
Breast_MRI_717,0,256.0,75.0,5.0,0.0,1.0,4.0,1.12,0.89285713434219,2.0,72.0,46.0,211.0,39.0,192.0,146.534819257512,46.0,0.0,0.0,1.0,1.0,1.0,HER2pos,0.0,1.0,0.0,duke,0,train,10,32,41,4,71.0,166.0,154.0,228.57142639160065,4.994064210684238,10,0.6816238403320313,0.0954727113013173,0.2583477372525902,0.150875868418711,0.1176470588235294,0.2117647058823529,0.4941176470588235,2.74658203125e-05,0.1567467603496476,0.3865928479313566,0.2699125715251056,0.1294117647058823,0.2901960784313726,0.8588235294117647,0.019342041015625,0.1681957768458946,0.4236586452976501,0.2788105918028581,0.1411764705882353,0.3333333333333333,0.9176470588235294,0.026519775390625,0.1282451106787664,0.2142348218991179,0.4588235294117647,0.764151621607373,0.0370657973662935,0.3432861572673987
Breast_MRI_718,0,256.0,32.0,4.0,0.0,1.0,3.0,1.3,0.80357140302658,2.0,29.0,91.0,165.0,99.0,139.0,18.3183702935377,36.0,0.0,0.0,0.0,1.0,0.0,HRposHER2neg,0.0,0.0,1.0,duke,1,test,10,11,20,-1,28.0,75.0,41.0,205.7142791748045,2.9610564718898713,10,0.6972824096679687,0.1038669122434129,0.2964406529892401,0.1538119699140182,0.1372549019607843,0.2549019607843137,0.5058823529411764,0.000164794921875,0.1874942854339001,0.5355968403924988,0.2705279728425366,0.188235294117647,0.5176470588235295,0.9490196078431372,0.0204086303710937,0.1914007329005821,0.549619261583427,0.2401144387472758,0.2274509803921568,0.5490196078431373,0.8980392156862745,0.0165130615234375,0.2391561874032587,0.2660190839579608,0.6823529411764706,0.866681116392542,0.0140224211909282,0.3483509670395032
Breast_MRI_723,0,256.0,27.0,5.0,0.0,1.0,4.0,2.0,0.6641,2.0,24.0,73.0,184.0,99.0,157.0,4.07863443488,60.0,1.0,1.0,0.0,0.0,0.0,TripleNeg,1.0,0.0,0.0,duke,0,train,10,8,17,3,23.0,112.0,59.0,170.0096,1.6250424134224641,10,0.748883056640625,0.075911350624234,0.2499309676961225,0.1610725009395599,0.1137254901960784,0.188235294117647,0.5215686274509804,0.0003677368164062,0.1228749652937346,0.3633859284666155,0.2603724917651657,0.1098039215686274,0.2784313725490196,0.7843137254901961,0.012969970703125,0.1289134724934895,0.3834292922866349,0.2537720045232188,0.1215686274509803,0.3176470588235294,0.7725490196078432,0.016363525390625,0.1134549607704929,0.2247244335935109,0.4352941176470588,0.6828014486060813,0.0200433638200194,0.3515543348807816
Breast_MRI_724,0,256.0,45.0,4.0,0.0,1.0,3.0,2.0,0.87053573131561,2.0,42.0,106.0,150.0,140.0,187.0,25.1494280008742,72.0,1.0,0.0,1.0,1.0,0.0,HRposHER2neg,0.0,0.0,1.0,duke,0,train,10,17,26,0,41.0,45.0,48.0,222.85714721679616,3.2638273165001563,10,0.4439727783203124,0.139617249731924,0.2319736263376749,0.1191705374794989,0.1333333333333333,0.2,0.3647058823529411,0.0008407592773437,0.1838087014590992,0.301419133507222,0.1835302269113572,0.1607843137254902,0.2470588235294117,0.5019607843137255,0.0148544311523437,0.210469378303079,0.3500930731954471,0.1979604381283275,0.1843137254901961,0.2901960784313726,0.592156862745098,0.0210372924804687,0.0694455071695471,0.1229268339984739,0.1490196078431372,0.8086350638587478,0.0486739396882249,0.2005060400990126
Breast_MRI_725,0,256.0,50.0,4.0,0.0,1.0,3.0,2.0,0.75892859697342,2.0,47.0,42.0,215.0,110.0,203.0,43.975509178463696,49.0,0.0,0.0,1.0,1.0,0.0,HRposHER2neg,0.0,0.0,1.0,duke,1,test,10,20,29,-1,46.0,174.0,94.0,194.2857208251955,3.8061181011391296,10,0.5600021362304688,0.1360778688916973,0.2719321304262887,0.1792023947991435,0.1333333333333333,0.2117647058823529,0.4862745098039215,0.0078231811523437,0.1795915252087163,0.3508962032154178,0.2132347368291225,0.1607843137254902,0.2745098039215686,0.6666666666666666,0.0110870361328125,0.1980890490962009,0.3926448199729543,0.2232879767128776,0.1764705882352941,0.3215686274509804,0.7294117647058823,0.0173233032226562,0.0789640727891291,0.1337357701437432,0.2313725490196078,0.7430511484028478,0.0417486167575364,0.285521072836796
Breast_MRI_735,1,256.0,36.0,5.0,0.0,1.0,4.0,1.6,0.625,2.0,33.0,66.0,190.0,133.0,200.0,19.799375,33.0,0.0,0.0,1.0,1.0,1.0,HER2pos,0.0,1.0,0.0,duke,0,train,10,13,22,1,32.0,125.0,68.0,160.0,3.0349229381788967,10,0.5445556640625,0.124616735121783,0.2417837172392409,0.1010705659655051,0.1215686274509803,0.2274509803921568,0.392156862745098,0.0,0.1600795192344516,0.3073868121357361,0.2116969402848524,0.1058823529411764,0.2509803921568627,0.611764705882353,0.0109939575195312,0.2016711126589307,0.3920905135037129,0.2558167679530991,0.1450980392156863,0.3058823529411765,0.8549019607843137,0.0213821411132812,0.0656030948964951,0.1560276754762274,0.2313725490196078,0.6088448137228625,0.0847037013679768,0.1584863307424283
Breast_MRI_746,0,256.0,28.0,5.0,0.0,1.0,4.0,2.0,0.6836,2.0,25.0,168.0,209.0,100.0,156.0,6.1708148168,54.0,1.0,0.0,1.0,1.0,0.0,HRposHER2neg,0.0,0.0,1.0,duke,0,train,10,9,18,3,24.0,42.0,57.0,175.0016,1.9700192906651683,10,0.7786788940429688,0.0675136311848958,0.2209577149485048,0.1212208322303485,0.1098039215686274,0.1725490196078431,0.4235294117647059,0.0,0.111694611194087,0.3719034863419669,0.2573937976146704,0.0980392156862745,0.3058823529411765,0.7529411764705882,0.0089080810546875,0.1297987994025735,0.4396802615009946,0.2980295906375657,0.1176470588235294,0.3450980392156862,0.9529411764705882,0.0182037353515625,0.150945771393462,0.1687653969022814,0.403921568627451,0.8037160881105864,0.0677767751590277,0.2709297114688545
Breast_MRI_757,0,256.0,30.0,4.0,0.0,1.0,3.0,2.0,0.6641,2.0,27.0,106.0,151.0,107.0,149.0,6.03944852414,42.0,0.0,0.0,1.0,0.0,0.0,TripleNeg,1.0,0.0,0.0,duke,0,train,10,10,19,2,26.0,46.0,43.0,170.0096,1.9515298324624284,10,0.7002426147460937,0.0890492338292739,0.24025588041161,0.1044819153677219,0.1176470588235294,0.2235294117647059,0.392156862745098,0.0,0.1554368381874234,0.397655610661411,0.2759056524140648,0.1098039215686274,0.3294117647058823,0.9686274509803922,0.0280548095703125,0.1624389050053615,0.4302378734429801,0.2434112058413176,0.1411764705882353,0.396078431372549,0.8,0.0113082885742187,0.1573997302498009,0.2409877698870096,0.5764705882352941,0.7316300922885838,0.0325822627815691,0.3670469180296158
Breast_MRI_758,0,256.0,17.0,5.0,0.0,1.0,4.0,1.2,0.7422,2.0,14.0,118.0,139.0,119.0,146.0,1.475425673856,60.0,1.0,1.0,0.0,0.0,1.0,HER2pos,0.0,1.0,0.0,duke,0,train,10,3,12,4,13.0,22.0,28.0,190.0032,0.9064123706689338,10,0.5536483764648438,0.1183308919270833,0.2232063513321751,0.1335771766308849,0.1137254901960784,0.1803921568627451,0.392156862745098,0.0003265380859375,0.17276871026731,0.2844990716604157,0.2336276156123111,0.0627450980392156,0.2156862745098039,0.6431372549019608,0.0116317749023437,0.1927559946097579,0.3278482369390473,0.2430875041135646,0.0745098039215686,0.2588235294117647,0.6901960784313725,0.0137435913085937,0.0612927203282405,0.1968649726985435,0.2901960784313726,0.5474239456312538,0.0433491652786315,0.352405468325351
Breast_MRI_762,0,256.0,42.0,5.0,0.0,1.0,4.0,2.0,0.625,2.0,39.0,98.0,159.0,82.0,142.0,10.274609375,34.0,0.0,0.0,0.0,0.0,0.0,TripleNeg,1.0,0.0,0.0,duke,0,train,10,16,25,2,38.0,62.0,61.0,160.0,2.422553239555766,10,0.4956924438476562,0.1767585305606617,0.3279538087311123,0.1871010596812307,0.1254901960784313,0.2745098039215686,0.615686274509804,0.0012069702148437,0.2157336126589307,0.3774898783215341,0.2623582426306341,0.0784313725490196,0.3137254901960784,0.7725490196078432,0.012078857421875,0.2120961746515012,0.3739686857578285,0.2669513506373965,0.0784313725490196,0.3058823529411765,0.792156862745098,0.0155868530273437,0.0495360695904216,0.2098399104734488,0.3333333333333333,0.5341343346353891,-0.0035211925637054,0.4812028937710096
Breast_MRI_774,1,256.0,16.0,4.0,0.0,1.0,3.0,1.1,0.625,2.0,13.0,111.0,146.0,143.0,164.0,0.653125,42.0,0.0,1.0,0.0,0.0,0.0,TripleNeg,1.0,0.0,0.0,duke,0,train,10,3,12,0,12.0,36.0,22.0,160.0,0.5026674360645271,10,0.642681884765625,0.1111922260359221,0.2606216379245957,0.1374949330347724,0.1137254901960784,0.2196078431372549,0.4705882352941176,0.0,0.1809216966816023,0.4077384714369494,0.2568200299909536,0.1137254901960784,0.3725490196078431,0.7803921568627451,0.0187911987304687,0.18733413995481,0.4188855150211358,0.2497010548024217,0.1254901960784313,0.4,0.7764705882352941,0.0130279541015625,0.1471168335123537,0.1969369507496125,0.4745098039215686,0.7723211998018551,0.0111470435841863,0.4326819602685205
Breast_MRI_775,1,256.0,53.0,5.0,0.0,1.0,4.0,2.2,0.6836,2.0,50.0,85.0,172.0,106.0,150.0,22.182875945824,47.0,0.0,1.0,0.0,0.0,1.0,HER2pos,0.0,1.0,0.0,duke,1,test,10,21,30,-1,49.0,88.0,45.0,175.0016,3.143413900354628,10,0.7681106567382813,0.0923056090111826,0.3475022646864643,0.2396457191577713,0.1137254901960784,0.2549019607843137,0.7058823529411765,0.0049026489257812,0.1093652523265165,0.4103729800874031,0.2784853474620017,0.1176470588235294,0.3176470588235294,0.8588235294117647,0.012884521484375,0.12435089709712,0.4644297847847906,0.3112934244168697,0.1176470588235294,0.3686274509803922,1.0,0.0241287231445312,0.0628707154009388,0.098191271830991,0.1764705882352941,0.7434313125530528,0.0540568046973874,0.2698804377150904
Breast_MRI_776,0,256.0,115.0,4.0,0.0,1.0,3.0,2.0,0.89285713434219,2.0,112.0,49.0,207.0,64.0,204.0,138.22624098599198,42.0,0.0,0.0,1.0,1.0,0.0,HRposHER2neg,0.0,0.0,1.0,duke,0,train,10,52,61,1,111.0,159.0,141.0,228.57142639160065,4.936100242964411,10,0.4712600708007812,0.1331452193914675,0.2238950807946802,0.130083024103081,0.1137254901960784,0.1803921568627451,0.392156862745098,0.000860595703125,0.1789322617474724,0.300109035259487,0.2034800707492405,0.1333333333333333,0.2274509803921568,0.5882352941176471,0.0125625610351562,0.2193172080844056,0.371181679315017,0.240588383781288,0.1529411764705882,0.2823529411764706,0.7764705882352941,0.027410888671875,0.0762139544648068,0.131151886341719,0.2156862745098039,0.7857149041167049,0.0710726440555299,0.0990115867999942
Breast_MRI_778,0,256.0,54.0,4.0,0.0,1.0,3.0,2.0,0.98214286565781,2.0,51.0,89.0,167.0,126.0,204.0,53.4178740129761,52.0,1.0,0.0,1.0,0.0,0.0,TripleNeg,1.0,0.0,0.0,duke,0,train,10,22,31,3,50.0,79.0,79.0,251.42857360839935,3.996692666310775,10,0.7380081176757812,0.0845685053806678,0.2145525303115381,0.149074326173244,0.1098039215686274,0.1607843137254902,0.3764705882352941,0.0006240844726562,0.1305442241593903,0.3279798699251278,0.2757769762344865,0.1058823529411764,0.2117647058823529,0.8705882352941177,0.018914794921875,0.1381525376263786,0.3530378344501418,0.2702359923872544,0.1215686274509803,0.2392156862745098,0.8509803921568627,0.0172622680664062,0.1134273396135896,0.195338390987967,0.4588235294117647,0.7365971846079477,0.025057964525014,0.2811606357637493
Breast_MRI_780,1,256.0,23.0,4.0,0.0,1.0,3.0,2.0,0.78125,2.0,20.0,115.0,142.0,109.0,147.0,2.5250244140625,52.0,0.0,1.0,0.0,0.0,0.0,TripleNeg,1.0,0.0,0.0,duke,1,test,10,6,15,-1,19.0,28.0,39.0,200.0,1.2598873622154247,10,0.7075637817382813,0.0842454498889399,0.2611092405404799,0.1457428378177523,0.1372549019607843,0.2196078431372549,0.4549019607843137,9.307861328125e-05,0.128639424641927,0.3897968539832565,0.2173289650965499,0.196078431372549,0.3254901960784314,0.7450980392156863,0.0129180908203125,0.1404061530618106,0.4325288174450269,0.2273072542551173,0.2235294117647059,0.3647058823529411,0.8431372549019608,0.0206954956054687,0.1286876134427765,0.1415723233848253,0.3019607843137254,0.9086203567943816,0.0427319634617704,0.2278203609686357
Breast_MRI_789,0,256.0,29.0,5.0,0.0,1.0,4.0,2.0,0.7617,2.0,26.0,103.0,153.0,90.0,126.0,3.37610751291,45.0,0.0,0.0,1.0,1.0,0.0,HRposHER2neg,0.0,0.0,1.0,duke,0,train,10,9,18,4,25.0,51.0,37.0,194.9952,1.476159633581584,10,0.5601608276367187,0.1250000119676776,0.2500308042301891,0.1843951904719636,0.1137254901960784,0.1725490196078431,0.5411764705882353,0.002764892578125,0.1661432542987898,0.3130874885712802,0.2187478871054075,0.1294117647058823,0.2352941176470588,0.6549019607843137,0.0118453979492187,0.1923611270680147,0.3658497440599397,0.2381206606756196,0.1490196078431372,0.2784313725490196,0.7607843137254902,0.0183334350585937,0.0630566843410911,0.0973240009196532,0.1490196078431372,0.7794368141875366,0.0527622554886594,0.1865687434302505
Breast_MRI_790,0,256.0,18.0,5.0,0.0,1.0,4.0,2.0,0.6641,2.0,15.0,117.0,139.0,179.0,200.0,0.56142967513,52.0,0.0,0.0,1.0,0.0,0.0,TripleNeg,1.0,0.0,0.0,duke,1,test,10,4,13,-1,14.0,23.0,22.0,170.0096,0.44560185998649793,10,0.5106918334960937,0.1269383509018841,0.2390762613652671,0.1430673702452126,0.1176470588235294,0.188235294117647,0.4352941176470588,0.0009674072265625,0.1601256486481311,0.2931448278232,0.2004113199891938,0.1137254901960784,0.2274509803921568,0.5843137254901961,0.00738525390625,0.1937397437002144,0.3550575832457265,0.2308569890532849,0.1372549019607843,0.2823529411764706,0.7098039215686275,0.0197845458984375,0.0540685664579328,0.1121963552839019,0.188235294117647,0.6697508053375245,0.0619127554225265,0.238102365961587
Breast_MRI_805,0,256.0,21.0,5.0,0.0,1.0,4.0,1.1,1.0,2.0,18.0,98.0,158.0,60.0,87.0,3.64539968395244,49.0,0.0,0.0,0.0,1.0,0.0,HRposHER2neg,0.0,0.0,1.0,duke,0,train,10,5,14,1,17.0,61.0,28.0,256.0,1.535877414624857,10,0.4531967163085937,0.1600312057195925,0.2690338910537496,0.1276527192216699,0.1490196078431372,0.2431372549019607,0.4117647058823529,0.0014846801757812,0.2453818467084099,0.4053354773469889,0.2267400663012637,0.188235294117647,0.3333333333333333,0.7725490196078432,0.0203994750976562,0.2481632486979166,0.4123646510673039,0.2058811726856976,0.196078431372549,0.3607843137254902,0.7137254901960784,0.0103012084960937,0.1363015862932392,0.200414505655083,0.4666666666666667,0.8071510493842664,0.0070291737203151,0.3960759362974497
Breast_MRI_809,0,256.0,43.0,4.0,0.0,1.0,3.0,2.0,0.7031,2.0,40.0,100.0,156.0,124.0,186.0,22.11571850257,51.0,1.0,0.0,1.0,1.0,0.0,HRposHER2neg,0.0,0.0,1.0,duke,0,train,10,16,25,0,39.0,57.0,63.0,179.9936,3.1405128407801555,10,0.6039031982421875,0.1101566449333639,0.2252716882674267,0.1220626430661992,0.1137254901960784,0.1843137254901961,0.4117647058823529,0.000146484375,0.1567009959501378,0.2984555649168668,0.2382819043060654,0.0901960784313725,0.2274509803921568,0.6235294117647059,0.0212051391601562,0.1720271450865502,0.3351167009067077,0.2489043049804988,0.1019607843137254,0.2588235294117647,0.7490196078431373,0.0215118408203125,0.0731838766494401,0.1632905167384176,0.2627450980392157,0.6441217939334171,0.0366611359898408,0.3177521129798987
Breast_MRI_812,1,256.0,24.0,5.0,0.0,1.0,4.0,2.0,0.6836,2.0,21.0,107.0,150.0,108.0,138.0,2.43187582784,59.0,1.0,1.0,0.0,1.0,1.0,HER2pos,0.0,1.0,0.0,duke,0,train,10,7,16,2,20.0,44.0,31.0,175.0016,1.2331070002718778,10,0.7127197265625,0.0754004624310661,0.2270384566676164,0.1218546905603055,0.1098039215686274,0.1803921568627451,0.4235294117647059,0.0001419067382812,0.1089357622931985,0.3220876928998845,0.2441614091244641,0.1098039215686274,0.2352941176470588,0.6470588235294118,0.0164657592773437,0.1212929519952512,0.3586350661620984,0.2343881120358205,0.1333333333333333,0.2784313725490196,0.7019607843137254,0.0097808837890625,0.095049236232268,0.1962037219750858,0.3490196078431372,0.7004705957338319,0.0365473732622138,0.2930865981133679
Breast_MRI_816,0,256.0,16.0,5.0,0.0,1.0,4.0,1.1,0.6836,2.0,13.0,117.0,140.0,112.0,145.0,1.022425273584,50.0,1.0,0.0,1.0,1.0,0.0,HRposHER2neg,0.0,0.0,1.0,duke,0,train,10,3,12,4,12.0,24.0,34.0,175.0016,0.7042974217198482,10,0.6233657836914063,0.0888400507908241,0.2134749337504163,0.1090640322812824,0.1176470588235294,0.1843137254901961,0.3411764705882353,0.0,0.1452377319335937,0.3501550834853187,0.2557765016541705,0.1254901960784313,0.2431372549019607,0.792156862745098,0.0136489868164062,0.1473194256950827,0.3522305052571891,0.2164145822264182,0.1490196078431372,0.2745098039215686,0.6745098039215687,0.009088134765625,0.1366801497349023,0.2282161095736051,0.5294117647058824,0.7357706284866974,0.0020754217718704,0.3526380397924086
Breast_MRI_817,1,256.0,55.0,4.0,0.0,1.0,3.0,1.3,0.625,2.0,52.0,85.0,171.0,107.0,149.0,29.7217578125,29.0,0.0,1.0,0.0,0.0,0.0,TripleNeg,1.0,0.0,0.0,duke,0,train,10,22,31,3,51.0,87.0,43.0,160.0,3.424971127101428,10,0.6561691284179687,0.1147047932942708,0.2747267899717568,0.1135295619015826,0.1137254901960784,0.3019607843137254,0.403921568627451,0.0,0.1834785551183363,0.4516876330220815,0.2513915171476242,0.1254901960784313,0.4705882352941176,0.796078431372549,0.0117752075195312,0.2255139579024969,0.5562441573399474,0.2908059627364691,0.1529411764705882,0.6039215686274509,0.976470588235294,0.0307754516601562,0.1769608430503247,0.1697937460727237,0.4274509803921568,0.8813844399178106,0.1045565243178657,0.0780444941486599
Breast_MRI_830,1,256.0,33.0,4.0,0.0,1.0,3.0,2.0,0.75892859697342,2.0,30.0,106.0,150.0,77.0,118.0,6.20840882036229,38.0,0.0,1.0,0.0,0.0,0.0,TripleNeg,1.0,0.0,0.0,duke,0,train,10,11,20,0,29.0,45.0,42.0,194.2857208251955,1.9752482362839885,10,0.5835494995117188,0.1260777073280484,0.2505667756889327,0.1406661257765738,0.1254901960784313,0.2156862745098039,0.4196078431372549,0.002276611328125,0.1790250471526501,0.3433428346148389,0.2077698964974135,0.1529411764705882,0.2823529411764706,0.6509803921568628,0.0117706298828125,0.1985869463752297,0.3904383700901813,0.2277539796829611,0.1803921568627451,0.3215686274509804,0.7647058823529411,0.0224884033203125,0.0927760589259061,0.1438174018912238,0.2549019607843137,0.7706183017312448,0.0470955354753424,0.2736209581386828
Breast_MRI_831,0,256.0,70.0,4.0,0.0,1.0,3.0,1.1,0.7031,2.0,67.0,78.0,179.0,84.0,172.0,59.565074338198,38.0,0.0,0.0,1.0,1.0,0.0,HRposHER2neg,0.0,0.0,1.0,duke,0,train,10,30,39,1,66.0,102.0,89.0,179.9936,4.10371839587985,10,0.7005645751953125,0.0854733575559129,0.2406536560547026,0.101487425858744,0.1176470588235294,0.2274509803921568,0.3803921568627451,0.0,0.1775499411190257,0.4761907359790602,0.2503480069680144,0.1568627450980392,0.4509803921568627,0.8470588235294118,0.01265869140625,0.1873424335554534,0.5147281941955636,0.256565824601432,0.1803921568627451,0.4941176470588235,0.8980392156862745,0.0134735107421875,0.2355370799243575,0.2371305674389114,0.592156862745098,0.842640059519563,0.0385374582165034,0.3879116175256576
Breast_MRI_832,0,256.0,26.0,5.0,0.0,1.0,4.0,1.2,0.5859,2.0,23.0,106.0,151.0,99.0,144.0,4.47360945192,57.0,1.0,1.0,0.0,0.0,0.0,TripleNeg,1.0,0.0,0.0,duke,1,test,10,8,17,-1,22.0,46.0,46.0,149.9904,1.6999382620593555,10,0.5716033935546875,0.1067678294462316,0.2281056460425127,0.1053318570020047,0.1254901960784313,0.2,0.3803921568627451,0.0002670288085937,0.1770789890663296,0.3517556853554162,0.2429941189707408,0.1294117647058823,0.2666666666666666,0.7372549019607844,0.0192520141601562,0.1713767317229626,0.3376358648775908,0.2203594749005281,0.1019607843137254,0.2784313725490196,0.6666666666666666,0.0074691772460937,0.1236500393129034,0.2299583486040223,0.4901960784313725,0.7096390434330411,-0.0141198204778253,0.484616425767754
Breast_MRI_836,0,256.0,10.0,5.0,0.0,1.0,4.0,2.0,0.5664,2.0,7.0,117.0,140.0,112.0,145.0,0.68107742208,52.0,0.0,1.0,0.0,1.0,0.0,HRposHER2neg,0.0,0.0,1.0,duke,0,train,6,2,7,2,6.0,24.0,34.0,144.9984,0.5194349105223348,6,0.5744043986002605,0.1390639460943882,0.2894800068565528,0.1277600868292105,0.1333333333333333,0.2745098039215686,0.4627450980392157,0.0,0.235989200367647,0.4973672219513735,0.2530125524870963,0.1843137254901961,0.4705882352941176,0.8784313725490196,0.023236592610677,0.2161243812710631,0.4506193334872894,0.2229283756612484,0.1725490196078431,0.4274509803921568,0.7647058823529411,0.0048548380533854,0.2078872150948206,0.221007579677633,0.5450980392156862,0.8239329313837384,-0.0467478884640841,0.509414344700659
Breast_MRI_839,0,256.0,48.0,4.0,0.0,1.0,3.0,2.0,0.6641,2.0,45.0,91.0,165.0,101.0,152.0,14.598053611,37.0,0.0,1.0,0.0,0.0,0.0,TripleNeg,1.0,0.0,0.0,duke,1,test,10,19,28,-1,44.0,75.0,52.0,170.0096,2.7471461379456104,10,0.5910537719726563,0.1383394607843137,0.2976039475702896,0.1709395366379338,0.1215686274509803,0.2509803921568627,0.5607843137254902,0.0001327514648437,0.1879060154335171,0.3778717515206838,0.2310513495209126,0.1176470588235294,0.3294117647058823,0.7411764705882353,0.0085281372070312,0.2005771651922487,0.4100132737241206,0.2506716055331807,0.1215686274509803,0.3607843137254902,0.8117647058823529,0.019854736328125,0.0802678039503943,0.1588680095532028,0.2862745098039215,0.669583257153731,0.0321415222034367,0.3814116795456835
Breast_MRI_847,0,256.0,19.0,5.0,0.0,1.0,4.0,1.1,0.73660713434219,2.0,16.0,112.0,144.0,106.0,151.0,4.06394545610172,29.0,0.0,1.0,0.0,1.0,1.0,HER2pos,0.0,1.0,0.0,duke,0,train,10,4,13,3,15.0,33.0,46.0,188.57142639160065,1.622145913871886,10,0.3967071533203125,0.1868909229951746,0.2782079454776847,0.1900334981245567,0.1137254901960784,0.2117647058823529,0.5411764705882353,0.0067031860351562,0.2665966617359834,0.3718007184460838,0.2186582167760916,0.1137254901960784,0.3450980392156862,0.6745098039215687,0.0091873168945312,0.2526787911209405,0.3553342940518865,0.2100084612554997,0.1215686274509803,0.3254901960784314,0.6352941176470588,0.0099334716796875,0.0935927729683991,0.1683599249037832,0.3176470588235294,0.6728034721554781,-0.0164664243941973,0.5172671951114641
Breast_MRI_850,0,256.0,55.0,4.0,0.0,1.0,3.0,2.0,0.71428573131561,2.0,52.0,92.0,165.0,112.0,188.0,36.302042547342495,25.0,0.0,1.0,0.0,0.0,0.0,TripleNeg,1.0,0.0,0.0,duke,1,test,10,22,31,-1,51.0,74.0,77.0,182.85714721679616,3.6190480851328695,10,0.6301300048828125,0.1371518722234987,0.3120133004397726,0.1371889897927993,0.1490196078431372,0.2901960784313726,0.5019607843137255,0.0002227783203125,0.2460007072897518,0.5431283730581483,0.2189056503038683,0.2627450980392157,0.5333333333333333,0.8588235294117647,0.0160385131835937,0.2585396560968137,0.5862665824751999,0.2269073419545381,0.2823529411764706,0.592156862745098,0.8980392156862745,0.0199005126953125,0.2311150726183756,0.2392796230905585,0.5882352941176471,0.8344912086733389,0.0431382094170517,0.411624683371975
Breast_MRI_851,0,256.0,26.0,5.0,0.0,1.0,4.0,1.1,0.66964286565781,2.0,23.0,93.0,164.0,56.0,122.0,6.17220844678775,65.0,1.0,1.0,0.0,1.0,0.0,HRposHER2neg,0.0,0.0,1.0,duke,0,train,10,8,17,4,22.0,72.0,67.0,171.42857360839935,1.9702136192898279,10,0.4796127319335937,0.1748292212392769,0.2918011985333717,0.179446171774301,0.1137254901960784,0.2470588235294117,0.5450980392156862,0.0016571044921875,0.2402652875114889,0.3722009388670478,0.2390571535486504,0.0705882352941176,0.3529411764705882,0.6980392156862745,0.0103988647460937,0.2450167068780637,0.3844710868240729,0.2509914467573346,0.0705882352941176,0.3607843137254902,0.7215686274509804,0.0211837768554687,0.0803997403336761,0.2046206377095968,0.3686274509803922,0.583519283605197,0.012270147957025,0.4528135913277289
Breast_MRI_857,0,256.0,43.0,5.0,0.0,1.0,4.0,1.1,0.84821426868439,2.0,40.0,67.0,190.0,115.0,201.0,15.4309942141937,62.0,1.0,0.0,1.0,1.0,0.0,HRposHER2neg,0.0,0.0,1.0,duke,0,train,10,16,25,2,39.0,124.0,87.0,217.14285278320384,2.799169442342172,10,0.5253692626953125,0.1450904277726715,0.2701346730414503,0.1672888887620986,0.1137254901960784,0.2156862745098039,0.5058823529411764,0.0013076782226562,0.1894167253082873,0.3347230926551181,0.2183298875798182,0.1294117647058823,0.2705882352941176,0.6392156862745098,0.0163894653320312,0.212047077253753,0.3800076829229701,0.2338234070043297,0.1529411764705882,0.3137254901960784,0.7372549019607844,0.0242355346679687,0.0645884196136677,0.1222482801388987,0.192156862745098,0.7225755013598925,0.0452845902678521,0.27540555659146
Breast_MRI_860,0,256.0,35.0,5.0,0.0,1.0,4.0,2.0,0.6836,2.0,32.0,105.0,152.0,91.0,132.0,5.5175168907200005,48.0,0.0,1.0,0.0,1.0,0.0,HRposHER2neg,0.0,0.0,1.0,duke,0,train,10,12,21,0,31.0,48.0,42.0,175.0016,1.8744934584170982,10,0.6073883056640625,0.1051543710746017,0.2333271759240419,0.1543405387588394,0.1098039215686274,0.1725490196078431,0.4392156862745098,0.0007843017578125,0.1567841054878982,0.3240744948981139,0.2198663563921937,0.1333333333333333,0.2470588235294117,0.6666666666666666,0.0091567993164062,0.1732911053825827,0.3625243762536767,0.2174716971120438,0.1607843137254902,0.2941176470588235,0.6823529411764706,0.0122695922851562,0.0907473189740719,0.1636316347414721,0.2431372549019607,0.775924788769617,0.0384498813555628,0.2545879938749019
Breast_MRI_865,0,256.0,27.0,5.0,0.0,1.0,4.0,2.0,0.6055,2.0,24.0,100.0,157.0,87.0,125.0,5.888815075499999,46.0,0.0,1.0,0.0,1.0,0.0,HRposHER2neg,0.0,0.0,1.0,duke,0,train,10,8,17,4,23.0,58.0,39.0,155.008,1.9298990928046935,10,0.7206985473632812,0.0755442121917126,0.220635438388901,0.0865632176579398,0.1176470588235294,0.2078431372549019,0.3450980392156862,0.0,0.1546567311006433,0.4544185642439315,0.3136487954421273,0.0901960784313725,0.388235294117647,0.9568627450980391,0.0218399047851562,0.1459794467103247,0.4312226003254565,0.2608143547680112,0.1098039215686274,0.4117647058823529,0.8156862745098039,0.0061355590820312,0.2337831258550305,0.2854945720796426,0.6745098039215687,0.7281349191173658,-0.0231959639184749,0.4961621039864949
Breast_MRI_874,0,256.0,99.0,4.0,0.0,1.0,3.0,1.1,0.7813,2.0,96.0,46.0,211.0,77.0,185.0,49.33309625673,32.0,0.0,1.0,0.0,1.0,0.0,HRposHER2neg,0.0,0.0,1.0,duke,0,train,10,44,53,1,95.0,166.0,109.0,200.0128,3.91866283800453,10,0.7088134765625,0.0771294388116574,0.1941748578361503,0.1052936602932844,0.1058823529411764,0.1490196078431372,0.3764705882352941,0.0,0.1215788657992494,0.2934201441119753,0.2150514669900574,0.1137254901960784,0.2156862745098039,0.5843137254901961,0.0091720581054687,0.1454584398456648,0.3583394982877866,0.2386370905824242,0.1411764705882353,0.2705882352941176,0.7333333333333333,0.0119796752929687,0.0992452862758249,0.1564035215328091,0.2823529411764706,0.798241385092647,0.0649193541758113,0.1905498029680556
Breast_MRI_877,0,256.0,19.0,5.0,0.0,1.0,4.0,2.0,0.7813,2.0,16.0,121.0,158.0,108.0,149.0,2.83361462098,55.0,1.0,0.0,0.0,1.0,0.0,HRposHER2neg,0.0,0.0,1.0,duke,0,train,10,4,13,3,15.0,38.0,42.0,200.0128,1.3438081233950463,10,0.741680908203125,0.0814086614870557,0.2448786016781308,0.1773835365858307,0.1098039215686274,0.1725490196078431,0.5137254901960784,0.0010452270507812,0.105470676796109,0.2786072376165928,0.2390203294772653,0.0627450980392156,0.196078431372549,0.6431372549019608,0.0085006713867187,0.1224043483360141,0.3483244636370249,0.2710000455927889,0.0823529411764705,0.2588235294117647,0.8196078431372549,0.0151809692382812,0.033728635938462,0.1778451519546287,0.2431372549019607,0.5500437114571274,0.069717226020432,0.3187805684852208
Breast_MRI_879,0,256.0,58.0,5.0,0.0,1.0,4.0,2.0,0.7227,2.0,55.0,47.0,210.0,95.0,161.0,12.36847476249,72.0,1.0,0.0,1.0,0.0,0.0,TripleNeg,1.0,0.0,0.0,duke,0,train,10,24,33,2,54.0,164.0,67.0,185.0112,2.5928993055106,10,0.6675125122070312,0.0839112405215992,0.2287749613083017,0.1193706494142273,0.1215686274509803,0.192156862745098,0.4078431372549019,5.18798828125e-05,0.1099103082395067,0.2967021508165907,0.1924860966101953,0.1254901960784313,0.2431372549019607,0.5411764705882353,0.0069549560546875,0.1292286472694546,0.3519503594442793,0.2202226800006788,0.1529411764705882,0.2862745098039215,0.6627450980392157,0.0140853881835937,0.067927189508289,0.1393169092579521,0.2196078431372549,0.6986952670732771,0.0552482086276885,0.3115755464687768
Breast_MRI_882,1,256.0,32.0,5.0,0.0,1.0,4.0,2.0,0.6836,2.0,29.0,91.0,166.0,133.0,164.0,5.25675849104,48.0,0.0,0.0,1.0,0.0,0.0,TripleNeg,1.0,0.0,0.0,duke,0,train,10,11,20,0,28.0,76.0,32.0,175.0016,1.8336622380676848,10,0.5849685668945312,0.097571351294424,0.2088463275528781,0.1128239769938527,0.1176470588235294,0.1725490196078431,0.3568627450980392,0.0,0.1307713826497396,0.2709174656829404,0.1929947131527002,0.1098039215686274,0.2196078431372549,0.5058823529411764,0.011090087890625,0.1530018525965073,0.3179368565382365,0.2224057743564297,0.1294117647058823,0.2509803921568627,0.6431372549019608,0.017413330078125,0.0620711381300622,0.1187627587665908,0.1843137254901961,0.7066931377415026,0.0470193908552961,0.3091343590874832
Breast_MRI_883,1,256.0,24.0,5.0,0.0,1.0,4.0,1.1,0.80357140302658,2.0,21.0,111.0,146.0,154.0,192.0,5.997770794588759,45.0,0.0,1.0,0.0,1.0,1.0,HER2pos,0.0,1.0,0.0,duke,0,train,10,7,16,1,20.0,36.0,39.0,205.7142791748045,1.9455916404209317,10,0.54293212890625,0.1714784450157015,0.3349481931490113,0.1676396273743405,0.1490196078431372,0.3019607843137254,0.5647058823529412,0.0021438598632812,0.2261489329618566,0.4402465996680968,0.2241627035195462,0.192156862745098,0.4,0.7686274509803922,0.015460205078125,0.2351703239889706,0.4606393744635637,0.2202494650186501,0.2235294117647059,0.4313725490196078,0.7764705882352941,0.0188095092773437,0.1052984065190854,0.1955501410636035,0.3843137254901961,0.6873614560799082,0.0203927747954668,0.3614427262772748
Breast_MRI_884,0,256.0,36.0,5.0,0.0,1.0,4.0,1.2,0.7031,2.0,33.0,94.0,163.0,100.0,157.0,21.386157348132,55.0,1.0,1.0,0.0,0.0,0.0,TripleNeg,1.0,0.0,0.0,duke,0,train,10,13,22,3,32.0,70.0,58.0,179.9936,3.1084427923055915,10,0.7615615844726562,0.0783807432885263,0.2414680478976306,0.1267589025133923,0.1058823529411764,0.196078431372549,0.4235294117647059,0.0,0.1138789756625306,0.3519912194285827,0.2714980036223105,0.1058823529411764,0.2509803921568627,0.8862745098039215,0.0195602416992187,0.1288258032705269,0.4025634008426969,0.2820952470718664,0.1254901960784313,0.2980392156862745,0.9333333333333332,0.0185882568359375,0.1105231715309521,0.1894071750100978,0.5058823529411764,0.7401624184867819,0.0505721814141141,0.1853669774674747
Breast_MRI_885,0,256.0,23.0,4.0,0.0,1.0,3.0,2.0,0.6641,2.0,20.0,115.0,142.0,114.0,142.0,2.0723943781900003,34.0,0.0,1.0,0.0,1.0,1.0,HER2pos,0.0,1.0,0.0,duke,1,test,10,6,15,-1,19.0,28.0,29.0,170.0096,1.1224571853626921,10,0.6964889526367187,0.0913474228802849,0.249907914339388,0.1216797486156868,0.1176470588235294,0.2196078431372549,0.4274509803921568,0.0003753662109375,0.159978302600337,0.4075152505939508,0.2373939855709958,0.1372549019607843,0.3647058823529411,0.7529411764705882,0.0075820922851562,0.1676836978687959,0.4366089961918737,0.2472855163414519,0.1529411764705882,0.396078431372549,0.8156862745098039,0.0152069091796875,0.1576073362545627,0.1956601807073372,0.4431372549019607,0.7912010014629806,0.0290937455979229,0.3887958815337667
Breast_MRI_886,0,256.0,31.0,4.0,0.0,1.0,3.0,2.0,0.78125,2.0,28.0,110.0,147.0,87.0,117.0,2.4041748046875,70.0,1.0,1.0,0.0,0.0,0.0,TripleNeg,1.0,0.0,0.0,duke,1,test,10,10,19,-1,27.0,38.0,31.0,200.0,1.2250025621210292,10,0.614837646484375,0.1079030953201593,0.2414736099653394,0.1557896000513956,0.1176470588235294,0.192156862745098,0.4156862745098039,0.0039596557617187,0.1713393028109681,0.3503682315965765,0.2272327872591402,0.1254901960784313,0.2823529411764706,0.6705882352941176,0.0136215209960937,0.1802767286113664,0.3744631807243141,0.225810355302986,0.1411764705882353,0.3176470588235294,0.6862745098039216,0.0160614013671875,0.108894621631237,0.1902635208604459,0.3803921568627451,0.7142579827272006,0.0240949491277376,0.3858331352507725
Breast_MRI_891,0,256.0,19.0,4.0,0.0,1.0,3.0,2.0,0.7031,2.0,16.0,115.0,142.0,115.0,142.0,1.11574706977,42.0,0.0,1.0,0.0,1.0,1.0,HER2pos,0.0,1.0,0.0,duke,0,train,10,4,13,4,15.0,28.0,28.0,179.9936,0.7494079746067034,10,0.6195541381835937,0.1003476251340379,0.2211780654570986,0.1073523591656529,0.1137254901960784,0.188235294117647,0.3803921568627451,0.0,0.1966654459635416,0.4182329214749643,0.2485581394933576,0.1450980392156863,0.3568627450980392,0.8,0.011407470703125,0.2120554127412684,0.4459149061964666,0.2462042854428006,0.1647058823529411,0.403921568627451,0.8117647058823529,0.015692138671875,0.1970548560178656,0.2167692677439737,0.5372549019607843,0.8527648207789708,0.0276819847215023,0.3907247051085112
Breast_MRI_899,0,256.0,33.0,5.0,0.0,1.0,4.0,2.0,0.5664,2.0,30.0,71.0,185.0,88.0,169.0,7.663163627519999,44.0,0.0,1.0,0.0,1.0,0.0,HRposHER2neg,0.0,0.0,1.0,duke,0,train,10,11,20,0,29.0,115.0,82.0,144.9984,2.1590799708192017,10,0.6686935424804688,0.0914903528550091,0.2363705013150913,0.1096656634037763,0.1176470588235294,0.2117647058823529,0.388235294117647,0.000592041015625,0.153050100289139,0.3859718830076648,0.2671064700531975,0.1254901960784313,0.3019607843137254,0.8745098039215686,0.0217178344726562,0.1598564895929074,0.4106762572386467,0.2327762232636779,0.1529411764705882,0.3647058823529411,0.7529411764705882,0.0130615234375,0.1496013816925734,0.2299824159443613,0.5607843137254902,0.730915371329879,0.0247043742309819,0.3495866436384571
Breast_MRI_900,0,256.0,25.0,4.0,0.0,1.0,3.0,2.0,0.75892859697342,2.0,22.0,110.0,147.0,106.0,133.0,2.82399373283573,68.0,1.0,1.0,0.0,1.0,0.0,HRposHER2neg,0.0,0.0,1.0,duke,0,train,10,7,16,2,21.0,38.0,28.0,194.2857208251955,1.3412953562850216,10,0.5689407348632812,0.1629073139265471,0.3299185719831456,0.1754916228703527,0.1490196078431372,0.2862745098039215,0.5843137254901961,0.003790283203125,0.2468942320580576,0.4928912675658265,0.2340525337519912,0.2235294117647059,0.4509803921568627,0.8392156862745098,0.0152008056640625,0.2568619911343444,0.5210045164831054,0.2328388240385074,0.2392156862745098,0.4941176470588235,0.8549019607843137,0.0156387329101562,0.1629726955826808,0.2188597495666717,0.5294117647058824,0.7928806827634788,0.0281132489172788,0.4201678590012708
Breast_MRI_901,0,256.0,31.0,4.0,0.0,1.0,3.0,2.0,0.80357140302658,2.0,28.0,109.0,147.0,80.0,114.0,5.23361733307187,73.0,0.0,1.0,0.0,1.0,0.0,HRposHER2neg,0.0,0.0,1.0,duke,0,train,10,10,19,4,27.0,39.0,35.0,205.7142791748045,1.8299567956099199,10,0.5261749267578125,0.154995589910769,0.2881872794460203,0.1552809816779051,0.1529411764705882,0.2509803921568627,0.4588235294117647,0.005853271484375,0.2259163052428002,0.4291551476286978,0.2105706862872061,0.2117647058823529,0.3725490196078431,0.7647058823529411,0.0121170043945312,0.2305892704982383,0.4376941061295994,0.2016404819983569,0.2274509803921568,0.388235294117647,0.7254901960784313,0.0153778076171875,0.1409678681826775,0.1672917198735475,0.388235294117647,0.8559991755923819,0.0085389585009016,0.435647900658882
Breast_MRI_907,0,256.0,50.0,5.0,0.0,1.0,4.0,1.1,0.75892859697342,2.0,47.0,93.0,164.0,153.0,233.0,42.8299581722015,50.0,1.0,0.0,0.0,0.0,1.0,HER2pos,0.0,1.0,0.0,duke,1,test,10,20,29,-1,46.0,72.0,81.0,194.2857208251955,3.780317560111337,10,0.3535644531249999,0.190284226361443,0.2735170448570697,0.1261403918976069,0.1372549019607843,0.2549019607843137,0.4274509803921568,0.0014129638671875,0.2725265443091299,0.3709160509131517,0.2093435741535325,0.1725490196078431,0.3137254901960784,0.6666666666666666,0.0219863891601562,0.2845516548904718,0.393114566810182,0.216314330472896,0.1843137254901961,0.3333333333333333,0.7294117647058823,0.02210693359375,0.097399006056082,0.1824264262065451,0.3764705882352941,0.6707384432358939,0.0221985158970303,0.3928119570964574
Breast_MRI_914,0,256.0,37.0,4.0,0.0,1.0,3.0,2.0,0.6641,2.0,34.0,95.0,162.0,106.0,163.0,20.55502974767,50.0,0.0,1.0,0.0,0.0,0.0,TripleNeg,1.0,0.0,0.0,duke,0,train,10,13,22,1,33.0,68.0,58.0,170.0096,3.0706091882802613,10,0.796478271484375,0.0611834417604932,0.2157173812694968,0.1042432435924582,0.1098039215686274,0.1843137254901961,0.3686274509803922,0.0,0.0970749320235906,0.3576889853257242,0.2920958019642907,0.0901960784313725,0.2392156862745098,0.9137254901960784,0.0137176513671875,0.1108106605679381,0.3933186913991867,0.3105722986070036,0.0941176470588235,0.2705882352941176,0.9725490196078432,0.0180038452148437,0.1419716040562273,0.220336885986096,0.5607843137254902,0.6908756935072724,0.0356297060734625,0.3505398110661268
Breast_MRI_916,0,256.0,18.0,4.0,0.0,1.0,3.0,1.3,0.6641,2.0,15.0,115.0,142.0,115.0,141.0,1.945907315482,64.0,1.0,0.0,0.0,1.0,0.0,HRposHER2neg,0.0,0.0,1.0,duke,0,train,10,4,13,3,14.0,28.0,27.0,170.0096,1.0804168564056758,10,0.6674514770507812,0.0899388571346507,0.2137695482159111,0.112148276566989,0.1137254901960784,0.1764705882352941,0.3725490196078431,0.000543212890625,0.1709298885569853,0.3928744047736329,0.2760275843042346,0.1137254901960784,0.3176470588235294,0.8705882352941177,0.0198394775390625,0.1748601457184436,0.3987706040069316,0.2351634346795465,0.1450980392156863,0.3529411764705882,0.7450980392156863,0.0097900390625,0.1791048565577218,0.2499387209440054,0.6235294117647059,0.7730052904711869,0.0058961992332986,0.3669145953684288
Breast_MRI_917,0,256.0,85.0,4.0,0.0,1.0,3.0,1.1,0.7031,2.0,82.0,72.0,185.0,74.0,182.0,61.891384732936,41.0,0.0,0.0,1.0,0.0,0.0,TripleNeg,1.0,0.0,0.0,duke,1,test,10,37,46,-1,81.0,114.0,109.0,179.9936,4.141409186645593,10,0.652703857421875,0.0950038117053462,0.2274436921919081,0.0989165599981709,0.1176470588235294,0.2039215686274509,0.3764705882352941,0.0,0.1839399868834252,0.444520203821498,0.2650832482471665,0.1215686274509803,0.4156862745098039,0.8392156862745098,0.0181777954101562,0.1941284239525888,0.4716371847767243,0.26777404624469,0.1372549019607843,0.4392156862745098,0.8901960784313725,0.0204452514648437,0.2170765116295899,0.2250213257049728,0.5568627450980392,0.821734240171526,0.0271169809552263,0.3573311541097696
ISPY2-756412,0,256.0,76.0,7.0,0.0,2.0,5.0,2.4,0.5469,3.0,46.0,15.0,178.0,46.0,127.0,14.520448586592003,46.0,0.0,1.0,0.0,1.0,0.0,HRposHER2neg,0.0,0.0,1.0,spy2,0,train,10,9,22,3,44.0,164.0,82.0,140.0064,2.7421584181126244,10,0.4651535034179688,0.1835730937882965,0.3256237019524157,0.109342789625749,0.2196078431372549,0.2980392156862745,0.4901960784313725,0.0,0.2421100092869179,0.4333749021823058,0.1745883478959652,0.2705882352941176,0.388235294117647,0.6862745098039216,0.0125900268554687,0.2564950561523437,0.4550702052603865,0.2051153201252615,0.2588235294117647,0.4,0.796078431372549,0.02559814453125,0.1077512002298901,0.1090678668154076,0.2431372549019607,0.8927241760028758,0.0216953030780806,0.3739248025060125
ISPY2-111881,1,256.0,134.0,6.0,0.0,2.0,5.0,1.2,0.6641,68.0,105.0,93.0,168.0,92.0,152.0,8.455051522272,37.0,0.0,1.0,0.0,1.0,1.0,HER2pos,0.0,1.0,0.0,spy2,0,train,10,16,25,4,38.0,76.0,61.0,170.0096,2.2465491513046696,10,0.7206832885742187,0.1027412205116421,0.3111949041223783,0.1716793974787759,0.1176470588235294,0.2666666666666666,0.5764705882352941,0.0,0.1721680644914215,0.4990201594887926,0.2812347229454062,0.1294117647058823,0.4901960784313725,0.9176470588235294,0.0195220947265625,0.1770845001819087,0.5135282688406004,0.2859214651563849,0.1372549019607843,0.4980392156862745,0.9725490196078432,0.024639892578125,0.1878252553664142,0.1972799909745765,0.4470588235294118,0.8337202886595685,0.0145081093518077,0.4098157364260624
ISPY2-451816,0,256.0,80.0,8.0,0.0,2.0,5.0,2.0,0.6055,17.0,64.0,25.0,176.0,59.0,194.0,17.246286960000003,43.0,0.0,1.0,0.0,1.0,0.0,HRposHER2neg,0.0,0.0,1.0,spy2,0,train,10,17,30,3,48.0,152.0,136.0,155.008,2.9039616050823023,10,0.709765625,0.0916639141007965,0.2687246201475207,0.1134647679936163,0.1215686274509803,0.2705882352941176,0.4156862745098039,0.0,0.1495257807712929,0.4367629327976143,0.2643821589716794,0.1529411764705882,0.3803921568627451,0.9647058823529412,0.0266525268554687,0.1602326875574448,0.4602863655556435,0.2464339945123654,0.1725490196078431,0.4196078431372549,0.8745098039215686,0.0151626586914062,0.1680383126500937,0.2078926910052416,0.5490196078431373,0.8472146281965006,0.0235234327580291,0.2537590427321669
ISPY2-243836,1,256.0,66.0,7.0,0.0,2.0,6.0,2.4,0.5078,9.0,27.0,91.0,175.0,111.0,193.0,15.241432242048,31.0,0.0,1.0,0.0,1.0,0.0,HRposHER2neg,0.0,0.0,1.0,spy2,0,train,10,7,16,4,19.0,85.0,83.0,129.9968,2.7875655230891594,10,0.664288330078125,0.0772356639188878,0.2053256809878106,0.0629925376374602,0.1215686274509803,0.2039215686274509,0.2784313725490196,0.0,0.164546879787071,0.4365059410306675,0.2542959180806093,0.1764705882352941,0.3529411764705882,0.8862745098039215,0.021490478515625,0.1777450142654718,0.4714145003855404,0.2129423934825194,0.2156862745098039,0.4392156862745098,0.788235294117647,0.005426025390625,0.2311802600428568,0.2435404192805732,0.6745098039215687,0.9161636638001563,0.0349085593548729,0.2938794247586495
ISPY2-402265,0,256.0,134.0,6.0,0.0,2.0,5.0,1.2,0.7813,47.0,116.0,60.0,176.0,73.0,167.0,83.90673512488799,56.0,1.0,1.0,0.0,1.0,1.0,HER2pos,0.0,1.0,0.0,spy2,1,test,10,33,42,-1,70.0,117.0,95.0,200.0128,4.4415534202637454,10,0.55736083984375,0.1097845159792432,0.2095690503111699,0.115434524757624,0.1098039215686274,0.1725490196078431,0.3372549019607843,0.00042724609375,0.1964862539253982,0.3740884172537772,0.2336007056900419,0.1725490196078431,0.2823529411764706,0.7803921568627451,0.0146926879882812,0.2227489875344669,0.4214694148253052,0.2375749833961433,0.2,0.3333333333333333,0.8392156862745098,0.0190338134765625,0.1645193669426072,0.1540974400923398,0.403921568627451,0.983463638620005,0.0473809975715279,0.1423947216017208
ISPY2-611662,0,256.0,66.0,8.0,0.0,2.0,6.0,2.4,0.625,15.0,41.0,61.0,200.0,51.0,166.0,55.3115625,55.0,1.0,0.0,1.0,0.0,1.0,HER2pos,0.0,1.0,0.0,spy2,0,train,10,8,17,4,27.0,140.0,116.0,160.0,4.030899887061273,10,0.553424072265625,0.1342816940008425,0.2885131301827112,0.1113754812463846,0.1725490196078431,0.2666666666666666,0.4235294117647059,0.0004058837890625,0.2038056437174479,0.4407270957093321,0.2190445524557576,0.2078431372549019,0.388235294117647,0.7647058823529411,0.017572021484375,0.2499406403186274,0.5396277974882602,0.2401491927909896,0.2705882352941176,0.4823529411764706,0.9450980392156862,0.035577392578125,0.1522139655266209,0.1551937609413329,0.3686274509803922,0.8869230664097202,0.0989007017789279,0.0810850520043188
ISPY2-139137,0,256.0,200.0,7.0,0.0,2.0,5.0,0.799997,0.625,43.0,126.0,90.0,221.0,67.0,161.0,44.88608167656249,54.0,1.0,1.0,0.0,1.0,0.0,HRposHER2neg,0.0,0.0,1.0,spy2,1,test,10,42,56,-1,84.0,132.0,95.0,160.0,3.8261618396351076,10,0.5982269287109375,0.1041622625612745,0.228768808914343,0.1123087262119654,0.1176470588235294,0.192156862745098,0.3843137254901961,3.509521484375e-05,0.1912007171032475,0.4170763964628942,0.2698001126559553,0.1607843137254902,0.3176470588235294,0.9529411764705882,0.0336517333984375,0.1984726909562653,0.4297417319414986,0.2648474960681347,0.1686274509803921,0.3372549019607843,0.9254901960784314,0.0294830322265625,0.1883075875485512,0.1991979985843665,0.5529411764705883,0.8933712106826278,0.0126653354786044,0.4046736496699657
ISPY2-685753,0,256.0,80.0,8.0,0.0,2.0,6.0,2.0,0.703125,32.0,49.0,28.0,173.0,106.0,175.0,10.5620361328125,46.0,0.0,1.0,0.0,1.0,0.0,HRposHER2neg,0.0,0.0,1.0,spy2,0,train,10,5,14,4,18.0,146.0,70.0,180.0,2.447726983790542,10,0.4521530151367188,0.1915668083639706,0.3266794011671854,0.1392095035756661,0.1490196078431372,0.3215686274509804,0.5058823529411764,4.2724609375e-05,0.293178393794041,0.4924834389508274,0.1851909555588547,0.2941176470588235,0.4588235294117647,0.7647058823529411,0.0116485595703125,0.3216466686772365,0.5427895328063572,0.1958081008640725,0.3333333333333333,0.5019607843137255,0.8431372549019608,0.0291152954101562,0.165804037783642,0.19310594616885,0.4823529411764706,0.8855521854293569,0.0503060938555297,0.2490718226812278
ISPY2-627981,1,384.0,220.0,8.0,0.0,2.0,6.0,1.0,0.989583,82.0,128.0,164.0,209.0,274.0,310.0,8.612719349653755,64.0,1.0,1.0,0.0,0.0,0.0,TripleNeg,1.0,0.0,0.0,spy2,1,test,10,21,30,-1,47.0,46.0,37.0,379.999872,2.2630871537811617,10,0.5978530883789063,0.1071715530694699,0.2323005831144338,0.1315314723179182,0.1137254901960784,0.192156862745098,0.4156862745098039,0.0002166748046875,0.1933810544481464,0.3833023797678479,0.2333248059358541,0.1450980392156863,0.3176470588235294,0.7215686274509804,0.017327880859375,0.1939998970779718,0.3903781245301259,0.2363536754761195,0.1450980392156863,0.3372549019607843,0.7647058823529411,0.01890869140625,0.151001796653414,0.1958922060887356,0.4509803921568627,0.806671194569552,0.007075744762278,0.4310930332269655
ISPY2-108939,1,384.0,160.0,6.0,0.0,2.0,5.0,1.0,0.78125,49.0,75.0,145.0,193.0,45.0,79.0,1.4190673828125,34.0,0.0,1.0,0.0,1.0,1.0,HER2pos,0.0,1.0,0.0,spy2,0,train,10,10,19,0,27.0,49.0,35.0,300.0,0.8833820868879239,10,0.5118301391601563,0.159174762800628,0.3030040002385348,0.1597978319925274,0.1254901960784313,0.2823529411764706,0.4980392156862745,0.0019882202148437,0.2452590942382812,0.4685177752253164,0.2397209906708597,0.1647058823529411,0.4470588235294118,0.8313725490196079,0.0179656982421875,0.2407339058670343,0.458693806191204,0.2302160883366117,0.1607843137254902,0.4509803921568627,0.788235294117647,0.0110305786132812,0.1655137749867816,0.1870243362694239,0.4588235294117647,0.8560452853307161,-0.0098239690341123,0.4801751649595064
ISPY2-629210,0,256.0,80.0,7.0,0.0,2.0,5.0,2.0,0.703125,6.0,61.0,41.0,189.0,53.0,228.0,110.5938720703125,40.0,0.0,1.0,0.0,1.0,0.0,HRposHER2neg,0.0,0.0,1.0,spy2,0,train,10,11,26,4,56.0,149.0,176.0,180.0,4.714866138675389,10,0.4762847900390625,0.1291676719515931,0.2272186263483955,0.1102039472118321,0.1137254901960784,0.196078431372549,0.3803921568627451,0.0,0.2433310774260876,0.4235601927341145,0.2826179442628511,0.1098039215686274,0.3686274509803922,0.8941176470588236,0.0347183227539062,0.2392004813399969,0.4180132655237946,0.2662953918117247,0.1176470588235294,0.3843137254901961,0.8431372549019608,0.0302871704101562,0.1963415663857189,0.2514407127230484,0.6235294117647059,0.7449201974232421,-0.0055469272103198,0.4254797186660529
ISPY2-809037,0,256.0,64.0,8.0,0.0,2.0,5.0,2.5,0.7031,36.0,55.0,45.0,111.0,45.0,109.0,5.909949587549999,52.0,0.0,1.0,0.0,1.0,0.0,HRposHER2neg,0.0,0.0,1.0,spy2,0,train,10,6,15,2,20.0,67.0,65.0,179.9936,1.9329623421740942,10,0.495941162109375,0.1926480700922947,0.3674452228066863,0.1790195155300795,0.1568627450980392,0.3411764705882353,0.6078431372549019,0.0023712158203125,0.2200570738549326,0.4192667447798881,0.2080955917309473,0.1843137254901961,0.388235294117647,0.6941176470588235,0.0118698120117187,0.2291743738511029,0.4351821830627267,0.2265611390426541,0.1764705882352941,0.4078431372549019,0.7450980392156863,0.0217361450195312,0.0518215219732017,0.0785749340702078,0.1215686274509803,0.7805594236241448,0.0159154382828387,0.3870981413089544
ACRIN-6698-107700,0,256.0,80.0,8.0,0.0,2.0,6.0,2.0,0.6641,23.0,46.0,162.0,234.0,105.0,167.0,3.0977863614400003,68.0,1.0,0.0,0.0,1.0,1.0,HER2pos,0.0,1.0,0.0,spy2,0,train,10,13,22,2,24.0,73.0,63.0,170.0096,1.4104469160614768,10,0.6233489990234375,0.1590858010684742,0.3810919932747327,0.2106966198828301,0.1215686274509803,0.3568627450980392,0.6784313725490196,1.983642578125e-05,0.2226597266103707,0.5198160417293208,0.3084632709833743,0.1294117647058823,0.4862745098039215,0.9725490196078432,0.0311691284179687,0.2208965525907628,0.5090360730869997,0.2686361566640041,0.1411764705882353,0.5137254901960784,0.8588235294117647,0.0082733154296875,0.1387240484545881,0.1692973570355686,0.3647058823529411,0.7875240032085301,-0.0107799686423211,0.4717228024404274
ISPY2-373672,0,256.0,134.0,7.0,0.0,2.0,5.0,1.1999986395,0.7031000257,53.0,123.0,73.0,227.0,45.0,189.0,159.77935893807654,67.0,1.0,0.0,1.0,0.0,0.0,TripleNeg,1.0,0.0,0.0,spy2,0,train,10,33,42,4,71.0,155.0,145.0,179.9936065792,5.080032983692441,10,0.63890380859375,0.1033410046147365,0.2559178818412189,0.1204289731699416,0.1137254901960784,0.2470588235294117,0.396078431372549,3.509521484375e-05,0.1926508884803921,0.4806455157026469,0.3012929600192877,0.1686274509803921,0.3647058823529411,1.0,0.037127685546875,0.2083681712431066,0.5093069146796002,0.2897208733455358,0.196078431372549,0.4156862745098039,0.984313725490196,0.03280029296875,0.224727633861428,0.2192885054012359,0.5882352941176471,0.9286831074000202,0.0286613989769532,0.3210591257902032
ISPY2-615873,1,256.0,134.0,6.0,0.0,2.0,5.0,1.2,0.6641,42.0,100.0,58.0,195.0,92.0,193.0,10.41004403124,48.0,0.0,1.0,0.0,0.0,0.0,TripleNeg,1.0,0.0,0.0,spy2,0,train,10,40,49,1,59.0,138.0,102.0,170.0096,2.4344940228709206,10,0.7487030029296875,0.0951622458065257,0.3153034995041189,0.1860889420828381,0.1137254901960784,0.2666666666666666,0.6352941176470588,0.0,0.1443152274337469,0.4641664017601697,0.2863631852760553,0.1098039215686274,0.4313725490196078,0.9254901960784314,0.0182342529296875,0.1534788243910845,0.4805158592673818,0.3109741992996852,0.0941176470588235,0.4509803921568627,1.0,0.0303604125976562,0.1488629022560508,0.1740283189929585,0.3647058823529411,0.7994353026899023,0.016349457507212,0.3968607687169834
ISPY2-607047,1,256.0,160.0,7.0,0.0,2.0,5.0,0.8999999762,1.25,27.0,105.0,70.0,141.0,36.0,93.0,35.35312406510626,41.0,0.0,1.0,0.0,1.0,0.0,HRposHER2neg,0.0,0.0,1.0,spy2,0,train,10,27,37,1,79.0,72.0,58.0,320.0,3.5932801443059823,10,0.6206756591796875,0.1272631656422334,0.2776547854151355,0.1658953125305953,0.1176470588235294,0.2313725490196078,0.5176470588235295,0.0001983642578125,0.1933125394933363,0.4206700365206864,0.2674465350684549,0.1176470588235294,0.3647058823529411,0.8392156862745098,0.0190322875976562,0.196679962756587,0.4225118616116648,0.2604173396334159,0.1254901960784313,0.3764705882352941,0.8196078431372549,0.01693115234375,0.1430152511055509,0.1841888620339016,0.4196078431372549,0.7608389583014875,0.0018418250909783,0.473205306644569
ISPY2-155171,0,256.0,134.0,6.0,0.0,2.0,5.0,1.2,0.7031,11.0,120.0,106.0,241.0,70.0,221.0,150.23937189385197,50.0,0.0,1.0,0.0,1.0,0.0,HRposHER2neg,0.0,0.0,1.0,spy2,0,train,10,47,56,0,110.0,136.0,152.0,179.9936,5.018863825971606,10,0.52349853515625,0.1206203385895373,0.2329781342535733,0.0948917450026248,0.1254901960784313,0.2156862745098039,0.3568627450980392,0.0,0.2627324900907629,0.4997703795236552,0.2507562238471211,0.2,0.4666666666666667,0.9215686274509804,0.033599853515625,0.264924274519378,0.5106913102118008,0.2459467876183128,0.2117647058823529,0.4784313725490196,0.8941176470588236,0.0248214721679687,0.2667922452700819,0.2069507790204487,0.6078431372549019,0.9485205584731652,0.0109209306881456,0.3596836172665557
ISPY2-815421,0,256.0,80.0,8.0,0.0,2.0,6.0,2.0,0.703125,16.0,51.0,29.0,135.0,74.0,185.0,27.54415283203125,68.0,1.0,0.0,1.0,1.0,1.0,HER2pos,0.0,1.0,0.0,spy2,0,train,10,19,28,2,36.0,107.0,112.0,180.0,3.3514521106444493,10,0.4822021484375,0.1321699912875306,0.2323912850537923,0.111168984512933,0.1254901960784313,0.2039215686274509,0.3725490196078431,6.103515625e-06,0.2552572691674326,0.4275679765989096,0.2447923628584589,0.2,0.3490196078431372,0.9098039215686274,0.0427749633789062,0.254749953326057,0.4343386062520628,0.2154367833171064,0.2235294117647059,0.3725490196078431,0.7725490196078432,0.0236679077148437,0.1951766915451172,0.2401069590213992,0.6431372549019608,0.9127964543354236,0.0067706296531531,0.3230674477816021
ISPY2-609897,0,256.0,80.0,7.0,0.0,2.0,6.0,2.0,0.6055,35.0,50.0,74.0,128.0,164.0,218.0,4.8549177705,47.0,0.0,1.0,0.0,1.0,0.0,HRposHER2neg,0.0,0.0,1.0,spy2,0,train,10,5,14,2,16.0,55.0,55.0,155.008,1.7672819526299652,10,0.4410491943359375,0.1860475487802542,0.3309134978701975,0.1057396948925774,0.2274509803921568,0.3098039215686274,0.4666666666666667,1.52587890625e-06,0.2329822136374081,0.4129804206334498,0.1617594067692367,0.2666666666666666,0.3686274509803922,0.611764705882353,0.0129440307617187,0.2467264212814031,0.4373647402255453,0.1664029397074555,0.2784313725490196,0.392156862745098,0.6549019607843137,0.011260986328125,0.0820669227632524,0.0994505582738081,0.192156862745098,0.8875472954896618,0.0243843195920953,0.2743274895308397
ISPY2-605713,0,256.0,80.0,9.0,0.0,2.0,5.0,2.0,0.5664,20.0,74.0,63.0,211.0,85.0,203.0,73.57753497600001,38.0,0.0,0.0,1.0,1.0,0.0,HRposHER2neg,0.0,0.0,1.0,spy2,0,train,10,34,43,0,55.0,149.0,119.0,144.9984,4.311839322126137,10,0.6277297973632813,0.1067059206495098,0.256671489644261,0.1078145598110772,0.1372549019607843,0.2392156862745098,0.392156862745098,4.8828125e-05,0.2200688799689797,0.5257708787471607,0.2453736508027562,0.2470588235294117,0.4745098039215686,0.9137254901960784,0.0270706176757812,0.2213425221162683,0.5314418034737494,0.2292277987733528,0.2588235294117647,0.5058823529411764,0.8705882352941177,0.0232559204101562,0.2690993891028996,0.1825440919729812,0.5215686274509804,0.962643101024302,0.0056709247265887,0.4421345159875559
ISPY2-246134,0,256.0,160.0,7.0,0.0,2.0,6.0,1.0,0.5625,53.0,99.0,94.0,217.0,96.0,183.0,13.313109375,68.0,1.0,1.0,0.0,1.0,1.0,HER2pos,0.0,1.0,0.0,spy2,1,test,10,16,26,-1,47.0,124.0,88.0,144.0,2.6611758568273225,10,0.6018508911132813,0.116476458381204,0.2613901909760382,0.1164802521729752,0.1176470588235294,0.2431372549019607,0.4235294117647059,0.0,0.295909896551394,0.4710803194083088,0.2230706582883004,0.1803921568627451,0.4627450980392157,0.7725490196078432,0.023699951171875,0.3331120689242494,0.5340924251554445,0.2311276173826933,0.2117647058823529,0.5372549019607843,0.8705882352941177,0.0317031860351562,0.2096901284322705,0.2381470683991321,0.5725490196078431,0.7956892818407931,0.0630121057471357,0.1264778811256615
ACRIN-6698-373346,0,256.0,72.0,7.0,0.0,2.0,6.0,2.2,0.7031,30.0,60.0,143.0,220.0,95.0,171.0,8.889790166708,59.0,1.0,1.0,0.0,1.0,0.0,HRposHER2neg,0.0,0.0,1.0,spy2,0,train,10,14,26,1,31.0,78.0,77.0,179.9936,2.2915029286964996,10,0.4408248901367187,0.1824994554706648,0.31960808391402,0.1149775654463664,0.2156862745098039,0.2980392156862745,0.4470588235294118,0.0006866455078125,0.2246620447495404,0.3935750485927641,0.1617871856817222,0.2549019607843137,0.3529411764705882,0.5882352941176471,0.0129913330078125,0.2316791489545036,0.4056727754942331,0.1703805145260834,0.2627450980392157,0.3607843137254902,0.6235294117647059,0.0150680541992187,0.0739669646787441,0.0971874001403365,0.1686274509803921,0.8724993928412573,0.0120977269014689,0.3659952900854388
ISPY2-208265,1,384.0,160.0,6.0,0.0,2.0,5.0,1.0,0.833333,61.0,131.0,135.0,192.0,56.0,135.0,18.27151316055848,41.0,0.0,1.0,0.0,0.0,0.0,TripleNeg,1.0,0.0,0.0,spy2,0,train,10,33,42,3,71.0,58.0,80.0,319.999872,2.95862800350317,10,0.5553314208984375,0.1509930180568321,0.3075694652745285,0.1571299749541511,0.1215686274509803,0.2980392156862745,0.4862745098039215,0.00084228515625,0.24510009765625,0.503329346068359,0.2689767083679908,0.1529411764705882,0.4705882352941176,0.9372549019607844,0.0283767700195312,0.2468067782532935,0.506550902759583,0.2512635171954543,0.1529411764705882,0.4980392156862745,0.8666666666666667,0.0135269165039062,0.1957598807938304,0.2238525641462529,0.5764705882352941,0.8467836578385687,0.003221556691224,0.4150292706696223
ISPY2-395076,1,256.0,80.0,8.0,0.0,2.0,5.0,2.0,0.5859,27.0,58.0,25.0,177.0,80.0,156.0,7.807533254639999,53.0,0.0,1.0,0.0,0.0,0.0,TripleNeg,1.0,0.0,0.0,spy2,0,train,10,11,26,1,32.0,153.0,77.0,149.9904,2.1756074069445495,10,0.6579681396484375,0.1017618216720281,0.2513004977145439,0.1209515132700632,0.1137254901960784,0.2235294117647059,0.4156862745098039,0.0,0.1505218984566482,0.3769101669772899,0.2420857923932702,0.1372549019607843,0.3176470588235294,0.7529411764705882,0.0176971435546875,0.1666031781364889,0.4133530571681548,0.2403541538755044,0.1568627450980392,0.3647058823529411,0.796078431372549,0.0123916625976562,0.125609669262746,0.1770492695205668,0.4078431372549019,0.8554877450324331,0.0364428901908649,0.2603879475717587
ISPY2-637752,1,384.0,160.0,6.0,0.0,2.0,5.0,1.0,0.7552083135,55.0,119.0,129.0,258.0,39.0,112.0,15.101451843527975,48.0,0.0,1.0,0.0,0.0,0.0,TripleNeg,1.0,0.0,0.0,spy2,0,train,10,22,32,3,65.0,130.0,74.0,289.999992384,2.778909444541395,10,0.5635452270507812,0.1451483812519148,0.3024366893260354,0.1601322265123154,0.1215686274509803,0.2745098039215686,0.5215686274509804,0.000494384765625,0.2419317626953125,0.5059904022440692,0.2627910051509183,0.1411764705882353,0.5176470588235295,0.8705882352941177,0.0158889770507812,0.2393170405369178,0.4972269470656443,0.2583704817225352,0.1333333333333333,0.5176470588235295,0.8392156862745098,0.0112777709960937,0.2035537129180338,0.219540415834817,0.5490196078431373,0.834293006100652,-0.0087634551784249,0.4900728931774084
ISPY2-331192,1,256.0,160.0,7.0,0.0,2.0,5.0,1.1000000238,1.25,42.0,105.0,86.0,144.0,194.0,240.0,58.57500126735,42.0,0.0,0.0,1.0,1.0,0.0,HRposHER2neg,0.0,0.0,1.0,spy2,0,train,10,18,29,2,64.0,59.0,47.0,320.0,4.087236044257991,10,0.5994720458984375,0.1238049854951746,0.2626529339306296,0.1527661360798914,0.1254901960784313,0.2196078431372549,0.4666666666666667,0.001556396484375,0.1789162609623927,0.3676015295447296,0.2187998823823657,0.1764705882352941,0.2941176470588235,0.6941176470588235,0.0189361572265625,0.1824404787549785,0.3800247404382912,0.2277031811472951,0.1843137254901961,0.3058823529411765,0.7607843137254902,0.0233657836914062,0.1049485956140999,0.1425124452956118,0.3254901960784314,0.8202979161110899,0.0124232108935615,0.38234218446417
ISPY2-327133,0,384.0,144.0,6.0,0.0,2.0,5.0,1.2000000477,1.09375,12.0,134.0,70.0,226.0,32.0,187.0,433.37869886742754,38.0,0.0,1.0,0.0,0.0,0.0,TripleNeg,1.0,0.0,0.0,spy2,0,train,10,45,65,3,123.0,157.0,156.0,420.0,6.073916731661051,10,0.5045989990234375,0.1525673241708793,0.2779432691189243,0.1514288667919047,0.1215686274509803,0.2392156862745098,0.4784313725490196,0.000836181640625,0.2375937308517156,0.4253895677766218,0.2412070643134384,0.1725490196078431,0.3490196078431372,0.8117647058823529,0.0171829223632812,0.254057066674326,0.4554349127181442,0.2665255192122411,0.1764705882352941,0.3607843137254902,0.8980392156862745,0.0286819458007812,0.1474462986576974,0.1553653435849089,0.3843137254901961,0.8744679147185107,0.0300453449415224,0.3933765777753137
ISPY2-541165,0,256.0,134.0,6.0,0.0,2.0,5.0,1.2,0.7031,14.0,39.0,121.0,190.0,99.0,169.0,7.449057663323999,49.0,0.0,0.0,0.0,0.0,0.0,TripleNeg,1.0,0.0,0.0,spy2,0,train,10,10,19,2,26.0,70.0,71.0,179.9936,2.134054916017107,10,0.5854949951171875,0.1356012082567401,0.3048467354547193,0.1734966579782722,0.1294117647058823,0.2549019607843137,0.5764705882352941,0.000103759765625,0.1760441918466605,0.3948267197915426,0.2282059746951271,0.1607843137254902,0.3333333333333333,0.7372549019607844,0.0158584594726562,0.1953278126436121,0.4381384061815412,0.2399557186165168,0.1764705882352941,0.3803921568627451,0.8235294117647058,0.022503662109375,0.0899799843368232,0.1009119614488132,0.2039215686274509,0.8671857169151481,0.0433116863899986,0.2251610528253267
ISPY2-802778,0,256.0,66.0,7.0,0.0,2.0,5.0,2.4,0.625,12.0,26.0,120.0,184.0,83.0,164.0,8.5040625,64.0,1.0,1.0,0.0,1.0,0.0,HRposHER2neg,0.0,0.0,1.0,spy2,0,train,10,6,15,2,15.0,65.0,82.0,160.0,2.2517193387771175,10,0.5634902954101563,0.0908609547334558,0.1977038745557544,0.0719817821880848,0.1294117647058823,0.1725490196078431,0.3098039215686274,0.0,0.1472204111136642,0.3204132718732035,0.2310121134151005,0.1647058823529411,0.2235294117647059,0.7254901960784313,0.02353515625,0.1487157664579503,0.3240219879597969,0.2057067276174155,0.1764705882352941,0.2392156862745098,0.6431372549019608,0.0087982177734375,0.1227093973174491,0.1889633737295979,0.4509803921568627,0.9011539093441838,0.0036087160865933,0.3133033407790374
ISPY2-794428,0,256.0,80.0,8.0,0.0,2.0,5.0,2.0,0.6641,23.0,56.0,52.0,226.0,76.0,190.0,18.14039701292,56.0,1.0,1.0,0.0,0.0,0.0,TripleNeg,1.0,0.0,0.0,spy2,0,train,10,17,26,2,34.0,175.0,115.0,170.0096,2.9518011283864865,10,0.4679031372070312,0.1427400237438725,0.2435688450566266,0.1581074284565608,0.1176470588235294,0.1764705882352941,0.5215686274509804,0.0005569458007812,0.1958441880170036,0.3286312970336752,0.2295272154975321,0.1450980392156863,0.2392156862745098,0.6784313725490196,0.0251174926757812,0.2157769356521905,0.3612919252842298,0.2443043298519233,0.1607843137254902,0.2627450980392157,0.7686274509803922,0.0319244384765625,0.0850624519770485,0.1056737421287794,0.2,0.8766385156933312,0.0326606282505546,0.2322469638530031
ISPY2-625800,0,256.0,80.0,8.0,0.0,2.0,6.0,2.0,0.7227,3.0,56.0,52.0,221.0,48.0,217.0,79.75240160184,50.0,0.0,1.0,0.0,1.0,1.0,HER2pos,0.0,1.0,0.0,spy2,0,train,10,23,32,1,54.0,170.0,170.0,185.0112,4.391387702859762,10,0.5232101440429687,0.108297944910386,0.2077209353285493,0.0984495299797717,0.1137254901960784,0.1725490196078431,0.3607843137254902,0.0,0.1958630071901807,0.3753965993426548,0.2468847449952083,0.1647058823529411,0.2745098039215686,0.8156862745098039,0.0327224731445312,0.218797565535003,0.4179528271949675,0.2434559755123509,0.188235294117647,0.3254901960784314,0.8352941176470589,0.0261672973632812,0.1676756640141055,0.1846053334136967,0.5058823529411764,0.9436104061522904,0.0425562278523127,0.2051275486528263
ISPY2-613188,0,256.0,66.0,6.0,0.0,2.0,5.0,2.4,0.6445,15.0,29.0,25.0,104.0,129.0,202.0,14.7154268886,53.0,1.0,1.0,0.0,0.0,0.0,TripleNeg,1.0,0.0,0.0,spy2,0,train,10,5,14,0,15.0,80.0,74.0,164.992,2.7546428342840215,10,0.3514358520507812,0.2199839872472426,0.3329599178269991,0.1421801795327654,0.2039215686274509,0.2862745098039215,0.5529411764705883,0.000946044921875,0.2527682554955576,0.382267353526815,0.184208798954895,0.2274509803921568,0.3215686274509804,0.6352941176470588,0.019366455078125,0.2783625464345894,0.4211886382152892,0.1892923109714376,0.2588235294117647,0.3568627450980392,0.7058823529411765,0.022222900390625,0.0493074356998159,0.0902768765581979,0.1058823529411764,0.7849582277557801,0.0389212846884741,0.1536150460071098
ISPY2-159284,0,256.0,64.0,7.0,0.0,2.0,5.0,2.5,0.6055,1.0,57.0,40.0,233.0,25.0,212.0,153.26977601250002,35.0,1.0,1.0,0.0,0.0,0.0,TripleNeg,1.0,0.0,0.0,spy2,0,train,10,33,42,2,57.0,194.0,188.0,155.008,5.03870286210408,10,0.5456771850585938,0.1233251893286611,0.2406893252187439,0.1217632061402164,0.1137254901960784,0.2156862745098039,0.388235294117647,8.697509765625e-05,0.224378267176011,0.436219320454172,0.255605488020744,0.1764705882352941,0.3725490196078431,0.8901960784313725,0.030352783203125,0.2373524684532016,0.4642077524556314,0.2600982787398566,0.188235294117647,0.396078431372549,0.9176470588235294,0.0331192016601562,0.1955299952354281,0.1753829087765054,0.4980392156862745,0.9739743740449042,0.0279884320014593,0.2811096743857999
ACRIN-6698-641977,0,256.0,80.0,8.0,0.0,2.0,6.0,2.0,0.6836,52.0,72.0,59.0,119.0,110.0,163.0,12.03133648416,57.0,1.0,0.0,0.0,1.0,0.0,HRposHER2neg,0.0,0.0,1.0,spy2,0,train,10,6,15,3,21.0,61.0,54.0,175.0016,2.567356955651201,10,0.6093765258789062,0.1123274500229779,0.2627217523597863,0.1519791305442711,0.1137254901960784,0.2,0.5098039215686274,2.13623046875e-05,0.1639192947686887,0.3759855220022688,0.2470496291425555,0.1372549019607843,0.2862745098039215,0.7450980392156863,0.0188247680664062,0.1710103173349418,0.3908266032595562,0.2443624843458505,0.1450980392156863,0.3098039215686274,0.7450980392156863,0.014520263671875,0.1132637696424825,0.1569656885588062,0.3215686274509804,0.8385735881780788,0.0148410812572873,0.3919937187254638
ACRIN-6698-326433,1,384.0,160.0,7.0,0.0,2.0,5.0,1.0,0.78125,71.0,102.0,186.0,213.0,273.0,301.0,2.6544189453125,39.0,0.0,1.0,0.0,0.0,0.0,TripleNeg,1.0,0.0,0.0,spy2,0,train,10,12,24,4,32.0,28.0,29.0,300.0,1.2959371052731332,10,0.7027175903320313,0.1136142027611826,0.3059204762556061,0.1946502290788453,0.1137254901960784,0.2352941176470588,0.6039215686274509,0.00103759765625,0.2026097196691176,0.5283195136318526,0.2657788831057602,0.1725490196078431,0.5294117647058824,0.9176470588235294,0.0187942504882812,0.1905939917470894,0.497820399133389,0.2571412221507352,0.1529411764705882,0.4980392156862745,0.8509803921568627,0.0115280151367187,0.2223990373762464,0.2297215050737055,0.5764705882352941,0.8612820604946952,-0.0304991144984635,0.5469827077355808
ISPY2-539876,0,256.0,80.0,8.0,0.0,2.0,5.0,2.0,0.5469,36.0,55.0,50.0,137.0,113.0,174.0,7.489454234400002,59.0,1.0,1.0,0.0,1.0,0.0,HRposHER2neg,0.0,0.0,1.0,spy2,0,train,10,7,16,0,20.0,88.0,62.0,140.0064,2.1388247149118813,10,0.7213424682617188,0.094905215992647,0.2919430802311999,0.176373220959349,0.1176470588235294,0.2196078431372549,0.5529411764705883,6.103515625e-06,0.1317922315410539,0.4088728708583328,0.2807136007491254,0.1137254901960784,0.3137254901960784,0.8588235294117647,0.01904296875,0.1470936554553462,0.4556209254116878,0.2883097009759665,0.1372549019607843,0.3647058823529411,0.9176470588235294,0.0219100952148437,0.1169297906271329,0.1571400062849377,0.3764705882352941,0.7712749355222017,0.0467480545533549,0.2294971553107254
ISPY2-109623,0,256.0,80.0,8.0,0.0,2.0,6.0,2.0,0.5664,34.0,61.0,66.0,200.0,68.0,135.0,3.825967656960001,44.0,0.0,1.0,0.0,1.0,0.0,HRposHER2neg,0.0,0.0,1.0,spy2,0,train,10,11,20,1,28.0,135.0,68.0,144.9984,1.5740112653486382,10,0.5769088745117188,0.1409999054553462,0.3094321973064806,0.1311251708672131,0.1333333333333333,0.3137254901960784,0.4705882352941176,0.0,0.2079584817325367,0.4553733093550465,0.234883387968112,0.188235294117647,0.4156862745098039,0.8392156862745098,0.0182754516601562,0.2212451411228554,0.4788133223045093,0.203647702330711,0.2274509803921568,0.4666666666666667,0.7725490196078432,0.0069442749023437,0.1459411120485658,0.1786093952863848,0.4470588235294118,0.8552314111880899,0.0234400129494629,0.3471835024181595
ISPY2-153327,1,256.0,80.0,8.0,0.0,2.0,6.0,2.0,0.6445,58.0,74.0,59.0,112.0,83.0,126.0,7.707795919,56.0,1.0,1.0,0.0,0.0,0.0,TripleNeg,1.0,0.0,0.0,spy2,0,train,10,4,13,1,17.0,54.0,44.0,164.992,2.1642187070618437,10,0.6718917846679687,0.0895324527516084,0.2370624518589786,0.1697244847334569,0.1137254901960784,0.1686274509803921,0.5058823529411764,0.0002182006835937,0.1194923789828431,0.3059605366499129,0.2396793276020627,0.1254901960784313,0.2117647058823529,0.6980392156862745,0.01685791015625,0.1299582746917126,0.3332602560949599,0.2488025639552865,0.1333333333333333,0.2313725490196078,0.7607843137254902,0.0191497802734375,0.0688980847909342,0.1170361434227196,0.2235294117647059,0.7610182812550865,0.027299719445047,0.3032846732301224
ISPY2-622315,0,256.0,66.0,7.0,0.0,2.0,6.0,2.4,0.5859,14.0,58.0,30.0,186.0,52.0,218.0,214.37157513794395,48.0,0.0,1.0,0.0,0.0,0.0,TripleNeg,1.0,0.0,0.0,spy2,1,test,10,20,29,-1,45.0,157.0,167.0,149.9904,5.3723647928664935,10,0.4049957275390625,0.1499920773973652,0.2434741677520467,0.0734937147248566,0.1490196078431372,0.2431372549019607,0.3372549019607843,0.0,0.2564503449084712,0.4157442217902491,0.2403946473332585,0.1803921568627451,0.3450980392156862,0.8274509803921568,0.0214141845703125,0.2878734094956341,0.4675895289002759,0.2333471540477512,0.2117647058823529,0.4156862745098039,0.8392156862745098,0.0162017822265625,0.1722700540382023,0.1987955632110913,0.5137254901960784,0.8909914807843218,0.0518453071100267,0.2215508973129337
ISPY2-597873,0,256.0,64.0,7.0,0.0,2.0,5.0,2.5,0.6055,6.0,60.0,34.0,224.0,70.0,222.0,308.23979980937503,36.0,0.0,0.0,1.0,0.0,0.0,TripleNeg,1.0,0.0,0.0,spy2,0,train,10,29,40,0,55.0,191.0,153.0,155.008,5.734117027088771,10,0.4985031127929687,0.1358296712239583,0.2494690905958228,0.1015437557488247,0.1294117647058823,0.2509803921568627,0.3450980392156862,0.000311279296875,0.2609908758425245,0.4717970617677396,0.2325135457144925,0.2,0.4196078431372549,0.8235294117647058,0.0173904418945312,0.2901949893727022,0.531776046013441,0.2394085315303931,0.2431372549019607,0.4823529411764706,0.8901960784313725,0.0273941040039062,0.2223279711719167,0.1788628191210103,0.4901960784313725,0.9433215379981196,0.0599789842457014,0.1728802626414451
ISPY2-111646,0,256.0,80.0,8.0,0.0,2.0,6.0,2.0,0.6445,25.0,64.0,82.0,182.0,111.0,195.0,12.81032691,66.0,,1.0,0.0,1.0,0.0,HRposHER2neg,0.0,0.0,1.0,spy2,0,train,10,10,27,2,40.0,101.0,85.0,164.992,2.6254166391178524,10,0.6279205322265625,0.0948814661362591,0.2196459739215026,0.1562126406760028,0.1098039215686274,0.1686274509803921,0.396078431372549,0.0021209716796875,0.1446899294385722,0.3170460044454287,0.2020335091151954,0.1529411764705882,0.2588235294117647,0.5803921568627451,0.0123214721679687,0.1626786056219362,0.3546933109341109,0.2204455275476943,0.1686274509803921,0.2862745098039215,0.6823529411764706,0.01842041015625,0.0974000305239259,0.1073699303785378,0.2078431372549019,0.8782633301345931,0.0376473064886822,0.2752885017593071
ISPY2-574091,1,256.0,80.0,8.0,0.0,2.0,6.0,2.0,0.625,13.0,24.0,100.0,153.0,87.0,133.0,2.35,57.0,1.0,1.0,0.0,0.0,0.0,TripleNeg,1.0,0.0,0.0,spy2,0,train,10,3,12,4,12.0,54.0,47.0,160.0,1.208960345836975,10,0.7175750732421875,0.0863538196040134,0.2295443763977037,0.1264232362032099,0.1058823529411764,0.188235294117647,0.4078431372549019,0.00015869140625,0.1368730971392463,0.358202909236524,0.2707357050162756,0.1137254901960784,0.2549019607843137,0.8862745098039215,0.0213088989257812,0.1492969707414216,0.3702805736266088,0.2497128723609622,0.1215686274509803,0.2862745098039215,0.7843137254901961,0.006744384765625,0.1286585328388203,0.2021565544590505,0.5058823529411764,0.7914690150737479,0.0120776643900847,0.3705062402074666
ISPY2-515284,0,384.0,160.0,7.0,0.0,2.0,5.0,1.0,0.9114583135,36.0,78.0,175.0,222.0,31.0,83.0,15.634002005155084,36.0,0.0,1.0,0.0,0.0,0.0,TripleNeg,1.0,0.0,0.0,spy2,0,train,10,21,32,2,43.0,48.0,53.0,349.999992384,2.811448913992063,10,0.620916748046875,0.1180993053959865,0.2453125734990256,0.1536155328207162,0.1137254901960784,0.2,0.4509803921568627,0.0002182006835937,0.189839417700674,0.3527280944096069,0.215825021804304,0.1607843137254902,0.2862745098039215,0.6941176470588235,0.012677001953125,0.1979584218941482,0.3798044645735091,0.2367624596517967,0.1686274509803921,0.2980392156862745,0.792156862745098,0.0216888427734375,0.1074155209105813,0.1159146184789934,0.2509803921568627,0.9279653512373408,0.0270763701639022,0.2505595002334605
ISPY2-769972,0,320.0,76.0,7.0,0.0,2.0,6.0,2.4,0.5469,16.0,34.0,185.0,269.0,158.0,244.0,23.192662318776005,45.0,0.0,1.0,0.0,1.0,0.0,HRposHER2neg,0.0,0.0,1.0,spy2,0,train,10,7,16,3,19.0,85.0,87.0,175.008,3.1860493772172704,10,0.4516128540039062,0.1498634547813266,0.2597639328971597,0.1038032377927888,0.1411764705882353,0.2392156862745098,0.4274509803921568,0.0002578735351562,0.2067382872338388,0.3566423068304928,0.2252819503809847,0.1725490196078431,0.2784313725490196,0.7215686274509804,0.0244659423828125,0.2197933421415441,0.379628653941327,0.2443627326730641,0.1647058823529411,0.2901960784313726,0.8235294117647058,0.0236053466796875,0.096878373933333,0.1519546963113085,0.3215686274509804,0.7784001268813076,0.0229863471108341,0.3560912766318578
ISPY2-494296,0,256.0,80.0,8.0,0.0,2.0,6.0,2.0,0.5664,32.0,75.0,55.0,191.0,91.0,185.0,29.831383572480004,50.0,0.0,1.0,0.0,1.0,0.0,HRposHER2neg,0.0,0.0,1.0,spy2,0,train,10,20,30,1,44.0,137.0,95.0,144.9984,3.428533118363687,10,0.7279891967773438,0.0851361622529871,0.2749048755900419,0.1162801125393222,0.1254901960784313,0.2705882352941176,0.4235294117647059,0.0,0.1366567155426623,0.4366730517411014,0.2335999950075198,0.1764705882352941,0.396078431372549,0.807843137254902,0.0144638061523437,0.1464070099475337,0.4682854067776382,0.2308367776534186,0.196078431372549,0.4392156862745098,0.8196078431372549,0.01199951171875,0.1617681761510595,0.1634739464215251,0.4117647058823529,0.9158780467281856,0.0316123550365368,0.3142007685187782
ISPY2-918979,0,256.0,160.0,7.0,0.0,2.0,6.0,1.0,0.5733944774,84.0,110.0,89.0,131.0,111.0,145.0,1.4032382756103123,60.0,1.0,1.0,0.0,0.0,0.0,TripleNeg,1.0,0.0,0.0,spy2,1,test,10,7,17,-1,27.0,43.0,35.0,146.7889862144,0.8768171093958963,10,0.6595626831054687,0.0939430865119485,0.2406013977692606,0.1251892131010809,0.1176470588235294,0.2039215686274509,0.4078431372549019,6.103515625e-06,0.1619102268592984,0.3561372402252341,0.2386494468995119,0.1019607843137254,0.3058823529411765,0.7254901960784313,0.006451416015625,0.1790989774816176,0.3983566108854381,0.2639285762064671,0.1098039215686274,0.3450980392156862,0.8196078431372549,0.017230224609375,0.1155358424559735,0.2205673933392346,0.4588235294117647,0.6740920357314137,0.0422193706602039,0.38655545047488
ISPY2-196024,0,256.0,72.0,7.0,0.0,2.0,6.0,2.2,0.7031,17.0,64.0,52.0,200.0,56.0,189.0,169.605320125758,67.0,1.0,1.0,0.0,0.0,0.0,TripleNeg,1.0,0.0,0.0,spy2,0,train,10,25,34,1,48.0,149.0,134.0,179.9936,5.139352819364766,10,0.5250808715820312,0.1313556805778952,0.2586997247532396,0.1162806691571763,0.1294117647058823,0.2196078431372549,0.4431372549019607,0.0,0.2182484346277573,0.4268941240225073,0.301726024551714,0.1647058823529411,0.2784313725490196,0.984313725490196,0.0427810668945312,0.2181520349839154,0.4285326268933176,0.2882744737761087,0.1686274509803921,0.2862745098039215,0.9176470588235294,0.0255126953125,0.1681943992692677,0.2069097497060664,0.5372549019607843,0.8828600161288768,0.0016385028708102,0.426480274255164
ISPY2-221375,0,256.0,64.0,7.0,0.0,2.0,5.0,2.5,0.6055,8.0,40.0,25.0,188.0,91.0,197.0,54.44459212500001,46.0,0.0,1.0,0.0,1.0,0.0,HRposHER2neg,0.0,0.0,1.0,spy2,0,train,10,13,26,4,33.0,164.0,107.0,155.008,4.015384181988907,10,0.6201919555664063,0.1154742491479013,0.2801425755689824,0.1445508643323856,0.1215686274509803,0.2470588235294117,0.4666666666666667,0.0002197265625,0.1715293375651041,0.4174765671421575,0.2313276413566362,0.1607843137254902,0.3686274509803922,0.7607843137254902,0.0114547729492187,0.1953533815870098,0.4721904458960487,0.2519772936565614,0.188235294117647,0.4156862745098039,0.8901960784313725,0.0232559204101562,0.137333991573175,0.1336453256543952,0.3294117647058823,0.9225104555443512,0.0547138787538911,0.1523235212586024
ACRIN-6698-845783,1,256.0,72.0,7.0,0.0,2.0,6.0,2.2,0.7031,54.0,71.0,82.0,135.0,81.0,138.0,8.576570253812001,34.0,0.0,0.0,1.0,1.0,0.0,HRposHER2neg,0.0,0.0,1.0,spy2,0,train,10,5,14,2,18.0,54.0,58.0,179.9936,2.259319516797159,10,0.6544219970703125,0.1019925884172028,0.2816320123895512,0.1211572342779936,0.1529411764705882,0.2431372549019607,0.4588235294117647,0.0,0.1543818634631587,0.4155967882609556,0.2261813937567503,0.192156862745098,0.3490196078431372,0.7607843137254902,0.0118621826171875,0.1612885957605698,0.4390598125879517,0.2370751416550472,0.2,0.3725490196078431,0.8156862745098039,0.0132614135742187,0.1339647758714043,0.1910489755763324,0.4196078431372549,0.826627751922924,0.023463024326996,0.3982020328685346
ISPY2-483910,0,256.0,248.0,7.0,0.0,2.0,6.0,0.899998,1.25,42.0,123.0,79.0,129.0,44.0,77.0,35.64273329375,50.0,0.0,0.0,0.0,0.0,0.0,TripleNeg,1.0,0.0,0.0,spy2,0,train,10,26,57,2,82.0,51.0,34.0,320.0,3.6012151356521382,10,0.7032379150390625,0.0806530163334865,0.2512664957183268,0.1068276786194942,0.1294117647058823,0.2274509803921568,0.403921568627451,0.0,0.1406439448337929,0.4361614213674939,0.2408889349199446,0.1764705882352941,0.3803921568627451,0.8156862745098039,0.0162994384765625,0.1442352175245098,0.4475985670020504,0.2273233385471673,0.192156862745098,0.4,0.788235294117647,0.0087478637695312,0.1848949256491671,0.1906605060809636,0.5137254901960784,0.9347665127567024,0.0114371456345564,0.387503470686836
ISPY2-767081,1,256.0,64.0,9.0,0.0,2.0,5.0,2.5000000002,0.961538434,33.0,48.0,115.0,159.0,108.0,149.0,19.665309526031827,61.0,1.0,1.0,0.0,0.0,1.0,HER2pos,0.0,1.0,0.0,spy2,1,test,10,4,13,-1,16.0,45.0,42.0,246.153839104,3.028456426125504,10,0.538800048828125,0.1717092656154258,0.3522565250707564,0.1359523018289026,0.1803921568627451,0.3490196078431372,0.5176470588235295,0.0008193969726562,0.2328269150677849,0.471334995626296,0.1918290023304025,0.2588235294117647,0.4431372549019607,0.7137254901960784,0.0189804077148437,0.2339211018880208,0.476060529157205,0.1873037565325387,0.2549019607843137,0.4549019607843137,0.6941176470588235,0.0171859741210937,0.1190784705555395,0.1599696126146303,0.2549019607843137,0.9410491907415004,0.004725533530909,0.3518388629355637
ISPY2-425173,1,256.0,80.0,8.0,0.0,2.0,6.0,2.0,0.5859,16.0,39.0,111.0,182.0,104.0,169.0,14.7129297966,55.0,1.0,1.0,0.0,1.0,0.0,HRposHER2neg,0.0,0.0,1.0,spy2,0,train,10,10,19,2,24.0,72.0,66.0,149.9904,2.754483927343371,10,0.5377944946289063,0.1395966832778033,0.2788885054634245,0.1127183909952227,0.1294117647058823,0.2784313725490196,0.4274509803921568,0.0,0.2458842438342524,0.4893017239710803,0.2640756745037109,0.188235294117647,0.4274509803921568,0.9372549019607844,0.0333984375,0.2407519471411611,0.4765729349998036,0.2229556356377122,0.2117647058823529,0.4431372549019607,0.8196078431372549,0.0063018798828125,0.2104132185076558,0.2072969790628863,0.5568627450980392,0.9074546649015718,-0.0127287889712768,0.4469893797187952
ISPY2-464547,1,384.0,64.0,8.0,0.0,2.0,6.0,2.5000000002,0.9375,24.0,56.0,195.0,263.0,269.0,326.0,19.74902343907992,41.0,0.0,1.0,0.0,1.0,1.0,HER2pos,0.0,1.0,0.0,spy2,0,train,10,16,25,0,33.0,69.0,58.0,360.0,3.0324991823923297,10,0.72601318359375,0.0924856986251531,0.2854917248699435,0.157715227744309,0.1215686274509803,0.2313725490196078,0.5333333333333333,3.0517578125e-06,0.1665201164694393,0.4988517465351033,0.2655735518270611,0.1647058823529411,0.4666666666666667,0.9372549019607844,0.0223480224609375,0.1678181846469056,0.4968005451233735,0.253929144697179,0.1607843137254902,0.4862745098039215,0.8666666666666667,0.0156539916992187,0.2133600216651597,0.234598943004952,0.596078431372549,0.8631153931833371,-0.0020512014117297,0.4563377144130096
ISPY2-847272,0,256.0,72.0,7.0,0.0,2.0,6.0,2.2,0.7031,30.0,70.0,21.0,179.0,23.0,131.0,173.082278672732,51.0,0.0,0.0,1.0,0.0,0.0,TripleNeg,1.0,0.0,0.0,spy2,0,train,10,18,27,4,41.0,159.0,109.0,179.9936,5.159528053383906,10,0.5835311889648438,0.0989807248583027,0.212257572619466,0.0934908550340272,0.1176470588235294,0.1764705882352941,0.3529411764705882,0.0,0.2073318541283701,0.4247440855237224,0.2896707539769713,0.1607843137254902,0.2980392156862745,0.9607843137254902,0.0334274291992187,0.2091303926355698,0.433296903178188,0.2823471293155597,0.1647058823529411,0.3176470588235294,0.9176470588235294,0.0190185546875,0.2124865129042563,0.218115887723605,0.596078431372549,0.9346772332076632,0.0085528176544655,0.4128864902889678
ACRIN-6698-884011,0,256.0,80.0,8.0,0.0,2.0,6.0,2.0,0.6445,37.0,55.0,130.0,182.0,132.0,188.0,7.851517485499999,66.0,1.0,1.0,0.0,1.0,0.0,HRposHER2neg,0.0,0.0,1.0,spy2,0,train,10,6,15,1,19.0,53.0,57.0,164.992,2.1805889116091386,10,0.718536376953125,0.0975008975758272,0.2696258501232001,0.1158813715042742,0.1137254901960784,0.2823529411764706,0.4156862745098039,0.0,0.1763598333620557,0.5010216997999459,0.2991630245206902,0.1450980392156863,0.4392156862745098,0.9686274509803922,0.0236572265625,0.1780666575712316,0.4935411896516169,0.2709246260379819,0.1529411764705882,0.4588235294117647,0.8941176470588236,0.0120452880859375,0.2313958496767459,0.2268738544810409,0.592156862745098,0.8882467743684268,-0.007480510148329,0.4772633633308034
ISPY2-213328,1,312.0,80.0,8.0,0.0,2.0,6.0,2.0,0.6055,52.0,72.0,11.0,93.0,191.0,242.0,6.388165476000001,32.0,0.0,1.0,0.0,0.0,0.0,TripleNeg,1.0,0.0,0.0,spy2,0,train,10,6,15,1,21.0,83.0,52.0,188.91600000000003,1.999879460028773,10,0.64613037109375,0.1120685113645067,0.2770907017469101,0.185202866143621,0.1098039215686274,0.196078431372549,0.5686274509803921,0.0005462646484375,0.1487000828163296,0.3587128890674556,0.2443947190110074,0.1372549019607843,0.2627450980392157,0.7294117647058823,0.01661376953125,0.1740555048923866,0.4163178866358368,0.2651857362807699,0.1607843137254902,0.3098039215686274,0.8745098039215686,0.026605224609375,0.0816221873205455,0.1055282806899323,0.2,0.8604600020697506,0.0576049975683812,0.1807064748697782
ACRIN-6698-949444,0,256.0,80.0,8.0,0.0,2.0,6.0,2.0,0.625,10.0,71.0,65.0,174.0,66.0,194.0,84.50859375,34.0,0.0,0.0,0.0,0.0,0.0,TripleNeg,1.0,0.0,0.0,spy2,0,train,10,37,47,4,62.0,110.0,129.0,160.0,4.448616882587659,10,0.6396942138671875,0.1076858460669424,0.2696578903445509,0.1051084903620861,0.1294117647058823,0.2745098039215686,0.4,0.0,0.2076374547621783,0.5265069341165509,0.2638304277074564,0.1803921568627451,0.5019607843137255,0.9176470588235294,0.0226425170898437,0.2050669232536764,0.5192368942664517,0.2383761290584901,0.2039215686274509,0.5058823529411764,0.8588235294117647,0.0135177612304687,0.2568490437719999,0.2123211472563484,0.5725490196078431,0.9225892516833948,-0.0072700398500991,0.4116927116418922
ISPY2-797639,0,320.0,90.0,8.0,0.0,2.0,5.0,2.0,0.5664,36.0,72.0,138.0,241.0,162.0,243.0,22.189714145280004,57.0,1.0,1.0,0.0,1.0,0.0,HRposHER2neg,0.0,0.0,1.0,spy2,1,test,10,11,20,-1,37.0,104.0,82.0,181.248,3.143708824554123,10,0.634136962890625,0.1099785419538909,0.2585846096275122,0.1443249628914941,0.1137254901960784,0.2,0.4862745098039215,0.0,0.1611476045496323,0.3694626561900472,0.2622667828293665,0.1176470588235294,0.2705882352941176,0.7686274509803922,0.0205551147460937,0.1825976502661611,0.4271127996433213,0.2783324535895083,0.1372549019607843,0.3372549019607843,0.9058823529411764,0.0251541137695312,0.110878046562535,0.1759321474498117,0.392156862745098,0.7382304856280133,0.057650143453274,0.2576822981832741
ACRIN-6698-264305,1,256.0,160.0,7.0,0.0,2.0,6.0,1.0,0.64453125,70.0,135.0,55.0,157.0,79.0,168.0,24.086913299560543,42.0,0.0,1.0,0.0,0.0,0.0,TripleNeg,1.0,0.0,0.0,spy2,0,train,10,31,40,3,66.0,103.0,90.0,165.0,3.2223463276829984,10,0.6081390380859375,0.1270609956629136,0.2891341199070649,0.1529629851341176,0.1254901960784313,0.2470588235294117,0.5098039215686274,1.220703125e-05,0.1691934982000612,0.3814000432149808,0.2505233700637194,0.1411764705882353,0.3058823529411765,0.807843137254902,0.0216354370117187,0.19265754849303,0.4325325582123351,0.2663160000186296,0.1607843137254902,0.3568627450980392,0.9137254901960784,0.0286361694335937,0.0922659233079159,0.1512333753295066,0.3215686274509804,0.7404929714574977,0.0511325149973544,0.2617538257856002
ACRIN-6698-277888,1,256.0,134.0,6.0,0.0,2.0,5.0,1.2,0.7813,56.0,93.0,74.0,122.0,137.0,179.0,9.649428367644,48.0,0.0,1.0,0.0,1.0,0.0,HRposHER2neg,0.0,0.0,1.0,spy2,0,train,10,14,23,2,38.0,49.0,43.0,200.0128,2.3655062163152873,10,0.5848648071289062,0.1122088204178155,0.2425399307383605,0.1503680086959063,0.1137254901960784,0.1843137254901961,0.4745098039215686,9.1552734375e-05,0.1599413823146446,0.3403788612109955,0.2226205981181688,0.1490196078431372,0.2588235294117647,0.6627450980392157,0.0168045043945312,0.1770066025677849,0.376718757398535,0.2357906548627065,0.1647058823529411,0.2941176470588235,0.7568627450980392,0.0231048583984375,0.0978389304726349,0.106732619144883,0.2196078431372549,0.9082124360901704,0.0363398961875396,0.1929332544300401
ACRIN-6698-753109,1,256.0,80.0,8.0,0.0,2.0,6.0,2.0,0.6641,38.0,75.0,1.0,80.0,67.0,138.0,3.7610936916800006,65.0,1.0,1.0,0.0,0.0,0.0,TripleNeg,1.0,0.0,0.0,spy2,0,train,10,8,29,4,38.0,80.0,72.0,170.0096,1.5604774090105615,10,0.6279067993164062,0.1005387549306832,0.2404340895284525,0.1606213978829599,0.1137254901960784,0.1725490196078431,0.5215686274509804,0.0003829956054687,0.1413201186236213,0.3377884559331103,0.2362606409521774,0.1411764705882353,0.2352941176470588,0.7176470588235294,0.0130630493164062,0.1575870887905943,0.3765758098773741,0.2406106267688116,0.1647058823529411,0.2745098039215686,0.7843137254901961,0.0128555297851562,0.0973543664046578,0.1233494283617049,0.2627450980392157,0.8888560825080478,0.0387873539442637,0.2137417727748047
ACRIN-6698-220471,0,384.0,160.0,7.0,0.0,2.0,5.0,1.0,0.8333333135,60.0,86.0,135.0,172.0,267.0,301.0,3.813194262936391,50.0,1.0,1.0,0.0,0.0,1.0,HER2pos,0.0,1.0,0.0,spy2,0,train,10,13,22,2,27.0,38.0,35.0,319.999992384,1.57136095163742,10,0.7093841552734375,0.1007400153664981,0.2822265585186914,0.187921967518342,0.1176470588235294,0.2156862745098039,0.5568627450980392,0.0020660400390625,0.1597883635876225,0.4559193844188591,0.2855177347702459,0.1098039215686274,0.4352941176470588,0.9058823529411764,0.0203201293945312,0.1604911116057751,0.4540004393949033,0.2732185419508587,0.1215686274509803,0.4313725490196078,0.8823529411764706,0.0156723022460937,0.1736928259001675,0.2436819027057979,0.5568627450980392,0.727892763758939,-0.0019189450239556,0.4604637242856693
ISPY2-494946,1,256.0,80.0,9.0,0.0,2.0,6.0,2.0,0.703125,42.0,73.0,87.0,172.0,69.0,145.0,26.55439453125,51.0,1.0,1.0,0.0,0.0,0.0,TripleNeg,1.0,0.0,0.0,spy2,0,train,10,16,25,4,32.0,86.0,77.0,180.0,3.3161620339945306,10,0.5988739013671875,0.1002813601026348,0.2072845775432532,0.069186692746227,0.1215686274509803,0.2,0.3019607843137254,0.0,0.2106637094535079,0.410803982581613,0.24557716436648,0.1843137254901961,0.3333333333333333,0.8627450980392157,0.0299835205078125,0.1986281750248927,0.396271480039281,0.1945936622828443,0.2,0.3490196078431372,0.6901960784313725,0.003253173828125,0.2035194050383598,0.2464384171983622,0.6549019607843137,0.8476388645856315,-0.014532502542332,0.4641169802420858
ISPY2-326202,0,256.0,134.0,6.0,0.0,2.0,5.0,1.2,0.6641,62.0,100.0,98.0,180.0,115.0,199.0,19.70869546128,45.0,0.0,0.0,0.0,1.0,0.0,HRposHER2neg,0.0,0.0,1.0,spy2,0,train,10,12,21,2,39.0,83.0,85.0,170.0096,3.030553682659609,10,0.62137451171875,0.1067878214518229,0.2384536753089861,0.1320617034947437,0.1137254901960784,0.188235294117647,0.4627450980392157,0.0,0.1823771517884497,0.3956611396533336,0.2362626964107259,0.1686274509803921,0.3254901960784314,0.7607843137254902,0.0231246948242187,0.1991039201325061,0.4378232809711562,0.2502413696614974,0.1843137254901961,0.3647058823529411,0.8941176470588236,0.0299652099609375,0.1572074643443475,0.1496198039036208,0.4156862745098039,0.937292452526034,0.0421621413178225,0.2252555050456201
ACRIN-6698-266840,0,256.0,80.0,8.0,0.0,2.0,6.0,2.0,0.6055,20.0,59.0,46.0,169.0,41.0,132.0,18.231789072,37.0,0.0,1.0,0.0,1.0,1.0,HER2pos,0.0,1.0,0.0,spy2,0,train,10,19,28,0,40.0,124.0,92.0,155.008,2.9565645907385765,10,0.5879058837890625,0.1314047480564491,0.2959158591418201,0.1111995417502254,0.1450980392156863,0.2980392156862745,0.4392156862745098,0.0,0.2379712452607996,0.5406708645616206,0.2471822581285539,0.2235294117647059,0.5019607843137255,0.9372549019607844,0.0290313720703125,0.233456319173177,0.5317085258215554,0.2286704792161884,0.2392156862745098,0.5058823529411764,0.8705882352941177,0.0160263061523437,0.2447550054198004,0.2069847009661998,0.5607843137254902,0.907672085014996,-0.0089623387400652,0.5023549450142556
ISPY2-873686,0,256.0,160.0,7.0,0.0,2.0,6.0,1.0,0.64453125,91.0,141.0,93.0,184.0,57.0,130.0,8.022185897827148,60.0,1.0,1.0,0.0,1.0,0.0,HRposHER2neg,0.0,0.0,1.0,spy2,0,train,10,19,28,3,51.0,92.0,74.0,165.0,2.1996866437204057,10,0.6374374389648437,0.1094158576516544,0.2652326746387354,0.1676607142691535,0.1215686274509803,0.2156862745098039,0.4745098039215686,0.0027572631835937,0.1634005737304687,0.3666246384837703,0.2420053938138387,0.1333333333333333,0.2980392156862745,0.7294117647058823,0.0235336303710937,0.1683722701727175,0.3773565056912167,0.2422662295861326,0.1333333333333333,0.3176470588235294,0.7294117647058823,0.0236968994140625,0.1013919638450349,0.1669211956190759,0.3215686274509804,0.7303511230635203,0.0107318672074463,0.4118572949677832
ISPY2-916586,0,384.0,144.0,6.0,0.0,2.0,5.0,1.2000000477,0.9375,36.0,86.0,187.0,268.0,66.0,125.0,11.29886763662997,46.0,0.0,0.0,0.0,1.0,0.0,HRposHER2neg,0.0,0.0,1.0,spy2,0,train,10,21,34,2,51.0,82.0,60.0,360.0,2.509507196077796,10,0.6501754760742188,0.1251819565716911,0.3120321380435398,0.1961416249566573,0.1254901960784313,0.2470588235294117,0.5882352941176471,0.0028045654296875,0.1791741644167432,0.4286976800394721,0.233196799220461,0.1607843137254902,0.392156862745098,0.7450980392156863,0.0193161010742187,0.179238161573223,0.4345128178680844,0.2321677042300813,0.192156862745098,0.3803921568627451,0.803921568627451,0.0240280151367187,0.1166655419959322,0.1578292634267187,0.3686274509803922,0.7568535424690637,0.0058151378286123,0.3725491906604263
ISPY2-456506,0,256.0,134.0,6.0,0.0,2.0,5.0,1.2,0.7031,35.0,72.0,57.0,169.0,73.0,129.0,18.57370354692,47.0,0.0,1.0,0.0,1.0,0.0,HRposHER2neg,0.0,0.0,1.0,spy2,1,test,10,12,22,-1,38.0,113.0,57.0,179.9936,2.9741870096411596,10,0.5915390014648437,0.1019651166130514,0.2143435252160851,0.112602542450843,0.1098039215686274,0.1725490196078431,0.392156862745098,6.103515625e-06,0.1689168294270833,0.3484062973575056,0.2412708326818244,0.1450980392156863,0.2588235294117647,0.7372549019607844,0.0239822387695312,0.1948129392137714,0.4016753858131681,0.2400822393294182,0.1725490196078431,0.3215686274509804,0.788235294117647,0.0232650756835937,0.1340627721414204,0.1765108110218999,0.4196078431372549,0.8767338217110154,0.0532690884556625,0.1325493389717171
ISPY2-452703,0,384.0,160.0,7.0,0.0,2.0,5.0,1.0,0.9114583135,24.0,105.0,92.0,199.0,42.0,133.0,133.57896011546288,45.0,0.0,1.0,0.0,1.0,0.0,HRposHER2neg,0.0,0.0,1.0,spy2,0,train,10,35,52,0,82.0,108.0,92.0,349.999992384,4.902151090842691,10,0.721112060546875,0.0807236854702818,0.2238185322933147,0.0990964588523484,0.1137254901960784,0.2,0.3568627450980392,0.0,0.1665666228649663,0.4201113956185849,0.277692654887369,0.1607843137254902,0.3058823529411765,0.996078431372549,0.02763671875,0.1779531980028339,0.4562369788481781,0.2954496115017947,0.1647058823529411,0.3294117647058823,1.0,0.0353729248046875,0.1962928633252701,0.2196170114932008,0.6352941176470588,0.9234784321449676,0.0361255832295932,0.3385255947300462
ACRIN-6698-220925,0,256.0,80.0,8.0,0.0,2.0,6.0,2.0,0.6641,18.0,59.0,48.0,222.0,57.0,143.0,62.17535957618001,37.0,0.0,1.0,0.0,0.0,1.0,HER2pos,0.0,1.0,0.0,spy2,0,train,10,17,33,4,42.0,175.0,87.0,170.0096,4.145914345006061,10,0.67294921875,0.0987165982115502,0.2507281951299481,0.1250444476741771,0.1137254901960784,0.2313725490196078,0.396078431372549,0.0002243041992187,0.1662401326497395,0.4336386446934701,0.284045195473645,0.1411764705882353,0.3490196078431372,0.9647058823529412,0.0287796020507812,0.1732737462660845,0.4469338959829975,0.2569005985230014,0.1568627450980392,0.392156862745098,0.8588235294117647,0.0107803344726562,0.182910449563522,0.2036352540938931,0.5529411764705883,0.9050462824723798,0.0132952512895274,0.2970662884443117
ISPY2-120001,0,256.0,64.0,7.0,0.0,2.0,6.0,2.5,0.8999999762,26.0,44.0,58.0,181.0,151.0,199.0,0.7674749594091006,53.0,1.0,0.0,1.0,0.0,0.0,TripleNeg,1.0,0.0,0.0,spy2,0,train,10,3,20,2,19.0,124.0,49.0,230.3999939072,0.5695519514515164,10,0.357373046875,0.3871454455805759,0.5965999141849583,0.1904697620408856,0.3098039215686274,0.6392156862745098,0.807843137254902,0.0041061401367187,0.4394508571250766,0.6714289824660203,0.1760181207027078,0.4196078431372549,0.6980392156862745,0.8627450980392157,0.01151123046875,0.4430498908547794,0.6780008912994573,0.1810745660759495,0.4274509803921568,0.7058823529411765,0.8745098039215686,0.0112625122070312,0.0748290682810621,0.1294966641452385,0.2235294117647059,0.814924302864524,0.0065719088334368,0.342085517817795
ISPY2-131595,0,256.0,72.0,8.0,0.0,2.0,5.0,2.2,0.7031,7.0,27.0,129.0,197.0,71.0,142.0,8.381895377393999,43.0,0.0,1.0,0.0,1.0,0.0,HRposHER2neg,0.0,0.0,1.0,spy2,0,train,10,7,16,1,21.0,69.0,72.0,179.9936,2.238781808425841,10,0.6552169799804688,0.1163074029660692,0.2999990888427756,0.160721735891959,0.1294117647058823,0.2549019607843137,0.5294117647058824,0.0,0.1995694927140778,0.4680056859681874,0.2420013490877924,0.188235294117647,0.4156862745098039,0.8352941176470589,0.0098403930664062,0.1917371562882965,0.4631072353086094,0.2288513619340366,0.188235294117647,0.4313725490196078,0.8117647058823529,0.0033172607421875,0.1680065971254117,0.1975749858148788,0.4431372549019607,0.8165845714007532,-0.004898450659578,0.4831627256513407
ISPY2-167271,0,256.0,72.0,7.0,0.0,2.0,6.0,2.2,0.7031,48.0,62.0,69.0,126.0,146.0,189.0,3.048456305026,33.0,0.0,0.0,1.0,1.0,1.0,HER2pos,0.0,1.0,0.0,spy2,0,train,10,4,13,4,15.0,58.0,44.0,179.9936,1.3983356492059564,10,0.5738113403320313,0.1781774303959865,0.3930581269875434,0.1488195937702228,0.196078431372549,0.3725490196078431,0.6078431372549019,0.0,0.2428636259191176,0.5080174692869053,0.2051324516678304,0.2941176470588235,0.4509803921568627,0.803921568627451,0.0079483032226562,0.263521291695389,0.5561482315790405,0.2266088674486295,0.3215686274509804,0.4901960784313725,0.9137254901960784,0.025390625,0.1149593422993617,0.1344316245379843,0.2901960784313726,0.8511136491387613,0.0481307622921352,0.2581138317335405
ISPY2-166412,0,256.0,134.0,6.0,0.0,2.0,5.0,1.2,0.625,51.0,105.0,120.0,223.0,88.0,156.0,16.84125,37.0,0.0,1.0,0.0,1.0,1.0,HER2pos,0.0,1.0,0.0,spy2,0,train,10,24,33,2,55.0,104.0,69.0,160.0,2.881513191961841,10,0.5815750122070312,0.1198089719286152,0.2483540241809019,0.1139675357454753,0.1215686274509803,0.2235294117647059,0.4156862745098039,0.0,0.2379893104702818,0.4823564162864245,0.2540137297058166,0.1647058823529411,0.4588235294117647,0.8980392156862745,0.0258926391601562,0.238701680501302,0.4825918657114547,0.2561015709431455,0.1450980392156863,0.4666666666666667,0.8784313725490196,0.0187515258789062,0.2340023921055226,0.2106532972023703,0.5607843137254902,0.8840160601562984,0.0002354494250301,0.4695152414675861
ISPY2-884266,0,256.0,80.0,7.0,0.0,2.0,6.0,2.0,0.5859,21.0,59.0,61.0,191.0,59.0,175.0,56.65679447526,49.0,0.0,1.0,0.0,1.0,0.0,HRposHER2neg,0.0,0.0,1.0,spy2,0,train,10,16,25,4,39.0,131.0,117.0,149.9904,4.054508097103656,10,0.6984848022460938,0.0897059421913296,0.2412632666084586,0.1250013510500781,0.1098039215686274,0.196078431372549,0.4274509803921568,6.103515625e-06,0.1557364130955116,0.4182897581986119,0.2996550458728201,0.1254901960784313,0.3019607843137254,0.992156862745098,0.029547119140625,0.1779847807042739,0.4812249799085124,0.3125012640681333,0.1529411764705882,0.3686274509803922,1.0,0.0423812866210937,0.1770264915901533,0.2102770380391743,0.5450980392156862,0.8479714171486986,0.0629352217099004,0.2550290737395053
ISPY2-604199,0,384.0,80.0,8.0,0.0,2.0,6.0,2.5,0.9114583135,26.0,43.0,129.0,191.0,39.0,80.0,13.927628652767153,60.0,1.0,0.0,0.0,1.0,0.0,HRposHER2neg,0.0,0.0,1.0,spy2,0,train,10,6,15,2,18.0,63.0,42.0,349.999992384,2.7032137679091335,10,0.6045318603515625,0.1205226045496323,0.2671130319444715,0.1652516452332207,0.1254901960784313,0.2117647058823529,0.5137254901960784,0.0001922607421875,0.211572660558364,0.4609937422614257,0.2826845390112533,0.1529411764705882,0.3686274509803922,0.9450980392156862,0.0297592163085937,0.2035043394799326,0.4425032648972142,0.2473601492669155,0.1568627450980392,0.392156862745098,0.803921568627451,0.0147674560546875,0.1938807103169541,0.2541434750201695,0.6549019607843137,0.8311057436316914,-0.0184904773642115,0.4380917838980762
ACRIN-6698-689480,0,256.0,158.0,7.0,0.0,2.0,6.0,1.0,0.64453125,48.0,105.0,20.0,124.0,72.0,163.0,12.807415008544922,54.0,0.0,1.0,0.0,1.0,0.0,HRposHER2neg,0.0,0.0,1.0,spy2,0,train,10,30,39,2,58.0,105.0,92.0,165.0,2.6252057673185245,10,0.5211883544921875,0.1445594518324908,0.2709779251955854,0.145818733411699,0.1254901960784313,0.2274509803921568,0.4901960784313725,0.00042724609375,0.2139754830154718,0.367424226234596,0.2484828468278707,0.1098039215686274,0.3058823529411765,0.7529411764705882,0.0213653564453125,0.2345965695848652,0.3971217535370713,0.2585069584333453,0.1254901960784313,0.3333333333333333,0.8274509803921568,0.0275543212890625,0.0964463010390106,0.1844627626222648,0.3607843137254902,0.6718197288667087,0.0296975273024753,0.376489034207155
ISPY2-146033,1,256.0,80.0,8.0,0.0,2.0,5.0,2.0,0.6641,47.0,62.0,98.0,162.0,159.0,200.0,4.83455781522,53.0,0.0,1.0,0.0,1.0,1.0,HER2pos,0.0,1.0,0.0,spy2,0,train,10,3,12,3,16.0,65.0,42.0,170.0096,1.763798481413661,10,0.6470977783203125,0.0977461332433364,0.2260309424749673,0.0991959539408431,0.1137254901960784,0.2078431372549019,0.3725490196078431,0.0,0.175192278693704,0.40274556263585,0.2535762535450701,0.1450980392156863,0.3411764705882353,0.8745098039215686,0.0222152709960937,0.1788626996208639,0.4077603237526386,0.2205129706085697,0.1568627450980392,0.3725490196078431,0.7450980392156863,0.0050628662109375,0.1767146201608826,0.2205511641557874,0.6039215686274509,0.9026669203296466,0.0050147611167885,0.3530513062202198
ACRIN-6698-564701,0,384.0,160.0,7.0,0.0,2.0,5.0,1.0,0.8333333135,68.0,109.0,144.0,204.0,264.0,320.0,7.772221852264448,31.0,0.0,1.0,0.0,0.0,0.0,TripleNeg,1.0,0.0,0.0,spy2,1,test,10,20,29,-1,42.0,61.0,57.0,319.999992384,2.17159012119165,10,0.6988021850585937,0.0968671851064644,0.2617912926367752,0.1718556881067063,0.1137254901960784,0.2,0.5019607843137255,0.0008438110351562,0.1603065281288296,0.4376215935503603,0.285135774003365,0.1294117647058823,0.3607843137254902,0.9058823529411764,0.0214218139648437,0.1585104848824295,0.4206205536223497,0.2680702069438803,0.1254901960784313,0.3607843137254902,0.8313725490196079,0.0188796997070312,0.175830300913585,0.2231245359660472,0.5411764705882353,0.8147705339095105,-0.0170010399280106,0.4896222257121579
ISPY2-498024,0,256.0,72.0,8.0,0.0,2.0,6.0,2.2,0.5859,41.0,56.0,56.0,105.0,110.0,139.0,2.281499627022,57.0,1.0,1.0,0.0,0.0,0.0,TripleNeg,1.0,0.0,0.0,spy2,0,train,10,6,16,2,16.0,50.0,30.0,149.9904,1.188300521270808,10,0.7198944091796875,0.0941880170036764,0.3128465606431057,0.2073364029769109,0.1215686274509803,0.2196078431372549,0.6588235294117647,0.0002899169921875,0.124283130122166,0.4112289055732332,0.2454611721851312,0.1725490196078431,0.3137254901960784,0.8,0.0104293823242187,0.1420389152975643,0.4672483329007367,0.2620366845793577,0.192156862745098,0.3725490196078431,0.9019607843137256,0.0170578002929687,0.0983823449301276,0.0994542546484283,0.2235294117647059,0.9087051261099308,0.0560194273275034,0.212458462711772
ACRIN-6698-641697,0,256.0,160.0,7.0,0.0,2.0,5.0,1.0,0.625,58.0,93.0,95.0,155.0,55.0,111.0,13.788671875,26.0,0.0,1.0,0.0,1.0,0.0,HRposHER2neg,0.0,0.0,1.0,spy2,0,train,10,14,23,4,36.0,61.0,57.0,160.0,2.6938614738399758,10,0.524700927734375,0.1570068778243719,0.3230894923685447,0.1006086244366953,0.2,0.3137254901960784,0.4549019607843137,0.0,0.2405817906996783,0.4829090502560353,0.2001002754546727,0.2784313725490196,0.4392156862745098,0.8,0.0125534057617187,0.2587433399873621,0.521438551407105,0.1924920171741853,0.3058823529411765,0.4901960784313725,0.8,0.0124526977539062,0.1598195578874905,0.1797884777869033,0.4509803921568627,0.891775711735775,0.0385295011510697,0.2302177905050531
ISPY2-672734,0,256.0,80.0,8.0,0.0,2.0,6.0,2.0,0.6641,35.0,59.0,80.0,161.0,121.0,196.0,13.830663481600002,39.0,0.0,1.0,0.0,1.0,0.0,HRposHER2neg,0.0,0.0,1.0,spy2,0,train,10,11,20,4,25.0,82.0,76.0,170.0096,2.696696894299446,10,0.6517807006835937,0.1116647697897518,0.2794799641436354,0.1420732900969111,0.1176470588235294,0.2549019607843137,0.4784313725490196,0.0,0.1662609145220588,0.4025728737305561,0.2604994394404873,0.1333333333333333,0.3372549019607843,0.8549019607843137,0.0183074951171875,0.1740755387848498,0.4198703476061975,0.2593176964744088,0.1450980392156863,0.3607843137254902,0.8666666666666667,0.0148040771484375,0.1230929095869206,0.1810171184805632,0.403921568627451,0.7815686497903238,0.0172974738756415,0.3709012352711768
ACRIN-6698-522140,0,256.0,72.0,7.0,0.0,2.0,5.0,2.2,0.7031,26.0,53.0,84.0,152.0,78.0,145.0,9.698941608356,55.0,1.0,0.0,1.0,1.0,0.0,HRposHER2neg,0.0,0.0,1.0,spy2,0,train,10,7,22,0,28.0,69.0,68.0,179.9936,2.370144821468523,10,0.4290008544921875,0.2414023545209099,0.4114942380575864,0.1242412189603901,0.2823529411764706,0.396078431372549,0.5843137254901961,4.57763671875e-06,0.3063687911688112,0.5184324100287613,0.1739337852833636,0.3450980392156862,0.4980392156862745,0.7333333333333333,0.0200164794921875,0.3190909531537224,0.5406409109700907,0.1773950770926291,0.3529411764705882,0.5215686274509804,0.7725490196078432,0.0168106079101562,0.1069381719711748,0.1388825349057535,0.2784313725490196,0.8638331418187649,0.0222085009413294,0.3409395793805617
ACRIN-6698-413211,0,256.0,70.0,8.0,0.0,2.0,6.0,2.3,0.6445,13.0,49.0,74.0,226.0,57.0,177.0,40.78876210504999,66.0,1.0,1.0,0.0,1.0,1.0,HER2pos,0.0,1.0,0.0,spy2,1,test,10,14,23,-1,37.0,153.0,121.0,164.992,3.7326274542228126,10,0.5203369140625,0.1403621120078891,0.2645872317980992,0.1244027549023424,0.1176470588235294,0.2509803921568627,0.4313725490196078,3.0517578125e-05,0.236506425446155,0.4450417890472726,0.2591700603746707,0.1529411764705882,0.392156862745098,0.8549019607843137,0.0231674194335937,0.2417370066923253,0.4519518147259921,0.2401833089852655,0.1686274509803921,0.4156862745098039,0.807843137254902,0.014923095703125,0.1804545572491734,0.1870890994927113,0.4941176470588235,0.905599455387591,0.0069100256787195,0.3197021173716089
ISPY2-279902,1,256.0,72.0,7.0,0.0,2.0,6.0,2.2,0.7031,45.0,63.0,115.0,179.0,105.0,157.0,3.71404861993,42.0,0.0,1.0,0.0,1.0,0.0,HRposHER2neg,0.0,0.0,1.0,spy2,0,train,10,6,19,1,19.0,65.0,53.0,179.9936,1.5505471184043234,10,0.6302581787109375,0.1417576389686733,0.3649036973092925,0.1460292843939243,0.1843137254901961,0.3607843137254902,0.5254901960784314,0.0009170532226562,0.1761291922774969,0.4550393129510939,0.1809942754358637,0.2705882352941176,0.4274509803921568,0.6823529411764706,0.0113967895507812,0.193997288124234,0.4963811499161596,0.1836334065047073,0.3137254901960784,0.4627450980392157,0.7529411764705882,0.0155227661132812,0.0901356156418013,0.0971643320883266,0.2117647058823529,0.8397740122320625,0.0413418369650657,0.2891000932674133
ACRIN-6698-638126,0,256.0,72.0,8.0,0.0,2.0,6.0,2.2,0.7813,9.0,71.0,88.0,226.0,59.0,195.0,78.113757366788,58.0,,1.0,0.0,1.0,0.0,HRposHER2neg,0.0,0.0,1.0,spy2,0,train,10,36,47,1,63.0,139.0,137.0,200.0128,4.370886783377406,10,0.5114471435546875,0.1493608422372855,0.2777887030731312,0.165534979784782,0.1137254901960784,0.2235294117647059,0.5058823529411764,0.0018447875976562,0.2355194331150429,0.419735345743342,0.2582644317592962,0.1333333333333333,0.3607843137254902,0.8,0.0151275634765625,0.2518055755016851,0.4485288759108138,0.2632026057470507,0.1490196078431372,0.396078431372549,0.8549019607843137,0.0271881103515625,0.1419466426702108,0.1745436399169647,0.392156862745098,0.8109176770421453,0.0287935301674717,0.3912011443634478
ACRIN-6698-306401,1,256.0,72.0,8.0,0.0,2.0,6.0,2.2,0.7422,37.0,53.0,16.0,83.0,130.0,188.0,10.993089095208,58.0,1.0,1.0,0.0,1.0,0.0,HRposHER2neg,0.0,0.0,1.0,spy2,1,test,10,5,14,-1,17.0,68.0,59.0,190.0032,2.4843305751562013,10,0.6515304565429687,0.091490909352022,0.2208445540117848,0.1554073359071153,0.1098039215686274,0.1568627450980392,0.4627450980392157,0.00084228515625,0.1412940290862439,0.3315922532307183,0.2258886366429276,0.1568627450980392,0.2431372549019607,0.6862745098039216,0.0171066284179687,0.156758087756587,0.3705597902571326,0.2325476346359816,0.1764705882352941,0.2784313725490196,0.7529411764705882,0.0191253662109375,0.1107476992189334,0.1165284994606211,0.2588235294117647,0.9271717759980383,0.0389675370264143,0.1846715680049743
ACRIN-6698-571995,0,256.0,80.0,8.0,0.0,2.0,6.0,2.0,0.6055,16.0,70.0,81.0,180.0,87.0,190.0,35.725918081,57.0,1.0,1.0,0.0,0.0,0.0,TripleNeg,1.0,0.0,0.0,spy2,0,train,10,25,34,0,55.0,100.0,104.0,155.008,3.6034827205493825,10,0.6387939453125,0.1246075918160232,0.3140454843647496,0.1244626958750952,0.1490196078431372,0.3137254901960784,0.4705882352941176,0.0,0.1985809864717371,0.4907503859942084,0.2652512265403624,0.1764705882352941,0.4431372549019607,0.9725490196078432,0.031695556640625,0.2050391582414215,0.5094740207674824,0.2427608554998208,0.2039215686274509,0.4862745098039215,0.8862745098039215,0.0134918212890625,0.1767049016294588,0.239918476304219,0.5686274509803921,0.7877365664075702,0.0187236347732739,0.3553861101723555
ACRIN-6698-506623,0,256.0,80.0,7.0,0.0,2.0,5.0,2.0,0.6641,3.0,79.0,31.0,199.0,46.0,193.0,41.00509463856,69.0,1.0,1.0,0.0,0.0,0.0,TripleNeg,1.0,0.0,0.0,spy2,0,train,10,14,44,0,77.0,169.0,148.0,170.0096,3.737790911845102,10,0.6742340087890625,0.1015826056985294,0.2740589669875463,0.1972840133454012,0.1098039215686274,0.1843137254901961,0.5882352941176471,0.00216064453125,0.145984161975337,0.3846902250272175,0.2702689854040132,0.1529411764705882,0.2666666666666666,0.9607843137254902,0.0307647705078125,0.1610721423579197,0.4251566237706639,0.2763372852351045,0.1725490196078431,0.3098039215686274,1.0,0.0378509521484375,0.1106312580396712,0.1208089603633113,0.2862745098039215,0.9223865776087384,0.0404663987434463,0.1600091805858712
ISPY2-498985,0,384.0,72.0,9.0,0.0,2.0,6.0,2.5,0.9375,8.0,54.0,146.0,256.0,228.0,347.0,101.696044921875,25.0,0.0,1.0,0.0,1.0,1.0,HER2pos,0.0,1.0,0.0,spy2,0,train,10,19,33,3,47.0,111.0,120.0,360.0,4.631773605208282,10,0.6305252075195312,0.1242149083754595,0.2923854868970496,0.1738617116645038,0.1215686274509803,0.2352941176470588,0.5372549019607843,0.0014801025390625,0.2284544522154565,0.5032632609579542,0.2795156806722119,0.1294117647058823,0.4980392156862745,0.9137254901960784,0.0223663330078125,0.2266801123525582,0.4936764485218302,0.2735961350517027,0.1254901960784313,0.4862745098039215,0.9372549019607844,0.0306442260742187,0.2108777740609044,0.2664418718654048,0.5764705882352941,0.7635696851808259,-0.0095868124361238,0.4821486831943635
ISPY2-240035,0,256.0,80.0,8.0,0.0,2.0,5.0,2.0,0.6445,21.0,59.0,72.0,216.0,121.0,204.0,33.977273689499995,68.0,1.0,1.0,0.0,1.0,0.0,HRposHER2neg,0.0,0.0,1.0,spy2,1,test,10,15,24,-1,39.0,145.0,84.0,164.992,3.554698527430689,10,0.5798568725585938,0.1113651589786305,0.2222087869086874,0.1258785623563403,0.1098039215686274,0.1686274509803921,0.4313725490196078,0.0,0.1857862345377604,0.3604944527703034,0.2376996726648481,0.1411764705882353,0.2666666666666666,0.7019607843137254,0.0182647705078125,0.2096026970358456,0.4057226744771888,0.2529067953968339,0.1568627450980392,0.3176470588235294,0.796078431372549,0.0210922241210937,0.138285665861616,0.1551744580051852,0.3686274509803922,0.8950226080008716,0.0452282217068853,0.2218598485536327
ISPY2-172168,0,384.0,160.0,7.0,0.0,2.0,5.0,1.0,0.78125,84.0,120.0,177.0,214.0,266.0,311.0,7.335205078125,40.0,0.0,1.0,0.0,0.0,0.0,TripleNeg,1.0,0.0,0.0,spy2,0,train,10,15,27,2,37.0,38.0,46.0,300.0,2.120488120354182,10,0.7449813842773437,0.0884162214690563,0.2734316652664332,0.1624042147772798,0.1176470588235294,0.2313725490196078,0.4823529411764706,0.001104736328125,0.1592087928921568,0.4578054124916305,0.2281403339952454,0.2039215686274509,0.4196078431372549,0.807843137254902,0.0160888671875,0.1684746596392463,0.482317768158188,0.2347190081181878,0.2274509803921568,0.4313725490196078,0.9019607843137256,0.0207000732421875,0.1843737472251972,0.1568647128179207,0.3843137254901961,0.890138755093371,0.0245123556665574,0.3806161707423607
ISPY2-104384,0,256.0,80.0,8.0,0.0,2.0,6.0,2.0,0.625,21.0,49.0,67.0,157.0,73.0,170.0,19.0640625,42.0,0.0,0.0,0.0,1.0,0.0,HRposHER2neg,0.0,0.0,1.0,spy2,0,train,10,8,20,2,29.0,91.0,98.0,160.0,2.9989302794775563,10,0.6078506469726562,0.1281219482421875,0.3019299457104777,0.1540684621806375,0.1215686274509803,0.2784313725490196,0.5098039215686274,3.814697265625e-05,0.1698344092275582,0.3964468924079891,0.2259148829026854,0.1529411764705882,0.3568627450980392,0.7215686274509804,0.014422607421875,0.1960599592620251,0.45557938769732,0.2432207911631346,0.188235294117647,0.4117647058823529,0.8509803921568627,0.024884033203125,0.0945169466975113,0.1296755631480675,0.2470588235294117,0.8397386760259767,0.0591324952893308,0.1158020070117004
ISPY2-828199,0,256.0,90.0,8.0,0.0,2.0,5.0,2.0,0.5859,10.0,71.0,50.0,205.0,70.0,191.0,19.25313533766,43.0,0.0,0.0,1.0,1.0,0.0,HRposHER2neg,0.0,0.0,1.0,spy2,0,train,10,39,55,4,62.0,156.0,122.0,149.9904,3.008309613056773,10,0.6875946044921875,0.0905164292279411,0.2625709491173703,0.1049306218017331,0.1254901960784313,0.2627450980392157,0.4,0.0,0.1497569005629595,0.4333792839782417,0.244579896095926,0.1686274509803921,0.3803921568627451,0.8666666666666667,0.0192520141601562,0.1536419498219209,0.440561739451224,0.2211389001070762,0.1843137254901961,0.403921568627451,0.7843137254901961,0.0082427978515625,0.1708083348608714,0.2014221821091537,0.5176470588235295,0.8951293848723735,0.0071824554729823,0.3810577420898905
ISPY2-613961,1,256.0,72.0,7.0,0.0,2.0,6.0,2.2,0.7031,8.0,31.0,125.0,180.0,68.0,135.0,10.197048275392,45.0,0.0,1.0,0.0,0.0,0.0,TripleNeg,1.0,0.0,0.0,spy2,1,test,10,7,20,-1,24.0,56.0,68.0,179.9936,2.4156501967264776,10,0.6517532348632813,0.1271551154641544,0.3256316273349109,0.1326786306956142,0.1411764705882353,0.3215686274509804,0.5137254901960784,0.0,0.1999155680338541,0.4907402562825092,0.2241781067916205,0.2235294117647059,0.4549019607843137,0.8274509803921568,0.010809326171875,0.212765718347886,0.5292884097076723,0.2379211451162725,0.2549019607843137,0.4901960784313725,0.9098039215686274,0.019561767578125,0.1651086289475983,0.1712385742138918,0.403921568627451,0.8884794524749482,0.0385481534251631,0.3004464852975327
ISPY2-436371,0,256.0,66.0,7.0,0.0,2.0,6.0,2.4,0.5859,33.0,52.0,44.0,141.0,55.0,135.0,29.402242011072,60.0,1.0,1.0,0.0,1.0,0.0,HRposHER2neg,0.0,0.0,1.0,spy2,1,test,10,8,17,-1,20.0,98.0,81.0,149.9904,3.414516356056962,10,0.4590026855468749,0.1209491206150429,0.2098465165368244,0.0800246826840488,0.1254901960784313,0.1843137254901961,0.3372549019607843,0.0,0.2250721531288296,0.3857665335615388,0.2300994945643908,0.1843137254901961,0.3058823529411765,0.792156862745098,0.0228591918945312,0.2368673406862745,0.4049644098080583,0.2091912844223112,0.196078431372549,0.3450980392156862,0.7137254901960784,0.0113784790039062,0.1759200170247143,0.1909378567047989,0.5215686274509804,0.9357322562812368,0.0191978762465194,0.3427716416394959
ISPY2-342142,1,256.0,66.0,7.0,0.0,2.0,6.0,2.4,0.5078,35.0,46.0,64.0,116.0,156.0,191.0,2.992836053376,54.0,1.0,1.0,0.0,0.0,0.0,TripleNeg,1.0,0.0,0.0,spy2,1,test,10,3,12,-1,12.0,53.0,36.0,129.9968,1.384501768729771,10,0.590240478515625,0.1658406575520833,0.3706483570563847,0.1494639105398279,0.2117647058823529,0.3333333333333333,0.611764705882353,7.01904296875e-05,0.1971107931698069,0.4473563364423746,0.1929385136938106,0.2627450980392157,0.396078431372549,0.7215686274509804,0.0110992431640625,0.2325298294366574,0.5272244979022368,0.222721034432366,0.3058823529411765,0.4627450980392157,0.8823529411764706,0.0238723754882812,0.0767079793859898,0.1108567676544339,0.2039215686274509,0.7887763461681686,0.0798681614598621,0.1341103746183064
ISPY2-554577,0,256.0,80.0,8.0,0.0,2.0,5.0,2.0,0.5469,19.0,58.0,54.0,187.0,45.0,175.0,39.052837878480005,52.0,1.0,1.0,0.0,1.0,0.0,HRposHER2neg,0.0,0.0,1.0,spy2,0,train,10,21,30,0,40.0,134.0,131.0,140.0064,3.690199529393045,10,0.59139404296875,0.1123554962756587,0.250223343602072,0.1328585537001969,0.1215686274509803,0.196078431372549,0.4705882352941176,0.0,0.1852471624636182,0.4160133306153101,0.2596210942644178,0.1647058823529411,0.3137254901960784,0.8588235294117647,0.025726318359375,0.2031868310068167,0.4574273499917698,0.2772813487738399,0.1803921568627451,0.3490196078431372,0.9725490196078432,0.0374237060546875,0.165789987013238,0.1603182845850791,0.4392156862745098,0.9118095181190812,0.0414140193764596,0.2605420786902876
ISPY2-570685,0,256.0,72.0,7.0,0.0,2.0,6.0,2.2,0.7031,25.0,38.0,52.0,130.0,63.0,117.0,1.259405066436,70.0,1.0,0.0,1.0,1.0,1.0,HER2pos,0.0,1.0,0.0,spy2,0,train,10,4,15,3,14.0,79.0,55.0,179.9936,0.8151015336893404,10,0.5872695922851563,0.2067014926087622,0.4844155534422045,0.1746772400441099,0.2470588235294117,0.4784313725490196,0.7137254901960784,0.0015518188476562,0.2429746261297488,0.568237594978469,0.1792948269712398,0.3294117647058823,0.5686274509803921,0.8,0.0068634033203125,0.2619178562538297,0.6138206199899281,0.1907595318576889,0.3725490196078431,0.6,0.8823529411764706,0.017041015625,0.0838220415362646,0.0827147261434935,0.1725490196078431,0.8852809931715757,0.0455830250114589,0.1839016292834775
ISPY2-986734,0,256.0,160.0,7.0,0.0,2.0,5.0,1.0,0.694444418,26.0,126.0,35.0,240.0,26.0,191.0,51.872102530901934,33.0,0.0,0.0,1.0,1.0,0.0,HRposHER2neg,0.0,0.0,1.0,spy2,0,train,10,47,56,4,101.0,206.0,166.0,177.777771008,3.9678758373950114,10,0.5162979125976562,0.1302423574410232,0.2451830583494758,0.1331850204607461,0.1137254901960784,0.196078431372549,0.4549019607843137,0.0,0.1968393722234988,0.3517868090015005,0.2745416843152882,0.1019607843137254,0.2470588235294117,0.8549019607843137,0.0302474975585937,0.2194136855181525,0.3853232418807036,0.2875561841388013,0.1137254901960784,0.2784313725490196,0.9294117647058824,0.0360702514648437,0.1066037506520247,0.1900103480955261,0.4235294117647059,0.6804911056501756,0.0335364328792031,0.2939725361909659
ISPY2-999264,1,256.0,66.0,7.0,0.0,2.0,6.0,2.4,0.625,10.0,29.0,11.0,73.0,94.0,154.0,19.8871875,44.0,0.0,1.0,0.0,0.0,1.0,HER2pos,0.0,1.0,0.0,spy2,0,train,10,6,17,3,20.0,63.0,61.0,160.0,3.0391359327084566,10,0.4391326904296875,0.1731495337392769,0.3003285061882304,0.0788488306793129,0.2235294117647059,0.2862745098039215,0.403921568627451,0.0,0.2303383920706954,0.4004325279912002,0.1827482252310244,0.2549019607843137,0.3411764705882353,0.6588235294117647,0.019854736328125,0.2448320396273744,0.4250992981462247,0.2024208502875362,0.2627450980392157,0.3529411764705882,0.7647058823529411,0.0272842407226562,0.1001040218029699,0.1359277775629856,0.2705882352941176,0.8682210191256087,0.0246667701550244,0.319024947629023
ISPY2-786003,1,256.0,80.0,8.0,0.0,2.0,5.0,2.0,0.5469,16.0,57.0,36.0,130.0,90.0,185.0,17.457846036480007,57.0,1.0,1.0,0.0,1.0,1.0,HER2pos,0.0,1.0,0.0,spy2,0,train,10,18,27,3,42.0,95.0,96.0,140.0064,2.9154895395191827,10,0.6130081176757812,0.1235960537779564,0.2856047696680113,0.1588908832494399,0.1215686274509803,0.2274509803921568,0.5372549019607843,3.35693359375e-05,0.177056370155484,0.4118769477359469,0.2577094707966849,0.1411764705882353,0.3450980392156862,0.792156862745098,0.0251724243164062,0.188868761249617,0.4395829965420572,0.2750267436730946,0.1372549019607843,0.3764705882352941,0.8823529411764706,0.026934814453125,0.1262721780679356,0.1433159759201356,0.3529411764705882,0.8373505139599162,0.0277060488061102,0.3439805377357374
ISPY2-311455,0,256.0,80.0,8.0,0.0,2.0,6.0,2.0,0.5859,16.0,35.0,116.0,193.0,64.0,126.0,8.131588451279999,58.0,1.0,0.0,0.0,1.0,0.0,HRposHER2neg,0.0,0.0,1.0,spy2,0,train,10,7,16,1,20.0,78.0,63.0,149.9904,2.2117396609941102,10,0.5970748901367188,0.1177479044596354,0.2544950880704852,0.1213325912113823,0.1176470588235294,0.2313725490196078,0.4156862745098039,0.0003326416015625,0.2070867441214767,0.4496058880037448,0.2702661233173332,0.1411764705882353,0.388235294117647,0.8862745098039215,0.0216232299804687,0.2028877288219975,0.4304226942215001,0.2440367777475177,0.1411764705882353,0.388235294117647,0.788235294117647,0.0148178100585937,0.1951107999332596,0.2158635185170268,0.5411764705882353,0.852594665626503,-0.0191831937822447,0.5199139592745615
ACRIN-6698-663144,0,256.0,80.0,7.0,0.0,2.0,5.0,2.0,0.6641,32.0,66.0,110.0,204.0,78.0,175.0,18.62729281916,48.0,0.0,1.0,0.0,1.0,0.0,HRposHER2neg,0.0,0.0,1.0,spy2,0,train,10,14,23,1,35.0,95.0,98.0,170.0096,2.9769210883937522,10,0.6905792236328125,0.0855049342735141,0.2303876025659546,0.1738707531892663,0.1098039215686274,0.1568627450980392,0.4941176470588235,0.0014251708984375,0.1217597333122702,0.3180991622221177,0.2520287844888777,0.1294117647058823,0.2156862745098039,0.7568627450980392,0.0236923217773437,0.1332507862764246,0.350273731609005,0.2612119426022842,0.1372549019607843,0.2431372549019607,0.8745098039215686,0.027215576171875,0.0877115596561631,0.1211822330552938,0.2313725490196078,0.8491532779043505,0.0321745693868872,0.2272785552958349
ACRIN-6698-960029,0,256.0,80.0,8.0,0.0,2.0,6.0,2.0,0.6445,18.0,41.0,98.0,148.0,77.0,113.0,0.6795620889999999,43.0,0.0,0.0,0.0,1.0,1.0,HER2pos,0.0,1.0,0.0,spy2,0,train,10,5,24,2,24.0,51.0,37.0,164.992,0.5185330981275799,10,0.7109130859375,0.0934119789273131,0.2660120990377402,0.1441936278309677,0.1137254901960784,0.2352941176470588,0.4705882352941176,4.57763671875e-06,0.1272828046013327,0.3583366865874802,0.2411782130273513,0.1098039215686274,0.3019607843137254,0.7098039215686275,0.0100128173828125,0.1346411970549939,0.3724647121748792,0.2218885520993197,0.1294117647058823,0.3294117647058823,0.6941176470588235,0.0029144287109375,0.0923245875497399,0.1709439634808522,0.3137254901960784,0.7168207921628241,0.014128025587399,0.3140887593953213
ISPY2-802105,0,256.0,80.0,8.0,0.0,2.0,6.0,2.0,0.5664,16.0,59.0,85.0,210.0,67.0,214.0,67.9762105344,44.0,0.0,1.0,0.0,1.0,0.0,HRposHER2neg,0.0,0.0,1.0,spy2,0,train,10,17,28,4,44.0,126.0,148.0,144.9984,4.233761670284974,10,0.6150314331054687,0.1208483647365196,0.2776463065080804,0.1293230972585894,0.1254901960784313,0.2627450980392157,0.4470588235294118,0.0001541137695312,0.2236658014035692,0.5092621300957033,0.2679461139389975,0.1843137254901961,0.4549019607843137,0.9568627450980391,0.031170654296875,0.2330672260359221,0.5271366166773258,0.2482011731168756,0.2235294117647059,0.4784313725490196,0.9176470588235294,0.0255767822265625,0.2316158235876229,0.194549056160255,0.5058823529411764,0.9082614261989036,0.0178744865816223,0.402967977708458
ISPY2-623569,1,256.0,80.0,8.0,0.0,2.0,6.0,2.0,0.703125,17.0,40.0,91.0,164.0,74.0,137.0,10.53731689453125,40.0,0.0,0.0,1.0,0.0,0.0,TripleNeg,1.0,0.0,0.0,spy2,0,train,10,9,18,2,24.0,74.0,64.0,180.0,2.44558672923987,10,0.3997634887695312,0.1724888401405483,0.2621359739179513,0.1001792754516621,0.1411764705882353,0.2509803921568627,0.3843137254901961,0.0,0.2981044215782016,0.4480642506766924,0.2333179907410447,0.2078431372549019,0.3803921568627451,0.8196078431372549,0.0259872436523437,0.3015110629212623,0.4545575072297413,0.2012199614481995,0.2274509803921568,0.4235294117647059,0.7333333333333333,0.0088211059570312,0.1859282767587411,0.2217320782392352,0.5333333333333333,0.8365970038462418,0.0064932565530489,0.4221409305719029
ACRIN-6698-618717,0,256.0,134.0,6.0,0.0,2.0,5.0,1.2,0.6641,67.0,90.0,67.0,103.0,73.0,104.0,3.9824901543,29.0,0.0,1.0,0.0,1.0,1.0,HER2pos,0.0,1.0,0.0,spy2,0,train,10,7,16,3,24.0,37.0,32.0,170.0096,1.6059297970466637,10,0.65579833984375,0.1148639334884344,0.2955216171655029,0.1393477189665015,0.1294117647058823,0.2666666666666666,0.4941176470588235,0.0,0.2216101971794577,0.5430187956304627,0.229648374928466,0.2313725490196078,0.5490196078431373,0.8509803921568627,0.0153244018554687,0.2310188203699448,0.5793228767905361,0.2350450852258551,0.2470588235294117,0.596078431372549,0.8862745098039215,0.0137222290039062,0.2474971784649597,0.1905355526721561,0.5450980392156862,0.9356358832499913,0.0363040811600733,0.3289046707096499
ISPY2-493775,1,256.0,80.0,8.0,0.0,2.0,6.0,2.0,0.703125,21.0,48.0,85.0,199.0,112.0,188.0,24.549169921875,41.0,0.0,1.0,0.0,0.0,0.0,TripleNeg,1.0,0.0,0.0,spy2,0,train,10,12,21,3,28.0,115.0,77.0,180.0,3.240604827741328,10,0.3808273315429687,0.1699741558000153,0.258979462069538,0.091000813086484,0.1647058823529411,0.2431372549019607,0.3686274509803922,0.0002456665039062,0.2477011527267156,0.3743011382890732,0.2069545829463469,0.2,0.3058823529411765,0.6745098039215687,0.02635498046875,0.26535904229856,0.4029332252097154,0.1954971693903674,0.2313725490196078,0.3372549019607843,0.6941176470588235,0.0161331176757812,0.1153216762195352,0.1988560724918901,0.3686274509803922,0.747040891515374,0.0286320869206421,0.3565962920885897
ISPY2-355292,0,256.0,64.0,9.0,0.0,2.0,6.0,2.5000000002,0.8413461447,34.0,57.0,99.0,152.0,98.0,143.0,19.46447206126187,36.0,0.0,1.0,0.0,1.0,0.0,HRposHER2neg,0.0,0.0,1.0,spy2,0,train,10,7,16,1,24.0,54.0,46.0,215.3846130432,3.018690312458517,10,0.6992950439453125,0.0925272803213082,0.2638304892160345,0.1139887031959381,0.1254901960784313,0.2509803921568627,0.4156862745098039,0.0,0.1963354372510723,0.5313937617468462,0.2432688086606344,0.2509803921568627,0.4784313725490196,0.9647058823529412,0.026025390625,0.1834796621285233,0.5043278142433713,0.2155809403620752,0.2392156862745098,0.4901960784313725,0.803921568627451,0.0081939697265625,0.2675632725308117,0.2633615788971554,0.7254901960784313,0.924686659562592,-0.0270659475034749,0.5128837468919674
ISPY2-708387,1,256.0,134.0,6.0,0.0,2.0,5.0,1.2,0.6445,68.0,108.0,135.0,197.0,131.0,196.0,16.334911407299998,29.0,0.0,1.0,0.0,0.0,0.0,TripleNeg,1.0,0.0,0.0,spy2,0,train,10,16,26,1,41.0,63.0,66.0,164.992,2.852722468498026,10,0.6419357299804688,0.1105083390778186,0.2638222296644696,0.1408844252950688,0.1215686274509803,0.2196078431372549,0.4862745098039215,0.0,0.1992868041992187,0.4515457968528819,0.2585542600092153,0.1490196078431372,0.4117647058823529,0.8627450980392157,0.0227828979492187,0.2080254109700521,0.4728194054819672,0.2554944399165824,0.1607843137254902,0.4470588235294118,0.8627450980392157,0.0243743896484375,0.1877235671884122,0.1946543169010874,0.4705882352941176,0.8456795121473104,0.0212736086290853,0.3902139682350284
ISPY2-257735,0,256.0,64.0,7.0,0.0,2.0,6.0,2.5,0.625,4.0,16.0,165.0,230.0,128.0,203.0,5.7958984375,48.0,0.0,1.0,0.0,0.0,0.0,TripleNeg,1.0,0.0,0.0,spy2,0,train,10,4,13,4,13.0,66.0,76.0,160.0,1.916319259245397,10,0.7359237670898438,0.1018082024069393,0.348855779563725,0.1934232752999743,0.1215686274509803,0.3137254901960784,0.615686274509804,0.000482177734375,0.1346829642501532,0.4524398460739278,0.2776740883018893,0.1294117647058823,0.403921568627451,0.9098039215686274,0.0117218017578125,0.1415778305951286,0.4570445083820371,0.2822664681169224,0.1019607843137254,0.4313725490196078,0.8901960784313725,0.0073135375976562,0.1035840665102027,0.1428929501102855,0.3294117647058823,0.7486897986305723,0.0046046623081093,0.4510386271054228
ISPY2-625854,1,256.0,134.0,6.0,0.0,2.0,5.0,1.2,0.6641,12.0,75.0,46.0,161.0,46.0,160.0,163.865842059216,51.0,1.0,1.0,0.0,0.0,0.0,TripleNeg,1.0,0.0,0.0,spy2,0,train,10,24,37,3,64.0,116.0,115.0,170.0096,5.105132064744037,10,0.492987060546875,0.1460230808632046,0.2683736223064266,0.1073018509898852,0.1254901960784313,0.2705882352941176,0.392156862745098,0.0,0.2419280946020986,0.4505969877628308,0.2653560867205258,0.1607843137254902,0.3686274509803922,0.8823529411764706,0.0228973388671875,0.2612506522384344,0.4852756472943943,0.2566104742929179,0.188235294117647,0.4235294117647059,0.8666666666666667,0.0203033447265625,0.1822233654564041,0.1948646559610071,0.5176470588235295,0.9051992921547148,0.0346786595315635,0.2634165573198184
ISPY2-229824,0,384.0,160.0,6.0,0.0,2.0,5.0,1.0,0.83333331346512,15.0,112.0,70.0,210.0,275.0,365.0,19.995832379857784,60.0,1.0,1.0,0.0,1.0,0.0,HRposHER2neg,0.0,0.0,1.0,spy2,0,train,10,52,61,4,98.0,141.0,91.0,319.99999237060604,3.0443239599259977,10,0.6400360107421875,0.1245450607000612,0.2874722450933015,0.199234413130431,0.1176470588235294,0.2078431372549019,0.5568627450980392,0.0050704956054687,0.1806692624559589,0.4203918709396215,0.260129182350281,0.1215686274509803,0.3764705882352941,0.8235294117647058,0.0227462768554687,0.1826919196633731,0.4201147416144316,0.2665884147161026,0.1176470588235294,0.3647058823529411,0.8980392156862745,0.0285354614257812,0.1329196258463199,0.1712954564453248,0.4117647058823529,0.7869914287894331,-0.0002771293251898,0.4426720812527023
ACRIN-6698-152090,1,256.0,80.0,7.0,0.0,2.0,5.0,2.0,0.5859,19.0,47.0,18.0,126.0,33.0,139.0,20.36947802778,30.0,0.0,1.0,0.0,1.0,0.0,HRposHER2neg,0.0,0.0,1.0,spy2,0,train,10,10,24,4,29.0,109.0,107.0,149.9904,3.061963643566208,10,0.5605056762695313,0.1380105411305147,0.2935275743824942,0.1139220767919155,0.1411764705882353,0.2941176470588235,0.4431372549019607,0.0,0.2262461284562653,0.4790214316100676,0.2289460089216516,0.2117647058823529,0.4431372549019607,0.8392156862745098,0.0207443237304687,0.2326856306487438,0.4936080815408304,0.2113365794158861,0.2313725490196078,0.4784313725490196,0.796078431372549,0.0090621948242187,0.1854938572275733,0.212127811270991,0.5450980392156862,0.8570620115475285,0.0145866499307628,0.3567825238606102
ISPY2-735673,0,256.0,66.0,7.0,0.0,2.0,6.0,2.4,0.6641,6.0,46.0,53.0,228.0,28.0,193.0,127.251277429968,44.0,0.0,1.0,0.0,1.0,0.0,HRposHER2neg,0.0,0.0,1.0,spy2,0,train,10,14,23,1,41.0,176.0,166.0,170.0096,4.8539914444688605,10,0.3345596313476562,0.1631130083869485,0.2389379501235834,0.0938675165860406,0.1411764705882353,0.2156862745098039,0.3725490196078431,0.0,0.2494901230755974,0.3656120453285613,0.2251093741939524,0.1686274509803921,0.2784313725490196,0.7176470588235294,0.02509765625,0.277511812097886,0.4067597990095252,0.2397281867075147,0.188235294117647,0.3137254901960784,0.8196078431372549,0.0333572387695312,0.1266740952049778,0.1648372092539033,0.3843137254901961,0.8671644084081054,0.0411477536809639,0.2511149888902392
ACRIN-6698-460642,0,256.0,134.0,6.0,0.0,2.0,5.0,1.2,0.6836,59.0,113.0,40.0,129.0,58.0,125.0,18.834607247424,45.0,,1.0,0.0,1.0,0.0,HRposHER2neg,0.0,0.0,1.0,spy2,0,train,10,28,37,3,55.0,90.0,68.0,175.0016,2.987428252783309,10,0.59970703125,0.1083298507391237,0.2427115024467947,0.138870738664075,0.1137254901960784,0.1843137254901961,0.4784313725490196,0.0,0.1671721993240655,0.3649272120411961,0.2275481101927466,0.1607843137254902,0.2823529411764706,0.6784313725490196,0.0203292846679687,0.181607390759038,0.3960719885050873,0.2375015216462031,0.1725490196078431,0.3098039215686274,0.7529411764705882,0.0234893798828125,0.1222157095944013,0.1389150885373867,0.2980392156862745,0.930642382288363,0.0311447764638912,0.2498246523542327
ISPY2-515281,0,256.0,66.0,7.0,0.0,2.0,6.0,2.4,0.6055,16.0,50.0,75.0,210.0,35.0,157.0,51.6139132908,46.0,0.0,1.0,0.0,1.0,0.0,HRposHER2neg,0.0,0.0,1.0,spy2,0,train,10,12,22,4,35.0,136.0,123.0,155.008,3.9629805959986752,10,0.3589263916015625,0.1403411446365655,0.2098504333398018,0.073595585086323,0.1254901960784313,0.192156862745098,0.3176470588235294,0.0,0.2811187085918352,0.4177357886844132,0.2628582744733578,0.1803921568627451,0.3058823529411765,0.8980392156862745,0.0334121704101562,0.2845660520067402,0.4236802226591198,0.2332989664596206,0.192156862745098,0.3490196078431372,0.807843137254902,0.0139999389648437,0.2078853553446113,0.2224982278852844,0.615686274509804,0.941635287789134,0.0059444339747066,0.3807261492761833
ISPY2-851180,0,256.0,134.0,6.0,0.0,2.0,5.0,1.2000000477,1.09375,40.0,65.0,88.0,127.0,63.0,101.0,9.461689829227154,50.0,1.0,1.0,0.0,1.0,1.0,HER2pos,0.0,1.0,0.0,spy2,0,train,10,9,19,2,26.0,40.0,39.0,280.0,2.3477199971400835,10,0.4574234008789062,0.181771000880821,0.3091786683597713,0.1777578540344075,0.1294117647058823,0.2627450980392157,0.5568627450980392,0.0030471801757812,0.2605216830384497,0.4289983425727856,0.2019365911362316,0.2,0.396078431372549,0.7058823529411765,0.0147872924804687,0.2531922224456189,0.4210166645409116,0.2004143359877386,0.2,0.388235294117647,0.6823529411764706,0.0180328369140625,0.1198196742130143,0.1634965181351956,0.3686274509803922,0.8262684099071103,-0.0079816780318739,0.4394501424421302
ACRIN-6698-848003,0,256.0,80.0,8.0,0.0,2.0,6.0,2.0,0.7031,36.0,53.0,81.0,126.0,73.0,112.0,3.52075792242,57.0,1.0,1.0,0.0,0.0,0.0,TripleNeg,1.0,0.0,0.0,spy2,1,test,10,6,15,-1,18.0,46.0,40.0,179.9936,1.5086796617384202,10,0.7958526611328125,0.0706865258310355,0.2528551182787189,0.1154668986988006,0.1137254901960784,0.2352941176470588,0.4196078431372549,0.0,0.1182160261565563,0.4388749708718228,0.3005636123121316,0.1372549019607843,0.3215686274509804,0.9725490196078432,0.0176651000976562,0.1209841081207873,0.4312501447249054,0.2607552855096741,0.1607843137254902,0.3529411764705882,0.8705882352941177,0.0085922241210937,0.1860198525931039,0.2153511501914031,0.5568627450980392,0.8655729127737499,-0.0076248261469173,0.4055534793332835
ISPY2-683457,0,320.0,180.0,7.0,0.0,2.0,6.0,1.0,0.703125,73.0,137.0,110.0,195.0,124.0,204.0,31.181341552734374,50.0,,0.0,1.0,0.0,0.0,TripleNeg,1.0,0.0,0.0,spy2,0,train,10,28,44,2,65.0,86.0,81.0,225.0,3.4713868297174733,10,0.4956771850585937,0.1429268391927083,0.2680598425632215,0.1205069259006797,0.1254901960784313,0.2509803921568627,0.4352941176470588,0.0,0.2136944699754902,0.3920764767165576,0.2569892212376888,0.1098039215686274,0.3411764705882353,0.7843137254901961,0.0139617919921875,0.2312730796664369,0.4142969666346962,0.2526583808550143,0.1098039215686274,0.392156862745098,0.7686274509803922,0.0055892944335937,0.124016634153336,0.196182812457459,0.4156862745098039,0.7172395639505859,0.0222204899181385,0.4058993140965711
ISPY2-767934,1,312.0,80.0,7.0,0.0,2.0,5.0,2.0,0.625,21.0,62.0,140.0,276.0,177.0,263.0,26.259375,68.0,1.0,1.0,0.0,0.0,0.0,TripleNeg,1.0,0.0,0.0,spy2,1,test,10,24,33,-1,42.0,137.0,87.0,195.0,3.3053974986394463,10,0.4822982788085937,0.1284238807827818,0.2315482146183298,0.125266732156149,0.1215686274509803,0.192156862745098,0.4156862745098039,0.0,0.1819805070465686,0.3235381904212547,0.2205179039531175,0.1490196078431372,0.2470588235294117,0.6352941176470588,0.027093505859375,0.1913380821078431,0.3403223807023052,0.2275156515516311,0.1529411764705882,0.2627450980392157,0.6901960784313725,0.02611083984375,0.0919899758029248,0.1277611071949179,0.2431372549019607,0.816576819804233,0.0167841902810505,0.3783265199053292
ISPY2-587388,0,256.0,160.0,7.0,0.0,2.0,5.0,1.0,0.5625,45.0,105.0,28.0,152.0,74.0,169.0,14.71004296875,52.0,1.0,1.0,0.0,1.0,0.0,HRposHER2neg,0.0,0.0,1.0,spy2,1,test,10,22,31,-1,61.0,125.0,96.0,144.0,2.7543001873847315,10,0.6686859130859375,0.1155571432674632,0.2968677479742415,0.1654176413675392,0.1176470588235294,0.2588235294117647,0.5607843137254902,3.0517578125e-06,0.2006835877661611,0.4342122501835441,0.2776193878193564,0.1294117647058823,0.3725490196078431,0.992156862745098,0.0335540771484375,0.2064146632774203,0.456782157251055,0.2776949112538134,0.1372549019607843,0.4,1.0,0.0352157592773437,0.1373445022093026,0.1959048561803653,0.4117647058823529,0.767351356330309,0.0225699070675108,0.3313959379173767
ISPY2-105513,1,384.0,160.0,7.0,0.0,2.0,5.0,1.0,0.8854166865,70.0,104.0,163.0,224.0,33.0,83.0,9.38560154894716,48.0,0.0,1.0,0.0,1.0,0.0,HRposHER2neg,0.0,0.0,1.0,spy2,0,train,10,18,27,4,35.0,62.0,51.0,340.000007616,2.3404203804407895,10,0.4701644897460937,0.194396733302696,0.3361838010901083,0.1686147593660739,0.1333333333333333,0.3137254901960784,0.5411764705882353,0.0018081665039062,0.2566535979626225,0.4164493152956062,0.2020217841029321,0.1764705882352941,0.392156862745098,0.6627450980392157,0.0117172241210937,0.2605551207299326,0.4312404684135075,0.218387874535636,0.1764705882352941,0.4,0.7098039215686275,0.020367431640625,0.0802655142054978,0.0849956380546798,0.1568627450980392,0.9261619719323912,0.0147911531179013,0.3468881125929851
ISPY2-277848,0,256.0,80.0,8.0,0.0,2.0,6.0,2.0,0.5859,38.0,63.0,95.0,207.0,72.0,142.0,6.15704873616,66.0,1.0,1.0,0.0,1.0,1.0,HER2pos,0.0,1.0,0.0,spy2,0,train,10,9,18,0,26.0,113.0,71.0,149.9904,1.968097708312708,10,0.6194625854492187,0.108291799507889,0.245035808692916,0.0911362670558757,0.1215686274509803,0.2509803921568627,0.3607843137254902,0.0,0.2176396448471967,0.5050742603157411,0.2960923030643573,0.1725490196078431,0.396078431372549,0.976470588235294,0.0324569702148437,0.2134037990196078,0.4913384940244938,0.2615816461451755,0.192156862745098,0.4078431372549019,0.8901960784313725,0.0093032836914062,0.2600384516228249,0.2419605077452306,0.6392156862745098,0.9427841644980332,-0.0137357662912471,0.4519164838866188
ISPY2-543795,0,384.0,160.0,7.0,0.0,2.0,5.0,1.0,0.8854166865,44.0,90.0,143.0,196.0,57.0,111.0,27.657420401378783,47.0,0.0,1.0,0.0,1.0,0.0,HRposHER2neg,0.0,0.0,1.0,spy2,0,train,10,10,27,0,47.0,54.0,55.0,340.000007616,3.3554124114189,10,0.7082199096679688,0.0893363922717524,0.2430752180697193,0.1326553578503599,0.1176470588235294,0.2,0.4352941176470588,2.74658203125e-05,0.1603619145412071,0.3850907342505145,0.2486578081831664,0.1607843137254902,0.2862745098039215,0.8156862745098039,0.0172775268554687,0.171023577521829,0.4326817620224049,0.2693834512075385,0.1764705882352941,0.3254901960784314,0.9529411764705882,0.0253265380859375,0.1420155161807952,0.163045801755128,0.3764705882352941,0.9069662850837512,0.0475910277718902,0.1747140742910036
ISPY2-122579,0,256.0,134.0,6.0,0.0,2.0,5.0,1.2,0.7031,58.0,98.0,98.0,162.0,103.0,152.0,8.211344761943998,57.0,1.0,1.0,0.0,1.0,0.0,HRposHER2neg,0.0,0.0,1.0,spy2,0,train,10,14,23,2,41.0,65.0,50.0,179.9936,2.220435850677475,10,0.757427978515625,0.0818615243949142,0.2602930445761073,0.1224643707805014,0.1176470588235294,0.2392156862745098,0.4392156862745098,0.0,0.1604052076152726,0.4945868134134362,0.2798992129865779,0.1568627450980392,0.4549019607843137,1.0,0.0246917724609375,0.1602519435508578,0.4904038101665949,0.2748836048476469,0.1450980392156863,0.4549019607843137,0.9411764705882352,0.0195724487304687,0.2342937688373288,0.2225076595009482,0.5882352941176471,0.8822622851822962,-0.0041830032468413,0.4314281760309991
ISPY2-518000,0,256.0,52.0,6.0,0.0,2.0,5.0,2.6,0.6641,12.0,40.0,57.0,170.0,66.0,172.0,50.108546717294,34.0,0.0,1.0,0.0,0.0,0.0,TripleNeg,1.0,0.0,0.0,spy2,1,test,10,13,23,-1,29.0,114.0,107.0,170.0096,3.9339517379657094,10,0.4657196044921875,0.1559719489602481,0.2866530073785467,0.139810206127168,0.1372549019607843,0.2549019607843137,0.4627450980392157,0.0007110595703125,0.2035328584558823,0.3717074770938688,0.2405534202231546,0.1450980392156863,0.2941176470588235,0.7764705882352941,0.02010498046875,0.2174905575022978,0.3939522034673939,0.2521096090331057,0.1450980392156863,0.3058823529411765,0.8156862745098039,0.0239151000976562,0.0850544697153221,0.1788102282781955,0.3529411764705882,0.6403785849331421,0.022244726373525,0.4085381526563205
ISPY2-501303,1,256.0,128.0,6.0,0.0,2.0,5.0,1.2,0.6641,55.0,92.0,111.0,198.0,80.0,179.0,28.821056321976,47.0,0.0,0.0,0.0,0.0,1.0,HER2pos,0.0,1.0,0.0,spy2,0,train,10,12,21,4,38.0,88.0,100.0,170.0096,3.3952147319813695,10,0.622747802734375,0.0927584001129748,0.1983480576944978,0.0841189625209627,0.1137254901960784,0.1725490196078431,0.3294117647058823,0.0,0.2268234312768076,0.4637578320816913,0.2757584299140589,0.1372549019607843,0.4196078431372549,0.8980392156862745,0.0248733520507812,0.226571242388557,0.4569251606546289,0.2497321797390787,0.1686274509803921,0.4196078431372549,0.8392156862745098,0.020220947265625,0.2654097743871934,0.2429309670399658,0.6313725490196078,0.866067239398793,-0.0068326714270623,0.4800393146629131
ACRIN-6698-139973,0,256.0,64.0,7.0,0.0,2.0,6.0,2.5,0.625,22.0,51.0,31.0,168.0,103.0,173.0,9.412109375,41.0,,1.0,0.0,1.0,0.0,HRposHER2neg,0.0,0.0,1.0,spy2,0,train,10,9,19,1,30.0,138.0,71.0,160.0,2.3429694917832533,10,0.68092041015625,0.0988841875861672,0.2685873936398845,0.110736592275489,0.1254901960784313,0.2588235294117647,0.4156862745098039,0.0,0.168632339776731,0.4297138450621076,0.2649595355473857,0.0941176470588235,0.392156862745098,0.8509803921568627,0.0155075073242187,0.1836177392099418,0.4717892616321941,0.271779318584132,0.0980392156862745,0.4392156862745098,0.8705882352941177,0.012713623046875,0.1611264514222231,0.2243762201887291,0.5254901960784314,0.7531131642373465,0.0420754165700864,0.3933585829603275
ISPY2-778527,1,320.0,160.0,7.0,0.0,2.0,5.0,1.0,0.8333333135,101.0,120.0,110.0,143.0,223.0,246.0,2.707638760005279,44.0,0.0,0.0,1.0,0.0,0.0,TripleNeg,1.0,0.0,0.0,spy2,0,train,10,5,14,2,20.0,34.0,24.0,266.66666032,1.3103952211684988,10,0.6922988891601562,0.0860474231196384,0.2213996823345638,0.1090556784598859,0.1176470588235294,0.188235294117647,0.3803921568627451,0.0,0.1810320566214767,0.4010079338571361,0.2148917128100533,0.1803921568627451,0.3411764705882353,0.7294117647058823,0.00706787109375,0.1958654246610753,0.4251890119068628,0.2675886277494325,0.1725490196078431,0.3254901960784314,0.9215686274509804,0.0275802612304687,0.1796082515225723,0.1687822170574888,0.4235294117647059,0.908507103716744,0.0241810780497267,0.513540452753465
ACRIN-6698-345907,0,256.0,80.0,8.0,0.0,2.0,6.0,2.0,0.6641,21.0,40.0,132.0,189.0,145.0,190.0,5.691917821860001,61.0,1.0,0.0,0.0,0.0,0.0,TripleNeg,1.0,0.0,0.0,spy2,0,train,10,7,16,0,20.0,58.0,46.0,170.0096,1.9009005029923929,10,0.5667648315429688,0.146503589106541,0.3064245977690187,0.1636166357677745,0.1215686274509803,0.2705882352941176,0.5372549019607843,4.2724609375e-05,0.2157571052102481,0.4459013375183656,0.2632491494368514,0.1333333333333333,0.4078431372549019,0.8549019607843137,0.0192947387695312,0.2175341318167892,0.4467199049735241,0.2338323491544769,0.1607843137254902,0.4274509803921568,0.7803921568627451,0.0138168334960937,0.1394767397493469,0.1683523880102766,0.396078431372549,0.8088157083736902,0.0008185674551585,0.3837280972087699
ACRIN-6698-963604,0,256.0,72.0,7.0,0.0,2.0,6.0,2.2,0.7031,25.0,65.0,97.0,195.0,64.0,131.0,24.469218125858,51.0,0.0,1.0,0.0,1.0,0.0,HRposHER2neg,0.0,0.0,1.0,spy2,0,train,10,21,30,1,41.0,99.0,68.0,179.9936,3.2374705906740053,10,0.5057876586914063,0.1751699350394454,0.3355040250360859,0.1295208647097311,0.1529411764705882,0.3372549019607843,0.4980392156862745,0.0,0.2751289816463695,0.5100645426022159,0.2287925781834358,0.2117647058823529,0.5019607843137255,0.8392156862745098,0.0151168823242187,0.271813845166973,0.505261269710563,0.2248355525156093,0.2039215686274509,0.5019607843137255,0.8156862745098039,0.0066452026367187,0.17456051756613,0.1886727551925001,0.4509803921568627,0.8649312877639423,-0.004803272891653,0.4141598767471371
ISPY2-571276,0,256.0,72.0,7.0,0.0,2.0,6.0,2.2,0.7031,23.0,57.0,34.0,114.0,53.0,132.0,19.447911397244,48.0,0.0,0.0,1.0,0.0,0.0,TripleNeg,1.0,0.0,0.0,spy2,0,train,10,14,23,2,35.0,81.0,80.0,179.9936,3.0178807451088585,10,0.394317626953125,0.1973576145546109,0.3188323419255342,0.1070079236092648,0.2,0.2941176470588235,0.4745098039215686,0.0,0.2789623066023284,0.4494238967315651,0.1873099094999262,0.2745098039215686,0.4,0.6823529411764706,0.0243011474609375,0.2870293232038909,0.4614559319974273,0.1832859476269491,0.2705882352941176,0.4235294117647059,0.7098039215686275,0.0099197387695312,0.1305915548060308,0.1297917396806125,0.2980392156862745,0.9637224769486572,0.0120320352658622,0.3230815740414168
ACRIN-6698-861745,0,256.0,64.0,7.0,0.0,2.0,6.0,2.5,0.89999997615814,18.0,46.0,45.0,99.0,96.0,136.0,5.02604973371027,31.0,0.0,1.0,0.0,1.0,0.0,HRposHER2neg,0.0,0.0,1.0,spy2,0,train,10,5,28,0,29.0,55.0,41.0,230.39999389648383,1.7960916938619496,10,0.7317214965820312,0.0744705080518535,0.2324609678246423,0.0836452891003826,0.1215686274509803,0.2274509803921568,0.3450980392156862,0.0,0.1464377967984068,0.4353454850905605,0.2607707870875464,0.1529411764705882,0.3686274509803922,0.8823529411764706,0.0117416381835937,0.1499196729473039,0.4365781476025534,0.2490625989104173,0.1411764705882353,0.388235294117647,0.8313725490196079,0.0055328369140625,0.2028845172659182,0.2312990419595685,0.6,0.8577286868882202,0.0012326625119928,0.4499456827760367
ISPY2-517446,0,256.0,88.0,6.0,0.0,2.0,5.0,1.8,0.5859,19.0,52.0,83.0,191.0,70.0,140.0,14.893288483373995,63.0,1.0,1.0,0.0,1.0,0.0,HRposHER2neg,0.0,0.0,1.0,spy2,0,train,10,11,20,0,34.0,109.0,71.0,149.9904,2.7658969121496417,10,0.5325515747070313,0.1421552530924479,0.2674005134636187,0.1537302286839189,0.1176470588235294,0.2196078431372549,0.4745098039215686,0.0001678466796875,0.2097460339116115,0.3763462770687373,0.2507767252599821,0.1058823529411764,0.3137254901960784,0.7411764705882353,0.019818115234375,0.228391071394378,0.4093823376118981,0.2613027953150919,0.1176470588235294,0.3529411764705882,0.807843137254902,0.0228103637695312,0.1089457636051185,0.2059834574399978,0.4117647058823529,0.6959101933428432,0.0330360605431608,0.3614593908215194
ISPY2-528479,0,256.0,80.0,8.0,0.0,2.0,6.0,2.0,0.703125,23.0,48.0,48.0,139.0,96.0,154.0,7.61055908203125,63.0,1.0,1.0,0.0,0.0,0.0,TripleNeg,1.0,0.0,0.0,spy2,0,train,10,7,16,3,26.0,92.0,59.0,180.0,2.1529892503653434,10,0.68372802734375,0.0866347608379289,0.2066907630704449,0.0791419246649244,0.1215686274509803,0.196078431372549,0.3019607843137254,0.0,0.1686435056200214,0.3966642108616962,0.2821398275306958,0.1490196078431372,0.2862745098039215,1.0,0.0335662841796875,0.1667105820599724,0.4035384214282416,0.2425628804594222,0.1647058823529411,0.3254901960784314,0.8313725490196079,0.0026565551757812,0.1899734477912512,0.2693283458516928,0.7411764705882353,0.8257265814967771,0.0068742105665455,0.3955382299587016
ISPY2-431061,0,256.0,62.0,7.0,0.0,2.0,5.0,2.6,0.7227,16.0,35.0,129.0,208.0,125.0,174.0,7.206734870478001,57.0,1.0,1.0,0.0,1.0,0.0,HRposHER2neg,0.0,0.0,1.0,spy2,0,train,10,8,17,4,20.0,80.0,50.0,185.0112,2.1049551428348985,10,0.36270751953125,0.1763805853151807,0.2663553869457067,0.0969260944644335,0.1725490196078431,0.2431372549019607,0.3843137254901961,0.0,0.2319322952569699,0.3486539724783357,0.1643776770860069,0.2235294117647059,0.2980392156862745,0.5372549019607843,0.0140426635742187,0.2407885682349111,0.3610221020620403,0.1638762768147664,0.2274509803921568,0.3137254901960784,0.5607843137254902,0.0115890502929687,0.0822985855326289,0.129320957831872,0.2196078431372549,0.7839873005535656,0.0123681295837046,0.3369088436416572
ISPY2-168044,0,256.0,64.0,7.0,0.0,2.0,5.0,2.5,0.625,13.0,48.0,112.0,232.0,82.0,188.0,47.6806640625,64.0,1.0,1.0,0.0,1.0,0.0,HRposHER2neg,0.0,0.0,1.0,spy2,1,test,10,10,20,-1,36.0,121.0,107.0,160.0,3.8852819094087816,10,0.4935760498046875,0.1476492848115808,0.2687224505638828,0.1383224425510963,0.1215686274509803,0.2352941176470588,0.4823529411764706,6.103515625e-06,0.2480300364774816,0.4436123000828883,0.2452951625701974,0.1686274509803921,0.396078431372549,0.8274509803921568,0.01566162109375,0.2668315573299632,0.4733769457043114,0.2443280275216117,0.196078431372549,0.4235294117647059,0.8549019607843137,0.0171646118164062,0.1748898495190055,0.1760929119970252,0.4235294117647059,0.9232757841453494,0.0297646456214231,0.2721564373738286
ISPY2-227832,0,256.0,134.0,6.0,0.0,2.0,5.0,1.2,0.7031,25.0,95.0,96.0,221.0,100.0,188.0,44.58756646418399,53.0,0.0,1.0,0.0,1.0,1.0,HER2pos,0.0,1.0,0.0,spy2,0,train,10,29,38,1,71.0,126.0,89.0,179.9936,3.819635014081287,10,0.6497787475585938,0.1154646331188725,0.281066288863653,0.1625931870627466,0.1137254901960784,0.2235294117647059,0.5333333333333333,1.373291015625e-05,0.1912902113970588,0.4546411960595515,0.267445703898353,0.1450980392156863,0.4078431372549019,0.8941176470588236,0.0280197143554687,0.2006175740559896,0.4841081737917783,0.2866413759749437,0.1529411764705882,0.4235294117647059,1.0,0.0381332397460937,0.1735749071958984,0.1682601655911653,0.4392156862745098,0.881392116625494,0.0294669777322268,0.3652737657992079
ACRIN-6698-724384,0,256.0,80.0,8.0,0.0,2.0,6.0,2.0,0.6445,30.0,48.0,148.0,204.0,118.0,168.0,5.0585006845,43.0,0.0,1.0,0.0,1.0,0.0,HRposHER2neg,0.0,0.0,1.0,spy2,0,train,10,7,16,0,19.0,57.0,51.0,164.992,1.801462357671195,10,0.5228866577148438,0.177129456763174,0.3557962694673911,0.191611488408555,0.1333333333333333,0.3176470588235294,0.6549019607843137,0.0,0.2597582828297334,0.519070886691448,0.2584859702779843,0.2,0.4980392156862745,0.9137254901960784,0.0206497192382812,0.2659640861960018,0.5269319586566049,0.2458445806165793,0.2117647058823529,0.5019607843137255,0.8784313725490196,0.0125701904296875,0.1632746172240567,0.1455724190593585,0.3529411764705882,0.9350648104617806,0.0078610719651569,0.4398700272801993
ISPY2-621179,0,384.0,176.0,7.0,0.0,2.0,5.0,1.1000000238,0.8854166865,39.0,71.0,82.0,175.0,232.0,276.0,11.221015285413976,53.0,1.0,1.0,0.0,1.0,0.0,HRposHER2neg,0.0,0.0,1.0,spy2,0,train,10,13,22,3,33.0,94.0,45.0,340.000007616,2.503157034204936,10,0.5208297729492187,0.1430590640797334,0.2785384314761987,0.1399978439366881,0.1607843137254902,0.2392156862745098,0.4666666666666667,0.00084228515625,0.2135985310872395,0.4240176644107866,0.2139817814248396,0.2196078431372549,0.3450980392156862,0.7411764705882353,0.01597900390625,0.2205701281977634,0.4372433069282536,0.2042518585740753,0.2392156862745098,0.3725490196078431,0.7137254901960784,0.0210769653320312,0.1454792329345878,0.1644407493317085,0.4392156862745098,0.9042254059338468,0.013225642517467,0.3382553840568865
ISPY2-568953,0,256.0,66.0,7.0,0.0,2.0,5.0,2.4,0.5859,31.0,54.0,78.0,174.0,60.0,167.0,34.53988999305599,59.0,1.0,1.0,0.0,1.0,0.0,HRposHER2neg,0.0,0.0,1.0,spy2,0,train,10,10,19,4,24.0,97.0,108.0,149.9904,3.570655727422221,10,0.4282516479492187,0.1290923892750459,0.2136190890190039,0.0825119883944041,0.1294117647058823,0.192156862745098,0.3568627450980392,0.0,0.1958387187882965,0.3218655857943936,0.2023968219279858,0.1725490196078431,0.2509803921568627,0.5725490196078431,0.0191314697265625,0.2237361533969056,0.3674481158859684,0.2105485785952115,0.2039215686274509,0.2901960784313726,0.6784313725490196,0.0244766235351562,0.1082464967753897,0.1552563956537904,0.2941176470588235,0.8825837134141622,0.0455825300915747,0.1812084835642285
ACRIN-6698-779739,1,256.0,80.0,8.0,0.0,2.0,6.0,2.0,0.6641,17.0,33.0,90.0,158.0,74.0,126.0,4.78339847326,47.0,0.0,0.0,0.0,1.0,1.0,HER2pos,0.0,1.0,0.0,spy2,0,train,10,4,13,2,17.0,69.0,53.0,170.0096,1.7549914810492233,10,0.7419479370117188,0.0778106330422794,0.2435180563589402,0.1303333124702052,0.1098039215686274,0.2078431372549019,0.4352941176470588,0.0,0.1203100286745557,0.3719707913085349,0.2423107179571133,0.1294117647058823,0.3019607843137254,0.7568627450980392,0.0079483032226562,0.1214099001416973,0.3678569436845382,0.2107558006416058,0.1411764705882353,0.3215686274509804,0.6666666666666666,0.0039505004882812,0.1284527349495946,0.1772297940493001,0.4,0.7965018300939586,-0.0041138476239967,0.3617436449322067
ACRIN-6698-863161,1,384.0,160.0,7.0,0.0,2.0,5.0,1.0,0.859375,66.0,107.0,139.0,191.0,43.0,93.0,15.78819580078125,55.0,1.0,1.0,0.0,0.0,1.0,HER2pos,0.0,1.0,0.0,spy2,0,train,10,19,28,4,42.0,53.0,51.0,330.0,2.820676008542552,10,0.7247314453125,0.0916867843328737,0.2605944089387418,0.1737582957990051,0.1137254901960784,0.196078431372549,0.5019607843137255,0.0019577026367187,0.144202683392693,0.4155769096995783,0.2718805589996433,0.1333333333333333,0.3450980392156862,0.8862745098039215,0.0219146728515625,0.1448953546262255,0.4143857440980827,0.2675383186160202,0.1333333333333333,0.3450980392156862,0.8784313725490196,0.0208160400390625,0.1549825007608365,0.1946350763104399,0.4862745098039215,0.837810421286031,-0.0011911656014955,0.4172394678492239
ISPY2-247641,0,256.0,66.0,7.0,0.0,2.0,6.0,2.4,0.6641,36.0,50.0,98.0,178.0,129.0,174.0,10.620679390896,63.0,1.0,1.0,0.0,0.0,0.0,TripleNeg,1.0,0.0,0.0,spy2,0,train,10,4,13,1,15.0,81.0,46.0,170.0096,2.4527862170894856,10,0.5153823852539062,0.1194587019378063,0.2319230273666713,0.0840675558002767,0.1450980392156863,0.2156862745098039,0.3333333333333333,0.0,0.1579169538909313,0.3079586794273627,0.1734766583885483,0.1725490196078431,0.2588235294117647,0.4862745098039215,0.0135696411132812,0.1635366402420343,0.3128245761133367,0.180663712449561,0.1607843137254902,0.2588235294117647,0.5215686274509804,0.0108001708984375,0.0760356520606914,0.1301052512350596,0.196078431372549,0.7986989883469406,0.0048658966859739,0.4541166691330892
ISPY2-495440,0,256.0,80.0,8.0,0.0,2.0,6.0,2.0,0.703125,17.0,66.0,21.0,202.0,71.0,206.0,122.22279052734376,49.0,0.0,1.0,0.0,1.0,0.0,HRposHER2neg,0.0,0.0,1.0,spy2,0,train,10,22,31,0,50.0,182.0,136.0,180.0,4.813994022037862,10,0.4705825805664062,0.172195296942019,0.3091613186595082,0.1063488476585079,0.1803921568627451,0.3019607843137254,0.4509803921568627,0.0,0.2757513667087928,0.5000540663984201,0.2255013805509036,0.2705882352941176,0.4235294117647059,0.8901960784313725,0.0327362060546875,0.2869416599647671,0.5159791327550766,0.2240515020789514,0.2941176470588235,0.4431372549019607,0.976470588235294,0.0499343872070312,0.1908927477389118,0.2095268073358816,0.5490196078431373,0.916431048048905,0.0159250663566565,0.3512086442490323
ISPY2-679787,0,256.0,160.0,7.0,0.0,2.0,6.0,1.0,0.703125,104.0,146.0,68.0,197.0,113.0,177.0,11.8751220703125,33.0,0.0,1.0,0.0,0.0,0.0,TripleNeg,1.0,0.0,0.0,spy2,0,train,10,13,28,0,43.0,130.0,65.0,180.0,2.555296927694174,10,0.710784912109375,0.0929266297583486,0.2951669159802783,0.1383895415665259,0.1372549019607843,0.2705882352941176,0.4823529411764706,7.62939453125e-06,0.1430914665670955,0.3994682275147053,0.2506564489140534,0.0980392156862745,0.3686274509803922,0.7529411764705882,0.0059234619140625,0.1621845679189644,0.4623015473995866,0.2826954673952346,0.1215686274509803,0.4196078431372549,0.8901960784313725,0.0155181884765625,0.104301311534427,0.2073112474460979,0.3803921568627451,0.6806848158700011,0.0628333198848812,0.3647567795715944
ISPY2-910188,0,384.0,176.0,7.0,0.0,2.0,5.0,1.1000000238,0.8333333135,103.0,139.0,178.0,224.0,93.0,142.0,10.709721944158884,64.0,1.0,1.0,0.0,1.0,0.0,HRposHER2neg,0.0,0.0,1.0,spy2,0,train,10,16,25,3,37.0,47.0,50.0,319.999992384,2.4604194321662094,10,0.5580062866210938,0.1365530694699755,0.2603241946494649,0.1499356429581405,0.1215686274509803,0.2196078431372549,0.4431372549019607,0.0020065307617187,0.2100734994925704,0.4018473266785871,0.2108658753616714,0.188235294117647,0.3529411764705882,0.6901960784313725,0.0179458618164062,0.2076617012771905,0.3986623899210142,0.2161851237217838,0.1764705882352941,0.3529411764705882,0.6823529411764706,0.0217010498046875,0.1415231320291222,0.1553781519726856,0.3843137254901961,0.8990143786788186,-0.0031849367575728,0.4737127371273713
ISPY2-141782,0,256.0,160.0,7.0,0.0,2.0,5.0,0.8999999762,1.171875,75.0,118.0,71.0,116.0,168.0,220.0,4.2640684907547,54.0,0.0,1.0,0.0,1.0,1.0,HER2pos,0.0,1.0,0.0,spy2,0,train,10,21,30,0,44.0,46.0,53.0,300.0,1.6609042050999787,10,0.6113510131835938,0.1403841684378829,0.3007708956651505,0.1890896955310937,0.1176470588235294,0.2431372549019607,0.5725490196078431,0.0027175903320312,0.187119140625,0.3959263138324959,0.2387716898352981,0.1372549019607843,0.3411764705882353,0.7686274509803922,0.0146133422851562,0.1941107476926317,0.4122963320504189,0.2412154236021237,0.1372549019607843,0.3607843137254902,0.7725490196078432,0.01572265625,0.0951554181673454,0.1590452353269901,0.3058823529411765,0.7343789874560767,0.016370018217923,0.4246284917846136
ACRIN-6698-401215,0,256.0,80.0,8.0,0.0,2.0,6.0,2.0,0.625,11.0,41.0,66.0,143.0,77.0,187.0,5.715625,46.0,0.0,1.0,0.0,1.0,0.0,HRposHER2neg,0.0,0.0,1.0,spy2,0,train,10,5,14,4,31.0,78.0,111.0,160.0,1.9044369008487383,10,0.6797943115234375,0.0997859461167279,0.2733406214522978,0.1386983533457731,0.1176470588235294,0.2470588235294117,0.4588235294117647,0.000103759765625,0.142692123113894,0.3841237111475517,0.188502525703312,0.1725490196078431,0.3529411764705882,0.6313725490196078,0.0044845581054687,0.1504998539943321,0.4013971137180152,0.188800500944827,0.188235294117647,0.3764705882352941,0.6352941176470588,0.0065048217773437,0.1107830896952538,0.1078981370114702,0.2470588235294117,0.9034024303073624,0.0172734025704634,0.3359065999523469
ISPY2-683173,1,256.0,80.0,8.0,0.0,2.0,6.0,2.0,0.625,17.0,39.0,54.0,185.0,115.0,181.0,12.47890625,51.0,0.0,1.0,0.0,1.0,0.0,HRposHER2neg,0.0,0.0,1.0,spy2,1,test,10,8,17,-1,23.0,132.0,67.0,160.0,2.601125963468201,10,0.6046554565429687,0.1182556212182138,0.2734056656013364,0.1700219408281992,0.1137254901960784,0.2078431372549019,0.5333333333333333,0.0004180908203125,0.1744540405273437,0.395438885106211,0.2404553525462656,0.1686274509803921,0.3137254901960784,0.788235294117647,0.021466064453125,0.1937930297851562,0.438128636223665,0.2440109059806991,0.192156862745098,0.3647058823529411,0.8666666666666667,0.023040771484375,0.1220332195048745,0.1217775989880185,0.2980392156862745,0.918222414345428,0.042689751117454,0.1702631873497161
ISPY2-102011,1,256.0,72.0,7.0,0.0,2.0,6.0,2.2,0.7031,32.0,51.0,108.0,159.0,133.0,187.0,3.79017845987,32.0,0.0,0.0,1.0,1.0,0.0,HRposHER2neg,0.0,0.0,1.0,spy2,0,train,10,7,16,3,20.0,52.0,55.0,179.9936,1.566567667486637,10,0.5423721313476563,0.185989990234375,0.394477250473196,0.1442437921042075,0.2509803921568627,0.3450980392156862,0.6274509803921569,6.256103515625e-05,0.2355800733379289,0.5004148093346124,0.1984700854942355,0.3019607843137254,0.4313725490196078,0.8117647058823529,0.0102035522460937,0.2440522855870864,0.5169434906211718,0.2116760252679841,0.3019607843137254,0.4431372549019607,0.8470588235294118,0.01881103515625,0.1059375588614164,0.1010010663000474,0.2352941176470588,0.9007472216757638,0.0165286812865594,0.3908859628356412
ISPY2-703401,0,256.0,72.0,7.0,0.0,2.0,6.0,2.2,0.7031,36.0,54.0,106.0,145.0,87.0,123.0,1.699870568946,46.0,0.0,1.0,0.0,1.0,0.0,HRposHER2neg,0.0,0.0,1.0,spy2,0,train,10,6,15,1,19.0,40.0,37.0,179.9936,0.9932038344338407,10,0.5276153564453125,0.154516954608992,0.3120298831783425,0.11264728652599,0.1490196078431372,0.3294117647058823,0.4352941176470588,0.0,0.2335144641352634,0.4583537751916214,0.2219736522057824,0.2039215686274509,0.4156862745098039,0.8117647058823529,0.021295166015625,0.2376155239928002,0.4677969446721392,0.2039586702915879,0.2196078431372549,0.4392156862745098,0.7607843137254902,0.011175537109375,0.1463238920132789,0.1949200349510095,0.4666666666666667,0.8254323571783889,0.0094431694805177,0.3640586338999037
ISPY2-664658,1,256.0,134.0,6.0,0.0,2.0,5.0,1.2,0.7422,42.0,104.0,101.0,214.0,82.0,138.0,32.55918080904,39.0,0.0,1.0,0.0,1.0,0.0,HRposHER2neg,0.0,0.0,1.0,spy2,0,train,10,25,35,0,63.0,114.0,57.0,190.0032,3.5133104715585324,10,0.5332839965820313,0.1191745473824295,0.2278706809450756,0.1145396133356946,0.1176470588235294,0.188235294117647,0.4078431372549019,4.57763671875e-06,0.2446323649088541,0.4662960070367634,0.2649384648568664,0.1725490196078431,0.4117647058823529,0.8941176470588236,0.0292312622070312,0.2326944747625612,0.445141534988583,0.2501916385785017,0.1686274509803921,0.396078431372549,0.8352941176470589,0.021783447265625,0.2384253260916878,0.2093339904823834,0.5686274509803921,0.9538590302320944,-0.0211544720481803,0.4431501273429301
ISPY2-345460,0,320.0,180.0,7.0,0.0,2.0,6.0,1.0,0.703125,55.0,84.0,95.0,153.0,156.0,235.0,4.525103759765625,45.0,0.0,1.0,0.0,1.0,0.0,HRposHER2neg,0.0,0.0,1.0,spy2,0,train,10,8,17,2,30.0,59.0,80.0,225.0,1.7093020272755506,10,0.5664505004882813,0.1266986024145986,0.2762729922768985,0.1474105715635314,0.1254901960784313,0.2235294117647059,0.5019607843137255,4.57763671875e-06,0.1539942363664215,0.3194588715326767,0.2242463583262304,0.0941176470588235,0.2470588235294117,0.6509803921568628,0.0039688110351562,0.1722408100202971,0.3573351590584321,0.2463141848284791,0.1019607843137254,0.2784313725490196,0.7294117647058823,0.0104339599609375,0.0431858792557782,0.1472407503044751,0.2352941176470588,0.567854264406207,0.0378762875257553,0.3832281588422241
ISPY2-999733,0,256.0,66.0,7.0,0.0,2.0,6.0,2.4,0.5664,16.0,33.0,74.0,145.0,49.0,98.0,6.655374360575999,47.0,0.0,1.0,0.0,1.0,0.0,HRposHER2neg,0.0,0.0,1.0,spy2,0,train,10,6,15,3,18.0,72.0,50.0,144.9984,2.0354079319734515,10,0.5054244995117188,0.1503054749731924,0.2914040486074877,0.110339516274749,0.1764705882352941,0.2627450980392157,0.4431372549019607,1.52587890625e-06,0.1932453888537837,0.3759269708037476,0.1869364268523555,0.2039215686274509,0.3176470588235294,0.6196078431372549,0.0128753662109375,0.2263316734164369,0.4399434495587668,0.2069169545322713,0.2352941176470588,0.3725490196078431,0.7294117647058823,0.0189117431640625,0.0845229221962599,0.1284273668276206,0.2039215686274509,0.8349062861550328,0.0640164787550191,0.1784589278827612
ISPY2-689188,1,256.0,72.0,7.0,0.0,2.0,6.0,2.2,0.7031,0.0,20.0,60.0,155.0,73.0,166.0,22.744333466646,72.0,1.0,0.0,1.0,1.0,0.0,HRposHER2neg,0.0,0.0,1.0,spy2,0,train,10,7,16,0,21.0,96.0,94.0,179.9936,3.1673439111352555,10,0.3790786743164063,0.1816674505495557,0.2813604424978281,0.1124410025283162,0.1686274509803921,0.2549019607843137,0.4392156862745098,0.0,0.250236343682981,0.3849402482316407,0.2075704606152667,0.2039215686274509,0.3215686274509804,0.6980392156862745,0.0257217407226562,0.268271837421492,0.4117075871921336,0.2030895498224057,0.2274509803921568,0.3450980392156862,0.7098039215686275,0.0260711669921875,0.1035798057338125,0.145133016140713,0.3372549019607843,0.8690428504375478,0.0267673389604928,0.2625384897045416
ACRIN-6698-285339,1,256.0,160.0,7.0,0.0,2.0,6.0,1.0,0.66666668653488,29.0,84.0,17.0,128.0,136.0,206.0,28.112890564547538,56.0,1.0,1.0,0.0,0.0,1.0,HER2pos,0.0,1.0,0.0,spy2,0,train,10,20,29,1,56.0,112.0,71.0,170.6666717529293,3.371181050819827,10,0.6105636596679688,0.1096741081686581,0.2615627778493548,0.0915140625838522,0.1490196078431372,0.2549019607843137,0.392156862745098,0.0,0.1955329147039675,0.4513967940587592,0.2496208929536338,0.2,0.3843137254901961,0.8980392156862745,0.0176254272460937,0.1930828618068321,0.4496608283585983,0.2223636195896139,0.192156862745098,0.4156862745098039,0.7803921568627451,0.0045166015625,0.1898340162094043,0.2242028332209192,0.6,0.8782506141735986,-0.0017359657001609,0.4262697818753159
ISPY2-164468,0,256.0,72.0,7.0,0.0,2.0,6.0,2.2,0.7031,6.0,60.0,75.0,233.0,32.0,186.0,135.92004109059198,45.0,0.0,1.0,0.0,0.0,0.0,TripleNeg,1.0,0.0,0.0,spy2,0,train,10,30,39,1,55.0,159.0,155.0,179.9936,4.919397113768513,10,0.3944625854492187,0.204972629921109,0.3265875672800587,0.1300722928939446,0.1529411764705882,0.3098039215686274,0.5176470588235295,4.730224609375e-05,0.3074051142673866,0.4808845158343295,0.2290884923986899,0.2313725490196078,0.4235294117647059,0.8549019607843137,0.026507568359375,0.3425427485447304,0.5313983950369323,0.2324740955010156,0.2627450980392157,0.4862745098039215,0.9058823529411764,0.0314651489257812,0.1542969485542708,0.1480924372822359,0.396078431372549,0.9201930224646904,0.0505138792026026,0.274044022225302
ISPY2-473365,0,256.0,72.0,7.0,0.0,2.0,6.0,2.2,0.7031,7.0,19.0,142.0,190.0,130.0,172.0,2.970151326802,63.0,1.0,1.0,0.0,1.0,0.0,HRposHER2neg,0.0,0.0,1.0,spy2,0,train,10,5,14,4,13.0,49.0,43.0,179.9936,1.3788042115550103,10,0.638739013671875,0.1701888320025275,0.4373564874766409,0.1980272095722969,0.1803921568627451,0.4196078431372549,0.7450980392156863,0.0005630493164062,0.2295823459999234,0.5720642812870304,0.2219525672866767,0.3058823529411765,0.5450980392156862,0.8980392156862745,0.0184371948242187,0.2274081121706495,0.5693470964895107,0.2129570654337943,0.3137254901960784,0.5529411764705883,0.8862745098039215,0.0122787475585937,0.1347077938103894,0.1958710303438766,0.4470588235294118,0.8417738093226782,-0.0027171847975196,0.3532201929412559
ACRIN-6698-843554,0,256.0,80.0,8.0,0.0,2.0,6.0,2.0,0.703125,12.0,38.0,96.0,188.0,87.0,174.0,23.50997314453125,31.0,0.0,0.0,1.0,0.0,0.0,TripleNeg,1.0,0.0,0.0,spy2,1,test,10,12,21,-1,27.0,93.0,88.0,180.0,3.1990801018450616,10,0.4554962158203125,0.2029536707261029,0.3559008977674007,0.1320330912748349,0.2196078431372549,0.3333333333333333,0.5215686274509804,0.000244140625,0.2746802834903493,0.4852256034431506,0.1944333478295867,0.3019607843137254,0.4274509803921568,0.803921568627451,0.0210556030273437,0.2797522630878523,0.4938727894155033,0.1945608768512607,0.3058823529411765,0.4392156862745098,0.803921568627451,0.017962646484375,0.1293247056757498,0.1608287607710034,0.3294117647058823,0.9105916838075808,0.0086471859723527,0.3906587155243438
ISPY2-467622,0,256.0,64.0,7.0,0.0,2.0,6.0,2.5,0.89999997615814,19.0,39.0,22.0,86.0,108.0,164.0,24.71512369054546,42.0,0.0,1.0,0.0,1.0,0.0,HRposHER2neg,0.0,0.0,1.0,spy2,0,train,10,9,18,2,21.0,65.0,57.0,230.39999389648383,3.2470792892695775,10,0.6181655883789062,0.1097364896886489,0.258482725808245,0.0810320708607792,0.1411764705882353,0.2627450980392157,0.3607843137254902,0.0,0.2271975827684589,0.5209957633443605,0.2510910867800797,0.2313725490196078,0.4470588235294118,0.9019607843137256,0.01492919921875,0.2206058457318474,0.5030388908987321,0.2116366724851127,0.2470588235294117,0.4705882352941176,0.803921568627451,0.00361328125,0.2625130375361154,0.2296106101854545,0.6196078431372549,0.9305304129252436,-0.0179568724456282,0.4575465854642961
ISPY2-483667,0,256.0,160.0,7.0,0.0,2.0,6.0,1.0,0.64453125,40.0,93.0,35.0,82.0,77.0,125.0,4.289632415771484,46.0,0.0,1.0,0.0,1.0,1.0,HER2pos,0.0,1.0,0.0,spy2,0,train,10,27,38,1,54.0,48.0,49.0,165.0,1.6657487568342533,10,0.4670120239257812,0.1793327122108609,0.3135025787503026,0.1624410552477709,0.1411764705882353,0.2862745098039215,0.5254901960784314,0.0017822265625,0.2124584422392003,0.355505168924045,0.2184700235418257,0.1333333333333333,0.3098039215686274,0.6666666666666666,0.0197494506835937,0.2200948498295802,0.357292345021112,0.2247519167713739,0.1215686274509803,0.3137254901960784,0.6823529411764706,0.0214370727539062,0.0420025901737423,0.1407454701608756,0.2156862745098039,0.5787391318039845,0.001787176097067,0.4677511243948594
ISPY2-798604,1,384.0,160.0,7.0,0.0,2.0,5.0,1.3999999762,0.9375,98.0,121.0,133.0,171.0,57.0,89.0,3.2189061952785933,55.0,1.0,1.0,0.0,0.0,0.0,TripleNeg,1.0,0.0,0.0,spy2,0,train,10,8,17,3,24.0,39.0,33.0,360.0,1.4395758990193661,10,0.6087265014648438,0.1322446636125153,0.3001495449305782,0.168263599040628,0.1529411764705882,0.2470588235294117,0.5137254901960784,0.0025344848632812,0.1626846612668505,0.3728269130407354,0.1979252381326461,0.196078431372549,0.3176470588235294,0.6392156862745098,0.0125076293945312,0.1732084446327359,0.3969489530822566,0.2035821559991444,0.2156862745098039,0.3372549019607843,0.6784313725490196,0.0176910400390625,0.0726773681101572,0.0951918615723964,0.1568627450980392,0.8459003607292581,0.0241220400415211,0.3050599590523545
ISPY2-532183,0,256.0,134.0,6.0,0.0,2.0,5.0,1.2,0.6641,31.0,112.0,87.0,215.0,71.0,191.0,58.67094465192,47.0,0.0,1.0,0.0,0.0,0.0,TripleNeg,1.0,0.0,0.0,spy2,0,train,10,44,53,0,82.0,129.0,121.0,170.0096,4.088845212679333,10,0.7902969360351563,0.0773813105564491,0.2726372635337433,0.136359579509498,0.1215686274509803,0.2392156862745098,0.4784313725490196,0.0,0.1495367491479013,0.5163320031827737,0.2883073100712409,0.188235294117647,0.4352941176470588,1.0,0.0318206787109375,0.1539914658490349,0.5316228421791983,0.297441980128545,0.192156862745098,0.4431372549019607,1.0,0.0383743286132812,0.2436947396490303,0.2020114590896718,0.5372549019607843,0.905145127373009,0.0152908389964247,0.3808165552167997
ACRIN-6698-432114,1,256.0,134.0,6.0,0.0,2.0,5.0,1.2,0.7813,22.0,52.0,100.0,142.0,124.0,170.0,9.646498305132,50.0,,1.0,0.0,1.0,1.0,HER2pos,0.0,1.0,0.0,spy2,0,train,10,8,20,4,31.0,43.0,47.0,200.0128,2.365231040449451,10,0.8102935791015625,0.0676401355219822,0.2700960126019103,0.167004332733088,0.1137254901960784,0.2117647058823529,0.5607843137254902,0.0,0.1116881965188419,0.4245992745826674,0.2662876331179884,0.1568627450980392,0.3333333333333333,0.9098039215686274,0.014007568359375,0.1230725696040134,0.4572899268936537,0.2778515048752947,0.1647058823529411,0.3686274509803922,0.992156862745098,0.0186965942382812,0.1545032619807571,0.1400668458727769,0.3686274509803922,0.8783681611247849,0.0326906523109863,0.2149188423982111
ISPY2-804233,1,256.0,72.0,7.0,0.0,2.0,6.0,2.2,0.7031,31.0,56.0,89.0,160.0,131.0,180.0,9.446625567412,46.0,0.0,1.0,0.0,0.0,0.0,TripleNeg,1.0,0.0,0.0,spy2,1,test,10,9,18,-1,26.0,72.0,50.0,179.9936,2.346279014054068,10,0.463751220703125,0.2221861835554534,0.401166764751633,0.1318148077053534,0.2705882352941176,0.3725490196078431,0.596078431372549,0.001605224609375,0.2724257585114124,0.4920078606340953,0.1785086971858909,0.3254901960784314,0.4431372549019607,0.7529411764705882,0.0192672729492187,0.2909365725049785,0.5276984803413848,0.1877278961865044,0.3450980392156862,0.4823529411764706,0.8196078431372549,0.02415771484375,0.0908410958824623,0.1196122844786603,0.2392156862745098,0.8297072582205579,0.0356906197072894,0.3152181336004279
ACRIN-6698-474874,1,256.0,80.0,7.0,0.0,2.0,5.0,2.0,0.5859,33.0,68.0,27.0,180.0,35.0,169.0,62.02842129414,41.0,0.0,1.0,0.0,0.0,1.0,HER2pos,0.0,1.0,0.0,spy2,0,train,10,18,27,2,36.0,154.0,135.0,149.9904,4.143585756315259,10,0.612237548828125,0.1044803215475643,0.2314609418715149,0.1142299522876286,0.1137254901960784,0.196078431372549,0.4117647058823529,0.0,0.1736221732345282,0.3872435442200365,0.2642624169193452,0.1294117647058823,0.2941176470588235,0.8352941176470589,0.021575927734375,0.1958258595186121,0.4382312355771353,0.2762011035138749,0.1529411764705882,0.3372549019607843,0.9019607843137256,0.0222991943359375,0.1557826023485215,0.1881524335950715,0.4823529411764706,0.8667855062882687,0.0509876913570987,0.2380924273189466
ISPY2-614434,1,320.0,76.0,7.0,0.0,2.0,5.0,2.4,0.5078,19.0,30.0,82.0,141.0,134.0,188.0,4.073376117312,56.0,0.0,1.0,0.0,1.0,1.0,HER2pos,0.0,1.0,0.0,spy2,0,train,10,3,12,4,12.0,60.0,55.0,162.496,1.6240064968399899,10,0.4149795532226562,0.170106949151731,0.2749812934858371,0.1134695233665005,0.1647058823529411,0.2431372549019607,0.4313725490196078,0.0,0.2301106591318168,0.3750134056319457,0.1891650705805034,0.2235294117647059,0.3098039215686274,0.6470588235294118,0.020135498046875,0.2437970090379902,0.3976526885496699,0.1917925524008871,0.2352941176470588,0.3333333333333333,0.6823529411764706,0.0168426513671875,0.1000321121461085,0.132382933981578,0.2352941176470588,0.8846788854431024,0.0226392829177242,0.3038896815067332
ISPY2-521860,0,256.0,160.0,7.0,0.0,2.0,6.0,1.0,0.703125,49.0,140.0,77.0,187.0,101.0,215.0,157.14019775390625,35.0,0.0,1.0,0.0,0.0,0.0,TripleNeg,1.0,0.0,0.0,spy2,0,train,10,40,60,4,92.0,111.0,115.0,180.0,5.063481967140963,10,0.5629348754882812,0.1210397279028799,0.2507559289535284,0.1172172600407005,0.1137254901960784,0.2392156862745098,0.4078431372549019,0.0,0.2136086856617647,0.4185483959848537,0.2914130559640802,0.1019607843137254,0.3411764705882353,0.8980392156862745,0.0193389892578125,0.2225634167241115,0.4318411630192252,0.2736464594676214,0.1137254901960784,0.3843137254901961,0.8196078431372549,0.0142318725585937,0.1677924670313252,0.2248636785467492,0.5333333333333333,0.747736833836647,0.0132927670343714,0.3997625988444149
ACRIN-6698-793155,0,256.0,160.0,6.0,0.0,2.0,5.0,1.0,0.64453125,92.0,110.0,109.0,161.0,132.0,170.0,2.055085372924805,58.0,1.0,1.0,0.0,1.0,0.0,HRposHER2neg,0.0,0.0,1.0,spy2,0,train,10,6,15,1,19.0,53.0,39.0,165.0,1.1168075375439974,10,0.551336669921875,0.1525876752068014,0.3091866168715102,0.1855343345418715,0.1254901960784313,0.2509803921568627,0.592156862745098,0.0021255493164062,0.1887116914636948,0.3645494789353525,0.2326129894078162,0.1137254901960784,0.3098039215686274,0.7098039215686275,0.0143447875976562,0.2008979887120864,0.3880036431446703,0.2403369399969428,0.1254901960784313,0.3372549019607843,0.7529411764705882,0.0176010131835937,0.0553628620638422,0.1398855870029343,0.2156862745098039,0.6339053721313036,0.0234541642093178,0.3886666938742195
ISPY2-484894,0,256.0,72.0,7.0,0.0,2.0,6.0,2.2,0.7031,18.0,40.0,122.0,204.0,84.0,140.0,12.049178524218,31.0,0.0,1.0,0.0,1.0,0.0,HRposHER2neg,0.0,0.0,1.0,spy2,0,train,10,8,17,3,23.0,83.0,57.0,179.9936,2.5687251834515874,10,0.50255126953125,0.1256512570848652,0.2317560473675372,0.0995476071859024,0.1215686274509803,0.2078431372549019,0.3803921568627451,0.0,0.2247410613415288,0.4076179172314308,0.2657491290788156,0.1411764705882353,0.3176470588235294,0.8431372549019608,0.0120101928710937,0.224305850758272,0.4099755762038319,0.2429047840485979,0.1529411764705882,0.3411764705882353,0.796078431372549,0.0056594848632812,0.1758618698638936,0.2060865198747957,0.5137254901960784,0.8530465510048834,0.002357658972401,0.3853341022306201
ISPY2-242370,1,256.0,72.0,7.0,0.0,2.0,6.0,2.2,0.7031,31.0,48.0,114.0,165.0,129.0,170.0,4.201279595546,38.0,0.0,1.0,0.0,1.0,0.0,HRposHER2neg,0.0,0.0,1.0,spy2,0,train,10,6,17,3,18.0,52.0,42.0,179.9936,1.648904671382171,10,0.5726730346679687,0.1524910661285998,0.3272907376145818,0.1280993796014795,0.1411764705882353,0.3294117647058823,0.4901960784313725,0.0,0.255129352644378,0.5284882000276838,0.2188021963410883,0.2313725490196078,0.5294117647058824,0.8235294117647058,0.0164947509765625,0.2517203536688113,0.5275221083852265,0.2203431515234681,0.2,0.5411764705882353,0.803921568627451,0.00888671875,0.201197462413102,0.2112328620795667,0.5215686274509804,0.8786693947217133,-0.0009660916424573,0.4058196127161644
ISPY2-273691,1,256.0,80.0,8.0,0.0,2.0,6.0,2.0,0.6641,10.0,26.0,122.0,171.0,69.0,116.0,6.693053220560001,46.0,0.0,1.0,0.0,1.0,1.0,HER2pos,0.0,1.0,0.0,spy2,0,train,10,4,13,3,17.0,50.0,48.0,170.0096,2.040317742503044,10,0.6567138671875,0.0991291539809283,0.2406534866987119,0.1187117083459549,0.1137254901960784,0.2078431372549019,0.4196078431372549,0.0,0.1580897791245404,0.3776605016517665,0.2293945750762943,0.1529411764705882,0.3019607843137254,0.7215686274509804,0.009906005859375,0.15958267511106,0.3695626444162758,0.1920772746815874,0.1725490196078431,0.3215686274509804,0.6313725490196078,0.0038162231445312,0.1370070149530547,0.1615854612131174,0.396078431372549,0.8921262712467107,-0.0080978572354907,0.3823963444989687
ISPY2-618240,0,384.0,144.0,6.0,0.0,2.0,5.0,1.2000000477,1.0416666667,12.0,93.0,104.0,193.0,224.0,340.0,151.91537063169164,35.0,0.0,1.0,0.0,0.0,0.0,TripleNeg,1.0,0.0,0.0,spy2,0,train,10,37,51,2,82.0,90.0,117.0,400.0000000128,5.029884635231674,10,0.5846710205078125,0.1267778344247855,0.2697374022903551,0.1378253759882264,0.1294117647058823,0.2313725490196078,0.4666666666666667,0.0001144409179687,0.1984946995155484,0.4206572686754998,0.2220732403006087,0.2039215686274509,0.3607843137254902,0.8,0.01922607421875,0.2039143281824448,0.4287676356409054,0.2264063922098732,0.2156862745098039,0.3647058823529411,0.8549019607843137,0.0205963134765625,0.1509198663851447,0.1542245888054052,0.3725490196078431,0.8796612660274074,0.0081103669654055,0.4461699548109776
ACRIN-6698-490805,1,256.0,72.0,7.0,0.0,2.0,5.0,2.2,0.5859,38.0,52.0,87.0,155.0,51.0,112.0,2.4755894661960003,42.0,0.0,1.0,0.0,1.0,1.0,HER2pos,0.0,1.0,0.0,spy2,0,train,10,3,12,1,15.0,69.0,62.0,149.9904,1.2457640951911189,10,0.598065185546875,0.1277013920802696,0.2937472588233507,0.121471657918809,0.1333333333333333,0.2901960784313726,0.4509803921568627,0.0,0.2266752056047028,0.4997380975988409,0.2370127026461135,0.196078431372549,0.4862745098039215,0.8470588235294118,0.015667724609375,0.217971149519378,0.4857310980517212,0.2369873580275672,0.1725490196078431,0.4784313725490196,0.8196078431372549,0.0107742309570312,0.2059908387754901,0.2105439054258692,0.5176470588235295,0.8595318360591013,-0.0140069995471196,0.4881212701015899
ISPY2-250274,0,256.0,66.0,7.0,0.0,2.0,6.0,2.4,0.5664,10.0,36.0,84.0,184.0,112.0,175.0,14.731290796032,43.0,0.0,0.0,0.0,1.0,1.0,HER2pos,0.0,1.0,0.0,spy2,0,train,10,16,25,2,27.0,101.0,64.0,144.9984,2.755651773209656,10,0.3912261962890625,0.1519202677408854,0.24020957901666,0.0749697678299756,0.1607843137254902,0.2235294117647059,0.3450980392156862,0.0,0.2094984047085631,0.3330050926743672,0.1762543418449079,0.2,0.2745098039215686,0.5411764705882353,0.0150054931640625,0.2325746603573069,0.3670026724966391,0.1784340855385156,0.2078431372549019,0.3058823529411765,0.6039215686274509,0.00963134765625,0.0927955136577071,0.1502952762739991,0.2509803921568627,0.8213682368923668,0.0339975798222719,0.3086654000591529
ACRIN-6698-239910,0,256.0,134.0,6.0,0.0,2.0,5.0,1.2,0.7031,22.0,59.0,69.0,139.0,99.0,175.0,24.133950220355995,42.0,0.0,1.0,0.0,0.0,0.0,TripleNeg,1.0,0.0,0.0,spy2,0,train,10,18,27,4,38.0,71.0,77.0,179.9936,3.224219530621086,10,0.79073486328125,0.0757454427083333,0.279148037328447,0.1351075529702471,0.1176470588235294,0.2588235294117647,0.4941176470588235,9.1552734375e-06,0.1272850246055453,0.4746783400987998,0.2748888109118406,0.1568627450980392,0.4156862745098039,1.0,0.0235183715820312,0.1366706818225337,0.4936127819849867,0.2714644592581276,0.1725490196078431,0.4392156862745098,1.0,0.023223876953125,0.1955303027703527,0.1841490751081024,0.4745098039215686,0.8693490054249547,0.0189344418861868,0.3384034299714169
ISPY2-356399,0,312.0,134.0,6.0,0.0,2.0,5.0,1.2,0.8203,1.0,51.0,166.0,257.0,136.0,220.0,32.76069345057601,30.0,0.0,1.0,0.0,1.0,0.0,HRposHER2neg,0.0,0.0,1.0,spy2,0,train,10,15,37,4,51.0,92.0,85.0,255.9336,3.5192972101144315,10,0.832879638671875,0.0726188091203278,0.3400806770975437,0.1951855173037053,0.1176470588235294,0.2901960784313726,0.6352941176470588,0.0,0.1013043571920955,0.4810374805486271,0.2872002958339981,0.1647058823529411,0.4078431372549019,1.0,0.0216156005859375,0.110743013269761,0.5259887169505689,0.2914559698999657,0.1843137254901961,0.4627450980392157,1.0,0.027362060546875,0.1409568034510835,0.1447503451146446,0.3725490196078431,0.9508783462985282,0.0449512364019418,0.0602698951827909
ISPY2-972307,0,256.0,134.0,6.0,0.0,2.0,5.0,1.2,0.7031,21.0,67.0,100.0,226.0,103.0,174.0,16.853960123651994,47.0,0.0,1.0,0.0,1.0,0.0,HRposHER2neg,0.0,0.0,1.0,spy2,0,train,10,22,31,4,47.0,127.0,72.0,179.9936,2.8822253392860975,10,0.6691604614257812,0.1165102551030177,0.2983262717823098,0.1840729214081528,0.1176470588235294,0.2392156862745098,0.592156862745098,0.0001358032226562,0.184769089642693,0.4392049788705117,0.2664212745702767,0.1490196078431372,0.3764705882352941,0.9019607843137256,0.0240478515625,0.1950844379499847,0.4720821894543103,0.2789557183110007,0.1607843137254902,0.4078431372549019,1.0,0.0357955932617187,0.1408787070882019,0.1474615972514351,0.3607843137254902,0.8577938280316761,0.0328772105837986,0.3003288457192404
ISPY2-540539,1,384.0,200.0,8.0,0.0,2.0,6.0,1.0,0.9375,51.0,125.0,162.0,254.0,287.0,370.0,37.15927734375,35.0,0.0,0.0,1.0,0.0,0.0,TripleNeg,1.0,0.0,0.0,spy2,0,train,10,41,51,3,75.0,93.0,84.0,360.0,3.6417689088680114,10,0.4520767211914063,0.1326007618623621,0.2186763303906306,0.1218422917390591,0.1176470588235294,0.1843137254901961,0.3490196078431372,0.0018295288085937,0.2070408540613511,0.3308344031762033,0.2106204330035097,0.1372549019607843,0.2705882352941176,0.615686274509804,0.016656494140625,0.2210087974398743,0.3519120741781021,0.2081280347080942,0.1568627450980392,0.2980392156862745,0.6392156862745098,0.0193099975585937,0.1121580727855726,0.1524795234778749,0.3294117647058823,0.8028583602302506,0.0210776710018987,0.3292405461629076
ISPY2-294265,1,320.0,82.0,8.0,0.0,2.0,5.0,2.2,0.7031,15.0,46.0,167.0,260.0,158.0,230.0,21.894941966744003,52.0,1.0,0.0,0.0,0.0,0.0,TripleNeg,1.0,0.0,0.0,spy2,0,train,10,14,23,0,32.0,94.0,73.0,224.992,3.1309160113490875,10,0.7320587158203125,0.0870867142022824,0.2654028620183936,0.1212078292139371,0.1215686274509803,0.2549019607843137,0.4470588235294118,0.0,0.1466930254767922,0.4031617895509551,0.2357915985935036,0.1607843137254902,0.3294117647058823,0.788235294117647,0.0130157470703125,0.1453021718941483,0.4091131057145007,0.2338833764255629,0.1764705882352941,0.3450980392156862,0.8117647058823529,0.0152206420898437,0.1377589275325615,0.1840088532208586,0.4470588235294118,0.8095991981685441,0.0059513161635455,0.3226061800248294
ISPY2-891645,0,256.0,134.0,6.0,0.0,2.0,5.0,1.2,0.7813,82.0,108.0,108.0,171.0,124.0,175.0,4.267636048728,37.0,0.0,1.0,0.0,0.0,1.0,HER2pos,0.0,1.0,0.0,spy2,0,train,10,9,18,1,27.0,64.0,52.0,200.0128,1.6615816943129322,10,0.6061737060546875,0.1015867644665288,0.2366481708802204,0.1626016961928955,0.1215686274509803,0.1803921568627451,0.4352941176470588,0.0016082763671875,0.1488265632180606,0.3474580790789454,0.2062790129232921,0.1843137254901961,0.2784313725490196,0.6313725490196078,0.0176971435546875,0.1641111964805453,0.3838228646695836,0.2168823857453051,0.2,0.3137254901960784,0.7176470588235294,0.0224685668945312,0.1108099081987249,0.094383078048445,0.2078431372549019,0.933118427883982,0.0363647855906382,0.2407883827073437
ISPY2-527581,0,384.0,144.0,6.0,0.0,2.0,5.0,1.2000000477,0.83333333333333,52.0,110.0,95.0,205.0,277.0,345.0,12.090833813943862,35.0,0.0,1.0,0.0,1.0,1.0,HER2pos,0.0,1.0,0.0,spy2,0,train,10,14,23,1,59.0,111.0,69.0,319.99999999999875,2.5719122764373643,10,0.6300460815429687,0.1353884768018535,0.3167753960480556,0.2205864880213746,0.1137254901960784,0.2235294117647059,0.6509803921568628,0.0041183471679687,0.1828658878102022,0.3958782389439053,0.2584977462316539,0.1372549019607843,0.3098039215686274,0.8274509803921568,0.022265625,0.1881736904967064,0.4177751370126072,0.2781847398669668,0.1490196078431372,0.3019607843137254,0.9215686274509804,0.0298599243164062,0.0791028428958497,0.1196300014187888,0.2313725490196078,0.7482976081962277,0.0218968980687018,0.3402968822823392
ISPY2-371528,0,256.0,80.0,9.0,0.0,2.0,6.0,2.0,0.703125,33.0,62.0,51.0,160.0,84.0,195.0,46.25958251953125,70.0,1.0,1.0,0.0,1.0,0.0,HRposHER2neg,0.0,0.0,1.0,spy2,0,train,10,11,20,3,30.0,110.0,112.0,180.0,3.8556554380238337,10,0.4826263427734375,0.1419851923923866,0.2496200462099865,0.0807003135776703,0.1607843137254902,0.2392156862745098,0.3490196078431372,0.0,0.2170993101830576,0.3831778832347176,0.2260458658770498,0.2078431372549019,0.3019607843137254,0.7725490196078432,0.0354782104492187,0.2342797612208946,0.4118484306890104,0.2058518279828106,0.2392156862745098,0.3411764705882353,0.7490196078431373,0.0209213256835937,0.133557837024731,0.2026600670132319,0.4823529411764706,0.8143871694596332,0.0286705474542928,0.2890381223714557
ISPY2-410083,1,384.0,80.0,7.0,0.0,2.0,6.0,2.5,0.7031,35.0,51.0,123.0,178.0,276.0,322.0,6.147237400349999,55.0,1.0,0.0,1.0,0.0,1.0,HER2pos,0.0,1.0,0.0,spy2,0,train,10,5,17,1,17.0,56.0,47.0,269.99039999999997,1.9667259044694423,10,0.4702911376953125,0.1361133231368719,0.2267450980392157,0.1350480476834117,0.1137254901960784,0.1843137254901961,0.388235294117647,0.0019317626953125,0.1801455867991727,0.2968179207157441,0.2039316606139146,0.1294117647058823,0.2274509803921568,0.5372549019607843,0.0151931762695312,0.2188018260282628,0.3575054914951722,0.2226632190428016,0.1568627450980392,0.2823529411764706,0.6666666666666666,0.02138671875,0.0700728226765284,0.1262455968983165,0.1607843137254902,0.8302923808152096,0.060687570779428,0.0991761486389169
ISPY2-199960,0,384.0,144.0,6.0,0.0,2.0,5.0,1.2000000477,0.859375,44.0,119.0,126.0,231.0,206.0,335.0,84.16531096275847,33.0,0.0,1.0,0.0,0.0,0.0,TripleNeg,1.0,0.0,0.0,spy2,0,train,10,36,45,3,76.0,106.0,130.0,330.0,4.444594202603455,10,0.7019515991210937,0.0934999712775735,0.2529514256439538,0.155121901230638,0.1137254901960784,0.196078431372549,0.5098039215686274,5.950927734375e-05,0.1723011330997242,0.4270262570570979,0.2846342469299974,0.1450980392156863,0.3411764705882353,1.0,0.037255859375,0.1700915347828584,0.4331676902288236,0.2816067913252076,0.1647058823529411,0.3333333333333333,1.0,0.0312591552734375,0.1740748314131441,0.1851866592963116,0.4666666666666667,0.8245780196489001,0.0061414331717256,0.3925530771160452
ACRIN-6698-227055,0,256.0,80.0,7.0,0.0,2.0,5.0,2.0,0.5859,22.0,67.0,78.0,230.0,52.0,168.0,31.08801559122,40.0,0.0,0.0,1.0,1.0,1.0,HER2pos,0.0,1.0,0.0,spy2,0,train,10,17,26,2,46.0,153.0,117.0,149.9904,3.468482614357063,10,0.4809127807617187,0.1422359092562806,0.2468217811333135,0.1298639839312574,0.1176470588235294,0.2039215686274509,0.4470588235294118,0.0,0.2270911960975796,0.3889615224847041,0.273800182167189,0.1215686274509803,0.2941176470588235,0.8823529411764706,0.0367996215820312,0.2413625081380208,0.4143504657359153,0.2669695303959917,0.1372549019607843,0.3333333333333333,0.8549019607843137,0.0341354370117187,0.1421397413513906,0.2006939826480411,0.4862745098039215,0.7734700416533162,0.0253889432512111,0.330075340472502
ISPY2-830486,0,256.0,160.0,7.0,0.0,2.0,6.0,1.0,0.61881190538406,75.0,119.0,95.0,156.0,95.0,161.0,12.437124171305005,36.0,1.0,1.0,0.0,0.0,0.0,TripleNeg,1.0,0.0,0.0,spy2,0,train,10,25,34,1,45.0,62.0,67.0,158.41584777831935,2.598021336849682,10,0.6550506591796875,0.0908256500842524,0.2329216194541833,0.1141625464924857,0.1215686274509803,0.2,0.4117647058823529,0.0,0.1502075793696385,0.3426105997502378,0.2526231339888843,0.0941176470588235,0.2666666666666666,0.7607843137254902,0.008502197265625,0.1506748872644761,0.338652480977705,0.2478203062011976,0.0784313725490196,0.2666666666666666,0.7333333333333333,0.0047927856445312,0.1096889802960544,0.2025280928141534,0.4274509803921568,0.6597453840913715,-0.0039581187725326,0.4544602018879442
ACRIN-6698-786753,0,256.0,158.0,7.0,0.0,2.0,6.0,1.0,0.64453125,34.0,107.0,55.0,152.0,75.0,148.0,9.50108299255371,59.0,1.0,0.0,0.0,0.0,1.0,HER2pos,0.0,1.0,0.0,spy2,0,train,10,46,55,4,74.0,98.0,74.0,165.0,2.3514783939926645,10,0.57484130859375,0.1346231019263174,0.2819143698709493,0.1710689627263885,0.1215686274509803,0.2274509803921568,0.5372549019607843,0.000823974609375,0.1839494952033548,0.3558733594215774,0.267305496272902,0.0745098039215686,0.2862745098039215,0.8117647058823529,0.0273544311523437,0.2032436954273897,0.3897872462603003,0.2823514652879194,0.0862745098039215,0.3137254901960784,0.9411764705882352,0.0386260986328125,0.073958989550628,0.1664232187638195,0.2980392156862745,0.6360037612334549,0.0339138868387229,0.3678687300812541
ACRIN-6698-253531,1,384.0,160.0,7.0,0.0,2.0,5.0,1.0,0.72916668653488,61.0,94.0,135.0,208.0,72.0,139.0,3.394271018306403,59.0,1.0,1.0,0.0,1.0,1.0,HER2pos,0.0,1.0,0.0,spy2,0,train,10,11,22,3,34.0,74.0,68.0,280.00000762939396,1.4803016512379428,10,0.6512283325195313,0.1222875916724111,0.2837697404015966,0.1726029198190418,0.1137254901960784,0.2352941176470588,0.5254901960784314,0.0003662109375,0.1958249140720741,0.4639299532019956,0.2856374427081734,0.1176470588235294,0.4313725490196078,0.9098039215686274,0.0223220825195312,0.1831459793390012,0.4277185250114501,0.2711161741552316,0.1019607843137254,0.396078431372549,0.8274509803921568,0.0133529663085937,0.180160212800399,0.2301569615405664,0.5176470588235295,0.7790620857414108,-0.0362114281905455,0.5887317288719917
ISPY2-510543,0,256.0,134.0,6.0,0.0,2.0,5.0,1.2,0.7031,9.0,44.0,110.0,185.0,108.0,177.0,8.335920863663997,62.0,,1.0,0.0,1.0,0.0,HRposHER2neg,0.0,0.0,1.0,spy2,0,train,10,14,23,1,36.0,76.0,70.0,179.9936,2.233869418477035,10,0.6972274780273438,0.1018661499023437,0.2662992833267867,0.1895821694081282,0.1137254901960784,0.2,0.5254901960784314,0.0007537841796875,0.1693172679227941,0.4252547636164205,0.2828397915812123,0.1137254901960784,0.3529411764705882,0.8901960784313725,0.0210433959960937,0.1775205365349264,0.4248418056904001,0.2754996105518821,0.1215686274509803,0.3607843137254902,0.9294117647058824,0.0265777587890625,0.1589554802896338,0.1918923906970473,0.4549019607843137,0.8032657175255135,-0.0004129579260203,0.4053017512914199
ISPY2-591180,0,256.0,80.0,8.0,0.0,2.0,5.0,2.0,0.7031,22.0,63.0,77.0,203.0,89.0,193.0,23.54883802196,57.0,1.0,1.0,0.0,0.0,0.0,TripleNeg,1.0,0.0,0.0,spy2,0,train,10,13,29,2,42.0,127.0,105.0,179.9936,3.2006645220393195,10,0.6010848999023437,0.0941470875459558,0.2058558099428316,0.131273542097924,0.1098039215686274,0.1607843137254902,0.3568627450980392,0.0012115478515625,0.1322505517099418,0.283643505406814,0.2089393407427893,0.1294117647058823,0.2117647058823529,0.5294117647058824,0.0164291381835937,0.1561946315391391,0.3357087929325873,0.2178211177372814,0.1568627450980392,0.2588235294117647,0.6313725490196078,0.0199508666992187,0.0777876954639823,0.1213174948068988,0.1647058823529411,0.8385016428683448,0.0520652875257732,0.1377561363714603
ISPY2-766301,0,256.0,80.0,8.0,0.0,2.0,5.0,2.0,0.5859,11.0,68.0,72.0,231.0,36.0,160.0,76.16944859328,49.0,0.0,1.0,0.0,1.0,0.0,HRposHER2neg,0.0,0.0,1.0,spy2,0,train,10,21,37,4,58.0,160.0,125.0,149.9904,4.3460036350932,10,0.5794677734375,0.1294284835516237,0.2797449557471755,0.1014962286994233,0.1333333333333333,0.2823529411764706,0.4156862745098039,0.0,0.2153358429553462,0.4654623352969634,0.2520652878596221,0.188235294117647,0.396078431372549,0.9058823529411764,0.0290924072265625,0.2228823014801624,0.4804855004411053,0.2260421271856899,0.2117647058823529,0.4431372549019607,0.8196078431372549,0.01329345703125,0.1857173795497879,0.1911934856912983,0.5137254901960784,0.9093940493468796,0.0150231651441418,0.2913243831640058
ISPY2-590299,0,384.0,144.0,6.0,0.0,2.0,5.0,1.2000000477,0.9375,37.0,103.0,144.0,218.0,224.0,314.0,10.64601604817912,44.0,0.0,1.0,0.0,0.0,0.0,TripleNeg,1.0,0.0,0.0,spy2,0,train,10,47,58,0,67.0,75.0,91.0,360.0,2.454964151413216,10,0.668768310546875,0.1099510761335784,0.2821302487716419,0.1792517616452289,0.1176470588235294,0.2274509803921568,0.5215686274509804,0.0018585205078125,0.168865769330193,0.4056899381765273,0.2282077185032249,0.1568627450980392,0.3607843137254902,0.7490196078431373,0.0127059936523437,0.1782286041858149,0.4353580511605405,0.2370426411164774,0.1764705882352941,0.388235294117647,0.8470588235294118,0.0207565307617187,0.1235596894048853,0.1298786133255557,0.3019607843137254,0.8558154747645986,0.0296681129840131,0.3056947797084892
ACRIN-6698-580541,0,256.0,72.0,7.0,0.0,2.0,6.0,2.2,0.7031,20.0,45.0,160.0,229.0,99.0,178.0,5.980542711858,61.0,1.0,1.0,0.0,1.0,0.0,HRposHER2neg,0.0,0.0,1.0,spy2,1,test,10,14,23,-1,26.0,70.0,80.0,179.9936,1.9431266661669049,10,0.3922698974609375,0.1636307181564032,0.263273682032959,0.09370733366634,0.1843137254901961,0.2352941176470588,0.403921568627451,0.0,0.2210055482153799,0.3541732427048684,0.1917611125365472,0.2196078431372549,0.2823529411764706,0.6039215686274509,0.0207717895507812,0.2063314939012714,0.330561339384027,0.1535040158836619,0.2117647058823529,0.2784313725490196,0.5490196078431373,0.0045211791992187,0.0908995606719093,0.1323005550407272,0.2588235294117647,0.8961615137013473,-0.0236119033208414,0.4706916205100908
ISPY2-690410,0,256.0,64.0,9.0,0.0,2.0,6.0,2.5000000002,0.8413461447,25.0,55.0,22.0,139.0,77.0,162.0,41.83826243043488,69.0,1.0,1.0,0.0,1.0,0.0,HRposHER2neg,0.0,0.0,1.0,spy2,0,train,10,9,19,2,31.0,118.0,86.0,215.3846130432,3.7574316852433305,10,0.644207763671875,0.1026583802466299,0.2516281509601765,0.1061471616008477,0.1215686274509803,0.2431372549019607,0.3843137254901961,0.0,0.2185474231196384,0.4867587269584382,0.2415981136955996,0.2392156862745098,0.4117647058823529,0.9450980392156862,0.0306167602539062,0.2033296772077971,0.4721361458998709,0.2060275359701087,0.2470588235294117,0.4274509803921568,0.7764705882352941,0.013360595703125,0.2351305759982616,0.2553501223958145,0.7019607843137254,0.9249137975400132,-0.0146225810585672,0.4120220266584324
ACRIN-6698-654064,0,256.0,134.0,6.0,0.0,2.0,5.0,1.2,0.6836,42.0,99.0,101.0,221.0,85.0,162.0,25.036731764544,34.0,0.0,1.0,0.0,1.0,0.0,HRposHER2neg,0.0,0.0,1.0,spy2,0,train,10,21,39,4,58.0,121.0,78.0,175.0016,3.259508301189506,10,0.707769775390625,0.0964769490559895,0.28559966729857,0.1599770871542465,0.1215686274509803,0.2313725490196078,0.5411764705882353,3.0517578125e-05,0.1544484276865043,0.4404930484485195,0.2641858121418971,0.1529411764705882,0.3764705882352941,0.8901960784313725,0.0235214233398437,0.1598111500459558,0.4438530093630635,0.2762238696255478,0.1372549019607843,0.3764705882352941,0.992156862745098,0.0289169311523437,0.1548933811499494,0.2007197011243652,0.4549019607843137,0.7844723156289813,0.0033599609145439,0.413364940788237
ISPY2-614044,0,256.0,80.0,8.0,0.0,2.0,6.0,2.0,0.703125,22.0,57.0,82.0,194.0,66.0,145.0,28.72078857421875,52.0,1.0,0.0,1.0,0.0,0.0,TripleNeg,1.0,0.0,0.0,spy2,1,test,10,16,25,-1,36.0,113.0,80.0,180.0,3.3918467529504044,10,0.5577667236328125,0.1357475609872855,0.2796765858043226,0.1145596494645476,0.1490196078431372,0.2588235294117647,0.4392156862745098,0.0,0.2239822208180147,0.4512472902569948,0.2366810816101796,0.2196078431372549,0.3843137254901961,0.8862745098039215,0.0254562377929687,0.2272979437136182,0.4661946663408412,0.1951871839857252,0.2588235294117647,0.4235294117647059,0.7450980392156863,0.011395263671875,0.1715707044526721,0.2481361806246161,0.6588235294117647,0.8573193201344274,0.0149473760838464,0.3082685234385243
ISPY2-791321,0,384.0,144.0,6.0,0.0,2.0,5.0,1.2000000477,0.9375,47.0,108.0,80.0,156.0,114.0,159.0,28.30464956260977,31.0,0.0,1.0,0.0,0.0,0.0,TripleNeg,1.0,0.0,0.0,spy2,0,train,10,34,43,3,62.0,77.0,46.0,360.0,3.377746191577068,10,0.6365875244140625,0.1427698232613357,0.3469638164713917,0.1971077338986104,0.1215686274509803,0.3098039215686274,0.611764705882353,0.00091552734375,0.2004449941597733,0.4564895171978417,0.2293121521848276,0.1843137254901961,0.4235294117647059,0.7764705882352941,0.0210128784179687,0.2059472476734834,0.4798866106404941,0.2438728364222594,0.2039215686274509,0.4196078431372549,0.8784313725490196,0.025628662109375,0.1095257007264499,0.1396397922858669,0.3254901960784314,0.7849399158570073,0.0233970934426523,0.3877253680206243
ISPY2-213672,0,256.0,160.0,7.0,0.0,3.0,6.0,1.0,0.5882353187,47.0,123.0,28.0,212.0,117.0,225.0,21.01003635809485,39.0,0.0,1.0,0.0,1.0,0.0,HRposHER2neg,0.0,0.0,1.0,spy2,0,train,10,32,42,0,77.0,185.0,109.0,150.5882415872,3.091498547426822,10,0.5554153442382812,0.1300200697954963,0.2693040882295403,0.1294504757946675,0.1137254901960784,0.2470588235294117,0.4509803921568627,0.0,0.2233840882544424,0.4199950698249666,0.2768473504902386,0.0901960784313725,0.3803921568627451,0.8431372549019608,0.0194564819335937,0.2237750663009344,0.4065974436712697,0.2734213713828144,0.0784313725490196,0.3803921568627451,0.796078431372549,0.012554931640625,0.1506909815954264,0.2288570209045405,0.4941176470588235,0.7167622518988341,-0.0133976261536969,0.488325559525403
ISPY2-550421,0,256.0,160.0,7.0,0.0,2.0,6.0,1.0,0.6880733967,58.0,123.0,66.0,185.0,115.0,233.0,49.60993424602099,49.0,1.0,0.0,1.0,0.0,0.0,TripleNeg,1.0,0.0,0.0,spy2,0,train,10,22,31,3,66.0,120.0,119.0,176.1467895552,3.924147885996156,10,0.485076904296875,0.1426459039426317,0.2618777998961097,0.1027541904316211,0.1333333333333333,0.2549019607843137,0.403921568627451,0.0,0.2606595626531863,0.4602938329364817,0.2586686138833433,0.1490196078431372,0.403921568627451,0.8509803921568627,0.0147705078125,0.2773455032647824,0.4886899478572915,0.2679684030493397,0.1490196078431372,0.4588235294117647,0.8784313725490196,0.0183380126953125,0.1984160330403719,0.2297369807027789,0.5568627450980392,0.8022847152255083,0.0283961149208097,0.3658418775558584
ACRIN-6698-929391,0,256.0,72.0,7.0,0.0,2.0,6.0,2.2,0.7031,26.0,43.0,116.0,161.0,94.0,129.0,3.21376681461,65.0,1.0,1.0,0.0,0.0,0.0,TripleNeg,1.0,0.0,0.0,spy2,0,train,10,3,17,4,18.0,46.0,36.0,179.9936,1.4383569779728855,10,0.475091552734375,0.159477221919041,0.2910125988047106,0.1032633265154249,0.188235294117647,0.2705882352941176,0.4313725490196078,7.476806640625e-05,0.2163632800532322,0.3863518344861927,0.1911029407527968,0.2235294117647059,0.3254901960784314,0.6588235294117647,0.0127426147460937,0.220597234987745,0.3971907531398974,0.1925017747027058,0.2352941176470588,0.3411764705882353,0.6666666666666666,0.0146087646484375,0.095339235681482,0.1652123600765927,0.2980392156862745,0.7789560586504808,0.0108389186537046,0.343324496226788
ISPY2-477994,1,256.0,134.0,6.0,0.0,2.0,5.0,1.2,0.5859,22.0,69.0,109.0,180.0,116.0,169.0,3.4425372182039995,54.0,0.0,1.0,0.0,1.0,1.0,HER2pos,0.0,1.0,0.0,spy2,0,train,10,14,28,1,48.0,72.0,54.0,149.9904,1.4912256587727466,10,0.7405014038085938,0.1027722467160692,0.3094328754345945,0.1620929164052769,0.1176470588235294,0.2823529411764706,0.5411764705882353,1.8310546875e-05,0.1742967672909007,0.5001400733168344,0.2967462663264817,0.0980392156862745,0.4941176470588235,0.996078431372549,0.0264801025390625,0.1698496380974264,0.4587144361757874,0.2746288558895024,0.0980392156862745,0.4509803921568627,0.8588235294117647,0.01248779296875,0.1907071978822399,0.250044036226804,0.5764705882352941,0.7469555758092494,-0.0414256371410469,0.5130450122012172
ACRIN-6698-913527,0,256.0,80.0,8.0,0.0,2.0,6.0,2.0,0.6836,27.0,51.0,125.0,192.0,99.0,161.0,12.7248229808,46.0,0.0,1.0,0.0,0.0,0.0,TripleNeg,1.0,0.0,0.0,spy2,0,train,10,12,21,1,25.0,68.0,63.0,175.0016,2.6192060897386495,10,0.6263595581054687,0.1152132101619944,0.2629101322603947,0.1094649699702221,0.1176470588235294,0.2627450980392157,0.4,0.0,0.1978200635723039,0.4665071255787108,0.280097330240393,0.1333333333333333,0.4196078431372549,0.9490196078431372,0.0313629150390625,0.1956141572840073,0.4547794142670442,0.2505577613211057,0.1411764705882353,0.4313725490196078,0.8392156862745098,0.0120208740234375,0.2035969933183161,0.217859263367314,0.5764705882352941,0.8895164353184765,-0.0117277113116665,0.4428326982999073
ISPY2-259899,0,320.0,180.0,7.0,0.0,2.0,6.0,1.0,0.703125,82.0,143.0,34.0,148.0,84.0,202.0,33.574658203125,41.0,0.0,1.0,0.0,0.0,0.0,TripleNeg,1.0,0.0,0.0,spy2,0,train,10,22,31,1,62.0,115.0,119.0,225.0,3.5431209918367377,10,0.6682785034179688,0.0918564201803768,0.237359337263795,0.1015157767247296,0.1176470588235294,0.2156862745098039,0.3803921568627451,0.0,0.1807940135282628,0.4335989808831714,0.2759580334270387,0.1176470588235294,0.3803921568627451,0.8705882352941177,0.016204833984375,0.190504425647212,0.4533054237900535,0.2513058767699676,0.1411764705882353,0.4235294117647059,0.8274509803921568,0.0087905883789062,0.1962396436193764,0.2377442160962269,0.5647058823529412,0.777333633858793,0.0197064429068821,0.3618403197836217
ISPY2-676630,1,384.0,144.0,6.0,0.0,2.0,5.0,1.2000000477,1.0416666666667,55.0,101.0,159.0,225.0,76.0,123.0,27.721355268592266,42.0,0.0,1.0,0.0,0.0,0.0,TripleNeg,1.0,0.0,0.0,spy2,0,train,10,22,31,2,47.0,67.0,48.0,400.00000000001285,3.357640932084493,10,0.75394287109375,0.0909711590935202,0.3069782112378612,0.1810934654473573,0.1215686274509803,0.2509803921568627,0.5686274509803921,0.0003662109375,0.1225581270105698,0.3894631067687282,0.2695226983478093,0.1450980392156863,0.2862745098039215,0.8862745098039215,0.0182418823242187,0.1285763908835018,0.4172571052531743,0.2929948975092037,0.1450980392156863,0.2980392156862745,1.0,0.0262420654296875,0.082484895530867,0.1260504473726211,0.2549019607843137,0.764951381654016,0.0277939984844461,0.3135015131219923
ACRIN-6698-894673,0,384.0,160.0,7.0,0.0,2.0,5.0,1.0,0.859375,65.0,121.0,71.0,146.0,292.0,334.0,2.878033447265625,59.0,1.0,1.0,0.0,1.0,1.0,HER2pos,0.0,1.0,0.0,spy2,0,train,10,44,53,4,57.0,76.0,43.0,330.0,1.3553281816583627,10,0.8497802734375,0.0709907980526194,0.3296711232843535,0.2517261210134955,0.1137254901960784,0.2235294117647059,0.7529411764705882,0.0040237426757812,0.0801963297526041,0.3245596361411458,0.2834308279285165,0.0784313725490196,0.2039215686274509,0.8431372549019608,0.0100204467773437,0.0843704822016697,0.3629352651185616,0.2928893153236103,0.0941176470588235,0.2431372549019607,0.9294117647058824,0.0126815795898437,-0.0051114871432076,0.200604530509882,0.188235294117647,0.4669368600682594,0.0383756289774157,0.3380667966845441
ISPY2-622688,1,256.0,134.0,6.0,0.0,2.0,5.0,1.2,0.7422,62.0,102.0,138.0,208.0,112.0,178.0,48.87678061152,29.0,0.0,0.0,1.0,0.0,0.0,TripleNeg,1.0,0.0,0.0,spy2,0,train,10,11,30,0,41.0,71.0,67.0,190.0032,3.9095555760568548,10,0.56424560546875,0.1218493772020527,0.2464622583212627,0.1160126084302108,0.1176470588235294,0.2196078431372549,0.4196078431372549,0.0,0.2192443189433976,0.4316987421912205,0.2475665334757034,0.1568627450980392,0.3803921568627451,0.8352941176470589,0.0215194702148437,0.2161015230066636,0.4184873831875804,0.2438585188608699,0.1568627450980392,0.3686274509803922,0.8352941176470589,0.0240509033203125,0.1852364838699577,0.176169004328261,0.4705882352941176,0.8972707790570636,-0.0132113590036401,0.5047237863125753
ACRIN-6698-870077,0,256.0,72.0,7.0,0.0,2.0,6.0,2.2,0.7031,14.0,31.0,105.0,185.0,130.0,176.0,5.89462474964,60.0,1.0,1.0,0.0,1.0,0.0,HRposHER2neg,0.0,0.0,1.0,spy2,0,train,10,5,14,2,18.0,81.0,47.0,179.9936,1.930742086216752,10,0.5314956665039062,0.1595336734547334,0.3181739383047015,0.1047764446643114,0.2,0.3019607843137254,0.4666666666666667,0.0,0.2378168203316482,0.4643389940436129,0.2256331958456906,0.2666666666666666,0.3803921568627451,0.8509803921568627,0.021319580078125,0.2336982218424479,0.4575034825045218,0.185002232454202,0.2823529411764706,0.4078431372549019,0.7294117647058823,0.0062789916992187,0.1461650557389113,0.189076499607649,0.4666666666666667,0.8908965961978771,-0.006835511539091,0.3534046163516687
ACRIN-6698-866660,0,256.0,80.0,8.0,0.0,2.0,6.0,2.0,0.625,33.0,64.0,104.0,217.0,100.0,171.0,22.6984375,38.0,0.0,1.0,0.0,1.0,0.0,HRposHER2neg,0.0,0.0,1.0,spy2,0,train,10,14,25,1,32.0,114.0,72.0,160.0,3.1654091176976795,10,0.6091949462890625,0.1180678902420343,0.2700127805672905,0.0987320658693252,0.1333333333333333,0.2784313725490196,0.392156862745098,0.0,0.2169799206303615,0.4987577570326423,0.2298507793654358,0.2156862745098039,0.4627450980392157,0.8392156862745098,0.0176300048828125,0.2179681935029871,0.5015618260516866,0.2082802887244384,0.2431372549019607,0.4745098039215686,0.8,0.0092941284179687,0.2287449764653516,0.1865587277034885,0.5176470588235295,0.9539977666544328,0.0028040690190443,0.4117320922387337
ISPY2-177795,1,256.0,66.0,7.0,0.0,2.0,6.0,2.4,0.5664,19.0,37.0,77.0,166.0,69.0,130.0,14.211580280832,58.0,1.0,1.0,0.0,0.0,0.0,TripleNeg,1.0,0.0,0.0,spy2,0,train,10,7,16,4,19.0,90.0,62.0,144.9984,2.7220569983648293,10,0.4532272338867187,0.0998999621821384,0.1612931842398977,0.0520518574706348,0.1098039215686274,0.1450980392156863,0.2352941176470588,0.0,0.2094466863893995,0.3217720968605005,0.2386073235444727,0.1450980392156863,0.2156862745098039,0.7568627450980392,0.02037353515625,0.1950712196499693,0.3063497569327424,0.1856844442084743,0.1529411764705882,0.2352941176470588,0.6,0.0016494750976562,0.1604789126206027,0.2182722978169199,0.5411764705882353,0.923872487323244,-0.015422339927758,0.3919398994789763
ACRIN-6698-685795,0,256.0,134.0,6.0,0.0,2.0,5.0,1.2,0.7422,20.0,51.0,164.0,220.0,96.0,139.0,4.915441447488,64.0,1.0,1.0,0.0,1.0,1.0,HER2pos,0.0,1.0,0.0,spy2,0,train,10,12,22,0,32.0,57.0,44.0,190.0032,1.777566126511634,10,0.483441162109375,0.1598826389686734,0.2851403047483216,0.176879428622842,0.1215686274509803,0.2274509803921568,0.5490196078431373,0.0001358032226562,0.2478056185853247,0.4287154364067416,0.2338764602454688,0.1803921568627451,0.3647058823529411,0.788235294117647,0.0214523315429687,0.2590097225413603,0.4489060958236519,0.233111850410411,0.188235294117647,0.396078431372549,0.796078431372549,0.0214950561523437,0.14357513165842,0.169375664856734,0.3450980392156862,0.9011762551250694,0.0201906594169103,0.3095866860444507
ACRIN-6698-218503,0,256.0,72.0,7.0,0.0,2.0,6.0,2.2,0.7031,12.0,28.0,88.0,126.0,135.0,188.0,8.247036803786001,52.0,1.0,1.0,0.0,1.0,0.0,HRposHER2neg,0.0,0.0,1.0,spy2,0,train,10,5,14,0,17.0,39.0,54.0,179.9936,2.224303154666093,10,0.4094085693359375,0.21202163995481,0.3519538793944137,0.1440122387548957,0.2196078431372549,0.3098039215686274,0.5647058823529412,6.103515625e-06,0.2696077952665441,0.4437372077884248,0.2138299412249115,0.2549019607843137,0.3647058823529411,0.8196078431372549,0.0213348388671875,0.2855950030158548,0.4703110455912115,0.2067637180600144,0.2745098039215686,0.403921568627451,0.8196078431372549,0.0134063720703125,0.091783328394011,0.1370979611961966,0.2823529411764706,0.8150109804934763,0.0265738378027867,0.3191318951039917
ACRIN-6698-802308,0,256.0,72.0,7.0,0.0,2.0,6.0,2.2,0.7031,9.0,25.0,78.0,134.0,74.0,120.0,5.64992169269,52.0,0.0,0.0,1.0,0.0,0.0,TripleNeg,1.0,0.0,0.0,spy2,0,train,10,4,14,4,17.0,57.0,47.0,179.9936,1.8946050790630924,10,0.4498703002929687,0.1400093407724418,0.2441735963578542,0.0875739775024717,0.1450980392156863,0.2274509803921568,0.3686274509803922,0.0,0.204958771350337,0.356295056181254,0.2352674888781658,0.1647058823529411,0.2666666666666666,0.796078431372549,0.02032470703125,0.2177067236806832,0.3791088281440392,0.220683532367374,0.1803921568627451,0.2980392156862745,0.7568627450980392,0.0118331909179687,0.1121214598233998,0.1942346254958334,0.4705882352941176,0.8258744691886735,0.0228137719627851,0.285946085379147
ISPY2-741535,0,256.0,80.0,8.0,0.0,2.0,6.0,2.0,0.5273,15.0,60.0,75.0,231.0,65.0,217.0,107.0863629906,33.0,0.0,1.0,0.0,1.0,0.0,HRposHER2neg,0.0,0.0,1.0,spy2,0,train,10,20,29,3,46.0,157.0,153.0,134.9888,4.682930564889021,10,0.5369918823242188,0.1494540165919883,0.2807452811699066,0.1030303927550379,0.1254901960784313,0.2941176470588235,0.4,0.0,0.3162286077761183,0.5877053394874033,0.2662417662767811,0.2039215686274509,0.5843137254901961,0.9372549019607844,0.023968505859375,0.3203292128619026,0.5773879217878156,0.2586158570896052,0.2078431372549019,0.5882352941176471,0.9098039215686274,0.0149658203125,0.3069600583174968,0.2102601377133667,0.5882352941176471,0.933538098517979,-0.0103174176995877,0.5003674568361801
ISPY2-550157,1,256.0,66.0,7.0,0.0,2.0,6.0,2.4,0.6641,34.0,53.0,99.0,166.0,59.0,114.0,18.065951349792,63.0,1.0,1.0,0.0,0.0,0.0,TripleNeg,1.0,0.0,0.0,spy2,0,train,10,6,15,1,20.0,68.0,56.0,170.0096,2.947904092394576,10,0.5724441528320312,0.122026839910769,0.2762982831844672,0.0788771158039735,0.2039215686274509,0.2588235294117647,0.3686274509803922,0.0,0.1572372376685049,0.3567418103667558,0.1877551502861572,0.2274509803921568,0.2941176470588235,0.5686274509803921,0.02071533203125,0.1701303280101103,0.3872741282178263,0.2007113100709517,0.2352941176470588,0.3137254901960784,0.6784313725490196,0.0212203979492187,0.0804435271822886,0.1301435161395091,0.2196078431372549,0.7809802179134413,0.0305323178510705,0.223288116115816
ACRIN-6698-317402,0,256.0,72.0,7.0,0.0,2.0,5.0,2.2,0.625,28.0,40.0,131.0,176.0,102.0,141.0,2.738828125,53.0,1.0,1.0,0.0,1.0,0.0,HRposHER2neg,0.0,0.0,1.0,spy2,0,train,10,3,12,3,13.0,46.0,40.0,160.0,1.3187722267650994,10,0.5850051879882813,0.1232357907762714,0.2683383558555587,0.1223431608846424,0.1254901960784313,0.2470588235294117,0.4431372549019607,0.0,0.2202912513882506,0.4518260417182599,0.264453206567027,0.1490196078431372,0.396078431372549,0.8784313725490196,0.0228057861328125,0.1903945743336397,0.3872575226265833,0.2213664690492577,0.1294117647058823,0.3490196078431372,0.7058823529411765,0.0047119140625,0.1834876858627012,0.2306176670283163,0.5411764705882353,0.7863007453000503,-0.0645685190916765,0.5767011924065434
ACRIN-6698-188700,1,256.0,160.0,7.0,0.0,2.0,5.0,1.0,0.67010307312011,28.0,63.0,147.0,197.0,112.0,155.0,11.524114532519118,58.0,1.0,1.0,0.0,0.0,0.0,TripleNeg,1.0,0.0,0.0,spy2,0,train,10,17,26,1,36.0,51.0,44.0,171.54638671874815,2.5276559484653904,10,0.5016845703125,0.144552785836014,0.287327311013573,0.0935990999228792,0.1843137254901961,0.2666666666666666,0.4274509803921568,0.0,0.2367579860313266,0.4674802898475543,0.221577856987197,0.2431372549019607,0.403921568627451,0.8431372549019608,0.0198348999023437,0.248343936695772,0.4913086321197432,0.2084164485719397,0.2509803921568627,0.4509803921568627,0.796078431372549,0.0087753295898437,0.1801529788339813,0.1916308441208919,0.5176470588235295,0.9340766008524816,0.0238283422721888,0.3173748223996864
ACRIN-6698-547892,0,256.0,72.0,7.0,0.0,2.0,6.0,2.2,0.7031,22.0,50.0,25.0,109.0,179.0,232.0,15.891560302904,48.0,0.0,1.0,0.0,1.0,0.0,HRposHER2neg,0.0,0.0,1.0,spy2,1,test,10,12,21,-1,29.0,85.0,54.0,179.9936,2.8268141068314216,10,0.3309890747070312,0.2614095411113664,0.3841652500003019,0.1236910467305873,0.2588235294117647,0.3686274509803922,0.5176470588235295,0.0004074096679687,0.3158786549287684,0.4617004030259841,0.1703524777066332,0.3294117647058823,0.4117647058823529,0.6823529411764706,0.0266677856445312,0.315830353381587,0.4603711001761,0.1692927471110773,0.3215686274509804,0.4117647058823529,0.6745098039215687,0.0253173828125,0.0775351530256822,0.115991308903173,0.2117647058823529,0.8241390557039342,-0.0013293028498841,0.453164949605764
ACRIN-6698-738041,1,256.0,80.0,8.0,0.0,2.0,6.0,2.0,0.625,48.0,62.0,138.0,183.0,141.0,187.0,5.66640625,37.0,0.0,1.0,0.0,1.0,1.0,HER2pos,0.0,1.0,0.0,spy2,0,train,10,3,12,2,15.0,46.0,47.0,160.0,1.8970809216229219,10,0.6474288940429688,0.108000763537837,0.2620714451858099,0.1172470727343932,0.1176470588235294,0.2509803921568627,0.4156862745098039,0.0,0.1916021010454963,0.4656620766725636,0.2725480553477319,0.1607843137254902,0.4,0.9137254901960784,0.0228546142578125,0.1916493673885569,0.4592788374108153,0.2449631494695196,0.1607843137254902,0.4274509803921568,0.8117647058823529,0.005889892578125,0.2035906314867536,0.2003694874390203,0.5529411764705883,0.918753056552166,-0.0063832392617482,0.4217803956530959
ISPY2-658541,0,256.0,80.0,7.0,0.0,2.0,6.0,2.0,0.6641,20.0,45.0,126.0,191.0,92.0,145.0,9.9275585131,64.0,1.0,1.0,0.0,1.0,0.0,HRposHER2neg,0.0,0.0,1.0,spy2,1,test,10,9,23,-1,26.0,66.0,54.0,170.0096,2.391287902405833,10,0.4761795043945312,0.1242269239238664,0.211824644740605,0.1110436737316177,0.1137254901960784,0.1803921568627451,0.3254901960784314,0.0004165649414062,0.207350559608609,0.3524730547872807,0.2381149863539418,0.1529411764705882,0.2627450980392157,0.7843137254901961,0.022674560546875,0.2207035199333639,0.3724043986919918,0.210283146726405,0.1803921568627451,0.3019607843137254,0.7058823529411765,0.0103469848632812,0.1406484100466756,0.1904100002709118,0.4470588235294118,0.9445776323876828,0.019931343904711,0.2308828370100002
ACRIN-6698-900959,0,256.0,134.0,6.0,0.0,2.0,5.0,1.2,0.7031,70.0,103.0,98.0,133.0,133.0,169.0,1.3104219461879998,63.0,1.0,1.0,0.0,1.0,1.0,HER2pos,0.0,1.0,0.0,spy2,0,train,10,9,24,3,34.0,36.0,37.0,179.9936,0.8374301685407158,10,0.7947494506835937,0.0823453476849724,0.3041135903039038,0.213002199723365,0.1098039215686274,0.2235294117647059,0.611764705882353,0.0014694213867187,0.1216650869332107,0.4237794058246138,0.2816926310459446,0.0901960784313725,0.3725490196078431,0.8941176470588236,0.0131851196289062,0.1342971442727481,0.4664274012148108,0.2908788324716905,0.0980392156862745,0.4274509803921568,0.9647058823529412,0.0183364868164062,0.1196658155207099,0.1512779679385335,0.3058823529411765,0.7859240370819177,0.042647995390197,0.260614215726361
ISPY2-130892,1,256.0,62.0,6.0,0.0,2.0,5.0,2.6,0.5664,28.0,52.0,82.0,197.0,83.0,182.0,32.6551440384,50.0,0.0,1.0,0.0,1.0,0.0,HRposHER2neg,0.0,0.0,1.0,spy2,0,train,10,11,20,4,25.0,116.0,100.0,144.9984,3.5161659133049517,10,0.5195053100585938,0.1447468237783394,0.2919678747118494,0.1217733014936083,0.1764705882352941,0.2509803921568627,0.4588235294117647,0.0003021240234375,0.1902617151596967,0.385224250419387,0.2368651624443346,0.2,0.2862745098039215,0.8235294117647058,0.0296783447265625,0.1993719841452206,0.4025634525873913,0.2511658709007226,0.192156862745098,0.2980392156862745,0.8941176470588236,0.027789306640625,0.0932563757075376,0.1478275964699653,0.3490196078431372,0.8400048269751696,0.0173392021680042,0.3353826806860656
ISPY2-893874,1,256.0,66.0,7.0,0.0,2.0,6.0,2.4,0.5078,31.0,45.0,23.0,83.0,164.0,215.0,8.124473058048,37.0,0.0,1.0,0.0,0.0,0.0,TripleNeg,1.0,0.0,0.0,spy2,0,train,10,5,14,0,15.0,61.0,52.0,129.9968,2.2109601507378964,10,0.4484176635742187,0.1815985825482536,0.3113684157425782,0.110086546251349,0.1764705882352941,0.2980392156862745,0.4666666666666667,0.0,0.2546869734221814,0.4326524437458012,0.199515886915767,0.2313725490196078,0.392156862745098,0.6823529411764706,0.0241378784179687,0.2734839525409773,0.4658992657466599,0.2102707230581808,0.2313725490196078,0.4352941176470588,0.7647058823529411,0.0169097900390625,0.121284028003223,0.1680449191149495,0.3254901960784314,0.8497586345214877,0.0332468220008586,0.3212775080570424
ACRIN-6698-618860,0,256.0,160.0,7.0,0.0,2.0,6.0,1.0,0.6640625,99.0,138.0,77.0,151.0,52.0,134.0,23.94339599609375,48.0,0.0,1.0,0.0,1.0,0.0,HRposHER2neg,0.0,0.0,1.0,spy2,0,train,10,14,23,3,40.0,75.0,83.0,170.0,3.2166090976257493,10,0.3995285034179687,0.1477392637963388,0.2422268311428503,0.0763173566586397,0.1686274509803921,0.2235294117647059,0.3450980392156862,0.0,0.235292573816636,0.3807642985534217,0.2137474079192715,0.2078431372549019,0.2941176470588235,0.7019607843137254,0.0242721557617187,0.2371619908949908,0.3847060069183635,0.2130600219382249,0.2,0.3058823529411765,0.7294117647058823,0.0144515991210937,0.1385374674105713,0.1756869401347291,0.396078431372549,0.9182008766914428,0.0039417083649418,0.4088151959850073
ACRIN-6698-628788,0,256.0,158.0,7.0,0.0,2.0,6.0,1.0000000098,0.64453125,64.0,110.0,93.0,172.0,98.0,171.0,14.00133375537713,32.0,0.0,1.0,0.0,0.0,0.0,TripleNeg,1.0,0.0,0.0,spy2,0,train,10,17,34,0,47.0,80.0,74.0,165.0,2.7081391141744677,10,0.625115966796875,0.1268221088484221,0.297761846797624,0.1523835845909567,0.1254901960784313,0.2588235294117647,0.5215686274509804,1.52587890625e-06,0.185719424977022,0.3978987993823407,0.2595640342035681,0.0941176470588235,0.3490196078431372,0.807843137254902,0.0089981079101562,0.1971679448146446,0.4196539090066596,0.2716653545145883,0.0941176470588235,0.3686274509803922,0.8588235294117647,0.0157150268554687,0.1001369525847166,0.1997566337691429,0.3843137254901961,0.6644755051203985,0.0217551096243189,0.429124403705573
ISPY2-504838,0,384.0,160.0,7.0,0.0,2.0,5.0,1.0,0.7291666865,23.0,86.0,55.0,142.0,240.0,337.0,17.523774824821093,69.0,1.0,1.0,0.0,0.0,0.0,TripleNeg,1.0,0.0,0.0,spy2,0,train,10,32,41,1,64.0,88.0,98.0,280.000007616,2.9190550326830964,10,0.6813446044921875,0.1015798172296262,0.2430651833983159,0.1512436083094178,0.1137254901960784,0.192156862745098,0.4470588235294118,0.0006942749023437,0.179666275323606,0.3680435929315844,0.2680596816230836,0.1294117647058823,0.2666666666666666,0.8980392156862745,0.0277511596679687,0.1785700180951286,0.3764563542072163,0.2802809423451358,0.1254901960784313,0.2666666666666666,0.9490196078431372,0.02939453125,0.1249784095332684,0.2126717989503387,0.5019607843137255,0.7386249365524771,0.0084127612756318,0.426846203204459
ACRIN-6698-794128,0,320.0,80.0,7.0,0.0,2.0,5.0,2.0,0.625,19.0,53.0,69.0,175.0,195.0,262.0,27.36171875,44.0,0.0,1.0,0.0,0.0,0.0,TripleNeg,1.0,0.0,0.0,spy2,0,train,10,19,28,2,35.0,107.0,68.0,200.0,3.3450403045524992,10,0.4416824340820312,0.1478813081629136,0.2381002279156752,0.1169231533711205,0.1176470588235294,0.2078431372549019,0.392156862745098,3.35693359375e-05,0.2558375040690104,0.3888164359510117,0.2402249976960785,0.1333333333333333,0.3372549019607843,0.7686274509803922,0.0280120849609375,0.2531809010225184,0.384454190696254,0.2375048748289072,0.1215686274509803,0.3450980392156862,0.7294117647058823,0.0216705322265625,0.1507162080353364,0.2164992737719529,0.4784313725490196,0.7809805438112704,-0.0043622452547577,0.3988778324073037
ACRIN-6698-882553,0,256.0,80.0,8.0,0.0,2.0,6.0,2.0,0.7422,5.0,66.0,27.0,188.0,54.0,155.0,66.66077197007999,47.0,0.0,1.0,0.0,1.0,0.0,HRposHER2neg,0.0,0.0,1.0,spy2,0,train,10,35,46,0,62.0,162.0,102.0,190.0032,4.214506572836395,10,0.5780502319335937,0.1217360672296262,0.2647397120849432,0.1480109421491573,0.1176470588235294,0.2156862745098039,0.4862745098039215,8.087158203125e-05,0.1784080954159007,0.3851254830628337,0.2169579814780867,0.1725490196078431,0.3215686274509804,0.6980392156862745,0.0122817993164062,0.2002560723996629,0.4335502874959964,0.23304453111372,0.1843137254901961,0.3725490196078431,0.7803921568627451,0.0179092407226562,0.1203857709778905,0.1225160006117963,0.2823529411764706,0.9231002896622054,0.0484248044331626,0.1652882699463709
ISPY2-732137,0,320.0,180.0,7.0,0.0,2.0,6.0,1.0,0.703125,76.0,143.0,90.0,186.0,77.0,169.0,44.50303344726562,54.0,1.0,1.0,0.0,0.0,0.0,TripleNeg,1.0,0.0,0.0,spy2,0,train,10,21,30,3,68.0,97.0,93.0,225.0,3.8177789929052874,10,0.6496871948242188,0.1020566753312653,0.2477742786496559,0.1348226571835317,0.1137254901960784,0.2156862745098039,0.4156862745098039,0.0,0.1897585580863204,0.4276862085755371,0.293464441437922,0.1019607843137254,0.3568627450980392,0.8980392156862745,0.0166061401367187,0.1895367730832567,0.4195888827652011,0.2597242100072336,0.1137254901960784,0.3764705882352941,0.792156862745098,0.0065521240234375,0.1799119299258811,0.2440919532544377,0.5764705882352941,0.7407755868299206,-0.0080973258103359,0.4387427531023908
ISPY2-332655,1,384.0,72.0,8.0,0.0,2.0,6.0,2.5,0.9375,23.0,42.0,171.0,242.0,240.0,290.0,20.1357421875,56.0,1.0,1.0,0.0,0.0,0.0,TripleNeg,1.0,0.0,0.0,spy2,0,train,10,6,15,3,20.0,72.0,51.0,360.0,3.0509655499150763,10,0.6945709228515625,0.1021199903301164,0.2844292178668176,0.1552210147683202,0.1254901960784313,0.2352941176470588,0.5176470588235295,2.74658203125e-05,0.1665085556927849,0.4577628803387306,0.276985834149041,0.1411764705882353,0.4,0.9490196078431372,0.0237457275390625,0.1702730665019914,0.4635443954067144,0.2586670829031318,0.1411764705882353,0.4352941176470588,0.8431372549019608,0.0177764892578125,0.173333662471913,0.2365863623407389,0.592156862745098,0.7975880019583745,0.0057815150679837,0.3658963060659652
ISPY2-845147,0,256.0,134.0,6.0,0.0,2.0,5.0,1.2,0.7031,44.0,85.0,149.0,201.0,125.0,180.0,22.475901628416,46.0,0.0,1.0,0.0,1.0,0.0,HRposHER2neg,0.0,0.0,1.0,spy2,0,train,10,17,28,3,42.0,53.0,56.0,179.9936,3.155974432382998,10,0.5479629516601563,0.1167961449716605,0.2284417805306475,0.1046731934055089,0.1176470588235294,0.2039215686274509,0.3764705882352941,0.0,0.2438886934168198,0.4637669136320202,0.2364509910607656,0.188235294117647,0.4274509803921568,0.8,0.0245285034179687,0.245034454944087,0.4569802477357758,0.2423829339777489,0.1764705882352941,0.4156862745098039,0.8196078431372549,0.02021484375,0.2353251331013726,0.1928443473823845,0.5333333333333333,0.9340246483508694,-0.0067866658962443,0.4890513659210051
ISPY2-122287,1,320.0,160.0,7.0,0.0,2.0,5.0,1.0,0.600961566,37.0,123.0,28.0,198.0,34.0,201.0,106.73207916972468,54.0,1.0,1.0,0.0,1.0,1.0,HER2pos,0.0,1.0,0.0,spy2,0,train,10,39,48,1,87.0,171.0,168.0,192.30770112,4.67964739654094,10,0.5379837036132813,0.1234371469535079,0.2475099009936254,0.0928131321380476,0.1254901960784313,0.2509803921568627,0.3764705882352941,0.0,0.2275842584348192,0.425605898976288,0.2611771323092313,0.1254901960784313,0.3764705882352941,0.8274509803921568,0.01214599609375,0.2695204910577512,0.4932330674180652,0.2589002693593049,0.1725490196078431,0.4705882352941176,0.8745098039215686,0.0167633056640625,0.1780959979826626,0.2239876159547899,0.5294117647058824,0.7618490886332636,0.0676271684417772,0.2560578888789809
ISPY2-535415,1,256.0,128.0,6.0,0.0,2.0,5.0,1.2,0.625,17.0,51.0,146.0,211.0,110.0,165.0,8.8209375,56.0,1.0,1.0,0.0,0.0,1.0,HER2pos,0.0,1.0,0.0,spy2,0,train,10,16,25,2,35.0,66.0,56.0,160.0,2.2845165862413257,10,0.6688018798828125,0.1366309670840992,0.3547027693659678,0.1758133899621221,0.1294117647058823,0.3294117647058823,0.6,0.0,0.2166665469898897,0.5411647268764961,0.2572758121080704,0.196078431372549,0.5411764705882353,0.9490196078431372,0.0278228759765625,0.2178953342811734,0.5454533677984172,0.2568048893888912,0.2,0.5411764705882353,0.9254901960784314,0.0230422973632812,0.1864619575105282,0.1839579666113434,0.4549019607843137,0.8764132427875091,0.0042886409219211,0.3787260313101809
ACRIN-6698-342959,1,256.0,160.0,7.0,0.0,2.0,6.0,1.0,0.64453125,44.0,103.0,57.0,139.0,62.0,132.0,12.691928100585937,60.0,1.0,1.0,0.0,0.0,0.0,TripleNeg,1.0,0.0,0.0,spy2,0,train,10,31,40,4,60.0,83.0,71.0,165.0,2.6168064694553443,10,0.5637451171875,0.1296927478266697,0.2654919408022876,0.1464040275518749,0.1215686274509803,0.2196078431372549,0.4901960784313725,0.0001983642578125,0.1909693818933823,0.3689939390048929,0.2581021473876554,0.1019607843137254,0.2980392156862745,0.7764705882352941,0.0234146118164062,0.2130052693684895,0.4048966251115142,0.2677932245936451,0.1254901960784313,0.3294117647058823,0.8666666666666667,0.0302780151367187,0.1035019982026052,0.1848881161784181,0.3803921568627451,0.6768635625944373,0.0359026861066212,0.3511983043259276
ACRIN-6698-971492,0,256.0,80.0,7.0,0.0,2.0,5.0,2.0,0.5469,15.0,42.0,31.0,174.0,128.0,210.0,19.650246177780005,32.0,0.0,1.0,0.0,1.0,0.0,HRposHER2neg,0.0,0.0,1.0,spy2,0,train,10,8,17,2,28.0,144.0,83.0,140.0064,3.027727240778113,10,0.6488143920898437,0.124979954139859,0.3288348765096842,0.1445912538649717,0.1529411764705882,0.3058823529411765,0.5411764705882353,0.0,0.1829890352136948,0.4853239571323526,0.2518216414077259,0.188235294117647,0.4352941176470588,0.8862745098039215,0.0201919555664062,0.2016011974858302,0.5346419087115366,0.2639270907666236,0.2235294117647059,0.4745098039215686,0.9882352941176472,0.0335968017578125,0.1564890806226685,0.154753677605639,0.388235294117647,0.8546054146589442,0.0493179515791839,0.3338257593861475
ISPY2-894491,0,256.0,80.0,7.0,0.0,2.0,6.0,2.0,0.625,15.0,62.0,17.0,194.0,91.0,218.0,39.87890625,49.0,1.0,0.0,0.0,1.0,0.0,HRposHER2neg,0.0,0.0,1.0,spy2,0,train,10,28,37,1,48.0,178.0,128.0,160.0,3.7106141904005376,10,0.4293212890625,0.1775963218539369,0.3096630806333229,0.0907430283792782,0.2117647058823529,0.2901960784313726,0.4352941176470588,0.0,0.2307294000363817,0.4023119744154346,0.1739187851169823,0.2509803921568627,0.3490196078431372,0.615686274509804,0.0169265747070312,0.2432915122836244,0.4234360071301247,0.1866786910766149,0.2509803921568627,0.3647058823529411,0.6705882352941176,0.01925048828125,0.0926488937821117,0.1187020846957398,0.2196078431372549,0.905874331550802,0.0211240327146901,0.3123770053475936
ISPY2-489194,1,256.0,72.0,7.0,0.0,2.0,6.0,2.2,0.7031,37.0,56.0,144.0,216.0,97.0,158.0,5.6009810813000005,33.0,0.0,1.0,0.0,1.0,0.0,HRposHER2neg,0.0,0.0,1.0,spy2,0,train,10,7,16,1,20.0,73.0,62.0,179.9936,1.8872182866670775,10,0.5102142333984375,0.1457732196882659,0.28288725071755,0.1127882501998121,0.1568627450980392,0.2549019607843137,0.4470588235294118,0.0,0.2184900201535692,0.4127437480322579,0.2290494094673998,0.1803921568627451,0.3490196078431372,0.7686274509803922,0.0173049926757812,0.2151080741134344,0.4052162436257986,0.2054368764703917,0.188235294117647,0.3568627450980392,0.6901960784313725,0.0065200805664062,0.1298564973147078,0.1842747527067754,0.4196078431372549,0.8137738094496333,-0.0075275044064593,0.454879652072053
ISPY2-300724,0,256.0,66.0,7.0,0.0,2.0,6.0,2.4,0.5859,15.0,55.0,82.0,176.0,80.0,192.0,17.124120158039997,59.0,1.0,1.0,0.0,1.0,0.0,HRposHER2neg,0.0,0.0,1.0,spy2,0,train,10,27,36,2,41.0,95.0,113.0,149.9904,2.897243656557799,10,0.620166015625,0.1053750131644454,0.2503992334817974,0.0768640731459914,0.1529411764705882,0.2470588235294117,0.3450980392156862,0.0,0.1657023710363051,0.3822184350022307,0.2417088126468867,0.192156862745098,0.2901960784313726,0.8784313725490196,0.0301101684570312,0.1730846569584865,0.4027063499265241,0.2316043533204044,0.2117647058823529,0.3098039215686274,0.8313725490196079,0.0209197998046875,0.1318192015204333,0.216549033457975,0.5333333333333333,0.7639437909757039,0.0204879149242934,0.3318027702789561
ISPY2-674897,0,256.0,80.0,7.0,0.0,2.0,5.0,2.0,0.6641,49.0,60.0,112.0,148.0,122.0,159.0,3.4850096566200004,50.0,0.0,0.0,1.0,0.0,0.0,TripleNeg,1.0,0.0,0.0,spy2,0,train,10,2,11,1,12.0,37.0,38.0,170.0096,1.5007406486009724,10,0.6208114624023438,0.1089458749808517,0.2626218512193111,0.1473972135250361,0.1254901960784313,0.2078431372549019,0.4431372549019607,0.0005447387695312,0.1667441394282322,0.4027911854063771,0.2220725895727619,0.188235294117647,0.3137254901960784,0.6980392156862745,0.0117950439453125,0.1796158136106005,0.4272516550935378,0.2201172689834319,0.2117647058823529,0.3568627450980392,0.7294117647058823,0.016461181640625,0.1401693341870661,0.1391312809804155,0.3098039215686274,0.9216917164644576,0.0244604696871605,0.4043540371421098
ISPY2-729732,0,384.0,160.0,7.0,0.0,2.0,5.0,1.0,0.7291666865,43.0,68.0,128.0,165.0,63.0,100.0,3.6255535826467744,36.0,0.0,1.0,0.0,1.0,0.0,HRposHER2neg,0.0,0.0,1.0,spy2,0,train,10,11,20,2,26.0,38.0,38.0,280.000007616,1.5315960573469363,10,0.6560226440429687,0.124930970435049,0.3050705500162261,0.1809297936213898,0.1176470588235294,0.2549019607843137,0.5647058823529412,0.0004074096679687,0.2240678974226409,0.485211699627351,0.221229600336125,0.2235294117647059,0.4588235294117647,0.803921568627451,0.0111053466796875,0.231249132343367,0.5133548678732723,0.2470392437329056,0.2235294117647059,0.4784313725490196,0.9294117647058824,0.0257308959960937,0.1801411496111249,0.1710482749708906,0.4274509803921568,0.8853829808942062,0.0281431682459213,0.4161265853106743
ACRIN-6698-635632,1,256.0,80.0,8.0,0.0,2.0,6.0,2.0,0.6641,14.0,27.0,102.0,157.0,98.0,145.0,3.1974588725000004,46.0,0.0,0.0,0.0,0.0,1.0,HER2pos,0.0,1.0,0.0,spy2,0,train,10,4,15,0,14.0,56.0,48.0,170.0096,1.4344793118274537,10,0.6271514892578125,0.1136862661324295,0.2738211902727123,0.1953333729075227,0.1176470588235294,0.188235294117647,0.5803921568627451,0.0020614624023437,0.1485225662530637,0.3544479671958818,0.2359930292980249,0.1450980392156863,0.2588235294117647,0.7411764705882353,0.0133285522460937,0.1618863154392616,0.3859039388212825,0.2425191341897068,0.1647058823529411,0.2941176470588235,0.788235294117647,0.0162094116210937,0.0806267769231695,0.104628998550571,0.196078431372549,0.8332105586249232,0.0314559716254007,0.2612768569674647
ISPY2-509012,1,384.0,80.0,8.0,0.0,2.0,6.0,2.5,0.8854166865,14.0,39.0,127.0,200.0,218.0,274.0,10.58545647466246,52.0,1.0,1.0,0.0,0.0,0.0,TripleNeg,1.0,0.0,0.0,spy2,0,train,10,10,19,0,26.0,74.0,57.0,340.000007616,2.449750559323238,10,0.5521759033203125,0.133279281317019,0.2637546394637122,0.148470408570269,0.1254901960784313,0.2196078431372549,0.4705882352941176,0.0002059936523437,0.2387472175149356,0.4645093001730516,0.2878327419770435,0.1372549019607843,0.392156862745098,0.9294117647058824,0.0287246704101562,0.2207516659007353,0.4277731923746104,0.2524988042720461,0.1372549019607843,0.3843137254901961,0.7843137254901961,0.0130645751953125,0.2007546607093393,0.2515259635305663,0.615686274509804,0.7785277662307571,-0.0367361077984412,0.5619279965654239
ACRIN-6698-991818,1,320.0,90.0,7.0,0.0,2.0,5.0,2.0,0.5859,45.0,78.0,62.0,181.0,50.0,137.0,15.2656086807,46.0,0.0,1.0,0.0,1.0,1.0,HER2pos,0.0,1.0,0.0,spy2,0,train,10,11,20,1,34.0,120.0,88.0,187.488,2.7890529819548897,10,0.4941909790039063,0.1304432648303462,0.2310927758264793,0.1119309357037144,0.1176470588235294,0.196078431372549,0.403921568627451,0.0,0.2490259686638327,0.4258743888279533,0.2329420014818149,0.1803921568627451,0.3686274509803922,0.7803921568627451,0.0192794799804687,0.2552310898724724,0.4363942347249651,0.2288000970111899,0.188235294117647,0.3843137254901961,0.7764705882352941,0.0146926879882812,0.1947816130014739,0.2021270087328975,0.4980392156862745,0.8863575343829472,0.0105198458970117,0.4174703683704037
ISPY2-290413,0,384.0,72.0,9.0,0.0,2.0,6.0,2.5,0.9375,30.0,48.0,132.0,188.0,94.0,130.0,14.83154296875,59.0,1.0,1.0,0.0,1.0,1.0,HER2pos,0.0,1.0,0.0,spy2,0,train,10,7,16,3,19.0,57.0,37.0,360.0,2.762004340321057,10,0.63714599609375,0.1143680886661305,0.2694913504510299,0.1728227507799854,0.1176470588235294,0.2039215686274509,0.5294117647058824,0.0006240844726562,0.1737551401175704,0.4046214317518429,0.27576094241999,0.1333333333333333,0.3058823529411765,0.8666666666666667,0.021978759765625,0.1768544634650735,0.4032511255132835,0.2654902356008278,0.1215686274509803,0.3294117647058823,0.803921568627451,0.0235549926757812,0.135130081300813,0.2072937743243882,0.5215686274509804,0.797703952901598,-0.0013703062385593,0.4123843566021867
ISPY2-319324,0,256.0,66.0,7.0,0.0,2.0,5.0,2.4,0.6055,37.0,56.0,100.0,174.0,68.0,130.0,13.4257064508,48.0,0.0,1.0,0.0,1.0,1.0,HER2pos,0.0,1.0,0.0,spy2,0,train,10,4,13,0,20.0,75.0,63.0,155.008,2.6690117852538986,10,0.4483200073242187,0.1264471016678155,0.217186833189806,0.086045284288282,0.1294117647058823,0.192156862745098,0.3529411764705882,0.0,0.1892138073491115,0.3288251601944335,0.211064326005223,0.1647058823529411,0.2431372549019607,0.5843137254901961,0.025152587890625,0.1927604346181832,0.3334798380324225,0.2116540606237627,0.1647058823529411,0.2431372549019607,0.615686274509804,0.0196441650390625,0.1116383270046275,0.1578324313820495,0.2980392156862745,0.8802900851613474,0.0046546778379889,0.429753643351247
ISPY2-157270,0,256.0,160.0,7.0,0.0,2.0,5.0,1.0,0.7291666865,39.0,108.0,28.0,128.0,158.0,227.0,23.83699131409339,43.0,0.0,1.0,0.0,1.0,1.0,HER2pos,0.0,1.0,0.0,spy2,0,train,10,23,36,1,70.0,101.0,70.0,186.666671744,3.212334127108302,10,0.5220840454101563,0.1439205753102022,0.2613489531480057,0.1508047444839241,0.1137254901960784,0.2156862745098039,0.4627450980392157,0.0008148193359375,0.2792055017807904,0.4618981232545763,0.2176597312189572,0.2039215686274509,0.4313725490196078,0.7568627450980392,0.0208541870117187,0.2676590384689032,0.4583032946262376,0.2240125005109675,0.2039215686274509,0.4235294117647059,0.803921568627451,0.030230712890625,0.2005491701065705,0.1929842243118175,0.5058823529411764,0.8950278889041433,-0.0035948286283386,0.4894015778702264
ACRIN-6698-748611,1,256.0,80.0,8.0,0.0,2.0,6.0,2.0,0.7031,26.0,47.0,6.0,66.0,79.0,133.0,14.730629678779998,59.0,1.0,0.0,1.0,1.0,0.0,HRposHER2neg,0.0,0.0,1.0,spy2,0,train,10,8,17,3,22.0,61.0,55.0,179.9936,2.7556097467063707,10,0.7341384887695312,0.0833841301413143,0.2405730597114445,0.1639925736874768,0.1098039215686274,0.1764705882352941,0.4705882352941176,0.00167236328125,0.1325660615808823,0.3652111274101858,0.2716898007523651,0.1215686274509803,0.2588235294117647,0.8666666666666667,0.01578369140625,0.1502960264916513,0.408508792216057,0.2789156500735544,0.1411764705882353,0.3058823529411765,0.9176470588235294,0.0178176879882812,0.1246380676987413,0.1841862611365195,0.4196078431372549,0.79911039687778,0.0432976648058712,0.3069360346658248
ACRIN-6698-587604,0,256.0,158.0,7.0,0.0,2.0,6.0,1.0,0.64453125,50.0,97.0,88.0,163.0,121.0,174.0,7.057164001464844,45.0,0.0,1.0,0.0,0.0,0.0,TripleNeg,1.0,0.0,0.0,spy2,0,train,10,18,27,4,48.0,76.0,54.0,165.0,2.0865616337405384,10,0.5524993896484375,0.1494021666283701,0.3037416391845035,0.1423548504145796,0.1333333333333333,0.2862745098039215,0.5019607843137255,0.000115966796875,0.2363359039905024,0.4633627229678945,0.2657521382319572,0.1450980392156863,0.4235294117647059,0.8941176470588236,0.0280349731445312,0.2168234432444853,0.4138251627635376,0.2449399736693561,0.1137254901960784,0.3764705882352941,0.7647058823529411,0.010247802734375,0.1596210837833909,0.2144203980512776,0.5058823529411764,0.7681792453473544,-0.0495375602043568,0.5407639272489208
ISPY2-943879,1,320.0,72.0,7.0,0.0,2.0,6.0,2.2,0.5859,31.0,64.0,48.0,219.0,199.0,271.0,24.869931882642,40.0,0.0,0.0,0.0,0.0,0.0,TripleNeg,1.0,0.0,0.0,spy2,0,train,10,18,27,1,34.0,172.0,73.0,187.488,3.253081363130768,10,0.6219390869140625,0.1168432138480392,0.2503689676834546,0.1739331106850164,0.1098039215686274,0.188235294117647,0.4823529411764706,0.0036849975585937,0.1683914064893535,0.3583018638870673,0.2399145785345514,0.1411764705882353,0.2666666666666666,0.7372549019607844,0.0145950317382812,0.1845450188131893,0.3936162093487008,0.250478034304596,0.1568627450980392,0.3019607843137254,0.8117647058823529,0.0216064453125,0.1079328962036127,0.1297731692355095,0.3058823529411765,0.9448511902359484,0.0353143454616333,0.1643284389302809
ISPY2-601489,0,320.0,150.0,6.0,0.0,2.0,5.0,1.2,0.7813,0.0,149.0,90.0,290.0,18.0,254.0,338.4419980579559,54.0,0.0,0.0,1.0,0.0,1.0,HER2pos,0.0,1.0,0.0,spy2,0,train,10,67,77,1,150.0,201.0,237.0,250.016,5.827303087212933,10,0.6777999877929688,0.0963985906862745,0.2495005156928582,0.13768306020717,0.1215686274509803,0.2117647058823529,0.4313725490196078,4.730224609375e-05,0.2069658645929074,0.4977823674921931,0.2722840469680542,0.1803921568627451,0.4509803921568627,0.9686274509803922,0.0285263061523437,0.2274040431602328,0.5429923297477659,0.2709703091261973,0.2117647058823529,0.5019607843137255,1.0,0.0372848510742187,0.2482818517993348,0.1776723884473967,0.5098039215686274,0.9713388616053458,0.0452099622555728,0.1708775934494238
ISPY2-917762,0,256.0,65.0,8.0,0.0,2.0,5.0,2.0,0.6445,18.0,64.0,24.0,231.0,54.0,153.0,93.962335592,35.0,0.0,1.0,0.0,1.0,0.0,HRposHER2neg,0.0,0.0,1.0,spy2,0,train,10,13,24,0,47.0,208.0,100.0,164.992,4.5534803455339095,10,0.5789749145507812,0.1262688191731771,0.2682799613106044,0.1133062267774968,0.1294117647058823,0.2431372549019607,0.4274509803921568,0.0,0.2389070159313725,0.4918777354267562,0.2490152813842582,0.192156862745098,0.4588235294117647,0.8627450980392157,0.0204803466796875,0.2423179117838541,0.4978950436087135,0.2655624416620642,0.1764705882352941,0.4666666666666667,0.9294117647058824,0.0312728881835937,0.2235977741161519,0.2009008909208808,0.5294117647058824,0.8787379087644016,0.0060173081819572,0.4718816481409668
ACRIN-6698-516834,0,256.0,80.0,8.0,0.0,2.0,6.0,2.0,0.625,38.0,55.0,150.0,184.0,99.0,139.0,1.44765625,46.0,0.0,1.0,0.0,1.0,0.0,HRposHER2neg,0.0,0.0,1.0,spy2,0,train,10,8,17,4,18.0,35.0,41.0,160.0,0.895130934038529,10,0.6502914428710938,0.1030875411688112,0.2495359558401103,0.1123348589581153,0.1215686274509803,0.2274509803921568,0.403921568627451,0.0,0.1869828826305913,0.4478985424481549,0.2487300371110816,0.1647058823529411,0.403921568627451,0.8470588235294118,0.01668701171875,0.1861784452550551,0.4516148996850305,0.2289903103205874,0.1725490196078431,0.4274509803921568,0.7843137254901961,0.0087448120117187,0.1983625866080446,0.2136638966699505,0.5568627450980392,0.8687523179963784,0.0037163572368755,0.4198878635163732
ISPY2-567201,1,256.0,72.0,7.0,0.0,2.0,6.0,2.2,0.7031,28.0,66.0,21.0,163.0,119.0,203.0,13.712071742336,47.0,0.0,1.0,0.0,0.0,0.0,TripleNeg,1.0,0.0,0.0,spy2,0,train,10,16,25,2,39.0,143.0,85.0,179.9936,2.688668363740375,10,0.5262603759765625,0.1829215315276501,0.3691301802390683,0.1337886298994055,0.2117647058823529,0.3450980392156862,0.5686274509803921,0.0,0.2538758161956189,0.4991772751874609,0.2120540517128782,0.2666666666666666,0.4627450980392157,0.8117647058823529,0.0184783935546875,0.2678107706705729,0.5279031727355805,0.2160968889960013,0.2862745098039215,0.4980392156862745,0.8509803921568627,0.0229476928710937,0.1300470949483926,0.1806533027892647,0.396078431372549,0.822817019357748,0.0287258975481196,0.2837278964151126
ISPY2-318407,0,384.0,160.0,7.0,0.0,2.0,5.0,1.0,0.7291666865,67.0,106.0,128.0,184.0,240.0,297.0,9.600619011856988,58.0,1.0,1.0,0.0,0.0,0.0,TripleNeg,1.0,0.0,0.0,spy2,0,train,10,16,25,4,40.0,57.0,58.0,280.000007616,2.360912396757962,10,0.6691818237304688,0.1076839850930606,0.2790222893889919,0.162532862184867,0.1215686274509803,0.2274509803921568,0.5215686274509804,5.645751953125e-05,0.2011013075884651,0.5126189206800544,0.2475517287150905,0.2196078431372549,0.4705882352941176,0.8941176470588236,0.0206619262695312,0.2031068330652573,0.5198930094857989,0.2467045299044342,0.2235294117647059,0.4901960784313725,0.8941176470588236,0.0247909545898437,0.2335966312910626,0.203031274831159,0.5333333333333333,0.910403357856138,0.0072740888057443,0.4654874195705819
ISPY2-233962,1,384.0,72.0,8.0,0.0,2.0,6.0,2.5,0.9375,39.0,55.0,115.0,165.0,92.0,131.0,7.081787109375,33.0,0.0,1.0,0.0,0.0,0.0,TripleNeg,1.0,0.0,0.0,spy2,0,train,10,5,14,2,17.0,51.0,40.0,360.0,2.0896130249798452,10,0.6655044555664062,0.1076402492149203,0.2614552907813218,0.1644164244928018,0.1176470588235294,0.2039215686274509,0.4901960784313725,0.000823974609375,0.1892711744121476,0.4456288011635099,0.2599925251448921,0.1529411764705882,0.388235294117647,0.8666666666666667,0.015570068359375,0.1953438253963695,0.4594249803107612,0.2453776062736385,0.1607843137254902,0.4313725490196078,0.8156862745098039,0.0171951293945312,0.1841735103821881,0.2162336792772845,0.5647058823529412,0.8807289647150058,0.0137961791472513,0.3386492712633716
ISPY2-473505,0,256.0,256.0,7.0,0.0,2.0,5.0,0.800001,1.25,49.0,109.0,137.0,186.0,34.0,73.0,22.103777629687503,56.0,1.0,0.0,1.0,1.0,0.0,HRposHER2neg,0.0,0.0,1.0,spy2,0,train,10,28,37,0,61.0,50.0,40.0,320.0,3.139996137910267,10,0.587335205078125,0.1178792257869944,0.2658053379758079,0.1518894511467605,0.1215686274509803,0.2156862745098039,0.4823529411764706,0.000238037109375,0.1755422435087316,0.393106194867351,0.2456583164153732,0.1568627450980392,0.2980392156862745,0.796078431372549,0.017535400390625,0.1794521556181066,0.3994334951297228,0.2278333073433541,0.1725490196078431,0.3215686274509804,0.7568627450980392,0.0087188720703125,0.127300856891543,0.1470113984660696,0.3450980392156862,0.904682669979737,0.0063273002623717,0.3757302805756459
ACRIN-6698-689452,0,256.0,64.0,7.0,0.0,2.0,6.0,2.5,0.89999997615814,19.0,32.0,66.0,129.0,123.0,173.0,3.027374839603889,63.0,,1.0,0.0,0.0,0.0,TripleNeg,1.0,0.0,0.0,spy2,1,test,10,2,11,-1,14.0,64.0,51.0,230.39999389648383,1.3931147591376647,10,0.679339599609375,0.0997087725471047,0.2691359441543905,0.1124666111442711,0.1215686274509803,0.2627450980392157,0.4156862745098039,4.57763671875e-06,0.1906064800187653,0.5196758624267416,0.2821941368655312,0.1568627450980392,0.4901960784313725,0.9254901960784314,0.0172943115234375,0.1896523688821231,0.50262578716699,0.2573964017393499,0.1490196078431372,0.5019607843137255,0.8549019607843137,0.0071426391601562,0.2505399182723511,0.2383694858672893,0.611764705882353,0.8684593714905685,-0.0170500752597515,0.4993909054571064
ISPY2-935460,0,256.0,64.0,7.0,0.0,2.0,5.0,2.5,0.6641,18.0,43.0,122.0,227.0,86.0,183.0,17.986257443824996,65.0,1.0,1.0,0.0,0.0,0.0,TripleNeg,1.0,0.0,0.0,spy2,0,train,10,7,16,2,26.0,106.0,98.0,170.0096,2.943715425034008,10,0.6697372436523438,0.0995492493872549,0.2416092380742983,0.143509244545235,0.1137254901960784,0.196078431372549,0.4392156862745098,1.52587890625e-06,0.1773796470492493,0.4193844430366433,0.2723534977979912,0.1529411764705882,0.3254901960784314,0.9254901960784314,0.0229904174804687,0.1723070331648284,0.3950554111064637,0.2329777942605837,0.1568627450980392,0.3294117647058823,0.7764705882352941,0.0060195922851562,0.1777752049623449,0.2028133625099828,0.5176470588235295,0.9035302923198468,-0.0243290319301795,0.3915570524992954
ISPY2-712917,1,256.0,78.0,8.0,0.0,2.0,6.0,2.0,0.5664,45.0,63.0,38.0,117.0,128.0,165.0,2.88984711168,45.0,0.0,1.0,0.0,0.0,0.0,TripleNeg,1.0,0.0,0.0,spy2,0,train,10,7,17,0,19.0,80.0,38.0,144.9984,1.3583698539479496,10,0.6764816284179688,0.0858038988300398,0.2295404330555121,0.1283329996016527,0.1137254901960784,0.1725490196078431,0.4470588235294118,0.0,0.1296622541839001,0.3447591530657664,0.2326704654445574,0.1411764705882353,0.2431372549019607,0.6901960784313725,0.0114669799804687,0.1411036113664215,0.376419742365513,0.2385469283300928,0.1568627450980392,0.2784313725490196,0.7450980392156863,0.011724853515625,0.1152187200102542,0.1510732012807219,0.3294117647058823,0.8494818909447649,0.0316605892997465,0.2960980280255257
ACRIN-6698-609151,1,256.0,80.0,8.0,0.0,2.0,6.0,2.0,0.625,31.0,57.0,104.0,217.0,67.0,139.0,6.43984375,40.0,0.0,1.0,0.0,0.0,1.0,HER2pos,0.0,1.0,0.0,spy2,0,train,10,10,20,4,27.0,114.0,73.0,160.0,2.006849847280383,10,0.5080093383789063,0.1480642520680147,0.281768958502202,0.1092487961364561,0.1333333333333333,0.2823529411764706,0.4117647058823529,3.814697265625e-05,0.2784617644665288,0.5329306814450832,0.2670719041430249,0.188235294117647,0.5098039215686274,0.9058823529411764,0.0158477783203125,0.2719050747740502,0.5161983950236867,0.2306509623683651,0.2039215686274509,0.5098039215686274,0.8196078431372549,0.0065017700195312,0.251161722942881,0.2175275463689251,0.5803921568627451,0.9314613048993428,-0.0167322864213963,0.4881385474721723
ISPY2-552313,1,384.0,144.0,6.0,0.0,2.0,5.0,1.2000000477,0.88541666666667,59.0,96.0,157.0,216.0,272.0,332.0,10.694505633439997,61.0,1.0,0.0,0.0,0.0,1.0,HER2pos,0.0,1.0,0.0,spy2,1,test,10,16,30,-1,38.0,60.0,61.0,340.00000000000125,2.459119127525742,10,0.6498565673828125,0.119784288593367,0.2894920861969227,0.1936481626009211,0.1176470588235294,0.2156862745098039,0.5843137254901961,0.0021072387695312,0.1913741407207414,0.4362139867059387,0.2355131589542122,0.1686274509803921,0.388235294117647,0.7803921568627451,0.0153152465820312,0.1922452560125613,0.4463542844252356,0.2390000508938867,0.1764705882352941,0.396078431372549,0.803921568627451,0.0200851440429687,0.146721900509016,0.1542555871773422,0.3843137254901961,0.9000915152307492,0.0101402977192968,0.3652503595241208
ISPY2-181442,0,256.0,134.0,6.0,0.0,2.0,5.0,1.2,0.6641,17.0,69.0,91.0,193.0,93.0,169.0,38.455242470664,63.0,1.0,1.0,0.0,0.0,0.0,TripleNeg,1.0,0.0,0.0,spy2,0,train,10,26,35,3,53.0,103.0,77.0,170.0096,3.675166927453139,10,0.8248306274414062,0.0707613657035079,0.3090668788704691,0.1642106050374873,0.1215686274509803,0.2509803921568627,0.5529411764705883,0.0,0.1206588326248468,0.5105997883086022,0.3162125999356718,0.188235294117647,0.3803921568627451,1.0,0.0355087280273437,0.1305369178921568,0.54200864973033,0.3095648214360443,0.2039215686274509,0.4352941176470588,1.0,0.0346572875976562,0.201532909438133,0.1773462323615645,0.4627450980392157,0.9178390055662504,0.0314088614217279,0.2483122675284628
ACRIN-6698-145777,0,256.0,134.0,7.0,0.0,2.0,5.0,1.2000000477,0.5859375,83.0,102.0,57.0,92.0,120.0,155.0,4.011108557879059,30.0,0.0,0.0,0.0,1.0,0.0,HRposHER2neg,0.0,0.0,1.0,spy2,0,train,10,7,17,4,20.0,36.0,36.0,150.0,1.6116571596581266,10,0.571282958984375,0.1298390706380208,0.2834447424846278,0.1244589715258186,0.1372549019607843,0.2705882352941176,0.4392156862745098,3.509521484375e-05,0.2147000241747089,0.4604279356423026,0.239756236308625,0.1803921568627451,0.4117647058823529,0.8117647058823529,0.0122573852539062,0.2221079328948376,0.479881478082043,0.2518739427685397,0.1843137254901961,0.4274509803921568,0.8588235294117647,0.0175155639648437,0.1769831931576748,0.1611652109273158,0.4156862745098039,0.9293041101351064,0.0194535424397403,0.3549280334847169
ISPY2-254060,1,256.0,64.0,7.0,0.0,2.0,6.0,2.5,0.8999999762,11.0,26.0,75.0,100.0,106.0,146.0,7.101674624400306,38.0,0.0,1.0,0.0,0.0,0.0,TripleNeg,1.0,0.0,0.0,spy2,0,train,10,4,14,0,16.0,26.0,41.0,230.3999939072,2.092070784062973,10,0.7016799926757813,0.078637455958946,0.2326583763060687,0.0956535290991356,0.1215686274509803,0.2196078431372549,0.3607843137254902,0.0,0.1553807456820618,0.4331459572632523,0.2518218795703942,0.1529411764705882,0.3803921568627451,0.8313725490196079,0.0133651733398437,0.1512558761297487,0.414740197357158,0.2339942314344449,0.1411764705882353,0.3725490196078431,0.7686274509803922,0.0073883056640625,0.2004875809571835,0.2189814612029361,0.5450980392156862,0.8560051558256226,-0.0184057599060943,0.4942431728787204
ISPY2-411806,0,384.0,176.0,7.0,0.0,2.0,5.0,1.1000000238,0.8072916865,35.0,81.0,237.0,287.0,57.0,106.0,15.798863015901132,45.0,0.0,1.0,0.0,1.0,0.0,HRposHER2neg,0.0,0.0,1.0,spy2,0,train,10,24,33,0,47.0,51.0,50.0,310.000007616,2.821311206494047,10,0.4009078979492187,0.1864858589920343,0.3008264468588202,0.1173981347438211,0.1568627450980392,0.2862745098039215,0.4666666666666667,0.0,0.3042045862534467,0.493842942185776,0.2409613009576498,0.196078431372549,0.4745098039215686,0.8470588235294118,0.025848388671875,0.2919428327971813,0.4659680934629818,0.2048293789228113,0.2117647058823529,0.4549019607843137,0.7450980392156863,0.0078170776367187,0.1930164953269557,0.1784645552150225,0.4509803921568627,0.8856607262474498,-0.0278748487227941,0.5628277651984993
ISPY2-491779,1,384.0,160.0,7.0,0.0,2.0,5.0,1.0,0.9375,17.0,122.0,122.0,196.0,91.0,137.0,41.36572265625,70.0,1.0,1.0,0.0,1.0,1.0,HER2pos,0.0,1.0,0.0,spy2,1,test,10,20,29,-1,106.0,75.0,47.0,360.0,3.746339607365206,10,0.6992782592773438,0.0897657267252604,0.2307243632582243,0.131213083972916,0.1137254901960784,0.1843137254901961,0.4313725490196078,2.44140625e-05,0.1475555479760263,0.3754294715689209,0.2311729468489428,0.1647058823529411,0.3019607843137254,0.7411764705882353,0.0161773681640625,0.1617698459999234,0.4176168035219121,0.2571995076115546,0.1647058823529411,0.3372549019607843,0.9019607843137256,0.0245468139648437,0.1447051083106965,0.1374502949365606,0.3215686274509804,0.9395274024385912,0.0421873319529911,0.1997046899498175
ISPY2-575457,1,256.0,80.0,7.0,0.0,2.0,6.0,2.0,0.625,23.0,52.0,77.0,204.0,65.0,142.0,38.49609375,46.0,0.0,1.0,0.0,0.0,1.0,HER2pos,0.0,1.0,0.0,spy2,0,train,10,13,22,4,30.0,128.0,78.0,160.0,3.6762017746118367,10,0.5613967895507812,0.1382637412875306,0.2974594178706052,0.1237695237560728,0.1411764705882353,0.2941176470588235,0.4509803921568627,0.0002105712890625,0.2103307866115196,0.4475629985088945,0.2213560646711826,0.2078431372549019,0.4078431372549019,0.796078431372549,0.0197998046875,0.2345238240559896,0.4973625529712864,0.2253462257428129,0.2392156862745098,0.4627450980392157,0.8588235294117647,0.0246200561523437,0.1501035806382892,0.1603751500357728,0.4117647058823529,0.9070146081136086,0.0497995544623919,0.192340742338481
ISPY2-180663,0,384.0,176.0,7.0,0.0,2.0,5.0,1.1000000238,0.859375,38.0,137.0,78.0,187.0,255.0,345.0,60.02579414541957,39.0,0.0,1.0,0.0,1.0,0.0,HRposHER2neg,0.0,0.0,1.0,spy2,1,test,10,62,73,-1,100.0,110.0,91.0,330.0,4.111296629638341,10,0.5828643798828125,0.1224395811791513,0.2703895130667073,0.1375610754358003,0.1411764705882353,0.2274509803921568,0.4784313725490196,0.0005142211914062,0.1839645146388633,0.4047833198991771,0.2451383598468253,0.1647058823529411,0.3176470588235294,0.792156862745098,0.0201583862304687,0.191600066540288,0.4177239914233707,0.2529477689764667,0.1686274509803921,0.3333333333333333,0.8745098039215686,0.030487060546875,0.1343938068324698,0.1844734690034215,0.4352941176470588,0.7738629130787859,0.0129406715241936,0.3877179248941011
ISPY2-415039,0,384.0,160.0,6.0,0.0,2.0,4.0,1.0,0.8333333135,23.0,122.0,101.0,208.0,32.0,141.0,43.86944235625892,50.0,0.0,1.0,0.0,1.0,1.0,HER2pos,0.0,1.0,0.0,spy2,0,train,10,44,53,1,100.0,108.0,110.0,319.999992384,3.8037569919244576,10,0.6190216064453125,0.1160426420323988,0.2591650516453427,0.1632911462100256,0.1176470588235294,0.2039215686274509,0.4784313725490196,0.00208740234375,0.2009142049153645,0.4528065403141206,0.2651423371422308,0.1568627450980392,0.3803921568627451,0.8941176470588236,0.023553466796875,0.199417922076057,0.4369520805542637,0.2660687306818988,0.1450980392156863,0.3607843137254902,0.8784313725490196,0.0248916625976562,0.1936414886687779,0.1927645648393805,0.5019607843137255,0.8734890539014251,-0.0158544597598569,0.535685963521015
ISPY2-138425,1,256.0,64.0,9.0,0.0,2.0,6.0,2.5000000002,0.8653846383,9.0,30.0,36.0,129.0,33.0,82.0,23.092040795807712,62.0,1.0,1.0,0.0,0.0,1.0,HER2pos,0.0,1.0,0.0,spy2,0,train,10,10,19,2,22.0,94.0,50.0,221.5384674048,3.1818815285142477,10,0.4495498657226562,0.1635925891352634,0.2795883637327383,0.1334776864314239,0.1294117647058823,0.2666666666666666,0.4352941176470588,0.000360107421875,0.2709412279316023,0.4434035788772116,0.2158535397038506,0.2117647058823529,0.392156862745098,0.788235294117647,0.0204864501953125,0.2701786056219363,0.4509105037190943,0.2121260013245531,0.2196078431372549,0.4078431372549019,0.7725490196078432,0.0290481567382812,0.1638152151444733,0.1934332307228037,0.4980392156862745,0.9654213664575612,0.0075069248418827,0.301840922762188
ISPY2-783771,0,256.0,66.0,7.0,0.0,2.0,6.0,2.4,0.6641,7.0,22.0,62.0,164.0,50.0,124.0,63.31762419408,31.0,0.0,0.0,1.0,1.0,0.0,HRposHER2neg,0.0,0.0,1.0,spy2,0,train,10,8,17,2,16.0,103.0,75.0,170.0096,4.163833686907418,10,0.4191574096679687,0.1486857575061274,0.2470846403348643,0.0856510748151031,0.1411764705882353,0.2431372549019607,0.3529411764705882,0.0,0.2582133992513021,0.4322631772977356,0.229295331272098,0.1843137254901961,0.392156862745098,0.7725490196078432,0.0251312255859375,0.2866784967160692,0.4792091630497641,0.2276676465660605,0.2078431372549019,0.4509803921568627,0.807843137254902,0.0145751953125,0.1851785369628712,0.1777694721642261,0.4470588235294118,0.9481664788354992,0.0469459857520285,0.174315204341921
ACRIN-6698-293142,0,256.0,66.0,7.0,0.0,2.0,5.0,2.4,0.7031,26.0,62.0,51.0,206.0,54.0,165.0,41.150452495776,56.0,1.0,1.0,0.0,1.0,0.0,HRposHER2neg,0.0,0.0,1.0,spy2,0,train,10,13,22,4,37.0,156.0,112.0,179.9936,3.741245419758592,10,0.693505859375,0.0819759174421721,0.2286346707712876,0.1459222963671182,0.1137254901960784,0.1843137254901961,0.388235294117647,0.0032546997070312,0.1372822660558363,0.3824816010520824,0.2238912725919514,0.1843137254901961,0.3098039215686274,0.7294117647058823,0.018536376953125,0.1522248032513787,0.4263383360353859,0.2289217221484297,0.2078431372549019,0.3568627450980392,0.8117647058823529,0.0208465576171875,0.1538469302807948,0.1396433606152556,0.3333333333333333,0.9795682650947906,0.0438567349833035,0.1338418034092719
ACRIN-6698-706639,0,256.0,76.0,8.0,0.0,2.0,6.0,2.1,0.7422,48.0,62.0,111.0,158.0,151.0,186.0,5.800234128695999,50.0,0.0,1.0,0.0,0.0,0.0,TripleNeg,1.0,0.0,0.0,spy2,0,train,10,6,15,4,15.0,48.0,36.0,190.0032,1.9169570422799265,10,0.589959716796875,0.1083336923636642,0.2478438406517248,0.1802437077866679,0.1176470588235294,0.1686274509803921,0.5725490196078431,0.0009368896484375,0.1447041709750306,0.3279086699057944,0.2320598176624778,0.1490196078431372,0.2274509803921568,0.7372549019607844,0.0129806518554687,0.1592381077186734,0.359514273847852,0.2464592315670103,0.1647058823529411,0.2509803921568627,0.8156862745098039,0.0170822143554687,0.0800648292540695,0.0992299981040125,0.188235294117647,0.897087718253673,0.0316056039420576,0.2493078400142897
ISPY2-930853,1,256.0,80.0,8.0,0.0,2.0,6.0,2.0,0.5664,20.0,54.0,60.0,210.0,111.0,173.0,2.4554717798400003,45.0,0.0,0.0,0.0,1.0,0.0,HRposHER2neg,0.0,0.0,1.0,spy2,0,train,10,21,30,1,35.0,151.0,63.0,144.9984,1.2399589977788783,10,0.6662918090820312,0.1066192626953125,0.2830391919272338,0.1201347622814605,0.1215686274509803,0.2901960784313726,0.4392156862745098,0.0,0.1603394930970434,0.4193563200706782,0.253569961972425,0.1450980392156863,0.3764705882352941,0.8666666666666667,0.0168899536132812,0.1728508384554994,0.4570972602777799,0.2354954825413591,0.188235294117647,0.4235294117647059,0.8352941176470589,0.0118148803710937,0.1363171281434443,0.1947282218071954,0.4941176470588235,0.803122099323728,0.0377409402071017,0.2646788508406531
ISPY2-303685,1,256.0,124.0,7.0,0.0,2.0,5.0,1.2999999523,0.5859375,64.0,78.0,118.0,171.0,130.0,172.0,1.85668938499878,71.0,1.0,1.0,0.0,1.0,0.0,HRposHER2neg,0.0,0.0,1.0,spy2,0,train,10,5,14,2,15.0,54.0,43.0,150.0,1.0496633966516524,10,0.5163543701171875,0.1328292308134191,0.2509606953564421,0.1625038889053856,0.1294117647058823,0.2,0.4235294117647059,0.0077438354492187,0.1626251998602175,0.3118257016273739,0.1941526056216572,0.1568627450980392,0.2509803921568627,0.5450980392156862,0.0156875610351562,0.1821624456667432,0.3504985133988351,0.2029428010664532,0.1803921568627451,0.2823529411764706,0.6274509803921569,0.0185165405273437,0.0608650062709317,0.0878988137927028,0.1215686274509803,0.8704860519557549,0.0386728117714611,0.1087732914355664
ISPY2-930172,0,256.0,116.0,5.0,0.0,2.0,4.0,1.2,0.6641,49.0,97.0,90.0,183.0,35.0,136.0,87.497822554188,44.0,0.0,1.0,0.0,1.0,1.0,HER2pos,0.0,1.0,0.0,spy2,0,train,10,15,28,3,49.0,94.0,102.0,170.0096,4.482977947803723,10,0.719659423828125,0.1024082797181372,0.316543463959793,0.1275092635447921,0.1372549019607843,0.3254901960784314,0.4784313725490196,0.0,0.1802003927791819,0.5570390965817865,0.2649184280924903,0.2117647058823529,0.5333333333333333,0.9372549019607844,0.0177291870117187,0.1858496033911611,0.5664680311174349,0.2648447241187665,0.2235294117647059,0.5294117647058824,0.9568627450980391,0.0218887329101562,0.2404956326219935,0.1899202803394686,0.4941176470588235,0.9174522653545536,0.0094289345356483,0.3991748492303673
ISPY2-289107,1,256.0,134.0,6.0,0.0,2.0,5.0,1.2,0.6641,46.0,64.0,171.0,208.0,97.0,128.0,2.007915966168,50.0,1.0,0.0,0.0,0.0,0.0,TripleNeg,1.0,0.0,0.0,spy2,0,train,10,5,14,2,19.0,38.0,32.0,170.0096,1.1012474689180989,10,0.6634750366210938,0.1409525613223805,0.3493130698061265,0.217835208779505,0.1176470588235294,0.2901960784313726,0.6901960784313725,0.000555419921875,0.1765409701478247,0.4218184097416427,0.285745492760176,0.0823529411764705,0.3764705882352941,0.8705882352941177,0.0159957885742187,0.1887570669136795,0.4416383300015692,0.2958678737915114,0.0862745098039215,0.396078431372549,0.9215686274509804,0.0229873657226562,0.0725053399355162,0.1758147039572772,0.3058823529411765,0.6185948445895395,0.0198199202599265,0.4397923326305289
ACRIN-6698-563681,0,256.0,80.0,7.0,0.0,2.0,5.0,2.0,0.5859,19.0,70.0,54.0,235.0,78.0,225.0,140.86995214446,23.0,0.0,1.0,0.0,1.0,0.0,HRposHER2neg,0.0,0.0,1.0,spy2,0,train,10,15,24,4,52.0,182.0,148.0,149.9904,4.954910808004178,10,0.4503265380859375,0.152509843414905,0.2570005313539663,0.1096552191714074,0.1254901960784313,0.2392156862745098,0.4156862745098039,0.0,0.2794137633080576,0.462699539417026,0.2637989732426429,0.1725490196078431,0.3843137254901961,0.8980392156862745,0.0303955078125,0.2910699522729014,0.4809183507844084,0.2693913701394358,0.1686274509803921,0.4117647058823529,0.9098039215686274,0.0366973876953125,0.2056990080630596,0.205435588576209,0.5294117647058824,0.8649377904362164,0.0182188113673824,0.4550375589200353
ISPY2-848371,1,256.0,80.0,8.0,0.0,2.0,6.0,2.0,0.5664,40.0,76.0,80.0,160.0,136.0,226.0,21.77458735104,32.0,0.0,1.0,0.0,0.0,0.0,TripleNeg,1.0,0.0,0.0,spy2,1,test,10,15,24,-1,37.0,81.0,91.0,144.9984,3.1256453244765012,10,0.5410018920898437,0.1365259686638327,0.2775025439567899,0.1082534000244094,0.1294117647058823,0.2784313725490196,0.4196078431372549,0.0,0.2321783985811121,0.4613059071618568,0.2283994289796027,0.1725490196078431,0.4392156862745098,0.792156862745098,0.012396240234375,0.2356714046702665,0.4632765016221941,0.2014421218399068,0.2039215686274509,0.4549019607843137,0.7333333333333333,0.0043319702148437,0.1838033632050668,0.2019256312849769,0.4941176470588235,0.8420991393209645,0.0019705944603373,0.4551027396121792
ISPY2-960490,1,384.0,160.0,7.0,0.0,2.0,6.0,1.0,0.8854166865,54.0,105.0,140.0,184.0,95.0,156.0,26.817012377617395,36.0,0.0,1.0,0.0,0.0,0.0,TripleNeg,1.0,0.0,0.0,spy2,0,train,10,19,32,3,52.0,45.0,62.0,340.000007616,3.3256477895572587,10,0.7449127197265625,0.087613286037071,0.2727949533385082,0.1454989962556518,0.1137254901960784,0.2431372549019607,0.4784313725490196,3.0517578125e-06,0.1748024854473039,0.4720827448306179,0.2362386484057952,0.2117647058823529,0.4235294117647059,0.9019607843137256,0.0213851928710937,0.1773224595013786,0.4992285834859863,0.2614473681937988,0.2078431372549019,0.4431372549019607,1.0,0.0271865844726562,0.1992877914921098,0.1811391473119958,0.4980392156862745,0.9352889803438332,0.0271458386553683,0.4092861330111141
ISPY2-810965,1,256.0,80.0,8.0,0.0,2.0,6.0,2.0,0.6445,21.0,58.0,38.0,151.0,123.0,203.0,75.358284955,66.0,1.0,1.0,0.0,0.0,0.0,TripleNeg,1.0,0.0,0.0,spy2,0,train,10,15,24,0,38.0,114.0,81.0,164.992,4.335436538613175,10,0.7346115112304688,0.0885462323357077,0.2827431927780455,0.159685974085794,0.1098039215686274,0.2274509803921568,0.5019607843137255,6.40869140625e-05,0.1407340614468443,0.4623938986547616,0.3214174561031123,0.1372549019607843,0.3333333333333333,1.0,0.0323898315429687,0.1489743041992187,0.4843254389005854,0.2979126280322285,0.1607843137254902,0.388235294117647,0.9607843137254902,0.020550537109375,0.179650705876716,0.1859880157478862,0.4862745098039215,0.925462124478942,0.0219315402458237,0.2771194480379474
ACRIN-6698-409288,0,256.0,64.0,7.0,0.0,2.0,6.0,2.5,0.625,28.0,48.0,125.0,224.0,74.0,143.0,8.5361328125,77.0,,0.0,1.0,0.0,0.0,TripleNeg,1.0,0.0,0.0,spy2,0,train,10,8,17,1,21.0,100.0,70.0,160.0,2.2550880377113263,10,0.7221954345703125,0.0932831827799479,0.2817606628726564,0.1596366888935874,0.1137254901960784,0.2313725490196078,0.5019607843137255,0.0003189086914062,0.1289539950501685,0.3701530678732369,0.2516013641893942,0.0941176470588235,0.3137254901960784,0.7294117647058823,0.0089981079101562,0.1471793739468443,0.405218002658435,0.2759053965661436,0.0823529411764705,0.3607843137254902,0.8156862745098039,0.0125076293945312,0.0883924050005804,0.1652625883478834,0.3137254901960784,0.6450769518076259,0.0350649347851981,0.3417901593962496
ISPY2-282777,0,256.0,64.0,9.0,0.0,2.0,6.0,2.5000000002,0.8413461447,7.0,23.0,58.0,139.0,92.0,178.0,20.82887863997201,48.0,0.0,1.0,0.0,1.0,0.0,HRposHER2neg,0.0,0.0,1.0,spy2,0,train,10,4,13,4,17.0,82.0,87.0,215.3846130432,3.083233801398779,10,0.5202499389648437,0.1412233898686427,0.2718035998944549,0.1409005373265205,0.1254901960784313,0.2470588235294117,0.4352941176470588,0.002130126953125,0.2637309773763021,0.4987233875895011,0.2267393104840611,0.2392156862745098,0.4588235294117647,0.8509803921568627,0.0234146118164062,0.2464215387082567,0.4707915797700497,0.2026304878605049,0.2431372549019607,0.4470588235294118,0.7372549019607844,0.0215164184570312,0.2269197876950461,0.2222405466095072,0.5882352941176471,0.933987258634454,-0.0279318078194513,0.4570543464086588
ACRIN-6698-774840,1,256.0,65.0,7.0,0.0,2.0,6.0,2.2,0.7031,16.0,54.0,117.0,227.0,69.0,184.0,41.761567483658,56.0,1.0,1.0,0.0,0.0,0.0,TripleNeg,1.0,0.0,0.0,spy2,0,train,10,15,29,0,39.0,111.0,116.0,179.9936,3.755639743194462,10,0.5864334106445312,0.1454109461167279,0.3214520228738275,0.1148125756497815,0.1686274509803921,0.3176470588235294,0.4745098039215686,0.0,0.2213473271388633,0.4732922779309669,0.2178411413051778,0.2431372549019607,0.4235294117647059,0.8196078431372549,0.0188888549804687,0.2209581562117034,0.4569626743091208,0.2140807141060469,0.2039215686274509,0.4235294117647059,0.7647058823529411,0.0092941284179687,0.1518402550571393,0.1670981707349444,0.4156862745098039,0.8680908369767742,-0.0163296036218461,0.5134133967937721
ACRIN-6698-301665,0,256.0,80.0,8.0,0.0,2.0,6.0,2.0,0.7031,27.0,70.0,62.0,210.0,61.0,159.0,43.89330187189999,52.0,0.0,1.0,0.0,1.0,1.0,HER2pos,0.0,1.0,0.0,spy2,0,train,10,22,32,4,44.0,149.0,99.0,179.9936,3.80428860482039,10,0.5960189819335937,0.1152490174536611,0.2557399449564644,0.1437727343685845,0.1137254901960784,0.2078431372549019,0.4666666666666667,0.0009292602539062,0.1768209898705575,0.3887085432126415,0.2446510850493317,0.1529411764705882,0.3019607843137254,0.7686274509803922,0.0222549438476562,0.201654603247549,0.4386617552446035,0.2446561697817904,0.1843137254901961,0.3686274509803922,0.8392156862745098,0.0227203369140625,0.132968598256177,0.1532899680259217,0.392156862745098,0.9093079209678456,0.049953212031962,0.1702643596106559
ISPY2-930903,0,256.0,134.0,6.0,0.0,2.0,5.0,1.2,0.6641,64.0,92.0,53.0,134.0,75.0,127.0,10.374585314916,34.0,0.0,1.0,0.0,1.0,0.0,HRposHER2neg,0.0,0.0,1.0,spy2,0,train,10,12,21,4,29.0,82.0,53.0,170.0096,2.4313815083409236,10,0.6632568359375,0.1107467471852022,0.2892929668786241,0.1627147836335033,0.1137254901960784,0.2431372549019607,0.5411764705882353,0.0,0.1585607730641084,0.4136201867102238,0.2721814370330414,0.1215686274509803,0.3450980392156862,0.8588235294117647,0.0170806884765625,0.1709256879021139,0.4429603038199257,0.2871446647071806,0.1372549019607843,0.3686274509803922,0.9686274509803922,0.0291046142578125,0.1243272198315997,0.1406595289051039,0.3490196078431372,0.8313863916479374,0.0293401171097018,0.2834136881026607
ISPY2-489973,0,256.0,64.0,7.0,0.0,2.0,6.0,2.5,0.8999999762,29.0,53.0,84.0,152.0,111.0,159.0,17.163899092220415,39.0,0.0,0.0,1.0,0.0,0.0,TripleNeg,1.0,0.0,0.0,spy2,0,train,10,13,22,3,25.0,69.0,49.0,230.3999939072,2.8994360578481317,10,0.6963714599609375,0.0876155598958333,0.2294084538019523,0.0990162526796742,0.1176470588235294,0.2156862745098039,0.3647058823529411,0.0,0.1586731675091912,0.4033973027563472,0.2635874311566095,0.1411764705882353,0.3176470588235294,0.8941176470588236,0.02154541015625,0.1562014650831035,0.389991630113696,0.237791379671033,0.1450980392156863,0.3215686274509804,0.7803921568627451,0.0098419189453125,0.1739888489543948,0.2092073716373475,0.5333333333333333,0.8866503171077362,-0.0134056726426511,0.4429959896676148
ISPY2-714205,1,256.0,80.0,7.0,0.0,2.0,5.0,2.0,0.5859,24.0,54.0,63.0,164.0,110.0,207.0,15.40772610804,68.0,1.0,1.0,0.0,0.0,0.0,TripleNeg,1.0,0.0,0.0,spy2,0,train,10,14,23,1,31.0,102.0,98.0,149.9904,2.7977523280442136,10,0.5710540771484375,0.1187586645986519,0.2470922061205509,0.1428836494222423,0.1215686274509803,0.2,0.4470588235294118,1.52587890625e-06,0.1678579711914062,0.3438475800829947,0.23674290733943,0.1372549019607843,0.2666666666666666,0.7058823529411765,0.0263137817382812,0.1876538504806219,0.3849335703176452,0.245879919208443,0.1568627450980392,0.3058823529411765,0.803921568627451,0.0306777954101562,0.0967553739624438,0.1484627078496836,0.2823529411764706,0.7559068562931764,0.0410859902346504,0.3000917777129563
ACRIN-6698-831848,1,256.0,72.0,7.0,0.0,2.0,6.0,2.2,0.7031,14.0,35.0,155.0,215.0,54.0,97.0,2.16970043829,38.0,0.0,1.0,0.0,0.0,1.0,HER2pos,0.0,1.0,0.0,spy2,0,train,10,8,17,0,22.0,61.0,44.0,179.9936,1.1536370844617359,10,0.339202880859375,0.2387935384114583,0.3527372378776477,0.123931421551302,0.2,0.3529411764705882,0.4784313725490196,0.00260009765625,0.2914651788449754,0.4269308514058189,0.1927903541238937,0.2117647058823529,0.403921568627451,0.6823529411764706,0.0206817626953125,0.3121371938668045,0.4583262474157908,0.1756081130316317,0.2588235294117647,0.4392156862745098,0.6823529411764706,0.0155593872070312,0.0741936135281711,0.169318875579653,0.2431372549019607,0.6952500808202097,0.0313953960099719,0.2499630536184362
ACRIN-6698-323721,0,256.0,72.0,7.0,0.0,2.0,6.0,2.2,0.7031,32.0,54.0,86.0,169.0,78.0,151.0,9.28240262697,65.0,1.0,1.0,0.0,1.0,0.0,HRposHER2neg,0.0,0.0,1.0,spy2,0,train,10,9,18,2,23.0,84.0,74.0,179.9936,2.3304339512959356,10,0.3912979125976562,0.1868159993489583,0.2991681784729113,0.1016805621685418,0.2,0.2784313725490196,0.4235294117647059,0.0,0.2458380845013786,0.3935135782884618,0.1781676430600693,0.2509803921568627,0.3372549019607843,0.6313725490196078,0.01826171875,0.257652940937117,0.4114460112768482,0.1810223174252138,0.2549019607843137,0.3568627450980392,0.6784313725490196,0.014935302734375,0.0943453998155505,0.1233504244265489,0.2156862745098039,0.913486196445895,0.0179324329883864,0.3140487166567649
ACRIN-6698-275626,1,256.0,80.0,8.0,0.0,2.0,6.0,2.0,0.6641,47.0,59.0,143.0,185.0,135.0,181.0,4.258574189360001,42.0,0.0,1.0,0.0,0.0,0.0,TripleNeg,1.0,0.0,0.0,spy2,1,test,10,2,11,-1,13.0,43.0,47.0,170.0096,1.6598599233428137,10,0.6580810546875,0.1005019303864123,0.2443962765398912,0.1166490361366669,0.1137254901960784,0.2156862745098039,0.4078431372549019,0.0,0.1663595760569853,0.3965671748885201,0.2644591029589241,0.1333333333333333,0.3137254901960784,0.8549019607843137,0.020892333984375,0.1713308536305147,0.409888065186803,0.2584882240944719,0.1372549019607843,0.3411764705882353,0.8313725490196079,0.0146682739257812,0.1521708983486289,0.2114555333653996,0.5254901960784314,0.8100410567654409,0.0133208902982828,0.3718136379864334
ACRIN-6698-296123,1,256.0,134.0,6.0,0.0,2.0,5.0,1.2,0.625,49.0,88.0,83.0,175.0,83.0,145.0,5.07234375,62.0,1.0,1.0,0.0,0.0,0.0,TripleNeg,1.0,0.0,0.0,spy2,0,train,10,19,29,1,40.0,93.0,63.0,160.0,1.8037446508097525,10,0.770465087890625,0.0970951813342524,0.3325593587343199,0.2028012797978467,0.1137254901960784,0.2901960784313726,0.6274509803921569,6.866455078125e-05,0.1374783564548866,0.4676113698065181,0.2784122241488033,0.0980392156862745,0.4470588235294118,0.9137254901960784,0.0192474365234375,0.1506465717390471,0.5036523498702005,0.286834724234365,0.1058823529411764,0.5019607843137255,0.9803921568627452,0.0218063354492187,0.1350520110721981,0.1459200394333472,0.3098039215686274,0.8365264445448986,0.0360409800636823,0.2876990985720744
ISPY2-906795,0,256.0,160.0,7.0,0.0,2.0,6.0,1.0,0.703125,83.0,128.0,118.0,155.0,78.0,121.0,3.530401611328125,29.0,0.0,1.0,0.0,1.0,1.0,HER2pos,0.0,1.0,0.0,spy2,0,train,10,15,24,2,46.0,38.0,44.0,180.0,1.510810591487562,10,0.6801437377929688,0.0926470229204963,0.2549940784820709,0.1009596478776917,0.1294117647058823,0.2509803921568627,0.392156862745098,0.0,0.161888583314185,0.3932716477758973,0.2378828697542796,0.1294117647058823,0.3490196078431372,0.7607843137254902,0.014630126953125,0.1572079826803768,0.3848787601825928,0.2004326471055453,0.1411764705882353,0.3568627450980392,0.6509803921568628,0.0041305541992187,0.1382775692938263,0.2180181845856854,0.4784313725490196,0.7204049212626598,-0.0083928875933044,0.4331293143339646
ISPY2-212307,0,384.0,160.0,7.0,0.0,2.0,5.0,1.0,0.9375,48.0,120.0,104.0,171.0,36.0,101.0,43.42236328125,34.0,0.0,1.0,0.0,1.0,0.0,HRposHER2neg,0.0,0.0,1.0,spy2,0,train,10,29,41,2,73.0,68.0,66.0,360.0,3.7937430201408717,10,0.663763427734375,0.0966306858436734,0.2382021926017044,0.1435675436781645,0.1137254901960784,0.188235294117647,0.4627450980392157,6.103515625e-06,0.1630237414790135,0.3758125621320793,0.2276103694538387,0.1803921568627451,0.3019607843137254,0.7529411764705882,0.0210723876953125,0.1700786695293351,0.4031372584612635,0.2422755596878885,0.188235294117647,0.3215686274509804,0.8784313725490196,0.0275619506835937,0.1376103695303749,0.1297275112557907,0.3137254901960784,0.966377135181252,0.0273246963291842,0.2528907767430884
ISPY2-229328,0,320.0,90.0,8.0,0.0,2.0,5.0,2.0,0.7031,32.0,85.0,125.0,300.0,40.0,190.0,88.18010603335999,39.0,0.0,1.0,0.0,1.0,0.0,HRposHER2neg,0.0,0.0,1.0,spy2,0,train,10,19,37,3,54.0,176.0,151.0,224.992,4.4906579881800095,10,0.4779525756835937,0.1290501254212622,0.2234939704832124,0.1104327153081133,0.1137254901960784,0.1843137254901961,0.392156862745098,3.204345703125e-05,0.2164412674249387,0.36922213551029,0.2160244458584098,0.1803921568627451,0.2901960784313726,0.6784313725490196,0.0195098876953125,0.2398290237725949,0.4084573419990246,0.2039952179714498,0.2117647058823529,0.3450980392156862,0.7098039215686275,0.0103805541992187,0.1457281650270775,0.1565916398631498,0.3725490196078431,0.958261357558114,0.0392352064887347,0.1959582496660616
ISPY2-333145,1,256.0,80.0,7.0,0.0,2.0,5.0,2.0,0.6641,34.0,71.0,65.0,174.0,115.0,205.0,49.70041865652001,49.0,0.0,1.0,0.0,1.0,0.0,HRposHER2neg,0.0,0.0,1.0,spy2,0,train,10,14,23,4,38.0,110.0,91.0,170.0096,3.925934168088094,10,0.6457778930664062,0.0928873578239889,0.2149769753987843,0.1109016051624329,0.1098039215686274,0.192156862745098,0.3254901960784314,9.613037109375e-05,0.1705348534677543,0.3841593919501781,0.2647948465278825,0.1215686274509803,0.3058823529411765,0.8666666666666667,0.022125244140625,0.1852512972962622,0.4092750808684268,0.270196427204113,0.1333333333333333,0.3333333333333333,0.8941176470588236,0.0235565185546875,0.1691824165513937,0.2154725720277115,0.5411764705882353,0.8319527187983269,0.0251156889182487,0.3588176253429997
ISPY2-912836,0,256.0,80.0,8.0,0.0,2.0,6.0,2.0,0.6055,48.0,61.0,80.0,129.0,91.0,134.0,3.7227635585,57.0,1.0,0.0,0.0,0.0,0.0,TripleNeg,1.0,0.0,0.0,spy2,0,train,10,3,12,4,14.0,50.0,44.0,155.008,1.5523941279416043,10,0.6243087768554687,0.1119102866976868,0.2710400519620227,0.1637301919843271,0.1176470588235294,0.2,0.5254901960784314,0.0001007080078125,0.1537924792719822,0.3661690981258615,0.2401094340923599,0.1450980392156863,0.2705882352941176,0.6980392156862745,0.0181915283203125,0.1596071190927543,0.3793239442048544,0.2318739770126179,0.1568627450980392,0.2941176470588235,0.7019607843137254,0.0134628295898437,0.0951290461638388,0.1486987685927496,0.2941176470588235,0.8132389435163863,0.0131548460789928,0.3518579441377993
ACRIN-6698-661730,1,256.0,72.0,7.0,0.0,2.0,6.0,2.2,0.7031,10.0,31.0,85.0,152.0,129.0,189.0,9.393334679454,39.0,0.0,1.0,0.0,0.0,0.0,TripleNeg,1.0,0.0,0.0,spy2,0,train,10,9,18,0,22.0,68.0,61.0,179.9936,2.341164704479216,10,0.4388473510742188,0.2200916783949908,0.3835226127312222,0.1633583592440868,0.192156862745098,0.3607843137254902,0.615686274509804,8.544921875e-05,0.31252082974303,0.5433807074332492,0.2370848941784703,0.2549019607843137,0.5137254901960784,0.9176470588235294,0.0326583862304687,0.312263458850337,0.5444228064706197,0.2217202260684567,0.2666666666666666,0.5254901960784314,0.8627450980392157,0.01029052734375,0.1598580947020269,0.1573276792538256,0.3607843137254902,0.924550722351988,0.0010420990373705,0.3960495653379813
ISPY2-572016,1,384.0,160.0,7.0,0.0,2.0,5.0,1.0,0.78125,44.0,78.0,137.0,193.0,266.0,329.0,11.416015625,42.0,0.0,1.0,0.0,0.0,0.0,TripleNeg,1.0,0.0,0.0,spy2,0,train,10,16,26,4,35.0,57.0,64.0,300.0,2.518987221896901,10,0.517144775390625,0.1404829735849418,0.2584645525361362,0.1492187137346672,0.1176470588235294,0.2156862745098039,0.4705882352941176,0.0003341674804687,0.2439769610236672,0.4148848193193926,0.2216573679913772,0.1803921568627451,0.3607843137254902,0.7450980392156863,0.0169540405273437,0.2527338663736979,0.4373668072732752,0.232696642749891,0.2,0.3803921568627451,0.8470588235294118,0.0285491943359375,0.1564202667832563,0.1604059927711764,0.396078431372549,0.892938403003375,0.0224819879538826,0.3567708662512166
ACRIN-6698-202535,0,256.0,160.0,7.0,0.0,2.0,5.0,1.0,0.625,69.0,124.0,92.0,175.0,71.0,176.0,22.801171875,32.0,0.0,1.0,0.0,1.0,1.0,HER2pos,0.0,1.0,0.0,spy2,0,train,10,22,31,2,56.0,84.0,106.0,160.0,3.169734817910635,10,0.4806121826171875,0.1401053634344362,0.2611770397229535,0.1358722517831924,0.1372549019607843,0.2196078431372549,0.4588235294117647,4.2724609375e-05,0.1982880775601256,0.3708472952794192,0.2403124212063501,0.1686274509803921,0.2862745098039215,0.8,0.033612060546875,0.2181329764571844,0.3993089506342454,0.2437580050698705,0.1764705882352941,0.3176470588235294,0.8470588235294118,0.0342788696289062,0.1096702555564657,0.1447635060634856,0.3176470588235294,0.9037886399558148,0.0284616553548261,0.2997332440229621
ISPY2-478055,0,256.0,64.0,7.0,0.0,2.0,5.0,2.5,0.6641,2.0,27.0,19.0,185.0,82.0,186.0,39.91090216095,31.0,0.0,0.0,1.0,1.0,0.0,HRposHER2neg,0.0,0.0,1.0,spy2,0,train,10,11,21,2,26.0,167.0,105.0,170.0096,3.7113965840313283,10,0.6084075927734375,0.121080202588848,0.2802600697690019,0.1479214610229421,0.1254901960784313,0.2509803921568627,0.4588235294117647,0.0023147583007812,0.1866417858647365,0.4193890834387325,0.2222146913439481,0.188235294117647,0.3607843137254902,0.7607843137254902,0.0123428344726562,0.2066007486979166,0.4686397061688676,0.2413749215399889,0.2039215686274509,0.4078431372549019,0.8666666666666667,0.0209564208984375,0.1391290136697306,0.1408739871121891,0.3294117647058823,0.9239773373754062,0.049250622730135,0.2004605780995503
ISPY2-347516,0,256.0,64.0,7.0,0.0,2.0,6.0,2.5,0.625,4.0,22.0,70.0,140.0,96.0,159.0,16.1572265625,39.0,0.0,1.0,0.0,0.0,0.0,TripleNeg,1.0,0.0,0.0,spy2,0,train,10,6,15,0,19.0,71.0,64.0,160.0,2.842419458765601,10,0.626055908203125,0.1122938388001685,0.2590490450509614,0.1362948305058304,0.1176470588235294,0.2352941176470588,0.4235294117647059,0.0009140014648437,0.19178238214231,0.4233479015188101,0.2195877108882994,0.196078431372549,0.3725490196078431,0.7764705882352941,0.0105224609375,0.2047255931181066,0.4543902180651261,0.2118940032670846,0.2156862745098039,0.4196078431372549,0.7803921568627451,0.0085784912109375,0.1642988564678487,0.1754736417974359,0.4274509803921568,0.9382824358953432,0.0310423165463159,0.2364649811480895
ACRIN-6698-399478,1,256.0,72.0,8.0,0.0,2.0,6.0,2.2,0.6836,40.0,60.0,47.0,168.0,125.0,182.0,3.450235513472,54.0,0.0,1.0,0.0,0.0,0.0,TripleNeg,1.0,0.0,0.0,spy2,0,train,10,9,18,3,21.0,122.0,58.0,175.0016,1.4929570191534338,10,0.674609375,0.1000920374253217,0.2712267995433467,0.182540496823018,0.1137254901960784,0.196078431372549,0.5568627450980392,0.00079345703125,0.1399555460611979,0.3736866621648659,0.2401423808766921,0.1490196078431372,0.2862745098039215,0.7607843137254902,0.011138916015625,0.1624119657628676,0.4327222984782148,0.2504257434481707,0.1803921568627451,0.3490196078431372,0.8509803921568627,0.0188278198242187,0.1024598626215192,0.1188537389636926,0.2627450980392157,0.8648099864945978,0.0590356363133488,0.1782478616446578
ISPY2-395249,0,256.0,80.0,7.0,0.0,2.0,5.0,2.0,0.5859,32.0,63.0,49.0,161.0,78.0,167.0,4.4385950133,68.0,1.0,1.0,0.0,0.0,0.0,TripleNeg,1.0,0.0,0.0,spy2,0,train,10,12,21,2,32.0,113.0,90.0,149.9904,1.6935207578965403,10,0.6281600952148437,0.1148458443435968,0.2791438846958503,0.1560169057948484,0.1411764705882353,0.2392156862745098,0.4627450980392157,0.002496337890625,0.1476161822150735,0.3591199293796119,0.2001065654467452,0.1725490196078431,0.3098039215686274,0.6235294117647059,0.01053466796875,0.1699262013154871,0.4165803745838375,0.221413025182305,0.2,0.3607843137254902,0.7529411764705882,0.0178192138671875,0.0799760446837615,0.1147046341404104,0.2196078431372549,0.7552823475823693,0.0574604452042256,0.2597655208072584
ISPY2-759418,0,320.0,80.0,7.0,0.0,2.0,5.0,2.0,0.625,20.0,38.0,74.0,153.0,181.0,251.0,12.74453125,42.0,0.0,1.0,0.0,1.0,0.0,HRposHER2neg,0.0,0.0,1.0,spy2,0,train,10,6,15,1,19.0,80.0,71.0,200.0,2.6206410177253834,10,0.6324737548828125,0.1092414526845894,0.2332091063127678,0.1529445675124797,0.1098039215686274,0.1686274509803921,0.5098039215686274,0.0001312255859375,0.1904703656364889,0.3960751425313754,0.3022455840744402,0.1294117647058823,0.2549019607843137,0.976470588235294,0.035272216796875,0.1837835035137101,0.3734263749757611,0.2417390922061415,0.1294117647058823,0.2862745098039215,0.7725490196078432,0.00289306640625,0.1628660362186076,0.2159479469700116,0.4705882352941176,0.8793583047554201,-0.0226487675556143,0.3936818593219354
ISPY2-200222,0,256.0,134.0,5.0,0.0,2.0,4.0,1.2,0.7813,14.0,55.0,60.0,175.0,19.0,71.0,10.084542650676,70.0,1.0,1.0,0.0,1.0,0.0,HRposHER2neg,0.0,0.0,1.0,spy2,0,train,10,20,29,4,42.0,116.0,53.0,200.0128,2.405551583820732,10,0.7385284423828125,0.0891075104358149,0.2697671358369325,0.1576902343729661,0.1137254901960784,0.2196078431372549,0.5058823529411764,0.0,0.14779556573606,0.4315729550495019,0.2449898978021238,0.1607843137254902,0.3686274509803922,0.8235294117647058,0.0143356323242187,0.1652082076727175,0.4858397131655799,0.2641472169650848,0.1725490196078431,0.4313725490196078,0.9450980392156862,0.0219894409179687,0.1618058192125692,0.1325092527488248,0.3450980392156862,0.9262888222318189,0.054266758116078,0.1645152254344705
ISPY2-651401,0,256.0,76.0,8.0,0.0,2.0,6.0,2.1,0.6445,9.0,27.0,86.0,140.0,103.0,162.0,8.127205357425,37.0,0.0,1.0,0.0,0.0,0.0,TripleNeg,1.0,0.0,0.0,spy2,0,train,10,7,16,3,19.0,55.0,60.0,164.992,2.211259553273402,10,0.620611572265625,0.1122064747529871,0.2724102546631677,0.1525770512557475,0.1176470588235294,0.2235294117647059,0.5019607843137255,0.000201416015625,0.1485288492838541,0.3572815161876137,0.2207349221648325,0.1529411764705882,0.2862745098039215,0.6705882352941176,0.0123184204101562,0.1791120162664675,0.4275453146879177,0.2303156889690142,0.2,0.3568627450980392,0.803921568627451,0.0205673217773437,0.084871261524446,0.1221490999465396,0.2274509803921568,0.8466513296545954,0.0702637985003039,0.1134791421998423
ISPY2-924812,0,256.0,160.0,7.0,0.0,2.0,6.0,1.0,0.703125,95.0,129.0,69.0,152.0,110.0,183.0,3.774627685546875,60.0,,1.0,0.0,0.0,0.0,TripleNeg,1.0,0.0,0.0,spy2,0,train,10,14,23,2,35.0,84.0,74.0,180.0,1.5633159992795294,10,0.577703857421875,0.1145999684053308,0.2429463314326005,0.129151079396044,0.1176470588235294,0.2,0.4392156862745098,0.0,0.186026491651348,0.3657219964977998,0.261447658953108,0.1058823529411764,0.2823529411764706,0.7843137254901961,0.0187789916992187,0.1850955918255974,0.3648282241396753,0.2393507253910742,0.1176470588235294,0.2980392156862745,0.7176470588235294,0.0061386108398437,0.1227756650651993,0.2218222798572312,0.4823529411764706,0.6870094957290899,-0.0008937723581244,0.4300141641012299
ISPY2-555214,1,320.0,90.0,8.0,0.0,2.0,6.0,2.0,0.625,21.0,41.0,141.0,283.0,174.0,246.0,15.2953125,49.0,0.0,1.0,0.0,0.0,1.0,HER2pos,0.0,1.0,0.0,spy2,0,train,10,9,18,4,21.0,143.0,73.0,200.0,2.7908774897674955,10,0.5993392944335938,0.1106612381280637,0.2341193959389093,0.1217767196421999,0.1137254901960784,0.188235294117647,0.4117647058823529,0.0,0.169960267310049,0.3521525973296199,0.2392024626667863,0.1098039215686274,0.2862745098039215,0.7176470588235294,0.00936279296875,0.1901741177428002,0.3925199009784394,0.2553578513136929,0.1215686274509803,0.3333333333333333,0.796078431372549,0.0122543334960937,0.1180332013907106,0.1613095732283918,0.3490196078431372,0.7822353062149389,0.0403673036488195,0.2798988487186615
ACRIN-6698-296841,1,256.0,80.0,8.0,0.0,2.0,6.0,2.0,0.6836,40.0,54.0,114.0,152.0,151.0,186.0,4.76561677408,65.0,1.0,1.0,0.0,1.0,1.0,HER2pos,0.0,1.0,0.0,spy2,0,train,10,4,13,3,15.0,39.0,36.0,175.0016,1.7519121339620056,10,0.54630126953125,0.1149317902209712,0.2345026976808965,0.1622825490681483,0.1176470588235294,0.1725490196078431,0.4745098039215686,0.000421142578125,0.1819715612074908,0.3692673159881974,0.2028104085961052,0.2,0.3019607843137254,0.6941176470588235,0.0127731323242187,0.1971618831858915,0.4010026024562164,0.2159785956712923,0.2039215686274509,0.3333333333333333,0.7647058823529411,0.0173202514648437,0.1347646183073008,0.0869567184169689,0.2313725490196078,0.966818683240509,0.031735286468019,0.2365135738692926
ISPY2-604380,1,256.0,80.0,8.0,0.0,2.0,6.0,2.0,0.703125,45.0,67.0,107.0,173.0,91.0,192.0,19.1761962890625,52.0,0.0,0.0,1.0,0.0,0.0,TripleNeg,1.0,0.0,0.0,spy2,0,train,10,9,18,4,23.0,67.0,102.0,180.0,3.0045035080145777,10,0.5593963623046875,0.1329962816425398,0.2707075579769576,0.1046445641314956,0.1450980392156863,0.2627450980392157,0.4,3.0517578125e-06,0.214951249664905,0.4327554752827802,0.2030251072397424,0.2431372549019607,0.3803921568627451,0.7490196078431373,0.0206680297851562,0.2206670723709405,0.4460944501643097,0.2007445319114192,0.2549019607843137,0.392156862745098,0.7607843137254902,0.0199691772460937,0.1620479173058225,0.1795239596089147,0.4117647058823529,0.9154886166079084,0.0133389748815295,0.4121778399606585
ACRIN-6698-683896,0,256.0,80.0,8.0,0.0,2.0,6.0,2.0,0.703125,49.0,72.0,103.0,174.0,66.0,119.0,6.46556396484375,61.0,1.0,1.0,0.0,1.0,0.0,HRposHER2neg,0.0,0.0,1.0,spy2,0,train,10,10,19,4,24.0,72.0,54.0,180.0,2.0103009760067803,10,0.5235031127929688,0.1636247881721048,0.3107555528095437,0.1292819713009687,0.1529411764705882,0.3019607843137254,0.4627450980392157,6.103515625e-06,0.2524048031077665,0.4645021353904813,0.1994656995791788,0.2352941176470588,0.4392156862745098,0.7450980392156863,0.0200149536132812,0.2521992462756587,0.4691191650047748,0.1885081599159885,0.2470588235294117,0.4509803921568627,0.7098039215686275,0.01552734375,0.1537465825809376,0.1733485796379695,0.3607843137254902,0.9068135021151094,0.0046170296142935,0.4240530042238141
ACRIN-6698-356431,1,320.0,80.0,8.0,0.0,2.0,6.0,2.0,0.7227,8.0,64.0,102.0,232.0,74.0,182.0,72.2073238425,48.0,0.0,1.0,0.0,0.0,1.0,HER2pos,0.0,1.0,0.0,spy2,0,train,10,31,42,3,57.0,131.0,109.0,231.264,4.2932954684555185,10,0.710693359375,0.0873724006204044,0.2279417969719533,0.1446149943600314,0.1098039215686274,0.1725490196078431,0.4274509803921568,1.8310546875e-05,0.1425162162032781,0.382599466368826,0.2685135484849422,0.1372549019607843,0.2784313725490196,0.8705882352941177,0.0206954956054687,0.1550271367091758,0.4125570240754529,0.2680233144941769,0.1568627450980392,0.3137254901960784,0.9058823529411764,0.0229888916015625,0.1546576693968727,0.1695858882206361,0.4470588235294118,0.9313818565400844,0.0299575577066269,0.1977215189873417
ACRIN-6698-879224,0,256.0,160.0,7.0,0.0,2.0,6.0,1.0,0.66666668653488,62.0,112.0,62.0,115.0,132.0,182.0,16.887556562132243,33.0,0.0,1.0,0.0,0.0,0.0,TripleNeg,1.0,0.0,0.0,spy2,0,train,10,23,32,2,51.0,54.0,51.0,170.6666717529293,2.884105306981399,10,0.4933914184570312,0.1424722589231004,0.2621996755245707,0.1409502147630596,0.1294117647058823,0.2235294117647059,0.4313725490196078,0.002191162109375,0.2675171736174939,0.4652865564754203,0.2233151576154955,0.192156862745098,0.4509803921568627,0.7764705882352941,0.014007568359375,0.2600749236462163,0.4544242185219353,0.1956485883829572,0.2039215686274509,0.4588235294117647,0.6941176470588235,0.0079498291015625,0.2030868809508496,0.2086152650904526,0.5294117647058824,0.8874465002665575,-0.010862337953485,0.4947366201722232
ISPY2-752469,0,320.0,148.0,6.0,0.0,2.0,5.0,1.2,0.6641,71.0,116.0,151.0,218.0,61.0,121.0,8.635520511324001,55.0,1.0,1.0,0.0,0.0,0.0,TripleNeg,1.0,0.0,0.0,spy2,0,train,10,21,32,2,46.0,68.0,61.0,212.512,2.265456323377977,10,0.70098876953125,0.1105345064051011,0.3193649364215986,0.1646928144555409,0.1294117647058823,0.2862745098039215,0.5686274509803921,4.57763671875e-06,0.1796332325654871,0.4968961452717441,0.2520198646376581,0.1607843137254902,0.4862745098039215,0.8549019607843137,0.0166168212890625,0.1777546781652114,0.4868479761776113,0.2580239046349772,0.1450980392156863,0.4705882352941176,0.8549019607843137,0.0166549682617187,0.1775312088501455,0.2045776913603582,0.4901960784313725,0.8180955296999388,-0.0100481690941328,0.4622627066748316
ACRIN-6698-116603,0,256.0,80.0,8.0,0.0,2.0,6.0,2.2,0.7227,3.0,69.0,71.0,231.0,104.0,214.0,112.71027899142,39.0,0.0,1.0,0.0,0.0,0.0,TripleNeg,1.0,0.0,0.0,spy2,1,test,10,22,31,-1,67.0,161.0,111.0,185.0112,4.733653801168227,10,0.4763397216796875,0.1694977823893229,0.3043358640595399,0.1344015276677418,0.1294117647058823,0.2980392156862745,0.4745098039215686,2.74658203125e-05,0.2716211535883884,0.4815066156887656,0.2141933202939031,0.2156862745098039,0.4588235294117647,0.7803921568627451,0.0186660766601562,0.2810754155177696,0.4972359926469874,0.2148729188618535,0.2392156862745098,0.4705882352941176,0.807843137254902,0.0254928588867187,0.1771707516292257,0.1379403335612995,0.3686274509803922,0.950298089082888,0.0157293769582218,0.367882139714324
ACRIN-6698-664111,1,256.0,72.0,7.0,0.0,2.0,6.0,2.2,0.7031,11.0,26.0,127.0,220.0,152.0,209.0,6.838634764896,49.0,0.0,1.0,0.0,0.0,0.0,TripleNeg,1.0,0.0,0.0,spy2,0,train,10,5,14,2,16.0,94.0,58.0,179.9936,2.059064682068074,10,0.3796340942382812,0.1674650783164828,0.2584155951423104,0.106869716464023,0.1411764705882353,0.2274509803921568,0.4235294117647059,0.0,0.2572045060700061,0.3894405193840879,0.2237515010522776,0.2,0.3019607843137254,0.7686274509803922,0.0228164672851562,0.2593280148973652,0.394876639961209,0.2139508174522415,0.2,0.3176470588235294,0.7333333333333333,0.012457275390625,0.1310249242417775,0.1626456531239358,0.4,0.910682969183128,0.005436120577121,0.3759195991765114
ACRIN-6698-973837,0,256.0,160.0,7.0,0.0,2.0,6.0,1.0,0.64453125,60.0,113.0,81.0,129.0,105.0,192.0,8.764957809448243,47.0,0.0,0.0,0.0,1.0,0.0,HRposHER2neg,0.0,0.0,1.0,spy2,1,test,10,27,37,-1,54.0,49.0,88.0,165.0,2.278800243730291,10,0.543695068359375,0.149384568158318,0.2966185184631496,0.1660596259379726,0.1294117647058823,0.2509803921568627,0.5725490196078431,6.40869140625e-05,0.2172941379921109,0.3819958293238243,0.2474094138284579,0.1137254901960784,0.3254901960784314,0.7568627450980392,0.0213531494140625,0.2208276307349111,0.3926417281108347,0.2529026503616092,0.1176470588235294,0.3372549019607843,0.796078431372549,0.0237228393554687,0.0853773108606747,0.1922244883077745,0.3411764705882353,0.6531045598641003,0.0106458987870104,0.4466232393895212
ACRIN-6698-760901,1,256.0,80.0,7.0,0.0,2.0,6.0,2.0,0.625,39.0,67.0,15.0,88.0,6.0,83.0,11.5109375,44.0,0.0,1.0,0.0,0.0,0.0,TripleNeg,1.0,0.0,0.0,spy2,0,train,10,11,20,1,29.0,74.0,78.0,160.0,2.5266032617189165,10,0.61741943359375,0.1106468170764399,0.260943677110294,0.1279500973238973,0.1215686274509803,0.2274509803921568,0.4509803921568627,0.0,0.1731595985562193,0.4061737709984603,0.2460537201391572,0.1568627450980392,0.3450980392156862,0.8,0.0223907470703125,0.1883937401865043,0.4447169059385344,0.2522587439405264,0.1725490196078431,0.392156862745098,0.8666666666666667,0.0219696044921875,0.1452300938881663,0.1809042694990908,0.4196078431372549,0.8594293417568042,0.0385431349400741,0.2898838582049073
ACRIN-6698-165925,0,256.0,72.0,7.0,0.0,2.0,6.0,2.2,0.7031,8.0,26.0,91.0,165.0,88.0,157.0,10.156808217138,50.0,0.0,0.0,1.0,0.0,0.0,TripleNeg,1.0,0.0,0.0,spy2,1,test,10,6,19,-1,19.0,75.0,70.0,179.9936,2.412049913998213,10,0.4821044921874999,0.1426963836071537,0.2638623028054384,0.1056735936622198,0.1450980392156863,0.2392156862745098,0.4235294117647059,0.0,0.2295702586454504,0.4177723288438554,0.2375210208712061,0.192156862745098,0.3294117647058823,0.8274509803921568,0.019720458984375,0.2290221629423253,0.4175571906978979,0.2171035198175554,0.2039215686274509,0.3490196078431372,0.7647058823529411,0.0115646362304687,0.153910026038417,0.1832864975508638,0.4549019607843137,0.8595908169518691,-0.0002151381459574,0.4132548437279027
ISPY2-313243,1,256.0,64.0,7.0,0.0,2.0,6.0,2.5,0.89999997615814,25.0,52.0,56.0,152.0,68.0,109.0,22.594948802876385,36.0,,1.0,0.0,1.0,0.0,HRposHER2neg,0.0,0.0,1.0,spy2,0,train,10,11,23,3,28.0,97.0,42.0,230.39999389648383,3.1610326553466424,10,0.726007080078125,0.0866720760569852,0.2561389657999485,0.1144287104548552,0.1215686274509803,0.2352941176470588,0.4117647058823529,0.0,0.1499222220626532,0.445205489025487,0.282150452921987,0.1137254901960784,0.3725490196078431,0.8901960784313725,0.0133544921875,0.1584974939682904,0.4664657660974884,0.2894181477125641,0.0980392156862745,0.4117647058823529,0.8980392156862745,0.0115097045898437,0.1890665232255384,0.2181535028581984,0.5529411764705883,0.7804348310351741,0.0212602770720014,0.3917544719431511
ISPY2-701790,0,256.0,134.0,6.0,0.0,2.0,5.0,1.2,0.7031,52.0,72.0,194.0,224.0,97.0,134.0,2.499233888316,65.0,1.0,0.0,0.0,1.0,0.0,HRposHER2neg,0.0,0.0,1.0,spy2,0,train,10,5,14,0,21.0,31.0,38.0,179.9936,1.2525440554830916,10,0.484161376953125,0.1731176937327665,0.3134323875678177,0.2027550440387677,0.1333333333333333,0.2392156862745098,0.6588235294117647,9.46044921875e-05,0.2459812897326899,0.4321821512134404,0.239432903752593,0.1803921568627451,0.3647058823529411,0.8196078431372549,0.0144729614257812,0.2606134093041514,0.4594432476889472,0.2401892274751531,0.196078431372549,0.403921568627451,0.8588235294117647,0.0240478515625,0.1187497636456227,0.168963291500697,0.3098039215686274,0.8258977696266935,0.0272610964755067,0.3109773413003608
ISPY2-375455,0,256.0,80.0,8.0,0.0,2.0,5.0,2.0,0.6055,39.0,62.0,89.0,140.0,81.0,135.0,2.5730110945,56.0,1.0,1.0,0.0,1.0,1.0,HER2pos,0.0,1.0,0.0,spy2,0,train,10,8,17,2,24.0,52.0,55.0,155.008,1.2734086841302108,10,0.7367111206054687,0.0835987465054381,0.2436213231387867,0.1091633182191204,0.1137254901960784,0.2313725490196078,0.392156862745098,0.0,0.1449398025811887,0.4318465036189208,0.2925770728569002,0.1294117647058823,0.3450980392156862,0.9882352941176472,0.0253158569335937,0.1501771934359681,0.4153143653766324,0.2728352870327905,0.1137254901960784,0.3568627450980392,0.8627450980392157,0.0086257934570312,0.1882251804801341,0.2296040009301222,0.596078431372549,0.8293586169725701,-0.0165321382422884,0.5339526743128039
ISPY2-899381,1,256.0,80.0,8.0,0.0,2.0,6.0,2.0,0.5469,22.0,33.0,75.0,120.0,46.0,89.0,3.4438329095400007,45.0,0.0,1.0,0.0,1.0,0.0,HRposHER2neg,0.0,0.0,1.0,spy2,0,train,10,3,12,4,12.0,46.0,44.0,140.0064,1.4915172719571081,10,0.6053131103515625,0.1140778066597732,0.261288310083217,0.1125098516087008,0.1254901960784313,0.2509803921568627,0.388235294117647,1.52587890625e-06,0.1868755325616574,0.4300756032439033,0.2544324327314597,0.1764705882352941,0.3529411764705882,0.8784313725490196,0.019525146484375,0.199810791015625,0.455044610416713,0.2274483594547179,0.2117647058823529,0.392156862745098,0.8235294117647058,0.0127120971679687,0.1687872931606862,0.1990570658068879,0.5254901960784314,0.928864696012557,0.0249690071728098,0.2308495256357717
ACRIN-6698-430441,0,256.0,160.0,7.0,0.0,2.0,5.0,1.0,0.5859375,77.0,151.0,62.0,187.0,90.0,203.0,37.31849670410156,30.0,0.0,1.0,0.0,1.0,0.0,HRposHER2neg,0.0,0.0,1.0,spy2,1,test,10,25,38,-1,75.0,126.0,114.0,150.0,3.6459327222731606,10,0.5810348510742187,0.1242539469401041,0.2733270190726806,0.13982327679562,0.1215686274509803,0.2431372549019607,0.4823529411764706,0.0003219604492187,0.1974284871419271,0.417890024317973,0.2346658162370147,0.1764705882352941,0.3529411764705882,0.796078431372549,0.0199432373046875,0.2055203127393535,0.4388700087115659,0.2537023853868752,0.1764705882352941,0.3607843137254902,0.8980392156862745,0.0300155639648437,0.1445630052452924,0.1313974298068169,0.3490196078431372,0.9401179285654452,0.0209799843935928,0.3950679782790005
ISPY2-329941,1,256.0,66.0,7.0,0.0,2.0,6.0,2.4,0.7031,41.0,53.0,73.0,129.0,129.0,191.0,7.2977866826639985,47.0,0.0,1.0,0.0,1.0,1.0,HER2pos,0.0,1.0,0.0,spy2,0,train,10,3,12,0,13.0,57.0,63.0,179.9936,2.1159888145019115,10,0.4232879638671875,0.179187640021829,0.2978485710523751,0.0950286961388073,0.1803921568627451,0.2941176470588235,0.403921568627451,0.0,0.2508201329848345,0.4067693993677205,0.190696195975193,0.2470588235294117,0.3529411764705882,0.6745098039215687,0.0164077758789062,0.2544625076593137,0.4133856003018107,0.1800757216997019,0.2627450980392157,0.3607843137254902,0.6627450980392157,0.0126312255859375,0.1089208283153453,0.1763859198615917,0.3254901960784314,0.7828439439720177,0.0066162009340902,0.4210644681627923
ISPY2-820348,0,384.0,160.0,7.0,0.0,2.0,6.0,1.0,0.78125,113.0,141.0,165.0,205.0,77.0,114.0,7.6922607421875,33.0,0.0,1.0,0.0,1.0,0.0,HRposHER2neg,0.0,0.0,1.0,spy2,0,train,10,7,16,2,29.0,41.0,38.0,300.0,2.1624330598949553,10,0.671917724609375,0.1117860263001685,0.2723893933142993,0.160929908655887,0.1176470588235294,0.2274509803921568,0.4862745098039215,0.0008697509765625,0.2133984015969669,0.48414784327587,0.2254562723495386,0.2274509803921568,0.4352941176470588,0.8235294117647058,0.015301513671875,0.1981262087354472,0.4723854537257018,0.2474799700077668,0.2156862745098039,0.4117647058823529,0.9294117647058824,0.0251495361328125,0.2117584499615707,0.1718605407151412,0.4666666666666667,0.9252274291667442,-0.0117623895501682,0.5235010138968987
ACRIN-6698-748583,0,256.0,72.0,7.0,0.0,2.0,6.0,2.2,0.7031,29.0,45.0,162.0,208.0,80.0,141.0,5.419357034586,67.0,1.0,1.0,0.0,1.0,0.0,HRposHER2neg,0.0,0.0,1.0,spy2,0,train,10,3,12,1,17.0,47.0,62.0,179.9936,1.8593179623104734,10,0.5230682373046875,0.1514639521580116,0.3027206523794307,0.1133686649148921,0.1803921568627451,0.2745098039215686,0.4705882352941176,0.0,0.2169872807521446,0.4277230895429562,0.2256806501617123,0.2313725490196078,0.3333333333333333,0.807843137254902,0.0217941284179687,0.2158922322591145,0.4265801131722133,0.2073863756711607,0.2352941176470588,0.3490196078431372,0.7607843137254902,0.0079269409179687,0.1250024371635255,0.1754664197789751,0.4117647058823529,0.8936690960513434,-0.0011429763707429,0.3835591018741882
ISPY2-218249,0,256.0,158.0,7.0,0.0,2.0,6.0,1.0,0.64453125,44.0,70.0,54.0,105.0,139.0,172.0,1.7389503479003907,59.0,1.0,1.0,0.0,1.0,0.0,HRposHER2neg,0.0,0.0,1.0,spy2,0,train,10,6,15,2,27.0,52.0,34.0,165.0,1.0075747622964004,10,0.58515625,0.1446880804323682,0.3135706451248107,0.1968402703578137,0.1215686274509803,0.2588235294117647,0.6039215686274509,0.0052566528320312,0.1964051729090073,0.3977044272275765,0.2634368310863786,0.0901960784313725,0.3529411764705882,0.792156862745098,0.016265869140625,0.2011536960975796,0.4101749150696059,0.2549346316388584,0.1098039215686274,0.3764705882352941,0.788235294117647,0.01826171875,0.0841337821027657,0.1895224208931136,0.3529411764705882,0.614649540960452,0.0124704878420294,0.3752170138888889
ISPY2-655703,0,384.0,160.0,6.0,0.0,2.0,5.0,1.0,0.7552083135,98.0,130.0,115.0,168.0,248.0,294.0,1.7823112399359815,64.0,1.0,1.0,0.0,1.0,0.0,HRposHER2neg,0.0,0.0,1.0,spy2,0,train,10,13,22,1,33.0,54.0,47.0,289.999992384,1.023281963568501,10,0.7372055053710938,0.1013718010397518,0.29665923794398,0.2218337357219613,0.1137254901960784,0.2,0.6431372549019608,0.0036666870117187,0.1465212533988204,0.4094935546580368,0.2745796810490141,0.1019607843137254,0.3490196078431372,0.8509803921568627,0.0173202514648437,0.1511858173445159,0.4051688198577443,0.2789535819790263,0.1019607843137254,0.3333333333333333,0.8784313725490196,0.0201080322265625,0.1128343167140567,0.185595097668227,0.3686274509803922,0.7065060240963855,-0.0043247348002925,0.46421831905937
ISPY2-201831,1,320.0,150.0,6.0,0.0,2.0,5.0,1.2,0.7227,22.0,45.0,198.0,236.0,134.0,171.0,1.2622832568719995,44.0,0.0,1.0,0.0,0.0,0.0,TripleNeg,1.0,0.0,0.0,spy2,0,train,10,9,18,1,24.0,39.0,38.0,231.264,0.8163745939353917,10,0.5402587890625,0.1504959644990808,0.3068230993741025,0.166473109479203,0.1254901960784313,0.2627450980392157,0.5686274509803921,3.0517578125e-06,0.219680056104473,0.4355722104039959,0.2209856407346013,0.1686274509803921,0.4117647058823529,0.7333333333333333,0.0074264526367187,0.2331283329982383,0.4636253736798208,0.232167108090506,0.1803921568627451,0.4431372549019607,0.7843137254901961,0.0108154296875,0.1287491110298933,0.1431118951141462,0.3294117647058823,0.8913925176570549,0.0280531632758249,0.2951648876851999
ACRIN-6698-938719,0,256.0,80.0,7.0,0.0,2.0,5.0,2.0,0.5859,13.0,64.0,28.0,171.0,86.0,222.0,16.889317452,57.0,1.0,1.0,0.0,1.0,0.0,HRposHER2neg,0.0,0.0,1.0,spy2,0,train,10,19,28,2,52.0,144.0,137.0,149.9904,2.88420374430538,10,0.5470443725585937,0.1624065803079044,0.3360298122125734,0.1562572112936835,0.1647058823529411,0.3019607843137254,0.5568627450980392,0.0005874633789062,0.2158459532494638,0.4468146774827553,0.2302843509239238,0.2078431372549019,0.388235294117647,0.8,0.0237457275390625,0.2274221622242647,0.4725698197783133,0.2414801456115802,0.2156862745098039,0.4117647058823529,0.8549019607843137,0.0265914916992187,0.1107848652701819,0.1544994108157863,0.3137254901960784,0.7625156224208267,0.025755142295558,0.3889822771846966
ISPY2-728287,1,320.0,150.0,6.0,0.0,2.0,5.0,1.2,0.6641,75.0,124.0,108.0,194.0,146.0,231.0,3.112428517932,66.0,,1.0,0.0,1.0,1.0,HER2pos,0.0,1.0,0.0,spy2,0,train,10,23,32,0,50.0,87.0,86.0,212.512,1.4140137342825552,10,0.6871963500976562,0.1045467481426164,0.2907775638121238,0.1556638265442504,0.1215686274509803,0.2509803921568627,0.5098039215686274,2.13623046875e-05,0.1749668016620711,0.4723826964626991,0.2790054110180795,0.1607843137254902,0.4196078431372549,0.9686274509803922,0.028802490234375,0.171455311494715,0.4669016175975607,0.2582849129562692,0.1647058823529411,0.4352941176470588,0.8470588235294118,0.0127716064453125,0.1816051326505753,0.2287487988717027,0.5607843137254902,0.831896740959712,-0.0054810788651384,0.4659583705286367
ISPY2-687733,0,256.0,64.0,7.0,0.0,2.0,5.0,2.5,0.625,30.0,49.0,39.0,116.0,123.0,188.0,31.7353515625,43.0,0.0,1.0,0.0,1.0,0.0,HRposHER2neg,0.0,0.0,1.0,spy2,0,train,10,6,15,1,20.0,78.0,66.0,160.0,3.488455581487134,10,0.7234710693359375,0.0832962335324754,0.2400632467790731,0.1028440638479907,0.1176470588235294,0.2352941176470588,0.3607843137254902,4.57763671875e-06,0.1632294778262867,0.475986867659339,0.2561290693005385,0.1803921568627451,0.4117647058823529,0.8784313725490196,0.0108535766601562,0.1778244377585018,0.5172039332104664,0.2610894837082297,0.2117647058823529,0.4470588235294118,0.9294117647058824,0.0172134399414062,0.2359236208802658,0.2026551887708822,0.5607843137254902,0.949289836999106,0.0412170655511274,0.2599737344531138
ISPY2-646233,0,256.0,80.0,8.0,0.0,2.0,6.0,2.0,0.6641,23.0,36.0,168.0,221.0,115.0,160.0,1.9537576283,58.0,1.0,1.0,0.0,1.0,0.0,HRposHER2neg,0.0,0.0,1.0,spy2,0,train,10,3,14,4,14.0,54.0,46.0,170.0096,1.08307813209711,10,0.5747482299804687,0.1468074903301164,0.3091733028605585,0.1627541854602629,0.1215686274509803,0.2862745098039215,0.5450980392156862,0.0,0.2102778296377144,0.4336737388241457,0.2582796459644548,0.1333333333333333,0.388235294117647,0.8392156862745098,0.0165664672851562,0.2102134016448376,0.4304689473827515,0.2298808919547295,0.1450980392156863,0.403921568627451,0.7568627450980392,0.0051788330078125,0.1245004359635871,0.1793942946871255,0.3803921568627451,0.7765354709303786,-0.0032047914413941,0.4411197984879419
ISPY2-831702,0,256.0,134.0,6.0,0.0,2.0,5.0,1.2,0.7422,34.0,61.0,64.0,131.0,140.0,184.0,1.546156205712,42.0,0.0,0.0,0.0,1.0,1.0,HER2pos,0.0,1.0,0.0,spy2,1,test,10,8,19,-1,28.0,68.0,45.0,190.0032,0.9345848516357338,10,0.4849853515625,0.1505788286994485,0.2796474631568674,0.1576234371191288,0.1411764705882353,0.2352941176470588,0.4784313725490196,0.0046905517578125,0.2074801037358302,0.3859201488132584,0.1887594557631156,0.196078431372549,0.3372549019607843,0.6470588235294118,0.0127532958984375,0.2240920661477481,0.4170977928976758,0.2010599542052569,0.2117647058823529,0.3647058823529411,0.7098039215686275,0.0174606323242187,0.106272685656391,0.092606131873802,0.196078431372549,0.927153946432804,0.0311776440844173,0.2831476653235363
ACRIN-6698-275034,1,320.0,160.0,7.0,0.0,2.0,5.0,1.1000000238,0.3125,26.0,44.0,148.0,234.0,15.0,106.0,3.8033789885412888,27.0,0.0,1.0,0.0,1.0,1.0,HER2pos,0.0,1.0,0.0,spy2,0,train,10,8,17,1,19.0,87.0,92.0,100.0,1.5693196261991813,10,0.2790771484375,0.2226811308019301,0.302940255143,0.1221846809760758,0.1450980392156863,0.2941176470588235,0.4509803921568627,0.0,0.3467623542336857,0.4735453233411621,0.2164186901354583,0.2196078431372549,0.4274509803921568,0.7803921568627451,0.0130813598632812,0.3699817492915134,0.5047015927844943,0.219695591515252,0.2431372549019607,0.4549019607843137,0.8156862745098039,0.0194580078125,0.1706050681981621,0.1315399828760572,0.3647058823529411,0.9728995225033018,0.0311562694433322,0.2509228216329709
ACRIN-6698-219545,0,256.0,80.0,7.0,0.0,2.0,5.0,2.0,0.7031,19.0,69.0,37.0,188.0,80.0,213.0,32.19501270086,56.0,1.0,1.0,0.0,0.0,0.0,TripleNeg,1.0,0.0,0.0,spy2,0,train,10,24,33,1,51.0,152.0,134.0,179.9936,3.502399644784696,10,0.5788162231445313,0.1071803971832873,0.2340603224592195,0.1470734039128808,0.1176470588235294,0.1843137254901961,0.4352941176470588,0.0008041381835937,0.1571153109681372,0.3379827080002191,0.2347928007393286,0.1450980392156863,0.2549019607843137,0.7098039215686275,0.02493896484375,0.1747181791417739,0.376173899441636,0.2457887698110182,0.1568627450980392,0.2901960784313726,0.8117647058823529,0.0300888061523437,0.1039223855409995,0.1382861726095255,0.2823529411764706,0.8197350259213773,0.0381911914414169,0.2646770062348973
ISPY2-367682,0,256.0,80.0,7.0,0.0,2.0,5.0,2.0,0.6641,39.0,60.0,16.0,84.0,37.0,109.0,13.208812859500002,55.0,1.0,1.0,0.0,0.0,0.0,TripleNeg,1.0,0.0,0.0,spy2,0,train,10,7,16,2,22.0,69.0,73.0,170.0096,2.653862396008294,10,0.709033203125,0.110412633559283,0.3362850804023573,0.1896934096835279,0.1333333333333333,0.2745098039215686,0.6235294117647059,0.0,0.1476419964958639,0.4464674869780098,0.2555580644030722,0.1725490196078431,0.3764705882352941,0.8274509803921568,0.0175369262695312,0.164060531317019,0.5039090854499209,0.2675205608248056,0.2078431372549019,0.4392156862745098,0.9254901960784314,0.02176513671875,0.1101824065756525,0.1620111021509734,0.3411764705882353,0.7746161268669239,0.057441598471911,0.268039939587179
ACRIN-6698-982086,1,256.0,80.0,8.0,0.0,2.0,6.0,2.0,0.6055,50.0,62.0,83.0,123.0,136.0,180.0,2.5370813300000004,56.0,1.0,1.0,0.0,0.0,1.0,HER2pos,0.0,1.0,0.0,spy2,0,train,10,4,13,3,13.0,41.0,45.0,155.008,1.2633019040217492,10,0.6479156494140625,0.1057926910998774,0.2617072017112398,0.1294493126183664,0.1176470588235294,0.2313725490196078,0.4352941176470588,3.0517578125e-06,0.1576372931985294,0.3827980355276694,0.2582857391485443,0.1215686274509803,0.3176470588235294,0.8196078431372549,0.0200119018554687,0.1690185786228553,0.4123639491420772,0.2486906304007025,0.1372549019607843,0.3647058823529411,0.788235294117647,0.0117462158203125,0.1210908338164295,0.2018700669209216,0.4784313725490196,0.7233836926090612,0.0295659136144078,0.2877889590971734
ACRIN-6698-102212,0,256.0,80.0,8.0,0.0,2.0,6.0,2.0,0.6055,15.0,52.0,104.0,200.0,155.0,217.0,31.1071101915,26.0,0.0,1.0,0.0,0.0,0.0,TripleNeg,1.0,0.0,0.0,spy2,1,test,10,20,29,-1,38.0,97.0,63.0,155.008,3.4690775069010154,10,0.5843948364257813,0.1325217213350183,0.2800727323983773,0.1234078005263752,0.1294117647058823,0.2745098039215686,0.4431372549019607,3.0517578125e-06,0.2264700736251531,0.4764741805097012,0.2467764572334596,0.1843137254901961,0.4313725490196078,0.8666666666666667,0.024029541015625,0.2298975147920496,0.4876805648811911,0.2449137761941255,0.2,0.4431372549019607,0.8784313725490196,0.0264938354492187,0.1964014481113239,0.1786419828291948,0.4705882352941176,0.908665019403681,0.0112063843714898,0.3915798671664751
ACRIN-6698-108969,1,256.0,80.0,8.0,0.0,2.0,6.0,2.0,0.703125,10.0,67.0,38.0,237.0,116.0,234.0,78.85140380859374,64.0,1.0,1.0,0.0,0.0,1.0,HER2pos,0.0,1.0,0.0,spy2,0,train,10,21,30,3,58.0,200.0,119.0,180.0,4.380167455077477,10,0.3285568237304688,0.1855122943952971,0.2691782379975445,0.0925141292205593,0.1686274509803921,0.2549019607843137,0.388235294117647,0.0,0.2710433600930607,0.3949880061333523,0.1876848498689871,0.2313725490196078,0.3372549019607843,0.6705882352941176,0.0193649291992187,0.3036993647556679,0.4430280127513341,0.2046355947341949,0.2627450980392157,0.3803921568627451,0.7803921568627451,0.0377334594726562,0.1258097681358078,0.1408270492456399,0.3215686274509804,0.9558741651270234,0.0480400066179818,0.1217170374309433
ACRIN-6698-721099,0,256.0,134.0,6.0,0.0,2.0,5.0,1.2,0.6445,51.0,89.0,125.0,189.0,80.0,149.0,4.4651715354,47.0,,1.0,0.0,1.0,1.0,HER2pos,0.0,1.0,0.0,spy2,0,train,10,15,24,1,39.0,65.0,70.0,164.992,1.6983955091322493,10,0.6246337890625,0.1394695865406709,0.322638593974175,0.1742011370501411,0.1254901960784313,0.2823529411764706,0.592156862745098,3.814697265625e-05,0.2165423045438878,0.4789893990116372,0.25782057193115,0.1607843137254902,0.4470588235294118,0.8666666666666667,0.0185272216796875,0.2488627295400582,0.5529509166268134,0.2718040182703079,0.196078431372549,0.5372549019607843,0.984313725490196,0.0350723266601562,0.1563508050374621,0.1703123655869588,0.403921568627451,0.8322154471544716,0.0739615176151761,0.2456097560975609
ACRIN-6698-397505,1,256.0,134.0,6.0,0.0,2.0,5.0,1.2,0.7031,94.0,121.0,64.0,124.0,53.0,114.0,7.036176869051999,41.0,,1.0,0.0,1.0,1.0,HER2pos,0.0,1.0,0.0,spy2,0,train,10,14,23,2,28.0,61.0,62.0,179.9936,2.083953456298833,10,0.7223175048828125,0.1003872261795343,0.306351694770071,0.1646535210726293,0.1176470588235294,0.2705882352941176,0.5450980392156862,1.678466796875e-05,0.1633869664809283,0.4715819771875736,0.2641228579605186,0.1215686274509803,0.4588235294117647,0.8313725490196079,0.0165664672851562,0.1713749305874693,0.4904860446228144,0.2621892981285135,0.1294117647058823,0.4941176470588235,0.8431372549019608,0.0180831909179687,0.1652302824175026,0.1797070941542465,0.403921568627451,0.8121352661252211,0.0189040674352408,0.4208548098163555
ISPY2-268937,1,256.0,158.0,7.0,0.0,2.0,6.0,1.0,0.64453125,58.0,81.0,94.0,154.0,97.0,135.0,2.256979751586914,50.0,1.0,0.0,0.0,1.0,1.0,HER2pos,0.0,1.0,0.0,spy2,0,train,10,9,18,0,24.0,61.0,39.0,165.0,1.180800309384048,10,0.5173233032226563,0.170362273571538,0.3261407018810331,0.1929518529749674,0.1333333333333333,0.2705882352941176,0.6039215686274509,0.0035659790039062,0.2070173974130668,0.3740615770091969,0.2409981550774191,0.1098039215686274,0.3215686274509804,0.7294117647058823,0.0143280029296875,0.2212796618891697,0.403209882649978,0.2460390620151837,0.1254901960784313,0.3568627450980392,0.7647058823529411,0.0158309936523437,0.0479208751281637,0.169551492083014,0.2549019607843137,0.5733339234399846,0.0291483056407811,0.3917654831867023
ISPY2-109874,1,256.0,80.0,8.0,0.0,2.0,5.0,2.0,0.5469,53.0,71.0,78.0,145.0,80.0,137.0,5.4783084567600016,43.0,0.0,0.0,0.0,0.0,0.0,TripleNeg,1.0,0.0,0.0,spy2,1,test,10,5,16,-1,19.0,68.0,58.0,140.0064,1.8684594356636928,10,0.621917724609375,0.1058737182617187,0.258034910792148,0.1240337697556164,0.1254901960784313,0.2196078431372549,0.4470588235294118,0.0,0.1612476603190104,0.3913346437937512,0.2261302582703455,0.1686274509803921,0.3176470588235294,0.7137254901960784,0.0137405395507812,0.1756557868508731,0.4289273533289334,0.2295172267760655,0.192156862745098,0.3607843137254902,0.7607843137254902,0.0138214111328125,0.1332997330016032,0.1705925924902463,0.3803921568627451,0.843897812575672,0.0375927095351822,0.3194850270401162
ISPY2-473468,0,256.0,66.0,7.0,0.0,2.0,6.0,2.4,0.5078,41.0,65.0,50.0,119.0,9.0,77.0,10.636450216992,54.0,1.0,0.0,1.0,0.0,0.0,TripleNeg,1.0,0.0,0.0,spy2,0,train,10,10,19,4,25.0,70.0,69.0,129.9968,2.454142431616316,10,0.6597030639648438,0.1019541901233149,0.260872893977044,0.1042685104754459,0.1294117647058823,0.2509803921568627,0.396078431372549,0.0,0.1881416829427083,0.4633176561674231,0.2235658977915171,0.196078431372549,0.4392156862745098,0.7843137254901961,0.0124053955078125,0.1891911884382659,0.4664980520697138,0.2150042649099081,0.1843137254901961,0.4627450980392157,0.7568627450980392,0.0059768676757812,0.202444762190379,0.2028550431462296,0.5098039215686274,0.8736105319325432,0.0031803959022907,0.4569741320168418
ACRIN-6698-896852,0,312.0,90.0,8.0,0.0,2.0,6.0,2.0,0.6641,17.0,64.0,73.0,272.0,149.0,243.0,57.200554599380006,41.0,0.0,1.0,0.0,1.0,1.0,HER2pos,0.0,1.0,0.0,spy2,0,train,10,10,25,3,48.0,200.0,95.0,207.19920000000002,4.063894883890959,10,0.574041748046875,0.1451761761833639,0.316741373647569,0.1616427891813966,0.1215686274509803,0.3098039215686274,0.5137254901960784,3.0517578125e-06,0.1984998037300858,0.4303768867446103,0.249217496643452,0.1490196078431372,0.388235294117647,0.8117647058823529,0.0159072875976562,0.222143985523897,0.4775440761353761,0.2589858807318333,0.1686274509803921,0.4431372549019607,0.8862745098039215,0.0186309814453125,0.1136355130970412,0.1416182483377798,0.3333333333333333,0.8530176675407299,0.0471671893907658,0.2565554743584232
ISPY2-965265,0,320.0,70.0,6.0,0.0,2.0,5.0,2.6,0.625,44.0,65.0,82.0,214.0,84.0,192.0,52.919140625,48.0,0.0,1.0,0.0,0.0,0.0,TripleNeg,1.0,0.0,0.0,spy2,0,train,10,8,17,2,22.0,133.0,109.0,200.0,3.9874855285133908,10,0.5084182739257812,0.1341795259363511,0.2672021159913387,0.120330264782398,0.1411764705882353,0.2431372549019607,0.4196078431372549,0.0001953125,0.1963052667356004,0.386648166714779,0.2492477964370633,0.1725490196078431,0.2901960784313726,0.8823529411764706,0.0242645263671875,0.2041790292777267,0.4004884143107924,0.2364591150138826,0.1843137254901961,0.3137254901960784,0.8352941176470589,0.0160781860351562,0.1194460507234402,0.1784656053190259,0.4745098039215686,0.8250575019477718,0.0138402475960135,0.3112492744356118
ISPY2-153880,0,256.0,80.0,8.0,0.0,2.0,5.0,2.0,0.6836,40.0,60.0,89.0,162.0,120.0,180.0,10.1452775216,39.0,0.0,1.0,0.0,1.0,1.0,HER2pos,0.0,1.0,0.0,spy2,1,test,10,7,16,-1,21.0,74.0,61.0,175.0016,2.41101586752377,10,0.6632843017578125,0.0986809824027267,0.2612697337964506,0.1633278449334921,0.1176470588235294,0.1843137254901961,0.5176470588235295,1.52587890625e-06,0.1451839132869944,0.3770373648167746,0.2412514686763092,0.1568627450980392,0.2823529411764706,0.7529411764705882,0.0177688598632812,0.1622187416226256,0.4241452901457859,0.2531291492145037,0.1803921568627451,0.3254901960784314,0.8588235294117647,0.0243438720703125,0.115767631020324,0.125280943148648,0.2862745098039215,0.8997688856663797,0.0471079253290113,0.154194045407169
ACRIN-6698-992609,1,256.0,80.0,7.0,0.0,2.0,5.0,2.0,0.5859,17.0,48.0,86.0,214.0,100.0,205.0,29.40663597984,54.0,1.0,1.0,0.0,0.0,0.0,TripleNeg,1.0,0.0,0.0,spy2,0,train,10,12,21,4,32.0,129.0,106.0,149.9904,3.4146608734011665,10,0.521343994140625,0.1179191020890778,0.2137327909754366,0.1039571995575725,0.1137254901960784,0.1803921568627451,0.3803921568627451,0.0,0.2581354417987898,0.4515418145887073,0.2722088208779463,0.1411764705882353,0.392156862745098,0.8823529411764706,0.0332977294921875,0.2557711432961856,0.4442710259320183,0.2530209412945884,0.1568627450980392,0.4078431372549019,0.8509803921568627,0.0333724975585937,0.2378090236132707,0.2346622044288416,0.592156862745098,0.8586384096502302,-0.0072707886566891,0.4569099626385116
ACRIN-6698-653927,1,256.0,80.0,8.0,0.0,2.0,6.0,2.0,0.6641,30.0,53.0,135.0,194.0,129.0,201.0,16.530641856420004,38.0,0.0,0.0,0.0,0.0,0.0,TripleNeg,1.0,0.0,0.0,spy2,0,train,10,6,16,1,24.0,60.0,73.0,170.0096,2.863950313004426,10,0.5285720825195312,0.1638965861002604,0.3216380835967926,0.1635820003281186,0.1176470588235294,0.3176470588235294,0.5450980392156862,0.0,0.2477195649988511,0.4833176733333523,0.2635906856260609,0.1490196078431372,0.4784313725490196,0.8666666666666667,0.0169998168945312,0.2526192818435968,0.4887927266519237,0.2361666192988146,0.1725490196078431,0.4980392156862745,0.807843137254902,0.0127151489257812,0.1616795897365597,0.1620368803415832,0.3843137254901961,0.888174653266657,0.0054750533185713,0.3934165169684905
ISPY2-676365,0,384.0,176.0,7.0,0.0,2.0,5.0,1.1000000238,0.8333333135,84.0,122.0,221.0,278.0,289.0,332.0,9.13458309616633,31.0,0.0,1.0,0.0,0.0,0.0,TripleNeg,1.0,0.0,0.0,spy2,0,train,10,15,24,3,39.0,58.0,44.0,319.999992384,2.315953643997837,10,0.4612899780273437,0.1636794206207873,0.281163771134585,0.1652408548596304,0.1215686274509803,0.2352941176470588,0.5450980392156862,0.0002273559570312,0.2513094075520833,0.4369227756475952,0.255517618974213,0.1411764705882353,0.3725490196078431,0.8235294117647058,0.0173797607421875,0.2545857508042279,0.4344574288110538,0.2574576394617238,0.1333333333333333,0.3764705882352941,0.8156862745098039,0.0213897705078125,0.1557590045130101,0.1805205243475521,0.4352941176470588,0.8470325648847611,-0.0024653468365414,0.4993442836546768
ISPY2-458196,0,256.0,134.0,6.0,0.0,2.0,5.0,1.2,0.7031,69.0,94.0,140.0,185.0,102.0,149.0,4.138892674763999,46.0,,0.0,0.0,1.0,0.0,HRposHER2neg,0.0,0.0,1.0,spy2,0,train,10,9,18,3,26.0,46.0,48.0,179.9936,1.6368376233327757,10,0.6417755126953125,0.1215035173004748,0.2815209404174336,0.1635444626381115,0.1176470588235294,0.2313725490196078,0.5176470588235295,5.645751953125e-05,0.1789961152918198,0.3693032177388816,0.2605836728767541,0.0901960784313725,0.2980392156862745,0.7764705882352941,0.01292724609375,0.1898712098364736,0.4024695094806961,0.2806079932972855,0.0941176470588235,0.3294117647058823,0.8549019607843137,0.0193954467773437,0.0877822773214479,0.1841497400676214,0.3490196078431372,0.6359438760297488,0.0331662917418145,0.3879863353296474
ISPY2-423979,0,256.0,80.0,8.0,0.0,2.0,6.0,2.0,0.5664,22.0,50.0,110.0,190.0,131.0,196.0,4.222487531520001,54.0,0.0,1.0,0.0,1.0,0.0,HRposHER2neg,0.0,0.0,1.0,spy2,0,train,10,17,26,4,29.0,81.0,66.0,144.9984,1.6529738269914496,10,0.670867919921875,0.0975458780924479,0.2445591280554873,0.1089078374236176,0.1137254901960784,0.2313725490196078,0.392156862745098,0.0,0.1802961102653952,0.4557066913923659,0.2784863001210635,0.1372549019607843,0.388235294117647,0.9254901960784314,0.0218948364257812,0.1825261912626378,0.4596834201459907,0.2625126640284217,0.1490196078431372,0.403921568627451,0.8666666666666667,0.0109085083007812,0.2111475633368785,0.2169528442747462,0.5764705882352941,0.8903616133518776,0.0039767287536247,0.4130227167362077
ISPY2-318293,0,320.0,72.0,7.0,0.0,2.0,6.0,2.5,0.8999999762,36.0,53.0,43.0,116.0,121.0,158.0,4.732424749707304,47.0,0.0,1.0,0.0,1.0,0.0,HRposHER2neg,0.0,0.0,1.0,spy2,0,train,10,7,16,1,18.0,74.0,38.0,287.999992384,1.7461386087047233,10,0.7415695190429688,0.0730750588809742,0.2407053335903487,0.0925468975595631,0.1254901960784313,0.2352941176470588,0.3647058823529411,0.0,0.1479831949869791,0.4656781993640606,0.2621467494336292,0.1607843137254902,0.396078431372549,0.8980392156862745,0.0125640869140625,0.1563988719267003,0.4851928454787577,0.245484661944751,0.1725490196078431,0.4392156862745098,0.8509803921568627,0.005755615234375,0.2249728657737118,0.2255672928705351,0.6,0.8811029433472087,0.0195146461146971,0.3667050453163286
ACRIN-6698-150547,0,256.0,80.0,8.0,0.0,2.0,6.0,2.0,0.6445,32.0,59.0,72.0,147.0,94.0,171.0,9.5113769645,51.0,0.0,1.0,0.0,1.0,0.0,HRposHER2neg,0.0,0.0,1.0,spy2,0,train,10,7,16,2,28.0,76.0,78.0,164.992,2.352458191007469,10,0.6511016845703125,0.1128307088216145,0.2980698982296567,0.2059271135220935,0.1176470588235294,0.196078431372549,0.6196078431372549,0.0001480102539062,0.1512643492455576,0.3978881869120858,0.2684600026296228,0.1490196078431372,0.2705882352941176,0.8196078431372549,0.0168869018554687,0.162258061427696,0.4289830666318851,0.2819847639395992,0.1529411764705882,0.3019607843137254,0.8862745098039215,0.0209854125976562,0.0998182886824291,0.1303027882034363,0.2901960784313726,0.8620054755219677,0.0310948797197992,0.2569865386129261
ISPY2-111344,0,320.0,180.0,7.0,0.0,2.0,6.0,1.0,0.703125,71.0,125.0,39.0,141.0,139.0,221.0,22.04263916015625,55.0,1.0,1.0,0.0,1.0,0.0,HRposHER2neg,0.0,0.0,1.0,spy2,1,test,10,22,31,-1,55.0,103.0,83.0,225.0,3.137346376149479,10,0.525537109375,0.1177484190697763,0.223362015126108,0.1047587673638118,0.1176470588235294,0.188235294117647,0.3843137254901961,0.0,0.1983188404756433,0.3617236796437212,0.2906949204272994,0.0980392156862745,0.2313725490196078,0.8823529411764706,0.0255325317382812,0.1974518181295955,0.3529941713229492,0.2683963849848348,0.0980392156862745,0.2392156862745098,0.803921568627451,0.0140060424804687,0.1383616645176131,0.2449996754709509,0.5725490196078431,0.6366998559226099,-0.0087295083207719,0.4362200267572296
ISPY2-849605,0,256.0,160.0,7.0,0.0,2.0,5.0,1.2000000477,1.40625,61.0,122.0,101.0,160.0,25.0,76.0,100.15444734051412,33.0,0.0,1.0,0.0,0.0,0.0,TripleNeg,1.0,0.0,0.0,spy2,0,train,10,27,38,0,62.0,60.0,52.0,360.0,4.61664853042292,10,0.6243621826171875,0.1337661862840839,0.3030500328233724,0.17295926529665,0.1254901960784313,0.2705882352941176,0.5019607843137255,0.0042449951171875,0.1725876811906403,0.3712060729531111,0.215814447349236,0.1568627450980392,0.3215686274509804,0.6784313725490196,0.0147552490234375,0.1787106921626072,0.3892675139095113,0.2220344202305827,0.1686274509803921,0.3333333333333333,0.7254901960784313,0.0183242797851562,0.0681560401297387,0.1391776991832949,0.2509803921568627,0.6843747207305283,0.0180614409564002,0.3672505260421321
ISPY2-797499,1,256.0,66.0,7.0,0.0,2.0,6.0,2.4,0.5078,39.0,52.0,56.0,108.0,134.0,177.0,3.2026316328,52.0,1.0,0.0,1.0,0.0,1.0,HER2pos,0.0,1.0,0.0,spy2,0,train,10,4,13,0,14.0,53.0,44.0,129.9968,1.4357109083086073,10,0.5593353271484375,0.1256356153301164,0.2641779532924412,0.1111477411691325,0.1490196078431372,0.2352941176470588,0.4431372549019607,0.0,0.1991537834616268,0.4196982529238902,0.1983291940394135,0.2431372549019607,0.3529411764705882,0.6980392156862745,0.0161361694335937,0.2124229042202818,0.4486497397493593,0.2180056035100617,0.2352941176470588,0.3725490196078431,0.7803921568627451,0.014813232421875,0.1555202996314491,0.1596922154876869,0.3607843137254902,0.9030346890863384,0.028951486825469,0.3855620269119164
ISPY2-639663,0,384.0,72.0,9.0,0.0,2.0,6.0,2.5,0.8333333135,26.0,51.0,213.0,278.0,57.0,122.0,24.56597105288196,30.0,0.0,1.0,0.0,0.0,0.0,TripleNeg,1.0,0.0,0.0,spy2,0,train,10,9,20,4,26.0,66.0,66.0,319.999992384,3.2412622114946203,10,0.614202880859375,0.1276333019780177,0.2853163284330011,0.1734480899305878,0.1176470588235294,0.2313725490196078,0.5372549019607843,0.0011199951171875,0.2333425125421262,0.5075104873065048,0.2780305195498957,0.1529411764705882,0.5019607843137255,0.9176470588235294,0.0232147216796875,0.2238441975911458,0.4851273351182615,0.2658308060454131,0.1490196078431372,0.4705882352941176,0.8745098039215686,0.0207489013671875,0.2221941588735037,0.2229611612131025,0.5686274509803921,0.8649757154835546,-0.0223831521882432,0.525941717160531
ISPY2-768214,0,384.0,176.0,7.0,0.0,2.0,5.0,1.1000000238,0.8333333135,44.0,131.0,172.0,227.0,288.0,341.0,14.993610721822437,51.0,,1.0,0.0,0.0,0.0,TripleNeg,1.0,0.0,0.0,spy2,0,train,10,38,49,3,88.0,56.0,54.0,319.999992384,2.772189312600272,10,0.42969970703125,0.1678592277975643,0.2631950661212279,0.1380689800249233,0.1254901960784313,0.2313725490196078,0.4431372549019607,0.0011627197265625,0.2805791099398744,0.4464250909379356,0.2282498532530823,0.2039215686274509,0.3843137254901961,0.792156862745098,0.0212249755859375,0.2754343309589461,0.4374556956925196,0.2205550888928974,0.192156862745098,0.3843137254901961,0.7607843137254902,0.0184707641601562,0.1832300248167076,0.19748316125675,0.4901960784313725,0.8771377812025086,-0.0089693952454159,0.4993391339711894
ACRIN-6698-294739,0,256.0,80.0,6.0,0.0,2.0,5.0,2.0,0.703125,8.0,25.0,73.0,134.0,95.0,154.0,8.91177978515625,42.0,0.0,0.0,1.0,1.0,0.0,HRposHER2neg,0.0,0.0,1.0,spy2,1,test,10,7,16,-1,18.0,62.0,60.0,180.0,2.293723927086119,10,0.4056686401367187,0.2096083338120404,0.3422897099461247,0.1283326503198404,0.2274509803921568,0.3137254901960784,0.4941176470588235,0.0035110473632812,0.2511457794787837,0.4119655359942442,0.1687874567106489,0.2627450980392157,0.3647058823529411,0.6392156862745098,0.0134231567382812,0.2782921884574142,0.4568816179132365,0.1888233408089622,0.2823529411764706,0.4,0.7411764705882353,0.0213531494140625,0.0696758260481195,0.0934698654886204,0.1254901960784313,0.9508473662455296,0.0449160819189922,0.081568468373637
ACRIN-6698-691753,0,256.0,67.0,8.0,0.0,2.0,6.0,2.0,0.6641,35.0,54.0,11.0,70.0,132.0,192.0,9.48388353024,49.0,0.0,1.0,0.0,1.0,0.0,HRposHER2neg,0.0,0.0,1.0,spy2,0,train,10,7,16,0,20.0,60.0,61.0,170.0096,2.3498391761129196,10,0.6816162109375,0.1095142499138327,0.3046929292382546,0.1924828468628709,0.1176470588235294,0.2313725490196078,0.6,8.392333984375e-05,0.1490409761316636,0.4125946862910489,0.2595525958437402,0.1529411764705882,0.3176470588235294,0.8274509803921568,0.0193801879882812,0.1675739303289675,0.4626432322794925,0.2686236521774053,0.1843137254901961,0.3725490196078431,0.9372549019607844,0.0267623901367187,0.1079017570527942,0.1029244349642754,0.2509803921568627,0.9416120312859444,0.0500485459884436,0.1126351506786289
ISPY2-539904,0,256.0,80.0,8.0,0.0,2.0,5.0,2.0,0.6055,38.0,57.0,70.0,170.0,122.0,189.0,15.718905338500004,45.0,1.0,1.0,0.0,1.0,1.0,HER2pos,0.0,1.0,0.0,spy2,0,train,10,2,17,1,20.0,101.0,68.0,155.008,2.816540135327883,10,0.630230712890625,0.1098540122836243,0.2477767010935896,0.1525870025813561,0.1098039215686274,0.1686274509803921,0.5019607843137255,0.0,0.1691567334941789,0.3742490532353443,0.2641751345629097,0.1176470588235294,0.2705882352941176,0.796078431372549,0.0135101318359375,0.1713224822399663,0.3866021594746213,0.2979151473939813,0.0901960784313725,0.2784313725490196,0.8980392156862745,0.024322509765625,0.1264723521417546,0.1460331603415223,0.3529411764705882,0.839476420778106,0.0123531062392769,0.4534027697538914
ISPY2-453596,1,256.0,72.0,8.0,0.0,2.0,5.0,2.2,0.7031,29.0,50.0,97.0,169.0,60.0,141.0,16.912787727242,57.0,,1.0,0.0,1.0,1.0,HER2pos,0.0,1.0,0.0,spy2,1,test,10,9,18,-1,22.0,73.0,82.0,179.9936,2.8855148559557504,10,0.4319808959960938,0.1658045331169577,0.2824551476059629,0.0979533875321039,0.1686274509803921,0.2745098039215686,0.388235294117647,0.0,0.2352864583333333,0.3991841394415106,0.2018854932404258,0.2313725490196078,0.3411764705882353,0.7176470588235294,0.02540283203125,0.2385853427064185,0.4025119689870591,0.1920367679907054,0.2431372549019607,0.3411764705882353,0.6941176470588235,0.01885986328125,0.1167289918355477,0.1479129647766403,0.3568627450980392,0.9299623647104016,0.0033278295455485,0.4432851497755583
ISPY2-997702,1,256.0,134.0,6.0,0.0,2.0,5.0,1.2,0.6641,52.0,118.0,76.0,158.0,89.0,174.0,6.177225924384,31.0,0.0,0.0,0.0,0.0,0.0,TripleNeg,1.0,0.0,0.0,spy2,1,test,10,43,52,-1,67.0,83.0,86.0,170.0096,1.9709129468968891,10,0.7330032348632812,0.0997202555338541,0.3107799490560716,0.1809093514226382,0.1137254901960784,0.2627450980392157,0.5764705882352941,0.0,0.1429468431659773,0.4282371587671753,0.2908560067160431,0.0862745098039215,0.3843137254901961,0.8980392156862745,0.019805908203125,0.1437879554898131,0.4291519352070148,0.2909529288906202,0.0823529411764705,0.388235294117647,0.8745098039215686,0.0197235107421875,0.1174572097111037,0.1863412789381949,0.3568627450980392,0.7155315780750833,0.0009147764398394,0.4073403094085576
ACRIN-6698-118307,0,256.0,72.0,7.0,0.0,2.0,6.0,2.2,0.7031,9.0,41.0,85.0,214.0,109.0,230.0,27.373027734998,44.0,0.0,1.0,0.0,0.0,0.0,TripleNeg,1.0,0.0,0.0,spy2,0,train,10,13,22,2,33.0,130.0,122.0,179.9936,3.3454389662491995,10,0.3988876342773437,0.155506196863511,0.2517491667369711,0.1008400246507413,0.1529411764705882,0.2156862745098039,0.4156862745098039,0.0,0.2369043447457108,0.3824468977579481,0.2516012158122903,0.1764705882352941,0.2745098039215686,0.8705882352941177,0.0355682373046875,0.2442505122166053,0.3924148762679372,0.2320029178893321,0.1803921568627451,0.2980392156862745,0.7803921568627451,0.0151870727539062,0.1306977310209771,0.1853684369261458,0.4784313725490196,0.8669585855893589,0.009967978509989,0.3321935803221262
ISPY2-706943,0,256.0,80.0,7.0,0.0,2.0,5.0,2.5,0.8999999762,8.0,66.0,27.0,172.0,93.0,231.0,68.00759640315366,52.0,,0.0,1.0,0.0,1.0,HER2pos,0.0,1.0,0.0,spy2,0,train,10,34,45,2,59.0,146.0,139.0,230.3999939072,4.23421659133682,10,0.439453125,0.1551569082222733,0.2669563328380132,0.0869856902743065,0.1607843137254902,0.2588235294117647,0.3843137254901961,0.0,0.2425449984681372,0.4037212201953952,0.1998665865482451,0.2117647058823529,0.3529411764705882,0.6823529411764706,0.0215545654296875,0.2567377726236979,0.4312656709025073,0.1853838214278372,0.2392156862745098,0.388235294117647,0.7058823529411765,0.0090362548828125,0.1367648873573819,0.1954443288397538,0.4313725490196078,0.8724412020905923,0.0275444507071121,0.2105210148083623
ISPY2-591079,1,256.0,80.0,7.0,0.0,2.0,5.0,2.0,0.625,20.0,37.0,54.0,121.0,164.0,206.0,3.934375,43.0,0.0,1.0,0.0,0.0,0.0,TripleNeg,1.0,0.0,0.0,spy2,0,train,10,5,14,2,18.0,68.0,43.0,160.0,1.59622601846187,10,0.6050018310546875,0.1121874102424172,0.2603639433105143,0.1464863714721146,0.1215686274509803,0.2039215686274509,0.4941176470588235,0.0,0.1679529825846354,0.3838544826659504,0.2295119962898131,0.1568627450980392,0.3058823529411765,0.7333333333333333,0.011431884765625,0.1876538983513327,0.4263858066926291,0.2569786102120944,0.1647058823529411,0.3411764705882353,0.8549019607843137,0.0207427978515625,0.123490539355436,0.1443632973666637,0.3137254901960784,0.8427835250670231,0.0425313240266786,0.3433320714191898
ISPY2-825363,1,384.0,72.0,9.0,0.0,2.0,6.0,2.5,0.9375,44.0,55.0,221.0,251.0,249.0,279.0,7.06640625,29.0,0.0,1.0,0.0,0.0,1.0,HER2pos,0.0,1.0,0.0,spy2,0,train,10,2,11,3,12.0,31.0,31.0,360.0,2.0877080609155705,10,0.713543701171875,0.0985214053883272,0.2784000596595146,0.1606600053389189,0.1176470588235294,0.2274509803921568,0.5215686274509804,5.340576171875e-05,0.165813221650965,0.4345651059520393,0.2860577111866276,0.0980392156862745,0.3843137254901961,0.8705882352941177,0.014593505859375,0.1624856627221201,0.4349698757051666,0.2956993647988322,0.0862745098039215,0.388235294117647,0.9058823529411764,0.0207168579101562,0.1561650462925246,0.2243157707255823,0.4862745098039215,0.7288208723073317,0.0004047697531274,0.4723542070611297
ACRIN-6698-955035,0,256.0,72.0,7.0,0.0,2.0,6.0,2.2,0.7031,16.0,71.0,101.0,224.0,62.0,207.0,99.21349497895,46.0,0.0,1.0,0.0,0.0,0.0,TripleNeg,1.0,0.0,0.0,spy2,1,test,10,28,37,-1,56.0,124.0,146.0,179.9936,4.607302860010813,10,0.534429931640625,0.1570800242704503,0.309771070032124,0.1281520457637335,0.1450980392156863,0.2941176470588235,0.5019607843137255,0.0,0.2639114439721201,0.5084553891300486,0.2584118483545532,0.2156862745098039,0.4509803921568627,0.9568627450980391,0.031951904296875,0.2811055441463695,0.5452249726172932,0.2520251567427289,0.2549019607843137,0.4941176470588235,0.9568627450980391,0.0334808349609375,0.1986843190979245,0.2066674771795548,0.4941176470588235,0.858496440697964,0.0367695834872445,0.3263250698095151
ISPY2-726091,1,128.0,134.0,7.0,0.0,2.0,5.0,1.2000000477,1.171875,17.0,46.0,82.0,110.0,53.0,77.0,6.692322043363539,43.0,0.0,1.0,0.0,0.0,0.0,TripleNeg,1.0,0.0,0.0,spy2,0,train,10,18,27,0,30.0,29.0,25.0,150.0,2.0402226941620745,10,0.66158447265625,0.1549880083869485,0.4313601716702985,0.1449383900993066,0.2509803921568627,0.4235294117647059,0.6313725490196078,0.0,0.2209176336550245,0.6226832961659216,0.2037766068167821,0.3607843137254902,0.611764705882353,0.9215686274509804,0.015557861328125,0.2323176604626225,0.6544883451342518,0.199024607375711,0.3843137254901961,0.6588235294117647,0.9372549019607844,0.01915283203125,0.191323124495623,0.171620003204225,0.4549019607843137,0.9161887241640516,0.0318050489683302,0.2876672798759153
ACRIN-6698-179568,0,256.0,80.0,8.0,0.0,2.0,6.0,2.0,0.6836,10.0,25.0,67.0,137.0,126.0,172.0,6.22829381888,52.0,1.0,1.0,0.0,1.0,0.0,HRposHER2neg,0.0,0.0,1.0,spy2,0,train,10,6,15,0,16.0,71.0,47.0,175.0016,1.978003021997868,10,0.6961822509765625,0.1011247163660385,0.2910651812329572,0.1770428514794287,0.1137254901960784,0.2274509803921568,0.5647058823529412,0.0,0.1457748054055606,0.4173694706148242,0.2967551085996083,0.1333333333333333,0.2941176470588235,0.9490196078431372,0.02291259765625,0.1518452782724418,0.4316415106045432,0.2662134271039105,0.1529411764705882,0.3450980392156862,0.8509803921568627,0.013934326171875,0.1263042893818669,0.1655295359211679,0.388235294117647,0.8098538496308573,0.0142720399897189,0.3400231028074933
ACRIN-6698-280375,0,256.0,72.0,7.0,0.0,2.0,6.0,2.2,0.7031,24.0,46.0,85.0,160.0,106.0,154.0,9.743531943178,57.0,1.0,1.0,0.0,0.0,0.0,TripleNeg,1.0,0.0,0.0,spy2,1,test,10,7,16,-1,23.0,76.0,49.0,179.9936,2.3743038937874275,10,0.3966064453125,0.2058044672947304,0.3342217852141868,0.1400230058452297,0.2078431372549019,0.2941176470588235,0.5411764705882353,9.1552734375e-06,0.2721392762427236,0.4411096896780156,0.2086344216143884,0.2666666666666666,0.3647058823529411,0.8156862745098039,0.0231170654296875,0.2664469341203278,0.4323829201921513,0.1843867136258221,0.2627450980392157,0.3725490196078431,0.7294117647058823,0.005670166015625,0.1068879044638288,0.1190409510866879,0.2588235294117647,0.9478985433946996,-0.0087267694858643,0.4004374873558567
ISPY2-668752,0,256.0,134.0,6.0,0.0,2.0,5.0,1.2,0.6641,40.0,62.0,123.0,173.0,83.0,132.0,4.402173169896,58.0,0.0,1.0,0.0,0.0,0.0,TripleNeg,1.0,0.0,0.0,spy2,0,train,10,7,16,3,23.0,51.0,50.0,170.0096,1.6868013114830558,10,0.6027130126953125,0.1301396268956801,0.2981586252715446,0.1294012430946021,0.1333333333333333,0.2823529411764706,0.4745098039215686,0.0,0.216362735523897,0.4897427045758964,0.2533462113247944,0.188235294117647,0.4509803921568627,0.8980392156862745,0.0234832763671875,0.2184896371878829,0.4898302585515744,0.2310072789497817,0.2078431372549019,0.4549019607843137,0.8313725490196079,0.014129638671875,0.1915840793043517,0.1791285411050371,0.4745098039215686,0.8897321462863815,8.755397567797851e-05,0.4259964818755137
ISPY2-568331,0,256.0,134.0,6.0,0.0,2.0,5.0,1.2,0.7031,22.0,102.0,58.0,219.0,64.0,206.0,17.750908056036,51.0,1.0,1.0,0.0,0.0,0.0,TripleNeg,1.0,0.0,0.0,spy2,1,test,10,43,52,-1,81.0,162.0,143.0,179.9936,2.9312421808989955,10,0.5456253051757812,0.1308468328737745,0.2576953997137896,0.1704328167194195,0.1137254901960784,0.1843137254901961,0.5450980392156862,0.0010391235351562,0.2009995224896599,0.389447984486982,0.2540848850811427,0.1490196078431372,0.2901960784313726,0.803921568627451,0.0212249755859375,0.2138650333180147,0.4123093656310058,0.2558907037311307,0.1647058823529411,0.3176470588235294,0.8509803921568627,0.0258056640625,0.1317525847731924,0.1529176509506582,0.3450980392156862,0.9098828325704632,0.0228613811440238,0.2774574432716881
ISPY2-924895,0,256.0,80.0,8.0,0.0,2.0,5.0,2.0,0.5859,22.0,59.0,45.0,203.0,110.0,214.0,114.45808050306,39.0,0.0,1.0,0.0,1.0,0.0,HRposHER2neg,0.0,0.0,1.0,spy2,0,train,10,16,25,2,38.0,159.0,105.0,149.9904,4.748907524715969,10,0.5602127075195312,0.1324163758520986,0.2716093542430868,0.1066541636368923,0.1176470588235294,0.2941176470588235,0.396078431372549,0.0,0.2347675697476256,0.4822356148160484,0.2589356270198508,0.1764705882352941,0.4431372549019607,0.9294117647058824,0.0267608642578125,0.2667583570293351,0.5424644617665121,0.2743360585961979,0.1803921568627451,0.5215686274509804,0.9725490196078432,0.0330123901367187,0.2106262605729616,0.2086884759453553,0.6,0.9612031129106686,0.0602288469504636,0.2449769099191933
ISPY2-125418,0,256.0,124.0,7.0,0.0,2.0,5.0,1.2999999523,0.5859375,49.0,103.0,81.0,162.0,83.0,175.0,6.610885377548539,49.0,0.0,1.0,0.0,1.0,0.0,HRposHER2neg,0.0,0.0,1.0,spy2,0,train,10,36,45,2,55.0,82.0,93.0,150.0,2.0295795090678608,10,0.6236801147460938,0.1240676341337316,0.2894111922721445,0.1623861816007589,0.1372549019607843,0.2431372549019607,0.4941176470588235,0.0033111572265625,0.1902349374808517,0.4359319042366059,0.2153534183012386,0.2235294117647059,0.3803921568627451,0.7490196078431373,0.0203857421875,0.2001088819316789,0.4655208292338729,0.2220773556964974,0.2470588235294117,0.4,0.8549019607843137,0.028765869140625,0.1465207119644614,0.1267249536536354,0.3294117647058823,0.9333482007095794,0.029588924997267,0.2543010643689812
ISPY2-719713,0,256.0,124.0,7.0,0.0,2.0,5.0,1.2999999523,0.5859375,41.0,83.0,94.0,186.0,75.0,140.0,9.76100885815464,38.0,0.0,1.0,0.0,1.0,0.0,HRposHER2neg,0.0,0.0,1.0,spy2,0,train,10,22,31,2,43.0,93.0,66.0,150.0,2.375929310389986,10,0.6136886596679687,0.144429811963848,0.3329727955533467,0.1886019076294263,0.1254901960784313,0.2901960784313726,0.615686274509804,0.0012649536132812,0.1818272310144761,0.4111408125715478,0.2215039115512242,0.1764705882352941,0.3529411764705882,0.7411764705882353,0.0136734008789062,0.2151982385971967,0.4825178752837612,0.2434607939464288,0.2274509803921568,0.403921568627451,0.9176470588235294,0.0310684204101562,0.078168017018201,0.1163045751010162,0.2470588235294117,0.8015665177566328,0.0713770627122134,0.1599025172510496
ISPY2-160120,0,256.0,80.0,8.0,0.0,2.0,6.0,2.0,0.703125,44.0,67.0,34.0,147.0,69.0,167.0,14.8691162109375,55.0,1.0,0.0,1.0,1.0,0.0,HRposHER2neg,0.0,0.0,1.0,spy2,0,train,10,9,18,0,24.0,114.0,99.0,180.0,2.7643748436957085,10,0.4804473876953125,0.171569584865196,0.3080206878195544,0.1098252309189631,0.1803921568627451,0.2980392156862745,0.4470588235294118,0.0,0.2394257429534313,0.4249375273319722,0.1865775932053029,0.2549019607843137,0.3803921568627451,0.6470588235294118,0.0245208740234375,0.2677691590552236,0.4786373017197504,0.18526045718988,0.2980392156862745,0.4392156862745098,0.7372549019607844,0.0239837646484375,0.1169168395124177,0.1550324353327032,0.2627450980392157,0.9124125535251724,0.0536997743877782,0.1627958201906641
ISPY2-920479,0,256.0,80.0,8.0,0.0,2.0,5.0,2.0,0.6836,35.0,68.0,82.0,181.0,71.0,147.0,10.53594781216,45.0,0.0,1.0,0.0,0.0,1.0,HER2pos,0.0,1.0,0.0,spy2,0,train,10,17,26,3,34.0,100.0,77.0,175.0016,2.445468056621126,10,0.74278564453125,0.0851951569201899,0.2638781486682281,0.1739250270041071,0.1176470588235294,0.2,0.5098039215686274,0.0010543823242187,0.1234965904086243,0.3636096121330218,0.2703104514834804,0.0941176470588235,0.2745098039215686,0.8235294117647058,0.0174346923828125,0.1335592112821691,0.384172559441887,0.2890446071585364,0.0862745098039215,0.2941176470588235,0.9294117647058824,0.0226715087890625,0.0997314634647936,0.1659113729093573,0.3333333333333333,0.7028439561482607,0.0205629473088651,0.4030005695031085
ISPY2-789497,0,384.0,176.0,7.0,0.0,2.0,6.0,1.0,0.78125,99.0,125.0,117.0,157.0,272.0,310.0,3.1951904296875,54.0,1.0,1.0,0.0,1.0,0.0,HRposHER2neg,0.0,0.0,1.0,spy2,0,train,10,10,19,4,27.0,41.0,39.0,300.0,1.433938733331662,10,0.6327835083007812,0.1087136960497089,0.2593961564198436,0.1418351535697613,0.1254901960784313,0.2235294117647059,0.4431372549019607,3.35693359375e-05,0.1503311276903339,0.3420253162700555,0.2187666467200428,0.1490196078431372,0.2784313725490196,0.6588235294117647,0.0166641235351562,0.1595649808995864,0.3631347552296965,0.2324562488407516,0.1568627450980392,0.2980392156862745,0.7490196078431373,0.0220199584960937,0.0826291598502119,0.139242766665729,0.2627450980392157,0.7536140347961223,0.0211094389596409,0.3606181360348044
ISPY2-282644,0,256.0,72.0,6.0,0.0,2.0,5.0,2.2,0.6641,45.0,57.0,140.0,187.0,110.0,155.0,1.4961461350440002,62.0,1.0,1.0,0.0,1.0,1.0,HER2pos,0.0,1.0,0.0,spy2,0,train,10,3,12,2,13.0,48.0,46.0,170.0096,0.9147479964872423,10,0.5410385131835938,0.1845541980219822,0.3892000507169638,0.1189732400782677,0.2745098039215686,0.3764705882352941,0.5254901960784314,0.000408935546875,0.2142334283566942,0.4479614159941616,0.1685886952399492,0.3058823529411765,0.403921568627451,0.6901960784313725,0.0100311279296875,0.2438874188591452,0.5093140530644161,0.1636531411467885,0.3764705882352941,0.4745098039215686,0.7411764705882353,0.013372802734375,0.0587613652771978,0.12304793609946,0.2078431372549019,0.6797213956813006,0.0613526370702544,0.1872533537244211
ISPY2-484867,0,256.0,80.0,8.0,0.0,2.0,5.0,2.0,0.6445,9.0,63.0,46.0,206.0,76.0,176.0,42.6155213685,51.0,1.0,1.0,0.0,1.0,1.0,HER2pos,0.0,1.0,0.0,spy2,0,train,10,24,33,4,55.0,161.0,101.0,164.992,3.7754130816942806,10,0.686737060546875,0.1107451973709405,0.2966081774161199,0.1430564032234011,0.1176470588235294,0.2980392156862745,0.4627450980392157,0.0001571655273437,0.1898790127623315,0.521465287527578,0.3025069145861132,0.1372549019607843,0.4901960784313725,1.0,0.03580322265625,0.1995120658126531,0.537609772403847,0.2774495820655908,0.1607843137254902,0.5294117647058824,0.9490196078431372,0.0210235595703125,0.2248571101114581,0.230987285430024,0.592156862745098,0.8607160253287871,0.016144484876269,0.3331807111544081
ISPY2-342996,0,256.0,80.0,8.0,0.0,2.0,6.0,2.0,0.6055,33.0,68.0,68.0,129.0,76.0,180.0,4.6540043935,42.0,0.0,1.0,0.0,1.0,0.0,HRposHER2neg,0.0,0.0,1.0,spy2,0,train,10,20,29,4,36.0,62.0,105.0,155.008,1.7323640363315849,10,0.7632659912109375,0.0702249803730085,0.243742731387993,0.0962660973732448,0.1176470588235294,0.2431372549019607,0.3686274509803922,0.0,0.1223421702665441,0.4190865378417748,0.2594588206024519,0.1450980392156863,0.3725490196078431,0.9411764705882352,0.0200515747070312,0.1243653061810661,0.4301892992381875,0.2317507030630997,0.1803921568627451,0.388235294117647,0.8274509803921568,0.0061965942382812,0.1753438064537818,0.2080291137848887,0.5647058823529412,0.8601059647042141,0.0111027613964126,0.4412617792273084
ACRIN-6698-760011,1,256.0,80.0,8.0,0.0,2.0,6.0,2.0,0.703125,30.0,51.0,161.0,221.0,86.0,140.0,5.32847900390625,49.0,0.0,1.0,0.0,1.0,1.0,HER2pos,0.0,1.0,0.0,spy2,0,train,10,7,18,0,22.0,61.0,55.0,180.0,1.8450599235402325,10,0.64488525390625,0.1343877635282628,0.3172946150719749,0.1454077653971817,0.1450980392156863,0.2941176470588235,0.5176470588235295,0.000103759765625,0.2318017039579503,0.5316496713153653,0.2511312787799143,0.2392156862745098,0.4901960784313725,0.9450980392156862,0.0275970458984375,0.2166012154373468,0.5170806819169866,0.2257578679582286,0.2549019607843137,0.4901960784313725,0.8392156862745098,0.0095230102539062,0.2143550562433904,0.219745838253964,0.5098039215686274,0.8584570829466158,-0.0145689893983787,0.5435057234196143
ISPY2-139771,1,312.0,78.0,7.0,0.0,2.0,6.0,2.4,0.5469,43.0,77.0,3.0,119.0,15.0,134.0,94.29462160797604,55.0,1.0,1.0,0.0,0.0,0.0,TripleNeg,1.0,0.0,0.0,spy2,0,train,10,19,29,4,35.0,117.0,120.0,170.6328,4.556973372634991,10,0.627545166015625,0.0895270373774509,0.2043959156512186,0.0738537289962059,0.1137254901960784,0.196078431372549,0.2980392156862745,0.0,0.2121333821614583,0.4623998248169366,0.2615044040752609,0.1686274509803921,0.4,0.8745098039215686,0.0121124267578125,0.2027788050034467,0.4364874157060034,0.2355898004005261,0.1607843137254902,0.396078431372549,0.788235294117647,0.0066192626953125,0.2580039091657179,0.23527569189678,0.6235294117647059,0.9057732330432788,-0.0259124091109331,0.5251093849859889
ACRIN-6698-355942,0,256.0,134.0,6.0,0.0,2.0,5.0,1.2,0.7031,38.0,90.0,80.0,170.0,68.0,131.0,12.575660858867998,52.0,,1.0,0.0,1.0,0.0,HRposHER2neg,0.0,0.0,1.0,spy2,0,train,10,13,24,2,53.0,91.0,64.0,179.9936,2.6082785466879574,10,0.6436767578125,0.1259859511431525,0.3170017095567243,0.184286372726756,0.1215686274509803,0.2745098039215686,0.5882352941176471,0.0004852294921875,0.1825210571289062,0.4341240620948619,0.2367410087098944,0.1686274509803921,0.392156862745098,0.7843137254901961,0.0157989501953125,0.1936973362342984,0.471261175933203,0.2517716960372819,0.1803921568627451,0.4313725490196078,0.8823529411764706,0.0245025634765625,0.1171223525381375,0.1414582714262028,0.3176470588235294,0.8570357999314834,0.037137113838341,0.3721265844467283
ACRIN-6698-104268,0,256.0,80.0,8.0,0.0,2.0,6.0,2.0,0.703125,36.0,60.0,119.0,202.0,154.0,231.0,35.923974609375,50.0,1.0,0.0,1.0,0.0,0.0,TripleNeg,1.0,0.0,0.0,spy2,0,train,10,9,19,1,25.0,84.0,78.0,180.0,3.6088610584820993,10,0.4528549194335938,0.1793107395546109,0.3141799116956147,0.1001377510194634,0.2,0.2980392156862745,0.4431372549019607,0.0,0.2810520426432291,0.4993357458104959,0.2060378783747713,0.2980392156862745,0.4431372549019607,0.8549019607843137,0.0317001342773437,0.289144562365962,0.5132191204372272,0.1780219707626835,0.3294117647058823,0.4745098039215686,0.7647058823529411,0.0176803588867187,0.1851558341148812,0.2153182637351376,0.596078431372549,0.9553791793673324,0.0138833746267312,0.270881846855766
ISPY2-116165,0,256.0,72.0,7.0,0.0,2.0,6.0,2.2,0.7031,26.0,53.0,87.0,162.0,144.0,201.0,14.628892529042,55.0,1.0,1.0,0.0,1.0,0.0,HRposHER2neg,0.0,0.0,1.0,spy2,1,test,10,11,20,-1,28.0,76.0,58.0,179.9936,2.7491212864554555,10,0.3944290161132813,0.2056221816119025,0.3339495915483514,0.1135176867931392,0.2392156862745098,0.3019607843137254,0.4823529411764706,0.0,0.2646639775294884,0.4301967612303761,0.1886561897158285,0.2823529411764706,0.3647058823529411,0.6980392156862745,0.02239990234375,0.2627070767271752,0.4262548766152062,0.1683910086656129,0.2862745098039215,0.3686274509803922,0.6666666666666666,0.0037384033203125,0.0962471696820246,0.1157334629506993,0.2745098039215686,0.9282379235360964,-0.0039418846151698,0.4289018739275374
ISPY2-420523,0,256.0,160.0,8.0,0.0,2.0,6.0,1.0,0.5769230723381,39.0,81.0,71.0,169.0,124.0,202.0,8.335650755082241,39.0,0.0,1.0,0.0,1.0,1.0,HER2pos,0.0,1.0,0.0,spy2,0,train,10,16,25,2,43.0,99.0,79.0,147.6923065185536,2.2338404858743286,10,0.5258071899414063,0.1608993590111826,0.320306992496806,0.1446754843324718,0.1411764705882353,0.3019607843137254,0.5176470588235295,1.52587890625e-05,0.2518027451459099,0.4742907128517001,0.2638419444719518,0.1372549019607843,0.4509803921568627,0.8352941176470589,0.019744873046875,0.2633536544500612,0.5035295026215024,0.2587361775736816,0.1686274509803921,0.4823529411764706,0.8745098039215686,0.02435302734375,0.1539837203548942,0.2251185910287445,0.4784313725490196,0.7518204957411823,0.0292387897698023,0.3471765020095441
ISPY2-654956,0,256.0,134.0,6.0,0.0,2.0,5.0,1.2,0.7031,48.0,82.0,97.0,155.0,101.0,147.0,11.981254887803996,46.0,0.0,1.0,0.0,0.0,1.0,HER2pos,0.0,1.0,0.0,spy2,0,train,10,10,22,0,35.0,59.0,47.0,179.9936,2.5635063851702062,10,0.601702880859375,0.1239417760512408,0.2733110143393827,0.1347054395914018,0.1215686274509803,0.2431372549019607,0.4666666666666667,0.0001205444335937,0.2476849843941483,0.5075985988431261,0.2344866668679022,0.2156862745098039,0.4862745098039215,0.8705882352941177,0.023529052734375,0.2461730837354473,0.5150103196802266,0.2122958466115558,0.2549019607843137,0.4941176470588235,0.8196078431372549,0.0152359008789062,0.2342875845037434,0.2202893333741333,0.5843137254901961,0.9302182141379468,0.0074117208371004,0.3847786444366121
ISPY2-145513,0,384.0,160.0,7.0,0.0,2.0,5.0,1.0,0.78125,49.0,98.0,132.0,192.0,250.0,302.0,5.791015625,32.0,0.0,1.0,0.0,1.0,1.0,HER2pos,0.0,1.0,0.0,spy2,0,train,10,18,29,2,50.0,61.0,53.0,300.0,1.9156005069683537,10,0.5260482788085937,0.1605884447284773,0.3038228315417549,0.1479269746847157,0.1411764705882353,0.2666666666666666,0.5215686274509804,1.678466796875e-05,0.2598850803749234,0.4952491623192616,0.2367047228306091,0.2117647058823529,0.4705882352941176,0.8392156862745098,0.0206771850585937,0.2617064173081342,0.4946945529336138,0.2291509714680246,0.2196078431372549,0.4705882352941176,0.8274509803921568,0.0166915893554687,0.1914263307775067,0.2203363386126144,0.5254901960784314,0.8096384843967818,-0.0005546093856477,0.4868307099923054
ISPY2-780272,0,320.0,180.0,7.0,0.0,2.0,6.0,1.0,0.703125,70.0,117.0,113.0,185.0,82.0,152.0,18.51767578125,54.0,1.0,1.0,0.0,0.0,0.0,TripleNeg,1.0,0.0,0.0,spy2,0,train,10,16,28,4,48.0,73.0,71.0,225.0,2.9713205053122156,10,0.5975326538085938,0.1179075712316176,0.2696142995169944,0.1263267033315993,0.1294117647058823,0.2431372549019607,0.4470588235294118,0.0,0.164937504787071,0.3512809241818815,0.2314573104569973,0.1176470588235294,0.2980392156862745,0.6823529411764706,0.0130218505859375,0.1954518277037377,0.4038516449569503,0.2424138107318739,0.1294117647058823,0.3607843137254902,0.7568627450980392,0.0158004760742187,0.0816666246648871,0.1735305550372567,0.3294117647058823,0.6637031251777177,0.0525707207750688,0.3041920526537282
ISPY2-419590,0,256.0,72.0,7.0,0.0,2.0,6.0,2.2,0.7031,31.0,54.0,66.0,153.0,78.0,139.0,11.93607133345,63.0,1.0,0.0,1.0,0.0,0.0,TripleNeg,1.0,0.0,0.0,spy2,1,test,10,12,21,-1,24.0,88.0,62.0,179.9936,2.5600196365955634,10,0.518939208984375,0.1344463692459405,0.2648496629198389,0.1037888925039243,0.1529411764705882,0.2352941176470588,0.4156862745098039,0.0,0.204704117120481,0.3959795923393654,0.2336755359024222,0.1843137254901961,0.3019607843137254,0.7803921568627451,0.007958984375,0.2113848099054074,0.4118446254378783,0.2334003760663661,0.1843137254901961,0.3254901960784314,0.7764705882352941,0.0060211181640625,0.1311299294195265,0.1708550192997001,0.403921568627451,0.8791916718474441,0.0158650330985128,0.4180538462514432
ISPY2-924868,1,256.0,80.0,8.0,0.0,2.0,6.0,2.0,0.703125,35.0,56.0,42.0,171.0,111.0,167.0,12.76600341796875,56.0,1.0,1.0,0.0,0.0,0.0,TripleNeg,1.0,0.0,0.0,spy2,0,train,10,7,16,4,22.0,130.0,57.0,180.0,2.622202032266767,10,0.5095687866210937,0.1300617292815563,0.2452346863159328,0.076171285665438,0.1607843137254902,0.2352941176470588,0.3450980392156862,0.0,0.1975480083390778,0.3721631817355188,0.1940996813359353,0.2196078431372549,0.3098039215686274,0.6039215686274509,0.0223556518554687,0.2054738482306985,0.3902177538252372,0.1817016636909376,0.2352941176470588,0.3333333333333333,0.6274509803921569,0.0127212524414062,0.126928495419586,0.1819321829516431,0.3176470588235294,0.879614447635256,0.0180545720897184,0.3435778089599233
ACRIN-6698-335536,0,256.0,72.0,7.0,0.0,2.0,6.0,2.2,0.7031,11.0,24.0,135.0,183.0,90.0,129.0,2.101183582344,67.0,1.0,0.0,1.0,1.0,0.0,HRposHER2neg,0.0,0.0,1.0,spy2,0,train,10,5,15,3,14.0,49.0,40.0,179.9936,1.1317838393798676,10,0.461328125,0.1568809120327818,0.2759596747963144,0.1358318905169448,0.1372549019607843,0.2352941176470588,0.4862745098039215,0.0,0.223942356483609,0.383010031423737,0.2486062159370161,0.1490196078431372,0.2901960784313726,0.7803921568627451,0.0219619750976562,0.2338115318148743,0.3997747639665003,0.2301087846970686,0.1764705882352941,0.3137254901960784,0.7529411764705882,0.0132492065429687,0.1070503566274225,0.1838766459247331,0.4196078431372549,0.7154527737490936,0.0167647325427633,0.3411014548585931
ISPY2-957408,0,256.0,64.0,8.0,0.0,2.0,5.0,2.5,0.7031,34.0,56.0,62.0,128.0,123.0,182.0,5.924780075849998,29.0,0.0,1.0,0.0,1.0,0.0,HRposHER2neg,0.0,0.0,1.0,spy2,0,train,10,4,18,2,23.0,67.0,60.0,179.9936,1.935106293569106,10,0.6208221435546875,0.1448858881931679,0.3504263497445594,0.1739964141238882,0.1568627450980392,0.3098039215686274,0.6039215686274509,0.0005828857421875,0.1966612991632199,0.4682886783797053,0.21582882473816,0.2235294117647059,0.4313725490196078,0.7725490196078432,0.0116165161132812,0.1974645517386642,0.4718866242502603,0.224804122274808,0.2196078431372549,0.4274509803921568,0.8,0.0173324584960937,0.1178623286351458,0.1462318044691926,0.3176470588235294,0.820155494209209,0.003597945870555,0.4370256501058359
ISPY2-125130,1,256.0,80.0,8.0,0.0,2.0,6.0,2.0,0.6445,21.0,36.0,57.0,154.0,66.0,129.0,17.668614314,48.0,0.0,1.0,0.0,0.0,1.0,HER2pos,0.0,1.0,0.0,spy2,0,train,10,2,11,4,16.0,98.0,64.0,164.992,2.9268437348741827,10,0.54124755859375,0.1138998472924326,0.2216710858793372,0.1251442875231599,0.1098039215686274,0.1686274509803921,0.4235294117647059,0.0,0.1852874696020986,0.3576805994476766,0.2244393230482094,0.1490196078431372,0.2705882352941176,0.7058823529411765,0.0103042602539062,0.2020132386450674,0.3806569443987914,0.2556003144832118,0.1372549019607843,0.2823529411764706,0.792156862745098,0.020477294921875,0.1360095135683394,0.1372586332836883,0.3372549019607843,0.925484287272824,0.0229763449511147,0.436680104308028
ISPY2-520258,0,384.0,72.0,8.0,0.0,2.0,6.0,2.5,0.8333333135,18.0,42.0,166.0,216.0,251.0,304.0,19.845485166465984,37.0,0.0,1.0,0.0,1.0,0.0,HRposHER2neg,0.0,0.0,1.0,spy2,0,train,10,9,18,3,25.0,51.0,54.0,319.999992384,3.037137386018294,10,0.724822998046875,0.0945504341873468,0.2909834147699226,0.1522520381422546,0.1254901960784313,0.2509803921568627,0.5058823529411764,9.1552734375e-06,0.1703115186504289,0.5226116246653923,0.28310468244189,0.1254901960784313,0.5294117647058824,0.9411764705882352,0.0200515747070312,0.1741954668830422,0.5116736143276208,0.2798676900991427,0.1137254901960784,0.5294117647058824,0.9137254901960784,0.0187713623046875,0.2316282098954697,0.2529525818569275,0.6078431372549019,0.7989242541865366,-0.0109380103377715,0.5247476987911722
ISPY2-872188,1,256.0,72.0,8.0,0.0,2.0,6.0,2.2,0.7031,18.0,38.0,144.0,235.0,93.0,162.0,10.982273195916,60.0,1.0,1.0,0.0,0.0,1.0,HER2pos,0.0,1.0,0.0,spy2,1,test,10,8,17,-1,21.0,92.0,70.0,179.9936,2.483428323928929,10,0.5626266479492188,0.1491427731981464,0.3117757124933654,0.1448721936280383,0.1411764705882353,0.2941176470588235,0.5176470588235295,3.96728515625e-05,0.2179342052983302,0.4442349471597163,0.2526281294138205,0.1686274509803921,0.3725490196078431,0.8627450980392157,0.0244781494140625,0.203698215858609,0.4091144179284764,0.2341582757369362,0.1450980392156863,0.3607843137254902,0.7686274509803922,0.01634521484375,0.1324592346663509,0.1981626809235814,0.4509803921568627,0.7428001269898862,-0.0351205292312398,0.5279918503193936
ISPY2-388581,1,256.0,116.0,5.0,0.0,2.0,4.0,1.2,0.625,82.0,105.0,115.0,148.0,123.0,174.0,4.69734375,48.0,0.0,1.0,0.0,1.0,1.0,HER2pos,0.0,1.0,0.0,spy2,0,train,10,10,19,0,24.0,34.0,52.0,160.0,1.7400000574527417,10,0.7305801391601563,0.0903804105870864,0.2761451104990751,0.1469203117805139,0.1137254901960784,0.2392156862745098,0.4941176470588235,0.0,0.1502584898705576,0.4354340189920684,0.2653881394556489,0.1137254901960784,0.4117647058823529,0.8313725490196079,0.0151351928710937,0.1520224238376991,0.4365422357585306,0.2704256722687383,0.1058823529411764,0.4156862745098039,0.8509803921568627,0.016253662109375,0.1592889084929933,0.1934025077101652,0.4431372549019607,0.7978217900287143,0.0011082167664621,0.4604824231028448
ISPY2-402384,0,256.0,160.0,7.0,0.0,2.0,6.0,1.0,0.703125,38.0,116.0,38.0,147.0,42.0,153.0,6.472979736328125,59.0,1.0,1.0,0.0,0.0,0.0,TripleNeg,1.0,0.0,0.0,spy2,0,train,10,33,43,4,79.0,110.0,112.0,180.0,2.0112938133598552,10,0.4728912353515625,0.1833016369389552,0.3326889830288165,0.1668791337590861,0.1294117647058823,0.3137254901960784,0.5568627450980392,0.0002456665039062,0.2285425762101715,0.3860787072307661,0.2403085939775516,0.0941176470588235,0.3686274509803922,0.7215686274509804,0.0093612670898437,0.2253681856043198,0.3757738135173478,0.2311491879318425,0.0941176470588235,0.3529411764705882,0.7058823529411765,0.0020462036132812,0.0533897242019495,0.1720010239340548,0.2588235294117647,0.5731807576292677,-0.0103048937134182,0.4541462341436867
ISPY2-833536,1,256.0,160.0,7.0,0.0,2.0,5.0,1.2999999523,1.171875,70.0,135.0,66.0,140.0,11.0,70.0,61.02259602754162,50.0,0.0,1.0,0.0,0.0,0.0,TripleNeg,1.0,0.0,0.0,spy2,0,train,10,28,45,4,66.0,75.0,60.0,300.0,4.127498770705695,10,0.6702255249023438,0.1266228051279105,0.3231406589500381,0.1687673559568396,0.1254901960784313,0.2980392156862745,0.5529411764705883,0.0007110595703125,0.1713588340609681,0.4277062839979528,0.2511134366777433,0.1372549019607843,0.3803921568627451,0.8117647058823529,0.0193389892578125,0.1821121096143535,0.4584043742380698,0.2594357631099165,0.1450980392156863,0.4196078431372549,0.8627450980392157,0.0233566284179687,0.1045656250479147,0.1944462587456527,0.392156862745098,0.7218919031468483,0.0306980902401169,0.37961142137969
ISPY2-896621,0,384.0,160.0,7.0,0.0,2.0,6.0,1.0,0.8333333135,37.0,90.0,135.0,211.0,290.0,345.0,4.549305339008614,48.0,0.0,1.0,0.0,1.0,0.0,HRposHER2neg,0.0,0.0,1.0,spy2,0,train,10,30,42,3,54.0,77.0,56.0,319.999992384,1.7136727557820661,10,0.5152984619140625,0.1469128238453584,0.2706792703418703,0.1550682234952529,0.1176470588235294,0.2352941176470588,0.4470588235294118,0.002099609375,0.2697041410558364,0.452158736778221,0.2160774842297192,0.2156862745098039,0.4,0.7607843137254902,0.0121490478515625,0.2699134258195466,0.461119775530831,0.2140332817191647,0.2196078431372549,0.4274509803921568,0.7490196078431373,0.01968994140625,0.1814794664363507,0.2105893081000497,0.5176470588235295,0.84120458108508,0.0089610387526099,0.4693754840172011
ISPY2-877463,0,384.0,160.0,7.0,0.0,2.0,5.0,1.2999999523,0.78125,55.0,119.0,137.0,224.0,33.0,122.0,76.3377047185246,45.0,0.0,0.0,0.0,0.0,0.0,TripleNeg,1.0,0.0,0.0,spy2,0,train,10,31,45,4,65.0,88.0,90.0,300.0,4.348181607933282,10,0.559124755859375,0.1381763533049938,0.2879286204257844,0.1303826633835197,0.1411764705882353,0.2627450980392157,0.4588235294117647,0.0,0.2342104444316789,0.4937928131810918,0.2517981287183427,0.2039215686274509,0.4509803921568627,0.8784313725490196,0.0240768432617187,0.2330633903952206,0.4915912774645666,0.2377543121373066,0.2117647058823529,0.4588235294117647,0.8470588235294118,0.018121337890625,0.2058641927553073,0.2001598628430936,0.5294117647058824,0.9108302299502996,-0.0022015357165251,0.4374766381016987
ISPY2-227881,1,256.0,66.0,7.0,0.0,2.0,6.0,2.4,0.6641,21.0,60.0,72.0,236.0,44.0,175.0,115.77535497072,49.0,0.0,1.0,0.0,1.0,1.0,HER2pos,0.0,1.0,0.0,spy2,1,test,10,23,32,-1,40.0,165.0,132.0,170.0096,4.760252046167067,10,0.4633987426757813,0.1511108637791053,0.2735684276184405,0.0820664448237732,0.1764705882352941,0.2588235294117647,0.4,0.0,0.2441824699850643,0.439480085243298,0.2211856027692603,0.2470588235294117,0.3647058823529411,0.8431372549019608,0.0267074584960937,0.2566583371629902,0.4627723519860617,0.2151834959117299,0.2549019607843137,0.4,0.8196078431372549,0.0194351196289062,0.1659116576248575,0.1735213914647092,0.4862745098039215,0.9351033790489298,0.0232922667427636,0.3196461425155047
ISPY2-846156,0,384.0,160.0,7.0,0.0,2.0,6.0,1.0,0.8333333135,55.0,107.0,168.0,240.0,267.0,338.0,39.438192567186405,44.0,0.0,1.0,0.0,0.0,0.0,TripleNeg,1.0,0.0,0.0,spy2,0,train,10,22,31,1,53.0,73.0,72.0,319.999992384,3.6997746989691436,10,0.6373672485351562,0.1190567674823835,0.2721253291453545,0.1323757687092933,0.1176470588235294,0.2509803921568627,0.4392156862745098,0.0,0.2145326322667739,0.4090054746520434,0.2382465831720598,0.1333333333333333,0.3686274509803922,0.7647058823529411,0.0130996704101562,0.2206712610581342,0.4546041654548672,0.2663861393035127,0.1529411764705882,0.3843137254901961,0.8901960784313725,0.0237411499023437,0.1368801455066889,0.1953509994644425,0.4352941176470588,0.7748080200290337,0.0455986908028238,0.2893732511413603
ISPY2-683374,0,256.0,134.0,6.0,0.0,2.0,5.0,1.2,0.6641,42.0,104.0,88.0,210.0,77.0,231.0,88.459441771512,58.0,1.0,1.0,0.0,1.0,1.0,HER2pos,0.0,1.0,0.0,spy2,0,train,10,28,37,1,63.0,123.0,155.0,170.0096,4.493785358006606,10,0.6717269897460938,0.1027991201363357,0.2650437518746604,0.1282788451231444,0.1215686274509803,0.2392156862745098,0.4392156862745098,0.0,0.1971804390701593,0.4957026106574862,0.3034172513716531,0.1568627450980392,0.403921568627451,1.0,0.0452377319335937,0.2105559405158547,0.5169885272375916,0.2961011337258344,0.1686274509803921,0.4352941176470588,1.0,0.0363296508789062,0.2306588587828257,0.2231742200758317,0.5843137254901961,0.8680747616634982,0.0212859165801053,0.3845456616016771
ISPY2-301968,0,320.0,150.0,6.0,0.0,2.0,5.0,1.2,0.7813,40.0,72.0,187.0,254.0,162.0,230.0,17.053696335467997,45.0,0.0,0.0,1.0,1.0,0.0,HRposHER2neg,0.0,0.0,1.0,spy2,0,train,10,14,23,1,33.0,68.0,69.0,250.016,2.893350446942108,10,0.840850830078125,0.0665127623314951,0.2911321790461151,0.1935880058760457,0.1098039215686274,0.2078431372549019,0.6235294117647059,0.0,0.0928579711914062,0.4205089767450604,0.3066238517752434,0.1137254901960784,0.3058823529411765,1.0,0.02059326171875,0.1038926008635876,0.4648172879890211,0.3202958656159103,0.1176470588235294,0.3647058823529411,1.0,0.023846435546875,0.1293767976989453,0.137473079363238,0.3568627450980392,0.8637008628954937,0.0443083112439606,0.1851198465963566
ISPY2-771813,0,256.0,64.0,7.0,0.0,2.0,6.0,2.5,0.8999999762,24.0,35.0,79.0,126.0,91.0,125.0,6.585299651710806,49.0,0.0,1.0,0.0,0.0,0.0,TripleNeg,1.0,0.0,0.0,spy2,0,train,10,2,11,0,12.0,48.0,35.0,230.3999939072,2.026212117848876,10,0.7468338012695312,0.0744209498985141,0.236150072119376,0.0972913679795097,0.1176470588235294,0.2274509803921568,0.3686274509803922,0.0,0.160699462890625,0.504224877727965,0.2892157942065949,0.1490196078431372,0.4549019607843137,0.9450980392156862,0.018157958984375,0.157244083180147,0.477105486922491,0.2644071750995083,0.1294117647058823,0.4549019607843137,0.8431372549019608,0.005938720703125,0.2680748056085889,0.2507101945361507,0.6549019607843137,0.881559834855197,-0.0271193908054738,0.5380104270258868
ISPY2-567907,0,320.0,136.0,6.0,0.0,2.0,5.0,1.2,0.7031,40.0,77.0,222.0,282.0,121.0,185.0,12.565576126823997,52.0,0.0,1.0,0.0,1.0,0.0,HRposHER2neg,0.0,0.0,1.0,spy2,0,train,10,15,25,3,38.0,61.0,65.0,224.992,2.607535416777304,10,0.718621826171875,0.0938821411132812,0.2652207578330783,0.1570683585726626,0.1137254901960784,0.2,0.5294117647058824,3.0517578125e-06,0.1533332615272671,0.4125875156465918,0.276026896607643,0.1176470588235294,0.3294117647058823,0.8627450980392157,0.0175674438476562,0.1580538521560968,0.4148420071701052,0.3159027409987787,0.0823529411764705,0.2980392156862745,0.992156862745098,0.027667236328125,0.1473667578135134,0.1662487423617545,0.4,0.8113164573436585,0.0022544915235133,0.4553100800416477
ISPY2-225836,0,256.0,80.0,8.0,0.0,2.0,5.0,2.0,0.6055,21.0,44.0,70.0,147.0,93.0,157.0,9.392333744500002,70.0,1.0,1.0,0.0,0.0,0.0,TripleNeg,1.0,0.0,0.0,spy2,0,train,10,11,20,0,24.0,78.0,65.0,155.008,2.3410683943741613,10,0.6351425170898437,0.1232950906192555,0.2992935082051205,0.1849024291910597,0.1176470588235294,0.2392156862745098,0.5647058823529412,0.000189208984375,0.1759391575233609,0.4168464610587348,0.247989257686925,0.1647058823529411,0.3450980392156862,0.8313725490196079,0.0200836181640625,0.198423755122166,0.4687592534598663,0.2562454297723607,0.192156862745098,0.403921568627451,0.9372549019607844,0.027935791015625,0.1175529528536142,0.1443635233784668,0.3137254901960784,0.8374032361268522,0.0519127924011315,0.289034891452995
ISPY2-983841,1,256.0,134.0,6.0,0.0,2.0,5.0,1.2,0.7422,48.0,78.0,123.0,177.0,105.0,163.0,7.048594964304,52.0,1.0,1.0,0.0,0.0,0.0,TripleNeg,1.0,0.0,0.0,spy2,0,train,10,10,19,3,31.0,55.0,59.0,190.0032,2.0854975376010625,10,0.7756881713867188,0.0757130701401654,0.2434878098717464,0.1620267668940339,0.1058823529411764,0.1843137254901961,0.4274509803921568,3.814697265625e-05,0.1234261247223498,0.407158726760661,0.3094274574778919,0.0705882352941176,0.3333333333333333,1.0,0.0228759765625,0.1283154596066942,0.4189415726155773,0.3010921215555543,0.0705882352941176,0.3686274509803922,0.9529411764705882,0.019598388671875,0.1636709168889146,0.2082270227009691,0.4980392156862745,0.7373558722492433,0.0117828458549162,0.3360021767967076
ISPY2-209397,0,256.0,134.0,6.0,0.0,2.0,5.0,1.2,0.7031,61.0,104.0,100.0,198.0,85.0,165.0,22.728613149048,45.0,0.0,1.0,0.0,1.0,0.0,HRposHER2neg,0.0,0.0,1.0,spy2,0,train,10,17,26,4,44.0,99.0,81.0,179.9936,3.1666816258004156,10,0.5765792846679687,0.1074805166207107,0.2209941914803998,0.1121462460631132,0.1137254901960784,0.1803921568627451,0.4,0.0,0.205278948615579,0.4046955574148734,0.2420735242228989,0.1333333333333333,0.3647058823529411,0.7529411764705882,0.0146881103515625,0.2176115507238051,0.4305474301665832,0.2478634660072075,0.1607843137254902,0.3803921568627451,0.8156862745098039,0.0223358154296875,0.1837013659344736,0.1970832992163511,0.4901960784313725,0.8543963271145578,0.0258518727517097,0.3282749474761525
ACRIN-6698-412772,0,256.0,80.0,8.0,0.0,2.0,6.0,2.0,0.703125,31.0,47.0,141.0,181.0,107.0,143.0,5.96129150390625,62.0,1.0,1.0,0.0,0.0,0.0,TripleNeg,1.0,0.0,0.0,spy2,1,test,10,5,14,-1,17.0,41.0,37.0,180.0,1.9403650180381034,10,0.429425048828125,0.1910566980698529,0.3186037285168552,0.1220534868720878,0.1725490196078431,0.3098039215686274,0.4627450980392157,0.0007247924804687,0.2698599303002451,0.4402963168515697,0.1899579152026966,0.2470588235294117,0.403921568627451,0.6901960784313725,0.0232284545898437,0.283448366651348,0.4687137202045543,0.1841008289052399,0.2666666666666666,0.4392156862745098,0.7294117647058823,0.0165679931640625,0.1216925883347145,0.159822808504581,0.2627450980392157,0.9160542558540056,0.0284174033529845,0.2211525090123338
ISPY2-460776,1,256.0,70.0,8.0,0.0,2.0,5.0,2.3,0.6836,22.0,29.0,94.0,130.0,77.0,110.0,1.36500947216,61.0,1.0,1.0,0.0,1.0,0.0,HRposHER2neg,0.0,0.0,1.0,spy2,0,train,10,1,10,2,8.0,37.0,34.0,175.0016,0.8607820270775247,10,0.5959686279296875,0.1194267302868413,0.26769697704828,0.1870722439073564,0.1137254901960784,0.192156862745098,0.5490196078431373,0.0022476196289062,0.1594317267922794,0.3464468902227074,0.2196479129500701,0.1490196078431372,0.2666666666666666,0.6941176470588235,0.0106048583984375,0.1726328053193934,0.3755733338783535,0.2293292217633279,0.1647058823529411,0.2941176470588235,0.7490196078431373,0.0138031005859375,0.0787499131744273,0.0983848928570137,0.1843137254901961,0.8548865876594685,0.0291264436556461,0.2724917480531448
ISPY2-840501,1,256.0,160.0,7.0,0.0,2.0,5.0,1.2999999523,1.25,55.0,105.0,76.0,126.0,182.0,227.0,39.07718606616782,33.0,0.0,1.0,0.0,0.0,0.0,TripleNeg,1.0,0.0,0.0,spy2,1,test,10,24,34,-1,51.0,51.0,46.0,320.0,3.6908072463819726,10,0.68955078125,0.1141828589345894,0.3076217279141918,0.1681359894944128,0.1294117647058823,0.2666666666666666,0.5529411764705883,0.001092529296875,0.183727985456878,0.4926685694724571,0.2449729401952135,0.192156862745098,0.4549019607843137,0.8666666666666667,0.01826171875,0.1835832962335324,0.4963476807048708,0.2497827387318737,0.1843137254901961,0.4588235294117647,0.9019607843137256,0.021490478515625,0.1850468415582653,0.1706760304736926,0.4392156862745098,0.9168075652720982,0.0036791112324136,0.4616477272727273
ISPY2-932200,0,256.0,80.0,7.0,0.0,2.0,5.0,2.0,0.625,30.0,54.0,55.0,139.0,61.0,157.0,66.2109375,24.0,0.0,1.0,0.0,1.0,0.0,HRposHER2neg,0.0,0.0,1.0,spy2,0,train,10,9,18,0,25.0,85.0,97.0,160.0,4.207835994701731,10,0.5836395263671875,0.1208525893267463,0.2583780187732741,0.1019438107616354,0.1254901960784313,0.2588235294117647,0.3843137254901961,0.0,0.2447885730219822,0.5218318752449489,0.2665771264067922,0.188235294117647,0.4862745098039215,0.8980392156862745,0.0184112548828125,0.2454806339039522,0.5084460906833104,0.260089220665623,0.1764705882352941,0.4862745098039215,0.8588235294117647,0.0172988891601562,0.2634538564716747,0.2028775500554588,0.5450980392156862,0.9178277982599518,-0.0133857845616386,0.464667639060931
ACRIN-6698-856159,0,256.0,80.0,8.0,0.0,2.0,6.0,2.0,0.6055,22.0,35.0,123.0,165.0,145.0,184.0,1.853682544,46.0,0.0,1.0,0.0,1.0,1.0,HER2pos,0.0,1.0,0.0,spy2,0,train,10,4,13,3,14.0,43.0,40.0,155.008,1.0486102809127613,10,0.4525619506835937,0.1910849118700214,0.3323348865201865,0.150683954967888,0.1450980392156863,0.3215686274509804,0.5254901960784314,4.57763671875e-05,0.2811518650428921,0.4793400680179868,0.2303616656708011,0.192156862745098,0.4549019607843137,0.8117647058823529,0.0167495727539062,0.2819358197380515,0.4853823195754502,0.2175208874755979,0.2,0.4784313725490196,0.7843137254901961,0.0109603881835937,0.1470051814978003,0.1779543619243661,0.392156862745098,0.8162661768435957,0.0060422515574634,0.4048789053680781
ISPY2-299840,0,256.0,64.0,7.0,0.0,2.0,6.0,2.5,0.6071428656578,18.0,44.0,80.0,205.0,92.0,165.0,13.697089032151888,36.0,0.0,1.0,0.0,0.0,0.0,TripleNeg,1.0,0.0,0.0,spy2,0,train,10,9,24,1,27.0,126.0,74.0,155.4285736083968,2.6876494491514658,10,0.7171859741210938,0.0996302585975796,0.2840754099800107,0.1628512326607085,0.1137254901960784,0.2392156862745098,0.5294117647058824,0.0002334594726562,0.1579748654833027,0.4260888993974671,0.2649544332566744,0.1215686274509803,0.388235294117647,0.8352941176470589,0.017431640625,0.1784719310087316,0.469376927711385,0.2881825544196536,0.1215686274509803,0.4431372549019607,0.9686274509803922,0.025823974609375,0.1420134894174562,0.1628880377705175,0.3647058823529411,0.8182200760743479,0.043288028313918,0.2699776093231541
ISPY2-267306,1,256.0,200.0,7.0,0.0,2.0,5.0,0.800001,0.625,74.0,178.0,45.0,206.0,76.0,205.0,53.55725444648437,56.0,1.0,1.0,0.0,0.0,0.0,TripleNeg,1.0,0.0,0.0,spy2,0,train,10,42,57,2,105.0,162.0,130.0,160.0,3.999250690540367,10,0.5441802978515625,0.1167475861194087,0.2433597422150772,0.1261590174244869,0.1372549019607843,0.2078431372549019,0.403921568627451,0.0004592895507812,0.1880038511986826,0.3935593020976794,0.2196096985672448,0.2078431372549019,0.3137254901960784,0.7568627450980392,0.025439453125,0.1916181915881586,0.4017104926502915,0.2366763757785707,0.2,0.3137254901960784,0.8352941176470589,0.0313629150390625,0.1501995598826021,0.1382682859890443,0.3450980392156862,0.9499574861244084,0.0081511905526121,0.3952016228918809
ISPY2-466267,1,384.0,160.0,7.0,0.0,2.0,5.0,1.0,0.7291666865,15.0,41.0,143.0,179.0,67.0,110.0,4.12905838434299,51.0,1.0,1.0,0.0,0.0,0.0,TripleNeg,1.0,0.0,0.0,spy2,0,train,10,9,18,1,27.0,37.0,44.0,280.000007616,1.6349220915248333,10,0.67655029296875,0.1105543966854319,0.2958890832628481,0.1758508741095611,0.1411764705882353,0.2470588235294117,0.5098039215686274,0.0031661987304687,0.1446526441387101,0.3923650809155605,0.2295230058550943,0.1607843137254902,0.3294117647058823,0.7215686274509804,0.0160629272460937,0.1482525694604013,0.4016769748998591,0.2307941264845081,0.1725490196078431,0.3450980392156862,0.7294117647058823,0.0201934814453125,0.0964759976527124,0.1327061534165493,0.2901960784313726,0.7357908442465185,0.0093118939842986,0.4138628901385062
ISPY2-934906,0,256.0,80.0,8.0,0.0,2.0,6.0,2.0,0.6641,25.0,66.0,55.0,174.0,85.0,192.0,72.60128064458002,32.0,0.0,1.0,0.0,0.0,0.0,TripleNeg,1.0,0.0,0.0,spy2,0,train,10,18,29,3,42.0,120.0,108.0,170.0096,4.29866242564568,10,0.716748046875,0.088628833247166,0.2704885440644108,0.1359643150084953,0.1137254901960784,0.2509803921568627,0.4588235294117647,3.0517578125e-06,0.1391808423808976,0.4250224564054203,0.2625440433906854,0.1529411764705882,0.3529411764705882,0.8549019607843137,0.01060791015625,0.1571736653645833,0.4746734842876988,0.271156131223084,0.1686274509803921,0.4235294117647059,0.9058823529411764,0.0164886474609375,0.1545339123410095,0.1587879722350066,0.4274509803921568,0.948090846405792,0.0496510278822785,0.2102439234614721
ISPY2-129837,0,256.0,134.0,6.0,0.0,2.0,5.0,1.2000021583,0.742200017,35.0,104.0,29.0,182.0,58.0,194.0,15.506540901769398,67.0,1.0,1.0,0.0,0.0,0.0,TripleNeg,1.0,0.0,0.0,spy2,0,train,10,25,34,0,70.0,154.0,137.0,190.003204352,2.803756720642619,10,0.472711181640625,0.1485862402822457,0.267883637116339,0.1474732607095359,0.1254901960784313,0.2352941176470588,0.4392156862745098,0.0030364990234375,0.1904071762982536,0.3430039349142442,0.1980069032338429,0.1568627450980392,0.2941176470588235,0.592156862745098,0.0152359008789062,0.2139008406096813,0.3851563945136805,0.213609471449807,0.1686274509803921,0.3372549019607843,0.6784313725490196,0.0214675903320312,0.0751202977979051,0.0946519437698984,0.1686274509803921,0.8633596092185528,0.0421524595994363,0.1756867034760565
ISPY2-862244,0,384.0,66.0,7.0,0.0,2.0,6.0,2.4,0.6445,20.0,58.0,139.0,321.0,254.0,336.0,52.0876864374,60.0,1.0,1.0,0.0,0.0,1.0,HER2pos,0.0,1.0,0.0,spy2,0,train,10,15,24,2,39.0,183.0,83.0,247.488,3.9719450075220855,10,0.2925247192382812,0.1558427818148744,0.2141787849980637,0.0651673021496802,0.1490196078431372,0.2039215686274509,0.2862745098039215,3.0517578125e-06,0.2274288222369025,0.3096922165213769,0.1721903169383078,0.1607843137254902,0.2627450980392157,0.5294117647058824,0.010107421875,0.2406697411630668,0.3284452585005092,0.1749771685142309,0.1647058823529411,0.2823529411764706,0.5647058823529412,0.0078857421875,0.0955134315233132,0.1400130512132177,0.2627450980392157,0.821969541745839,0.0187530419791322,0.2887322576679442
ISPY2-455828,1,256.0,64.0,7.0,0.0,2.0,5.0,2.5,0.625,15.0,51.0,35.0,208.0,65.0,150.0,34.814453125,50.0,0.0,1.0,0.0,1.0,0.0,HRposHER2neg,0.0,0.0,1.0,spy2,0,train,10,20,29,2,37.0,174.0,86.0,160.0,3.5783515305096567,10,0.55428466796875,0.1244343536975337,0.2592338318396402,0.1280143780171075,0.1215686274509803,0.2313725490196078,0.4117647058823529,8.697509765625e-05,0.2138014430625766,0.4434144191459072,0.2503278666229194,0.192156862745098,0.3647058823529411,0.8941176470588236,0.0330322265625,0.2228446332146139,0.4613498925711659,0.2366713290247243,0.2078431372549019,0.403921568627451,0.8588235294117647,0.0212936401367187,0.1841805873062669,0.193727120633334,0.5411764705882353,0.947532385725632,0.0179354734252586,0.2696060307287815
ISPY2-239061,0,448.0,200.0,7.0,0.0,2.0,5.0,0.800001,0.625,84.0,152.0,204.0,281.0,82.0,157.0,17.125333906640627,70.0,1.0,0.0,1.0,0.0,0.0,TripleNeg,1.0,0.0,0.0,spy2,0,train,10,31,40,0,69.0,78.0,76.0,280.0,2.8973106230063923,10,0.4873794555664062,0.1401067397173713,0.2538730759113388,0.1161481703110168,0.1372549019607843,0.2313725490196078,0.396078431372549,0.0006210327148437,0.2292770505418964,0.4085942038349314,0.2023758179660203,0.2196078431372549,0.3568627450980392,0.6784313725490196,0.0225555419921875,0.2443512262082567,0.4360901137484977,0.2146827156372546,0.2352941176470588,0.3725490196078431,0.7568627450980392,0.0291061401367187,0.1547211279235925,0.1535737051941658,0.3647058823529411,0.8978541513494528,0.0274959099135664,0.3280270039380743
ISPY2-974618,1,256.0,64.0,8.0,0.0,2.0,5.0,2.5,0.7031,32.0,56.0,94.0,190.0,128.0,195.0,11.889108120499998,67.0,1.0,1.0,0.0,0.0,0.0,TripleNeg,1.0,0.0,0.0,spy2,1,test,10,8,17,-1,25.0,97.0,68.0,179.9936,2.556382622974626,10,0.492230224609375,0.1639613252527573,0.3034934358872105,0.1419896921026058,0.1647058823529411,0.2705882352941176,0.4784313725490196,0.0001388549804687,0.2148913813572304,0.39672903286782,0.2167923203658788,0.188235294117647,0.3333333333333333,0.7411764705882353,0.0176864624023437,0.2191833735447304,0.401427321256054,0.223877890381088,0.1803921568627451,0.3411764705882353,0.7372549019607844,0.0230239868164062,0.0932355969806094,0.1592402622868962,0.2862745098039215,0.7232279158102244,0.004698288388234,0.4388710588631255
ISPY2-815493,1,256.0,64.0,7.0,0.0,2.0,6.0,2.5,0.625,25.0,52.0,67.0,201.0,117.0,186.0,15.5927734375,37.0,0.0,1.0,0.0,0.0,0.0,TripleNeg,1.0,0.0,0.0,spy2,0,train,10,12,21,3,28.0,135.0,70.0,160.0,2.8089672654863054,10,0.6881683349609375,0.1049134258195465,0.2950142682218462,0.143273287091187,0.1215686274509803,0.2784313725490196,0.4980392156862745,0.0,0.168105073816636,0.4609656912157607,0.2752239201710835,0.1254901960784313,0.4235294117647059,0.9294117647058824,0.0206298828125,0.1805090511546415,0.4715824533589088,0.2645519917041911,0.1176470588235294,0.4666666666666667,0.8745098039215686,0.0129989624023437,0.1659514229939145,0.2067205571360495,0.4901960784313725,0.8119562345250095,0.0106167621431481,0.4060001370117732
ISPY2-797427,0,256.0,80.0,9.0,0.0,2.0,5.0,2.0,0.625,34.0,42.0,55.0,91.0,129.0,156.0,1.48359375,52.0,1.0,1.0,0.0,1.0,1.0,HER2pos,0.0,1.0,0.0,spy2,0,train,10,1,10,4,9.0,37.0,28.0,160.0,0.9097066039971399,10,0.6285598754882813,0.1506574683095894,0.3795566364180363,0.2309778833996033,0.1294117647058823,0.3137254901960784,0.7372549019607844,0.0030975341796875,0.1723042207605698,0.4283953227673763,0.2390983462261058,0.1647058823529411,0.3725490196078431,0.792156862745098,0.0101791381835937,0.1887505804323682,0.4677336854298712,0.2454560930874001,0.196078431372549,0.4117647058823529,0.8549019607843137,0.0160995483398437,0.0488386863493399,0.0803432002328796,0.1372549019607843,0.7554913793457587,0.0393383626624948,0.1998463605105432
ISPY2-254273,0,384.0,144.0,6.0,0.0,2.0,5.0,1.2000000477,0.98958333333333,41.0,64.0,144.0,173.0,51.0,84.0,1.7638705128221714,51.0,0.0,1.0,0.0,1.0,1.0,HER2pos,0.0,1.0,0.0,spy2,0,train,10,10,19,1,24.0,30.0,34.0,379.99999999999875,1.0166320570591807,10,0.4217330932617187,0.2076959707222732,0.3402560366579998,0.2022474664279872,0.1450980392156863,0.2784313725490196,0.6392156862745098,0.00706787109375,0.2659740253523284,0.4341476445396312,0.1997465771731272,0.2156862745098039,0.392156862745098,0.7176470588235294,0.0122833251953125,0.2655846928615196,0.4332659323911688,0.2063036535459827,0.2156862745098039,0.388235294117647,0.7372549019607844,0.01524658203125,0.0938916078816313,0.1099700813385648,0.2313725490196078,0.851131874830133,-0.0008817121484623,0.4470793433833017
ACRIN-6698-690089,0,256.0,72.0,7.0,0.0,2.0,6.0,2.2,0.7031,32.0,48.0,140.0,207.0,57.0,117.0,5.156165302222,43.0,0.0,1.0,0.0,0.0,0.0,TripleNeg,1.0,0.0,0.0,spy2,0,train,10,5,14,4,17.0,68.0,61.0,179.9936,1.817454067828919,10,0.5640655517578125,0.1711892999387254,0.3736226487766906,0.1507844994602121,0.2196078431372549,0.3333333333333333,0.6352941176470588,0.0,0.2311239324831495,0.4879712243883041,0.2096137220933518,0.2784313725490196,0.4196078431372549,0.792156862745098,0.0145584106445312,0.2430258956609987,0.5100260981274768,0.2196331421260864,0.2901960784313726,0.4470588235294118,0.8352941176470589,0.0176528930664062,0.1143485756116135,0.1331786429618083,0.2862745098039215,0.885734387141487,0.0220548737391727,0.3837952494627119
ISPY2-597253,0,256.0,160.0,7.0,0.0,2.0,5.0,1.0,0.5625,38.0,100.0,21.0,161.0,42.0,185.0,4.00728515625,59.0,1.0,1.0,0.0,1.0,0.0,HRposHER2neg,0.0,0.0,1.0,spy2,0,train,10,31,43,3,63.0,141.0,144.0,144.0,1.6108938832440065,10,0.625579833984375,0.1441660443474264,0.3573010408825687,0.204548780451114,0.1254901960784313,0.3098039215686274,0.6666666666666666,0.0004806518554687,0.1871254715265012,0.4265706970700905,0.2573758638527977,0.0941176470588235,0.4,0.788235294117647,0.0153121948242187,0.2116536937040441,0.4715076416090929,0.2741030681468067,0.1058823529411764,0.4549019607843137,0.8784313725490196,0.0243392944335937,0.0692696561875218,0.1625064306255781,0.2705882352941176,0.6626171652131388,0.0449369445390023,0.2406308582606569
ISPY2-491526,0,256.0,80.0,8.0,0.0,2.0,5.0,2.0,0.625,23.0,56.0,57.0,222.0,79.0,159.0,7.140625,71.0,1.0,1.0,0.0,1.0,0.0,HRposHER2neg,0.0,0.0,1.0,spy2,0,train,10,20,29,4,34.0,166.0,81.0,160.0,2.096866958393695,10,0.7433624267578125,0.0717622405407475,0.1910028690708104,0.0854635724046041,0.1058823529411764,0.1607843137254902,0.3137254901960784,0.0,0.1261562511967677,0.3335465142713247,0.2551095215635287,0.1137254901960784,0.2431372549019607,0.7764705882352941,0.0166015625,0.128798786238128,0.3425762647052994,0.2455662336685846,0.1176470588235294,0.2588235294117647,0.7568627450980392,0.00985107421875,0.1425436452005143,0.2164330715398255,0.5176470588235295,0.807289375111481,0.0090297504339746,0.337903561448362
ACRIN-6698-598835,0,256.0,134.0,7.0,0.0,2.0,5.0,1.2000000477,0.625,66.0,98.0,103.0,176.0,158.0,212.0,24.28546971534738,41.0,0.0,0.0,0.0,0.0,1.0,HER2pos,0.0,1.0,0.0,spy2,0,train,10,14,23,1,33.0,74.0,55.0,160.0,3.2302299111973416,10,0.6221054077148438,0.0964982515222886,0.2375892907545199,0.121898658015379,0.1137254901960784,0.2,0.4,0.0,0.148170441272212,0.366154106086161,0.2423586480986942,0.1607843137254902,0.2784313725490196,0.7803921568627451,0.0254898071289062,0.1641107417087929,0.4027027576961083,0.2517479959427209,0.1686274509803921,0.3098039215686274,0.8705882352941177,0.0217071533203125,0.1285648153316411,0.1610841816151058,0.3647058823529411,0.9643418114569748,0.0365486516099472,0.1700456680005007
ISPY2-103693,0,256.0,80.0,8.0,0.0,2.0,5.0,2.0,0.5664,19.0,34.0,146.0,194.0,103.0,156.0,5.70847463424,59.0,1.0,1.0,0.0,1.0,0.0,HRposHER2neg,0.0,0.0,1.0,spy2,0,train,10,5,14,0,16.0,49.0,54.0,144.9984,1.9033715979038777,10,0.4722702026367187,0.1299167707854626,0.2234896351464747,0.0851231526525684,0.1176470588235294,0.2156862745098039,0.3411764705882353,0.0,0.2863653803806679,0.4894115787490582,0.2720095984165505,0.1529411764705882,0.4549019607843137,0.9058823529411764,0.0251144409179687,0.2679933914483762,0.4595832310712536,0.2267917451656924,0.1725490196078431,0.4470588235294118,0.788235294117647,0.0040252685546875,0.2659219436025835,0.2319900093850478,0.6196078431372549,0.9142815011001784,-0.0298283476778046,0.4942157506223743
ACRIN-6698-839274,0,256.0,160.0,7.0,0.0,2.0,6.0,1.0,0.64285713434219,37.0,109.0,74.0,225.0,82.0,195.0,78.27781935491647,68.0,1.0,1.0,0.0,1.0,1.0,HER2pos,0.0,1.0,0.0,spy2,0,train,10,33,42,1,73.0,152.0,114.0,164.57142639160065,4.372958384029375,10,0.5183120727539062,0.1524217313878676,0.288474585346035,0.1584496782484837,0.1254901960784313,0.2470588235294117,0.5137254901960784,0.0009597778320312,0.2209399473900888,0.4141298038606977,0.280241684358627,0.1294117647058823,0.3137254901960784,0.8901960784313725,0.0246734619140625,0.2451829319374234,0.4547907905207008,0.2800560840649457,0.1490196078431372,0.3686274509803922,0.9098039215686274,0.0260772705078125,0.1256552185146627,0.1977029775149469,0.4941176470588235,0.7299471931930854,0.0406609866600031,0.3222862464718907
ISPY2-136536,1,256.0,64.0,7.0,0.0,2.0,6.0,2.5,0.8999999762,14.0,25.0,96.0,130.0,106.0,143.0,3.1832998316388026,42.0,0.0,0.0,0.0,0.0,0.0,TripleNeg,1.0,0.0,0.0,spy2,0,train,10,4,13,3,12.0,35.0,38.0,230.3999939072,1.4311003685044212,10,0.5521347045898437,0.1602380131740196,0.3327842177949428,0.1513882566041181,0.1294117647058823,0.3333333333333333,0.5294117647058824,0.0,0.2508691884957107,0.5074591278082816,0.2780381988580654,0.1333333333333333,0.4901960784313725,0.8901960784313725,0.0173446655273437,0.2469115732230392,0.4949153670115022,0.2487484822182836,0.1450980392156863,0.5058823529411764,0.8156862745098039,0.0059555053710937,0.1746749100133387,0.1963283544781197,0.4470588235294118,0.7992082122427286,-0.0125437607967793,0.46494363111685
ISPY2-157463,0,256.0,80.0,8.0,0.0,2.0,5.0,2.0,0.6445,17.0,67.0,66.0,203.0,58.0,168.0,12.371685365999998,44.0,0.0,1.0,0.0,1.0,0.0,HRposHER2neg,0.0,0.0,1.0,spy2,0,train,10,26,46,3,51.0,138.0,111.0,164.992,2.593139438966047,10,0.4629257202148438,0.1845336854224111,0.3367038409985233,0.0960231064356865,0.2313725490196078,0.3254901960784314,0.4588235294117647,0.0,0.2600409653607537,0.4708138962065647,0.2205580739977541,0.2666666666666666,0.403921568627451,0.8588235294117647,0.0284698486328125,0.2597601797066483,0.4725150434573293,0.1905692236681035,0.2862745098039215,0.4196078431372549,0.7647058823529411,0.0129486083984375,0.1341100552080414,0.1954194439083564,0.4745098039215686,0.7961514530779,0.0017011472507645,0.3838489446753623
ISPY2-570148,0,256.0,80.0,9.0,0.0,2.0,5.0,2.0,0.6641,10.0,51.0,99.0,209.0,87.0,198.0,29.749157349740003,44.0,0.0,1.0,0.0,1.0,1.0,HER2pos,0.0,1.0,0.0,spy2,0,train,10,23,32,1,42.0,111.0,112.0,170.0096,3.425862590616563,10,0.6532363891601562,0.1053555956073835,0.2548378710794344,0.1228739302873972,0.1176470588235294,0.2313725490196078,0.4274509803921568,0.0,0.1819861139035692,0.4261893070796777,0.2754198273915716,0.1254901960784313,0.3568627450980392,0.9254901960784314,0.02811279296875,0.1853694302428002,0.4334612280150008,0.275184686840789,0.1215686274509803,0.3686274509803922,0.8862745098039215,0.0190261840820312,0.1713514360002433,0.2101872549532194,0.5019607843137255,0.7988735121339464,0.0072719209353231,0.4355239708697278
ISPY2-882538,1,384.0,160.0,7.0,0.0,2.0,6.0,1.0,0.9375,34.0,78.0,186.0,235.0,52.0,108.0,31.6916015625,56.0,1.0,1.0,0.0,0.0,0.0,TripleNeg,1.0,0.0,0.0,spy2,1,test,10,17,27,-1,45.0,50.0,57.0,360.0,3.4871182119649067,10,0.5695663452148437,0.1297674620385263,0.2460529526941816,0.1351839678505938,0.1137254901960784,0.2235294117647059,0.3843137254901961,0.001519775390625,0.221781161439185,0.4080887835496779,0.2104888103407838,0.1843137254901961,0.3764705882352941,0.7098039215686275,0.01497802734375,0.2331970334520527,0.4383018459130441,0.2299020418010251,0.192156862745098,0.396078431372549,0.803921568627451,0.02176513671875,0.1620358308554962,0.1513381297068551,0.3254901960784314,0.9420005742868386,0.0302130623633661,0.2751613852365743
ISPY2-151230,0,256.0,80.0,8.0,0.0,2.0,6.0,2.0,0.703125,21.0,75.0,24.0,188.0,80.0,214.0,44.878271484375,45.0,0.0,0.0,1.0,1.0,1.0,HER2pos,0.0,1.0,0.0,spy2,0,train,10,15,24,0,55.0,165.0,135.0,180.0,3.8259916168429817,10,0.4169189453124999,0.2094112321442248,0.344489065567189,0.1243919077616752,0.1764705882352941,0.3450980392156862,0.4862745098039215,7.476806640625e-05,0.3181063782935049,0.5239575610841414,0.2220526377327794,0.3019607843137254,0.4588235294117647,0.9450980392156862,0.0459762573242187,0.3165856813916973,0.5232160684480633,0.1987590401777307,0.3137254901960784,0.4784313725490196,0.8313725490196079,0.0287643432617187,0.1794684955169523,0.2491928340346464,0.6039215686274509,0.8270736507138969,-0.000741492636078,0.3711505045429804
ISPY2-380972,0,256.0,80.0,8.0,0.0,2.0,6.0,2.0,0.5859,11.0,29.0,55.0,139.0,113.0,179.0,7.221213047159999,28.0,0.0,1.0,0.0,1.0,0.0,HRposHER2neg,0.0,0.0,1.0,spy2,0,train,10,8,17,1,19.0,85.0,67.0,149.9904,2.1067177708275184,10,0.582275390625,0.1570760629691329,0.3592144400132934,0.1674276043382279,0.1490196078431372,0.3450980392156862,0.611764705882353,9.1552734375e-06,0.2231098489200367,0.510929739517081,0.27234019054459,0.1843137254901961,0.4431372549019607,0.9529411764705882,0.0270706176757812,0.2315874107211244,0.525033133358545,0.23554239614721,0.2235294117647059,0.4901960784313725,0.8666666666666667,0.0112869262695312,0.1517152995037874,0.1565265987789829,0.3843137254901961,0.8517204850964348,0.0141033938414641,0.3642789304500292
ISPY2-666450,0,256.0,80.0,9.0,0.0,2.0,5.0,2.0,0.625,10.0,60.0,81.0,235.0,66.0,208.0,48.12578125,45.0,0.0,1.0,0.0,1.0,1.0,HER2pos,0.0,1.0,0.0,spy2,1,test,10,17,26,-1,51.0,155.0,143.0,160.0,3.894383973370857,10,0.5472869873046875,0.1574945487228094,0.3165804804513062,0.160294314747085,0.1254901960784313,0.2941176470588235,0.5333333333333333,0.0002731323242187,0.2370716528799019,0.4669595187159767,0.2547164842713022,0.1490196078431372,0.4470588235294118,0.8431372549019608,0.022052001953125,0.248619067622166,0.4915233368955118,0.2655152370655075,0.1568627450980392,0.4666666666666667,0.9215686274509804,0.0335739135742187,0.1503790382646705,0.1768343975346069,0.4,0.8103913175368229,0.0245638181795351,0.347965890323233
ISPY2-439489,0,256.0,66.0,7.0,0.0,2.0,6.0,2.4,0.5664,17.0,47.0,46.0,167.0,125.0,204.0,24.656606724096,41.0,0.0,1.0,0.0,1.0,0.0,HRposHER2neg,0.0,0.0,1.0,spy2,0,train,10,11,21,2,31.0,122.0,80.0,144.9984,3.2448011105402954,10,0.4704193115234375,0.1702347819010417,0.3084258709678659,0.1019310506716738,0.192156862745098,0.2901960784313726,0.4588235294117647,0.0,0.2319297940123315,0.4179856054953892,0.1965728114350401,0.2470588235294117,0.3568627450980392,0.6627450980392157,0.028216552734375,0.2449506871840533,0.4426480559780515,0.2090633554892038,0.2509803921568627,0.3725490196078431,0.7568627450980392,0.0287353515625,0.1095597345275233,0.1526602319753751,0.3098039215686274,0.8205269314770102,0.0246624504826623,0.3903868428483343
ISPY2-570380,0,256.0,134.0,6.0,0.0,2.0,5.0,1.2,0.6836,36.0,94.0,65.0,203.0,77.0,190.0,21.650797963968,44.0,0.0,1.0,0.0,0.0,0.0,TripleNeg,1.0,0.0,0.0,spy2,0,train,10,38,48,0,59.0,139.0,114.0,175.0016,3.1201950815057367,10,0.6179031372070313,0.1063459747912837,0.2406158941367059,0.14284603475736,0.1137254901960784,0.1843137254901961,0.4666666666666667,0.0,0.184607561896829,0.4061086867307792,0.2581887269193111,0.1450980392156863,0.3137254901960784,0.8117647058823529,0.0165664672851562,0.1979423911898744,0.440242750721735,0.2717878561888781,0.1647058823529411,0.3411764705882353,0.8980392156862745,0.0252456665039062,0.1654927925940733,0.174887558890447,0.4352941176470588,0.8885352480522022,0.0341340639909557,0.3167392806226563
ISPY2-133650,0,256.0,80.0,7.0,0.0,2.0,5.0,2.0,0.5859,12.0,33.0,35.0,110.0,50.0,125.0,14.71361635422,54.0,1.0,1.0,0.0,1.0,0.0,HRposHER2neg,0.0,0.0,1.0,spy2,0,train,10,7,16,0,22.0,76.0,76.0,149.9904,2.754527620189337,10,0.68802490234375,0.0991479372510723,0.2737609395990661,0.1451842411958812,0.1215686274509803,0.2313725490196078,0.5098039215686274,0.0,0.1440989056755514,0.3962101055157752,0.2569907666880807,0.1176470588235294,0.3294117647058823,0.8196078431372549,0.0231582641601562,0.1534324316884957,0.4232680774309176,0.2588324035875159,0.1294117647058823,0.3647058823529411,0.8627450980392157,0.0230087280273437,0.122449165916709,0.1712972824459913,0.3843137254901961,0.7487136596627147,0.0270579719151423,0.3847429275736588
ISPY2-502486,0,312.0,80.0,8.0,0.0,2.0,5.0,2.0,0.625,26.0,71.0,48.0,217.0,19.0,156.0,168.715625,28.0,0.0,1.0,0.0,0.0,0.0,TripleNeg,1.0,0.0,0.0,spy2,0,train,10,23,40,0,46.0,170.0,138.0,195.0,5.134124242250281,10,0.4965087890624999,0.135863312365962,0.2459095142202737,0.077918540403618,0.1254901960784313,0.2627450980392157,0.3333333333333333,0.0,0.2679395249310661,0.4726419816823592,0.2361586520464309,0.196078431372549,0.4274509803921568,0.8392156862745098,0.01243896484375,0.2798603491689644,0.4988725585273628,0.2340852220373047,0.2235294117647059,0.4588235294117647,0.8549019607843137,0.0121063232421875,0.2267324674620854,0.2047876890382143,0.5450980392156862,0.9067394414003782,0.0262305768450036,0.3704328904621054
ACRIN-6698-987914,0,256.0,72.0,7.0,0.0,2.0,6.0,2.2,0.7031,27.0,46.0,91.0,185.0,102.0,165.0,4.6515332203340005,57.0,1.0,0.0,1.0,0.0,0.0,TripleNeg,1.0,0.0,0.0,spy2,0,train,10,6,19,0,20.0,95.0,64.0,179.9936,1.731926874775936,10,0.46820068359375,0.2383605119293811,0.4373339251917914,0.1076900186130025,0.3411764705882353,0.4196078431372549,0.5647058823529412,0.0001754760742187,0.2805027441884957,0.5147385133325681,0.1510764757273414,0.3843137254901961,0.4784313725490196,0.7176470588235294,0.0117706298828125,0.2970226572074142,0.5467487617105834,0.1589620978760928,0.4117647058823529,0.5019607843137255,0.792156862745098,0.0200790405273437,0.0774045881407768,0.0935044398283442,0.1764705882352941,0.8579938023642832,0.0320102483780152,0.3070813726615402
ISPY2-437162,0,256.0,134.0,6.0,0.0,2.0,5.0,1.2,0.7031,47.0,70.0,166.0,210.0,124.0,169.0,9.387105874367998,45.0,0.0,1.0,0.0,1.0,1.0,HER2pos,0.0,1.0,0.0,spy2,0,train,10,10,19,1,24.0,45.0,46.0,179.9936,2.34056521716263,10,0.6148910522460938,0.1160910393210018,0.2603141092798234,0.1432763591176947,0.1176470588235294,0.2,0.4862745098039215,0.0,0.2143460083007812,0.4706839030162058,0.2646554484946948,0.1607843137254902,0.4392156862745098,0.8431372549019608,0.0167022705078125,0.2198551731483609,0.4900891922432542,0.2755743791020446,0.1803921568627451,0.4274509803921568,0.9411764705882352,0.0274993896484375,0.2103697937363823,0.1919727673872554,0.5019607843137255,0.9161915327773044,0.0194052892270484,0.3320799572082334
ACRIN-6698-255388,1,384.0,160.0,7.0,0.0,2.0,5.0,1.0,0.78125,38.0,79.0,142.0,191.0,60.0,100.0,5.2978515625,57.0,1.0,1.0,0.0,0.0,1.0,HER2pos,0.0,1.0,0.0,spy2,0,train,10,16,26,2,42.0,50.0,41.0,300.0,1.8402085534109243,10,0.60947265625,0.1160507680855545,0.2573810119196466,0.1540605159145443,0.1176470588235294,0.2117647058823529,0.4470588235294118,0.001837158203125,0.195445239497166,0.4387637350514099,0.2601108163207631,0.1490196078431372,0.3843137254901961,0.8549019607843137,0.020068359375,0.1926417750938266,0.4235916362669099,0.2545094168702117,0.1333333333333333,0.3843137254901961,0.796078431372549,0.0144332885742187,0.1813827231317633,0.2061503539628014,0.5176470588235295,0.855917104276069,-0.0151720987845,0.5347743185796449
ISPY2-377460,1,384.0,160.0,7.0,0.0,2.0,5.0,1.2000000477,0.78125,55.0,99.0,163.0,231.0,240.0,292.0,3.1809083295661007,53.0,1.0,0.0,0.0,0.0,1.0,HER2pos,0.0,1.0,0.0,spy2,0,train,10,21,32,4,45.0,69.0,53.0,300.0,1.4305285266535783,10,0.5313232421875,0.1330394131529565,0.2612085272719287,0.1237338248414431,0.1411764705882353,0.2235294117647059,0.4352941176470588,2.44140625e-05,0.2123898794136795,0.4153617625098693,0.2392247543607718,0.1843137254901961,0.3333333333333333,0.792156862745098,0.0196868896484375,0.2049323527018229,0.3996774797328422,0.2184154741172044,0.1803921568627451,0.3333333333333333,0.7215686274509804,0.008892822265625,0.1541532352379405,0.2001978519335776,0.4784313725490196,0.820001172058134,-0.015684282777027,0.4854274105328958
ISPY2-127675,0,256.0,134.0,6.0,0.0,2.0,5.0,1.2,0.7422,33.0,99.0,67.0,220.0,55.0,159.0,26.165008522656,59.0,1.0,1.0,0.0,0.0,0.0,TripleNeg,1.0,0.0,0.0,spy2,0,train,10,45,54,0,67.0,154.0,105.0,190.0032,3.3019296937400835,10,0.56806640625,0.1338321162205116,0.2734825311539944,0.1908044701344245,0.1137254901960784,0.188235294117647,0.5882352941176471,0.0017822265625,0.1939877379174326,0.3855844615711987,0.2716618722657544,0.1333333333333333,0.2784313725490196,0.8549019607843137,0.0299209594726562,0.2131696155024509,0.4268351043786269,0.2839604807790969,0.1490196078431372,0.3215686274509804,0.9725490196078432,0.0403732299804687,0.1121019304172041,0.1332290875272783,0.3137254901960784,0.8484837779787474,0.0412506428074282,0.2484279617906398
ISPY2-790722,0,256.0,80.0,8.0,0.0,2.0,5.0,2.0,0.6445,26.0,69.0,106.0,222.0,81.0,190.0,17.804859035999996,64.0,1.0,1.0,0.0,0.0,0.0,TripleNeg,1.0,0.0,0.0,spy2,0,train,10,23,32,2,44.0,117.0,110.0,164.992,2.9341152958027386,10,0.59827880859375,0.1148537549785539,0.2449407278180651,0.1174715379100799,0.1176470588235294,0.2156862745098039,0.4235294117647059,0.0,0.1906528128829656,0.3950696930752002,0.2542728370502365,0.1254901960784313,0.3294117647058823,0.796078431372549,0.016876220703125,0.1867545213886335,0.3887563089899121,0.234633574550733,0.1254901960784313,0.3450980392156862,0.7333333333333333,0.006097412109375,0.1501289652571351,0.1954023972060212,0.4431372549019607,0.8180930748427482,-0.006313384085288,0.4667947977756844
ISPY2-709559,0,256.0,80.0,4.0,0.0,1.0,3.0,2.0,0.5859,29.0,55.0,70.0,150.0,83.0,161.0,30.99876310062,48.0,0.0,1.0,0.0,1.0,0.0,HRposHER2neg,0.0,0.0,1.0,spy2,0,train,10,10,19,3,27.0,81.0,79.0,149.9904,3.465697248947051,10,0.6657516479492187,0.1123992740406709,0.3088875527750782,0.1096132940004095,0.1450980392156863,0.3254901960784314,0.4392156862745098,0.0,0.1707433543485753,0.4675650256724512,0.2370922024021652,0.196078431372549,0.4078431372549019,0.8392156862745098,0.0180633544921875,0.1838088989257812,0.4944829270881977,0.2054367683409864,0.2431372549019607,0.4588235294117647,0.788235294117647,0.0063766479492187,0.1586774728973729,0.198021702161614,0.4588235294117647,0.8716338055173862,0.0269179014157465,0.2731895933860755
ACRIN-6698-284443,0,256.0,80.0,8.0,0.0,2.0,6.0,2.0,0.6641,19.0,73.0,55.0,202.0,99.0,193.0,28.5654360237,46.0,0.0,1.0,0.0,1.0,1.0,HER2pos,0.0,1.0,0.0,spy2,0,train,10,21,34,3,55.0,148.0,95.0,170.0096,3.386605977132925,10,0.671392822265625,0.1021524706073835,0.2645991188689298,0.101762169331027,0.1215686274509803,0.2705882352941176,0.392156862745098,0.0,0.1782985073912377,0.4662599165485767,0.2777957303444249,0.1529411764705882,0.388235294117647,1.0,0.0343948364257812,0.1843629724839154,0.4856871376496883,0.247878540677139,0.1803921568627451,0.4352941176470588,0.8823529411764706,0.0101242065429687,0.2016607976796469,0.2245995296141262,0.6078431372549019,0.8850600865543565,0.0194272211011115,0.3609558127008302
ISPY2-923968,1,384.0,176.0,7.0,0.0,2.0,5.0,1.1000000238,0.8854166865,51.0,136.0,56.0,192.0,49.0,162.0,45.0384234023452,40.0,0.0,1.0,0.0,1.0,0.0,HRposHER2neg,0.0,0.0,1.0,spy2,0,train,10,30,39,1,86.0,137.0,114.0,340.000007616,3.8294763391827438,10,0.5841583251953125,0.1235734528186274,0.2631621404570429,0.1513804607133483,0.1254901960784313,0.2235294117647059,0.4549019607843137,0.0006912231445312,0.1915834374521293,0.4027984377961131,0.233833426344907,0.1764705882352941,0.3294117647058823,0.7725490196078432,0.02247314453125,0.2034915879193474,0.4266115138069934,0.2353858535491784,0.196078431372549,0.3607843137254902,0.8431372549019608,0.0275909423828125,0.1396362973390702,0.1558801341120999,0.4078431372549019,0.9131202160527804,0.0238130760108803,0.3260092615016549
ISPY2-477816,0,384.0,160.0,6.0,0.0,2.0,5.0,1.0,0.83333331346512,39.0,92.0,108.0,195.0,302.0,359.0,10.499305054909698,39.0,0.0,0.0,1.0,1.0,0.0,HRposHER2neg,0.0,0.0,1.0,spy2,1,test,10,26,45,-1,54.0,88.0,58.0,319.99999237060604,2.4422866035353854,10,0.6818252563476562,0.10803368063534,0.2658431370668342,0.1783824445902855,0.1137254901960784,0.2,0.5058823529411764,0.002435302734375,0.1601816932827818,0.3610923309852142,0.2479638760232464,0.0941176470588235,0.3058823529411765,0.7333333333333333,0.01573486328125,0.1637976792279411,0.3624150674565886,0.25935760992058,0.0823529411764705,0.3098039215686274,0.7647058823529411,0.018255615234375,0.0952491939183799,0.1796433788685912,0.3490196078431372,0.6689270522110695,0.0013227364713743,0.4643221960588723
ACRIN-6698-298101,0,256.0,80.0,7.0,0.0,2.0,5.0,2.0,0.5859,37.0,64.0,75.0,164.0,156.0,230.0,8.56274663664,71.0,1.0,1.0,0.0,1.0,1.0,HER2pos,0.0,1.0,0.0,spy2,0,train,10,10,19,0,28.0,90.0,75.0,149.9904,2.2578749908869726,10,0.551129150390625,0.1296416278913909,0.2459887279497415,0.1485930296623556,0.1176470588235294,0.192156862745098,0.4745098039215686,0.0,0.2042174036362591,0.3757170341587541,0.255877400473226,0.1254901960784313,0.2901960784313726,0.788235294117647,0.0228668212890625,0.2115382056142769,0.3917317813001491,0.2599597814859937,0.1294117647058823,0.3019607843137254,0.807843137254902,0.022589111328125,0.1297283062090125,0.1931372013888797,0.388235294117647,0.7661980066083788,0.0160147471413949,0.4017411582339583
ISPY2-151980,1,384.0,160.0,7.0,0.0,2.0,5.0,1.0,0.9895833135,60.0,103.0,122.0,176.0,279.0,329.0,10.773005753068388,46.0,0.0,1.0,0.0,1.0,0.0,HRposHER2neg,0.0,0.0,1.0,spy2,0,train,10,15,24,4,44.0,55.0,51.0,379.999992384,2.4658092627622437,10,0.6053176879882812,0.1228625667796415,0.2724872000072167,0.1587063008667405,0.1215686274509803,0.2392156862745098,0.4509803921568627,0.0018798828125,0.183439426796109,0.3659276893364562,0.2118971022100929,0.1568627450980392,0.3215686274509804,0.6470588235294118,0.0158615112304687,0.1846893729415594,0.3765507149279515,0.2254183192113254,0.1529411764705882,0.3254901960784314,0.7058823529411765,0.0217849731445312,0.0934404893292395,0.1467180075311619,0.2745098039215686,0.758384591295876,0.0106230255914953,0.4088085084996076
ACRIN-6698-115987,0,256.0,72.0,7.0,0.0,2.0,6.0,2.2,0.7031,44.0,68.0,73.0,184.0,62.0,116.0,15.616405309978,42.0,0.0,1.0,0.0,0.0,0.0,TripleNeg,1.0,0.0,0.0,spy2,0,train,10,8,19,4,25.0,112.0,55.0,179.9936,2.810390479028961,10,0.55185546875,0.1320949479645373,0.2770468276654745,0.105624399895996,0.1490196078431372,0.2588235294117647,0.4313725490196078,0.0,0.2245848233092065,0.4492224052401523,0.2186083268337594,0.2196078431372549,0.392156862745098,0.7725490196078432,0.0111495971679687,0.2231734690946691,0.4520031650707788,0.2233637392296023,0.2196078431372549,0.396078431372549,0.796078431372549,0.011798095703125,0.1721755775746777,0.1867365879623244,0.4470588235294118,0.8712886794508607,0.0027807598306265,0.4303906079755938
ACRIN-6698-804979,0,256.0,134.0,6.0,0.0,2.0,5.0,1.2,0.6641,63.0,97.0,65.0,129.0,134.0,187.0,7.663845837132,47.0,,0.0,0.0,1.0,0.0,HRposHER2neg,0.0,0.0,1.0,spy2,0,train,10,14,24,0,35.0,65.0,54.0,170.0096,2.15915871604223,10,0.6388839721679688,0.0986017862955729,0.2309803772434982,0.1612377811984316,0.1137254901960784,0.1647058823529411,0.5176470588235295,0.0,0.1583633003982843,0.3537971538838005,0.257074623848354,0.1372549019607843,0.2431372549019607,0.807843137254902,0.0172836303710937,0.1640359257716758,0.3677381173418319,0.258870059786389,0.1450980392156863,0.2588235294117647,0.8431372549019608,0.02276611328125,0.1228167766403023,0.1598099197825011,0.3333333333333333,0.8626093864219284,0.0139409634580314,0.3503154300877626
ISPY2-632408,0,256.0,80.0,8.0,0.0,2.0,5.0,2.0,0.5859,41.0,69.0,15.0,167.0,56.0,129.0,12.4198273458,65.0,1.0,1.0,0.0,1.0,0.0,HRposHER2neg,0.0,0.0,1.0,spy2,0,train,10,9,23,0,29.0,153.0,74.0,149.9904,2.596733266021133,10,0.6150405883789063,0.1310639265471813,0.3149836433560689,0.1611893916056113,0.1529411764705882,0.2549019607843137,0.5607843137254902,0.0004135131835937,0.207863966997932,0.497337711478143,0.2021812078071737,0.2901960784313726,0.4431372549019607,0.8,0.0184707641601562,0.2223114372702206,0.5419522288535846,0.2139701324241506,0.3137254901960784,0.4941176470588235,0.8784313725490196,0.0258697509765625,0.1823540681220741,0.1556417435411798,0.396078431372549,0.9186759523875586,0.0446145173754416,0.2827573358912666
ISPY2-105286,0,384.0,176.0,7.0,0.0,2.0,5.0,1.1000000238,0.9895833135,39.0,75.0,139.0,179.0,64.0,105.0,5.181344847991727,65.0,,1.0,0.0,1.0,0.0,HRposHER2neg,0.0,0.0,1.0,spy2,0,train,10,13,24,1,37.0,41.0,42.0,379.999992384,1.8215358607389824,10,0.47506103515625,0.1686687155330882,0.2924549153661417,0.1814285236147218,0.1333333333333333,0.2431372549019607,0.5098039215686274,0.0078720092773437,0.2102904375861672,0.3377901245375949,0.1884055565345699,0.1647058823529411,0.2901960784313726,0.5647058823529412,0.0118804931640625,0.2150284651214001,0.3526054953758356,0.2032632912664937,0.1647058823529411,0.2980392156862745,0.615686274509804,0.0173751831054687,0.0453352091714531,0.0790715003722584,0.1176470588235294,0.8012580517638305,0.0148153708382406,0.2892356347231588
ISPY2-765773,1,256.0,80.0,8.0,0.0,2.0,6.0,2.0,0.6445,39.0,64.0,85.0,157.0,89.0,150.0,8.769507837999999,49.0,0.0,1.0,0.0,0.0,0.0,TripleNeg,1.0,0.0,0.0,spy2,0,train,10,9,18,0,26.0,73.0,62.0,164.992,2.279266089964957,10,0.614739990234375,0.1006894878312653,0.2294343015639741,0.1295970178451256,0.1137254901960784,0.1764705882352941,0.4549019607843137,0.0,0.1608349489698223,0.3471436745671479,0.2400302556794612,0.1372549019607843,0.2509803921568627,0.7058823529411765,0.0195236206054687,0.1925512755150888,0.4100868360208264,0.2436264231631364,0.1725490196078431,0.3254901960784314,0.788235294117647,0.0211837768554687,0.1177093730031738,0.1951105477311682,0.4117647058823529,0.7732806831323965,0.0629431614536785,0.1583585494526385
ISPY2-803514,0,256.0,134.0,6.0,0.0,2.0,5.0,1.2,0.7813,25.0,96.0,100.0,231.0,98.0,202.0,48.859524903228,55.0,1.0,1.0,0.0,1.0,0.0,HRposHER2neg,0.0,0.0,1.0,spy2,0,train,10,36,45,0,72.0,132.0,105.0,200.0128,3.9092095494344505,10,0.6433135986328125,0.0988215427772671,0.2199355995617388,0.1505808574471613,0.1058823529411764,0.1568627450980392,0.4509803921568627,0.0010421752929687,0.1637600708007812,0.3660527755451465,0.267950831090527,0.1372549019607843,0.2549019607843137,0.8901960784313725,0.0289108276367187,0.1800829778933057,0.3962347519111855,0.2756110919343798,0.1450980392156863,0.2941176470588235,0.984313725490196,0.0345870971679687,0.1461171759834076,0.1638759867671811,0.4392156862745098,0.9108265813362536,0.030181976366039,0.255550612171562
ISPY2-202956,1,256.0,66.0,6.0,0.0,2.0,5.0,2.4,0.6055,16.0,30.0,75.0,145.0,78.0,146.0,7.901615148000001,49.0,0.0,1.0,0.0,0.0,0.0,TripleNeg,1.0,0.0,0.0,spy2,0,train,10,4,13,0,15.0,71.0,69.0,155.008,2.1862327375764514,10,0.525726318359375,0.1741495708390778,0.35731555114807,0.1354943433256763,0.2274509803921568,0.3254901960784314,0.5450980392156862,0.0005325317382812,0.2234816966337316,0.4616566047305609,0.179408351687344,0.2901960784313726,0.4196078431372549,0.7019607843137254,0.0164199829101562,0.2422422880284926,0.4996320422512998,0.182615947849437,0.3137254901960784,0.4627450980392157,0.7607843137254902,0.0200103759765625,0.1043410535824908,0.0875307816705936,0.2,0.948989768998134,0.0379754375207389,0.1800656328421594
ACRIN-6698-144302,0,256.0,134.0,7.0,0.0,2.0,5.0,1.2000000477,0.5859375,83.0,100.0,43.0,88.0,94.0,140.0,1.7163391795526044,52.0,1.0,1.0,0.0,1.0,1.0,HER2pos,0.0,1.0,0.0,spy2,0,train,10,6,15,3,18.0,46.0,47.0,150.0,0.99928508391429,10,0.609698486328125,0.1263204357670802,0.2919097064756751,0.1528975245130916,0.1333333333333333,0.2509803921568627,0.5137254901960784,0.0014617919921875,0.2213107539158241,0.490602373840837,0.2330854390029585,0.2156862745098039,0.4627450980392157,0.8313725490196079,0.0124298095703125,0.234468204273897,0.5188601804742101,0.2336811933022619,0.2431372549019607,0.4980392156862745,0.8588235294117647,0.0185745239257812,0.1986926673651617,0.2066138509797167,0.5294117647058824,0.8752247955338014,0.0282578066333731,0.3635080613633165
ISPY2-362993,0,256.0,134.0,6.0,0.0,2.0,5.0,1.2,0.7813,42.0,122.0,94.0,227.0,70.0,185.0,33.736739763168,35.0,0.0,0.0,1.0,0.0,0.0,TripleNeg,1.0,0.0,0.0,spy2,1,test,10,25,39,-1,81.0,134.0,116.0,200.0128,3.5477979096378607,10,0.4467514038085938,0.1648271568148744,0.2761916319384113,0.1785907531434146,0.1215686274509803,0.2156862745098039,0.5058823529411764,0.004559326171875,0.2214431822533701,0.3669369703052123,0.2189631816079809,0.1529411764705882,0.3058823529411765,0.6901960784313725,0.0151351928710937,0.2424912875306372,0.4020701268755516,0.2280157530333996,0.1725490196078431,0.3372549019607843,0.7529411764705882,0.0191635131835937,0.090745338366801,0.1114542195061429,0.2039215686274509,0.9158385667044516,0.0351331565703393,0.1537687167139669
ISPY2-809649,1,256.0,66.0,7.0,0.0,2.0,6.0,2.4,0.5078,37.0,49.0,52.0,112.0,153.0,216.0,6.350184190176,44.0,0.0,0.0,1.0,0.0,1.0,HER2pos,0.0,1.0,0.0,spy2,0,train,10,2,11,3,13.0,61.0,64.0,129.9968,1.9947253727986427,10,0.624725341796875,0.1241650510301777,0.2907656099766083,0.1313122469161676,0.1333333333333333,0.2705882352941176,0.4705882352941176,0.0,0.193647419050628,0.4553533701030221,0.2220826378631973,0.2039215686274509,0.4235294117647059,0.7686274509803922,0.0109634399414062,0.2125471586339614,0.501318319309508,0.2417070560985142,0.2274509803921568,0.4666666666666667,0.8980392156862745,0.0236907958984375,0.1645877601264137,0.1627077757592555,0.392156862745098,0.862409530779865,0.0459649492064858,0.3148044238432138
ISPY2-552549,0,256.0,66.0,7.0,0.0,2.0,6.0,2.4,0.5469,35.0,47.0,183.0,219.0,109.0,150.0,1.4586489780480003,57.0,1.0,1.0,0.0,1.0,0.0,HRposHER2neg,0.0,0.0,1.0,spy2,1,test,10,2,14,-1,13.0,37.0,42.0,140.0064,0.8996120031655095,10,0.6172378540039063,0.1172172935336243,0.2602008708222034,0.1090482810165261,0.1254901960784313,0.2509803921568627,0.4117647058823529,0.0,0.1516682882869944,0.3143368307390248,0.2080290194000545,0.1254901960784313,0.2705882352941176,0.5137254901960784,0.0144989013671875,0.15722541958678,0.3374350289454622,0.2148147548556506,0.1254901960784313,0.2941176470588235,0.6196078431372549,0.0113510131835937,0.0541359599168214,0.1401948770167856,0.2,0.5959768304982719,0.0230981982064373,0.3459399554309997
ISPY2-220664,1,256.0,66.0,7.0,0.0,2.0,5.0,2.4,0.625,12.0,50.0,116.0,203.0,56.0,194.0,28.2778125,47.0,0.0,0.0,0.0,0.0,0.0,TripleNeg,1.0,0.0,0.0,spy2,0,train,10,22,31,3,39.0,88.0,139.0,160.0,3.3768299766027488,10,0.556512451171875,0.1452479942172181,0.2972779717576465,0.1133864568275386,0.1568627450980392,0.2784313725490196,0.4705882352941176,0.0,0.217134734509038,0.4313139502783676,0.2200333680437358,0.2117647058823529,0.3607843137254902,0.7647058823529411,0.0136810302734375,0.2272841090782015,0.4532065371530592,0.2386079923242106,0.2078431372549019,0.3803921568627451,0.8313725490196079,0.0195404052734375,0.1340359785207211,0.1724696835801323,0.392156862745098,0.8306072033140199,0.0218925868746915,0.3815802149708922
ISPY2-411950,0,384.0,176.0,7.0,0.0,2.0,5.0,1.1000000238,0.8333333135,32.0,84.0,118.0,196.0,60.0,105.0,16.53437457070749,61.0,1.0,1.0,0.0,1.0,0.0,HRposHER2neg,0.0,0.0,1.0,spy2,0,train,10,16,25,1,53.0,79.0,46.0,319.999992384,2.8641632154742904,10,0.4934951782226562,0.1414809941310508,0.2522737514644169,0.1381600735213384,0.1254901960784313,0.2196078431372549,0.4117647058823529,0.002264404296875,0.2138056975719975,0.3747153494874179,0.1924601492914726,0.188235294117647,0.3333333333333333,0.6078431372549019,0.0158416748046875,0.2275284770890778,0.3923372149943295,0.206197942701452,0.2,0.3411764705882353,0.6901960784313725,0.022076416015625,0.122441598023001,0.130567346395803,0.2745098039215686,0.8790816495603161,0.0176218655069116,0.4290676411311581
ISPY2-114087,0,256.0,64.0,7.0,0.0,2.0,5.0,2.5,0.6445,33.0,51.0,118.0,183.0,137.0,196.0,15.410607274999998,46.0,0.0,1.0,0.0,1.0,0.0,HRposHER2neg,0.0,0.0,1.0,spy2,0,train,10,5,14,4,19.0,66.0,60.0,164.992,2.797927910815817,10,0.5977386474609375,0.1025697236902573,0.2187801256771513,0.1167404812788473,0.1137254901960784,0.1803921568627451,0.3568627450980392,0.0001632690429687,0.1921246278052236,0.4000422017941936,0.2349211531467129,0.1686274509803921,0.3333333333333333,0.7764705882352941,0.018902587890625,0.1938968254538143,0.4040808257330684,0.2543268273646697,0.1372549019607843,0.3372549019607843,0.8235294117647058,0.0222549438476562,0.1812620761170422,0.1661984553883392,0.4274509803921568,0.9631144120837852,0.0040386239388747,0.4474672452641242
ISPY2-240432,0,256.0,72.0,7.0,0.0,2.0,6.0,2.2,0.7031,11.0,52.0,59.0,201.0,94.0,236.0,100.54032933219,48.0,1.0,0.0,1.0,1.0,0.0,HRposHER2neg,0.0,0.0,1.0,spy2,1,test,10,20,31,-1,42.0,143.0,143.0,179.9936,4.6204560528879295,10,0.409466552734375,0.1570205867991727,0.2577314317456438,0.0992750170432773,0.1490196078431372,0.2313725490196078,0.4078431372549019,1.52587890625e-05,0.2397263351141237,0.3892634630774989,0.2410079894412887,0.1490196078431372,0.3137254901960784,0.796078431372549,0.0261825561523437,0.273452657063802,0.4468107388067006,0.2341119548147317,0.2156862745098039,0.3725490196078431,0.8352941176470589,0.0217575073242187,0.1315320313318551,0.1784129966806107,0.4352941176470588,0.818049569522392,0.0575472757292016,0.2458528417723481
ISPY2-414286,0,256.0,160.0,7.0,0.0,2.0,5.0,1.2999999523,1.171875,58.0,101.0,36.0,97.0,177.0,221.0,17.726027791973923,62.0,1.0,1.0,0.0,1.0,0.0,HRposHER2neg,0.0,0.0,1.0,spy2,0,train,10,19,33,4,44.0,62.0,45.0,300.0,2.929914416653902,10,0.6583877563476562,0.1282549390605851,0.3196999009181167,0.1814168704749153,0.1333333333333333,0.2784313725490196,0.5411764705882353,0.0050460815429687,0.1785529162837009,0.4265532090207342,0.213443633451744,0.2117647058823529,0.3686274509803922,0.7568627450980392,0.0140609741210937,0.1886645866842831,0.4575519566810818,0.2106283143599709,0.2352941176470588,0.4117647058823529,0.7803921568627451,0.0182632446289062,0.1068533081026174,0.1474319606640402,0.3254901960784314,0.8384931145842174,0.0309987476603476,0.2669567042911572
ISPY2-301289,0,256.0,64.0,9.0,0.0,2.0,6.0,2.5,0.84134614467621,31.0,46.0,59.0,100.0,64.0,121.0,22.74718827541552,42.0,0.0,1.0,0.0,1.0,0.0,HRposHER2neg,0.0,0.0,1.0,spy2,0,train,10,4,13,0,16.0,42.0,58.0,215.38461303710977,3.167464135068633,10,0.6974533081054688,0.087978515625,0.2475417288568468,0.1251293436281773,0.1215686274509803,0.2235294117647059,0.4078431372549019,0.0004928588867187,0.2009164548387714,0.5096733852333935,0.260509686075378,0.2196078431372549,0.4470588235294118,0.976470588235294,0.0278839111328125,0.1835295075061274,0.4840954628042151,0.2218033214964031,0.2156862745098039,0.4549019607843137,0.796078431372549,0.0085800170898437,0.2621316563765467,0.268715063357321,0.7568627450980392,0.9488493370385874,-0.0255779224291783,0.5041532805116075
ISPY2-462605,1,384.0,176.0,7.0,0.0,2.0,5.0,1.1000000238,0.9895833135,20.0,65.0,111.0,189.0,281.0,350.0,22.90348319293141,46.0,0.0,1.0,0.0,0.0,1.0,HER2pos,0.0,1.0,0.0,spy2,0,train,10,17,28,4,46.0,79.0,70.0,379.999992384,3.174024188608398,10,0.5818389892578125,0.1320958814433976,0.2924793933979596,0.1768022358420715,0.1490196078431372,0.2274509803921568,0.5294117647058824,0.004443359375,0.1592253860772824,0.3445182023971072,0.2161071970565188,0.1647058823529411,0.2627450980392157,0.6862745098039216,0.012603759765625,0.1633249918619791,0.3494990035306796,0.217241275401283,0.1607843137254902,0.2745098039215686,0.6941176470588235,0.012945556640625,0.0520388089991475,0.1269702463183954,0.1607843137254902,0.659371054494501,0.0049808011335723,0.3991227750085752
ISPY2-697871,1,256.0,160.0,7.0,0.0,2.0,5.0,1.0000000246,0.5625,17.0,59.0,62.0,194.0,112.0,222.0,21.18846145873614,39.0,0.0,1.0,0.0,0.0,0.0,TripleNeg,1.0,0.0,0.0,spy2,0,train,10,16,25,3,43.0,133.0,111.0,144.0,3.09957239964826,10,0.5157943725585937,0.1313544239717371,0.2472783025522036,0.1081478042596176,0.1254901960784313,0.2274509803921568,0.396078431372549,3.0517578125e-05,0.2100863886814491,0.3826768890010176,0.2172661052507885,0.1725490196078431,0.3215686274509804,0.6823529411764706,0.0243881225585937,0.2513432521446078,0.4496305590925333,0.2313810873608755,0.2117647058823529,0.3843137254901961,0.8274509803921568,0.0306427001953125,0.1353985864488139,0.1667541655825694,0.3333333333333333,0.8846875009847823,0.0669536700915157,0.1753133183541372
ISPY2-442981,1,256.0,124.0,7.0,0.0,2.0,5.0,1.2999999523,0.5859375,40.0,80.0,38.0,161.0,89.0,201.0,17.77199870703519,35.0,0.0,1.0,0.0,1.0,0.0,HRposHER2neg,0.0,0.0,1.0,spy2,0,train,10,20,29,0,41.0,124.0,113.0,150.0,2.9323663290548616,10,0.5363861083984375,0.1363486675187653,0.2611457468971382,0.1392196999293496,0.1215686274509803,0.2156862745098039,0.4823529411764706,0.0,0.2534691126206342,0.4797022806700304,0.2007126500876233,0.2549019607843137,0.4509803921568627,0.7450980392156863,0.0222946166992187,0.2520052442363664,0.480421313650759,0.2143073976920949,0.2549019607843137,0.4392156862745098,0.803921568627451,0.0287017822265625,0.2185565337728922,0.1472923351069193,0.4392156862745098,0.962686861904856,0.0007190329807285,0.4591191242586412
ACRIN-6698-435279,0,256.0,72.0,7.0,0.0,2.0,5.0,2.2,0.5469,7.0,54.0,52.0,230.0,40.0,197.0,29.94776719070401,47.0,0.0,1.0,0.0,1.0,0.0,HRposHER2neg,0.0,0.0,1.0,spy2,0,train,10,16,33,3,48.0,179.0,158.0,140.0064,3.4323008540630755,10,0.4868637084960937,0.1631161558861825,0.2919923625448443,0.1613032683071476,0.1215686274509803,0.2509803921568627,0.5215686274509804,0.0009765625,0.2326509842218137,0.4117984653605888,0.2313691768102445,0.1647058823529411,0.3568627450980392,0.7529411764705882,0.0189178466796875,0.2623334518133425,0.4653046029095306,0.2517406001239575,0.188235294117647,0.4117647058823529,0.8784313725490196,0.0335357666015625,0.1198061028157445,0.1264688404116156,0.2862745098039215,0.8798117095712319,0.0535061375489417,0.2197544374035427
ISPY2-204939,1,256.0,64.0,9.0,0.0,2.0,6.0,2.5000000002,0.793269217,19.0,44.0,71.0,140.0,72.0,148.0,27.91625879874112,49.0,0.0,0.0,1.0,1.0,1.0,HER2pos,0.0,1.0,0.0,spy2,0,train,10,10,19,1,26.0,70.0,77.0,203.076919552,3.364404025116713,10,0.7337570190429688,0.0718777465820312,0.208392249010674,0.0988939417268326,0.1137254901960784,0.1843137254901961,0.3372549019607843,0.0,0.1735957067153033,0.4829074244822438,0.2897220729292522,0.1450980392156863,0.4117647058823529,0.992156862745098,0.0262405395507812,0.1819060142367494,0.5166671442626396,0.2480559667128761,0.2039215686274509,0.4980392156862745,0.8784313725490196,0.0133056640625,0.2745151754715698,0.2945091912906741,0.7843137254901961,0.8852336877095452,0.0337597197803957,0.3274780067054474
ACRIN-6698-688955,0,256.0,72.0,7.0,0.0,2.0,6.0,2.2,0.7031,26.0,42.0,151.0,205.0,106.0,156.0,6.17739272656,40.0,0.0,1.0,0.0,1.0,0.0,HRposHER2neg,0.0,0.0,1.0,spy2,0,train,10,6,15,1,17.0,55.0,51.0,179.9936,1.9709361871068958,10,0.5673294067382812,0.1362637508616728,0.283208617756143,0.1131632476411365,0.1568627450980392,0.2549019607843137,0.4431372549019607,0.0,0.2261140112783394,0.4543327452121368,0.2477386858331108,0.2039215686274509,0.392156862745098,0.8588235294117647,0.0241195678710937,0.2150665103687959,0.4344022064398752,0.2263930855027871,0.192156862745098,0.392156862745098,0.7647058823529411,0.0118438720703125,0.1711241274559937,0.216238641485076,0.5176470588235295,0.8414487489199626,-0.0199305387722615,0.5109696531537091
ACRIN-6698-700549,0,256.0,80.0,8.0,0.0,2.0,6.0,2.0,0.625,31.0,57.0,64.0,221.0,70.0,143.0,20.61875,34.0,0.0,1.0,0.0,1.0,0.0,HRposHER2neg,0.0,0.0,1.0,spy2,1,test,10,9,18,-1,27.0,158.0,74.0,160.0,3.073560993703342,10,0.6773452758789062,0.0950365851907169,0.2452894024177025,0.0990998070400024,0.1176470588235294,0.2431372549019607,0.3764705882352941,0.0,0.1668329934512867,0.4307274759706441,0.2802351233425173,0.1529411764705882,0.3254901960784314,0.9882352941176472,0.0313308715820312,0.1681041822246476,0.4326032006995416,0.2298614356069628,0.1725490196078431,0.3686274509803922,0.796078431372549,0.002081298828125,0.1854380735529415,0.2168511839542411,0.5843137254901961,0.856149062448275,0.0018757247288974,0.4267621952661323
ISPY2-536253,1,256.0,80.0,7.0,0.0,2.0,5.0,2.0,0.5859,35.0,60.0,18.0,98.0,59.0,122.0,6.26346516726,51.0,1.0,1.0,0.0,1.0,1.0,HER2pos,0.0,1.0,0.0,spy2,0,train,10,9,18,3,26.0,81.0,64.0,149.9904,1.9828570107331522,10,0.609674072265625,0.1271288105085784,0.2990769280769805,0.1706778057957952,0.1294117647058823,0.2392156862745098,0.5647058823529412,0.0001052856445312,0.1659643255495557,0.3850805963266606,0.2416084249676583,0.1411764705882353,0.3098039215686274,0.7490196078431373,0.0168548583984375,0.1807732496074602,0.41943300032715,0.2464867191683916,0.1686274509803921,0.3372549019607843,0.8,0.0194076538085937,0.0860036682496801,0.1452069191220082,0.2705882352941176,0.7188785163640913,0.0343524040004893,0.3728245062626073
ISPY2-442669,0,256.0,66.0,7.0,0.0,2.0,5.0,2.4,0.7031,6.0,26.0,95.0,168.0,42.0,94.0,14.013031784903996,53.0,1.0,1.0,0.0,0.0,0.0,TripleNeg,1.0,0.0,0.0,spy2,0,train,10,7,16,4,21.0,74.0,53.0,179.9936,2.7089186095866555,10,0.4128601074218749,0.1251401714250153,0.2036873882374139,0.0792681390939568,0.1294117647058823,0.1803921568627451,0.3098039215686274,0.0,0.1900525321212469,0.3056316011648482,0.2198454048058284,0.1607843137254902,0.2156862745098039,0.6196078431372549,0.0223876953125,0.189654223872166,0.3031859662167933,0.1865793559120803,0.1647058823529411,0.2274509803921568,0.5647058823529412,0.0052398681640625,0.1019442129274342,0.1847182686239158,0.3529411764705882,0.8070521949748952,-0.0024456349480549,0.3881721883218811
ISPY2-147139,1,256.0,134.0,6.0,0.0,2.0,5.0,1.2,0.7031,16.0,71.0,77.0,221.0,85.0,191.0,22.18937659446,52.0,0.0,1.0,0.0,0.0,0.0,TripleNeg,1.0,0.0,0.0,spy2,0,train,10,22,36,4,56.0,145.0,107.0,179.9936,3.1436942683903593,10,0.5934783935546875,0.1105796843884038,0.2332292951412486,0.1573517981248539,0.1098039215686274,0.1647058823529411,0.4745098039215686,0.00125732421875,0.1639378626206342,0.3424082662965568,0.2429781924260623,0.1411764705882353,0.2431372549019607,0.7450980392156863,0.0200637817382812,0.1824291154450061,0.382672091725534,0.2568002292065177,0.1568627450980392,0.2784313725490196,0.8470588235294118,0.027374267578125,0.1091789711553082,0.123967813776251,0.2745098039215686,0.9154974513734055,0.0402638254289772,0.2037287270379629
ACRIN-6698-328160,0,256.0,80.0,8.0,0.0,2.0,6.0,2.0,0.6445,41.0,50.0,93.0,123.0,83.0,115.0,1.6432442689999998,55.0,1.0,1.0,0.0,1.0,0.0,HRposHER2neg,0.0,0.0,1.0,spy2,0,train,10,2,11,1,10.0,31.0,33.0,164.992,0.9720070524639565,10,0.5956878662109375,0.1155027741076899,0.2456090996613009,0.0950575766702763,0.1176470588235294,0.2470588235294117,0.3686274509803922,0.0,0.2007840923234528,0.436321492555206,0.2704995937025833,0.1450980392156863,0.3450980392156862,0.8862745098039215,0.0244338989257812,0.1896069934321384,0.4057657285656459,0.216183037615133,0.1607843137254902,0.3607843137254902,0.7333333333333333,0.0043792724609375,0.1907123928939051,0.2226747492611202,0.5647058823529412,0.8538740234743556,-0.03055576398956,0.4654036305996905
ACRIN-6698-860243,0,256.0,72.0,7.0,0.0,2.0,6.0,2.2,0.7031,19.0,68.0,78.0,212.0,57.0,172.0,57.931545486914,47.0,0.0,1.0,0.0,1.0,0.0,HRposHER2neg,0.0,0.0,1.0,spy2,0,train,10,17,26,4,50.0,135.0,116.0,179.9936,4.076376524314756,10,0.4426605224609374,0.1711114920821844,0.2950902499323873,0.0990418606022313,0.1725490196078431,0.2901960784313726,0.4156862745098039,0.0,0.271260393928079,0.4626735933848102,0.2335754458720498,0.2156862745098039,0.403921568627451,0.8196078431372549,0.019921875,0.2763507498946844,0.4721268415266824,0.218653771729646,0.2313725490196078,0.4274509803921568,0.792156862745098,0.0140548706054687,0.1675833434524229,0.1981674293133458,0.4705882352941176,0.8747843989727809,0.0094532481418721,0.3661494067207289
ISPY2-228192,0,256.0,160.0,7.0,0.0,2.0,6.0,1.0,0.703125,72.0,117.0,64.0,135.0,117.0,183.0,8.718475341796875,56.0,1.0,1.0,0.0,0.0,0.0,TripleNeg,1.0,0.0,0.0,spy2,0,train,10,13,22,2,46.0,72.0,67.0,180.0,2.2740287483290427,10,0.5843734741210938,0.1140376012465533,0.2506936728470046,0.1227471960260326,0.1215686274509803,0.2313725490196078,0.392156862745098,0.0,0.2043146170821844,0.4176167312199032,0.2784289614168133,0.1137254901960784,0.3450980392156862,0.8705882352941177,0.0221954345703125,0.1975334975298713,0.4008440619120788,0.2344261332244376,0.1215686274509803,0.3686274509803922,0.7450980392156863,0.003082275390625,0.1669230583728985,0.2573838567585464,0.6078431372549019,0.7203590506085137,-0.0167726693078244,0.4578776364337243
ACRIN-6698-284593,0,256.0,80.0,7.0,0.0,2.0,5.0,2.0,0.5469,34.0,58.0,117.0,204.0,64.0,148.0,24.423277754160004,32.0,0.0,1.0,0.0,0.0,0.0,TripleNeg,1.0,0.0,0.0,spy2,0,train,10,7,16,0,25.0,88.0,85.0,140.0064,3.2356652013574903,10,0.6621261596679687,0.0943248853496476,0.2137230904537275,0.1141898789822544,0.1098039215686274,0.1647058823529411,0.4117647058823529,0.0,0.1677410170611213,0.3709540144723059,0.2695824170677947,0.1137254901960784,0.2784313725490196,0.8588235294117647,0.0175430297851562,0.1743944295247395,0.3964262080555366,0.2927781421463211,0.1098039215686274,0.2980392156862745,0.9803921568627452,0.031475830078125,0.1572309240185784,0.1859909638824231,0.4666666666666667,0.8106390761824332,0.0254721935832306,0.380853456412665
ISPY2-248255,0,256.0,134.0,6.0,0.0,2.0,5.0,1.2,0.6836,59.0,92.0,159.0,209.0,102.0,163.0,8.165382919871998,31.0,0.0,1.0,0.0,1.0,0.0,HRposHER2neg,0.0,0.0,1.0,spy2,0,train,10,11,20,4,34.0,51.0,62.0,175.0016,2.2154336610923115,10,0.6015625,0.1181620279947916,0.2669537257304882,0.1388096944537274,0.1215686274509803,0.2274509803921568,0.4784313725490196,2.899169921875e-05,0.2031067911783854,0.4415511161572472,0.2336319270468538,0.196078431372549,0.3843137254901961,0.8117647058823529,0.02432861328125,0.2071508011163449,0.4435169766435985,0.2348637682412472,0.1764705882352941,0.4,0.792156862745098,0.0212997436523437,0.1745973904267589,0.1733770012356318,0.4431372549019607,0.926459099264706,0.0019658604863514,0.4352481617647059
ACRIN-6698-875089,0,256.0,160.0,7.0,0.0,2.0,6.0,1.0,0.66666668653488,32.0,83.0,30.0,142.0,83.0,149.0,10.161778383466896,42.0,0.0,0.0,0.0,0.0,0.0,TripleNeg,1.0,0.0,0.0,spy2,0,train,10,21,35,3,52.0,113.0,67.0,170.6666717529293,2.412495297615016,10,0.5440383911132812,0.1052591241574754,0.2143517660930425,0.0744322415205701,0.1372549019607843,0.2,0.3176470588235294,0.0,0.1949732642080269,0.3803467493503346,0.2581955623236526,0.1568627450980392,0.2705882352941176,0.8313725490196079,0.0175491333007812,0.1883972347483915,0.3707188212629732,0.2245387821599659,0.1607843137254902,0.2862745098039215,0.7333333333333333,0.0040634155273437,0.1659949832572921,0.2377823698388743,0.5803921568627451,0.8003607534996101,-0.0096279280873614,0.4535488037909236
ACRIN-6698-771443,0,256.0,80.0,8.0,0.0,2.0,6.0,2.0,0.6641,15.0,68.0,86.0,220.0,87.0,204.0,41.46817488906001,51.0,0.0,1.0,0.0,1.0,1.0,HER2pos,0.0,1.0,0.0,spy2,0,train,10,28,37,4,54.0,135.0,118.0,170.0096,3.7487549692802684,10,0.6096420288085938,0.1175009873334099,0.2613916912411402,0.1408976700036766,0.1176470588235294,0.2274509803921568,0.4509803921568627,0.0001144409179687,0.1913732371610753,0.4039797579150882,0.2456895821259391,0.1372549019607843,0.3372549019607843,0.7843137254901961,0.0129226684570312,0.1926343611174938,0.415427503865809,0.2362303924631111,0.1450980392156863,0.3725490196078431,0.7647058823529411,0.0145172119140625,0.1425880666739479,0.1922026384508266,0.4235294117647059,0.7915606371543047,0.0114477459507207,0.3360343985146096
ISPY2-889049,0,256.0,134.0,6.0,0.0,2.0,5.0,1.2,0.7422,66.0,107.0,107.0,172.0,84.0,146.0,37.30407574046399,36.0,0.0,1.0,0.0,0.0,1.0,HER2pos,0.0,1.0,0.0,spy2,0,train,10,18,27,3,42.0,66.0,63.0,190.0032,3.6455563067249024,10,0.68338623046875,0.0890815226236979,0.2427417641691368,0.1102489086917051,0.1137254901960784,0.2196078431372549,0.4078431372549019,0.0,0.1592437385110294,0.4296429810695146,0.2577390141282272,0.1529411764705882,0.3686274509803922,0.8627450980392157,0.015679931640625,0.1714387302772671,0.469984056390031,0.2819408240461808,0.1647058823529411,0.388235294117647,0.9607843137254902,0.0261917114257812,0.1869012169003777,0.180370088445489,0.4941176470588235,0.91156456028068,0.0403410753205164,0.3297220187377106
ISPY2-531672,0,256.0,160.0,7.0,0.0,2.0,5.0,1.1000000238,1.328125,72.0,106.0,46.0,72.0,201.0,232.0,3.979571008955008,28.0,0.0,1.0,0.0,1.0,0.0,HRposHER2neg,0.0,0.0,1.0,spy2,0,train,10,14,23,1,35.0,27.0,32.0,340.0,1.6053437445459402,10,0.6472824096679688,0.1268993302887561,0.3002924504158832,0.1625431609845343,0.1333333333333333,0.2666666666666666,0.4980392156862745,0.00206298828125,0.1829686841777726,0.4249321762214578,0.2246672214674528,0.196078431372549,0.3647058823529411,0.7803921568627451,0.016802978515625,0.1800620224896599,0.421501047543699,0.2259980847223235,0.192156862745098,0.3607843137254902,0.7803921568627451,0.01722412109375,0.1246397258055746,0.1602547544275978,0.3490196078431372,0.8452826433982099,-0.0034311286777588,0.4615996919842358
ACRIN-6698-462582,0,256.0,72.0,7.0,0.0,2.0,6.0,2.2,0.7031,14.0,55.0,91.0,227.0,69.0,152.0,8.572219977244,55.0,1.0,1.0,0.0,1.0,0.0,HRposHER2neg,0.0,0.0,1.0,spy2,0,train,10,15,31,0,42.0,137.0,84.0,179.9936,2.2588651511071753,10,0.4467117309570312,0.1373161405675551,0.2357675247163037,0.09615247973801,0.1372549019607843,0.2039215686274509,0.3803921568627451,0.0,0.2236295513078278,0.3766267467045063,0.2441033466581746,0.1568627450980392,0.2784313725490196,0.7764705882352941,0.0199127197265625,0.2347614422966452,0.3939237386667091,0.2340372981140923,0.1764705882352941,0.3058823529411765,0.7686274509803922,0.013037109375,0.1408592219882026,0.1939495335711588,0.4666666666666667,0.8454204736309407,0.0172969919622027,0.3555679351797972
ACRIN-6698-641246,1,384.0,176.0,6.0,0.0,2.0,5.0,1.0,0.78125,31.0,78.0,120.0,206.0,288.0,341.0,5.0872802734375,58.0,1.0,1.0,0.0,1.0,1.0,HER2pos,0.0,1.0,0.0,spy2,0,train,10,23,32,2,48.0,87.0,54.0,300.0,1.8062013930447527,10,0.6109375,0.1302762379365808,0.2838197612754941,0.1851657585681523,0.1176470588235294,0.2235294117647059,0.5647058823529412,0.0023101806640625,0.2097071748621323,0.4695780056500512,0.277236031921805,0.1294117647058823,0.4470588235294118,0.8784313725490196,0.02061767578125,0.2084151862649356,0.4617075224919285,0.2629644952442721,0.1333333333333333,0.4392156862745098,0.8352941176470589,0.01741943359375,0.185758244374557,0.2193101716148258,0.5450980392156862,0.8170298381024096,-0.0078704831581226,0.4520543109939759
ISPY2-894128,1,256.0,90.0,7.0,0.0,2.0,6.0,2.0,0.7813,68.0,86.0,87.0,136.0,114.0,157.0,6.459566979580001,57.0,1.0,0.0,1.0,0.0,0.0,TripleNeg,1.0,0.0,0.0,spy2,0,train,10,7,17,2,19.0,50.0,44.0,200.0128,2.0094973668982488,10,0.729742431640625,0.0694716389973958,0.216571902141014,0.1401416499747157,0.1137254901960784,0.1725490196078431,0.3725490196078431,0.000189208984375,0.1074091832778033,0.3304389634532193,0.2082592015901263,0.1529411764705882,0.2705882352941176,0.611764705882353,0.0107223510742187,0.1191459566004136,0.3691204700674732,0.2299259981507369,0.1647058823529411,0.2980392156862745,0.7372549019607844,0.015380859375,0.1138670613122052,0.1132042832095055,0.2352941176470588,0.944793242846496,0.0386815066142539,0.1946690304659093
ACRIN-6698-196064,1,256.0,72.0,7.0,0.0,2.0,6.0,2.2,0.7031,32.0,55.0,106.0,168.0,137.0,174.0,4.814668591634001,50.0,1.0,1.0,0.0,1.0,0.0,HRposHER2neg,0.0,0.0,1.0,spy2,1,test,10,12,22,-1,24.0,63.0,38.0,179.9936,1.7603837923661276,10,0.5326705932617187,0.1137521481981464,0.2257891835314066,0.0896192063313488,0.1294117647058823,0.2039215686274509,0.3568627450980392,0.0,0.205391331092984,0.3967737831903378,0.2707871833237292,0.1450980392156863,0.3019607843137254,0.8901960784313725,0.0315567016601562,0.1872569244983149,0.3639750241345571,0.2020745317860737,0.1647058823529411,0.3098039215686274,0.6588235294117647,0.004681396484375,0.1709845996589311,0.2378835032287685,0.6039215686274509,0.8454430582265916,-0.0327987590557807,0.3913422514195038
ISPY2-578975,1,312.0,76.0,7.0,0.0,2.0,6.0,2.4,0.6055,30.0,42.0,51.0,233.0,137.0,208.0,12.9250361814,43.0,0.0,0.0,1.0,0.0,0.0,TripleNeg,1.0,0.0,0.0,spy2,0,train,10,5,14,0,13.0,183.0,72.0,188.91600000000003,2.6336883841151786,10,0.270147705078125,0.1848121792662377,0.2461361256132421,0.0929142172088426,0.1568627450980392,0.2196078431372549,0.388235294117647,0.0,0.2631928806678921,0.3509538775662131,0.1763836282793283,0.2078431372549019,0.2862745098039215,0.5882352941176471,0.0152725219726562,0.2840439979702819,0.3770197780481162,0.1923077470821949,0.196078431372549,0.3098039215686274,0.6549019607843137,0.0136520385742187,0.1048177519529709,0.1306023178253748,0.2392156862745098,0.896325859891787,0.026065900481903,0.3641316619138812
ISPY2-335091,1,256.0,160.0,7.0,0.0,2.0,5.0,1.0,0.546875,45.0,119.0,56.0,159.0,104.0,194.0,4.59375,39.0,0.0,1.0,0.0,1.0,1.0,HER2pos,0.0,1.0,0.0,spy2,0,train,10,56,65,0,75.0,104.0,91.0,140.0,1.7216499030410284,10,0.747052001953125,0.0963325889437806,0.3130275081342529,0.1832815893062742,0.1137254901960784,0.2784313725490196,0.611764705882353,6.103515625e-05,0.1394285433900122,0.3474368527904852,0.2824952682949291,0.0274509803921568,0.2980392156862745,0.807843137254902,0.0156967163085937,0.1618113439223345,0.4124912175617538,0.3040474368025474,0.0470588235294117,0.3803921568627451,0.9882352941176472,0.0257049560546875,0.0344093446562323,0.2141198807949587,0.2941176470588235,0.5580556426899597,0.0650543647712686,0.2429903723186063
ISPY2-829491,0,384.0,176.0,7.0,0.0,2.0,5.0,1.1000000238,0.8854166865,25.0,120.0,50.0,172.0,247.0,346.0,109.1729244622532,57.0,1.0,1.0,0.0,0.0,0.0,TripleNeg,1.0,0.0,0.0,spy2,0,train,10,54,67,0,96.0,123.0,100.0,340.000007616,4.70205117199606,10,0.5851669311523438,0.1065154849781709,0.2195705120368637,0.112423165814155,0.1137254901960784,0.188235294117647,0.3843137254901961,0.0,0.1632172049728094,0.3318075472147184,0.2450138596769475,0.1294117647058823,0.2431372549019607,0.7607843137254902,0.0238800048828125,0.1771721454695159,0.3603178769162751,0.256421873865691,0.1450980392156863,0.2627450980392157,0.8588235294117647,0.0302886962890625,0.1122370351778546,0.1646106289015605,0.3686274509803922,0.864013388998216,0.0285103297015567,0.2065620804443382
ISPY2-406190,0,384.0,72.0,8.0,0.0,2.0,6.0,2.5,0.9375,7.0,53.0,57.0,190.0,53.0,133.0,52.64208984375,54.0,1.0,1.0,0.0,0.0,0.0,TripleNeg,1.0,0.0,0.0,spy2,0,train,10,17,34,3,47.0,134.0,81.0,360.0,3.9823340182017017,10,0.59527587890625,0.1328996246936274,0.2886875815022133,0.1893151877605443,0.1176470588235294,0.2235294117647059,0.5686274509803921,0.0025741577148437,0.1761818620270373,0.3754508384563296,0.2740100518076532,0.0941176470588235,0.2941176470588235,0.8431372549019608,0.0207015991210937,0.1860611141429227,0.3881025841191551,0.2743176316084206,0.0941176470588235,0.3137254901960784,0.8352941176470589,0.0260528564453125,0.0867632569541163,0.2084039754409005,0.4,0.5916641532197255,0.0126517456628255,0.4361597044186397
ISPY2-781335,0,312.0,90.0,7.0,0.0,2.0,5.0,2.0,0.7421875,6.0,86.0,37.0,222.0,78.0,298.0,180.67847290039063,57.0,1.0,0.0,1.0,0.0,0.0,TripleNeg,1.0,0.0,0.0,spy2,0,train,10,39,49,4,81.0,186.0,221.0,231.5625,5.202238492325995,10,0.3657135009765625,0.1388549984202665,0.2082422884618886,0.0784331511945712,0.1294117647058823,0.188235294117647,0.3058823529411765,0.0,0.2391828290153952,0.3567867073119765,0.2135406071146075,0.1843137254901961,0.2784313725490196,0.7019607843137254,0.0200958251953125,0.2514867326325061,0.3750560873011897,0.2354245272750975,0.188235294117647,0.2784313725490196,0.803921568627451,0.031719970703125,0.1485444188500879,0.1629030550197694,0.4117647058823529,0.973583425951319,0.0182693799892132,0.3646430238208648
ACRIN-6698-801641,0,256.0,126.0,7.0,0.0,2.0,5.0,1.0,0.625,17.0,80.0,31.0,167.0,92.0,175.0,20.326171875,53.0,0.0,1.0,0.0,0.0,0.0,TripleNeg,1.0,0.0,0.0,spy2,0,train,10,16,25,1,64.0,137.0,84.0,160.0,3.0599350449745586,10,0.4700363159179688,0.1410855641084558,0.2575969729185074,0.1349166946425637,0.1333333333333333,0.2117647058823529,0.4823529411764706,7.781982421875e-05,0.2033112589518229,0.3708700651893589,0.2194096528311728,0.1803921568627451,0.2901960784313726,0.6980392156862745,0.024395751953125,0.2163921580595128,0.3947335674077933,0.2376802634771413,0.188235294117647,0.3058823529411765,0.8235294117647058,0.033441162109375,0.1132730922708514,0.1312178282830338,0.3215686274509804,0.9293440862382204,0.0238635022184344,0.3169438869966054
ISPY2-628692,0,256.0,80.0,7.0,0.0,2.0,6.0,2.0,0.625,12.0,74.0,21.0,218.0,43.0,197.0,36.6859375,58.0,1.0,1.0,0.0,1.0,0.0,HRposHER2neg,0.0,0.0,1.0,spy2,0,train,10,43,53,2,63.0,198.0,155.0,160.0,3.6292870142581233,10,0.5867401123046875,0.141354035022212,0.3383441300488382,0.1346326016715775,0.2196078431372549,0.3019607843137254,0.4901960784313725,0.00384521484375,0.1892372580135569,0.4537544522967328,0.1920405590435027,0.2784313725490196,0.392156862745098,0.7411764705882353,0.016339111328125,0.2085138657513786,0.4993475491173451,0.1916441000240195,0.3098039215686274,0.4431372549019607,0.8,0.0161224365234375,0.1154103222478945,0.125105882168717,0.2588235294117647,0.9313564766609804,0.0455930968206123,0.1660611296956807
ACRIN-6698-213913,1,256.0,134.0,6.0,0.0,2.0,5.0,1.2,0.6641,70.0,99.0,176.0,222.0,93.0,138.0,5.451645326172,69.0,1.0,0.0,0.0,0.0,1.0,HER2pos,0.0,1.0,0.0,spy2,0,train,10,10,19,3,30.0,47.0,46.0,170.0096,1.8643351876069223,10,0.7494247436523438,0.1099794455135569,0.3585275914807607,0.2242359453337526,0.1137254901960784,0.3058823529411765,0.6705882352941176,0.0011581420898437,0.1470689960554534,0.4585953521327053,0.2832664883197596,0.1019607843137254,0.4274509803921568,0.8941176470588236,0.0181716918945312,0.1563380521886489,0.4936411613184706,0.2972395007088988,0.0980392156862745,0.4705882352941176,0.9529411764705882,0.021697998046875,0.1000677606519446,0.139039082913211,0.2745098039215686,0.7585329168112924,0.0350458091857653,0.3051876480510544
ACRIN-6698-580632,0,256.0,80.0,8.0,0.0,2.0,6.0,2.0,0.6445,22.0,71.0,118.0,209.0,67.0,183.0,14.563231565,64.0,1.0,1.0,0.0,1.0,0.0,HRposHER2neg,0.0,0.0,1.0,spy2,0,train,10,19,28,2,50.0,92.0,117.0,164.992,2.744911181312847,10,0.54254150390625,0.1356206617168351,0.2580005101440176,0.122142381391987,0.1137254901960784,0.2392156862745098,0.4313725490196078,0.0,0.2473462153416054,0.4794093055501053,0.3019241925887838,0.1333333333333333,0.4352941176470588,1.0,0.0559066772460937,0.2313587443033854,0.4433446219047993,0.2584996902562717,0.1333333333333333,0.4235294117647059,0.8392156862745098,0.017388916015625,0.2214087954060877,0.2304457702941602,0.596078431372549,0.8905003335557038,-0.036064683645306,0.4927785190126751
ISPY2-783578,1,256.0,160.0,7.0,0.0,2.0,6.0,1.0,0.83333331346512,58.0,105.0,59.0,110.0,42.0,83.0,3.190972070064823,48.0,1.0,1.0,0.0,0.0,0.0,TripleNeg,1.0,0.0,0.0,spy2,0,train,10,27,37,1,48.0,52.0,42.0,213.3333282470707,1.4329327046555942,10,0.5109207153320312,0.145441972321155,0.2577639498875397,0.1562623161360619,0.1137254901960784,0.2078431372549019,0.4549019607843137,0.00120849609375,0.2509741869159773,0.408296746377688,0.2099492395032471,0.1607843137254902,0.3803921568627451,0.6784313725490196,0.012127685546875,0.2842472270890778,0.4610314771696968,0.2211678401947871,0.2,0.4392156862745098,0.7843137254901961,0.0249908447265625,0.1505327964901481,0.1395836619730313,0.3490196078431372,0.900506359918009,0.0527347307920088,0.2878826168480889
ISPY2-847753,1,256.0,72.0,7.0,0.0,2.0,6.0,2.2,0.7031,28.0,48.0,100.0,169.0,140.0,195.0,4.05119505395,54.0,1.0,0.0,1.0,1.0,0.0,HRposHER2neg,0.0,0.0,1.0,spy2,0,train,10,7,16,1,21.0,70.0,56.0,179.9936,1.6196248596379463,10,0.5015411376953125,0.1216083182540594,0.2245214904769879,0.0958124297201211,0.1254901960784313,0.2,0.3686274509803922,0.0,0.1908984674191942,0.3343502137133055,0.2023395460809473,0.1725490196078431,0.2627450980392157,0.5843137254901961,0.0174819946289062,0.2007641840916053,0.3554685936578078,0.1973066433456243,0.1764705882352941,0.2862745098039215,0.6235294117647059,0.010662841796875,0.1098287232363175,0.166753518855914,0.2901960784313726,0.8899562249364802,0.0211183799445023,0.2983102213242722
ISPY2-910706,1,256.0,64.0,9.0,0.0,2.0,6.0,2.5000000002,0.9375,23.0,59.0,27.0,164.0,31.0,124.0,38.01928711241654,37.0,0.0,0.0,1.0,0.0,0.0,TripleNeg,1.0,0.0,0.0,spy2,0,train,10,13,22,4,37.0,138.0,94.0,240.0,3.6640560652283916,10,0.6082138061523438,0.117997574151731,0.2545010080710596,0.1582269238462053,0.1137254901960784,0.2039215686274509,0.4901960784313725,0.0001144409179687,0.2114317411534926,0.4157054576809089,0.2731848426567483,0.1137254901960784,0.3490196078431372,0.8509803921568627,0.0217575073242187,0.206387466729856,0.40057479256478,0.2493990426186122,0.1215686274509803,0.3568627450980392,0.7725490196078432,0.0234970092773437,0.1612044496098492,0.2438074479541277,0.5450980392156862,0.7363618306518513,-0.0151306651161288,0.4275454605644938
ISPY2-553012,0,256.0,72.0,7.0,0.0,2.0,6.0,2.2,0.7031,31.0,31.0,173.0,192.0,157.0,174.0,0.20120029127,63.0,1.0,1.0,0.0,1.0,0.0,HRposHER2neg,0.0,0.0,1.0,spy2,0,train,5,0,4,4,1.0,20.0,18.0,179.9936,0.18332129960952626,5,0.47437744140625,0.2084077722886029,0.3798590761695421,0.1183473405979052,0.2156862745098039,0.3803921568627451,0.5333333333333333,0.0,0.260438782935049,0.4635838468785875,0.1787328650460237,0.3098039215686274,0.4196078431372549,0.7058823529411765,0.013299560546875,0.2660458314185049,0.4733815070885411,0.1844774110131356,0.3137254901960784,0.4274509803921568,0.7333333333333333,0.014691162109375,0.0837247707090453,0.1602138479980797,0.2823529411764706,0.7313743932743445,0.0097976602099536,0.4179788197589354
ISPY2-782334,0,384.0,176.0,7.0,0.0,2.0,6.0,1.0,0.88541668653488,112.0,139.0,139.0,201.0,242.0,285.0,3.643858670476399,46.0,0.0,0.0,1.0,1.0,0.0,HRposHER2neg,0.0,0.0,1.0,spy2,0,train,10,10,21,0,28.0,63.0,44.0,340.00000762939396,1.535545630658607,10,0.6204971313476563,0.1214008047066482,0.2735047788751745,0.1726806763801519,0.1215686274509803,0.2196078431372549,0.5098039215686274,0.0019607543945312,0.1754367783490349,0.3521311016857821,0.2173833609506235,0.1411764705882353,0.2901960784313726,0.6627450980392157,0.0138198852539062,0.1911786247702206,0.3943864920471125,0.2339617049221109,0.1568627450980392,0.3294117647058823,0.7686274509803922,0.0198318481445312,0.0786263228106075,0.1030623934470569,0.196078431372549,0.8126942515610488,0.0422553903613304,0.2457711962880612
ISPY2-836114,0,256.0,80.0,8.0,0.0,2.0,5.0,2.0,0.625,30.0,57.0,89.0,187.0,44.0,121.0,32.1625,48.0,0.0,1.0,0.0,1.0,0.0,HRposHER2neg,0.0,0.0,1.0,spy2,0,train,10,11,20,1,28.0,99.0,78.0,160.0,3.501419719463858,10,0.677154541015625,0.1057843795477175,0.2749545807546953,0.1526748338416181,0.1137254901960784,0.2392156862745098,0.4823529411764706,0.0001541137695312,0.1509971887925092,0.3923644326810978,0.2717073867450511,0.1294117647058823,0.3137254901960784,0.9137254901960784,0.0236618041992187,0.1675185020297181,0.4313395202111471,0.2711806573363676,0.1529411764705882,0.3647058823529411,0.9372549019607844,0.0249496459960937,0.1174098519264024,0.1583899460296585,0.4196078431372549,0.8496644295302014,0.0389750875300493,0.1907221854617638
ISPY2-944419,0,256.0,80.0,9.0,0.0,2.0,5.0,2.0,0.6445,38.0,62.0,109.0,189.0,67.0,132.0,4.4719837715,38.0,0.0,1.0,0.0,1.0,0.0,HRposHER2neg,0.0,0.0,1.0,spy2,0,train,10,4,13,2,25.0,81.0,66.0,164.992,1.6996412145812023,10,0.7171783447265625,0.0893311623965992,0.2481572858979038,0.1073529624361647,0.1137254901960784,0.2431372549019607,0.392156862745098,0.0,0.1423454254748774,0.408694351438984,0.2819867016376584,0.1254901960784313,0.3215686274509804,0.9215686274509804,0.020611572265625,0.1504407755533854,0.4288350074316211,0.2641085099906498,0.1450980392156863,0.3607843137254902,0.8705882352941177,0.014227294921875,0.1605370655410802,0.2118689594149012,0.5490196078431373,0.8445913137307796,0.0201406559926371,0.2909090909090909
ISPY2-159352,0,256.0,160.0,7.0,0.0,2.0,5.0,1.2000000477,1.171875,23.0,65.0,82.0,120.0,41.0,77.0,11.7927250781358,57.0,1.0,1.0,0.0,1.0,1.0,HER2pos,0.0,1.0,0.0,spy2,0,train,10,13,24,4,43.0,39.0,37.0,300.0,2.5488766560809872,10,0.6550811767578125,0.1268200504078584,0.3144990790526238,0.1760221791637804,0.1294117647058823,0.2784313725490196,0.5333333333333333,0.0024383544921875,0.1953700226428462,0.4870990166325681,0.2473237289185429,0.196078431372549,0.4392156862745098,0.8823529411764706,0.0180252075195312,0.1921010813993566,0.4822439229356926,0.2417694273795423,0.192156862745098,0.4392156862745098,0.8588235294117647,0.015496826171875,0.1725999375799442,0.1858741919805212,0.4823529411764706,0.879551064827513,-0.0048550936968755,0.4982835352096476
ISPY2-374121,0,312.0,88.0,7.0,0.0,2.0,5.0,2.0,0.5469,31.0,60.0,55.0,202.0,111.0,204.0,22.058596237500005,57.0,1.0,1.0,0.0,0.0,0.0,TripleNeg,1.0,0.0,0.0,spy2,0,train,10,14,23,1,30.0,148.0,94.0,170.6328,3.1380386386384718,10,0.52647705078125,0.1359105368221507,0.2545253826312046,0.1393084839402755,0.1176470588235294,0.2039215686274509,0.4745098039215686,4.57763671875e-06,0.2037577371036305,0.3741413259898066,0.251697101094617,0.1372549019607843,0.2901960784313726,0.796078431372549,0.0319427490234375,0.2206727749693627,0.405725011512171,0.2538098150451618,0.1529411764705882,0.3254901960784314,0.8470588235294118,0.0281784057617187,0.1196159433586019,0.1600751704821511,0.3843137254901961,0.8072007682194323,0.0315836855223644,0.3239830115232915
ACRIN-6698-103939,0,256.0,64.0,7.0,0.0,2.0,5.0,2.5,0.5859,22.0,46.0,112.0,183.0,108.0,182.0,15.8285859291,51.0,0.0,1.0,0.0,1.0,0.0,HRposHER2neg,0.0,0.0,1.0,spy2,0,train,10,6,15,0,25.0,72.0,75.0,149.9904,2.823078983823092,10,0.657501220703125,0.09676773370481,0.243747067034958,0.1042538896793095,0.1215686274509803,0.2235294117647059,0.3843137254901961,0.0,0.2094831997740502,0.5183586751995639,0.238283744041393,0.2196078431372549,0.4941176470588235,0.8784313725490196,0.019366455078125,0.2037057854147518,0.5042740485662321,0.2185849421671409,0.2235294117647059,0.4941176470588235,0.8156862745098039,0.0066268920898437,0.2746116081646059,0.2102515403264604,0.592156862745098,0.9439009177581752,-0.0140846266333317,0.5005880780539963
ISPY2-676048,0,256.0,80.0,8.0,0.0,2.0,6.0,2.0,0.703125,36.0,66.0,82.0,157.0,61.0,132.0,12.69085693359375,52.0,0.0,1.0,0.0,0.0,0.0,TripleNeg,1.0,0.0,0.0,spy2,0,train,10,11,20,0,31.0,76.0,72.0,180.0,2.6167282329288994,10,0.485302734375,0.1691559137082567,0.3033133576454963,0.1379700530544597,0.1490196078431372,0.2823529411764706,0.4823529411764706,0.0002792358398437,0.2602989585726869,0.4524780455773999,0.2139133625130882,0.2156862745098039,0.4078431372549019,0.7764705882352941,0.0160903930664062,0.2862251850202972,0.5032982671770918,0.2156684060388345,0.2588235294117647,0.4588235294117647,0.8470588235294118,0.0248016357421875,0.1491646879319036,0.203206078950663,0.4901960784313725,0.8690174082155393,0.0508202215996919,0.212135945356228
ISPY2-416434,1,320.0,76.0,7.0,0.0,2.0,6.0,2.4,0.5078,20.0,55.0,113.0,245.0,133.0,264.0,60.48796440384,65.0,1.0,1.0,0.0,0.0,1.0,HER2pos,0.0,1.0,0.0,spy2,0,train,10,16,25,0,36.0,133.0,132.0,162.496,4.1188414549100125,10,0.5839935302734375,0.1175699989468443,0.255278792928881,0.0945590634720651,0.1411764705882353,0.2392156862745098,0.4,0.0,0.2057772109087775,0.4449863042703088,0.2673732761839763,0.196078431372549,0.3450980392156862,1.0,0.0449295043945312,0.2163279993393841,0.4696018665834696,0.260844211735444,0.2117647058823529,0.3843137254901961,0.9411764705882352,0.0249603271484375,0.1897075113414277,0.200130131332406,0.5607843137254902,0.9023929517228224,0.0246155623131607,0.3534078654899976
ISPY2-472799,1,256.0,134.0,6.0,0.0,2.0,5.0,1.2,0.6641,49.0,92.0,157.0,229.0,111.0,161.0,7.652202676548001,63.0,1.0,1.0,0.0,0.0,1.0,HER2pos,0.0,1.0,0.0,spy2,0,train,10,19,28,3,44.0,73.0,51.0,170.0096,2.1578139332149626,10,0.7418289184570312,0.0854868570963541,0.2382280800260054,0.1422535667925559,0.1098039215686274,0.188235294117647,0.4352941176470588,3.0517578125e-06,0.1631761019837622,0.4067440457668927,0.2683286174223098,0.1137254901960784,0.3411764705882353,0.8588235294117647,0.0186737060546875,0.1723162841796875,0.4308199206276086,0.2527271034119484,0.1411764705882353,0.3843137254901961,0.8431372549019608,0.0166030883789062,0.1685159657408872,0.2042135962636372,0.4823529411764706,0.7919382960489376,0.0240758748607158,0.3440881822748899
ISPY2-178649,1,256.0,64.0,7.0,0.0,2.0,6.0,2.5,0.8999999762,29.0,44.0,22.0,72.0,108.0,149.0,7.300124613904506,58.0,1.0,1.0,0.0,0.0,0.0,TripleNeg,1.0,0.0,0.0,spy2,0,train,10,3,12,0,16.0,51.0,42.0,230.3999939072,2.116270528413282,10,0.6974029541015625,0.0943234073414522,0.2632129731525508,0.109936002007862,0.1215686274509803,0.2549019607843137,0.4117647058823529,0.0,0.1795129992915134,0.4945924434016459,0.2892623903333049,0.1176470588235294,0.4509803921568627,0.9333333333333332,0.017919921875,0.167689011517693,0.4530894094312628,0.2649639947838748,0.1019607843137254,0.4274509803921568,0.8352941176470589,0.0080978393554687,0.231379470249095,0.2487498682442082,0.6039215686274509,0.8052896979476577,-0.041503033970383,0.5458020271292421
ACRIN-6698-928446,0,256.0,158.0,7.0,0.0,2.0,6.0,1.0,0.64453125,36.0,119.0,27.0,196.0,96.0,182.0,10.700402069091798,39.0,0.0,1.0,0.0,1.0,0.0,HRposHER2neg,0.0,0.0,1.0,spy2,0,train,10,35,71,1,84.0,170.0,87.0,165.0,2.459623206092892,10,0.6676605224609375,0.1134466313380821,0.2960311677218614,0.1730768471976203,0.1215686274509803,0.2431372549019607,0.5490196078431373,0.0004547119140625,0.1538831643497242,0.3827297540075525,0.2521471709175583,0.1098039215686274,0.3215686274509804,0.7725490196078432,0.0138214111328125,0.1659379128848805,0.4131751072344714,0.2663642355657403,0.1137254901960784,0.3490196078431372,0.8392156862745098,0.0189178466796875,0.086698586285691,0.15241115772323,0.2823529411764706,0.7047960992093737,0.030445353226919,0.3880221485569462
ISPY2-245655,0,256.0,134.0,6.0,0.0,2.0,5.0,1.2000000477,0.9375,51.0,104.0,30.0,137.0,56.0,131.0,36.202149876535394,43.0,0.0,1.0,0.0,0.0,0.0,TripleNeg,1.0,0.0,0.0,spy2,0,train,10,22,33,0,54.0,108.0,76.0,240.0,3.6163665519891692,10,0.684185791015625,0.110884219898897,0.2910983886046156,0.1729315352667393,0.1176470588235294,0.2431372549019607,0.5450980392156862,0.0006912231445312,0.1659236593807445,0.4002626480118746,0.2515955330527239,0.1529411764705882,0.3254901960784314,0.8549019607843137,0.0226303100585937,0.1696169206207874,0.423173542845428,0.2652509748053302,0.1647058823529411,0.3333333333333333,0.9725490196078432,0.0298538208007812,0.109164259407259,0.1409308212738335,0.3176470588235294,0.8048914829059003,0.0229108948335533,0.2982190827744815
ISPY2-117707,1,312.0,80.0,8.0,0.0,2.0,6.0,2.0,0.7421875,14.0,39.0,155.0,284.0,142.0,236.0,45.929229736328125,50.0,0.0,0.0,1.0,0.0,0.0,TripleNeg,1.0,0.0,0.0,spy2,0,train,10,9,18,1,26.0,130.0,95.0,231.5625,3.8486407166379237,10,0.3530838012695312,0.1577359966203278,0.2323719980558792,0.0726062833129441,0.1529411764705882,0.2196078431372549,0.3215686274509804,0.0,0.2768244724647671,0.3988474576929646,0.2337430678298325,0.2039215686274509,0.3098039215686274,0.8352941176470589,0.0446121215820312,0.2820669795017616,0.4130057409282802,0.1806145218301588,0.2431372549019607,0.3529411764705882,0.6980392156862745,0.0051437377929687,0.1664754596370854,0.2328698696229732,0.6,0.9070036772076808,0.0141582832353156,0.2397897929772173
ISPY2-553141,1,256.0,80.0,8.0,0.0,2.0,5.0,2.0,0.6055,9.0,27.0,48.0,166.0,137.0,195.0,4.541815537000001,70.0,1.0,1.0,0.0,1.0,0.0,HRposHER2neg,0.0,0.0,1.0,spy2,0,train,10,6,15,1,19.0,119.0,59.0,155.008,1.7123221613325312,10,0.71610107421875,0.1105562935623468,0.3541379698458908,0.1963319499980902,0.1294117647058823,0.3098039215686274,0.6392156862745098,0.0004074096679687,0.1509779866536458,0.4763638735797023,0.2576800369665858,0.188235294117647,0.4156862745098039,0.9294117647058824,0.0216842651367187,0.1570811911190257,0.4957001771341034,0.2521334693315165,0.2039215686274509,0.4431372549019607,0.9176470588235294,0.0206436157226562,0.1222259037338115,0.1278974719365822,0.3058823529411765,0.8894956357225782,0.019336303554401,0.2875478350604119
ISPY2-382853,1,384.0,72.0,8.0,0.0,2.0,6.0,2.5,0.8333333135,8.0,44.0,70.0,203.0,29.0,94.0,37.2517343379285,32.0,0.0,0.0,1.0,0.0,1.0,HER2pos,0.0,1.0,0.0,spy2,0,train,10,14,24,3,37.0,134.0,66.0,319.999992384,3.644188901412685,10,0.6210525512695313,0.1221861237170649,0.2806145607304517,0.1501731944525031,0.1254901960784313,0.2431372549019607,0.5019607843137255,7.62939453125e-06,0.2360303332758885,0.5470876967923677,0.2856181919500584,0.1686274509803921,0.5411764705882353,0.992156862745098,0.036279296875,0.217927952186734,0.4984687222503428,0.2502896625834048,0.1529411764705882,0.5098039215686274,0.8274509803921568,0.0185714721679687,0.2664731360619159,0.2595228482169873,0.6705882352941176,0.8698554844632711,-0.0486189745420248,0.563538114009833
ISPY2-631337,0,384.0,176.0,7.0,0.0,2.0,5.0,1.1000000238,0.8333333135,16.0,145.0,111.0,235.0,44.0,176.0,324.9308248969472,28.0,0.0,1.0,0.0,1.0,0.0,HRposHER2neg,0.0,0.0,1.0,spy2,0,train,10,59,68,3,130.0,125.0,133.0,319.999992384,5.786685165282821,10,0.544512939453125,0.1359264538334865,0.2704309826359959,0.1066851062897018,0.1372549019607843,0.2666666666666666,0.396078431372549,0.0,0.286044173895144,0.5776365963325579,0.2653832618023474,0.2235294117647059,0.5647058823529412,0.9882352941176472,0.0417678833007812,0.2830608592313878,0.5708487860015969,0.2499365495832008,0.2352941176470588,0.5607843137254902,0.9333333333333332,0.027349853515625,0.307205613696562,0.2371421504371005,0.6470588235294118,0.9226553392203894,-0.006787810330961,0.4927405630669865
ACRIN-6698-516763,1,256.0,72.0,7.0,0.0,2.0,5.0,2.2,0.625,13.0,60.0,55.0,208.0,41.0,220.0,74.924609375,50.0,1.0,0.0,1.0,0.0,1.0,HER2pos,0.0,1.0,0.0,spy2,0,train,10,20,29,3,48.0,154.0,180.0,160.0,4.329740866038762,10,0.6622665405273438,0.0899936930338541,0.222344101847356,0.1390552779322833,0.1098039215686274,0.1764705882352941,0.388235294117647,0.001739501953125,0.1583967081705729,0.3913785978208901,0.2542254212713526,0.1607843137254902,0.2980392156862745,0.8627450980392157,0.0246597290039062,0.1688704247568168,0.4155294025515346,0.2643417614671787,0.1764705882352941,0.3098039215686274,0.9450980392156862,0.0283843994140625,0.1690344959735341,0.1609681640060129,0.4235294117647059,0.946574680238731,0.0241508047306445,0.3217853318695021
ISPY2-685182,1,256.0,64.0,9.0,0.0,2.0,6.0,2.5000000002,0.8413461447,11.0,31.0,60.0,117.0,115.0,159.0,13.81041367088714,37.0,0.0,1.0,0.0,1.0,1.0,HER2pos,0.0,1.0,0.0,spy2,0,train,10,6,15,3,21.0,58.0,45.0,215.3846130432,2.6953305597523576,10,0.6514297485351562,0.1098685649797028,0.2781403779736453,0.1285432053869187,0.1254901960784313,0.2588235294117647,0.4549019607843137,0.0,0.2423986457375919,0.5753370123521198,0.2503747085262549,0.2745098039215686,0.5137254901960784,0.9882352941176472,0.03330078125,0.2134930300245098,0.5178866216398439,0.1912406435351466,0.2784313725490196,0.5019607843137255,0.7647058823529411,0.0090866088867187,0.2971966343784744,0.2908273584425334,0.788235294117647,0.9333914086473852,-0.0574503907122757,0.5808421504209001
ACRIN-6698-317641,1,256.0,80.0,8.0,0.0,2.0,6.0,2.0,0.625,34.0,53.0,100.0,160.0,74.0,121.0,3.09140625,28.0,0.0,1.0,0.0,0.0,0.0,TripleNeg,1.0,0.0,0.0,spy2,0,train,10,10,19,0,20.0,61.0,48.0,160.0,1.408888737365825,10,0.5972747802734375,0.1372340303308823,0.3125879188109147,0.1158509651824137,0.1529411764705882,0.3176470588235294,0.4588235294117647,1.52587890625e-06,0.2145162185968137,0.4872980283690789,0.2441993129510944,0.2156862745098039,0.4196078431372549,0.8901960784313725,0.0239791870117187,0.2108229573567708,0.4793366185181306,0.2059460032366675,0.2431372549019607,0.4431372549019607,0.7803921568627451,0.0102035522460937,0.1747101095581641,0.2072307974624471,0.5294117647058824,0.8375743568370402,-0.0079614098509482,0.4241730761944455
ACRIN-6698-587691,1,256.0,160.0,7.0,0.0,2.0,6.0,1.0,0.66666668653488,56.0,85.0,104.0,162.0,64.0,108.0,5.838667014678297,63.0,1.0,1.0,0.0,1.0,1.0,HER2pos,0.0,1.0,0.0,spy2,0,train,10,9,20,0,30.0,59.0,45.0,170.6666717529293,1.922592831747724,10,0.48333740234375,0.1133304610906862,0.2094776299178856,0.0836995022692351,0.1294117647058823,0.1843137254901961,0.3333333333333333,0.0,0.1885166841394761,0.3376698400565188,0.2501846872626876,0.1411764705882353,0.2196078431372549,0.8,0.0215255737304687,0.1819324388691023,0.3258895336043454,0.2122468045817377,0.1450980392156863,0.2352941176470588,0.6705882352941176,0.0052719116210937,0.1281922101386331,0.2044699574562985,0.5098039215686274,0.811116361488482,-0.0117803064521733,0.4315948021264028
ISPY2-174904,0,256.0,160.0,7.0,0.0,2.0,5.0,1.0,0.78125,18.0,55.0,62.0,104.0,91.0,133.0,3.831787109375,48.0,0.0,1.0,0.0,1.0,0.0,HRposHER2neg,0.0,0.0,1.0,spy2,0,train,10,23,32,3,38.0,43.0,43.0,200.0,1.5752164011716367,10,0.5534042358398438,0.1295586859011182,0.2436269803482088,0.1480682653107279,0.1137254901960784,0.196078431372549,0.4549019607843137,0.0003936767578125,0.2131919950597426,0.3735422310484459,0.2100936459363345,0.1764705882352941,0.3098039215686274,0.6941176470588235,0.0117095947265625,0.2239145615521599,0.4017266205172452,0.2384903561256833,0.1764705882352941,0.3215686274509804,0.807843137254902,0.0229446411132812,0.129915250700237,0.1185554377968901,0.2823529411764706,0.9037006160290556,0.0281843894687992,0.3695320160857726
ISPY2-778020,0,256.0,160.0,6.0,0.0,2.0,5.0,1.0,0.5625,29.0,73.0,153.0,234.0,78.0,160.0,16.132921875,54.0,1.0,1.0,0.0,1.0,0.0,HRposHER2neg,0.0,0.0,1.0,spy2,0,train,10,16,25,1,45.0,82.0,83.0,144.0,2.8410018684268223,10,0.4397552490234375,0.153641710468367,0.2590570001103322,0.1056117355911917,0.1411764705882353,0.2431372549019607,0.392156862745098,5.340576171875e-05,0.2368674603630514,0.3860092424875016,0.2088706780720007,0.196078431372549,0.3333333333333333,0.6745098039215687,0.0288711547851562,0.2530791039560355,0.4146279608797997,0.2021808412271453,0.2196078431372549,0.3686274509803922,0.6901960784313725,0.0239578247070312,0.1269522423771694,0.1793826640247969,0.3607843137254902,0.8609006378655744,0.028618718392298,0.2603074392230132
ACRIN-6698-695521,0,256.0,72.0,7.0,0.0,2.0,6.0,2.2,0.7031,17.0,44.0,147.0,208.0,84.0,150.0,5.844596569108,57.0,0.0,1.0,0.0,1.0,0.0,HRposHER2neg,0.0,0.0,1.0,spy2,1,test,10,9,19,-1,28.0,62.0,67.0,179.9936,1.9234595189622996,10,0.4272537231445312,0.1471414603439031,0.2433571878752167,0.1055290519253375,0.1254901960784313,0.2196078431372549,0.4,0.0,0.2587408387427236,0.4268358241779481,0.2674532481912953,0.1568627450980392,0.3333333333333333,0.8666666666666667,0.02554931640625,0.231228500067019,0.3798001003494469,0.2067971828615862,0.1568627450980392,0.3294117647058823,0.6901960784313725,0.0011642456054687,0.1834786363027314,0.208052481777498,0.5254901960784314,0.9084067083161274,-0.0470357238285011,0.5210933649478494
ISPY2-493472,0,256.0,124.0,7.0,0.0,2.0,5.0,1.2999999523,0.5859375,26.0,76.0,95.0,147.0,134.0,187.0,8.193980869998219,66.0,1.0,1.0,0.0,1.0,0.0,HRposHER2neg,0.0,0.0,1.0,spy2,0,train,10,9,18,0,51.0,53.0,54.0,150.0,2.2185490166768704,10,0.5069091796875,0.148992524988511,0.2769167207904105,0.1636852220824494,0.1372549019607843,0.2196078431372549,0.4823529411764706,0.0023025512695312,0.2168543737074908,0.4027906614940871,0.2084265647797917,0.2,0.3529411764705882,0.6666666666666666,0.0225234985351562,0.2391359157188265,0.4456422255489313,0.2169234037545348,0.2352941176470588,0.392156862745098,0.7764705882352941,0.0329864501953125,0.1258739407036766,0.1448086076188693,0.3607843137254902,0.8911812397880874,0.0428515640548441,0.2769501658662177
ISPY2-885590,0,256.0,160.0,7.0,0.0,2.0,5.0,1.2999999523,1.40625,63.0,96.0,47.0,102.0,50.0,96.0,7.992619335638592,47.0,0.0,1.0,0.0,1.0,0.0,HRposHER2neg,0.0,0.0,1.0,spy2,0,train,10,15,24,1,34.0,56.0,47.0,360.0,2.1964041670737995,10,0.566693115234375,0.14912483364928,0.3034845882347417,0.1778062294638568,0.1254901960784313,0.2705882352941176,0.5294117647058824,0.0055313110351562,0.1854514327703737,0.3677914116359995,0.197623421441815,0.1647058823529411,0.3333333333333333,0.6235294117647059,0.0135116577148437,0.1861651072782628,0.3714113073285601,0.206049067017872,0.1607843137254902,0.3333333333333333,0.6470588235294118,0.0165298461914062,0.0643068234012577,0.0931452845893222,0.1725490196078431,0.8376459650951502,0.0036198956925606,0.4559604468046145
ISPY2-443708,0,256.0,88.0,6.0,0.0,2.0,5.0,1.8,0.6641,21.0,71.0,85.0,219.0,58.0,213.0,62.75954633790601,55.0,,1.0,0.0,0.0,0.0,TripleNeg,1.0,0.0,0.0,spy2,0,train,10,21,38,2,51.0,135.0,156.0,170.0096,4.155118919304608,10,0.4562271118164063,0.1393855495078891,0.240258552581589,0.1275629900109064,0.1254901960784313,0.2,0.4,0.0011062622070312,0.2058674651501225,0.3511601968822953,0.2372028363542545,0.1411764705882353,0.2627450980392157,0.7529411764705882,0.0215103149414062,0.2219863891601562,0.3767703122970223,0.2419186345967433,0.1529411764705882,0.2901960784313726,0.796078431372549,0.0241928100585937,0.1109016443007063,0.1821570502341891,0.3843137254901961,0.7910300336450906,0.0256101154147269,0.3443977697149287
ISPY2-622078,0,384.0,144.0,6.0,0.0,2.0,5.0,1.2000000477,0.9375,39.0,125.0,94.0,175.0,73.0,160.0,68.49140897253339,46.0,0.0,1.0,0.0,0.0,1.0,HER2pos,0.0,1.0,0.0,spy2,1,test,10,29,38,-1,87.0,82.0,88.0,360.0,4.241203133024171,10,0.7351806640625,0.1040907377355239,0.323997689792244,0.179075217762595,0.1254901960784313,0.2901960784313726,0.5686274509803921,0.0007858276367187,0.1601000797047334,0.4602866835864981,0.2439134644187109,0.2,0.403921568627451,0.9058823529411764,0.0204055786132812,0.166152146283318,0.4914072428086197,0.2575149405708785,0.2117647058823529,0.4235294117647059,1.0,0.0265411376953125,0.1362889937942541,0.1610429602762912,0.3686274509803922,0.8191550659168434,0.0311205592221215,0.3674979256937402
ISPY2-627118,0,256.0,80.0,8.0,0.0,2.0,5.0,2.0,0.625,14.0,74.0,2.0,220.0,55.0,207.0,80.60625,44.0,0.0,1.0,0.0,0.0,1.0,HER2pos,0.0,1.0,0.0,spy2,0,train,10,28,37,0,61.0,219.0,153.0,160.0,4.401905852174211,10,0.5374740600585938,0.1717908373066023,0.3630897672326673,0.1007826986691614,0.2470588235294117,0.3529411764705882,0.4901960784313725,0.0,0.234858476227405,0.4976585096315966,0.2089583598525091,0.2823529411764706,0.4392156862745098,0.8274509803921568,0.0205490112304687,0.256603806439568,0.5438281004848191,0.2166023065498059,0.3019607843137254,0.4901960784313725,0.9019607843137256,0.02713623046875,0.1345687423989294,0.1484698220225551,0.3803921568627451,0.9146149557437458,0.0461695908532223,0.1374269681084451
ISPY2-916645,1,256.0,80.0,8.0,0.0,2.0,5.0,2.0,0.6641,14.0,36.0,44.0,142.0,60.0,138.0,15.74561057462,50.0,0.0,1.0,0.0,1.0,0.0,HRposHER2neg,0.0,0.0,1.0,spy2,0,train,10,5,14,3,23.0,99.0,79.0,170.0096,2.8181361686820323,10,0.6348526000976562,0.1293516031901041,0.3119898122431214,0.1754976757986842,0.1137254901960784,0.2666666666666666,0.5607843137254902,0.0,0.1915297025792739,0.431024889030258,0.3019268577262838,0.0901960784313725,0.3529411764705882,0.8823529411764706,0.0147491455078125,0.1987616265988817,0.4438767718635157,0.2955022453444365,0.1058823529411764,0.3843137254901961,0.8745098039215686,0.013983154296875,0.1190350767871366,0.2291266096943853,0.4313725490196078,0.6994981258070313,0.0128518828332576,0.4040734967802326
ACRIN-6698-899692,1,256.0,72.0,7.0,0.0,2.0,6.0,2.2,0.7031,18.0,45.0,108.0,174.0,143.0,199.0,10.513530895714,57.0,1.0,0.0,1.0,0.0,0.0,TripleNeg,1.0,0.0,0.0,spy2,0,train,10,12,21,2,28.0,67.0,57.0,179.9936,2.443522943345645,10,0.38623046875,0.1846754305970435,0.2877798251361005,0.1004826183235404,0.1568627450980392,0.2823529411764706,0.4117647058823529,0.0,0.272992846919041,0.4158654768590013,0.2133150004671839,0.2274509803921568,0.3529411764705882,0.7686274509803922,0.0303970336914062,0.2676505593692555,0.4067713354235887,0.2025376244731333,0.2235294117647059,0.3450980392156862,0.7215686274509804,0.0167236328125,0.1280856517229007,0.1700100407102488,0.392156862745098,0.8489459029435164,-0.0090941414354126,0.5216065035799523
ISPY2-427321,1,256.0,100.0,6.0,0.0,2.0,5.0,3.0,0.8008,11.0,45.0,60.0,207.0,94.0,205.0,216.19943112768,51.0,,0.0,1.0,1.0,0.0,HRposHER2neg,0.0,0.0,1.0,spy2,0,train,10,16,25,1,35.0,148.0,112.0,205.0048,5.380815968938855,10,0.5105148315429687,0.1106019382850796,0.2124528743131442,0.1038258788063784,0.1215686274509803,0.1803921568627451,0.3294117647058823,4.57763671875e-06,0.1987640680051317,0.3846578280427321,0.2696698081992141,0.1529411764705882,0.2745098039215686,0.9098039215686274,0.0292617797851562,0.2110929661171109,0.407070067863923,0.2526729656009518,0.1686274509803921,0.3098039215686274,0.8431372549019608,0.0157333374023437,0.1722049537295879,0.214210799889181,0.6078431372549019,0.9030172480976592,0.0224122398211908,0.303782236922089
ISPY2-581648,0,256.0,64.0,7.0,0.0,2.0,6.0,2.5,0.8999999762,21.0,34.0,119.0,156.0,140.0,173.0,6.2349746702391045,42.0,0.0,1.0,0.0,0.0,0.0,TripleNeg,1.0,0.0,0.0,spy2,0,train,10,3,12,2,14.0,38.0,34.0,230.3999939072,1.9789268590737394,10,0.6580581665039062,0.110143528358609,0.2832263627689412,0.1081575825030751,0.1294117647058823,0.2862745098039215,0.4196078431372549,0.0,0.2000682037951899,0.5091365575436538,0.292956102453898,0.0980392156862745,0.5019607843137255,0.9176470588235294,0.0158004760742187,0.1991265569948682,0.5069415150874825,0.2617455782837625,0.1411764705882353,0.4980392156862745,0.8666666666666667,0.008843994140625,0.2259101947747125,0.2620456517219717,0.6,0.7766795332336732,-0.0021950424561712,0.4655927173743278
ACRIN-6698-172366,1,320.0,64.0,7.0,0.0,2.0,5.0,2.5,0.625,13.0,39.0,35.0,153.0,201.0,280.0,32.068359375,51.0,0.0,1.0,0.0,0.0,0.0,TripleNeg,1.0,0.0,0.0,spy2,0,train,10,7,16,3,27.0,119.0,80.0,200.0,3.498576915088724,10,0.6359542846679688,0.1045678471583946,0.2257557942051332,0.1225486485407572,0.1137254901960784,0.188235294117647,0.388235294117647,0.0,0.1946941181257659,0.4232993587658928,0.2743151376741732,0.1333333333333333,0.3490196078431372,0.9176470588235294,0.0259384155273437,0.2103890692018995,0.4320193470692857,0.2650676842833732,0.1333333333333333,0.3725490196078431,0.8666666666666667,0.0127090454101562,0.1975435645607596,0.2153740060931775,0.5568627450980392,0.864184490801866,0.0087199883033928,0.443463645470511
ACRIN-6698-329076,0,256.0,80.0,8.0,0.0,2.0,6.0,2.0,0.6055,21.0,53.0,105.0,169.0,85.0,138.0,13.4413982255,43.0,0.0,1.0,0.0,1.0,0.0,HRposHER2neg,0.0,0.0,1.0,spy2,0,train,10,11,21,0,33.0,65.0,54.0,155.008,2.670098958797732,10,0.5929702758789063,0.1361210841758578,0.2987137964677494,0.1366149252746197,0.1294117647058823,0.2823529411764706,0.4901960784313725,0.0,0.228134173224954,0.503123240216458,0.2589486631202977,0.1803921568627451,0.4823529411764706,0.8941176470588236,0.023321533203125,0.2255316162109375,0.4976832841319815,0.253447720013474,0.188235294117647,0.4666666666666667,0.8823529411764706,0.0230133056640625,0.2044094437487086,0.189772133387489,0.4941176470588235,0.894605830905976,-0.0054399560844765,0.4094042758977473
ISPY2-903880,0,256.0,64.0,8.0,0.0,2.0,5.0,2.5,0.5859,41.0,53.0,53.0,119.0,112.0,168.0,11.375401566375,53.0,0.0,1.0,0.0,1.0,1.0,HER2pos,0.0,1.0,0.0,spy2,0,train,10,2,11,0,13.0,67.0,57.0,149.9904,2.5157107577363513,10,0.5618972778320312,0.1291964542164522,0.2767306534616006,0.1283779872286726,0.1450980392156863,0.2470588235294117,0.4588235294117647,0.0002334594726562,0.1704496076995251,0.3659760436226107,0.2141112195322581,0.1686274509803921,0.3058823529411765,0.6823529411764706,0.0164947509765625,0.1865794761508118,0.400485669983299,0.2224211944330366,0.188235294117647,0.3372549019607843,0.7568627450980392,0.017669677734375,0.0892453901610101,0.1203491723966502,0.2431372549019607,0.8152691430263135,0.0345096263606882,0.2786514114553401
ACRIN-6698-146987,0,256.0,80.0,8.0,0.0,2.0,6.0,2.0,0.6836,22.0,40.0,144.0,202.0,96.0,148.0,7.57414362368,53.0,1.0,0.0,0.0,1.0,0.0,HRposHER2neg,0.0,0.0,1.0,spy2,0,train,10,7,16,0,19.0,59.0,53.0,175.0016,2.1487511191061666,10,0.6652496337890625,0.1003170896043964,0.2523867312831178,0.0880141273551242,0.1254901960784313,0.2627450980392157,0.3568627450980392,0.0,0.19185920864928,0.5064338844179219,0.2868274406291096,0.1647058823529411,0.4274509803921568,0.9568627450980391,0.0245086669921875,0.1937593946269914,0.5006503473840329,0.2428744146740671,0.2,0.4509803921568627,0.8588235294117647,0.0079620361328125,0.2540471531348042,0.2360109904914822,0.6235294117647059,0.9324511582536398,-0.0057835370338889,0.4125087746487861
ISPY2-913225,1,256.0,80.0,8.0,0.0,2.0,5.0,2.0,0.5664,25.0,51.0,137.0,203.0,82.0,165.0,7.997767372800001,51.0,1.0,0.0,0.0,1.0,1.0,HER2pos,0.0,1.0,0.0,spy2,0,train,10,9,18,0,27.0,67.0,84.0,144.9984,2.196976476872956,10,0.5707550048828125,0.1360185870002297,0.2745628331315463,0.1385142556185197,0.1176470588235294,0.2431372549019607,0.4784313725490196,1.52587890625e-06,0.2375093826593137,0.4753281182367369,0.2702054036321411,0.1333333333333333,0.4705882352941176,0.8705882352941177,0.0255859375,0.2411803959865196,0.4808410510768596,0.2640322208325331,0.1450980392156863,0.4705882352941176,0.8627450980392157,0.0223800659179687,0.2007652851051906,0.2049081817152572,0.4980392156862745,0.8329565248302584,0.0055129328401226,0.4304361736162952
ISPY2-201873,1,256.0,134.0,6.0,0.0,2.0,5.0,1.2,0.7031,9.0,121.0,39.0,236.0,9.0,209.0,123.77169603460796,49.0,0.0,1.0,0.0,1.0,1.0,HER2pos,0.0,1.0,0.0,spy2,0,train,10,61,74,3,113.0,198.0,201.0,179.9936,4.826485635619057,10,0.5240249633789062,0.122818406048943,0.2313004877524446,0.1289910487219207,0.1137254901960784,0.1803921568627451,0.4156862745098039,0.0,0.2094456631529564,0.3917869767362922,0.2514659995201314,0.1568627450980392,0.2862745098039215,0.8,0.0219192504882812,0.2395709527707567,0.4497053401962512,0.2742580336363129,0.1803921568627451,0.3372549019607843,0.9333333333333332,0.0346878051757812,0.1604864889838475,0.1604544080623192,0.403921568627451,0.9522913427476878,0.0579183634599591,0.1496882363312869
ISPY2-345574,1,256.0,80.0,8.0,0.0,2.0,5.0,2.0,0.6641,38.0,79.0,50.0,178.0,110.0,201.0,7.65449602636,39.0,0.0,0.0,0.0,0.0,0.0,TripleNeg,1.0,0.0,0.0,spy2,0,train,10,11,21,2,42.0,129.0,92.0,170.0096,2.158078957742724,10,0.6049911499023437,0.1091488228592218,0.2467172827496684,0.1499037930046883,0.1137254901960784,0.196078431372549,0.4470588235294118,0.0018417358398437,0.1600572773054534,0.357589924289471,0.2231669288140053,0.1568627450980392,0.2862745098039215,0.6705882352941176,0.0183349609375,0.1739144299077052,0.3887219889713504,0.2272944285656626,0.1725490196078431,0.3176470588235294,0.7215686274509804,0.0186004638671875,0.1108726415398026,0.1347497178817116,0.2352941176470588,0.9209457919520384,0.0311320646818793,0.2126486732876738
ISPY2-905264,0,256.0,64.0,7.0,0.0,2.0,6.0,2.5,0.8999999762,40.0,52.0,53.0,91.0,114.0,164.0,9.950849473710608,69.0,1.0,0.0,1.0,0.0,1.0,HER2pos,0.0,1.0,0.0,spy2,0,train,10,2,11,1,13.0,39.0,51.0,230.3999939072,2.3934170307613485,10,0.6596282958984375,0.1287285539215686,0.3317790057035788,0.1714044079807923,0.1215686274509803,0.3098039215686274,0.5686274509803921,0.000201416015625,0.1876964673808976,0.4825886755049899,0.2758812880460832,0.1294117647058823,0.4627450980392157,0.8823529411764706,0.0147048950195312,0.1923421942018995,0.4831928051541239,0.2711460475146579,0.1294117647058823,0.4745098039215686,0.8745098039215686,0.0136978149414062,0.1508096698014111,0.1786102552765607,0.4313725490196078,0.8093927357822348,0.000604129649134,0.4089372652040203
ISPY2-142688,0,256.0,88.0,8.0,0.0,2.0,6.0,1.8,0.5469,26.0,55.0,148.0,211.0,104.0,177.0,10.424099967876002,45.0,0.0,0.0,0.0,0.0,0.0,TripleNeg,1.0,0.0,0.0,spy2,0,train,10,10,22,1,30.0,64.0,74.0,140.0064,2.4357251562483673,10,0.5221115112304687,0.128458958046109,0.2413197969352465,0.0888133704959412,0.1215686274509803,0.2470588235294117,0.3568627450980392,0.0,0.272913345636106,0.5107525312504715,0.2735118174860346,0.1843137254901961,0.4470588235294118,0.9568627450980391,0.03502197265625,0.2491810996859681,0.462499928784467,0.2127822909513977,0.2,0.4274509803921568,0.7803921568627451,0.0013412475585937,0.2694327343152249,0.2313296984608151,0.6352941176470588,0.9471533163680717,-0.0482526024660045,0.5541861304196507
ACRIN-6698-655128,0,256.0,80.0,8.0,0.0,2.0,6.0,2.0,0.6641,29.0,52.0,164.0,233.0,93.0,154.0,10.70200510346,49.0,0.0,0.0,0.0,1.0,0.0,HRposHER2neg,0.0,0.0,1.0,spy2,0,train,10,8,17,3,24.0,70.0,62.0,170.0096,2.4597602034845614,10,0.5768157958984375,0.1215419395297181,0.2482521716617042,0.1084704948195811,0.1137254901960784,0.2352941176470588,0.396078431372549,0.0,0.2187561214671415,0.4530827040664898,0.2847862717407879,0.1294117647058823,0.396078431372549,0.9529411764705882,0.0326904296875,0.2216534902535233,0.4524720101570689,0.2526868915714345,0.1411764705882353,0.4235294117647059,0.8470588235294118,0.011004638671875,0.2048305324047856,0.2213568998667756,0.5803921568627451,0.8643532440559895,-0.0006106939094209,0.4425682740915417
ISPY2-309830,0,256.0,160.0,7.0,0.0,2.0,5.0,1.0,0.859375,20.0,121.0,44.0,131.0,33.0,137.0,95.05781860351564,32.0,0.0,1.0,0.0,0.0,0.0,TripleNeg,1.0,0.0,0.0,spy2,0,train,10,45,71,0,102.0,88.0,105.0,220.0,4.564950287291716,10,0.6422653198242188,0.1026867077397365,0.2337479713248519,0.1133666724754642,0.1176470588235294,0.2039215686274509,0.388235294117647,0.0,0.1978072282379749,0.3941785083587061,0.2323292812416983,0.1686274509803921,0.3294117647058823,0.7686274509803922,0.0171096801757812,0.2012546973134957,0.4173311939461532,0.2463211327160722,0.1803921568627451,0.3450980392156862,0.8588235294117647,0.023480224609375,0.1604305370338542,0.1754258285069297,0.4352941176470588,0.8951523811554949,0.023152685587447,0.3118044743969801
ACRIN-6698-929980,1,256.0,72.0,7.0,0.0,2.0,5.0,2.2,0.625,22.0,35.0,144.0,174.0,124.0,157.0,1.393046875,55.0,1.0,1.0,0.0,0.0,1.0,HER2pos,0.0,1.0,0.0,spy2,0,train,10,3,12,2,14.0,31.0,34.0,160.0,0.8725673971171696,10,0.5450515747070312,0.143619420668658,0.2946704060034572,0.1071761395079676,0.1450980392156863,0.2980392156862745,0.4313725490196078,0.0,0.2632178811465993,0.5268737769965023,0.2561492652938247,0.2117647058823529,0.4901960784313725,0.9098039215686274,0.0239944458007812,0.245234650256587,0.4903752588221484,0.202912626166233,0.2313725490196078,0.4823529411764706,0.7686274509803922,0.0026229858398437,0.2322033709930451,0.2138964323806006,0.5490196078431373,0.8919823581694085,-0.0364985181743539,0.5017457362781104
ISPY2-712276,1,320.0,76.0,7.0,0.0,2.0,5.0,2.4,0.625,39.0,52.0,165.0,223.0,210.0,261.0,9.350625,56.0,1.0,1.0,0.0,1.0,0.0,HRposHER2neg,0.0,0.0,1.0,spy2,0,train,10,4,13,4,14.0,59.0,52.0,200.0,2.3370469043616184,10,0.5660919189453125,0.1679415355009191,0.3752382355078714,0.0909542481877986,0.2823529411764706,0.3647058823529411,0.4823529411764706,9.1552734375e-06,0.2181036017922794,0.4878132199969302,0.148618626819917,0.3686274509803922,0.4549019607843137,0.6431372549019608,0.0165420532226562,0.2336378688438266,0.5230071077965941,0.1632650298681395,0.3803921568627451,0.4784313725490196,0.7450980392156863,0.0215682983398437,0.1125749844890587,0.0975180776904194,0.2156862745098039,0.942278612773679,0.0351938877996638,0.251953468417462
ISPY2-966016,1,256.0,66.0,7.0,0.0,2.0,6.0,2.4,0.625,16.0,36.0,146.0,219.0,119.0,176.0,8.304375,53.0,1.0,1.0,0.0,1.0,0.0,HRposHER2neg,0.0,0.0,1.0,spy2,0,train,10,6,15,3,21.0,74.0,58.0,160.0,2.230484719649185,10,0.4575851440429688,0.2219273346545649,0.3970415007683407,0.1333650172374567,0.2549019607843137,0.3764705882352941,0.5686274509803921,0.0002532958984375,0.2625734755572151,0.4715576259394516,0.1719562085742152,0.3019607843137254,0.4392156862745098,0.7058823529411765,0.0159164428710937,0.2875334137561274,0.5178592012819891,0.1776236099448857,0.3333333333333333,0.4941176470588235,0.7568627450980392,0.01905517578125,0.0745161251711108,0.1117758422359217,0.196078431372549,0.7846133505121288,0.0463015753425375,0.2461818908115011
ACRIN-6698-649198,0,256.0,124.0,7.0,0.0,2.0,5.0,1.2999999523,0.5859375,40.0,69.0,66.0,157.0,175.0,230.0,6.95901463723581,50.0,0.0,1.0,0.0,0.0,1.0,HER2pos,0.0,1.0,0.0,spy2,0,train,10,7,27,3,30.0,92.0,56.0,150.0,2.074305202901781,10,0.5268814086914062,0.1340226356655943,0.2605846389345416,0.160753368253297,0.1176470588235294,0.2,0.4784313725490196,0.0010940551757812,0.1699923765893076,0.3350503025539465,0.2263468649321462,0.1372549019607843,0.2470588235294117,0.6823529411764706,0.0135360717773437,0.1914605353860294,0.3799804378781213,0.2525887760227636,0.1529411764705882,0.2784313725490196,0.807843137254902,0.0243255615234375,0.0744656636194048,0.1014505630072361,0.1803921568627451,0.8888483953261112,0.0449301353241747,0.1254648248904254
ISPY2-953262,0,256.0,160.0,7.0,0.0,2.0,5.0,1.1499999762,1.2890625,72.0,118.0,86.0,127.0,35.0,78.0,12.036975840364468,36.0,0.0,1.0,0.0,1.0,0.0,HRposHER2neg,0.0,0.0,1.0,spy2,0,train,10,21,30,0,47.0,42.0,44.0,330.0,2.567789615519798,10,0.6641433715820313,0.1180683869006587,0.2976091931045658,0.1721968355503393,0.1254901960784313,0.2549019607843137,0.5294117647058824,0.0014312744140625,0.1659551822437959,0.4009194636797415,0.227565012911835,0.1764705882352941,0.3333333333333333,0.7568627450980392,0.0172836303710937,0.1690233058555453,0.4136403533504248,0.2406594530058111,0.1764705882352941,0.3411764705882353,0.8352941176470589,0.0229202270507812,0.1033102705751757,0.1214320595376815,0.2705882352941176,0.8696770207217399,0.0127208896706833,0.4070202219829447
ISPY2-974181,1,384.0,176.0,7.0,0.0,2.0,5.0,1.1000000238,0.8333333135,78.0,131.0,146.0,186.0,239.0,286.0,6.325763724649052,41.0,0.0,1.0,0.0,0.0,0.0,TripleNeg,1.0,0.0,0.0,spy2,0,train,10,29,38,0,54.0,41.0,48.0,319.999992384,1.991397412218872,10,0.6373397827148437,0.1233603024950214,0.2846120180115652,0.1680932533744837,0.1176470588235294,0.2392156862745098,0.5254901960784314,0.00074462890625,0.183760471717984,0.4089994466775615,0.2158011118809583,0.1843137254901961,0.3568627450980392,0.7333333333333333,0.0127487182617187,0.1882303574505974,0.4255105156425581,0.2283046582627274,0.188235294117647,0.3725490196078431,0.807843137254902,0.0200942993164062,0.1243874286659962,0.1434556156428032,0.3372549019607843,0.8409789921446693,0.0165110689649966,0.3589722013017886
ISPY2-357017,0,256.0,134.0,7.0,0.0,2.0,6.0,1.2,0.5652173758,20.0,129.0,14.0,175.0,15.0,226.0,261.6683402758516,45.0,0.0,1.0,0.0,1.0,0.0,HRposHER2neg,0.0,0.0,1.0,spy2,0,train,10,67,76,2,110.0,162.0,212.0,144.6956482048,5.570892172778043,10,0.5043380737304688,0.1581141572840073,0.2889558183842068,0.1412635210043113,0.1254901960784313,0.2705882352941176,0.4980392156862745,0.0001266479492187,0.2737014411477482,0.5012810708622671,0.2855657755153192,0.1568627450980392,0.4627450980392157,0.9607843137254902,0.0399185180664062,0.2700012685738358,0.4846604152055266,0.2621119744508616,0.1607843137254902,0.4549019607843137,0.8745098039215686,0.0191619873046875,0.2123252524780603,0.171758528545401,0.4509803921568627,0.9098747987452168,-0.0166206556567405,0.5546350939086373
ISPY2-380239,0,256.0,80.0,8.0,0.0,2.0,5.0,2.0,0.5078,44.0,58.0,92.0,170.0,78.0,154.0,3.5213476310400007,55.0,1.0,1.0,0.0,0.0,0.0,TripleNeg,1.0,0.0,0.0,spy2,0,train,10,6,15,0,15.0,79.0,77.0,129.9968,1.5088100978668972,10,0.628106689453125,0.091837630926394,0.2097592390749935,0.0905736762235424,0.1176470588235294,0.1843137254901961,0.3411764705882353,0.0,0.1613777609432445,0.3586022408503865,0.2271126990448081,0.1529411764705882,0.2784313725490196,0.7019607843137254,0.0129104614257812,0.1720603015376072,0.3882949887706474,0.2236493026513514,0.1764705882352941,0.3137254901960784,0.7294117647058823,0.0117233276367187,0.1488430017753929,0.196544512256788,0.4392156862745098,0.8497111486763717,0.0296927479202608,0.273916397236218
ISPY2-178815,0,256.0,80.0,8.0,0.0,2.0,5.0,2.0,0.5859,17.0,65.0,106.0,229.0,59.0,206.0,23.58119457414,39.0,0.0,1.0,0.0,1.0,0.0,HRposHER2neg,0.0,0.0,1.0,spy2,0,train,10,29,38,1,49.0,124.0,148.0,149.9904,3.2019817023931014,10,0.5877685546875,0.1183419500612745,0.2506943888008268,0.106021188184378,0.1254901960784313,0.2352941176470588,0.392156862745098,0.0,0.2047698675417432,0.4336369007182381,0.2284293630317814,0.1725490196078431,0.3843137254901961,0.7686274509803922,0.0083999633789062,0.2126413322897518,0.4509373385125444,0.218251596878346,0.196078431372549,0.4156862745098039,0.7647058823529411,0.0054794311523437,0.1829425119174113,0.1740499772477596,0.4392156862745098,0.892889398874741,0.0173004377943063,0.3777465205803968
ACRIN-6698-299962,0,256.0,80.0,7.0,0.0,2.0,5.0,2.0,0.7031,6.0,78.0,49.0,234.0,22.0,231.0,233.61380649848,41.0,0.0,1.0,0.0,0.0,0.0,TripleNeg,1.0,0.0,0.0,spy2,0,train,10,18,27,2,73.0,186.0,210.0,179.9936,5.457940785717377,10,0.4407684326171874,0.1287676164215686,0.21819107377629,0.087675093006584,0.1215686274509803,0.196078431372549,0.3490196078431372,0.0,0.2312764186485141,0.3914280141057399,0.246310106382708,0.1647058823529411,0.2980392156862745,0.8117647058823529,0.0251449584960937,0.2598504459156709,0.4405080026651832,0.2682326701153773,0.1686274509803921,0.3490196078431372,0.9058823529411764,0.036181640625,0.1732369403294499,0.1961459290002683,0.4980392156862745,0.8694917844026434,0.0490799885594432,0.2184213829270555
ISPY2-575372,1,256.0,80.0,11.0,0.0,2.0,6.0,2.0,0.5859,53.0,67.0,31.0,81.0,156.0,197.0,2.6569779894,66.0,1.0,1.0,0.0,0.0,0.0,TripleNeg,1.0,0.0,0.0,spy2,1,test,10,4,13,-1,15.0,51.0,42.0,149.9904,1.2966371203905862,10,0.5174240112304688,0.1827399878408394,0.3754484367001169,0.128253599039624,0.2549019607843137,0.3372549019607843,0.5568627450980392,0.000531005859375,0.2271425314510569,0.4673295716103434,0.174045287505565,0.3058823529411765,0.4078431372549019,0.7294117647058823,0.01153564453125,0.2333974860696231,0.4801191321811576,0.18585228389769,0.3019607843137254,0.4196078431372549,0.7568627450980392,0.0145645141601562,0.0918811349102264,0.0947347719416264,0.2,0.9368685990368716,0.0127895605708142,0.3586468138657627
ISPY2-350331,0,384.0,144.0,6.0,0.0,2.0,5.0,1.2000000477,0.9375,24.0,74.0,106.0,165.0,59.0,127.0,38.02043119881208,54.0,1.0,0.0,0.0,0.0,1.0,HER2pos,0.0,1.0,0.0,spy2,0,train,10,24,33,4,51.0,60.0,69.0,360.0,3.664085385846671,10,0.719647216796875,0.1029160802504595,0.3067142765058911,0.1936886240430452,0.1215686274509803,0.2274509803921568,0.5843137254901961,0.001629638671875,0.1715873508827359,0.4887455641913221,0.2456526196565024,0.2117647058823529,0.4352941176470588,0.9607843137254902,0.0266448974609375,0.171973164876302,0.4977082989161963,0.2499988205490099,0.2274509803921568,0.4392156862745098,1.0,0.030853271484375,0.182031287685431,0.1681944124338333,0.4549019607843137,0.9037456730455228,0.0089627347248742,0.392941893627675
ACRIN-6698-417474,1,256.0,80.0,8.0,0.0,2.0,6.0,2.0,0.625,39.0,45.0,139.0,165.0,92.0,117.0,0.71015625,63.0,1.0,0.0,0.0,0.0,0.0,TripleNeg,1.0,0.0,0.0,spy2,0,train,10,0,9,2,7.0,27.0,26.0,160.0,0.5365847406092001,10,0.7707473754882812,0.0729059914981617,0.235993716323347,0.0993690629120553,0.1098039215686274,0.2274509803921568,0.3686274509803922,0.0,0.1209663660386029,0.42567051833546,0.3057796937290202,0.1294117647058823,0.3098039215686274,1.0,0.0247726440429687,0.1220427270029105,0.4136845760847819,0.2528589509777813,0.1490196078431372,0.3411764705882353,0.8352941176470589,0.0045883178710937,0.1896768020121129,0.2357363432552133,0.6196078431372549,0.8762870815944837,-0.011985942250678,0.3643430975153584
ISPY2-527320,0,256.0,134.0,6.0,0.0,2.0,5.0,1.2,0.6641,12.0,119.0,46.0,222.0,34.0,199.0,99.72367040196,45.0,0.0,1.0,0.0,0.0,0.0,TripleNeg,1.0,0.0,0.0,spy2,0,train,10,44,57,0,108.0,177.0,166.0,170.0096,4.6123808307119045,10,0.6097793579101562,0.1325646493949142,0.3097010270665444,0.1299253674181925,0.1372549019607843,0.3058823529411765,0.4862745098039215,0.0,0.2358422372855392,0.5402159327766143,0.2370368527050053,0.2392156862745098,0.5215686274509804,0.9019607843137256,0.0231430053710937,0.2650816554649203,0.593937781028692,0.2636280905842536,0.2392156862745098,0.592156862745098,1.0,0.0470870971679687,0.2305149057100698,0.1650843042549958,0.4745098039215686,0.9415254071597552,0.0537218482520777,0.2941091364107376
ISPY2-851488,0,384.0,176.0,7.0,0.0,2.0,5.0,1.1000000238,0.9375,58.0,124.0,140.0,236.0,257.0,313.0,15.560596039799709,63.0,,1.0,0.0,1.0,0.0,HRposHER2neg,0.0,0.0,1.0,spy2,0,train,10,34,43,3,67.0,97.0,57.0,360.0,2.807026141050919,10,0.5500259399414062,0.1429957371132046,0.2786929478721073,0.1579902053310593,0.1294117647058823,0.2431372549019607,0.4941176470588235,0.00308837890625,0.1976204068053002,0.372115645016887,0.2040910842582488,0.1725490196078431,0.3176470588235294,0.6509803921568628,0.0160125732421875,0.2063611139035692,0.3939467587167117,0.2162490811801805,0.188235294117647,0.3372549019607843,0.7333333333333333,0.0229660034179687,0.0934226971447796,0.1398868506906223,0.2901960784313726,0.8303599586293426,0.0218311136998246,0.3799996608962512
ISPY2-535779,0,256.0,66.0,7.0,0.0,2.0,6.0,2.4,0.6641,16.0,59.0,59.0,208.0,55.0,172.0,47.847039185376,39.0,0.0,1.0,0.0,0.0,0.0,TripleNeg,1.0,0.0,0.0,spy2,0,train,10,28,37,4,44.0,150.0,118.0,170.0096,3.8886937663218397,10,0.53067626953125,0.1100595990349264,0.2198411283778994,0.0814082296147899,0.1294117647058823,0.2,0.3450980392156862,0.0,0.1690272910922181,0.3236131404729812,0.2499879144149852,0.1019607843137254,0.2313725490196078,0.7372549019607844,0.0201309204101562,0.1798242247338388,0.3480493136209409,0.232051127832304,0.1254901960784313,0.2745098039215686,0.7098039215686275,0.008734130859375,0.1037720120950817,0.2075629400681599,0.4392156862745098,0.6359371342367415,0.0244361731479597,0.2808053944390979
ISPY2-127791,0,256.0,160.0,7.0,0.0,2.0,5.0,1.0,0.6052631736,47.0,108.0,74.0,152.0,80.0,145.0,9.856838461665546,44.0,0.0,1.0,0.0,1.0,1.0,HER2pos,0.0,1.0,0.0,spy2,0,train,10,39,48,1,62.0,79.0,66.0,154.9473724416,2.384795154412448,10,0.7093734741210938,0.0820585422889859,0.2441500291083277,0.107802156220535,0.1137254901960784,0.2313725490196078,0.403921568627451,0.0,0.1592046221564798,0.3878364353905792,0.2638233784573641,0.0784313725490196,0.3450980392156862,0.788235294117647,0.0105850219726562,0.1692714137657016,0.3713036670316145,0.2632009462779664,0.0588235294117647,0.3254901960784314,0.7686274509803922,0.0078842163085937,0.1436864062822514,0.2411654931668754,0.5176470588235295,0.6782820990733206,-0.0165327683589646,0.4968524400808548
ACRIN-6698-263143,0,256.0,72.0,7.0,0.0,2.0,6.0,2.2,0.7031,7.0,59.0,13.0,188.0,71.0,215.0,92.380298059764,54.0,0.0,1.0,0.0,0.0,1.0,HER2pos,0.0,1.0,0.0,spy2,0,train,10,36,45,4,53.0,176.0,145.0,179.9936,4.536680381439218,10,0.4316696166992187,0.1783001349954044,0.3077083948939305,0.1517951074704058,0.1843137254901961,0.2549019607843137,0.5058823529411764,0.0,0.2573412068684896,0.4418867173407443,0.2466503401885641,0.2352941176470588,0.3333333333333333,0.8901960784313725,0.0256484985351562,0.2655166147269455,0.4566072584201604,0.2488819318886171,0.2392156862745098,0.3529411764705882,0.9098039215686274,0.0295761108398437,0.1341783224468138,0.1590689750521014,0.4117647058823529,0.901436660482574,0.014720541079416,0.3359546368613089
ISPY2-791944,0,384.0,160.0,6.0,0.0,2.0,5.0,1.0,0.88541668653488,96.0,128.0,120.0,171.0,84.0,131.0,2.664689247192186,65.0,1.0,1.0,0.0,1.0,1.0,HER2pos,0.0,1.0,0.0,spy2,0,train,10,10,20,4,33.0,52.0,48.0,340.00000762939396,1.2987435424374372,10,0.6801239013671875,0.1082430013020833,0.2795007807257728,0.1970974995915791,0.1215686274509803,0.2039215686274509,0.5411764705882353,0.0054122924804687,0.132152452655867,0.3398284442334324,0.2331301301815108,0.1372549019607843,0.2549019607843137,0.6901960784313725,0.0144332885742187,0.137022705078125,0.351326392010576,0.2451428448098858,0.1294117647058823,0.2627450980392157,0.7333333333333333,0.017437744140625,0.0603276635076595,0.1069333470337568,0.1764705882352941,0.7407767823921693,0.0114979477771436,0.423080225535934
ACRIN-6698-629606,0,384.0,160.0,7.0,0.0,2.0,5.0,1.0,0.83333331346512,59.0,105.0,118.0,191.0,71.0,124.0,15.474304817683231,42.0,0.0,1.0,0.0,0.0,0.0,TripleNeg,1.0,0.0,0.0,spy2,0,train,10,21,32,4,47.0,74.0,54.0,319.99999237060604,2.801801883303035,10,0.665972900390625,0.1118755325616574,0.2903736980384274,0.1570173184527611,0.1254901960784313,0.2588235294117647,0.4901960784313725,0.0003860473632812,0.1948364018458946,0.505442558553562,0.2505877901148583,0.1843137254901961,0.4862745098039215,0.8980392156862745,0.019921875,0.1970449649586397,0.5101657711342252,0.2485961495025055,0.188235294117647,0.5019607843137255,0.8823529411764706,0.0153427124023437,0.2150688605151344,0.2037570538928547,0.5333333333333333,0.8948919180660369,0.0047232125806633,0.4242056023535001
ACRIN-6698-209967,0,256.0,80.0,8.0,0.0,2.0,6.0,2.0,0.6055,33.0,54.0,73.0,143.0,105.0,175.0,9.771429423,45.0,0.0,1.0,0.0,1.0,0.0,HRposHER2neg,0.0,0.0,1.0,spy2,0,train,10,8,17,4,22.0,71.0,71.0,155.008,2.3768972050169497,10,0.647491455078125,0.1167741064931832,0.3050460956610156,0.148553158976492,0.1294117647058823,0.2823529411764706,0.5137254901960784,1.068115234375e-05,0.1683725514131434,0.4379207979616398,0.2470960878820041,0.1450980392156863,0.403921568627451,0.8392156862745098,0.0139892578125,0.1872123748180912,0.4861216667430543,0.2480629721018409,0.188235294117647,0.4588235294117647,0.8745098039215686,0.0180496215820312,0.1328747023006241,0.1484798692869132,0.3607843137254902,0.8418794909531643,0.0482008687814143,0.2330577439182754
ISPY2-183831,1,256.0,132.0,6.0,0.0,2.0,5.0,1.2,0.6445,41.0,99.0,115.0,227.0,51.0,155.0,18.9572900016,49.0,0.0,0.0,0.0,1.0,0.0,HRposHER2neg,0.0,0.0,1.0,spy2,0,train,10,20,32,0,59.0,113.0,105.0,164.992,2.9935944902026126,10,0.7109619140625,0.1004928409352022,0.2808812142983725,0.1497338876685512,0.1176470588235294,0.2509803921568627,0.5137254901960784,0.0002029418945312,0.1763355629116881,0.4897992096576784,0.2869419446375942,0.1215686274509803,0.4509803921568627,0.9411764705882352,0.0225616455078125,0.1890803737266391,0.5302104501738191,0.2838608122413841,0.1450980392156863,0.5098039215686274,0.9686274509803922,0.0252456665039062,0.208917995359306,0.2217384564060631,0.5333333333333333,0.8084403243517189,0.0404112405161405,0.3226254328912915
ACRIN-6698-343898,0,256.0,160.0,7.0,0.0,2.0,6.0,1.0,0.6640625,42.0,96.0,47.0,151.0,77.0,152.0,57.33564910888672,45.0,0.0,1.0,0.0,0.0,0.0,TripleNeg,1.0,0.0,0.0,spy2,0,train,10,24,33,2,55.0,105.0,76.0,170.0,4.0662133834769065,10,0.5893356323242187,0.1206875131644454,0.2800853838356617,0.0971721768524831,0.1568627450980392,0.2705882352941176,0.4078431372549019,0.0,0.2574090995040594,0.5757769156047418,0.2220184657867183,0.2980392156862745,0.5607843137254902,0.8784313725490196,0.0154998779296875,0.2624511898265165,0.5961646341050271,0.1899209056636917,0.3450980392156862,0.6078431372549019,0.8352941176470589,0.0046051025390625,0.2956915317690801,0.2066856096376573,0.596078431372549,0.9433885848260896,0.0203877185002851,0.4226720617687166
ISPY2-353318,0,256.0,64.0,7.0,0.0,2.0,5.0,2.5,0.5859,26.0,43.0,123.0,193.0,89.0,157.0,18.252992524725,53.0,1.0,1.0,0.0,0.0,0.0,TripleNeg,1.0,0.0,0.0,spy2,0,train,10,6,15,0,18.0,71.0,69.0,149.9904,2.957666504481658,10,0.6480072021484375,0.1044828407437193,0.2615668356625732,0.1054397402547063,0.1215686274509803,0.2666666666666666,0.388235294117647,1.220703125e-05,0.1859985949946384,0.466367332603358,0.2568590468138729,0.1803921568627451,0.4078431372549019,0.9215686274509804,0.0186782836914062,0.1945839496687346,0.4791292350338493,0.2302064610454193,0.2078431372549019,0.4392156862745098,0.8509803921568627,0.0062576293945312,0.2048004969407847,0.2229962322796747,0.615686274509804,0.9376110836562888,0.0127619024304912,0.3376596353421593
ACRIN-6698-531988,1,256.0,72.0,7.0,0.0,2.0,6.0,2.2,0.7031,15.0,33.0,129.0,189.0,75.0,143.0,2.277369783348,36.0,0.0,1.0,0.0,0.0,0.0,TripleNeg,1.0,0.0,0.0,spy2,0,train,10,9,18,3,19.0,61.0,69.0,179.9936,1.187041205385282,10,0.4437423706054687,0.2702163097905177,0.4747633430918321,0.1989048673808203,0.192156862745098,0.4823529411764706,0.7372549019607844,0.0024215698242187,0.3123507092045802,0.5421609155637326,0.2469857374142036,0.1764705882352941,0.5647058823529412,0.8627450980392157,0.0164260864257812,0.2981196624157475,0.5142776524460871,0.2481530564693513,0.1686274509803921,0.5215686274509804,0.8470588235294118,0.0118499755859375,0.0673975724719004,0.1991200237812088,0.3137254901960784,0.6418067255704994,-0.0278832631176453,0.5352915520272995
ACRIN-6698-963303,0,256.0,80.0,8.0,0.0,2.0,6.0,2.0,0.625,34.0,64.0,85.0,183.0,68.0,151.0,6.75703125,37.0,0.0,1.0,0.0,1.0,0.0,HRposHER2neg,0.0,0.0,1.0,spy2,0,train,10,14,26,0,31.0,99.0,84.0,160.0,2.0485996901199313,10,0.705712890625,0.0904806698069853,0.2529863774778204,0.0954853524200062,0.1215686274509803,0.2549019607843137,0.3803921568627451,0.0,0.1550888420553768,0.4505528227551182,0.289327409450155,0.1372549019607843,0.3529411764705882,0.9607843137254902,0.0233993530273437,0.1649315329159007,0.4723584352440163,0.2593714182369253,0.1803921568627451,0.3843137254901961,0.9058823529411764,0.0138137817382812,0.1975664452772979,0.2217997683507443,0.5803921568627451,0.8555251368840219,0.021805612488898,0.3082171893147503
ACRIN-6698-631299,0,256.0,72.0,7.0,0.0,2.0,6.0,2.2,0.7031,41.0,54.0,69.0,119.0,148.0,180.0,1.6900824466679998,53.0,1.0,1.0,0.0,0.0,0.0,TripleNeg,1.0,0.0,0.0,spy2,0,train,10,4,14,2,14.0,51.0,33.0,179.9936,0.989571842463026,10,0.7221588134765625,0.1291162528243719,0.4385476976727007,0.1425085547291946,0.2745098039215686,0.4313725490196078,0.6196078431372549,3.0517578125e-06,0.1540300556257659,0.5135448386487489,0.2025323349011065,0.3098039215686274,0.4784313725490196,0.8196078431372549,0.008526611328125,0.1663859588024663,0.5603506466347619,0.2133592762616953,0.3450980392156862,0.5254901960784314,0.8901960784313725,0.014349365234375,0.0749971409760481,0.1537735278294857,0.2627450980392157,0.7118504442955527,0.046805807986013,0.263111936118098
ISPY2-264678,0,256.0,134.0,6.0,0.0,2.0,5.0,1.2,0.7031,36.0,91.0,48.0,186.0,93.0,149.0,5.137874366651999,46.0,0.0,1.0,0.0,1.0,0.0,HRposHER2neg,0.0,0.0,1.0,spy2,0,train,10,17,30,4,56.0,139.0,57.0,179.9936,1.8144784878635987,10,0.6543685913085937,0.1047121115291819,0.2714451137851846,0.1414283706852206,0.1176470588235294,0.2352941176470588,0.4823529411764706,0.0,0.1585907879997702,0.4021114660518554,0.2463730648222976,0.1411764705882353,0.3490196078431372,0.7568627450980392,0.018109130859375,0.1707610904469209,0.4338627147141189,0.2379566093123985,0.1686274509803921,0.392156862745098,0.7803921568627451,0.0140213012695312,0.1306663522666707,0.1889829821307097,0.4274509803921568,0.8218380402007832,0.0317512486622635,0.2476723190280469
ISPY2-987995,0,320.0,180.0,7.0,0.0,2.0,6.0,1.0,0.703125,81.0,122.0,54.0,107.0,126.0,190.0,3.9708984375,56.0,1.0,1.0,0.0,1.0,0.0,HRposHER2neg,0.0,0.0,1.0,spy2,0,train,10,17,26,2,42.0,54.0,65.0,225.0,1.603600595904021,10,0.7300933837890625,0.0680464381797641,0.1974868714601383,0.0764207206182528,0.1137254901960784,0.1803921568627451,0.3019607843137254,0.0,0.1571174292470894,0.4075335327306188,0.259521602892383,0.1294117647058823,0.3450980392156862,0.8196078431372549,0.0138748168945312,0.1521691954369638,0.4012299269741251,0.2389025115703,0.1411764705882353,0.3529411764705882,0.7803921568627451,0.0057952880859375,0.2100466612704804,0.2364513436480067,0.6,0.8609047635200072,-0.0063036057564936,0.416850400823129
ISPY2-235995,1,256.0,80.0,7.0,0.0,2.0,5.0,2.0,0.5859,18.0,32.0,167.0,217.0,100.0,147.0,8.27095964814,50.0,0.0,1.0,0.0,1.0,1.0,HER2pos,0.0,1.0,0.0,spy2,0,train,10,4,14,4,15.0,51.0,48.0,149.9904,2.2268868961334403,10,0.6518341064453125,0.1099315807866115,0.2612049937122289,0.1416515678229748,0.1137254901960784,0.2039215686274509,0.4745098039215686,0.0,0.1810854145124847,0.423195662340247,0.2657011063782263,0.1333333333333333,0.3333333333333333,0.8156862745098039,0.009124755859375,0.2049513035194546,0.480574284812227,0.3098683803189188,0.1490196078431372,0.3529411764705882,0.9607843137254902,0.02484130859375,0.1619906686280181,0.1556428087347711,0.388235294117647,0.8773961976386442,0.05737862247198,0.2822889549203677
ISPY2-962472,0,256.0,64.0,7.0,0.0,2.0,6.0,2.5,0.8999999762,13.0,51.0,93.0,212.0,6.0,107.0,78.15487086647556,29.0,0.0,0.0,1.0,1.0,0.0,HRposHER2neg,0.0,0.0,1.0,spy2,0,train,10,16,25,0,39.0,120.0,102.0,230.3999939072,4.371406324123685,10,0.2428909301757812,0.3550006881414675,0.4674737599638397,0.1773921188505176,0.2235294117647059,0.4627450980392157,0.6705882352941176,0.0106521606445312,0.4046565515854779,0.532103258592359,0.1640677804622886,0.3254901960784314,0.5294117647058824,0.7333333333333333,0.0171630859375,0.4052181887159161,0.5323287622837252,0.1556656815711395,0.3411764705882353,0.5254901960784314,0.7176470588235294,0.0159210205078125,0.0646294986285191,0.0952460859982057,0.2039215686274509,0.8269253636288517,0.0002255036913662,0.3769970111592792
ISPY2-624777,0,256.0,160.0,7.0,0.0,2.0,6.0,1.0,0.703125,64.0,97.0,46.0,99.0,96.0,149.0,4.14393310546875,52.0,0.0,1.0,0.0,1.0,1.0,HER2pos,0.0,1.0,0.0,spy2,0,train,10,14,24,4,34.0,54.0,54.0,180.0,1.6378179824706576,10,0.623773193359375,0.1102940937117034,0.258851219792276,0.1546963768537382,0.1176470588235294,0.2039215686274509,0.5019607843137255,4.8828125e-05,0.1553157432406556,0.3101452241966529,0.2467865084632178,0.0745098039215686,0.2235294117647059,0.6588235294117647,0.0151870727539062,0.1710786408069087,0.3289383085042391,0.2554722692536145,0.0745098039215686,0.2431372549019607,0.7137254901960784,0.0171646118164062,0.0512940044043769,0.1837867688694405,0.2784313725490196,0.5647093655197027,0.0187930843075862,0.3793984523288071
ISPY2-515141,1,384.0,144.0,6.0,0.0,2.0,5.0,1.2000000477,0.91145833333333,24.0,61.0,121.0,169.0,55.0,98.0,6.713175722577841,43.0,0.0,1.0,0.0,0.0,0.0,TripleNeg,1.0,0.0,0.0,spy2,0,train,10,18,28,3,38.0,49.0,44.0,349.99999999999875,2.042929999342133,10,0.5749832153320312,0.139855047487745,0.2936902629680682,0.1969330210449652,0.1176470588235294,0.2196078431372549,0.5843137254901961,0.0034942626953125,0.1906673177083333,0.3895296107018913,0.2184461322772793,0.1568627450980392,0.3372549019607843,0.6980392156862745,0.0114059448242187,0.2012125292011335,0.4096644473132885,0.2435056876599737,0.1568627450980392,0.3490196078431372,0.8235294117647058,0.0256240844726562,0.0958393477338231,0.1260196608815783,0.2666666666666666,0.7902232721450138,0.0201348366113971,0.4211905693637157
ISPY2-411684,0,256.0,134.0,6.0,0.0,2.0,5.0,1.2,0.6641,55.0,102.0,36.0,111.0,62.0,131.0,30.276451394976,39.0,0.0,1.0,0.0,0.0,0.0,TripleNeg,1.0,0.0,0.0,spy2,0,train,10,23,32,4,48.0,76.0,70.0,170.0096,3.442865462789401,10,0.716546630859375,0.1021367271273743,0.2909175715677197,0.1333879204276547,0.1176470588235294,0.2901960784313726,0.4627450980392157,3.0517578125e-06,0.1609475767846201,0.4491992792035097,0.2575851881386924,0.1137254901960784,0.4235294117647059,0.8352941176470589,0.01708984375,0.1908170991785386,0.519594881297839,0.2852936906084976,0.1372549019607843,0.4862745098039215,1.0,0.0317825317382812,0.15828170763579,0.1849316565304346,0.4431372549019607,0.809290282293663,0.0703956020943292,0.1870653086712172
ISPY2-640043,0,256.0,240.0,7.0,0.0,2.0,6.0,0.800001,1.25,48.0,77.0,80.0,101.0,50.0,70.0,2.6562533203125,33.0,0.0,1.0,0.0,1.0,0.0,HRposHER2neg,0.0,0.0,1.0,spy2,0,train,10,8,26,0,30.0,22.0,21.0,320.0,1.2964389401172753,10,0.6308731079101563,0.1135796221564797,0.2936694997455311,0.1410612228675793,0.1294117647058823,0.2745098039215686,0.4823529411764706,1.52587890625e-06,0.1668138152477788,0.4284874173057163,0.2435260776988751,0.1725490196078431,0.3686274509803922,0.8313725490196079,0.0155487060546875,0.1662452428481158,0.4259017151097782,0.2102270586144954,0.1843137254901961,0.392156862745098,0.7333333333333333,0.0031143188476562,0.1348179175601851,0.1596714612505234,0.3529411764705882,0.8919892026406405,-0.002585702195938,0.4020693560855025
ISPY2-111004,0,256.0,72.0,8.0,0.0,2.0,6.0,2.2,0.7031,31.0,71.0,59.0,201.0,48.0,184.0,50.931950489002,,0.0,,,1.0,0.0,HRposHER2neg,0.0,0.0,1.0,spy2,0,train,10,21,34,3,41.0,143.0,137.0,179.9936,3.949934217116246,10,0.7912734985351563,0.0734856758865655,0.26180933529482,0.162376948035532,0.1098039215686274,0.2156862745098039,0.4627450980392157,0.0004165649414062,0.1189996637082567,0.4236380933787497,0.2783105834462376,0.1490196078431372,0.3176470588235294,0.9254901960784314,0.0147674560546875,0.1343726902382046,0.4694669311606184,0.279075935558554,0.1686274509803921,0.3803921568627451,0.9411764705882352,0.0155517578125,0.1618287580839296,0.1702153838619103,0.4627450980392157,0.958973909102207,0.0458288377818687,0.1306518703715887
ISPY2-830958,0,256.0,72.0,7.0,0.0,2.0,6.0,2.2,0.7031,13.0,53.0,66.0,203.0,70.0,150.0,24.240828606038,55.0,1.0,0.0,1.0,1.0,0.0,HRposHER2neg,0.0,0.0,1.0,spy2,0,train,10,18,27,2,41.0,138.0,81.0,179.9936,3.2284628662164794,10,0.4599792480468749,0.1421898037779565,0.2554335933543823,0.0899679260977722,0.1647058823529411,0.2313725490196078,0.396078431372549,0.0,0.2077124561982996,0.3744636968907616,0.2173271681607671,0.2039215686274509,0.2901960784313726,0.7411764705882353,0.0212356567382812,0.212547134698606,0.3811361632257591,0.2088576260282425,0.2039215686274509,0.2980392156862745,0.7294117647058823,0.0095932006835937,0.1190301035363793,0.165059047376893,0.3843137254901961,0.9143364942301389,0.0066724663349974,0.4649428665076799
ISPY2-573586,0,256.0,140.0,6.0,0.0,2.0,5.0,1.1999985612,0.6640999913,7.0,128.0,27.0,183.0,33.0,217.0,105.4593854842098,57.0,1.0,1.0,0.0,1.0,1.0,HER2pos,0.0,1.0,0.0,spy2,0,train,10,61,70,2,122.0,157.0,185.0,170.0095977728,4.667763555458647,10,0.71422119140625,0.1001917760512408,0.2735454508145575,0.151802428645593,0.1176470588235294,0.2235294117647059,0.4784313725490196,0.0005783081054687,0.2062139713062959,0.5341903127489088,0.2997390222162643,0.1568627450980392,0.4941176470588235,1.0,0.037969970703125,0.2168884815889246,0.5664189826970898,0.3088259204549657,0.1647058823529411,0.5294117647058824,1.0,0.0518081665039062,0.2606448619343512,0.2113852382507863,0.5529411764705883,0.8975481611208407,0.0322286699481808,0.2867028320020503
ACRIN-6698-755914,1,256.0,160.0,7.0,0.0,2.0,6.0,1.0,0.6640625,64.0,95.0,45.0,92.0,120.0,161.0,5.666139221191406,47.0,0.0,1.0,0.0,0.0,0.0,TripleNeg,1.0,0.0,0.0,spy2,0,train,10,13,24,4,32.0,48.0,42.0,170.0,1.8970408649346915,10,0.5516815185546875,0.1207170134899663,0.2494204137527854,0.0820251483287763,0.1411764705882353,0.2470588235294117,0.3568627450980392,0.0,0.2274727615655637,0.4364653694431041,0.2384018601153649,0.2,0.3647058823529411,0.8431372549019608,0.020330810546875,0.2243868958716299,0.4392286998867482,0.1957187035639072,0.2274509803921568,0.403921568627451,0.7294117647058823,0.0040206909179687,0.1870449556903187,0.2296885617872582,0.5803921568627451,0.8523467547054219,0.002763330443644,0.4351894081208944
ISPY2-316996,0,256.0,80.0,8.0,0.0,2.0,6.0,2.0,0.5664,9.0,58.0,120.0,231.0,72.0,216.0,51.97361799168,51.0,0.0,1.0,0.0,0.0,1.0,HER2pos,0.0,1.0,0.0,spy2,0,train,10,17,26,0,50.0,112.0,145.0,144.9984,3.969794015879758,10,0.4874801635742187,0.156488312365962,0.2799293058694517,0.1275392869717782,0.1333333333333333,0.2627450980392157,0.4313725490196078,0.0002395629882812,0.2834210145239736,0.5048845791349572,0.2620242121188897,0.196078431372549,0.4431372549019607,0.9294117647058824,0.03828125,0.2742268820369945,0.4892455663659393,0.2405003020679585,0.2,0.4549019607843137,0.8470588235294118,0.0304290771484375,0.2249552732655055,0.1982491997951235,0.5176470588235295,0.8912008574363249,-0.0156390127690178,0.5023534840793724
ISPY2-363669,0,320.0,82.0,8.0,0.0,2.0,5.0,2.2,0.7031,34.0,62.0,159.0,247.0,96.0,208.0,10.629900793908,60.0,1.0,1.0,0.0,1.0,0.0,HRposHER2neg,0.0,0.0,1.0,spy2,0,train,10,18,27,1,29.0,89.0,113.0,224.992,2.453579436305713,10,0.5697494506835937,0.1079632508520986,0.2282957402006158,0.0962458148244293,0.1215686274509803,0.2156862745098039,0.3372549019607843,8.85009765625e-05,0.1726602531881893,0.3526190300852847,0.2333370570846741,0.1568627450980392,0.2784313725490196,0.7568627450980392,0.0218856811523437,0.1677319934321385,0.3462058650724989,0.2094840810091186,0.1372549019607843,0.2980392156862745,0.6784313725490196,0.007781982421875,0.1243232898846688,0.1938204160981084,0.4392156862745098,0.838077944738606,-0.0064131650127857,0.3935432618479336
ISPY2-190224,0,256.0,134.0,6.0,0.0,2.0,5.0,1.2,0.7031,83.0,123.0,26.0,112.0,101.0,167.0,19.999803301848,63.0,1.0,1.0,0.0,1.0,0.0,HRposHER2neg,0.0,0.0,1.0,spy2,0,train,10,20,29,2,41.0,87.0,67.0,179.9936,3.04451307110089,10,0.7291519165039062,0.0660549687404258,0.2154157460801822,0.1285903047600285,0.1137254901960784,0.1607843137254902,0.4352941176470588,4.119873046875e-05,0.1006704652075674,0.3295082447101419,0.2443524774404593,0.1568627450980392,0.2313725490196078,0.7725490196078432,0.0228836059570312,0.1096681781843596,0.3587581673571272,0.2449927552063925,0.1725490196078431,0.2588235294117647,0.8549019607843137,0.0228195190429687,0.1140924986299596,0.1406212593017386,0.388235294117647,0.93835597144837,0.0292499226469853,0.2041148600305347
ISPY2-461824,0,256.0,66.0,7.0,0.0,2.0,5.0,2.4,0.5859,28.0,44.0,22.0,124.0,105.0,159.0,8.243634654864,36.0,0.0,1.0,0.0,0.0,0.0,TripleNeg,1.0,0.0,0.0,spy2,0,train,10,4,13,1,17.0,103.0,55.0,149.9904,2.2239351692234877,10,0.51522216796875,0.2008072737151501,0.3988854467075778,0.1329479812821289,0.2588235294117647,0.3607843137254902,0.615686274509804,0.0,0.2635880653530943,0.5147608971823816,0.1808878601639531,0.3333333333333333,0.4627450980392157,0.7647058823529411,0.0188919067382812,0.2769900871725643,0.5381734163209262,0.1809917427563664,0.3529411764705882,0.4862745098039215,0.8,0.023040771484375,0.1158754504748037,0.1344401269290637,0.2862745098039215,0.8522524110492786,0.0234125191385445,0.3748520635560144
ISPY2-345483,0,384.0,176.0,7.0,0.0,2.0,5.0,1.1000000238,0.9895833135,21.0,84.0,119.0,180.0,100.0,150.0,28.406911639582088,50.0,1.0,1.0,0.0,0.0,0.0,TripleNeg,1.0,0.0,0.0,spy2,0,train,10,19,28,3,64.0,62.0,51.0,379.999992384,3.381229736497067,10,0.599517822265625,0.107993912042356,0.2328511085909636,0.1476964925142926,0.1176470588235294,0.188235294117647,0.4,0.0030029296875,0.1615425259459252,0.3377605102850406,0.2171033547112251,0.1490196078431372,0.2705882352941176,0.6274509803921569,0.0190826416015625,0.1702199539483762,0.3588499461355829,0.2274448456407929,0.1607843137254902,0.2901960784313726,0.7098039215686275,0.0243453979492187,0.104909401694077,0.1304147141347463,0.2862745098039215,0.8758591785414921,0.0210894358505423,0.2667034976758363
ISPY2-479417,1,256.0,80.0,8.0,0.0,2.0,5.0,2.0,0.6641,29.0,60.0,31.0,193.0,66.0,148.0,24.991338547460003,49.0,1.0,1.0,0.0,0.0,0.0,TripleNeg,1.0,0.0,0.0,spy2,0,train,10,8,28,0,32.0,163.0,83.0,170.0096,3.257763349730428,10,0.5652206420898438,0.1178089994542739,0.2501169470760891,0.1606505062900129,0.1215686274509803,0.192156862745098,0.5215686274509804,0.000103759765625,0.1758585013595281,0.3742898791456274,0.2335903987092318,0.1803921568627451,0.2901960784313726,0.807843137254902,0.0212005615234375,0.188519167432598,0.4036320102957744,0.2493141599276092,0.188235294117647,0.3098039215686274,0.9019607843137256,0.0291549682617187,0.1241729320695383,0.120741106425887,0.2705882352941176,0.9382495077859316,0.0293421311501469,0.2997434520613328
ISPY2-261304,0,256.0,80.0,8.0,0.0,2.0,6.0,2.0,0.5664,45.0,61.0,34.0,100.0,134.0,182.0,3.78297925632,49.0,0.0,1.0,0.0,1.0,0.0,HRposHER2neg,0.0,0.0,1.0,spy2,0,train,10,4,13,2,17.0,67.0,49.0,144.9984,1.5650636277286882,10,0.6004135131835937,0.1410008449180453,0.3242395674059339,0.1944693073429413,0.1215686274509803,0.2470588235294117,0.6078431372549019,5.645751953125e-05,0.185422046137791,0.4242780758192697,0.2614685234399176,0.1411764705882353,0.3490196078431372,0.788235294117647,0.009625244140625,0.2140932868508731,0.4898641558252717,0.2998103127410242,0.1529411764705882,0.4196078431372549,0.9490196078431372,0.0295303344726562,0.1000385084133358,0.1145795758318725,0.2549019607843137,0.8286955890832579,0.065586080006002,0.2225086205908971
ISPY2-941926,0,256.0,80.0,7.0,0.0,2.0,6.0,2.0,0.5859,29.0,68.0,103.0,227.0,52.0,189.0,92.72715871482,51.0,1.0,1.0,0.0,1.0,0.0,HRposHER2neg,0.0,0.0,1.0,spy2,0,train,10,18,27,0,40.0,125.0,138.0,149.9904,4.540387994790129,10,0.5833023071289063,0.1218174235026041,0.2570525072201008,0.1244338887454617,0.1176470588235294,0.2235294117647059,0.4392156862745098,0.0,0.208405444575291,0.4413029906363964,0.3051756812075422,0.1333333333333333,0.3254901960784314,0.9803921568627452,0.03443603515625,0.2197581870883118,0.4640505930847147,0.3001129295237615,0.1490196078431372,0.3450980392156862,0.9725490196078432,0.0345123291015625,0.1842504834162954,0.2027303089886156,0.5333333333333333,0.8592316734227554,0.0227476024483183,0.3441101187533643
ISPY2-906042,0,256.0,160.0,8.0,0.0,2.0,5.0,1.0,0.5696202517,22.0,108.0,31.0,200.0,46.0,172.0,7.901426012886176,55.0,1.0,1.0,0.0,1.0,0.0,HRposHER2neg,0.0,0.0,1.0,spy2,1,test,10,62,71,-1,87.0,170.0,127.0,145.8227844352,2.1862114900702387,10,0.4281906127929687,0.189428591260723,0.3145951836748319,0.1508721697923616,0.1411764705882353,0.2941176470588235,0.5176470588235295,0.00107421875,0.2311094635608149,0.3781155518077819,0.2025722762819781,0.1568627450980392,0.3529411764705882,0.6235294117647059,0.020025634765625,0.255347152410769,0.415330012765418,0.2222419149813415,0.1529411764705882,0.396078431372549,0.7019607843137254,0.02872314453125,0.0635203681329499,0.1065109300387078,0.1568627450980392,0.7682959697497739,0.037214460957636,0.282499112720519
ISPY2-988443,0,312.0,90.0,8.0,0.0,2.0,5.0,2.0,0.5859,21.0,66.0,54.0,272.0,154.0,266.0,60.11292553434,49.0,0.0,1.0,0.0,1.0,0.0,HRposHER2neg,0.0,0.0,1.0,spy2,0,train,10,18,28,0,46.0,219.0,113.0,182.80079999999998,4.112723391011468,10,0.5896331787109375,0.1458239686255361,0.3109511354683542,0.1561042911878352,0.1176470588235294,0.3098039215686274,0.5098039215686274,6.40869140625e-05,0.2139584171070772,0.4533711319716666,0.2709227275904274,0.1333333333333333,0.4196078431372549,0.8862745098039215,0.0248992919921875,0.2359251912434895,0.5010735326561891,0.2947082464884463,0.1372549019607843,0.4784313725490196,0.9725490196078432,0.0348114013671875,0.1424199965033124,0.1647638527045414,0.4352941176470588,0.853412310644089,0.0477024006845225,0.2651689236924495
ISPY2-180027,1,256.0,134.0,6.0,0.0,2.0,5.0,1.2,0.6641,21.0,51.0,111.0,172.0,45.0,115.0,8.307924311256,40.0,0.0,1.0,0.0,0.0,0.0,TripleNeg,1.0,0.0,0.0,spy2,0,train,10,12,21,2,31.0,62.0,71.0,170.0096,2.2308661138272674,10,0.5918731689453125,0.1213114480411305,0.2530229448492299,0.1453314552138633,0.1176470588235294,0.2078431372549019,0.4705882352941176,0.0007049560546875,0.2013948986577052,0.4024832984751084,0.2674322164219924,0.1019607843137254,0.3529411764705882,0.8156862745098039,0.023614501953125,0.199710848939185,0.4026009440677605,0.2537704985477063,0.1137254901960784,0.3529411764705882,0.7843137254901961,0.016375732421875,0.1494603536258785,0.1980143294109089,0.4274509803921568,0.7442292593561894,0.0001176455926521,0.4130743634800164
ISPY2-845663,0,256.0,80.0,8.0,0.0,2.0,5.0,2.0,0.6055,44.0,71.0,115.0,174.0,118.0,196.0,4.792590628000001,32.0,0.0,0.0,0.0,1.0,0.0,HRposHER2neg,0.0,0.0,1.0,spy2,0,train,10,15,24,0,28.0,60.0,79.0,155.008,1.7565796229508142,10,0.6253982543945312,0.1044022922889859,0.2356328275447629,0.1130986572139311,0.1176470588235294,0.2,0.4078431372549019,0.0,0.1733372527477788,0.3793480249789764,0.2444005493963205,0.1215686274509803,0.3176470588235294,0.7411764705882353,0.0141555786132812,0.1679688876282934,0.368546431521745,0.2305680014721834,0.1215686274509803,0.3137254901960784,0.6941176470588235,0.0080703735351562,0.1437151974342134,0.1965174670047713,0.4588235294117647,0.7814044049059263,-0.0108015934572314,0.4743603843600177
ISPY2-134526,1,256.0,134.0,6.0,0.0,2.0,5.0,1.2,0.6836,86.0,100.0,135.0,176.0,73.0,114.0,0.8490069185279999,36.0,0.0,1.0,0.0,0.0,0.0,TripleNeg,1.0,0.0,0.0,spy2,0,train,10,4,13,1,15.0,42.0,42.0,175.0016,0.6146486941654292,10,0.65438232421875,0.153057466394761,0.4031005815245959,0.2199233617561183,0.1372549019607843,0.3607843137254902,0.7215686274509804,0.0006622314453125,0.1952422018612132,0.4976223594371878,0.2563912642932762,0.1490196078431372,0.5019607843137255,0.8352941176470589,0.0099105834960937,0.2142127003389246,0.5448571916316416,0.2550659201714949,0.188235294117647,0.5568627450980392,0.8823529411764706,0.0154220581054687,0.0945217779125919,0.1714271777129218,0.3294117647058823,0.696791226645004,0.0472348321944537,0.3334157454172994
ISPY2-727804,1,256.0,72.0,7.0,0.0,2.0,6.0,2.5,0.879629612,29.0,49.0,79.0,160.0,64.0,120.0,29.57072390898812,43.0,1.0,0.0,1.0,0.0,0.0,TripleNeg,1.0,0.0,0.0,spy2,0,train,10,7,16,4,21.0,82.0,57.0,225.185180672,3.4200428159948935,10,0.7067062377929687,0.0921090219535079,0.2662146762634549,0.112158495303288,0.1215686274509803,0.2588235294117647,0.4156862745098039,0.0,0.1556980686561734,0.4494957238512871,0.2583590685821514,0.1176470588235294,0.4117647058823529,0.8313725490196079,0.0098953247070312,0.1745845121495864,0.500652676672111,0.2714238894126849,0.1137254901960784,0.4745098039215686,0.8901960784313725,0.01107177734375,0.1832810475878322,0.2031932120569373,0.4941176470588235,0.8144714457398823,0.0511569528208238,0.3339264253718531
ISPY2-814299,1,256.0,80.0,9.0,0.0,2.0,5.0,2.0,0.6445,7.0,36.0,25.0,184.0,39.0,122.0,5.383328039999999,40.0,0.0,1.0,0.0,0.0,1.0,HER2pos,0.0,1.0,0.0,spy2,0,train,10,4,14,1,30.0,160.0,84.0,164.992,1.8536895977153816,10,0.6840576171875,0.095989397834329,0.2714352354804838,0.158317010541906,0.1254901960784313,0.2313725490196078,0.4470588235294118,0.0026458740234375,0.1208154237036611,0.3342483079314718,0.1991449588260534,0.1450980392156863,0.2901960784313726,0.5843137254901961,0.0090179443359375,0.1313576731962316,0.3622573830552235,0.2091810906731888,0.1607843137254902,0.3137254901960784,0.6352941176470588,0.0117874145507812,0.0628130724509879,0.1088068714089127,0.196078431372549,0.7202157870334596,0.0280090751237516,0.3168128429024032
ACRIN-6698-654021,0,256.0,80.0,8.0,0.0,2.0,6.0,2.0,0.6055,41.0,50.0,158.0,186.0,149.0,166.0,0.520614955,46.0,0.0,0.0,0.0,1.0,0.0,HRposHER2neg,0.0,0.0,1.0,spy2,0,train,10,2,12,2,10.0,29.0,18.0,155.008,0.41911482869741545,10,0.7210128784179688,0.0885254325118719,0.2360063560310389,0.1066118462288795,0.1098039215686274,0.2274509803921568,0.3843137254901961,0.0,0.1469747266582414,0.4090834577074812,0.2911976501533319,0.1137254901960784,0.3333333333333333,0.9568627450980391,0.0222335815429687,0.1450968125287224,0.3984176841539024,0.2467568974839422,0.1215686274509803,0.3647058823529411,0.803921568627451,0.0036544799804687,0.1730771016764423,0.2481418112200447,0.6470588235294118,0.8017195644207682,-0.0106657735535787,0.4174592669973802
ACRIN-6698-820807,1,256.0,80.0,8.0,0.0,2.0,6.0,2.0,0.703125,21.0,63.0,35.0,121.0,58.0,143.0,60.9655517578125,50.0,0.0,0.0,1.0,1.0,0.0,HRposHER2neg,0.0,0.0,1.0,spy2,0,train,10,12,21,3,43.0,87.0,86.0,180.0,4.126578613823398,10,0.4487487792968749,0.1483782659792432,0.2564628355854227,0.0913054971726748,0.1490196078431372,0.2431372549019607,0.3764705882352941,0.0,0.28522575228822,0.4922749652802428,0.2588573615618386,0.2392156862745098,0.388235294117647,0.9882352941176472,0.0525726318359375,0.2673422121534161,0.4590859493370518,0.1937359165284414,0.2666666666666666,0.4078431372549019,0.7294117647058823,0.020745849609375,0.23581212969482,0.2700596186101954,0.7058823529411765,0.9299495111662256,-0.0331890159431909,0.3767839941539245
ISPY2-211408,1,256.0,134.0,6.0,0.0,2.0,5.0,1.2,0.6641,47.0,96.0,104.0,236.0,93.0,189.0,19.36204681662,58.0,1.0,1.0,0.0,0.0,1.0,HER2pos,0.0,1.0,0.0,spy2,0,train,10,20,29,0,50.0,133.0,97.0,170.0096,3.0136727178975655,10,0.68021240234375,0.1031055884267769,0.2549225626044593,0.1210496284406671,0.1176470588235294,0.2313725490196078,0.4274509803921568,0.0,0.2110452809053309,0.5302962770022313,0.2903044897199712,0.1411764705882353,0.5058823529411764,1.0,0.032220458984375,0.2005527511297487,0.4960923904623115,0.2576290755463394,0.1568627450980392,0.4784313725490196,0.8941176470588236,0.0205581665039062,0.2753737143977719,0.2353308250847254,0.6039215686274509,0.879952857197389,-0.0342038865399196,0.5085649120128259
ISPY2-286984,0,256.0,80.0,8.0,0.0,2.0,5.0,2.0,0.5078,11.0,32.0,66.0,167.0,65.0,162.0,17.991466528480004,50.0,0.0,1.0,0.0,1.0,0.0,HRposHER2neg,0.0,0.0,1.0,spy2,0,train,10,5,15,0,22.0,102.0,98.0,129.9968,2.9439897481973167,10,0.5052627563476563,0.1558764588599111,0.2957911573695854,0.1169999135590362,0.1490196078431372,0.2862745098039215,0.4509803921568627,0.0,0.2472897039675245,0.4751373884305797,0.2186197668660136,0.2470588235294117,0.4235294117647059,0.8431372549019608,0.0216812133789062,0.2665380201152726,0.5116676617814423,0.205652357520172,0.2784313725490196,0.4784313725490196,0.8352941176470589,0.014215087890625,0.1793462310609943,0.163522730426377,0.4549019607843137,0.9304477363361308,0.0365302733508625,0.2619860531534616
ISPY2-914968,0,256.0,160.0,7.0,0.0,2.0,5.0,1.0,0.6067961454,31.0,134.0,63.0,216.0,74.0,201.0,49.78011478905054,30.0,0.0,1.0,0.0,0.0,0.0,TripleNeg,1.0,0.0,0.0,spy2,0,train,10,67,76,1,104.0,154.0,128.0,155.3398132224,3.927504836790924,10,0.6063827514648438,0.1134036673751531,0.2712308008863781,0.1296193302774727,0.1215686274509803,0.2431372549019607,0.4588235294117647,0.0,0.1758329324161305,0.3969693701229043,0.2788558770108295,0.1215686274509803,0.2980392156862745,0.9058823529411764,0.0222793579101562,0.1888392070695465,0.3981387215319294,0.2714571582531258,0.1215686274509803,0.3098039215686274,0.8784313725490196,0.0173599243164062,0.1257385692365261,0.2115841871626644,0.4862745098039215,0.6907672089967088,0.0011693514090251,0.454130663162261
ACRIN-6698-289420,0,256.0,80.0,8.0,0.0,2.0,6.0,2.0,0.5859,20.0,58.0,106.0,218.0,126.0,202.0,6.87724767954,64.0,1.0,0.0,0.0,1.0,0.0,HRposHER2neg,0.0,0.0,1.0,spy2,1,test,10,20,29,-1,39.0,113.0,77.0,149.9904,2.063978563611392,10,0.6622772216796875,0.0935759361117493,0.2198266805931698,0.1025869057848275,0.1098039215686274,0.192156862745098,0.3686274509803922,0.0,0.1559306425206801,0.3620328265042971,0.2881731761631605,0.0980392156862745,0.2509803921568627,0.9176470588235294,0.0239395141601562,0.1651526178098192,0.3834228190892315,0.235534805942684,0.1450980392156863,0.3137254901960784,0.7647058823529411,0.0048553466796875,0.1422061459111273,0.2446348601759929,0.592156862745098,0.737658699679212,0.0213899925849343,0.3425970270636606
ISPY2-192548,0,256.0,80.0,7.0,0.0,2.0,5.0,2.0,0.6055,27.0,54.0,111.0,217.0,112.0,207.0,33.86490293200001,51.0,0.0,1.0,0.0,1.0,0.0,HRposHER2neg,0.0,0.0,1.0,spy2,0,train,10,11,20,3,28.0,107.0,96.0,155.008,3.5514806765589597,10,0.4663528442382812,0.1850168624578737,0.3350796278663696,0.1072272931845505,0.2156862745098039,0.3215686274509804,0.4705882352941176,0.0002593994140625,0.2590386125153186,0.4650435480356022,0.2116718580711674,0.2666666666666666,0.4,0.8352941176470589,0.0218963623046875,0.2806642898858762,0.5048952525473219,0.2112809556111783,0.3019607843137254,0.4392156862745098,0.8784313725490196,0.0226974487304687,0.1299639201692325,0.1562396104865454,0.392156862745098,0.8993740903723147,0.0398517045117196,0.2169353017033091
ISPY2-255078,0,384.0,144.0,6.0,0.0,2.0,5.0,1.2000000477,1.1197916666667,23.0,68.0,104.0,191.0,57.0,124.0,41.38732667770071,57.0,1.0,1.0,0.0,0.0,0.0,TripleNeg,1.0,0.0,0.0,spy2,0,train,10,21,30,2,46.0,88.0,68.0,430.00000000001285,3.7468494184478374,10,0.5528167724609375,0.1460907999674479,0.2894322405861063,0.1737996502165908,0.1176470588235294,0.2392156862745098,0.5529411764705883,0.0009735107421875,0.1937458172966452,0.37780882657363,0.2165947946933204,0.1647058823529411,0.3254901960784314,0.6901960784313725,0.0210556030273437,0.194791295668658,0.3805845514555177,0.2306007667880959,0.1607843137254902,0.3176470588235294,0.7529411764705882,0.023101806640625,0.0883765859875236,0.1075680224526303,0.2352941176470588,0.8522926576266097,0.0027757248818876,0.4623054192570957
ISPY2-273745,0,256.0,200.0,7.0,0.0,2.0,5.0,0.800001,0.625,46.0,98.0,47.0,104.0,119.0,173.0,7.925947407421875,48.0,0.0,1.0,0.0,1.0,0.0,HRposHER2neg,0.0,0.0,1.0,spy2,0,train,10,21,30,4,53.0,58.0,55.0,160.0,2.1889624741240548,10,0.6682723999023438,0.0981249102424172,0.2469840362766879,0.1714154101158218,0.1098039215686274,0.1764705882352941,0.4862745098039215,0.0012847900390625,0.150691941205193,0.3674121671428356,0.250024888943375,0.1411764705882353,0.2745098039215686,0.7607843137254902,0.0182998657226562,0.1708330042221967,0.4173487485987537,0.2571438943342488,0.1568627450980392,0.3372549019607843,0.8392156862745098,0.023187255859375,0.1204281308661476,0.1509938186844377,0.3333333333333333,0.8646280375895236,0.049936581455918,0.2448884779738823
ISPY2-374106,0,256.0,134.0,6.0,0.0,2.0,5.0,1.2,0.625,37.0,59.0,128.0,171.0,102.0,134.0,1.48453125,36.0,0.0,1.0,0.0,0.0,0.0,TripleNeg,1.0,0.0,0.0,spy2,0,train,10,6,15,0,23.0,44.0,33.0,160.0,0.9100840099646338,10,0.6647872924804688,0.1096380375880821,0.2760245574434339,0.1249441731827464,0.1254901960784313,0.2588235294117647,0.4470588235294118,0.0,0.2075676353304993,0.5270429362540929,0.2754637068414674,0.1647058823529411,0.5176470588235295,0.9450980392156862,0.025152587890625,0.1928236478917739,0.4773413626551742,0.2531278875082793,0.1333333333333333,0.4666666666666667,0.8313725490196079,0.0101394653320312,0.2510183788106589,0.2216827886633117,0.5725490196078431,0.8773607665521087,-0.0497015735989185,0.5665065889796754
ISPY2-890414,1,256.0,134.0,6.0,0.0,2.0,5.0,1.2,0.7031,50.0,81.0,148.0,228.0,88.0,157.0,2.8984706333519994,55.0,1.0,0.0,0.0,0.0,0.0,TripleNeg,1.0,0.0,0.0,spy2,0,train,10,15,24,0,32.0,81.0,70.0,179.9936,1.3605843309321686,10,0.4373397827148437,0.1425593118106617,0.230777409012392,0.1182233352494486,0.1176470588235294,0.196078431372549,0.396078431372549,0.0,0.2713884181602328,0.4229492563408636,0.2552570840975839,0.1647058823529411,0.3333333333333333,0.8313725490196079,0.0235107421875,0.2591332409428615,0.4043335542735176,0.23298459999463,0.1647058823529411,0.3333333333333333,0.7568627450980392,0.0131591796875,0.1921718473284716,0.2077589381538277,0.5490196078431373,0.9150361360832012,-0.018615702067346,0.4877245793163297
ISPY2-604326,0,256.0,72.0,8.0,0.0,2.0,5.0,2.2,0.7031,16.0,33.0,63.0,164.0,73.0,140.0,7.92837904518,60.0,1.0,1.0,0.0,1.0,1.0,HER2pos,0.0,1.0,0.0,spy2,0,train,10,6,18,3,18.0,102.0,68.0,179.9936,2.189234860515064,10,0.5042724609375,0.1445130710975796,0.2782401948713491,0.1033163508092065,0.1647058823529411,0.2509803921568627,0.4274509803921568,0.0,0.2232081274892769,0.4370028028448512,0.2538208554800276,0.2117647058823529,0.3333333333333333,0.9137254901960784,0.0355209350585937,0.2212518310546875,0.4327922104571944,0.2141450652377033,0.2235294117647059,0.3607843137254902,0.7686274509803922,0.00665283203125,0.1587626079735021,0.199796903239099,0.5411764705882353,0.8976852991873923,-0.0042105923876568,0.4040784289583846
ISPY2-563856,1,256.0,80.0,7.0,0.0,2.0,5.0,2.0,0.5859,27.0,43.0,79.0,132.0,97.0,156.0,21.1150796031,40.0,0.0,0.0,1.0,0.0,0.0,TripleNeg,1.0,0.0,0.0,spy2,0,train,10,5,14,0,17.0,54.0,60.0,149.9904,3.0962597108209335,10,0.6070571899414062,0.1084904928768382,0.2351774691058394,0.1113204866032454,0.1137254901960784,0.2117647058823529,0.396078431372549,0.0,0.1682202746821385,0.3683318245925733,0.2520921934274088,0.1137254901960784,0.2980392156862745,0.7529411764705882,0.0157821655273437,0.1939606849820006,0.4256085730281922,0.2800521856418062,0.1333333333333333,0.3411764705882353,0.8862745098039215,0.0204238891601562,0.1331543554867339,0.1713184211355481,0.3803921568627451,0.8099751862969334,0.0572767484356189,0.2031189931616696
ACRIN-6698-688291,0,256.0,72.0,7.0,0.0,2.0,6.0,2.2,0.7031,5.0,38.0,81.0,158.0,72.0,138.0,16.79206755248,56.0,0.0,1.0,0.0,1.0,0.0,HRposHER2neg,0.0,0.0,1.0,spy2,0,train,10,13,25,3,34.0,78.0,67.0,179.9936,2.8787527148505325,10,0.4759719848632813,0.1400043801700367,0.2589961950414784,0.102762547328367,0.1450980392156863,0.2313725490196078,0.4156862745098039,0.0,0.2199878827263327,0.4056498121557585,0.2521468991282491,0.1725490196078431,0.3098039215686274,0.8627450980392157,0.0258468627929687,0.2266104365330116,0.4186451246281925,0.2155056806546472,0.2117647058823529,0.3490196078431372,0.7764705882352941,0.00634765625,0.1466536171142801,0.1986610711001835,0.5058823529411764,0.8752602445352288,0.0129953124724339,0.2762333771077987
ACRIN-6698-530095,0,256.0,80.0,8.0,0.0,2.0,6.0,2.0,0.703125,37.0,53.0,153.0,208.0,132.0,167.0,6.3894287109375,45.0,0.0,0.0,1.0,1.0,0.0,HRposHER2neg,0.0,0.0,1.0,spy2,0,train,10,4,13,2,17.0,56.0,36.0,180.0,2.0000504262800582,10,0.47176513671875,0.2347478410309436,0.4240472028249286,0.1692928222753744,0.2431372549019607,0.388235294117647,0.6627450980392157,0.0031600952148437,0.2774713374119179,0.4997557345679935,0.1870015687059187,0.2980392156862745,0.4627450980392157,0.7725490196078432,0.0156646728515625,0.3083589142444087,0.5574607383220891,0.1806210821764233,0.3647058823529411,0.5176470588235295,0.8274509803921568,0.020330810546875,0.0757085317430648,0.1100686207084185,0.1529411764705882,0.845229704434636,0.0577050037540956,0.1391138816351997
ISPY2-705381,1,256.0,134.0,6.0,0.0,2.0,5.0,1.2,0.7031,43.0,96.0,103.0,229.0,68.0,171.0,21.793105947084,46.0,0.0,1.0,0.0,1.0,1.0,HER2pos,0.0,1.0,0.0,spy2,0,train,10,19,34,4,54.0,127.0,104.0,179.9936,3.1264581194952155,10,0.622845458984375,0.1111703132180606,0.254813176059348,0.1332811610515692,0.1215686274509803,0.2196078431372549,0.4313725490196078,9.1552734375e-06,0.2090007826861213,0.4672955055826807,0.2533661131205306,0.1647058823529411,0.4274509803921568,0.8352941176470589,0.017730712890625,0.2164350502163756,0.48437950488078,0.2527917909578628,0.1764705882352941,0.4549019607843137,0.8588235294117647,0.0198226928710937,0.2124823295233326,0.2216525485244204,0.5568627450980392,0.8497402618419562,0.0170839992980993,0.3988153998025666
ISPY2-636424,0,256.0,80.0,8.0,0.0,2.0,6.0,2.0,0.6445,30.0,47.0,113.0,176.0,34.0,95.0,12.92663338,33.0,0.0,0.0,0.0,0.0,0.0,TripleNeg,1.0,0.0,0.0,spy2,0,train,10,6,15,1,18.0,64.0,62.0,164.992,2.6338030773186314,10,0.6095382690429687,0.1106554098690257,0.2476785985073571,0.1089558696869885,0.1215686274509803,0.2313725490196078,0.392156862745098,0.0,0.2189609303193933,0.4870087474521175,0.2505286666061894,0.1686274509803921,0.4549019607843137,0.8627450980392157,0.0194839477539062,0.211614320044424,0.466906488105514,0.2479195539437785,0.1568627450980392,0.4352941176470588,0.8509803921568627,0.0168075561523437,0.2393301489447603,0.1919856518285487,0.5098039215686274,0.912369623240964,-0.0201022593466034,0.5444267721274126
ACRIN-6698-222135,0,256.0,134.0,7.0,0.0,2.0,6.0,1.2,0.5652173758,73.0,108.0,86.0,170.0,144.0,215.0,9.468344282064333,53.0,1.0,0.0,1.0,1.0,0.0,HRposHER2neg,0.0,0.0,1.0,spy2,0,train,10,12,21,1,36.0,85.0,72.0,144.6956482048,2.3483558731282463,10,0.5635467529296875,0.1297622022441789,0.2794436202360147,0.148251552027925,0.1215686274509803,0.2392156862745098,0.5019607843137255,9.1552734375e-06,0.1746207083907781,0.3689635278515498,0.2476144829616779,0.1137254901960784,0.3019607843137254,0.7450980392156863,0.0175704956054687,0.1983219879748774,0.4121302047322771,0.2778807603823178,0.1215686274509803,0.3294117647058823,0.8705882352941177,0.0235198974609375,0.089519907615535,0.1395883851168786,0.2823529411764706,0.7252704223973374,0.0431666768807273,0.3427669437898991
ISPY2-349639,1,384.0,200.0,8.0,0.0,2.0,6.0,1.0,0.9375,61.0,128.0,141.0,224.0,30.0,101.0,19.937109375,43.0,1.0,0.0,1.0,1.0,1.0,HER2pos,0.0,1.0,0.0,spy2,0,train,10,20,29,3,68.0,84.0,72.0,360.0,3.0415231526948285,10,0.6330001831054688,0.1107051535213694,0.2514841598983627,0.1759939973501512,0.1137254901960784,0.188235294117647,0.5176470588235295,0.0031021118164062,0.1577735990636488,0.3346259083883598,0.2344430493095496,0.1333333333333333,0.2509803921568627,0.7098039215686275,0.0163528442382812,0.1754091270297181,0.3761241286845567,0.2491475873009077,0.1568627450980392,0.2862745098039215,0.8313725490196079,0.024029541015625,0.083141748489997,0.1226648733168911,0.2549019607843137,0.7845225077645239,0.0414982202961969,0.2402740762607217
ISPY2-703455,0,256.0,80.0,7.0,0.0,2.0,5.0,2.0,0.625,23.0,58.0,0.0,154.0,121.0,222.0,63.78828125,44.0,0.0,0.0,1.0,0.0,0.0,TripleNeg,1.0,0.0,0.0,spy2,0,train,10,12,21,2,36.0,155.0,102.0,160.0,4.17112474209641,10,0.5951202392578125,0.1101818368949142,0.2429224377979968,0.1035099898541501,0.1176470588235294,0.2313725490196078,0.3803921568627451,0.0,0.2087500239353554,0.4590059798519735,0.2493309146865842,0.1803921568627451,0.4078431372549019,0.8705882352941177,0.0231201171875,0.2390675503599877,0.5319162055156047,0.2609701413574324,0.2078431372549019,0.4941176470588235,0.9490196078431372,0.0324859619140625,0.2160835420539766,0.1953411827490451,0.5411764705882353,0.924712258142322,0.0729102256636311,0.2680955144681204
ISPY2-386664,0,312.0,66.0,6.0,0.0,2.0,5.0,2.4,0.5859,19.0,52.0,55.0,221.0,162.0,247.0,19.549590917976,63.0,1.0,1.0,0.0,1.0,0.0,HRposHER2neg,0.0,0.0,1.0,spy2,0,train,10,12,21,4,34.0,167.0,86.0,182.80079999999998,3.0228410340762686,10,0.3870437622070313,0.2445596612668504,0.3878798209035099,0.1346255498920119,0.2509803921568627,0.3568627450980392,0.5647058823529412,0.0015457153320312,0.299928804285386,0.4732558219562722,0.1892511492769761,0.2901960784313726,0.4235294117647059,0.7490196078431373,0.014300537109375,0.2935099463369332,0.4594937476866492,0.199731037649805,0.2666666666666666,0.4078431372549019,0.7568627450980392,0.0173538208007812,0.0853760010527622,0.1338028193539114,0.2666666666666666,0.7726054064280682,-0.013762074269623,0.5884512841449115
ISPY2-651541,1,384.0,160.0,7.0,0.0,2.0,5.0,1.0,0.78125,16.0,36.0,170.0,211.0,32.0,77.0,4.3572998046875,65.0,1.0,1.0,0.0,0.0,0.0,TripleNeg,1.0,0.0,0.0,spy2,0,train,10,5,14,4,21.0,42.0,46.0,300.0,1.6784600803669067,10,0.6324310302734375,0.1132775519875919,0.233300904570388,0.1697190947019537,0.1098039215686274,0.1725490196078431,0.4156862745098039,0.0035751342773437,0.1809120327818627,0.3485107595281875,0.2082809434997121,0.1529411764705882,0.2941176470588235,0.6352941176470588,0.0120285034179687,0.181284885780484,0.3566195293759498,0.2240043179880357,0.1490196078431372,0.2862745098039215,0.6862745098039216,0.0162704467773437,0.1152098549577994,0.1074869778370195,0.2156862745098039,0.8984432728631325,0.0081087698477622,0.4498401760139482
ISPY2-426106,0,256.0,132.0,6.0,0.0,2.0,5.0,1.2,0.8398,14.0,107.0,58.0,232.0,78.0,238.0,80.33408784585599,56.0,1.0,1.0,0.0,1.0,0.0,HRposHER2neg,0.0,0.0,1.0,spy2,0,train,10,47,56,0,94.0,175.0,161.0,214.9888,4.398565213375375,10,0.53604736328125,0.1388467945772059,0.2679989418873819,0.1633994579759902,0.1098039215686274,0.2,0.5019607843137255,0.0005630493164062,0.2130993472828584,0.4061381107814505,0.2504187126987047,0.1686274509803921,0.3137254901960784,0.8196078431372549,0.0324905395507812,0.2416213630227481,0.4599844223742066,0.2629639072968108,0.192156862745098,0.3725490196078431,0.9529411764705882,0.0421737670898437,0.1381391688940685,0.1436894318852128,0.3686274509803922,0.9501802299576394,0.0538463115927561,0.1127358118241376
ISPY2-981461,0,256.0,160.0,7.0,0.0,2.0,6.0,1.0,0.6793478131,72.0,101.0,79.0,125.0,100.0,148.0,5.109876931285069,44.0,0.0,0.0,1.0,1.0,1.0,HER2pos,0.0,1.0,0.0,spy2,0,train,10,7,16,1,30.0,47.0,49.0,173.9130401536,1.8099066308014444,10,0.69229736328125,0.0851481299306832,0.2458028698844158,0.1269715767443829,0.1019607843137254,0.2039215686274509,0.4235294117647059,0.0,0.1334790876799938,0.3508321295749624,0.2537211314131191,0.0862745098039215,0.2901960784313726,0.7137254901960784,0.0175674438476562,0.1471748860677083,0.3797392297657747,0.2569546727667218,0.0862745098039215,0.3372549019607843,0.7647058823529411,0.0118728637695312,0.1050292596905465,0.1946952699632861,0.3725490196078431,0.6751100884674892,0.0289071001908122,0.3364144880390368
ISPY2-446263,1,256.0,72.0,7.0,0.0,2.0,5.0,2.2,0.7031,20.0,51.0,90.0,174.0,90.0,177.0,25.172875360732,53.0,0.0,1.0,0.0,1.0,0.0,HRposHER2neg,0.0,0.0,1.0,spy2,0,train,10,14,23,3,32.0,85.0,88.0,179.9936,3.2647235829074415,10,0.4668243408203125,0.1809227857402726,0.3244386780589255,0.1186022634056142,0.1686274509803921,0.3176470588235294,0.4784313725490196,1.678466796875e-05,0.2671599324544271,0.4536959803983295,0.1777715152156316,0.2941176470588235,0.4156862745098039,0.6705882352941176,0.0210983276367187,0.2896129234164369,0.4934727613478438,0.182552608095307,0.3411764705882353,0.4470588235294118,0.7490196078431373,0.0262008666992187,0.1292573023394039,0.1586315498876165,0.3372549019607843,0.8388281218698308,0.0397767809495142,0.2976315171912472
ISPY2-122795,0,256.0,80.0,8.0,0.0,2.0,6.0,2.0,0.5664,20.0,47.0,78.0,156.0,131.0,174.0,4.33669552128,45.0,0.0,1.0,0.0,0.0,0.0,TripleNeg,1.0,0.0,0.0,spy2,0,train,10,8,25,3,28.0,79.0,44.0,144.9984,1.6746066451866086,10,0.6449493408203125,0.1217870555204503,0.302673450529056,0.1646148775912298,0.1254901960784313,0.2666666666666666,0.5215686274509804,0.0005874633789062,0.1996239097445618,0.4912017592335577,0.2529829029875562,0.1843137254901961,0.4588235294117647,0.8745098039215686,0.0178115844726562,0.2009511132333793,0.4895652864172924,0.244512801200207,0.1843137254901961,0.4588235294117647,0.8431372549019608,0.0204193115234375,0.1885283087045017,0.1879286081695239,0.5019607843137255,0.909014723704907,-0.0016364728162652,0.4405464875411499
ACRIN-6698-396723,0,256.0,80.0,8.0,0.0,2.0,6.0,2.0,0.703125,21.0,52.0,82.0,190.0,128.0,201.0,15.91029052734375,72.0,1.0,1.0,0.0,1.0,1.0,HER2pos,0.0,1.0,0.0,spy2,0,train,10,14,23,1,32.0,109.0,74.0,180.0,2.827922343563832,10,0.3714691162109375,0.2871047973632812,0.4422604585175642,0.1361366952050565,0.2705882352941176,0.4352941176470588,0.6039215686274509,0.0017623901367187,0.3381372429342831,0.5224083039606496,0.1755969158403284,0.3254901960784314,0.5058823529411764,0.7333333333333333,0.02493896484375,0.3642337335324754,0.5569994764755294,0.186526023661563,0.3490196078431372,0.5450980392156862,0.796078431372549,0.0296798706054687,0.0801478454430855,0.1097541361133121,0.1803921568627451,0.8574119840549241,0.0345911725148796,0.2852245857144938
ISPY2-313672,0,256.0,66.0,7.0,0.0,2.0,6.0,2.4,0.6445,17.0,32.0,83.0,137.0,72.0,122.0,5.5587846576,73.0,,1.0,0.0,1.0,0.0,HRposHER2neg,0.0,0.0,1.0,spy2,0,train,10,5,14,4,16.0,55.0,51.0,164.992,1.8808053201824486,10,0.58934326171875,0.1382437313304227,0.3219644300751126,0.1365021752509719,0.1686274509803921,0.3058823529411765,0.4862745098039215,0.0012115478515625,0.1793826114430147,0.4187899948184143,0.1872340851007854,0.2117647058823529,0.3843137254901961,0.6627450980392157,0.0126434326171875,0.2018722653856464,0.4671585530261568,0.2084591835735793,0.2392156862745098,0.4196078431372549,0.7843137254901961,0.0185928344726562,0.0968255647433016,0.1015104140070515,0.2078431372549019,0.9005714752831366,0.0483685582077425,0.2307452216045896
ISPY2-500826,0,256.0,72.0,7.0,0.0,2.0,6.0,2.2,0.7031,15.0,34.0,77.0,176.0,141.0,201.0,8.875651767862001,69.0,1.0,1.0,0.0,1.0,0.0,HRposHER2neg,0.0,0.0,1.0,spy2,0,train,10,6,15,4,20.0,100.0,61.0,179.9936,2.290072310417972,10,0.4127716064453125,0.1484050855449601,0.2406469590637375,0.0889567413027107,0.1372549019607843,0.2313725490196078,0.3490196078431372,0.0,0.2121573594037224,0.3368912219840826,0.1937930123015309,0.1647058823529411,0.2901960784313726,0.5764705882352941,0.01302490234375,0.2046450386795343,0.3250906474125173,0.1854117304856767,0.1450980392156863,0.2862745098039215,0.5568627450980392,0.0069778442382812,0.0962442629203451,0.1614504046877626,0.2823529411764706,0.85980366172443,-0.0118005745715653,0.4907105699422626
ISPY2-729270,1,384.0,160.0,6.0,0.0,2.0,5.0,1.0,0.859375,29.0,80.0,91.0,177.0,38.0,111.0,15.105059814453124,50.0,0.0,1.0,0.0,0.0,1.0,HER2pos,0.0,1.0,0.0,spy2,0,train,10,25,34,4,52.0,87.0,74.0,330.0,2.7791334968062635,10,0.6071395874023438,0.1197482598996629,0.2726029161397532,0.1656931310598923,0.1215686274509803,0.2196078431372549,0.4980392156862745,0.0018890380859375,0.1960195503982843,0.4451166444477699,0.2636373194173902,0.1607843137254902,0.3843137254901961,0.8901960784313725,0.0271942138671875,0.1946224437040441,0.4399294783261993,0.2429596896117109,0.1725490196078431,0.388235294117647,0.8274509803921568,0.0193069458007812,0.1725137283080167,0.2116192730599103,0.5176470588235295,0.8341289107257297,-0.0051871661215706,0.4201697318082069
ISPY2-666147,0,320.0,150.0,6.0,0.0,2.0,5.0,1.2,0.6641,17.0,73.0,126.0,267.0,179.0,244.0,7.78504055412,27.0,0.0,1.0,0.0,1.0,0.0,HRposHER2neg,0.0,0.0,1.0,spy2,0,train,10,10,58,1,57.0,142.0,66.0,212.512,2.173050337919811,10,0.65328369140625,0.1244846478630514,0.3183950293844961,0.1684831821745052,0.1254901960784313,0.2862745098039215,0.5686274509803921,0.0001312255859375,0.1924727196786917,0.458534931065691,0.2449871072114215,0.1450980392156863,0.4352941176470588,0.803921568627451,0.009130859375,0.1975431853649663,0.4734756167016326,0.271695612443912,0.1333333333333333,0.4352941176470588,0.9019607843137256,0.02086181640625,0.1401399016811949,0.1732704268104449,0.3764705882352941,0.785031510755906,0.0149406856359415,0.4441608280815406
ACRIN-6698-179369,0,256.0,80.0,8.0,0.0,2.0,6.0,2.0,0.6641,14.0,66.0,113.0,222.0,40.0,188.0,62.27944237534,36.0,0.0,1.0,0.0,1.0,0.0,HRposHER2neg,0.0,0.0,1.0,spy2,1,test,10,31,40,-1,53.0,110.0,149.0,170.0096,4.1475605114000285,10,0.5944931030273437,0.1264777389227175,0.2746352336752622,0.128347713465834,0.1176470588235294,0.2666666666666666,0.4470588235294118,0.0,0.2126232730641084,0.4534101583196485,0.2772830603421873,0.1411764705882353,0.4078431372549019,0.9176470588235294,0.027044677734375,0.2191350001914828,0.466974235179165,0.2664062971527758,0.1568627450980392,0.4392156862745098,0.8901960784313725,0.016693115234375,0.1787749246443863,0.2046016592491656,0.5215686274509804,0.8641558138572283,0.0135640768595163,0.3898808291910157
ISPY2-982505,0,384.0,144.0,6.0,0.0,2.0,5.0,1.2000000477,0.83333333333333,45.0,96.0,143.0,218.0,286.0,357.0,16.252500646036747,51.0,0.0,1.0,0.0,1.0,1.0,HER2pos,0.0,1.0,0.0,spy2,0,train,10,25,34,2,52.0,76.0,72.0,319.99999999999875,2.8479570979585977,10,0.4749664306640625,0.176123794854856,0.3008063305651015,0.1764110458390306,0.1254901960784313,0.2549019607843137,0.5529411764705883,0.002069091796875,0.2514140409581801,0.4059664632405509,0.2171490204611595,0.1803921568627451,0.3568627450980392,0.7254901960784313,0.0215103149414062,0.2558023490157782,0.4192013214206708,0.2280536993022324,0.188235294117647,0.3607843137254902,0.796078431372549,0.0248382568359375,0.1051601326754494,0.117031474004364,0.2588235294117647,0.8523159907697494,0.0132348581801198,0.4251989328249333
ACRIN-6698-375954,0,256.0,160.0,7.0,0.0,2.0,6.0,1.0,0.64453125,28.0,118.0,45.0,212.0,54.0,149.0,14.577106475830078,36.0,0.0,1.0,0.0,0.0,1.0,HER2pos,0.0,1.0,0.0,spy2,0,train,10,43,70,4,91.0,168.0,96.0,165.0,2.7458023027727396,10,0.5262451171875,0.1614929259057138,0.3133029313245525,0.1741475765065218,0.1294117647058823,0.2588235294117647,0.5764705882352941,0.0005645751953125,0.197218843347886,0.3703007866377677,0.2428362493303939,0.1215686274509803,0.3058823529411765,0.7411764705882353,0.016339111328125,0.2210146017635569,0.4111796282542906,0.2582585157723829,0.1372549019607843,0.3450980392156862,0.8392156862745098,0.0240768432617187,0.0569978553132152,0.1417371962566415,0.2392156862745098,0.6278858541612986,0.0408788416165229,0.345477969595465
ISPY2-194024,1,256.0,80.0,8.0,0.0,2.0,6.0,2.0,0.5664,34.0,56.0,76.0,137.0,129.0,193.0,11.783313100800004,41.0,0.0,1.0,0.0,1.0,0.0,HRposHER2neg,0.0,0.0,1.0,spy2,0,train,10,7,16,0,23.0,62.0,65.0,144.9984,2.5481406564163938,10,0.5813919067382812,0.1302607697131587,0.2835988306724277,0.1410150930282789,0.1215686274509803,0.2588235294117647,0.4745098039215686,1.678466796875e-05,0.197890385646446,0.4148794010330285,0.2352404617286767,0.1490196078431372,0.3725490196078431,0.7686274509803922,0.0145614624023437,0.2176302083333333,0.4613035010569791,0.2400326665653855,0.1803921568627451,0.4196078431372549,0.8196078431372549,0.023114013671875,0.1312805703606008,0.1613336467559161,0.3843137254901961,0.8164387855900911,0.0464241000239506,0.2228337932266283
ACRIN-6698-320538,0,256.0,72.0,7.0,0.0,2.0,6.0,2.2,0.7031,9.0,38.0,99.0,220.0,53.0,177.0,18.82582184802,57.0,1.0,1.0,0.0,0.0,0.0,TripleNeg,1.0,0.0,0.0,spy2,0,train,10,11,20,1,30.0,122.0,125.0,179.9936,2.9869852217950887,10,0.5726882934570312,0.148755553002451,0.3220264002874068,0.1181655828374295,0.1568627450980392,0.3176470588235294,0.4823529411764706,0.0,0.2202236160577512,0.4643404972891768,0.20775812375552,0.2274509803921568,0.4313725490196078,0.7568627450980392,0.0103134155273437,0.2215060783835018,0.4701473646239061,0.2088841665239547,0.2196078431372549,0.4470588235294118,0.7568627450980392,0.0079345703125,0.1423140970017699,0.1572982594639794,0.3686274509803922,0.8903596947611617,0.0058068673347293,0.3739532857454034
ISPY2-637051,0,256.0,64.0,8.0,0.0,2.0,5.0,2.5000000002,0.961538434,34.0,50.0,140.0,183.0,99.0,160.0,15.065642629369467,52.0,1.0,1.0,0.0,0.0,0.0,TripleNeg,1.0,0.0,0.0,spy2,0,train,10,6,15,2,17.0,44.0,62.0,246.153839104,2.776682993595935,10,0.5003631591796875,0.2113937377929687,0.4070380253542283,0.1914325840725516,0.1529411764705882,0.4156862745098039,0.6431372549019608,0.0018814086914062,0.2712554871802237,0.5139943718216943,0.2248323082791155,0.2117647058823529,0.5411764705882353,0.788235294117647,0.0136795043945312,0.2784294038660386,0.522874220143283,0.2349823107238839,0.2117647058823529,0.5450980392156862,0.8156862745098039,0.0176712036132812,0.1069563464674659,0.1182536459711844,0.2156862745098039,0.8770957910103163,0.0088798483215887,0.4037539472639429
ISPY2-697098,1,256.0,80.0,8.0,0.0,2.0,6.0,2.0,0.6641,28.0,75.0,20.0,233.0,38.0,134.0,93.35786055842,37.0,0.0,1.0,0.0,0.0,0.0,TripleNeg,1.0,0.0,0.0,spy2,0,train,10,10,19,3,48.0,214.0,97.0,170.0096,4.547094581099094,10,0.5449310302734375,0.1223853137446384,0.2334734259859378,0.1131344790289317,0.1098039215686274,0.2,0.388235294117647,0.0,0.2062550742953431,0.390934871906742,0.2662053484484057,0.1333333333333333,0.3058823529411765,0.8823529411764706,0.027569580078125,0.2519405469707414,0.4704531656744861,0.2844005514587945,0.1647058823529411,0.392156862745098,0.9490196078431372,0.035296630859375,0.1574614459208041,0.1944216592964069,0.5254901960784314,0.8720333697700463,0.0795182937677441,0.1899347492237638
ISPY2-832056,0,256.0,248.0,7.0,0.0,2.0,6.0,0.800001,1.3281,57.0,177.0,67.0,152.0,29.0,100.0,119.1291404909515,41.0,0.0,1.0,0.0,0.0,0.0,TripleNeg,1.0,0.0,0.0,spy2,0,train,10,72,81,3,121.0,86.0,72.0,339.9936,4.788567334883344,10,0.6418167114257812,0.091438221650965,0.2355544652053691,0.119409268849566,0.1215686274509803,0.2039215686274509,0.3803921568627451,0.0003189086914062,0.1559062823127297,0.3908208273703067,0.2272873377559432,0.1607843137254902,0.3294117647058823,0.7294117647058823,0.0129562377929687,0.1605346320657169,0.4049302483550984,0.2284473226116544,0.1686274509803921,0.3490196078431372,0.7529411764705882,0.0154266357421875,0.1552663621649376,0.1667749936121998,0.4117647058823529,0.9051883155334224,0.0141094209847917,0.4173954903105151
ACRIN-6698-942017,0,256.0,80.0,7.0,0.0,2.0,5.0,2.0,0.5859,13.0,62.0,34.0,169.0,62.0,168.0,58.0518795591,44.0,0.0,0.0,1.0,1.0,0.0,HRposHER2neg,0.0,0.0,1.0,spy2,0,train,10,18,28,0,50.0,136.0,107.0,149.9904,4.078416372096165,10,0.5463226318359375,0.1455368819891237,0.2978564996740181,0.1199951972459584,0.1450980392156863,0.2862745098039215,0.4627450980392157,0.0,0.2403757910634957,0.4856720996091779,0.2438721224687038,0.192156862745098,0.4627450980392157,0.8509803921568627,0.02381591796875,0.2646471988453584,0.5240342582301014,0.239615628283084,0.2274509803921568,0.5019607843137255,0.8941176470588236,0.0295059204101562,0.1878155999351597,0.2250213672460489,0.5411764705882353,0.8106093730030068,0.0383621586209234,0.3838397427704643
ISPY2-266509,1,256.0,72.0,8.0,0.0,2.0,5.0,2.2,0.7813,48.0,63.0,125.0,190.0,92.0,148.0,6.256782236562,59.0,1.0,1.0,0.0,0.0,0.0,TripleNeg,1.0,0.0,0.0,spy2,0,train,10,6,15,1,16.0,66.0,57.0,200.0128,1.981936512482121,10,0.4981979370117187,0.1226056925455729,0.2355714503851111,0.0853488291133037,0.1450980392156863,0.2196078431372549,0.3490196078431372,0.000347900390625,0.2001994114296109,0.3788273023867107,0.2176127099493759,0.2039215686274509,0.2941176470588235,0.7372549019607844,0.0209396362304687,0.1904722744810815,0.3593195194036028,0.1789523701257093,0.2,0.2980392156862745,0.615686274509804,0.0060546875,0.1432558520015996,0.1867463103163663,0.4666666666666667,0.9210091801703456,-0.0195077829831078,0.4348341700596909
ISPY2-307659,0,256.0,160.0,7.0,0.0,2.0,6.0,1.0,0.5625,76.0,112.0,105.0,187.0,86.0,162.0,5.49755859375,56.0,1.0,1.0,0.0,1.0,1.0,HER2pos,0.0,1.0,0.0,spy2,0,train,10,11,20,4,37.0,83.0,77.0,144.0,1.871426505384344,10,0.5111343383789062,0.1723829979990042,0.3319403069842938,0.1503436386303858,0.1450980392156863,0.3254901960784314,0.5294117647058824,0.000616455078125,0.2220040594362745,0.4166714189444704,0.1945402250079893,0.192156862745098,0.4,0.6509803921568628,0.0137191772460937,0.2403377517999387,0.4515967133209988,0.2089550728889916,0.2117647058823529,0.4313725490196078,0.7294117647058823,0.0216156005859375,0.0847311119601765,0.1103169858192328,0.196078431372549,0.8432157761179588,0.0349252943765283,0.277127687798666
ISPY2-677915,0,256.0,70.0,8.0,0.0,2.0,5.0,2.3,0.6641,26.0,60.0,41.0,143.0,105.0,184.0,30.165223929094,43.0,0.0,1.0,0.0,1.0,0.0,HRposHER2neg,0.0,0.0,1.0,spy2,0,train,10,13,22,4,35.0,103.0,80.0,170.0096,3.439302855509956,10,0.6524978637695312,0.1041779342352175,0.2541462969865142,0.1666871054643588,0.1137254901960784,0.1803921568627451,0.5372549019607843,0.0003936767578125,0.1664456715303308,0.3988293100228512,0.2648127244057172,0.1568627450980392,0.2941176470588235,0.8745098039215686,0.0257186889648437,0.1794575291053921,0.4312731059781282,0.2696843637518407,0.1647058823529411,0.3294117647058823,0.9098039215686274,0.023907470703125,0.144683013036337,0.1449303195562602,0.392156862745098,0.923434282226584,0.0324437959552769,0.2457550090234874
ISPY2-100899,0,256.0,80.0,8.0,0.0,2.0,5.0,2.0,0.6641,27.0,60.0,109.0,209.0,91.0,175.0,3.21333590966,53.0,1.0,1.0,0.0,0.0,0.0,TripleNeg,1.0,0.0,0.0,spy2,0,train,10,8,30,4,34.0,101.0,85.0,170.0096,1.4382547115203514,10,0.6189041137695312,0.1206818045821844,0.2737861771202445,0.1815093842045799,0.1137254901960784,0.196078431372549,0.5568627450980392,0.0014694213867187,0.172162691004136,0.368809700172836,0.2197374374829042,0.1568627450980392,0.2862745098039215,0.6980392156862745,0.0089981079101562,0.202144930970435,0.4317414281682323,0.2422236226629687,0.188235294117647,0.3490196078431372,0.8117647058823529,0.01710205078125,0.0950235230525915,0.097249911113407,0.2039215686274509,0.8944005125022522,0.0629317279953962,0.1441812976717182
ISPY2-803677,0,320.0,76.0,7.0,0.0,2.0,6.0,2.4,0.625,17.0,49.0,83.0,264.0,164.0,259.0,24.0075,53.0,1.0,1.0,0.0,0.0,0.0,TripleNeg,1.0,0.0,0.0,spy2,0,train,10,17,27,1,33.0,182.0,96.0,200.0,3.2191757798771987,10,0.4721481323242187,0.1538687432981005,0.2759948245673549,0.11338308576233,0.1607843137254902,0.2431372549019607,0.4627450980392157,0.0,0.2023383765127144,0.3598137188868546,0.2134294574455364,0.1764705882352941,0.2784313725490196,0.6745098039215687,0.0173233032226562,0.2335586607689951,0.4176685692792263,0.222595778156955,0.2156862745098039,0.3333333333333333,0.7725490196078432,0.0236602783203125,0.0838188943194995,0.1528002097505082,0.3215686274509804,0.6950189776633048,0.0578548503923716,0.1777367293666692
ISPY2-233832,0,256.0,80.0,8.0,0.0,2.0,6.0,2.0,0.703125,11.0,32.0,89.0,193.0,91.0,170.0,20.15408935546875,42.0,0.0,0.0,1.0,0.0,0.0,TripleNeg,1.0,0.0,0.0,spy2,0,train,10,10,19,1,22.0,105.0,80.0,180.0,3.051833236942924,10,0.5478759765625,0.1414562090705422,0.2879924989597329,0.1008034575886534,0.1568627450980392,0.2823529411764706,0.4196078431372549,0.0,0.2623340920840993,0.5320622752043741,0.2314487231537938,0.2980392156862745,0.4549019607843137,0.9647058823529412,0.039208984375,0.2526170558555454,0.5187653459245353,0.1852074841190432,0.3215686274509804,0.4941176470588235,0.7568627450980392,0.0152420043945312,0.2440697762446411,0.26352781164918,0.6980392156862745,0.9037238781791672,-0.0132969292798387,0.4524339867163454
ISPY2-733276,0,256.0,72.0,7.0,0.0,2.0,6.0,2.2,0.7422,34.0,52.0,85.0,150.0,39.0,99.0,12.913940844288,54.0,1.0,0.0,1.0,0.0,0.0,TripleNeg,1.0,0.0,0.0,spy2,0,train,10,5,14,0,19.0,66.0,61.0,190.0032,2.632891275967904,10,0.2884231567382812,0.2724918739468444,0.3746705091966044,0.1257072803018895,0.2352941176470588,0.3607843137254902,0.5215686274509804,0.001434326171875,0.3547566253063726,0.4864785017749227,0.1587386181233648,0.3294117647058823,0.4627450980392157,0.6901960784313725,0.0173263549804687,0.3814828072342218,0.5237009565834229,0.1639974157382574,0.3607843137254902,0.4941176470588235,0.7372549019607844,0.0234756469726562,0.1118079925783183,0.1049409488364393,0.2470588235294117,0.9530384548579468,0.0372224548085002,0.1777054889254383
ISPY2-994987,0,256.0,72.0,7.0,0.0,2.0,6.0,2.2,0.7031,29.0,51.0,111.0,196.0,66.0,127.0,20.476751805576,62.0,1.0,0.0,1.0,1.0,0.0,HRposHER2neg,0.0,0.0,1.0,spy2,0,train,10,8,17,1,23.0,86.0,62.0,179.9936,3.0669710387261437,10,0.5203109741210937,0.1214475684072457,0.2427743742382422,0.0945277263691156,0.1411764705882353,0.2156862745098039,0.388235294117647,0.0,0.2016617180319393,0.4045909705585773,0.2914213841180094,0.1490196078431372,0.2666666666666666,0.9294117647058824,0.033673095703125,0.200191375134038,0.4008016556539434,0.2597230160251656,0.1529411764705882,0.2901960784313726,0.8313725490196079,0.0068313598632812,0.1618165963203351,0.2391839770810428,0.592156862745098,0.7354605574977177,-0.003789314904634,0.4682045621546654
ISPY2-360937,0,256.0,80.0,8.0,0.0,2.0,6.0,2.0,0.5859,7.0,68.0,61.0,209.0,74.0,190.0,16.14165620382,50.0,0.0,1.0,0.0,1.0,0.0,HRposHER2neg,0.0,0.0,1.0,spy2,0,train,10,21,30,0,62.0,149.0,117.0,149.9904,2.8415115364956156,10,0.57982177734375,0.1317324051202512,0.2833972620453428,0.1059952356608922,0.1254901960784313,0.3019607843137254,0.4117647058823529,0.0,0.2291328400256587,0.4889534632016137,0.2861714022474513,0.1490196078431372,0.4235294117647059,1.0,0.0450286865234375,0.2310267908432904,0.4905206209615538,0.2315439529874632,0.188235294117647,0.4705882352941176,0.8235294117647058,0.0080078125,0.2055562011562708,0.2398143565478834,0.611764705882353,0.8343816274948432,0.0015671577599402,0.4289314662560646
ISPY2-357034,0,256.0,64.0,7.0,0.0,2.0,5.0,2.5,0.6641,18.0,34.0,63.0,139.0,70.0,122.0,8.02010890985,63.0,1.0,1.0,0.0,1.0,0.0,HRposHER2neg,0.0,0.0,1.0,spy2,0,train,10,5,15,3,17.0,77.0,53.0,170.0096,2.1994564082643886,10,0.59986572265625,0.1157581463982077,0.2679941246458008,0.1575141680889047,0.1294117647058823,0.2156862745098039,0.4705882352941176,0.0027252197265625,0.1510250615138633,0.3434839019960771,0.2149304956234898,0.1568627450980392,0.2666666666666666,0.6666666666666666,0.0134368896484375,0.1554870425953584,0.352504517777702,0.2270786552516526,0.1529411764705882,0.2745098039215686,0.6862745098039216,0.0187820434570312,0.0754897773502762,0.1345438360628456,0.2196078431372549,0.8007108209524391,0.0090206157816248,0.4199868818450837
ISPY2-485637,0,256.0,248.0,7.0,0.0,2.0,6.0,0.800001,1.3281,113.0,180.0,63.0,124.0,188.0,236.0,17.63428490376458,54.0,0.0,1.0,0.0,0.0,0.0,TripleNeg,1.0,0.0,0.0,spy2,0,train,10,28,42,0,68.0,62.0,49.0,339.9936,2.9250031583695764,10,0.6865158081054688,0.0800960765165441,0.2392750313881058,0.1173997897922284,0.1333333333333333,0.2078431372549019,0.388235294117647,0.0003860473632812,0.1249554263844209,0.3627594809736302,0.2118496931207975,0.1803921568627451,0.2823529411764706,0.6666666666666666,0.0100860595703125,0.1242286113664215,0.3634523623755034,0.2052976777746054,0.1803921568627451,0.2901960784313726,0.6470588235294118,0.0095169067382812,0.1234844495855243,0.1619785524805712,0.3411764705882353,0.9139915792547884,0.0006928814018732,0.3922996422400155
ISPY2-590220,1,256.0,160.0,7.0,0.0,2.0,5.0,1.2000000477,1.40625,10.0,55.0,63.0,114.0,38.0,79.0,27.942628063844417,41.0,0.0,1.0,0.0,0.0,0.0,TripleNeg,1.0,0.0,0.0,spy2,0,train,10,17,30,4,46.0,52.0,42.0,360.0,3.365315527855839,10,0.608770751953125,0.135237797755821,0.2964505885350755,0.1870315370239289,0.1215686274509803,0.2431372549019607,0.5176470588235295,0.0075408935546875,0.1717632518095128,0.3683629550979505,0.2064573887844585,0.1725490196078431,0.3098039215686274,0.6352941176470588,0.0152999877929687,0.179899232153799,0.389321542748365,0.2198908847529574,0.1725490196078431,0.3294117647058823,0.6980392156862745,0.0195114135742187,0.071912366562875,0.1129205781879929,0.192156862745098,0.7878087021638404,0.0209585876504145,0.3098683286790745
ISPY2-405717,0,256.0,134.0,5.0,0.0,2.0,4.0,1.2,0.6836,55.0,87.0,46.0,113.0,109.0,164.0,20.774313278592,44.0,0.0,0.0,0.0,0.0,0.0,TripleNeg,1.0,0.0,0.0,spy2,0,train,10,9,19,0,33.0,68.0,56.0,175.0016,3.0807309850927873,10,0.6476531982421875,0.1081749351351868,0.2586285667510202,0.1306121976783567,0.1176470588235294,0.2235294117647059,0.4745098039215686,0.0,0.1933241960114123,0.4455452985043069,0.2561803556198069,0.1568627450980392,0.396078431372549,0.8470588235294118,0.0224136352539062,0.1989668722713695,0.4547261717162505,0.2548468015730945,0.1725490196078431,0.4,0.8941176470588236,0.0265487670898437,0.1869167317532866,0.1781177298925851,0.4705882352941176,0.9072078782577064,0.0091808732119436,0.3659544245909732
ISPY2-640463,1,256.0,160.0,7.0,0.0,2.0,5.0,1.25,1.328125,40.0,95.0,77.0,131.0,24.0,69.0,40.63180541992188,31.0,0.0,1.0,0.0,1.0,0.0,HRposHER2neg,0.0,0.0,1.0,spy2,0,train,10,22,31,1,56.0,55.0,46.0,340.0,3.7288644285086874,10,0.6209625244140625,0.1280797023399203,0.2941106534479528,0.1694758363458884,0.1254901960784313,0.2588235294117647,0.4901960784313725,0.0031692504882812,0.1878835161994485,0.4253326582841215,0.2293739135772799,0.1764705882352941,0.3686274509803922,0.796078431372549,0.0166244506835937,0.1890737256816789,0.4299284236290589,0.2311209196446927,0.1764705882352941,0.3725490196078431,0.8,0.0187515258789062,0.1312220048361687,0.1389507232831092,0.3294117647058823,0.9159239309839536,0.0045957653449373,0.4132750416656602
ISPY2-650589,0,384.0,160.0,7.0,0.0,2.0,5.0,1.0,0.78125,8.0,91.0,46.0,177.0,26.0,159.0,11.1358642578125,52.0,1.0,1.0,0.0,0.0,0.0,TripleNeg,1.0,0.0,0.0,spy2,0,train,10,34,48,2,84.0,132.0,134.0,300.0,2.496165056899012,10,0.4579315185546875,0.1670681044634651,0.2831263263926259,0.1662257371772676,0.1254901960784313,0.2392156862745098,0.5098039215686274,0.0021011352539062,0.2552737725949754,0.4109725986946503,0.2139039203407528,0.1803921568627451,0.3607843137254902,0.7176470588235294,0.0155075073242187,0.2622854075712316,0.4281295304328628,0.2281367145286689,0.188235294117647,0.3725490196078431,0.796078431372549,0.0287338256835937,0.1278462723020242,0.1354310235841274,0.3333333333333333,0.8649345531315975,0.0171569317382125,0.382201266713582
ISPY2-291515,0,256.0,80.0,8.0,0.0,2.0,6.0,2.0,0.625,26.0,62.0,78.0,179.0,105.0,194.0,19.45390625,44.0,0.0,1.0,0.0,0.0,0.0,TripleNeg,1.0,0.0,0.0,spy2,0,train,10,13,22,4,37.0,102.0,90.0,160.0,3.018173878917758,10,0.6219497680664062,0.11663963766659,0.2771637586778866,0.1391232198205732,0.1215686274509803,0.2549019607843137,0.4666666666666667,9.307861328125e-05,0.1835646206724877,0.4333188426545752,0.2695155971888932,0.1529411764705882,0.3607843137254902,0.9372549019607844,0.0272689819335937,0.1887763348747702,0.4446612057938339,0.2531428191906775,0.1647058823529411,0.392156862745098,0.8666666666666667,0.0166168212890625,0.1561550839766886,0.183018555680603,0.4666666666666667,0.8993497713503849,0.0113423631392587,0.3729026998010163
ISPY2-955953,1,384.0,144.0,6.0,0.0,2.0,5.0,1.2000000477,1.09375,26.0,83.0,178.0,260.0,285.0,342.0,23.15106537337981,36.0,0.0,1.0,0.0,0.0,1.0,HER2pos,0.0,1.0,0.0,spy2,0,train,10,20,32,1,58.0,83.0,58.0,420.0,3.1843284939652947,10,0.5259979248046875,0.1534166164024203,0.2868858812445471,0.1730356184164535,0.1254901960784313,0.2431372549019607,0.5058823529411764,0.00411376953125,0.2181859453986672,0.3802424100575519,0.2044489257958652,0.1725490196078431,0.3372549019607843,0.6392156862745098,0.018109130859375,0.2158990358838848,0.3835060748953685,0.2052506300800293,0.1843137254901961,0.3372549019607843,0.6627450980392157,0.0205902099609375,0.0933565288130047,0.1265653824858065,0.2941176470588235,0.7861589868723482,0.0032636648378165,0.4243695314864055
ACRIN-6698-799149,1,256.0,80.0,8.0,0.0,2.0,6.0,2.0,0.6055,20.0,69.0,44.0,159.0,129.0,210.0,16.361974797000002,35.0,0.0,1.0,0.0,1.0,1.0,HER2pos,0.0,1.0,0.0,spy2,0,train,10,9,38,3,50.0,116.0,82.0,155.008,2.8542824583500854,10,0.6494674682617188,0.112211124195772,0.2907047514184692,0.1959000710814176,0.1176470588235294,0.2,0.6,0.0006057739257812,0.1600167308134191,0.4116062214198989,0.2570237039720168,0.1686274509803921,0.2980392156862745,0.8196078431372549,0.0173965454101562,0.1722608020258884,0.4445117883914911,0.2662935254929738,0.1803921568627451,0.3333333333333333,0.8745098039215686,0.0226959228515625,0.1209014700014296,0.1184699478125513,0.2862745098039215,0.9212972031777124,0.0329055669715922,0.2445619762759821
ISPY2-182346,0,384.0,144.0,6.0,0.0,2.0,5.0,1.2000000477,0.80729166666667,44.0,116.0,93.0,165.0,230.0,348.0,38.78254548691893,58.0,1.0,1.0,0.0,1.0,0.0,HRposHER2neg,0.0,0.0,1.0,spy2,0,train,10,35,44,4,73.0,73.0,119.0,310.00000000000125,3.6834282604917052,10,0.6542984008789062,0.1165098781211703,0.2784917818662826,0.1798782935081838,0.1176470588235294,0.2078431372549019,0.5529411764705883,0.0010711669921875,0.2016120102826286,0.4558420959298227,0.2496881814500343,0.1803921568627451,0.403921568627451,0.9176470588235294,0.031005859375,0.2022995952531403,0.4642866261128014,0.2533476832387056,0.188235294117647,0.403921568627451,1.0,0.0365386962890625,0.17735031406354,0.1627089820976863,0.4235294117647059,0.8957048715787058,0.0084445301829787,0.4032106427023424
ISPY2-340186,0,256.0,134.0,6.0,0.0,2.0,5.0,1.2000007407,0.6640999913,51.0,84.0,45.0,137.0,60.0,154.0,5.104999698815747,54.0,1.0,1.0,0.0,0.0,0.0,TripleNeg,1.0,0.0,0.0,spy2,0,train,10,16,25,1,34.0,93.0,95.0,170.0095977728,1.8091080582286367,10,0.6707260131835937,0.118488296807981,0.2985555420168002,0.1899003022696474,0.1137254901960784,0.2313725490196078,0.5725490196078431,0.0006439208984375,0.1864582375919117,0.4462131147287755,0.2950686836868688,0.1019607843137254,0.403921568627451,0.9137254901960784,0.0246673583984375,0.1918165079752604,0.4549540077577976,0.285983258739563,0.1019607843137254,0.4392156862745098,0.8705882352941177,0.0187759399414062,0.1476575727119753,0.2070068813961682,0.4509803921568627,0.7630182628722897,0.008740893029022,0.402631225294611
ISPY2-324021,0,256.0,64.0,7.0,0.0,2.0,6.0,2.5,0.6071428657,25.0,37.0,37.0,142.0,107.0,207.0,23.10709886563404,44.0,,0.0,1.0,1.0,1.0,HER2pos,0.0,1.0,0.0,spy2,0,train,10,5,14,1,13.0,106.0,101.0,155.4285736192,3.1825063558627025,10,0.6910308837890625,0.0856402228860294,0.221325918828956,0.0818560312973362,0.1215686274509803,0.2117647058823529,0.3333333333333333,0.0,0.1744834810144761,0.4458716777901663,0.2721939248067743,0.1098039215686274,0.3843137254901961,0.8980392156862745,0.0170608520507812,0.1770074702244179,0.465840949933503,0.2318291638687424,0.1647058823529411,0.4313725490196078,0.792156862745098,0.0023880004882812,0.2245457589612102,0.2302355229207575,0.6039215686274509,0.839969183054631,0.0199692721433367,0.401430222336359
ACRIN-6698-943633,0,256.0,72.0,7.0,0.0,2.0,5.0,2.2,0.7031,49.0,66.0,81.0,141.0,115.0,180.0,7.00938312019,50.0,0.0,1.0,0.0,0.0,0.0,TripleNeg,1.0,0.0,0.0,spy2,0,train,10,6,15,1,18.0,61.0,66.0,179.9936,2.080613744405446,10,0.5599197387695313,0.1212565941904105,0.2594561097823293,0.1040137579259645,0.1490196078431372,0.2352941176470588,0.403921568627451,0.0,0.2082471301508884,0.4256026649333015,0.2104069065301427,0.2156862745098039,0.3725490196078431,0.7333333333333333,0.0118911743164062,0.2048047712737438,0.4236371556087476,0.2109578848178332,0.2078431372549019,0.3725490196078431,0.7254901960784313,0.0107711791992187,0.1661465551509722,0.1838647344431807,0.4392156862745098,0.9164698988596136,-0.0019655093245539,0.44975746417439
ACRIN-6698-429220,0,256.0,100.0,8.0,0.0,2.0,6.0,2.0,0.7031,67.0,92.0,42.0,110.0,102.0,169.0,18.179212558139994,52.0,1.0,1.0,0.0,0.0,0.0,TripleNeg,1.0,0.0,0.0,spy2,0,train,10,10,19,1,26.0,69.0,68.0,179.9936,2.9538270132496196,10,0.7235153198242188,0.0873001756855085,0.2802923305118998,0.1573042219774436,0.1137254901960784,0.2274509803921568,0.5058823529411764,7.9345703125e-05,0.1343163523954503,0.4163740753618069,0.2611925507189184,0.1333333333333333,0.3647058823529411,0.803921568627451,0.0180648803710937,0.1432219142539828,0.4343916657928479,0.266463347327262,0.1372549019607843,0.3803921568627451,0.8431372549019608,0.01502685546875,0.1360817448499071,0.1721917110585316,0.4352941176470588,0.8506873734112596,0.0180175904310409,0.3718218292797342
ISPY2-640927,0,256.0,160.0,7.0,0.0,2.0,5.0,1.0,0.5625,43.0,94.0,71.0,220.0,50.0,139.0,16.30093359375,62.0,1.0,1.0,0.0,0.0,0.0,TripleNeg,1.0,0.0,0.0,spy2,0,train,10,2,24,2,52.0,150.0,90.0,144.0,2.8507604650043246,10,0.6224563598632813,0.1253759286917892,0.2960141541450491,0.167435894844911,0.1176470588235294,0.2549019607843137,0.5411764705882353,8.392333984375e-05,0.2038746373793658,0.4403457006966681,0.2551074891598339,0.1333333333333333,0.4078431372549019,0.8117647058823529,0.0211761474609375,0.2273764097924326,0.4823844022285202,0.2682762609788769,0.1372549019607843,0.4666666666666667,0.8901960784313725,0.0259796142578125,0.144331546551619,0.167293520690904,0.3803921568627451,0.8146402777384845,0.0420387015318521,0.3021052674122064
ACRIN-6698-901705,0,256.0,134.0,6.0,0.0,2.0,5.0,1.2,0.7227,41.0,99.0,105.0,230.0,83.0,165.0,20.104399220796,42.0,0.0,0.0,0.0,1.0,0.0,HRposHER2neg,0.0,0.0,1.0,spy2,0,train,10,25,41,0,59.0,126.0,83.0,185.0112,3.0494815126267807,10,0.5024810791015625,0.1273923268037683,0.2288151114629514,0.1385054427914917,0.1137254901960784,0.1803921568627451,0.4117647058823529,2.288818359375e-05,0.2157555314606311,0.3812483725479372,0.2476893691482485,0.1568627450980392,0.2862745098039215,0.796078431372549,0.0266143798828125,0.2190705542470894,0.3864628823061547,0.2467109861848062,0.1568627450980392,0.3019607843137254,0.796078431372549,0.0276504516601562,0.1524332610849857,0.172280917260103,0.396078431372549,0.907619596753912,0.0052145097582176,0.4121740570580333
ACRIN-6698-712785,0,256.0,64.0,7.0,0.0,2.0,5.0,2.5,0.7031,22.0,39.0,34.0,122.0,68.0,115.0,12.406939336975,50.0,0.0,1.0,0.0,0.0,0.0,TripleNeg,1.0,0.0,0.0,spy2,1,test,10,3,13,-1,18.0,89.0,48.0,179.9936,2.595772433881433,10,0.55972900390625,0.1133781223671109,0.2336207477695378,0.1211480813080174,0.1176470588235294,0.2078431372549019,0.3725490196078431,0.0009414672851562,0.1926177200616574,0.3934320222113854,0.245475881515308,0.1568627450980392,0.3137254901960784,0.8196078431372549,0.0216827392578125,0.1992153092926623,0.4065368266140848,0.2176149526118913,0.1803921568627451,0.3490196078431372,0.7490196078431373,0.00789794921875,0.1598112744418476,0.196767128670288,0.4745098039215686,0.9235554662156542,0.0131048044026993,0.2285295422408295
ISPY2-109980,1,256.0,80.0,8.0,0.0,2.0,6.0,2.0,0.7813,17.0,66.0,96.0,228.0,41.0,182.0,28.471661600980003,53.0,1.0,1.0,0.0,1.0,1.0,HER2pos,0.0,1.0,0.0,spy2,0,train,10,22,31,2,50.0,133.0,142.0,200.0128,3.3834291779555383,10,0.594744873046875,0.1070391307157628,0.2247972165054705,0.1386839303831996,0.1137254901960784,0.1686274509803921,0.4549019607843137,1.52587890625e-05,0.1614923155541513,0.3292828904684153,0.2259486846601922,0.1411764705882353,0.2431372549019607,0.6509803921568628,0.0178207397460937,0.1930782003963695,0.380314342102038,0.2483884189879924,0.1647058823529411,0.2823529411764706,0.807843137254902,0.0279006958007812,0.1044856739629448,0.1199819855200529,0.2666666666666666,0.896279199361417,0.0510314516336227,0.2011273099688239
ISPY2-489504,1,256.0,80.0,8.0,0.0,2.0,6.0,2.0,0.625,17.0,72.0,51.0,207.0,54.0,182.0,31.7671875,47.0,0.0,1.0,0.0,0.0,0.0,TripleNeg,1.0,0.0,0.0,spy2,0,train,10,39,48,2,56.0,157.0,129.0,160.0,3.4894276335774017,10,0.6292984008789062,0.1039141127642463,0.247584033469321,0.1033237519497787,0.1176470588235294,0.2470588235294117,0.3764705882352941,0.0,0.1712223187614889,0.4099658977539555,0.2512212021437498,0.1372549019607843,0.3607843137254902,0.8156862745098039,0.0157562255859375,0.1785945458505667,0.4198377042044801,0.233131024098094,0.1529411764705882,0.3843137254901961,0.7803921568627451,0.0043624877929687,0.1623818642846345,0.1917430362533769,0.4784313725490196,0.8613748904063916,0.0098718064505246,0.4275529650988092
ISPY2-845079,1,256.0,66.0,7.0,0.0,2.0,6.0,2.4,0.5859,48.0,60.0,43.0,93.0,135.0,172.0,2.469959693712,43.0,0.0,1.0,0.0,1.0,1.0,HER2pos,0.0,1.0,0.0,spy2,0,train,10,2,12,2,13.0,51.0,38.0,149.9904,1.244142978246349,10,0.7039718627929688,0.1025803749234068,0.3241748671324925,0.1110889573067056,0.2196078431372549,0.3058823529411765,0.4588235294117647,0.0,0.1293166456035539,0.4069900159233818,0.2040429008393973,0.2392156862745098,0.3450980392156862,0.7490196078431373,0.0107376098632812,0.1508419321097579,0.4683630450195593,0.200973429336825,0.3019607843137254,0.4,0.8274509803921568,0.0135711669921875,0.0828151487908892,0.141051234919746,0.2784313725490196,0.706600345351924,0.0613730290961775,0.2732867709595113
ISPY2-234272,0,256.0,80.0,8.0,0.0,2.0,6.0,2.0,0.6836,33.0,63.0,70.0,210.0,102.0,208.0,27.2300930992,41.0,0.0,1.0,0.0,1.0,1.0,HER2pos,0.0,1.0,0.0,spy2,0,train,10,11,20,3,31.0,141.0,107.0,175.0016,3.340388540141646,10,0.543841552734375,0.1108099365234375,0.2140317799383826,0.1297496538701793,0.1098039215686274,0.1529411764705882,0.4470588235294118,0.0,0.1533240464154411,0.2947902409153982,0.2519380198925636,0.1058823529411764,0.1764705882352941,0.6941176470588235,0.021282958984375,0.171243106617647,0.3284056614738165,0.2743924896793573,0.1058823529411764,0.192156862745098,0.796078431372549,0.0265945434570312,0.0807584609770156,0.1444918202783663,0.2901960784313726,0.6978303919076227,0.0336154205584183,0.3078294552898832
ISPY2-706418,1,256.0,64.0,7.0,0.0,2.0,5.0,2.5,0.6641,18.0,44.0,107.0,202.0,125.0,190.0,28.019662871325,59.0,1.0,1.0,0.0,0.0,1.0,HER2pos,0.0,1.0,0.0,spy2,0,train,10,9,18,0,27.0,96.0,66.0,170.0096,3.367973630273642,10,0.6405868530273438,0.115563492120481,0.2692959631792601,0.1432005918360578,0.1176470588235294,0.2274509803921568,0.4901960784313725,4.119873046875e-05,0.2195322612687653,0.502982844542007,0.2717376535834076,0.1764705882352941,0.4509803921568627,0.9176470588235294,0.0267745971679687,0.2311055740655637,0.5190605017400197,0.2595417744958533,0.196078431372549,0.4784313725490196,0.8862745098039215,0.0219085693359375,0.2336868813627469,0.1925120762110501,0.5450980392156862,0.938304782525632,0.0160776571980126,0.3690080451718355
ISPY2-259206,0,256.0,56.0,7.0,0.0,2.0,6.0,2.4,0.7031,16.0,50.0,37.0,166.0,112.0,235.0,36.929102306064,64.0,1.0,1.0,0.0,0.0,0.0,TripleNeg,1.0,0.0,0.0,spy2,0,train,10,10,27,0,35.0,130.0,124.0,179.9936,3.6357186882987755,10,0.3583999633789062,0.2187440221449908,0.3348517043750617,0.1239538589522997,0.2,0.3098039215686274,0.5137254901960784,0.0,0.2956564510569853,0.4473310434145856,0.1963109074343881,0.2431372549019607,0.4,0.7215686274509804,0.0167694091796875,0.3191504085765165,0.4800459457325723,0.2118882009223624,0.2588235294117647,0.4235294117647059,0.788235294117647,0.0250900268554687,0.1124793390395239,0.1330635465903375,0.3019607843137254,0.8621310457834993,0.0327149023179866,0.3287702834148673
ISPY2-149654,0,256.0,80.0,8.0,0.0,2.0,6.0,2.0,0.5664,10.0,49.0,72.0,201.0,118.0,209.0,29.40149956608,,0.0,,,1.0,0.0,HRposHER2neg,0.0,0.0,1.0,spy2,0,train,10,17,26,2,40.0,130.0,92.0,144.9984,3.4144919350271774,10,0.5643447875976563,0.1423750753963694,0.299832876189448,0.129040710766731,0.1294117647058823,0.3019607843137254,0.4666666666666667,7.62939453125e-06,0.2251458321365655,0.4637375806611895,0.2352538905739597,0.2039215686274509,0.4117647058823529,0.8745098039215686,0.0258316040039062,0.2285992850509344,0.4713532619635341,0.2196266290257152,0.2156862745098039,0.4313725490196078,0.8117647058823529,0.021185302734375,0.1639047044717414,0.1680001494780702,0.4431372549019607,0.9302478713604728,0.0076156813023446,0.321787952127939
ISPY2-663197,0,256.0,64.0,7.0,0.0,2.0,6.0,2.5,0.625,11.0,35.0,62.0,182.0,63.0,162.0,16.169921875,43.0,0.0,1.0,0.0,0.0,0.0,TripleNeg,1.0,0.0,0.0,spy2,0,train,10,7,20,2,25.0,121.0,100.0,160.0,2.8431591248116708,10,0.6006301879882813,0.1602070647594975,0.3757561291974599,0.1612651489554553,0.1333333333333333,0.403921568627451,0.5647058823529412,9.1552734375e-06,0.2068982771331188,0.4842138999021672,0.2369833832606358,0.1529411764705882,0.4980392156862745,0.803921568627451,0.011517333984375,0.2289651249904258,0.5321953141382024,0.2565637036056004,0.1529411764705882,0.5450980392156862,0.8901960784313725,0.0190353393554687,0.1084577707047072,0.14286759894104,0.3137254901960784,0.8214922955247945,0.0479814142360353,0.2202184685803363
ISPY2-857165,0,256.0,66.0,7.0,0.0,2.0,6.0,2.4,0.6055,13.0,52.0,31.0,194.0,30.0,145.0,53.2883869686,47.0,0.0,1.0,0.0,1.0,0.0,HRposHER2neg,0.0,0.0,1.0,spy2,0,train,10,20,33,4,40.0,164.0,116.0,155.008,3.994310336085288,10,0.4259628295898437,0.1279804663564644,0.2101759536034423,0.0699445728723575,0.1372549019607843,0.196078431372549,0.3098039215686274,0.0,0.1960275687423406,0.3215698262260824,0.2233142781567291,0.1490196078431372,0.2352941176470588,0.6588235294117647,0.0230117797851562,0.2064148068895527,0.3390791874869144,0.2142347598635869,0.1607843137254902,0.2627450980392157,0.6627450980392157,0.014166259765625,0.11139387262264,0.18639312410866,0.4078431372549019,0.7382888402742152,0.017509361260832,0.3582871922190531
ISPY2-330134,0,320.0,76.0,7.0,0.0,2.0,5.0,2.4,0.7031,31.0,45.0,181.0,250.0,65.0,115.0,5.069654120471999,60.0,1.0,1.0,0.0,1.0,0.0,HRposHER2neg,0.0,0.0,1.0,spy2,0,train,10,6,15,1,15.0,70.0,51.0,224.992,1.8033016216475528,10,0.3772155761718749,0.2125698732862285,0.3329736887061537,0.111217717422751,0.2352941176470588,0.3215686274509804,0.4235294117647059,0.0031646728515625,0.2452501364315257,0.3826603363985421,0.1472906289880223,0.2666666666666666,0.3529411764705882,0.5137254901960784,0.013861083984375,0.2407705090092677,0.3753679124854171,0.1596637410326321,0.2431372549019607,0.3372549019607843,0.5450980392156862,0.0151702880859375,0.0496866476923884,0.0995670265130362,0.1647058823529411,0.6787856365828082,-0.0072924239131249,0.5703102796044572
ACRIN-6698-771151,1,256.0,80.0,8.0,0.0,2.0,6.0,2.0,0.703125,22.0,51.0,70.0,179.0,87.0,150.0,19.91876220703125,45.0,0.0,1.0,0.0,0.0,0.0,TripleNeg,1.0,0.0,0.0,spy2,0,train,10,7,16,3,30.0,110.0,64.0,180.0,3.040646469522295,10,0.59083251953125,0.1446496522192861,0.3232376691241549,0.1410439122706001,0.1607843137254902,0.3019607843137254,0.5137254901960784,3.814697265625e-05,0.2192702409332873,0.4794860714057991,0.2231074581544444,0.2352941176470588,0.4352941176470588,0.8470588235294118,0.0204269409179687,0.235629410089231,0.5216792904697307,0.2236920172022909,0.2588235294117647,0.4862745098039215,0.8745098039215686,0.0195755004882812,0.1562484022816442,0.2095750509377077,0.5137254901960784,0.8997881798383006,0.0421932190639315,0.2269943912407888
ISPY2-646600,0,256.0,64.0,7.0,0.0,2.0,6.0,2.5,0.89999997615814,28.0,45.0,29.0,117.0,95.0,176.0,51.65369726328829,35.0,,1.0,0.0,1.0,0.0,HRposHER2neg,0.0,0.0,1.0,spy2,0,train,10,5,14,1,18.0,89.0,82.0,230.39999389648383,3.963736459538714,10,0.6758193969726562,0.0978442442650888,0.2555349160445049,0.1048622789965688,0.1176470588235294,0.2509803921568627,0.392156862745098,0.0,0.1806775321212469,0.4661952219639591,0.2880107416609964,0.1019607843137254,0.4196078431372549,0.8980392156862745,0.0154464721679687,0.1930129765529258,0.444754021728246,0.2859772116302828,0.0823529411764705,0.4078431372549019,0.8549019607843137,0.0090286254882812,0.2106603059194542,0.2422365455474095,0.5725490196078431,0.7829893389188298,-0.0214412002357131,0.5187639735473394
ACRIN-6698-629371,1,256.0,80.0,8.0,0.0,2.0,6.0,2.0,0.703125,39.0,66.0,32.0,140.0,109.0,183.0,18.95372314453125,58.0,1.0,1.0,0.0,0.0,1.0,HER2pos,0.0,1.0,0.0,spy2,0,train,10,11,20,1,28.0,109.0,75.0,180.0,2.9934157497098477,10,0.6536361694335937,0.1184293799306832,0.2941732935877871,0.1261213289216742,0.1372549019607843,0.2862745098039215,0.4588235294117647,0.0,0.2034724994734221,0.484883933969459,0.2345393121572889,0.2352941176470588,0.4352941176470588,0.9098039215686274,0.0268951416015625,0.2010815190333946,0.4903642964545076,0.2176189935292359,0.2431372549019607,0.4549019607843137,0.8235294117647058,0.0205856323242187,0.1907106403816719,0.2189080498259481,0.5686274509803921,0.90895754494632,0.0054803624850485,0.3953469930790817
ACRIN-6698-169918,0,256.0,160.0,7.0,0.0,2.0,6.0,1.0,0.64453125,17.0,68.0,70.0,159.0,62.0,190.0,18.74128189086914,50.0,0.0,1.0,0.0,1.0,0.0,HRposHER2neg,0.0,0.0,1.0,spy2,0,train,10,22,36,3,52.0,90.0,129.0,165.0,2.9827119706440763,10,0.5197158813476562,0.1447894167432598,0.2746595107405236,0.126574162394901,0.1254901960784313,0.2509803921568627,0.4549019607843137,0.0,0.2468205350988051,0.4420606391108192,0.2831086059524023,0.1137254901960784,0.3843137254901961,0.9137254901960784,0.0328857421875,0.2450473920036764,0.4367700928235851,0.2582163237623917,0.1372549019607843,0.388235294117647,0.8392156862745098,0.0229339599609375,0.1674011283702956,0.2393017497264807,0.5333333333333333,0.725590054613212,-0.0052905462872341,0.4485685873954358
ISPY2-507198,0,312.0,90.0,9.0,0.0,2.0,5.0,2.0,0.6445,55.0,82.0,111.0,213.0,88.0,159.0,7.807487178999999,44.0,0.0,1.0,0.0,0.0,0.0,TripleNeg,1.0,0.0,0.0,spy2,0,train,10,13,22,2,28.0,103.0,72.0,201.08399999999997,2.1756021755410235,10,0.689117431640625,0.0958090150122549,0.2685618733603189,0.1319169575525146,0.1176470588235294,0.2431372549019607,0.4509803921568627,0.0,0.151795456830193,0.4053020862806691,0.2368073447686938,0.1372549019607843,0.396078431372549,0.7294117647058823,0.0110763549804687,0.1569865746591605,0.4171745034521122,0.2283433430550038,0.1529411764705882,0.403921568627451,0.7294117647058823,0.007513427734375,0.1367402129203502,0.196052895915253,0.4392156862745098,0.8164130754883675,0.011872417171443,0.3356729164621576
ISPY2-800710,0,256.0,80.0,8.0,0.0,2.0,6.0,2.0,0.6445,13.0,41.0,79.0,182.0,86.0,206.0,14.500093767,29.0,0.0,1.0,0.0,0.0,0.0,TripleNeg,1.0,0.0,0.0,spy2,0,train,10,6,15,1,29.0,104.0,121.0,164.992,2.740846073390774,10,0.5241714477539062,0.1875359449199601,0.3811293648324936,0.1573183172398595,0.1490196078431372,0.396078431372549,0.5803921568627451,0.0,0.2639845545151654,0.5344605489924446,0.2467184154435963,0.2,0.5254901960784314,0.9019607843137256,0.0223068237304687,0.274710178749234,0.5540007478720952,0.2366741265414664,0.2235294117647059,0.5411764705882353,0.8862745098039215,0.018109130859375,0.1533311841599508,0.1419517034422068,0.3607843137254902,0.8857840103386684,0.0195401988796506,0.3812127411901654
ISPY2-570966,0,320.0,136.0,6.0,0.0,2.0,5.0,1.2,0.625,34.0,111.0,134.0,240.0,178.0,271.0,22.63921875,51.0,1.0,1.0,0.0,1.0,1.0,HER2pos,0.0,1.0,0.0,spy2,1,test,10,42,66,-1,78.0,107.0,94.0,200.0,3.1629071441914687,10,0.6658859252929688,0.1355650120155484,0.3569318043934857,0.1773071403759845,0.1294117647058823,0.3490196078431372,0.6039215686274509,0.0,0.1976310819738051,0.5029467418689441,0.2371179495003923,0.1803921568627451,0.5137254901960784,0.796078431372549,0.0185104370117187,0.205610309675628,0.5227635359398024,0.2443962172881885,0.192156862745098,0.5294117647058824,0.8588235294117647,0.0229461669921875,0.1460149374754583,0.146644529562487,0.3568627450980392,0.8713812709793802,0.0198167940708583,0.3402552919416345
ISPY2-745633,0,320.0,72.0,7.0,0.0,2.0,6.0,2.5,0.8999999762,36.0,59.0,52.0,115.0,166.0,217.0,7.506674602980306,56.0,1.0,1.0,0.0,1.0,0.0,HRposHER2neg,0.0,0.0,1.0,spy2,0,train,10,6,21,4,24.0,64.0,52.0,287.999992384,2.1408511027602746,10,0.6033554077148438,0.1210516776290594,0.2738771814097929,0.1297948111778874,0.1176470588235294,0.2509803921568627,0.4627450980392157,0.0,0.1945343256931679,0.4152332978431712,0.2304831651923966,0.1372549019607843,0.392156862745098,0.7372549019607844,0.0102584838867187,0.2052740598192401,0.4344711682976678,0.2291942336084357,0.1450980392156863,0.4235294117647059,0.7450980392156863,0.0079742431640625,0.1413561164333782,0.1879887973828777,0.4274509803921568,0.8188155186674104,0.0192378704544965,0.3928292523418415
ISPY2-255535,0,256.0,66.0,6.0,0.0,2.0,5.0,2.4,0.6641,13.0,59.0,74.0,233.0,57.0,196.0,49.15530704736,44.0,0.0,0.0,1.0,1.0,1.0,HER2pos,0.0,1.0,0.0,spy2,0,train,10,19,39,3,47.0,160.0,140.0,170.0096,3.915124332285805,10,0.3849227905273438,0.180687016505821,0.2882525769718153,0.1231216556719064,0.188235294117647,0.2470588235294117,0.4627450980392157,0.0014511108398437,0.2168205889533547,0.3367372627237535,0.2025720516313907,0.1686274509803921,0.2666666666666666,0.6235294117647059,0.018316650390625,0.2253092866785386,0.3505432813889441,0.2244029094512826,0.1529411764705882,0.2745098039215686,0.7058823529411765,0.0219741821289062,0.0484846857519381,0.1134233125121993,0.1803921568627451,0.6402950158398599,0.0138060186651906,0.4181127619406743
ISPY2-725455,0,256.0,160.0,7.0,0.0,2.0,5.0,1.5,1.171875,91.0,132.0,85.0,132.0,43.0,84.0,21.65199279785156,49.0,0.0,1.0,0.0,0.0,1.0,HER2pos,0.0,1.0,0.0,spy2,0,train,10,19,28,4,42.0,48.0,42.0,300.0,3.120247830303934,10,0.65079345703125,0.13681541891659,0.3343903898469934,0.1877801038982805,0.1254901960784313,0.3058823529411765,0.5725490196078431,0.0040054321289062,0.1738055539598652,0.4218997715491272,0.2272261853203882,0.1607843137254902,0.388235294117647,0.7450980392156863,0.0147781372070312,0.1768108831667432,0.4281371726514215,0.2368575707649672,0.1450980392156863,0.4,0.7764705882352941,0.0175811767578125,0.0875093817021337,0.1266372299363262,0.2509803921568627,0.7794115076729472,0.0062374011022943,0.4711041003950082
ACRIN-6698-698094,0,256.0,80.0,8.0,0.0,2.0,6.0,2.0,0.7031,10.0,76.0,44.0,202.0,65.0,201.0,8.637276385919998,53.0,0.0,1.0,0.0,1.0,0.0,HRposHER2neg,0.0,0.0,1.0,spy2,0,train,10,42,57,3,67.0,159.0,137.0,179.9936,2.2656385361216924,10,0.6089981079101563,0.1137025601256127,0.2772046303057627,0.1678644696325258,0.1450980392156863,0.2196078431372549,0.5058823529411764,0.00308837890625,0.1494292913698682,0.3639801120196758,0.2011608564251522,0.192156862745098,0.2980392156862745,0.6627450980392157,0.0125244140625,0.1678731162875306,0.4088538348837293,0.2148969021079286,0.2196078431372549,0.3333333333333333,0.7568627450980392,0.0180389404296875,0.0867754817139131,0.0944242658730081,0.1843137254901961,0.8893489484754944,0.0448737228640534,0.2171459568307141
ACRIN-6698-734997,0,256.0,134.0,6.0,0.0,2.0,5.0,1.2,0.6641,26.0,92.0,82.0,146.0,86.0,207.0,26.259560993496,38.0,,1.0,0.0,1.0,0.0,HRposHER2neg,0.0,0.0,1.0,spy2,1,test,10,35,44,-1,67.0,65.0,122.0,170.0096,3.305404321718166,10,0.6946792602539062,0.0948414881089154,0.2714445736314466,0.1294678286303833,0.1254901960784313,0.2470588235294117,0.4588235294117647,6.866455078125e-05,0.1876986036113664,0.5298135738465406,0.274219812979049,0.1764705882352941,0.4980392156862745,0.996078431372549,0.0299942016601562,0.191232042499617,0.5411740011729723,0.261291983362296,0.192156862745098,0.5294117647058824,0.9450980392156862,0.0239883422851562,0.2583690002150939,0.2166842082397312,0.5764705882352941,0.8915315225267998,0.0113604273264317,0.4140783128014193
ACRIN-6698-792181,1,256.0,80.0,8.0,0.0,2.0,6.0,2.0,0.6641,61.0,77.0,66.0,111.0,96.0,135.0,3.93044875472,60.0,1.0,1.0,0.0,0.0,0.0,TripleNeg,1.0,0.0,0.0,spy2,0,train,10,5,14,0,17.0,46.0,40.0,170.0096,1.5954300092102223,10,0.6802474975585937,0.0873356718175551,0.2423070657495698,0.1567511511087385,0.1137254901960784,0.192156862745098,0.4352941176470588,0.0004165649414062,0.1214502371993719,0.3287633069194999,0.2140597461822727,0.1450980392156863,0.2588235294117647,0.6274509803921569,0.0115890502929687,0.1333769854377297,0.3641680428452608,0.2278557100557653,0.1529411764705882,0.2941176470588235,0.7058823529411765,0.0147171020507812,0.08645624116993,0.121091291191308,0.2274509803921568,0.8105729815368904,0.0354047359257609,0.2985545422876313
ISPY2-934459,0,128.0,160.0,7.0,0.0,2.0,5.0,1.0,1.3671875,9.0,65.0,23.0,88.0,31.0,90.0,25.35198211669922,70.0,1.0,1.0,0.0,0.0,0.0,TripleNeg,1.0,0.0,0.0,spy2,0,train,10,29,38,1,57.0,66.0,60.0,175.0,3.2715434948034217,10,0.50411376953125,0.1423510263480392,0.2731912231697198,0.151179100525634,0.1490196078431372,0.2235294117647059,0.4549019607843137,0.00281982421875,0.2019613587622549,0.3854282780980348,0.2317838288860258,0.1843137254901961,0.2980392156862745,0.7607843137254902,0.025762939453125,0.2184945379518995,0.4116754586530474,0.2318511396897239,0.2,0.3294117647058823,0.792156862745098,0.026776123046875,0.112237054928315,0.1576908461659308,0.3254901960784314,0.8403367550402482,0.0262471805550125,0.3805110405435344
ACRIN-6698-467686,1,256.0,80.0,8.0,0.0,2.0,6.0,2.0,0.625,51.0,71.0,105.0,164.0,130.0,177.0,4.015625,37.0,0.0,1.0,0.0,1.0,0.0,HRposHER2neg,0.0,0.0,1.0,spy2,1,test,10,8,17,-1,21.0,60.0,48.0,160.0,1.612558039770344,10,0.7001663208007812,0.0961868884516697,0.2831514684153958,0.1285342555832864,0.1372549019607843,0.2666666666666666,0.4431372549019607,7.32421875e-05,0.1701125440410539,0.4943877876343032,0.2373580761661303,0.2039215686274509,0.4627450980392157,0.8509803921568627,0.016656494140625,0.1675932222254136,0.493198877727163,0.2166140289949357,0.2313725490196078,0.4627450980392157,0.803921568627451,0.0085922241210937,0.2112363192189073,0.1989153577758372,0.5176470588235295,0.9070529621015884,-0.0011889099071401,0.4301599499234093
ISPY2-644186,0,256.0,72.0,7.0,0.0,2.0,6.0,2.2,0.7031,15.0,49.0,73.0,168.0,62.0,139.0,13.439091887694,46.0,0.0,0.0,0.0,1.0,0.0,HRposHER2neg,0.0,0.0,1.0,spy2,1,test,10,10,19,-1,35.0,96.0,78.0,179.9936,2.6699392428232547,10,0.523736572265625,0.1342008044672947,0.263215926500805,0.1048763345825327,0.1411764705882353,0.2470588235294117,0.4078431372549019,0.0,0.2457917277018229,0.4578532136925973,0.2537350582786258,0.2196078431372549,0.3568627450980392,0.9215686274509804,0.0356918334960937,0.2279696894626991,0.4297680584966105,0.2121081347849494,0.2156862745098039,0.3647058823529411,0.7529411764705882,0.0086090087890625,0.1946372871917923,0.2491749650498668,0.6392156862745098,0.8530904384155016,-0.0280851551959867,0.4084049928874422
ISPY2-456432,0,256.0,160.0,7.0,0.0,2.0,5.0,1.0,0.625,45.0,87.0,49.0,104.0,99.0,160.0,6.659375,45.0,0.0,0.0,0.0,0.0,0.0,TripleNeg,1.0,0.0,0.0,spy2,0,train,10,18,35,4,43.0,56.0,62.0,160.0,2.03593038773434,10,0.4917861938476562,0.1623336014093137,0.3025752238006199,0.135062102193842,0.1568627450980392,0.2745098039215686,0.5019607843137255,0.0004302978515625,0.2998157037473192,0.5418401853314803,0.2468709110749702,0.2274509803921568,0.5294117647058824,0.8745098039215686,0.0193603515625,0.2657344204771752,0.4726480823006281,0.2194444548579332,0.1647058823529411,0.4784313725490196,0.7411764705882353,0.0112045288085937,0.2392649615308603,0.2453301877217997,0.6,0.8258317495488842,-0.0691921030308521,0.6003668975539163
ISPY2-478484,0,256.0,80.0,8.0,0.0,2.0,5.0,2.0,0.5664,19.0,35.0,91.0,164.0,150.0,208.0,6.65101135872,64.0,1.0,0.0,0.0,0.0,0.0,TripleNeg,1.0,0.0,0.0,spy2,1,test,10,6,15,-1,17.0,74.0,59.0,144.9984,2.0348378428545466,10,0.3272979736328125,0.2248597866881127,0.3258786685371555,0.1376400713561503,0.1686274509803921,0.3019607843137254,0.5215686274509804,0.0001358032226562,0.3412903968960631,0.4921619952924667,0.2309663648848158,0.2274509803921568,0.4470588235294118,0.8392156862745098,0.0226531982421875,0.343205799775965,0.4949445920607764,0.2174301709623413,0.2431372549019607,0.4588235294117647,0.8117647058823529,0.014312744140625,0.1662833267553111,0.179996983026023,0.4196078431372549,0.8895754226946301,0.0027825967683097,0.4082433958925922
ISPY2-166782,0,256.0,64.0,7.0,0.0,2.0,6.0,2.5,0.89999997615814,24.0,51.0,34.0,141.0,37.0,94.0,15.523649177527366,52.0,1.0,0.0,1.0,1.0,1.0,HER2pos,0.0,1.0,0.0,spy2,0,train,10,9,18,3,28.0,108.0,58.0,230.39999389648383,2.8047926382226773,10,0.5159255981445312,0.1296821384803921,0.2385661316218723,0.1208597544816445,0.1137254901960784,0.2039215686274509,0.4156862745098039,0.0,0.1901675355200674,0.3458779819490138,0.260583120136055,0.1176470588235294,0.2470588235294117,0.8196078431372549,0.0248428344726562,0.1864598113415288,0.3363120606564164,0.2246528436922732,0.1254901960784313,0.2627450980392157,0.6941176470588235,0.008416748046875,0.1073118503271414,0.2035969329746536,0.4705882352941176,0.7324795188546319,-0.0095659212925973,0.4091689966366476
ACRIN-6698-287961,1,256.0,134.0,6.0,0.0,2.0,5.0,1.2,0.625,62.0,123.0,97.0,235.0,72.0,157.0,9.66234375,53.0,1.0,1.0,0.0,1.0,1.0,HER2pos,0.0,1.0,0.0,spy2,0,train,10,20,33,2,62.0,139.0,86.0,160.0,2.366718258548642,10,0.689569091796875,0.093202257343367,0.2300619219394959,0.1136953928810657,0.1137254901960784,0.2,0.3843137254901961,0.0,0.1867269717945772,0.4378291313772908,0.2699405447223194,0.1137254901960784,0.388235294117647,0.8509803921568627,0.0153366088867187,0.1833744123870251,0.4290299667182104,0.2466817860846516,0.1254901960784313,0.4,0.7764705882352941,0.0125778198242187,0.2077672094377949,0.2330430278680398,0.5725490196078431,0.8045358919407798,-0.0087991646590804,0.4607115471579402
ISPY2-202539,1,256.0,134.0,6.0,0.0,2.0,5.0,1.2,0.625,49.0,116.0,77.0,202.0,82.0,211.0,78.42046875,57.0,1.0,1.0,0.0,1.0,0.0,HRposHER2neg,0.0,0.0,1.0,spy2,0,train,10,32,41,4,68.0,126.0,130.0,160.0,4.374756127851389,10,0.7286651611328125,0.0852381747376685,0.2426148995437385,0.1042404025052067,0.1137254901960784,0.2274509803921568,0.396078431372549,0.0,0.1799319458007812,0.4901626455713259,0.303925863388671,0.1411764705882353,0.396078431372549,1.0,0.0370208740234375,0.1828580489813112,0.5065281849375263,0.2953698015866322,0.1647058823529411,0.4235294117647059,1.0,0.0322280883789062,0.2475477460275874,0.2385840346738718,0.6039215686274509,0.8480727918930167,0.0163655393662003,0.3921786955494821
ISPY2-520986,1,320.0,150.0,6.0,0.0,2.0,5.0,1.2,0.7813,49.0,82.0,207.0,267.0,174.0,235.0,10.310889979728,53.0,1.0,0.0,0.0,1.0,0.0,HRposHER2neg,0.0,0.0,1.0,spy2,0,train,10,14,23,2,34.0,61.0,62.0,250.016,2.4257659766632855,10,0.5924942016601562,0.1098513315238204,0.2355272711227056,0.1698524408567965,0.1098039215686274,0.1647058823529411,0.5372549019607843,4.425048828125e-05,0.163722552131204,0.3417464176221033,0.237138931347375,0.1568627450980392,0.2470588235294117,0.7568627450980392,0.0202163696289062,0.1737349027745864,0.3642048182359557,0.2605221056169151,0.1568627450980392,0.2549019607843137,0.8784313725490196,0.0304489135742187,0.1062191464993976,0.1033044611616107,0.2392156862745098,0.945192707338718,0.0224584006138523,0.3552120660668082
ISPY2-252748,1,384.0,160.0,7.0,0.0,2.0,5.0,1.0,0.8854166865,37.0,84.0,174.0,254.0,250.0,323.0,44.19981751834621,41.0,0.0,1.0,0.0,0.0,0.0,TripleNeg,1.0,0.0,0.0,spy2,0,train,10,19,28,3,48.0,81.0,74.0,340.000007616,3.811093049625306,10,0.61341552734375,0.1136612297506893,0.238536154301943,0.1424964924721035,0.1137254901960784,0.196078431372549,0.4196078431372549,0.0007278442382812,0.2046090758080576,0.3680478961612116,0.2416463834540836,0.1411764705882353,0.2901960784313726,0.7647058823529411,0.0235137939453125,0.2069893870634191,0.3922516545220507,0.260028886092495,0.1450980392156863,0.3058823529411765,0.8784313725490196,0.0284088134765625,0.1295117418592685,0.181629573929452,0.3607843137254902,0.8340885408443588,0.024203758360839,0.3306111654930689
ISPY2-306127,0,256.0,160.0,6.0,0.0,2.0,5.0,1.0000000019,0.8072916865,23.0,78.0,47.0,120.0,34.0,108.0,20.69731957843309,55.0,1.0,0.0,1.0,1.0,0.0,HRposHER2neg,0.0,0.0,1.0,spy2,0,train,10,32,41,3,56.0,74.0,75.0,206.666671744,3.0771887311857826,10,0.5308853149414062,0.1315104465858609,0.2437203005805902,0.168868909518127,0.1137254901960784,0.1803921568627451,0.4666666666666667,0.0024200439453125,0.2090267525467218,0.3851033991184223,0.2537028185480515,0.1529411764705882,0.2941176470588235,0.8156862745098039,0.0261077880859375,0.2049376184800092,0.374077510290739,0.2522362843644061,0.1450980392156863,0.2784313725490196,0.788235294117647,0.02537841796875,0.141383098537832,0.1799270851603049,0.4392156862745098,0.8574058593737294,-0.0110258888276832,0.4907705268362179
ISPY2-129973,1,256.0,64.0,8.0,0.0,2.0,6.0,2.5,0.83333331346512,11.0,45.0,25.0,129.0,125.0,180.0,15.57986036820551,35.0,0.0,1.0,0.0,0.0,0.0,TripleNeg,1.0,0.0,0.0,spy2,0,train,10,17,26,2,35.0,105.0,56.0,213.3333282470707,2.808188727971174,10,0.577874755859375,0.1346657547296262,0.2802837851208787,0.1532522087815235,0.1254901960784313,0.2470588235294117,0.4901960784313725,0.0001449584960937,0.2503257901060814,0.5052761374354978,0.2694967494312965,0.1607843137254902,0.4823529411764706,0.9019607843137256,0.0249008178710937,0.2456702916762408,0.4932335774638943,0.2623534199976554,0.1450980392156863,0.4901960784313725,0.8509803921568627,0.0184097290039062,0.2249923523146191,0.2298853761679331,0.5764705882352941,0.841489423229855,-0.0120425599716036,0.553086276947991
ISPY2-454808,0,320.0,76.0,7.0,0.0,2.0,5.0,2.4,0.5469,38.0,51.0,202.0,243.0,220.0,274.0,3.1103966643120007,56.0,1.0,0.0,1.0,0.0,0.0,TripleNeg,1.0,0.0,0.0,spy2,0,train,10,3,12,1,14.0,42.0,55.0,175.008,1.4135195358492136,10,0.6490478515625,0.1108479458678002,0.2532543563512361,0.1011753395508818,0.1294117647058823,0.2352941176470588,0.4,0.0,0.2095453898111979,0.4723946291560102,0.2576236281968292,0.1686274509803921,0.4352941176470588,0.8823529411764706,0.0199066162109375,0.2119922892252604,0.482076726342711,0.2416177744976143,0.1764705882352941,0.4745098039215686,0.8313725490196079,0.0103591918945312,0.219140272804774,0.2386948900696478,0.6196078431372549,0.8406608695652174,0.0096820971867007,0.4278478260869565
ISPY2-727255,0,256.0,80.0,8.0,0.0,2.0,5.0,2.0,0.5859,14.0,64.0,40.0,162.0,64.0,206.0,57.09001233348,53.0,1.0,1.0,0.0,0.0,1.0,HER2pos,0.0,1.0,0.0,spy2,0,train,10,12,27,3,51.0,123.0,143.0,149.9904,4.061993744321168,10,0.7034912109375,0.0865162329580269,0.25045730107605,0.127131355135788,0.1137254901960784,0.2156862745098039,0.4392156862745098,0.0,0.1402682255763633,0.409538763632254,0.2600515283586698,0.1333333333333333,0.3490196078431372,0.8431372549019608,0.021148681640625,0.1615343759574142,0.473079375842556,0.2705158516163538,0.1529411764705882,0.4274509803921568,0.9137254901960784,0.0204788208007812,0.159081462556204,0.170714141211873,0.4705882352941176,0.8830588719637711,0.063540612210302,0.1166426512968299
ACRIN-6698-597907,0,256.0,64.0,7.0,0.0,2.0,6.0,2.5,0.89999997615814,13.0,30.0,47.0,126.0,115.0,162.0,7.99267457653281,52.0,0.0,0.0,1.0,1.0,0.0,HRposHER2neg,0.0,0.0,1.0,spy2,1,test,10,5,14,-1,18.0,80.0,48.0,230.39999389648383,2.196410309969711,10,0.6647689819335938,0.1114452107747395,0.2792866324716206,0.1283215164959054,0.1254901960784313,0.2627450980392157,0.4509803921568627,2.13623046875e-05,0.1951418947706035,0.4915711094790356,0.2699994211302289,0.1529411764705882,0.4705882352941176,0.8823529411764706,0.01402587890625,0.1995879229377297,0.4909834730489327,0.2529989031852908,0.1607843137254902,0.4823529411764706,0.8549019607843137,0.012677001953125,0.2122844770074149,0.2293800384058807,0.5647058823529412,0.8527562961715454,-0.0005876364301028,0.4170289079960126
ISPY2-962664,1,256.0,64.0,7.0,0.0,2.0,6.0,2.5,0.625,28.0,63.0,94.0,202.0,145.0,224.0,29.2607421875,30.0,0.0,1.0,0.0,0.0,0.0,TripleNeg,1.0,0.0,0.0,spy2,0,train,10,23,32,1,36.0,109.0,80.0,160.0,3.40985123507529,10,0.6820648193359375,0.0909141630284926,0.2506748718435166,0.1109572333823553,0.1176470588235294,0.2352941176470588,0.396078431372549,0.0,0.1713315537396599,0.4570460986921141,0.2599038653108756,0.1294117647058823,0.4078431372549019,0.8352941176470589,0.0091796875,0.1750938445446538,0.4564034388868092,0.2239968041169786,0.1686274509803921,0.4274509803921568,0.7725490196078432,0.0022933959960937,0.2063712268485973,0.232369427855017,0.5607843137254902,0.8176058974285139,-0.0006426598053049,0.4765600253405131
ISPY2-228340,0,256.0,80.0,8.0,0.0,2.0,6.0,2.0,0.6055,4.0,72.0,86.0,231.0,77.0,195.0,77.40664468250002,66.0,1.0,1.0,0.0,0.0,1.0,HER2pos,0.0,1.0,0.0,spy2,0,train,10,36,49,1,69.0,146.0,119.0,155.008,4.361908677368295,10,0.4975814819335937,0.1411707739736519,0.2596649042743151,0.1155683400549821,0.1254901960784313,0.2470588235294117,0.396078431372549,0.0009231567382812,0.2558780984317555,0.466541182187421,0.2574626239577403,0.188235294117647,0.392156862745098,0.8980392156862745,0.0318313598632812,0.256768643248315,0.4664327648359998,0.2224244728185636,0.2117647058823529,0.4313725490196078,0.796078431372549,0.01397705078125,0.2068762779131059,0.2037939949258543,0.5372549019607843,0.9104976234947536,-0.0001084173514211,0.4045647123137898
ISPY2-341238,0,256.0,80.0,9.0,0.0,2.0,6.0,2.0,0.703125,44.0,59.0,74.0,115.0,97.0,140.0,3.4587158203125,27.0,0.0,1.0,0.0,1.0,0.0,HRposHER2neg,0.0,0.0,1.0,spy2,1,test,10,5,14,-1,16.0,42.0,44.0,180.0,1.4948607919060455,10,0.5504714965820312,0.1158805877087163,0.2242010101597011,0.0742476684967852,0.1333333333333333,0.2156862745098039,0.3215686274509804,0.0,0.2287085619159773,0.4251148488098273,0.2516222854926107,0.192156862745098,0.3333333333333333,0.8862745098039215,0.0280517578125,0.2195338529698988,0.4114568272769609,0.2032104122881109,0.2039215686274509,0.3647058823529411,0.7333333333333333,0.00123291015625,0.2009138386501262,0.2717169065595052,0.7019607843137254,0.7920727215948242,-0.0136580215328664,0.4747881046696741
ISPY2-759015,0,256.0,80.0,8.0,0.0,2.0,6.0,2.0,0.5469,13.0,28.0,61.0,151.0,91.0,142.0,4.7413270177200015,36.0,0.0,1.0,0.0,1.0,0.0,HRposHER2neg,0.0,0.0,1.0,spy2,0,train,10,4,13,4,16.0,91.0,52.0,140.0064,1.7476903713678018,10,0.6271347045898438,0.1258827718098958,0.320174755911998,0.1552532422429507,0.1411764705882353,0.2941176470588235,0.5450980392156862,2.44140625e-05,0.1934651752546722,0.4849645546114632,0.2488884660504245,0.196078431372549,0.4352941176470588,0.8705882352941177,0.0178115844726562,0.2042898679247089,0.5098509108710987,0.2253397710186834,0.2352941176470588,0.4745098039215686,0.8352941176470589,0.0104644775390625,0.1647897986994651,0.2139759625894845,0.5215686274509804,0.842020617037907,0.0248863562596354,0.2939012362856593
ISPY2-655795,1,256.0,248.0,7.0,0.0,2.0,6.0,0.899998,1.25,129.0,167.0,52.0,87.0,48.0,75.0,8.849511584375,57.0,1.0,1.0,0.0,1.0,0.0,HRposHER2neg,0.0,0.0,1.0,spy2,0,train,10,12,28,0,39.0,36.0,28.0,320.0,2.2874218686119643,10,0.7804580688476562,0.080077412923177,0.3362748845741704,0.164541814296303,0.1450980392156863,0.3058823529411765,0.5725490196078431,3.35693359375e-05,0.1214318668141084,0.5006234405298897,0.2110200835768767,0.2470588235294117,0.4745098039215686,0.796078431372549,0.0083740234375,0.128817336138557,0.5353650786901685,0.228522339283364,0.2549019607843137,0.5058823529411764,0.8745098039215686,0.0111740112304687,0.1643485559557193,0.152001983674423,0.392156862745098,0.9718165958896016,0.0347416381602787,0.2722426483364494
ISPY2-790397,1,256.0,160.0,7.0,0.0,2.0,5.0,1.0000000074,0.6067961454,41.0,78.0,73.0,207.0,58.0,167.0,9.53752513293642,33.0,0.0,1.0,0.0,1.0,1.0,HER2pos,0.0,1.0,0.0,spy2,0,train,10,13,22,1,38.0,135.0,110.0,155.3398132224,2.354942708419926,10,0.73123779296875,0.076197037042356,0.239128832711265,0.1115599333635012,0.1176470588235294,0.2078431372549019,0.396078431372549,0.0,0.1370040355009191,0.3232324264583428,0.2788128102203586,0.0235294117647058,0.2549019607843137,0.8156862745098039,0.0184982299804687,0.1459930300245097,0.3334299832482386,0.2683120967032451,0.0470588235294117,0.2784313725490196,0.7686274509803922,0.0114852905273437,0.0841035937470777,0.2523098740381073,0.4901960784313725,0.5346152972702911,0.0101975567898958,0.4040343825225961
ISPY2-572731,1,256.0,80.0,8.0,0.0,2.0,6.0,2.0,0.703125,43.0,71.0,79.0,128.0,114.0,195.0,21.95364990234375,34.0,0.0,1.0,0.0,1.0,0.0,HRposHER2neg,0.0,0.0,1.0,spy2,0,train,10,14,23,3,29.0,50.0,82.0,180.0,3.13347696100065,10,0.7091262817382813,0.0851023236443014,0.2351504020221401,0.0997153135394958,0.1215686274509803,0.2196078431372549,0.3686274509803922,0.0,0.1770563163009344,0.4614471727304025,0.26280855351129,0.1764705882352941,0.392156862745098,0.9490196078431372,0.0257553100585937,0.1702532420438879,0.4649026633163193,0.2291762398919246,0.196078431372549,0.4313725490196078,0.8117647058823529,0.0110137939453125,0.2262967707082623,0.2641599934050027,0.6901960784313725,0.8555084012233314,0.0034554905859168,0.3954266709332886
ISPY2-644609,1,256.0,66.0,7.0,0.0,2.0,6.0,2.4,0.625,30.0,48.0,86.0,201.0,82.0,184.0,23.14125,67.0,1.0,1.0,0.0,0.0,1.0,HER2pos,0.0,1.0,0.0,spy2,0,train,10,6,15,3,19.0,116.0,103.0,160.0,3.1839219956046723,10,0.5200592041015625,0.133968858905867,0.2578517463182695,0.0943521431768312,0.1607843137254902,0.2352941176470588,0.4,1.52587890625e-06,0.1995833213656556,0.3789472056825553,0.2195546716375518,0.192156862745098,0.3019607843137254,0.7137254901960784,0.0256332397460937,0.2243927301145067,0.4280593001760338,0.2265165614084682,0.2196078431372549,0.3450980392156862,0.8156862745098039,0.0220260620117187,0.1210954593642858,0.1721013228890583,0.3647058823529411,0.8257581056419974,0.0491120944934784,0.2407847800237812
ISPY2-459311,0,256.0,72.0,7.0,0.0,2.0,6.0,2.2,0.7031,17.0,36.0,29.0,90.0,47.0,101.0,10.215536950806,54.0,1.0,1.0,0.0,1.0,0.0,HRposHER2neg,0.0,0.0,1.0,spy2,1,test,10,7,16,-1,20.0,62.0,55.0,179.9936,2.4173000447401045,10,0.5381683349609375,0.1905472340303309,0.4031927383099963,0.1434108261320012,0.2431372549019607,0.3686274509803922,0.6235294117647059,0.000238037109375,0.2282125435623468,0.482305700854744,0.1965652585271148,0.2705882352941176,0.4313725490196078,0.7607843137254902,0.0138656616210937,0.2609605676987592,0.5539283774011942,0.2042969087048569,0.3411764705882353,0.4941176470588235,0.8745098039215686,0.0211700439453125,0.0791129625447477,0.098601426105308,0.1843137254901961,0.8628124731552272,0.07162267654645,0.0559791981920665
ACRIN-6698-987728,1,256.0,80.0,8.0,0.0,2.0,6.0,2.0,0.6445,12.0,32.0,88.0,151.0,94.0,154.0,12.134918623499996,56.0,0.0,0.0,0.0,0.0,0.0,TripleNeg,1.0,0.0,0.0,spy2,1,test,10,7,16,-1,21.0,64.0,61.0,164.992,2.575274227724326,10,0.5942230224609375,0.1351895021924785,0.3070654742549823,0.1722967106597761,0.1176470588235294,0.2627450980392157,0.5568627450980392,2.74658203125e-05,0.192039950501685,0.4369666055419272,0.2812123852164867,0.1411764705882353,0.3568627450980392,0.9137254901960784,0.0249053955078125,0.1952676571116728,0.4410681714117602,0.2444632230201329,0.1607843137254902,0.4,0.807843137254902,0.0093612670898437,0.1299011312869449,0.1596224572370705,0.3843137254901961,0.8486443801000263,0.004101565869833,0.3523972473959312
ISPY2-572235,0,256.0,80.0,8.0,0.0,2.0,5.0,2.0,0.6445,16.0,67.0,50.0,228.0,71.0,210.0,23.5562139775,54.0,1.0,0.0,0.0,1.0,1.0,HER2pos,0.0,1.0,0.0,spy2,0,train,10,22,34,0,52.0,179.0,140.0,164.992,3.2009649373854048,10,0.5809005737304688,0.1288309912588082,0.2796934345661471,0.1775791533056914,0.1176470588235294,0.2078431372549019,0.5647058823529412,0.000439453125,0.1885372565774356,0.4022418794905177,0.2499385486149792,0.1607843137254902,0.3098039215686274,0.8235294117647058,0.017755126953125,0.2047565953871783,0.4366839378682213,0.2582860990641482,0.1803921568627451,0.3411764705882353,0.8745098039215686,0.0235336303710937,0.1225484449243705,0.1225296774183593,0.2980392156862745,0.9096122128733238,0.0344420583777035,0.2385959419065684
ISPY2-609642,1,384.0,160.0,7.0,0.0,2.0,5.0,1.2000000477,0.78125,47.0,68.0,187.0,204.0,237.0,259.0,0.7719726869359131,58.0,1.0,1.0,0.0,0.0,1.0,HER2pos,0.0,1.0,0.0,spy2,0,train,10,8,17,3,22.0,18.0,23.0,300.0,0.5720934383710458,10,0.4549072265625,0.1865838383693321,0.3147308016232873,0.1861600259640306,0.1254901960784313,0.2666666666666666,0.5882352941176471,0.0034149169921875,0.2594006108302696,0.4297185681277483,0.1890352261890135,0.2313725490196078,0.388235294117647,0.6862745098039216,0.0112762451171875,0.2637002383961397,0.435597693639197,0.2003174801480646,0.2274509803921568,0.388235294117647,0.7137254901960784,0.017425537109375,0.1149877665044608,0.1325359110865859,0.3098039215686274,0.8316472208536749,0.0058791255114488,0.4875431092399337
ACRIN-6698-946927,1,256.0,80.0,8.0,0.0,2.0,6.0,2.0,0.5664,21.0,45.0,62.0,195.0,79.0,143.0,4.202597376000001,63.0,1.0,1.0,0.0,0.0,1.0,HER2pos,0.0,1.0,0.0,spy2,0,train,10,3,15,3,25.0,134.0,65.0,144.9984,1.6491579962657026,10,0.5758712768554688,0.1324892410577512,0.2793449995474684,0.1915457120591307,0.1215686274509803,0.2078431372549019,0.5725490196078431,0.0039031982421875,0.1676280242321537,0.3481795004686505,0.2274740099185704,0.1490196078431372,0.2745098039215686,0.7019607843137254,0.0182464599609375,0.1878833127489277,0.3903107174074816,0.226221459271672,0.1764705882352941,0.3215686274509804,0.7490196078431373,0.0193603515625,0.0688345009211821,0.1133908124048067,0.2,0.7544979978917602,0.042131216938831,0.2600941872303989
ISPY2-950131,1,256.0,80.0,8.0,0.0,2.0,6.0,2.0,0.6055,16.0,44.0,99.0,172.0,144.0,198.0,5.137223063,42.0,0.0,1.0,0.0,1.0,0.0,HRposHER2neg,0.0,0.0,1.0,spy2,0,train,10,14,24,4,29.0,74.0,55.0,155.008,1.8143723699844794,10,0.6363052368164063,0.1243328677906709,0.3069996374600287,0.159123370846486,0.1333333333333333,0.2745098039215686,0.5215686274509804,0.0001052856445312,0.2123367548923866,0.5098570644825093,0.2376639778268862,0.2078431372549019,0.4862745098039215,0.8509803921568627,0.0146224975585937,0.2154448924345128,0.5225140448248139,0.2379882545776651,0.2235294117647059,0.5019607843137255,0.8784313725490196,0.0220596313476562,0.2028574270224807,0.184153791572072,0.4784313725490196,0.9075019613930716,0.0126569803423045,0.3681880923511963
ISPY2-311316,0,256.0,80.0,8.0,0.0,2.0,6.0,2.0,0.703125,17.0,68.0,30.0,183.0,43.0,215.0,121.25775146484376,48.0,0.0,1.0,0.0,1.0,1.0,HER2pos,0.0,1.0,0.0,spy2,0,train,10,27,39,2,52.0,154.0,173.0,180.0,4.8061315330102525,10,0.4006301879882812,0.1739322976505055,0.2814115223052737,0.0843091132286458,0.1725490196078431,0.2784313725490196,0.3843137254901961,0.0,0.2594848273782169,0.4218989282309003,0.2208390823195845,0.2392156862745098,0.3450980392156862,0.8117647058823529,0.04339599609375,0.2667049991383272,0.4338477607370216,0.2175990201124339,0.2470588235294117,0.3568627450980392,0.8196078431372549,0.0390823364257812,0.1404874059256266,0.1894060485432128,0.5098039215686274,0.9248096374009364,0.0119488325061212,0.3263111534280543
ISPY2-596458,1,384.0,160.0,6.0,0.0,2.0,5.0,1.0,0.83333331346512,44.0,94.0,83.0,168.0,280.0,332.0,6.609721907046135,58.0,1.0,1.0,0.0,1.0,1.0,HER2pos,0.0,1.0,0.0,spy2,0,train,10,16,26,2,51.0,86.0,53.0,319.99999237060604,2.029426628110759,10,0.6495925903320312,0.1167977606081495,0.2775801450725777,0.19616424933165,0.1137254901960784,0.2,0.5607843137254902,0.0041778564453125,0.1546570901309742,0.3589167602262096,0.2538396694081238,0.0980392156862745,0.2823529411764706,0.7333333333333333,0.0146102905273437,0.1590728819604013,0.3658466299737367,0.2629308812871324,0.0862745098039215,0.2980392156862745,0.7725490196078432,0.0182159423828125,0.0813366151536319,0.158598595986161,0.3254901960784314,0.6652151382798518,0.0069298697475271,0.388964610286401
ISPY2-889721,1,256.0,64.0,9.0,0.0,2.0,6.0,2.5000000002,0.8413461447,26.0,45.0,37.0,90.0,120.0,163.0,13.514880728416848,64.0,1.0,1.0,0.0,0.0,1.0,HER2pos,0.0,1.0,0.0,spy2,0,train,10,7,16,4,20.0,54.0,44.0,215.3846130432,2.6751743803168835,10,0.62139892578125,0.1079841823203891,0.2551461974439945,0.1089052278022662,0.1215686274509803,0.2470588235294117,0.403921568627451,0.0,0.2124944948682598,0.4710296567442066,0.2379889550745647,0.2235294117647059,0.403921568627451,0.9137254901960784,0.0281448364257812,0.1927465580958946,0.4373062686302959,0.177679723003934,0.2431372549019607,0.4078431372549019,0.6745098039215687,0.0060165405273437,0.2158834593002121,0.2627692097426445,0.6862745098039216,0.8928663549895212,-0.0337233881139107,0.4614380138642592
ACRIN-6698-465008,0,256.0,72.0,7.0,0.0,2.0,6.0,2.2,0.7031,31.0,45.0,137.0,184.0,82.0,112.0,1.891282737938,62.0,1.0,1.0,0.0,1.0,0.0,HRposHER2neg,0.0,0.0,1.0,spy2,0,train,10,3,12,1,15.0,48.0,31.0,179.9936,1.061700257608096,10,0.3723922729492187,0.2147325702742034,0.3311317062850367,0.1459241909109667,0.1803921568627451,0.3019607843137254,0.5254901960784314,0.0004379272460937,0.2860864616842831,0.4357642665389825,0.2038388151426607,0.2431372549019607,0.3764705882352941,0.7686274509803922,0.0157012939453125,0.286247008080576,0.4353238076482644,0.2069725027604185,0.2392156862745098,0.3764705882352941,0.7764705882352941,0.0151580810546875,0.1046325602539458,0.1514036673082306,0.3019607843137254,0.8120293988218104,-0.000440458890718,0.4544612444658396
ISPY2-865416,0,384.0,160.0,7.0,0.0,2.0,6.0,1.0,0.9114583135,51.0,98.0,167.0,223.0,274.0,332.0,12.610049228771402,41.0,0.0,1.0,0.0,1.0,1.0,HER2pos,0.0,1.0,0.0,spy2,0,train,10,25,34,1,48.0,57.0,59.0,349.999992384,2.6108084337598014,10,0.5974624633789063,0.1188023885091145,0.2687541999101095,0.1924717088717274,0.1176470588235294,0.2,0.5058823529411764,0.009197998046875,0.1733423330269607,0.3731474220198263,0.2305618039316481,0.1568627450980392,0.3058823529411765,0.7176470588235294,0.0221450805664062,0.1810011859968597,0.3953890830915679,0.2347909614543159,0.1764705882352941,0.3294117647058823,0.8,0.0262298583984375,0.1043932221097167,0.1664825879285366,0.3411764705882353,0.7615870693347788,0.0222416610717416,0.368943962821305
ISPY2-835658,1,256.0,64.0,7.0,0.0,2.0,6.0,2.5,0.89999997615814,39.0,48.0,67.0,100.0,100.0,132.0,4.712174750339966,50.0,0.0,1.0,0.0,1.0,0.0,HRposHER2neg,0.0,0.0,1.0,spy2,0,train,10,2,11,4,10.0,34.0,33.0,230.39999389648383,1.742599818116223,10,0.7477584838867187,0.0696666403377757,0.2328147442003739,0.0994698900071866,0.1137254901960784,0.2156862745098039,0.3764705882352941,0.0,0.1211681590360753,0.3829268752671023,0.2376490645175292,0.1450980392156863,0.3215686274509804,0.7686274509803922,0.0111099243164062,0.1240331851734834,0.3865829873680412,0.2122897942809035,0.1607843137254902,0.3490196078431372,0.6941176470588235,0.0046859741210937,0.1501121310667283,0.1931069338459812,0.4745098039215686,0.8689303062749154,0.0036561121009389,0.3663079445160275
ISPY2-660915,0,256.0,80.0,8.0,0.0,2.0,5.0,2.0,0.625,35.0,60.0,35.0,101.0,59.0,126.0,24.51953125,54.0,1.0,0.0,1.0,1.0,0.0,HRposHER2neg,0.0,0.0,1.0,spy2,0,train,10,12,21,4,26.0,67.0,68.0,160.0,3.239444090361188,10,0.6052200317382812,0.117294526941636,0.2675326242245757,0.1231236733857921,0.1176470588235294,0.2549019607843137,0.4274509803921568,9.1552734375e-06,0.1765540687710631,0.4034075356390319,0.2328244954010905,0.1568627450980392,0.3568627450980392,0.7843137254901961,0.0149307250976562,0.2110461724973192,0.4831074766691578,0.2458850101055141,0.2,0.4431372549019607,0.9019607843137256,0.025213623046875,0.1358749114144562,0.1533390802857689,0.388235294117647,0.9047977953255024,0.0796999410301258,0.1180954147872435
ISPY2-493519,0,384.0,160.0,7.0,0.0,2.0,5.0,1.0,0.7291666865,52.0,105.0,136.0,215.0,70.0,122.0,16.980925402928975,40.0,0.0,1.0,0.0,1.0,0.0,HRposHER2neg,0.0,0.0,1.0,spy2,0,train,10,26,35,2,54.0,80.0,53.0,280.000007616,2.8893114961800292,10,0.6794509887695312,0.1021986060049019,0.2675270503298309,0.1373878110492256,0.1176470588235294,0.2313725490196078,0.4549019607843137,9.1552734375e-06,0.1969555125517003,0.4727309620980369,0.2201245043769368,0.196078431372549,0.4470588235294118,0.788235294117647,0.0165695190429687,0.2045266304764093,0.506148756396525,0.246506853823069,0.2039215686274509,0.4588235294117647,0.9686274509803922,0.0296463012695312,0.205203911768206,0.1677476118415493,0.4392156862745098,0.896579792931096,0.0334177942984881,0.4117862668094728
ISPY2-318569,0,256.0,80.0,8.0,0.0,2.0,5.0,2.0,0.5859,38.0,77.0,82.0,168.0,63.0,216.0,10.78787988306,39.0,0.0,0.0,0.0,1.0,1.0,HER2pos,0.0,1.0,0.0,spy2,0,train,10,14,23,3,40.0,87.0,154.0,149.9904,2.467071875059365,10,0.647412109375,0.1050813084022671,0.2495093117568312,0.1128147979375396,0.1137254901960784,0.2392156862745098,0.403921568627451,0.0,0.1851095940085018,0.4246314195252952,0.270097916045808,0.1058823529411764,0.396078431372549,0.8627450980392157,0.0170074462890625,0.194047456629136,0.43453557298837,0.2526941370739339,0.1176470588235294,0.4313725490196078,0.8,0.0074569702148437,0.1751221077684639,0.2223274919979555,0.5333333333333333,0.786945194571389,0.0099041534630747,0.3960583714167013
ISPY2-819622,0,256.0,80.0,9.0,0.0,2.0,5.0,2.0,0.625,21.0,58.0,76.0,224.0,72.0,167.0,6.50703125,53.0,0.0,1.0,0.0,1.0,0.0,HRposHER2neg,0.0,0.0,1.0,spy2,0,train,10,21,30,4,38.0,149.0,96.0,160.0,2.015840081363605,10,0.6588973999023438,0.1116323732862285,0.2824689155449247,0.1641447834470874,0.1098039215686274,0.2313725490196078,0.5098039215686274,3.509521484375e-05,0.1662451291551777,0.4146215592859971,0.282220693634814,0.1294117647058823,0.3372549019607843,0.9137254901960784,0.0277923583984375,0.1775019208122702,0.437517962563137,0.2803199514098047,0.1372549019607843,0.3725490196078431,0.8823529411764706,0.0209075927734375,0.1321526437410724,0.1776492153041143,0.4431372549019607,0.8207743407367644,0.0228964032771398,0.3252723165358205
ISPY2-600536,0,256.0,80.0,7.0,0.0,2.0,5.0,2.0,0.5859,5.0,67.0,52.0,228.0,70.0,198.0,67.44261468546,37.0,0.0,1.0,0.0,0.0,0.0,TripleNeg,1.0,0.0,0.0,spy2,0,train,10,37,46,0,63.0,177.0,129.0,149.9904,4.225995652348298,10,0.6370712280273437,0.1003965071135876,0.2312573169053788,0.1216766906399319,0.1137254901960784,0.188235294117647,0.4235294117647059,0.0,0.1737927844477634,0.386815559946214,0.2565860168223278,0.1490196078431372,0.3019607843137254,0.8666666666666667,0.0273818969726562,0.1891232479319853,0.4253501418225552,0.2735586651020824,0.1568627450980392,0.3333333333333333,1.0,0.0373672485351562,0.1555582430408351,0.1735549654129223,0.4549019607843137,0.8839978305563614,0.0385345818763412,0.3136233492678127
ISPY2-566011,0,256.0,80.0,8.0,0.0,2.0,5.0,2.0,0.6641,7.0,67.0,33.0,226.0,65.0,211.0,37.23959065878,59.0,1.0,1.0,0.0,0.0,0.0,TripleNeg,1.0,0.0,0.0,spy2,0,train,10,14,43,1,61.0,194.0,147.0,170.0096,3.643871383596095,10,0.6331924438476563,0.1182197720396752,0.2737685116102924,0.1818191723643337,0.1137254901960784,0.2,0.5568627450980392,0.0018402099609375,0.1777047849168964,0.4045338554239371,0.2849990127276929,0.1333333333333333,0.2980392156862745,0.992156862745098,0.0358367919921875,0.1900491692038143,0.4315104452786518,0.2805980636109397,0.1450980392156863,0.3372549019607843,0.9607843137254902,0.0321197509765625,0.1307653438136447,0.1583730159213062,0.3764705882352941,0.826615805084217,0.0269765898547146,0.2823940996127143
ISPY2-318438,0,256.0,160.0,7.0,0.0,2.0,5.0,1.1200000048,1.171875,59.0,114.0,62.0,114.0,156.0,190.0,18.14633796839502,60.0,0.0,1.0,0.0,0.0,0.0,TripleNeg,1.0,0.0,0.0,spy2,0,train,10,27,36,2,56.0,53.0,35.0,300.0,2.952111468535658,10,0.651446533203125,0.1277867395737592,0.3093201376020315,0.1797826755698762,0.1294117647058823,0.2549019607843137,0.5882352941176471,0.0011917114257812,0.1871386180204503,0.445291999160846,0.2463394895728022,0.1803921568627451,0.3725490196078431,0.8470588235294118,0.020269775390625,0.1884629073797487,0.4509006313226255,0.2453628373574958,0.1803921568627451,0.3843137254901961,0.8470588235294118,0.0195404052734375,0.1359718615588144,0.1752793324453483,0.3803921568627451,0.840177211200028,0.0056086321617795,0.4453131840229744
ACRIN-6698-422013,0,256.0,134.0,7.0,0.0,2.0,6.0,1.2,0.5284552574,43.0,108.0,33.0,181.0,85.0,175.0,15.995179795905257,32.0,0.0,1.0,0.0,1.0,1.0,HER2pos,0.0,1.0,0.0,spy2,0,train,10,24,40,0,66.0,149.0,91.0,135.2845458944,2.8329297624334107,10,0.5916091918945312,0.1414680510876225,0.327347821318609,0.1662327321799357,0.1333333333333333,0.3019607843137254,0.5607843137254902,0.0003173828125,0.2047861196480545,0.4414634859297866,0.2499421020667021,0.1450980392156863,0.4,0.8117647058823529,0.01334228515625,0.228052739162071,0.495800705549161,0.2605684537460718,0.188235294117647,0.4549019607843137,0.9098039215686274,0.0252090454101562,0.1141156646111776,0.171110369640361,0.3647058823529411,0.7451941578894273,0.0543372196193744,0.279308631273749
ISPY2-663467,0,312.0,66.0,8.0,0.0,2.0,5.0,2.4,0.7031,16.0,63.0,141.0,259.0,74.0,201.0,156.22436375219996,45.0,,0.0,1.0,1.0,0.0,HRposHER2neg,0.0,0.0,1.0,spy2,0,train,10,11,20,3,48.0,119.0,128.0,219.3672,5.0576738536870804,10,0.2799224853515625,0.187411834118413,0.2551143143362746,0.1012480677046663,0.1568627450980392,0.2274509803921568,0.3725490196078431,0.0001556396484375,0.2855048804189645,0.3893471046531388,0.2246882434840376,0.192156862745098,0.3058823529411765,0.7450980392156863,0.0320220947265625,0.303772918102788,0.4140114370428725,0.2212950369048481,0.2039215686274509,0.3294117647058823,0.7725490196078432,0.0193618774414062,0.1342327903168641,0.1701928632348489,0.3764705882352941,0.9274671017778814,0.0246643323897336,0.2439172723612553
ISPY2-823618,0,384.0,72.0,9.0,0.0,2.0,6.0,2.5,0.9375,31.0,46.0,196.0,231.0,245.0,279.0,14.2119140625,37.0,0.0,1.0,0.0,1.0,0.0,HRposHER2neg,0.0,0.0,1.0,spy2,0,train,10,5,14,0,16.0,36.0,35.0,360.0,2.722078940727153,10,0.617523193359375,0.1158689970128676,0.2573342845476178,0.1562474310642755,0.1137254901960784,0.2,0.4941176470588235,0.000421142578125,0.2036759799134497,0.4329055528698354,0.288683856934163,0.1137254901960784,0.3568627450980392,0.8980392156862745,0.0219467163085937,0.1982266414866728,0.4207392718517232,0.2605292734825507,0.1176470588235294,0.3764705882352941,0.8,0.014776611328125,0.1755712683222175,0.2554432204360563,0.6,0.7463097422803798,-0.0121662810181121,0.463787600734062
ISPY2-188511,0,256.0,160.0,7.0,0.0,2.0,5.0,1.1000000238,1.328125,52.0,96.0,79.0,124.0,187.0,219.0,11.942593642183358,60.0,1.0,1.0,0.0,1.0,0.0,HRposHER2neg,0.0,0.0,1.0,spy2,0,train,10,20,29,1,45.0,46.0,33.0,340.0,2.5605237050146723,10,0.5990036010742188,0.1450407678940717,0.3156694643975924,0.1880136094615908,0.1294117647058823,0.2823529411764706,0.5333333333333333,0.006475830078125,0.18597915948606,0.3912711571079951,0.20228227148243,0.1764705882352941,0.3607843137254902,0.6392156862745098,0.01580810546875,0.1843901510799632,0.3897573367410183,0.2055385722356505,0.1764705882352941,0.3568627450980392,0.6392156862745098,0.0176895141601562,0.0756016927104026,0.1136672430561934,0.2117647058823529,0.7874290802406421,-0.0015138203669767,0.4534146127999939
ACRIN-6698-573919,0,256.0,80.0,7.0,0.0,2.0,5.0,2.0,0.5859,33.0,69.0,55.0,162.0,95.0,175.0,11.07348785298,65.0,0.0,1.0,0.0,0.0,1.0,HER2pos,0.0,1.0,0.0,spy2,0,train,10,20,29,1,37.0,108.0,81.0,149.9904,2.491011962129886,10,0.6985565185546875,0.1176970178940716,0.348321799132806,0.1694021770630759,0.1490196078431372,0.3176470588235294,0.592156862745098,0.0001724243164062,0.1690891340667126,0.5074691516462017,0.2357131790242285,0.2313725490196078,0.4862745098039215,0.8705882352941177,0.0214141845703125,0.1786898923387714,0.5387989424385727,0.2466817126488991,0.2313725490196078,0.5215686274509804,0.9450980392156862,0.0262908935546875,0.1591473525133956,0.1526610887815868,0.3607843137254902,0.8639308745963129,0.031329790792371,0.3465584093463053
ISPY2-660534,1,256.0,80.0,8.0,0.0,2.0,6.0,2.0,0.5859,21.0,32.0,174.0,218.0,134.0,172.0,3.34078937892,50.0,0.0,1.0,0.0,0.0,0.0,TripleNeg,1.0,0.0,0.0,spy2,1,test,10,4,13,-1,12.0,45.0,39.0,149.9904,1.4680562161171042,10,0.51226806640625,0.1601148478190104,0.3007762531867959,0.1489935545622127,0.1254901960784313,0.2823529411764706,0.4941176470588235,0.0002426147460937,0.249062930836397,0.4582920368748175,0.2379172921643087,0.1568627450980392,0.4313725490196078,0.803921568627451,0.01470947265625,0.2654176300647212,0.4876511933768627,0.2356329933685323,0.192156862745098,0.4588235294117647,0.8313725490196079,0.019830322265625,0.1575157836880215,0.1713296501568105,0.4,0.858293705418596,0.0293591565020451,0.3301307721186334
ISPY2-692885,0,256.0,134.0,6.0,0.0,2.0,5.0,1.2,0.6055,56.0,81.0,141.0,178.0,149.0,196.0,5.6437594164,40.0,0.0,0.0,1.0,0.0,0.0,TripleNeg,1.0,0.0,0.0,spy2,0,train,10,10,19,4,26.0,38.0,48.0,155.008,1.8936779804391957,10,0.6409881591796875,0.1142544615502451,0.2698717483950423,0.1350105838835496,0.1215686274509803,0.2392156862745098,0.4549019607843137,0.0,0.2266781436695772,0.5258085291392507,0.2605882595284975,0.1725490196078431,0.5215686274509804,0.8980392156862745,0.0206436157226562,0.2227536130418964,0.5148951337660557,0.2590839787923345,0.1647058823529411,0.5098039215686274,0.8980392156862745,0.0189163208007812,0.2559367807442083,0.2063876884002345,0.5411764705882353,0.8898428269055856,-0.010913395373195,0.474277675300278
ISPY2-834418,0,320.0,90.0,8.0,0.0,2.0,6.0,2.0,0.7031,25.0,53.0,187.0,262.0,156.0,219.0,6.619341277899999,59.0,1.0,1.0,0.0,1.0,0.0,HRposHER2neg,0.0,0.0,1.0,spy2,0,train,10,14,23,0,29.0,76.0,64.0,224.992,2.030689919492027,10,0.5358062744140625,0.130996566473269,0.2646273901357107,0.1746543585283692,0.1254901960784313,0.2,0.5411764705882353,0.0012374877929687,0.1723462991153492,0.3440718524124593,0.2272973217709012,0.1490196078431372,0.2627450980392157,0.7215686274509804,0.0163375854492187,0.1832747754863664,0.3668591524258529,0.2518148724486886,0.1411764705882353,0.2745098039215686,0.803921568627451,0.02471923828125,0.0794444622767486,0.0973887477553797,0.192156862745098,0.8403295048880065,0.0227873000133935,0.3212902759241849
ISPY2-602943,1,384.0,144.0,8.0,0.0,2.0,7.0,1.2000000477,0.8072916667,48.0,89.0,108.0,175.0,92.0,150.0,11.74347051985605,38.0,0.0,1.0,0.0,0.0,0.0,TripleNeg,1.0,0.0,0.0,spy2,1,test,10,22,31,-1,42.0,68.0,59.0,310.0000000128,2.545019024338482,10,0.6821304321289062,0.1177898032992493,0.3127597202216924,0.1558673299134378,0.1294117647058823,0.2941176470588235,0.5254901960784314,8.697509765625e-05,0.2007268928079044,0.4636758726647452,0.2236128313862945,0.2156862745098039,0.4235294117647059,0.8,0.0176803588867187,0.205537342744715,0.5022954520447477,0.2349807776348942,0.2431372549019607,0.4509803921568627,0.9294117647058824,0.025347900390625,0.1509161524430528,0.1801213327697669,0.4352941176470588,0.8425059644103514,0.0386195793800025,0.3056370278275145
ISPY2-378401,1,256.0,80.0,8.0,0.0,2.0,5.0,2.0,0.625,15.0,64.0,39.0,198.0,63.0,197.0,19.646875,61.0,1.0,1.0,0.0,0.0,0.0,TripleNeg,1.0,0.0,0.0,spy2,0,train,10,28,37,2,50.0,160.0,135.0,160.0,3.0275639762361135,10,0.6470596313476562,0.1045182770373774,0.2617642269248222,0.1858844373639033,0.1176470588235294,0.188235294117647,0.5333333333333333,0.0035842895507812,0.1458555812461703,0.3580430659961939,0.24768506513556,0.1490196078431372,0.2627450980392157,0.796078431372549,0.0235519409179687,0.1641204115923713,0.4027244799771592,0.2607683675662764,0.1686274509803921,0.3058823529411765,0.9333333333333332,0.0312057495117187,0.0962788390713717,0.1262415081939268,0.2392156862745098,0.8113859310082446,0.0446814139809653,0.2596421144559301
ISPY2-123660,0,384.0,160.0,7.0,0.0,2.0,5.0,1.0,0.9114583135,35.0,96.0,92.0,161.0,277.0,336.0,15.054134137595794,71.0,1.0,0.0,0.0,0.0,1.0,HER2pos,0.0,1.0,0.0,spy2,1,test,10,15,24,-1,62.0,70.0,60.0,349.999992384,2.7759663950747404,10,0.6034698486328125,0.1357227998621323,0.3065864455606385,0.1706483163664317,0.1333333333333333,0.2705882352941176,0.5176470588235295,0.0020767211914062,0.1579368980258118,0.3454990240218148,0.221919843924437,0.1333333333333333,0.2901960784313726,0.6313725490196078,0.0194259643554687,0.1633344523111979,0.3592554497459891,0.2374738685526345,0.1333333333333333,0.2980392156862745,0.7098039215686275,0.024615478515625,0.0389125784611762,0.114501674065335,0.1529411764705882,0.5684880901989456,0.0137564257241743,0.413733789971909
ISPY2-859699,1,384.0,144.0,6.0,0.0,2.0,5.0,1.2000000477,0.96354166666667,54.0,108.0,86.0,165.0,269.0,316.0,7.407618295754949,53.0,1.0,1.0,0.0,1.0,1.0,HER2pos,0.0,1.0,0.0,spy2,0,train,10,33,45,0,55.0,80.0,48.0,370.00000000000125,2.1291382347985355,10,0.6735458374023438,0.1613670738070619,0.4534952587686316,0.2776092881244886,0.1333333333333333,0.392156862745098,0.8980392156862745,0.0125030517578125,0.1819949400658701,0.4715738102013574,0.2688197571805679,0.1607843137254902,0.4117647058823529,0.8980392156862745,0.0123550415039062,0.1804074814740349,0.4722959675819193,0.2670173831216731,0.1607843137254902,0.4117647058823529,0.8901960784313725,0.0112442016601562,0.0180785514327257,0.0747862356112545,0.0666666666666666,0.4669424384771787,0.0007221573805618,0.4590338638435112
ISPY2-188091,1,256.0,80.0,8.0,0.0,2.0,6.0,2.0,0.703125,52.0,66.0,152.0,189.0,71.0,116.0,5.43922119140625,50.0,0.0,0.0,1.0,0.0,1.0,HER2pos,0.0,1.0,0.0,spy2,0,train,10,4,13,4,15.0,38.0,46.0,180.0,1.8624075997918241,10,0.6417831420898438,0.1097782149969362,0.2678949830578633,0.1096783464325281,0.1450980392156863,0.2509803921568627,0.4117647058823529,0.0,0.1936422968845741,0.4633481644369062,0.2285753849689999,0.2392156862745098,0.4,0.8588235294117647,0.02303466796875,0.2012835334329044,0.4937388387739521,0.1952521640199009,0.2862745098039215,0.4588235294117647,0.7764705882352941,0.0072372436523437,0.1954531813790429,0.2491555454854371,0.6588235294117647,0.8906249334429484,0.0303906743370458,0.2866319363096937
ACRIN-6698-736721,0,256.0,160.0,7.0,0.0,2.0,5.0,1.0,0.5859375,83.0,124.0,49.0,164.0,52.0,119.0,11.605682373046877,41.0,0.0,1.0,0.0,1.0,0.0,HRposHER2neg,0.0,0.0,1.0,spy2,1,test,10,8,17,-1,42.0,116.0,68.0,150.0,2.534147694283467,10,0.4744369506835937,0.1742475262810202,0.3207532948580511,0.153461173220013,0.1607843137254902,0.2784313725490196,0.5490196078431373,0.0003265380859375,0.2369493791168811,0.4308388842293413,0.2157085678137716,0.2156862745098039,0.3764705882352941,0.7529411764705882,0.0204208374023437,0.2546108530081954,0.4653114072158261,0.230125518008764,0.2313725490196078,0.4,0.8470588235294118,0.0265975952148437,0.1100855893712901,0.147464901333995,0.3019607843137254,0.8510363408848746,0.0344725229864848,0.2076485121925018
ACRIN-6698-233191,0,256.0,80.0,8.0,0.0,2.0,6.0,2.0,0.6445,12.0,66.0,113.0,231.0,73.0,198.0,95.102138998,42.0,0.0,1.0,0.0,0.0,0.0,TripleNeg,1.0,0.0,0.0,spy2,0,train,10,18,29,0,55.0,119.0,126.0,164.992,4.565411573772245,10,0.5296966552734375,0.1363049077052696,0.2600918321244232,0.1071514520671739,0.1215686274509803,0.2549019607843137,0.4,0.0,0.2465214149624693,0.4660931739299876,0.2716423463983748,0.1333333333333333,0.4313725490196078,0.8941176470588236,0.0270614624023437,0.2583453668332567,0.4830936697593338,0.2578163345460017,0.1568627450980392,0.4549019607843137,0.8745098039215686,0.0182815551757812,0.2060013418055644,0.216240224244369,0.5411764705882353,0.8355806604416355,0.0170004958293461,0.4025267829912594
ISPY2-111674,1,384.0,72.0,8.0,0.0,2.0,6.0,2.5,0.9375,17.0,55.0,120.0,184.0,247.0,297.0,7.0751953125,30.0,0.0,1.0,0.0,0.0,0.0,TripleNeg,1.0,0.0,0.0,spy2,1,test,10,27,36,-1,39.0,65.0,51.0,360.0,2.0887970561227136,10,0.7345016479492188,0.0953923842486213,0.2993572235356323,0.1645416720427797,0.1254901960784313,0.2549019607843137,0.5411764705882353,1.678466796875e-05,0.1429491349762561,0.4290126255275756,0.2354322236587407,0.1333333333333333,0.4078431372549019,0.7529411764705882,0.005810546875,0.1464098522709865,0.4505417548893958,0.2450873025099166,0.1333333333333333,0.4352941176470588,0.788235294117647,0.0111358642578125,0.1296554019919432,0.1915784974643614,0.4509803921568627,0.7515129571199504,0.0215291293618201,0.3790582596251659
ACRIN-6698-407539,0,256.0,80.0,7.0,0.0,2.0,5.0,2.0,0.7031,14.0,59.0,36.0,179.0,126.0,206.0,63.90061928781999,35.0,0.0,0.0,1.0,1.0,0.0,HRposHER2neg,0.0,0.0,1.0,spy2,0,train,10,11,20,3,46.0,144.0,81.0,179.9936,4.1728571658497255,10,0.6654647827148438,0.0930105590820312,0.2351146750406549,0.1588684081698365,0.1137254901960784,0.1803921568627451,0.4156862745098039,0.0037551879882812,0.1410548011929381,0.3607360008786106,0.2343910554893447,0.1450980392156863,0.2784313725490196,0.7333333333333333,0.0118881225585937,0.154700455011106,0.3932944415810303,0.2364708349806448,0.1568627450980392,0.3176470588235294,0.7686274509803922,0.0136383056640625,0.1256213258379555,0.1526620187371639,0.3568627450980392,0.9187834392289764,0.0325584407024197,0.1886280394634215
ACRIN-6698-511851,0,312.0,80.0,7.0,0.0,2.0,5.0,2.0,0.5859,18.0,41.0,45.0,155.0,107.0,220.0,19.51608690612,48.0,1.0,1.0,0.0,1.0,0.0,HRposHER2neg,0.0,0.0,1.0,spy2,0,train,10,7,16,2,24.0,111.0,114.0,182.80079999999998,3.0212093055348177,10,0.405633544921875,0.2160497687844669,0.3429580215651843,0.2100016058370536,0.1294117647058823,0.2823529411764706,0.6666666666666666,0.0070205688476562,0.2846076396867341,0.4442076110591287,0.2493027073960707,0.1725490196078431,0.3803921568627451,0.8274509803921568,0.0298690795898437,0.3046741680070465,0.4758621935953605,0.2486993759225551,0.1843137254901961,0.4274509803921568,0.8509803921568627,0.0261703491210937,0.1012495894939444,0.1450857119792728,0.2666666666666666,0.8028593873548228,0.0316545825362317,0.361487353795915
ISPY2-128051,0,256.0,160.0,7.0,0.0,2.0,6.0,1.0,0.64453125,45.0,85.0,36.0,100.0,125.0,189.0,7.568962097167969,56.0,1.0,1.0,0.0,1.0,1.0,HER2pos,0.0,1.0,0.0,spy2,0,train,10,13,26,3,41.0,65.0,65.0,165.0,2.1481466164268745,10,0.60714111328125,0.1379308902516084,0.3150489723901244,0.1916164210603624,0.1215686274509803,0.2470588235294117,0.615686274509804,0.000323486328125,0.1640549124923407,0.3589979455722878,0.2620557100429246,0.0862745098039215,0.2862745098039215,0.7450980392156863,0.0208328247070312,0.1738879454369638,0.3805128666760493,0.2722080097383594,0.0980392156862745,0.3019607843137254,0.8196078431372549,0.0254669189453125,0.0439489731821635,0.1489057009022584,0.2509803921568627,0.5645604822421776,0.0215149211037613,0.352231768324892
ISPY2-824234,1,256.0,80.0,8.0,0.0,2.0,5.0,2.0,0.5859,23.0,64.0,42.0,229.0,68.0,198.0,71.7693008067,30.0,0.0,1.0,0.0,1.0,1.0,HER2pos,0.0,1.0,0.0,spy2,0,train,10,9,25,1,42.0,188.0,131.0,149.9904,4.287294174049815,10,0.6398101806640625,0.1073064886354932,0.2525649581343717,0.1287986748352736,0.1137254901960784,0.2196078431372549,0.4274509803921568,0.0,0.1782241402420343,0.4196685304808122,0.2438298065409656,0.1568627450980392,0.3568627450980392,0.7725490196078432,0.0117721557617187,0.2110743922813266,0.4889935287322924,0.2736454833450971,0.1843137254901961,0.4274509803921568,0.9372549019607844,0.02667236328125,0.1671035723464405,0.1574532441915958,0.4078431372549019,0.9378998025875436,0.0693249982514801,0.1985816804629449
ACRIN-6698-283070,0,384.0,160.0,7.0,0.0,2.0,5.0,1.0,0.83333331346512,25.0,82.0,99.0,170.0,244.0,314.0,27.881943114929847,68.0,1.0,1.0,0.0,0.0,0.0,TripleNeg,1.0,0.0,0.0,spy2,0,train,10,19,38,4,58.0,72.0,71.0,319.99999237060604,3.3632165941341854,10,0.672711181640625,0.1191473628025429,0.3057204930720026,0.1797537665969598,0.1215686274509803,0.2705882352941176,0.5333333333333333,0.002032470703125,0.1712476184321384,0.4431181125453556,0.2717197694944138,0.1176470588235294,0.4078431372549019,0.8666666666666667,0.0178009033203125,0.1791647338867187,0.4274245979465206,0.2682620052600967,0.1019607843137254,0.403921568627451,0.8235294117647058,0.0183441162109375,0.137397619473353,0.2141722825078846,0.4745098039215686,0.720390504074744,-0.015693514598835,0.5262713760886187
ISPY2-229144,0,256.0,64.0,8.0,0.0,2.0,6.0,2.5,0.9375,0.0,28.0,49.0,154.0,119.0,223.0,32.447021484375,54.0,1.0,1.0,0.0,1.0,0.0,HRposHER2neg,0.0,0.0,1.0,spy2,1,test,10,7,18,-1,29.0,106.0,105.0,240.0,3.5099627387942056,10,0.5121902465820313,0.1445206765567555,0.2633103620094918,0.1543612450896491,0.1215686274509803,0.2196078431372549,0.4745098039215686,0.0005172729492187,0.2453210927925858,0.447752225939251,0.2785685291183314,0.1294117647058823,0.3843137254901961,0.9019607843137256,0.0316558837890625,0.2275184362074908,0.403057646167031,0.25071486452568,0.1176470588235294,0.3490196078431372,0.7529411764705882,0.020172119140625,0.1844418639297591,0.2318856347297958,0.5568627450980392,0.7563678677222693,-0.04469457977222,0.604042653687467
ISPY2-424541,0,256.0,80.0,8.0,0.0,2.0,5.0,2.0,0.5859,33.0,55.0,138.0,209.0,91.0,157.0,12.95808851988,58.0,1.0,1.0,0.0,1.0,0.0,HRposHER2neg,0.0,0.0,1.0,spy2,0,train,10,7,16,3,23.0,72.0,67.0,149.9904,2.6360591624490444,10,0.61939697265625,0.1072166592467065,0.2241781956055137,0.1068768032305957,0.1137254901960784,0.192156862745098,0.3843137254901961,0.0,0.20322769464231,0.4260230616509729,0.2945952021958866,0.0941176470588235,0.3686274509803922,0.9254901960784314,0.0272903442382812,0.2119750138825061,0.4430919126687206,0.2844149931712337,0.1098039215686274,0.403921568627451,0.9058823529411764,0.0237319946289062,0.2018448660454592,0.23251195150448,0.5647058823529412,0.7738301420828122,0.0170688510177476,0.3745910709131146
ISPY2-542392,0,384.0,160.0,7.0,0.0,2.0,5.0,1.0,0.8854166865,93.0,124.0,136.0,179.0,264.0,305.0,6.869081253915387,56.0,1.0,1.0,0.0,0.0,0.0,TripleNeg,1.0,0.0,0.0,spy2,0,train,10,18,27,4,32.0,44.0,42.0,340.000007616,2.06294131532434,10,0.6801116943359375,0.0928577198701746,0.2404403884792581,0.1356365035008103,0.1215686274509803,0.2,0.4117647058823529,0.0001205444335937,0.1591471952550551,0.3676841435193629,0.2234529757003915,0.1607843137254902,0.3058823529411765,0.6862745098039216,0.0182205200195312,0.1624285529641544,0.3861486369573826,0.2388927280717161,0.1647058823529411,0.3137254901960784,0.8117647058823529,0.0238082885742187,0.1272437550401048,0.1472415049990189,0.3215686274509804,0.8804533442726171,0.0184644934380197,0.3612157869129277
ISPY2-749097,0,256.0,134.0,6.0,0.0,2.0,5.0,1.1999986755,0.7813000083,14.0,76.0,73.0,210.0,104.0,217.0,46.16161987514023,46.0,0.0,0.0,1.0,1.0,0.0,HRposHER2neg,0.0,0.0,1.0,spy2,0,train,10,29,38,1,63.0,138.0,114.0,200.0128021248,3.8535804235767346,10,0.4929794311523437,0.1381053131701899,0.2526923969560136,0.1448769424503061,0.1176470588235294,0.2117647058823529,0.4352941176470588,0.0004119873046875,0.2347676236021752,0.421825644736905,0.2498497849508112,0.1803921568627451,0.3411764705882353,0.8745098039215686,0.0344680786132812,0.2501408236634497,0.4501305916897292,0.2432069925684966,0.196078431372549,0.3843137254901961,0.8705882352941177,0.0340057373046875,0.1691332477808913,0.1729855362362294,0.4235294117647059,0.9187765776556588,0.0283049469528241,0.3173578988867855
ISPY2-437968,0,256.0,80.0,8.0,0.0,2.0,6.0,2.0,0.5859,37.0,56.0,133.0,195.0,81.0,138.0,6.67539973926,60.0,1.0,1.0,0.0,1.0,1.0,HER2pos,0.0,1.0,0.0,spy2,0,train,10,8,17,3,20.0,63.0,58.0,149.9904,2.0380203754081787,10,0.6566146850585938,0.0984347354664522,0.24646269686282,0.1014697986048081,0.1176470588235294,0.2470588235294117,0.3843137254901961,0.0,0.1712363628312653,0.434625481317522,0.2831861834396699,0.1490196078431372,0.3254901960784314,0.9333333333333332,0.0246185302734375,0.1688938694374234,0.4230831488571451,0.236110169650853,0.1686274509803921,0.3568627450980392,0.8,0.00521240234375,0.188162784454702,0.2239660590361842,0.5803921568627451,0.8884025577561422,-0.0115423324603769,0.3959278531467599
ISPY2-460812,0,256.0,64.0,7.0,0.0,2.0,5.0,2.5,0.625,11.0,49.0,47.0,171.0,28.0,131.0,70.2265625,50.0,1.0,0.0,1.0,1.0,0.0,HRposHER2neg,0.0,0.0,1.0,spy2,0,train,10,16,25,0,39.0,125.0,104.0,160.0,4.2658658176652855,10,0.6231246948242187,0.1069665706858915,0.2517272540279042,0.1203470040053071,0.1215686274509803,0.2392156862745098,0.3764705882352941,0.0002227783203125,0.2024857704312193,0.4797867714835915,0.252570950343045,0.2078431372549019,0.4117647058823529,0.9411764705882352,0.0304214477539062,0.2113665532130821,0.4991980987642619,0.2437086434922579,0.2235294117647059,0.4431372549019607,0.9019607843137256,0.0264633178710937,0.2280595174556872,0.198887408550911,0.5647058823529412,0.9681929154739684,0.0194113272806703,0.3348570179238752
ISPY2-728714,0,256.0,80.0,7.0,0.0,2.0,5.0,2.0,0.5469,47.0,70.0,65.0,178.0,71.0,152.0,17.201218571100007,50.0,0.0,1.0,0.0,1.0,0.0,HRposHER2neg,0.0,0.0,1.0,spy2,0,train,10,9,18,1,24.0,114.0,82.0,140.0064,2.9014885462974447,10,0.6966323852539062,0.1177141197054993,0.3340368546382414,0.1442156493069774,0.1450980392156863,0.3176470588235294,0.5450980392156862,0.0,0.1724130308861826,0.4908043885511853,0.2523272295841889,0.1647058823529411,0.4705882352941176,0.9176470588235294,0.0242828369140625,0.1806443277994791,0.5216550808639226,0.2709579961506929,0.1686274509803921,0.4901960784313725,1.0,0.0307525634765625,0.1567675339129439,0.1821873595586813,0.4235294117647059,0.7986771621859518,0.0308506923127372,0.3331287880693107
ISPY2-413961,0,384.0,144.0,6.0,0.0,2.0,5.0,1.2000000477,1.015625,19.0,50.0,89.0,141.0,84.0,129.0,12.332131837858473,49.0,0.0,1.0,0.0,0.0,0.0,TripleNeg,1.0,0.0,0.0,spy2,0,train,10,10,19,2,32.0,53.0,46.0,390.0,2.5901770492248675,10,0.7109359741210938,0.1117535101198682,0.3027200460053215,0.210709774352523,0.1137254901960784,0.2274509803921568,0.611764705882353,0.0042037963867187,0.1361718929515165,0.3620552769753654,0.2534413289058341,0.1176470588235294,0.2784313725490196,0.7803921568627451,0.014935302734375,0.1434386129940257,0.3734266067214677,0.2650602519651529,0.1254901960784313,0.2784313725490196,0.8352941176470589,0.01865234375,0.0593352309700438,0.1264777833846499,0.192156862745098,0.6791824367481168,0.0113713297461023,0.4367956250230942
ISPY2-395379,0,256.0,200.0,5.0,0.0,2.0,4.0,0.799997,0.625,77.0,160.0,53.0,206.0,60.0,150.0,23.284600182421872,36.0,0.0,1.0,0.0,1.0,0.0,HRposHER2neg,0.0,0.0,1.0,spy2,0,train,10,43,52,3,84.0,154.0,91.0,160.0,3.189842412101213,10,0.57298583984375,0.1180159565046721,0.2579997488832873,0.1351542315136281,0.1333333333333333,0.2117647058823529,0.4509803921568627,0.0006362915039062,0.1659545120538449,0.3629173343960951,0.2286576989383854,0.1647058823529411,0.2823529411764706,0.7058823529411765,0.0241744995117187,0.1874085489908854,0.4060815086733358,0.2414418582865177,0.192156862745098,0.3137254901960784,0.8274509803921568,0.0325363159179687,0.1049175855128077,0.1466729640598192,0.2862745098039215,0.8214459277893714,0.0431641742772406,0.2393942425888339
ISPY2-294176,1,256.0,64.0,7.0,0.0,2.0,5.0,2.0,0.5859,18.0,45.0,90.0,208.0,120.0,215.0,24.1839921645,56.0,1.0,1.0,0.0,0.0,0.0,TripleNeg,1.0,0.0,0.0,spy2,0,train,10,12,21,4,28.0,119.0,96.0,149.9904,3.226208561104862,10,0.6361907958984375,0.1146458584654565,0.2639917379717273,0.1436916312003046,0.1215686274509803,0.2196078431372549,0.4941176470588235,0.0002090454101562,0.1626854750689338,0.3602878222749427,0.2690792055139989,0.1215686274509803,0.2588235294117647,0.8745098039215686,0.0254547119140625,0.173067351696538,0.3928882772522999,0.2909926993734855,0.1215686274509803,0.2784313725490196,0.992156862745098,0.0358856201171875,0.0962960843032153,0.1623617486399863,0.388235294117647,0.7038368298759363,0.0326004549773572,0.3301275867564779
ACRIN-6698-130580,1,256.0,134.0,7.0,0.0,2.0,5.0,1.2000000477,0.625,58.0,121.0,81.0,217.0,122.0,205.0,70.51078405280354,56.0,1.0,1.0,0.0,0.0,0.0,TripleNeg,1.0,0.0,0.0,spy2,0,train,10,25,39,0,64.0,137.0,84.0,160.0,4.269848264240213,10,0.4684020996093749,0.1293954587450214,0.2303807204363311,0.1077540221317672,0.1254901960784313,0.196078431372549,0.392156862745098,0.0,0.2070348103841146,0.3705927828495027,0.2452981424981594,0.1607843137254902,0.2745098039215686,0.8117647058823529,0.0289337158203125,0.2241155886182598,0.3990662765674602,0.2556485505113678,0.1686274509803921,0.2980392156862745,0.8666666666666667,0.0345352172851562,0.1402120624131715,0.162277911917067,0.4274509803921568,0.9597862153690712,0.0284734937179574,0.2386419738911788
ISPY2-375342,0,320.0,180.0,7.0,0.0,2.0,6.0,1.0,0.703125,89.0,128.0,53.0,147.0,132.0,205.0,14.557159423828123,38.0,0.0,1.0,0.0,0.0,0.0,TripleNeg,1.0,0.0,0.0,spy2,0,train,10,13,22,3,40.0,95.0,74.0,225.0,2.7445209457755677,10,0.4563247680664062,0.1453054151348039,0.2535713682334594,0.1126952969696083,0.1176470588235294,0.2313725490196078,0.4117647058823529,0.0,0.2405661968156403,0.3941511886803988,0.252726007838239,0.1176470588235294,0.3411764705882353,0.8,0.0152923583984375,0.2505167284198836,0.4080345583812148,0.2357334784617008,0.1294117647058823,0.3764705882352941,0.7607843137254902,0.0054946899414062,0.1405798204469394,0.2260244154085049,0.5137254901960784,0.7006508505401302,0.0138833697008158,0.3784559770756912
ISPY2-503034,0,256.0,80.0,9.0,0.0,2.0,6.0,2.0,0.703125,6.0,56.0,35.0,214.0,103.0,211.0,80.4482666015625,42.0,0.0,1.0,0.0,0.0,1.0,HER2pos,0.0,1.0,0.0,spy2,0,train,10,15,24,3,51.0,180.0,109.0,180.0,4.399968053072822,10,0.3632827758789062,0.1960580264820772,0.2936399490837676,0.0949701888347903,0.188235294117647,0.2784313725490196,0.4196078431372549,0.0,0.2930700982785692,0.4406435831314065,0.184829062641935,0.2666666666666666,0.392156862745098,0.7019607843137254,0.0194290161132812,0.3420967072131587,0.515939507065123,0.1955662487148055,0.3215686274509804,0.4627450980392157,0.8313725490196079,0.0330902099609375,0.1470036340476388,0.1572515906489368,0.3450980392156862,0.9063432379774684,0.0752959239337164,0.1440499042606984
ACRIN-6698-490023,1,256.0,80.0,8.0,0.0,2.0,6.0,2.0,0.703125,35.0,69.0,26.0,199.0,76.0,159.0,23.3804443359375,34.0,0.0,1.0,0.0,0.0,1.0,HER2pos,0.0,1.0,0.0,spy2,0,train,10,12,26,4,35.0,174.0,84.0,180.0,3.1937813493151617,10,0.6267929077148438,0.1349937229530484,0.3230746278109339,0.141712239074857,0.1568627450980392,0.3058823529411765,0.5176470588235295,1.068115234375e-05,0.2020151594573376,0.4782107988441406,0.2239143659563737,0.2392156862745098,0.4274509803921568,0.8431372549019608,0.01885986328125,0.2134931556851256,0.515721860999444,0.2300123070962674,0.2470588235294117,0.4745098039215686,0.8941176470588236,0.0240280151367187,0.1551361710332067,0.1702936902550391,0.3647058823529411,0.9238260727354498,0.0375110621553034,0.2518224748042603
ISPY2-299364,0,384.0,176.0,7.0,0.0,2.0,6.0,1.0,0.72916668653488,71.0,119.0,137.0,210.0,284.0,351.0,12.87260269802887,40.0,0.0,1.0,0.0,0.0,0.0,TripleNeg,1.0,0.0,0.0,spy2,0,train,10,24,33,3,49.0,74.0,68.0,280.00000762939396,2.6299158661841284,10,0.637744140625,0.1166415345435049,0.2758507237643676,0.1467377023806038,0.1254901960784313,0.2313725490196078,0.4784313725490196,0.000238037109375,0.2189929318895526,0.4962067122306531,0.2312529376056678,0.2078431372549019,0.4745098039215686,0.8313725490196079,0.0136993408203125,0.2361547133501838,0.5533229796838536,0.2261569544210198,0.2745098039215686,0.5372549019607843,0.9215686274509804,0.0281005859375,0.2203559884662855,0.2028749038322765,0.5372549019607843,0.8957954239115784,0.0571162674532004,0.3230177584580132
ISPY2-303947,1,256.0,160.0,7.0,0.0,2.0,5.0,1.1000000238,1.171875,93.0,124.0,88.0,118.0,64.0,91.0,3.2674713841727603,61.0,1.0,1.0,0.0,0.0,1.0,HER2pos,0.0,1.0,0.0,spy2,1,test,10,11,20,-1,32.0,31.0,28.0,300.0,1.45102147013914,10,0.7192703247070312,0.1154244695925245,0.330487100563161,0.211644768062721,0.1176470588235294,0.2745098039215686,0.6431372549019608,0.0038223266601562,0.1558273016237745,0.4378310227009071,0.2607519780402204,0.1333333333333333,0.392156862745098,0.8549019607843137,0.0131912231445312,0.1591758039885876,0.4523083570173024,0.2604323177255586,0.1372549019607843,0.4156862745098039,0.8666666666666667,0.0148773193359375,0.1073439221377461,0.1645883086362868,0.3254901960784314,0.773990509786443,0.0144773343163952,0.3823534207708488
ISPY2-766967,1,256.0,134.0,6.0,0.0,2.0,5.0,1.2,0.625,54.0,98.0,121.0,219.0,93.0,168.0,5.86921875,44.0,0.0,1.0,0.0,1.0,0.0,HRposHER2neg,0.0,0.0,1.0,spy2,0,train,10,10,22,2,45.0,99.0,76.0,160.0,1.927050380699341,10,0.6334274291992188,0.1087961832682291,0.2529250077966309,0.1174111860981277,0.1215686274509803,0.2235294117647059,0.4156862745098039,0.0,0.2084548770680147,0.4622737497701412,0.2682542964946598,0.1529411764705882,0.4078431372549019,0.9098039215686274,0.0251556396484375,0.2100987453086703,0.4714875433058874,0.2527640892187448,0.1686274509803921,0.4352941176470588,0.8549019607843137,0.0190567016601562,0.2093487419735103,0.2451295429971793,0.6039215686274509,0.8039436056893817,0.0092137935357461,0.381456644896498
ISPY2-726381,0,256.0,134.0,6.0,0.0,2.0,5.0,1.1999992593,0.742200017,38.0,85.0,30.0,104.0,89.0,176.0,14.42637612277498,63.0,1.0,1.0,0.0,1.0,1.0,HER2pos,0.0,1.0,0.0,spy2,0,train,10,19,28,1,48.0,75.0,88.0,190.003204352,2.7360787796063017,10,0.583673095703125,0.1168122055951286,0.2494257869396604,0.1677559798909179,0.1215686274509803,0.192156862745098,0.4588235294117647,0.0034317016601562,0.1797860298904718,0.3755684567005322,0.218844539020798,0.1803921568627451,0.3098039215686274,0.7019607843137254,0.0184494018554687,0.1856566305721507,0.3882385998923179,0.2207561409079466,0.1764705882352941,0.3294117647058823,0.7137254901960784,0.0196975708007812,0.1261426697608717,0.1288390052191363,0.2588235294117647,0.902086906803888,0.0126701431917858,0.3731472929586137
ISPY2-841336,0,256.0,64.0,7.0,0.0,2.0,6.0,2.5,0.87962961196899,23.0,48.0,20.0,83.0,69.0,140.0,51.10607219339189,47.0,,0.0,1.0,1.0,0.0,HRposHER2neg,0.0,0.0,1.0,spy2,0,train,10,10,19,3,26.0,64.0,72.0,225.18518066406145,3.953281490785538,10,0.6160400390625,0.1258017207126991,0.2846078836570553,0.1506528384768068,0.1215686274509803,0.2549019607843137,0.4745098039215686,0.000323486328125,0.2154194312002144,0.4685566348368049,0.281150166206481,0.0901960784313725,0.4549019607843137,0.8901960784313725,0.018365478515625,0.22498306573606,0.4795599424992862,0.2782046933472232,0.0901960784313725,0.4823529411764706,0.8705882352941177,0.0140380859375,0.1839487511797495,0.2410929158198617,0.5843137254901961,0.7393813187511922,0.0110033076624812,0.4036609016341324
ISPY2-589502,1,256.0,80.0,8.0,0.0,2.0,5.0,2.0,0.703125,14.0,65.0,40.0,160.0,82.0,212.0,45.19962158203125,67.0,1.0,1.0,0.0,1.0,0.0,HRposHER2neg,0.0,0.0,1.0,spy2,0,train,10,11,20,3,52.0,121.0,131.0,180.0,3.832971607189023,10,0.3533554077148437,0.2460106404622395,0.3712382365549309,0.1158254287135837,0.2235294117647059,0.3686274509803922,0.5019607843137255,0.0001907348632812,0.3283591296626072,0.4968844866072719,0.180647135684614,0.2980392156862745,0.4745098039215686,0.7294117647058823,0.0259307861328125,0.349667849073223,0.5289478317135932,0.186768975359455,0.3137254901960784,0.5058823529411764,0.792156862745098,0.031134033203125,0.1256462500523411,0.126033024314913,0.2745098039215686,0.9268591384782378,0.0320633451063212,0.2217539554255105
ISPY2-462581,0,256.0,64.0,9.0,0.0,2.0,6.0,2.5000000002,0.8413461447,29.0,39.0,65.0,91.0,146.0,171.0,2.11474171408382,69.0,1.0,0.0,1.0,0.0,0.0,TripleNeg,1.0,0.0,0.0,spy2,0,train,10,2,11,3,11.0,27.0,26.0,215.3846130432,1.1361462319746023,10,0.6421585083007812,0.1144517606847426,0.2881569430108781,0.1611209760092853,0.1254901960784313,0.2549019607843137,0.4980392156862745,0.000885009765625,0.1999789249195772,0.4806852858193359,0.2412895255374729,0.2117647058823529,0.4313725490196078,0.9019607843137256,0.0268142700195312,0.1897702804266237,0.4607890209790502,0.2104267749166982,0.2039215686274509,0.4392156862745098,0.7607843137254902,0.005694580078125,0.1925283428084578,0.2753616647280116,0.7137254901960784,0.8344881990491013,-0.0198962648402857,0.5359913011960855
ISPY2-940186,1,256.0,80.0,8.0,0.0,2.0,6.0,2.0,0.5859,18.0,63.0,74.0,213.0,99.0,214.0,15.77297476188,44.0,0.0,1.0,0.0,1.0,0.0,HRposHER2neg,0.0,0.0,1.0,spy2,0,train,10,19,33,4,46.0,140.0,116.0,149.9904,2.819768946024191,10,0.566510009765625,0.1549943751914828,0.329994605448166,0.1391102724213748,0.1529411764705882,0.3254901960784314,0.5098039215686274,9.1552734375e-06,0.2362290445963542,0.4975339526853079,0.2408453654729903,0.196078431372549,0.4705882352941176,0.8509803921568627,0.015972900390625,0.2526281199735753,0.5326136272342596,0.2438087349738057,0.2274509803921568,0.5098039215686274,0.9058823529411764,0.0277374267578125,0.1675393472371419,0.1683581324536578,0.4274509803921568,0.9028096532109317,0.0350796745489516,0.2830737929966349
ISPY2-592535,0,384.0,160.0,6.0,0.0,2.0,5.0,1.0,0.83333331346512,34.0,60.0,159.0,202.0,77.0,125.0,3.527083165148909,44.0,0.0,1.0,0.0,1.0,0.0,HRposHER2neg,0.0,0.0,1.0,spy2,0,train,10,12,21,1,27.0,44.0,49.0,319.99999237060604,1.5100778392037681,10,0.524249267578125,0.1243977326037837,0.2230285812607209,0.1634752159703311,0.1137254901960784,0.1686274509803921,0.4078431372549019,0.0054489135742187,0.1739464554132199,0.3028811683755956,0.1989114073132184,0.1372549019607843,0.2431372549019607,0.5803921568627451,0.0110000610351562,0.1754531082452512,0.302857295945435,0.2103935859390379,0.1254901960784313,0.2352941176470588,0.6078431372549019,0.0136932373046875,0.0798525871148746,0.1111765015741987,0.196078431372549,0.8260196030636201,-2.38724301605641e-05,0.487924487151526
ISPY2-443444,0,384.0,80.0,9.0,0.0,2.0,6.0,2.5,0.9375,17.0,47.0,59.0,160.0,76.0,159.0,24.554443359375,61.0,1.0,1.0,0.0,0.0,1.0,HER2pos,0.0,1.0,0.0,spy2,0,train,10,10,20,1,31.0,102.0,84.0,360.0,3.2408112099198134,10,0.6228836059570313,0.104665485456878,0.2385586191975768,0.1487212730741307,0.1176470588235294,0.192156862745098,0.4196078431372549,0.000982666015625,0.1825981768439797,0.4093831749097167,0.2773755290674109,0.1450980392156863,0.3019607843137254,0.9294117647058824,0.0270858764648437,0.1808326033049938,0.4043015441234981,0.2446882544578455,0.1529411764705882,0.3254901960784314,0.7843137254901961,0.017578125,0.1708245557121398,0.2279315821602229,0.592156862745098,0.8607994432463271,-0.0050816307862186,0.3652927205266501
ISPY2-492612,0,256.0,76.0,8.0,0.0,2.0,6.0,2.1,0.625,35.0,57.0,117.0,183.0,129.0,182.0,9.274453125,37.0,0.0,1.0,0.0,0.0,0.0,TripleNeg,1.0,0.0,0.0,spy2,1,test,10,8,17,-1,23.0,67.0,54.0,160.0,2.329660535121577,10,0.5724105834960938,0.1252183323280484,0.2695878347056549,0.152895369089356,0.1098039215686274,0.2117647058823529,0.4862745098039215,0.0,0.1853636618221507,0.3944398741207608,0.2460889846453545,0.1490196078431372,0.3098039215686274,0.7725490196078432,0.0127792358398437,0.2011807909198835,0.4235301674599718,0.2489214917906454,0.1607843137254902,0.3450980392156862,0.8117647058823529,0.0148971557617187,0.1248520394151058,0.1352720997105897,0.3098039215686274,0.9045552680881436,0.0290902933392109,0.265429565527701
ISPY2-885871,0,256.0,80.0,8.0,0.0,2.0,5.0,2.0,0.5859,44.0,68.0,67.0,158.0,93.0,177.0,17.324594983079997,41.0,0.0,1.0,0.0,0.0,0.0,TripleNeg,1.0,0.0,0.0,spy2,1,test,10,8,17,-1,25.0,92.0,85.0,149.9904,2.9082441456501567,10,0.6853927612304688,0.0792495129155177,0.2252655219842531,0.1259253362840798,0.1176470588235294,0.1725490196078431,0.4627450980392157,0.0,0.1245325305415134,0.358455710578303,0.2439166431513658,0.1686274509803921,0.2549019607843137,0.7843137254901961,0.0173599243164062,0.1454274555281096,0.4206017918198849,0.2519036556624629,0.2117647058823529,0.3098039215686274,0.9176470588235294,0.0236083984375,0.1331901885940499,0.1382841819140243,0.3647058823529411,0.9532498144833907,0.0621460812415818,0.0690121786197564
ACRIN-6698-995480,0,256.0,64.0,7.0,0.0,2.0,5.0,2.5,0.6641,25.0,47.0,125.0,191.0,89.0,142.0,29.2975438483,46.0,0.0,0.0,0.0,1.0,1.0,HER2pos,0.0,1.0,0.0,spy2,0,train,10,6,19,2,23.0,67.0,54.0,170.0096,3.4110666481174827,10,0.714422607421875,0.0850489537856158,0.232655320778849,0.1173660242975684,0.1137254901960784,0.2,0.3725490196078431,5.645751953125e-05,0.1719157619102328,0.4661170989159091,0.2598313562312751,0.192156862745098,0.3843137254901961,0.9058823529411764,0.0171676635742187,0.1816557641122855,0.4841182086119621,0.266749144937814,0.196078431372549,0.4,0.9215686274509804,0.0166030883789062,0.23346177813706,0.2069814509023577,0.6,0.973583534591464,0.018001109696053,0.37630105366646
ISPY2-528833,1,256.0,66.0,7.0,0.0,2.0,5.0,2.4,0.4297,15.0,38.0,120.0,207.0,158.0,242.0,8.940369997800001,61.0,1.0,1.0,0.0,1.0,1.0,HER2pos,0.0,1.0,0.0,spy2,0,train,10,9,18,0,24.0,88.0,85.0,110.0032,2.296604243094432,10,0.495941162109375,0.1574613503848805,0.2645913954369058,0.1403313045114123,0.1176470588235294,0.2313725490196078,0.4745098039215686,0.0,0.2625271726122089,0.4109393767799545,0.2525370636678653,0.0941176470588235,0.388235294117647,0.7490196078431373,0.0198822021484375,0.2644566315295649,0.4232924604121481,0.2571556956430733,0.0901960784313725,0.4156862745098039,0.7647058823529411,0.0147018432617187,0.1463479813430488,0.1986654016092784,0.4431372549019607,0.7717593994066719,0.0123530836321935,0.4067203487316098
ACRIN-6698-775346,0,256.0,80.0,8.0,0.0,2.0,6.0,2.0,0.5859,15.0,65.0,61.0,186.0,107.0,225.0,20.67980207202,35.0,0.0,1.0,0.0,1.0,0.0,HRposHER2neg,0.0,0.0,1.0,spy2,0,train,10,33,42,1,51.0,126.0,119.0,149.9904,3.0763810470103983,10,0.6393325805664063,0.1059325992359834,0.2601881238688556,0.1254913493262989,0.1215686274509803,0.2352941176470588,0.4274509803921568,0.0,0.1612151202033547,0.3864550947152056,0.2278663742944955,0.1333333333333333,0.3490196078431372,0.7411764705882353,0.0043411254882812,0.1738871316348805,0.4178330026329113,0.2235779749909635,0.1725490196078431,0.3764705882352941,0.7411764705882353,0.0109954833984375,0.12626697084635,0.1714314652781934,0.4,0.8114542216130001,0.0313779079177055,0.3096836698862362
ISPY2-515565,0,384.0,144.0,6.0,0.0,2.0,5.0,1.2000000477,1.1458333333333,54.0,95.0,174.0,223.0,60.0,109.0,26.43881615510802,59.0,1.0,1.0,0.0,0.0,0.0,TripleNeg,1.0,0.0,0.0,spy2,0,train,10,12,21,4,42.0,50.0,50.0,439.99999999998715,3.311958658891575,10,0.610845947265625,0.13738670797909,0.3006886378824181,0.2098914330826488,0.1137254901960784,0.2235294117647059,0.611764705882353,0.0071746826171875,0.1609159821155024,0.3353793343746319,0.2390174973238676,0.1176470588235294,0.2588235294117647,0.7137254901960784,0.0156326293945312,0.1652853932100184,0.3475123388962542,0.2415579400227616,0.1215686274509803,0.2745098039215686,0.7372549019607844,0.0142501831054687,0.0346906964922137,0.0944617223065044,0.0862745098039215,0.6445325365830706,0.0121330045216223,0.3894273749588293
ISPY2-442637,0,256.0,64.0,7.0,0.0,2.0,6.0,2.5,0.8999999762,16.0,30.0,63.0,113.0,137.0,162.0,4.250474775197104,56.0,0.0,0.0,0.0,0.0,1.0,HER2pos,0.0,1.0,0.0,spy2,1,test,10,3,12,-1,15.0,51.0,26.0,230.3999939072,1.6583185058855587,10,0.6884658813476563,0.072361545936734,0.1939031456083096,0.0659848505486595,0.1176470588235294,0.1843137254901961,0.2823529411764706,0.0,0.1737749286726409,0.4446667794155822,0.2832413245335445,0.1411764705882353,0.3450980392156862,0.9019607843137256,0.0213836669921875,0.1511848060757506,0.3857082778352246,0.2096676752393722,0.1490196078431372,0.3411764705882353,0.6901960784313725,0.0016403198242187,0.2507636338072725,0.2793649449698133,0.7098039215686275,0.851778201178447,-0.0589585015803575,0.5593607194110704
ACRIN-6698-408692,1,256.0,80.0,8.0,0.0,2.0,6.0,2.0,0.6445,20.0,27.0,100.0,163.0,87.0,133.0,2.9550150985,25.0,0.0,1.0,0.0,0.0,0.0,TripleNeg,1.0,0.0,0.0,spy2,0,train,10,1,10,0,8.0,64.0,47.0,164.992,1.374984418785023,10,0.5491943359375,0.1554075353285845,0.3230889255241766,0.1357281295805888,0.1411764705882353,0.3215686274509804,0.5019607843137255,0.0,0.2263052727194393,0.4703672156650366,0.2367385625718134,0.1803921568627451,0.4431372549019607,0.8392156862745098,0.0191390991210937,0.225450636919807,0.4653988069638903,0.2070218858309845,0.2039215686274509,0.4549019607843137,0.7490196078431373,0.0082183837890625,0.14727829014086,0.1646448964250943,0.4,0.8623916869753588,-0.0049684087011463,0.3930239642567019
ISPY2-497010,1,256.0,80.0,9.0,0.0,2.0,6.0,2.0,0.703125,30.0,68.0,73.0,170.0,95.0,174.0,62.43782958984375,31.0,0.0,1.0,0.0,0.0,0.0,TripleNeg,1.0,0.0,0.0,spy2,0,train,10,15,24,1,39.0,98.0,80.0,180.0,4.150060364727536,10,0.5685562133789063,0.1109564687691482,0.2249167753155776,0.0747028876392968,0.1372549019607843,0.2156862745098039,0.3176470588235294,0.0,0.2021167889763327,0.4053042304734138,0.2366499814763774,0.192156862745098,0.3254901960784314,0.8156862745098039,0.0289169311523437,0.2082072897518382,0.4282430581719479,0.2147591814213568,0.2196078431372549,0.3647058823529411,0.7803921568627451,0.010394287109375,0.1803874551578361,0.2276705236605997,0.5882352941176471,0.8976767544588702,0.0229388276985341,0.2884375298407433
ACRIN-6698-805136,0,256.0,64.0,7.0,0.0,2.0,5.0,2.5,0.87053573131561,17.0,63.0,20.0,189.0,49.0,240.0,112.70484337642417,52.0,,0.0,1.0,0.0,1.0,HER2pos,0.0,1.0,0.0,spy2,0,train,10,25,38,2,47.0,170.0,192.0,222.85714721679616,4.73360599770696,10,0.537030029296875,0.1464390354530484,0.287268615275728,0.1401679219784411,0.1254901960784313,0.2666666666666666,0.4745098039215686,1.983642578125e-05,0.2532911891563266,0.4783009991203316,0.2600199588778708,0.1607843137254902,0.4509803921568627,0.8705882352941177,0.0204666137695312,0.2661263679055606,0.492334024298288,0.2531901874641869,0.1764705882352941,0.4705882352941176,0.8705882352941177,0.0207199096679687,0.1910323838446034,0.1864703468098791,0.4509803921568627,0.8776910603403952,0.0140330251779564,0.37003150831213
ISPY2-238790,0,256.0,80.0,7.0,0.0,2.0,5.0,2.0,0.703125,30.0,54.0,68.0,137.0,155.0,227.0,50.05546875,44.0,0.0,0.0,1.0,0.0,0.0,TripleNeg,1.0,0.0,0.0,spy2,0,train,10,9,18,1,25.0,70.0,73.0,180.0,3.9329126642404493,10,0.4327102661132812,0.1736668007046568,0.29507359131603,0.1975343686783636,0.1294117647058823,0.2196078431372549,0.6,0.0078781127929687,0.2181843836167279,0.3682675913990438,0.2270457861173749,0.1568627450980392,0.2901960784313726,0.7254901960784313,0.0201522827148437,0.2357058895335478,0.3967372878964727,0.2296826826271707,0.1686274509803921,0.3215686274509804,0.7607843137254902,0.021148681640625,0.0731940000830136,0.1405872381707469,0.2235294117647059,0.7103467382504122,0.0284696964974289,0.2133202789829441
ISPY2-327142,0,256.0,80.0,7.0,0.0,2.0,5.0,2.0,0.703125,32.0,65.0,42.0,144.0,83.0,189.0,21.2605224609375,59.0,1.0,0.0,1.0,1.0,0.0,HRposHER2neg,0.0,0.0,1.0,spy2,0,train,10,12,21,4,34.0,103.0,107.0,180.0,3.1028148164137193,10,0.5150833129882812,0.1720535338158701,0.3336037135790769,0.1246208534513122,0.2078431372549019,0.3098039215686274,0.4862745098039215,4.57763671875e-06,0.2442262058632046,0.4778375750306416,0.1907404268860577,0.2901960784313726,0.4352941176470588,0.7490196078431373,0.0217910766601562,0.2574279007257199,0.5060361578511737,0.1975908174535783,0.3137254901960784,0.4549019607843137,0.8274509803921568,0.0313003540039062,0.1442338614515647,0.1418055672206396,0.3058823529411765,0.924319136550292,0.028198582820532,0.2741358422882676
ISPY2-132463,1,320.0,150.0,6.0,0.0,2.0,5.0,1.2,0.6836,36.0,93.0,164.0,298.0,97.0,207.0,47.841595936128,64.0,1.0,0.0,0.0,1.0,1.0,HER2pos,0.0,1.0,0.0,spy2,0,train,10,20,29,3,58.0,135.0,111.0,218.752,3.888582325533526,10,0.4252227783203125,0.1781491926604626,0.2903701559097487,0.1599410948681291,0.1215686274509803,0.2509803921568627,0.4862745098039215,9.46044921875e-05,0.3018594659543505,0.478221555103939,0.2645179692938759,0.1607843137254902,0.4392156862745098,0.9019607843137256,0.0363937377929687,0.3110297169404871,0.4903844914571277,0.2668459734576425,0.1607843137254902,0.4549019607843137,0.9137254901960784,0.0381744384765625,0.1878513991941902,0.1919235927700226,0.5019607843137255,0.870236748910233,0.0121629363531887,0.3842590380316762
ISPY2-726940,0,256.0,80.0,8.0,0.0,2.0,6.0,2.0,0.6055,34.0,72.0,36.0,142.0,98.0,201.0,14.762733646500005,51.0,0.0,1.0,0.0,0.0,0.0,TripleNeg,1.0,0.0,0.0,spy2,0,train,10,6,15,2,39.0,107.0,104.0,155.008,2.7576485241153588,10,0.652197265625,0.1095302506989123,0.2851098553980064,0.1630576475692162,0.1215686274509803,0.2196078431372549,0.5490196078431373,0.0,0.1577776321710324,0.408870790700107,0.2408119758006244,0.1607843137254902,0.3294117647058823,0.7568627450980392,0.0169158935546875,0.1851666020412071,0.4786802212110451,0.2673933495055322,0.196078431372549,0.388235294117647,0.9372549019607844,0.0293075561523437,0.1237609353021006,0.1481171279983477,0.3333333333333333,0.8553014881370209,0.069809430510938,0.2384967710234452
ISPY2-262131,0,312.0,136.0,6.0,0.0,2.0,5.0,1.2,0.7031,6.0,129.0,100.0,287.0,78.0,286.0,477.6746044351679,41.0,0.0,1.0,0.0,0.0,0.0,TripleNeg,1.0,0.0,0.0,spy2,0,train,10,66,79,3,124.0,188.0,209.0,219.3672,6.171021043884389,10,0.4934249877929687,0.1418590949563419,0.2655867820803654,0.1043686057706361,0.1333333333333333,0.2627450980392157,0.388235294117647,0.0,0.2680246929093903,0.5019035298771711,0.2576564826034033,0.192156862745098,0.4431372549019607,0.8745098039215686,0.0170562744140625,0.2819533942727482,0.52688003659937,0.2441057577517115,0.2313725490196078,0.4862745098039215,0.8941176470588236,0.025640869140625,0.2363167477968057,0.1806460585506213,0.5019607843137255,0.9486067309459048,0.0249765067221988,0.3357400395796246
ISPY2-792412,0,256.0,80.0,7.0,0.0,2.0,5.0,2.0,0.625,19.0,59.0,99.0,233.0,100.0,171.0,63.8765625,32.0,0.0,1.0,0.0,0.0,0.0,TripleNeg,1.0,0.0,0.0,spy2,0,train,10,27,36,0,41.0,135.0,72.0,160.0,4.172486425974439,10,0.6337722778320313,0.1031612441119025,0.2265687005685442,0.1150156137192271,0.1137254901960784,0.2,0.3568627450980392,1.068115234375e-05,0.1965521958295036,0.4260195427317424,0.2618485659201405,0.1450980392156863,0.3647058823529411,0.8823529411764706,0.024517822265625,0.2074047313017003,0.4501314931562368,0.2736009603347889,0.1529411764705882,0.3803921568627451,0.9294117647058824,0.0249099731445312,0.1994508421631982,0.1980668551272141,0.5176470588235295,0.915016395081892,0.0241119504244944,0.3199228368699768
ISPY2-517870,0,320.0,128.0,6.0,0.0,2.0,5.0,1.2,0.6641,28.0,55.0,169.0,222.0,182.0,227.0,3.467015681172,52.0,1.0,1.0,0.0,0.0,0.0,TripleNeg,1.0,0.0,0.0,spy2,0,train,10,9,18,1,28.0,54.0,46.0,212.512,1.4967205528119956,10,0.5644088745117187,0.1465872910443474,0.3114711332620231,0.1403835934912562,0.1372549019607843,0.2901960784313726,0.5098039215686274,0.0,0.2255059634937959,0.4688536422243987,0.2421492143196427,0.1686274509803921,0.4509803921568627,0.8196078431372549,0.0213775634765625,0.2435632743087469,0.5054524995983561,0.2339810000079697,0.2039215686274509,0.4941176470588235,0.8313725490196079,0.0191680908203125,0.1573825089623755,0.1975257123887464,0.4431372549019607,0.8015196045805324,0.0365988573739575,0.3312759003604594
ACRIN-6698-652480,0,256.0,80.0,7.0,0.0,2.0,5.0,2.0,0.5859,25.0,68.0,0.0,208.0,85.0,189.0,61.02330093846,36.0,0.0,1.0,0.0,0.0,0.0,TripleNeg,1.0,0.0,0.0,spy2,0,train,10,14,23,0,44.0,209.0,105.0,149.9904,4.127510136029912,10,0.6188644409179688,0.1310279576918658,0.3110652460967572,0.134228760006462,0.1333333333333333,0.3098039215686274,0.4901960784313725,0.0001663208007812,0.1955554917279411,0.4697906110851145,0.2401583761749106,0.1843137254901961,0.4313725490196078,0.8274509803921568,0.01904296875,0.2227157353419883,0.5384358266468878,0.2641937061911446,0.2039215686274509,0.5058823529411764,0.9725490196078432,0.0345474243164062,0.1587253649883572,0.1416034328146484,0.3764705882352941,0.91953751486302,0.0686452155617732,0.1619378575632253
ISPY2-199115,0,256.0,80.0,8.0,0.0,2.0,5.0,2.0,0.6641,10.0,25.0,28.0,92.0,62.0,120.0,5.384079712480001,61.0,1.0,1.0,0.0,1.0,0.0,HRposHER2neg,0.0,0.0,1.0,spy2,0,train,10,6,17,2,16.0,65.0,59.0,170.0096,1.8538073463602815,10,0.5389114379882812,0.1051434266333486,0.2057903609787446,0.0950605476754865,0.1176470588235294,0.1764705882352941,0.3411764705882353,0.0,0.1571826889935661,0.3089466320085959,0.2167186316018423,0.1411764705882353,0.2313725490196078,0.596078431372549,0.0184417724609375,0.169349520814185,0.3319173955392885,0.2079461816440611,0.1529411764705882,0.2627450980392157,0.6274509803921569,0.0111495971679687,0.1031562710298512,0.1638267368819932,0.2823529411764706,0.8584580662455035,0.0229707635306926,0.3006926358218142
ISPY2-630758,0,256.0,80.0,10.0,0.0,2.0,5.0,2.0,0.6445,31.0,75.0,13.0,155.0,84.0,211.0,27.2082371355,57.0,1.0,1.0,0.0,0.0,0.0,TripleNeg,1.0,0.0,0.0,spy2,0,train,10,27,36,1,45.0,143.0,128.0,164.992,3.33961403229559,10,0.7185256958007813,0.096719575769761,0.2957777771400102,0.1610043452698557,0.1137254901960784,0.2549019607843137,0.5137254901960784,6.103515625e-06,0.1463229489793964,0.4400131295070897,0.282260087216325,0.1333333333333333,0.3843137254901961,0.9568627450980391,0.0254531860351562,0.1630273676853554,0.4923398276135686,0.2891189613439184,0.1647058823529411,0.4470588235294118,1.0,0.0329940795898437,0.1442353523670794,0.1889513680575877,0.4705882352941176,0.8278716518401665,0.0523266981064789,0.2070722676684718
ACRIN-6698-783764,0,256.0,72.0,7.0,0.0,2.0,6.0,2.2,0.7031,22.0,46.0,63.0,134.0,109.0,191.0,6.508013745727999,54.0,1.0,1.0,0.0,1.0,0.0,HRposHER2neg,0.0,0.0,1.0,spy2,0,train,10,11,20,3,25.0,72.0,83.0,179.9936,2.015970949533455,10,0.5314163208007813,0.1308571729473039,0.2632281508687372,0.0786149053283377,0.1764705882352941,0.2509803921568627,0.3686274509803922,0.0,0.1815110090667126,0.3570455484198622,0.1692111474821062,0.2274509803921568,0.3058823529411765,0.5607843137254902,0.0091644287109375,0.1869401221181832,0.367794894545214,0.1654387874653954,0.2313725490196078,0.3215686274509804,0.5803921568627451,0.0073974609375,0.093817397551125,0.1443616343884017,0.2392156862745098,0.8836436105258701,0.0107493461253517,0.3370499298253612
ISPY2-752372,0,320.0,144.0,6.0,0.0,2.0,5.0,1.2000000477,0.9375,58.0,103.0,135.0,203.0,41.0,111.0,27.36386827521372,59.0,0.0,1.0,0.0,1.0,0.0,HRposHER2neg,0.0,0.0,1.0,spy2,1,test,10,20,29,-1,46.0,69.0,71.0,300.0,3.3451160913474,10,0.5179412841796875,0.1585660807291666,0.2853913059453369,0.169115353075948,0.1215686274509803,0.2392156862745098,0.4980392156862745,0.0033798217773437,0.2250785378848805,0.3736735215480714,0.2200071273310132,0.1411764705882353,0.3333333333333333,0.6470588235294118,0.0202499389648437,0.2243260222790288,0.3779354447256837,0.2296481744142428,0.1372549019607843,0.3333333333333333,0.6941176470588235,0.0248504638671875,0.0882822156027344,0.1402052374566663,0.2745098039215686,0.7562594564481107,0.0042619231776123,0.4752533853292901
ISPY2-549172,0,384.0,80.0,8.0,0.0,2.0,6.0,2.5,0.9375,33.0,53.0,158.0,200.0,265.0,301.0,13.3505859375,45.0,0.0,1.0,0.0,0.0,0.0,TripleNeg,1.0,0.0,0.0,spy2,0,train,10,8,17,2,21.0,43.0,37.0,360.0,2.663790773253565,10,0.7010223388671875,0.1029658777573529,0.289284045233196,0.1688801035105768,0.1176470588235294,0.2431372549019607,0.5294117647058824,0.000762939453125,0.1913133987725949,0.5252936953446058,0.2598713950875292,0.1725490196078431,0.5254901960784314,0.9098039215686274,0.01851806640625,0.1860992192287071,0.5155711320447706,0.2503339475003746,0.1764705882352941,0.5058823529411764,0.8784313725490196,0.0157577514648437,0.2360096501114098,0.2196299103061217,0.5607843137254902,0.8872143228980596,-0.0097225632998353,0.5026743153446498
ISPY2-174903,0,256.0,80.0,8.0,0.0,2.0,5.0,2.0,0.5469,31.0,57.0,5.0,114.0,116.0,184.0,7.132329300060001,56.0,1.0,1.0,0.0,1.0,0.0,HRposHER2neg,0.0,0.0,1.0,spy2,0,train,10,9,19,1,27.0,110.0,69.0,140.0064,2.0958473892969396,10,0.560333251953125,0.1420991067325367,0.2905486167535661,0.1755461520959308,0.1333333333333333,0.2313725490196078,0.5647058823529412,0.0012008666992187,0.1694869396733302,0.3429291725019291,0.2235902329757577,0.1490196078431372,0.2666666666666666,0.6862745098039216,0.0172897338867187,0.2075397147384344,0.4090890321562094,0.2375614228343488,0.192156862745098,0.3294117647058823,0.8117647058823529,0.028955078125,0.052380555748363,0.1091153486235632,0.1803921568627451,0.6597903796765461,0.0661598596542802,0.2826542652877074
ISPY2-808714,0,320.0,136.0,6.0,0.0,2.0,5.0,1.2,0.6641,62.0,103.0,120.0,182.0,196.0,258.0,3.335236272744,69.0,1.0,1.0,0.0,0.0,0.0,TripleNeg,1.0,0.0,0.0,spy2,0,train,10,19,28,4,42.0,63.0,63.0,212.512,1.4667761122637362,10,0.56361083984375,0.1593034033681832,0.3339914485473061,0.1862966402808628,0.1372549019607843,0.2901960784313726,0.5803921568627451,0.004656982421875,0.2581626503140318,0.5245505016183093,0.2161017214785434,0.2470588235294117,0.5137254901960784,0.8235294117647058,0.0159011840820312,0.2564761113185508,0.5268185206332386,0.2206395550739037,0.2509803921568627,0.5098039215686274,0.8431372549019608,0.0211227416992187,0.1905590530710032,0.1658589651196558,0.4352941176470588,0.9261937396850262,0.0022680190149292,0.4154941396962153
ACRIN-6698-928815,0,256.0,80.0,8.0,0.0,2.0,6.0,2.0,0.6445,22.0,79.0,24.0,210.0,59.0,231.0,121.460508142,38.0,0.0,1.0,0.0,0.0,0.0,TripleNeg,1.0,0.0,0.0,spy2,0,train,10,12,45,3,58.0,187.0,173.0,164.992,4.807788595494082,10,0.4881744384765625,0.162435063380821,0.3033671383468571,0.1130521181884678,0.1607843137254902,0.3019607843137254,0.4313725490196078,0.0002944946289062,0.2355665797813265,0.4344221552318271,0.2038773385506322,0.2313725490196078,0.3803921568627451,0.7450980392156863,0.017523193359375,0.2476620244044883,0.4575126103865509,0.1987622464070021,0.2549019607843137,0.4117647058823529,0.7450980392156863,0.0185882568359375,0.13105501688497,0.1499471239749258,0.3490196078431372,0.8470470739051367,0.0230904551547238,0.366091285812241
ISPY2-241705,0,256.0,66.0,7.0,0.0,2.0,6.0,2.4,0.6445,29.0,44.0,7.0,74.0,163.0,217.0,3.708514872,49.0,0.0,0.0,1.0,1.0,0.0,HRposHER2neg,0.0,0.0,1.0,spy2,0,train,10,4,17,2,16.0,68.0,55.0,164.992,1.549372544506053,10,0.4404190063476563,0.1881417607326133,0.3243472932288093,0.0941306182194492,0.2039215686274509,0.3254901960784314,0.4313725490196078,0.0,0.2336454623353247,0.3940177544047966,0.1611295805191748,0.2470588235294117,0.3607843137254902,0.5764705882352941,0.0143112182617187,0.2599999461454504,0.438623591187696,0.1787492963731047,0.2705882352941176,0.392156862745098,0.6862745098039216,0.0156341552734375,0.0696704611759872,0.1384756820669169,0.192156862745098,0.7101331508179108,0.0446058367828994,0.2187458245506875
ACRIN-6698-148357,0,256.0,72.0,7.0,0.0,2.0,6.0,2.2,0.7031,26.0,64.0,71.0,212.0,71.0,186.0,93.918120826552,55.0,1.0,0.0,1.0,1.0,0.0,HRposHER2neg,0.0,0.0,1.0,spy2,0,train,10,13,22,1,39.0,142.0,116.0,179.9936,4.553014633926922,10,0.6397872924804687,0.1128737386067708,0.2838702443179,0.1120719879420764,0.1372549019607843,0.2745098039215686,0.4392156862745098,0.0,0.2182618025237438,0.5336369335020775,0.2551194772467728,0.2313725490196078,0.4823529411764706,0.9333333333333332,0.020562744140625,0.2177301324582567,0.531922695582772,0.2379214046584029,0.2392156862745098,0.5098039215686274,0.8745098039215686,0.01077880859375,0.2497666891841775,0.2016352960694203,0.5333333333333333,0.9347733078040742,-0.0017142379193055,0.4647031164617125
ACRIN-6698-680881,0,312.0,80.0,7.0,0.0,2.0,5.0,2.0,0.5859,17.0,79.0,34.0,223.0,77.0,207.0,75.81930420708,33.0,0.0,1.0,0.0,1.0,0.0,HRposHER2neg,0.0,0.0,1.0,spy2,1,test,10,40,49,-1,63.0,190.0,131.0,182.80079999999998,4.341455965431804,10,0.5754150390625,0.1275369920917585,0.2756768206678911,0.1300776291698383,0.1254901960784313,0.2470588235294117,0.4705882352941176,0.0,0.2063001685049019,0.4466011549809965,0.2496707121430734,0.1764705882352941,0.3764705882352941,0.8470588235294118,0.020562744140625,0.2286870500153186,0.4968514534788673,0.2645062274053658,0.2039215686274509,0.4235294117647059,0.9529411764705882,0.0350982666015625,0.1709243343131053,0.1722571065964878,0.4549019607843137,0.9089004370076476,0.0502502984978707,0.227603358058766
ACRIN-6698-591810,1,256.0,160.0,7.0,0.0,2.0,6.0,1.0,0.6640625,42.0,76.0,47.0,91.0,22.0,78.0,5.003347778320313,35.0,0.0,0.0,0.0,1.0,0.0,HRposHER2neg,0.0,0.0,1.0,spy2,0,train,10,12,24,2,35.0,45.0,57.0,170.0,1.792317276677934,10,0.55096435546875,0.1360524196250765,0.2838034604898096,0.0979745547555029,0.1647058823529411,0.2745098039215686,0.4196078431372549,0.0,0.2642269837622549,0.5421599810238082,0.2766385702465879,0.1843137254901961,0.5176470588235295,0.9254901960784314,0.0195510864257812,0.2621166214288449,0.5293290370382215,0.2130740583010514,0.2392156862745098,0.5411764705882353,0.7843137254901961,0.0073135375976562,0.2583565205339985,0.2597498912398955,0.6352941176470588,0.8380216120701373,-0.0128309439855866,0.535007475873318
ISPY2-790070,0,256.0,80.0,9.0,0.0,2.0,6.0,2.0,0.6641,13.0,66.0,71.0,212.0,57.0,166.0,35.28142274238,44.0,0.0,1.0,0.0,1.0,1.0,HER2pos,0.0,1.0,0.0,spy2,0,train,10,36,45,0,54.0,142.0,110.0,170.0096,3.59130584008938,10,0.62415771484375,0.1073316805970435,0.2433074360017806,0.1136003451517945,0.1137254901960784,0.2196078431372549,0.403921568627451,0.0,0.2099091054878982,0.4849841489098156,0.2921980093918783,0.1411764705882353,0.4313725490196078,1.0,0.0393753051757812,0.2019859104530484,0.4626798531943226,0.2611762720639097,0.1490196078431372,0.4313725490196078,0.8862745098039215,0.0208847045898437,0.241676712908035,0.224436283966785,0.5882352941176471,0.9088432557082076,-0.0223042957154929,0.4849987008347137
ISPY2-128675,1,256.0,72.0,7.0,0.0,2.0,6.0,2.2,0.7031,28.0,62.0,60.0,162.0,40.0,168.0,124.77136981595,47.0,0.0,1.0,0.0,1.0,0.0,HRposHER2neg,0.0,0.0,1.0,spy2,0,train,10,12,24,4,35.0,103.0,129.0,179.9936,4.8344657334361045,10,0.4693511962890625,0.1421879607555913,0.2557926318045952,0.0937843242191644,0.1450980392156863,0.2352941176470588,0.388235294117647,0.0,0.260732972388174,0.4612681639772878,0.2408665406987456,0.2078431372549019,0.396078431372549,0.8666666666666667,0.0201446533203125,0.2722181671740962,0.4807747670763065,0.2360523086738925,0.2156862745098039,0.4352941176470588,0.8509803921568627,0.0122909545898437,0.2054755321726926,0.1862661977292384,0.5176470588235295,0.9618249052523824,0.0195066030990186,0.3310214339527153
ISPY2-889225,0,384.0,160.0,6.0,0.0,2.0,5.0,1.0,0.78125,56.0,99.0,93.0,168.0,249.0,312.0,4.671630859375,46.0,0.0,1.0,0.0,1.0,0.0,HRposHER2neg,0.0,0.0,1.0,spy2,0,train,10,17,29,3,44.0,76.0,64.0,300.0,1.735476705901621,10,0.6907974243164062,0.1071443565219056,0.2919158758998544,0.1708142389197346,0.1215686274509803,0.2431372549019607,0.5294117647058824,0.0013076782226562,0.1914188519646139,0.5278697198311417,0.2639435917330211,0.1490196078431372,0.5450980392156862,0.8980392156862745,0.0169662475585937,0.1858517097024356,0.4876115344306387,0.2674056123692064,0.1058823529411764,0.5019607843137255,0.8470588235294118,0.0141525268554687,0.2359538439312874,0.2329376876198593,0.5647058823529412,0.8246191503116379,-0.0402581854005031,0.590256564629711
ISPY2-411008,0,384.0,160.0,7.0,0.0,2.0,5.0,1.25,0.8333333135,55.0,119.0,127.0,210.0,288.0,343.0,18.71874910898751,49.0,0.0,1.0,0.0,0.0,0.0,TripleNeg,1.0,0.0,0.0,spy2,0,train,10,30,39,2,65.0,84.0,56.0,319.999992384,2.981569914555432,10,0.5340301513671875,0.1472081502278645,0.285254096530189,0.1849004810585938,0.1294117647058823,0.2313725490196078,0.5098039215686274,0.0098068237304687,0.2128249463848039,0.4051621911461963,0.2215666772559153,0.2039215686274509,0.3372549019607843,0.7450980392156863,0.027386474609375,0.2242734482709099,0.4271928881711242,0.2252193703000127,0.2196078431372549,0.3568627450980392,0.8117647058823529,0.0324127197265625,0.1199080946160072,0.1392466428470739,0.3176470588235294,0.8764809514765307,0.0220306970249278,0.3026806122248492
ISPY2-723918,1,256.0,160.0,7.0,0.0,2.0,6.0,1.0,0.597014904,58.0,106.0,52.0,119.0,49.0,124.0,7.200177697877809,35.0,0.0,1.0,0.0,1.0,1.0,HER2pos,0.0,1.0,0.0,spy2,0,train,10,22,31,3,49.0,68.0,76.0,152.835815424,2.1041558245083096,10,0.5586761474609375,0.1232715561810661,0.2504587971981473,0.1200762506669267,0.1215686274509803,0.2235294117647059,0.4313725490196078,0.0,0.2543010517195159,0.4399512261461049,0.2263930553242586,0.1764705882352941,0.4078431372549019,0.7568627450980392,0.02142333984375,0.2509356390261182,0.4487410279470711,0.22579705329427,0.1803921568627451,0.4235294117647059,0.7647058823529411,0.020745849609375,0.1894924289479575,0.2046156724237518,0.5058823529411764,0.8694688582630884,0.0087898018009662,0.3795716844267113
ISPY2-742477,0,256.0,80.0,8.0,0.0,2.0,6.0,2.0,0.6445,49.0,71.0,86.0,159.0,130.0,191.0,5.451450400999999,44.0,0.0,1.0,0.0,1.0,1.0,HER2pos,0.0,1.0,0.0,spy2,0,train,10,7,18,2,23.0,74.0,62.0,164.992,1.8643049739006712,10,0.7218048095703125,0.08528954001034,0.2504448271701093,0.1020566519842446,0.1176470588235294,0.2549019607843137,0.3843137254901961,0.0,0.1388488949046415,0.4054924072548095,0.252931056019715,0.1372549019607843,0.3529411764705882,0.8666666666666667,0.01932373046875,0.1424993417777267,0.414389875565404,0.2280086041465374,0.1490196078431372,0.3843137254901961,0.7843137254901961,0.0063507080078125,0.1550475800847001,0.1951527057247812,0.5176470588235295,0.855318728814489,0.0088974683105945,0.3623449138318761
ISPY2-579881,0,256.0,80.0,6.0,0.0,2.0,5.0,2.0,0.5078,10.0,33.0,51.0,208.0,79.0,207.0,25.932548957120005,32.0,0.0,1.0,0.0,1.0,0.0,HRposHER2neg,0.0,0.0,1.0,spy2,0,train,10,7,16,1,24.0,158.0,129.0,129.9968,3.293335553555653,10,0.5537338256835938,0.1833241601083793,0.4009306023881523,0.1635991065278781,0.1529411764705882,0.4196078431372549,0.6039215686274509,0.0,0.264032179888557,0.576360958894696,0.2614283649977562,0.2078431372549019,0.5882352941176471,0.9294117647058824,0.0255996704101562,0.265773806104473,0.5789154190731051,0.2406661751599383,0.2352941176470588,0.6,0.8980392156862745,0.0235443115234375,0.1754303565065436,0.1454661950639846,0.3725490196078431,0.9032602191715248,0.0025544601784091,0.4028174311456071
ACRIN-6698-162562,1,256.0,80.0,8.0,0.0,2.0,6.0,2.0,0.6641,37.0,55.0,74.0,124.0,51.0,113.0,6.62601684144,61.0,1.0,1.0,0.0,0.0,1.0,HER2pos,0.0,1.0,0.0,spy2,1,test,10,7,16,-1,19.0,51.0,63.0,170.0096,2.0315656698567466,10,0.69384765625,0.0912709613874846,0.2317236998467648,0.1005396677380558,0.1098039215686274,0.2235294117647059,0.3607843137254902,0.0,0.17146011651731,0.4565283055008287,0.2931974744789156,0.1411764705882353,0.3647058823529411,0.9607843137254902,0.0252975463867187,0.1665060843673406,0.4374909505269412,0.2499728952659695,0.1529411764705882,0.392156862745098,0.8274509803921568,0.0065093994140625,0.2248046056540638,0.229719830923062,0.615686274509804,0.9237789074960128,-0.0190373549738874,0.4654555422647528
ISPY2-120422,1,384.0,160.0,7.0,0.0,2.0,5.0,1.0,0.9114583135,44.0,81.0,132.0,181.0,64.0,106.0,8.14556510231923,57.0,1.0,1.0,0.0,1.0,0.0,HRposHER2neg,0.0,0.0,1.0,spy2,0,train,10,15,24,0,38.0,50.0,43.0,349.999992384,2.213269073516979,10,0.5195114135742187,0.1401658839805453,0.2638324017065741,0.1488677169073343,0.1215686274509803,0.2235294117647059,0.4588235294117647,0.0012161254882812,0.2323341938093596,0.4161668112224613,0.2022856664673845,0.2078431372549019,0.3725490196078431,0.6862745098039216,0.0180206298828125,0.2394381893382353,0.4328156162351569,0.208928597645929,0.2235294117647059,0.388235294117647,0.7215686274509804,0.0254409790039062,0.1523344095158872,0.1781356809042057,0.4156862745098039,0.8639410847494228,0.0166488050126955,0.3691730206768648
ISPY2-203254,0,256.0,134.0,6.0,0.0,2.0,5.0,1.2,0.6641,61.0,119.0,99.0,189.0,69.0,149.0,37.27663707882,25.0,0.0,0.0,0.0,0.0,0.0,TripleNeg,1.0,0.0,0.0,spy2,0,train,10,17,26,2,59.0,91.0,81.0,170.0096,3.644839712120125,10,0.618896484375,0.1179285864736519,0.272609171471279,0.1174685836750893,0.1254901960784313,0.2627450980392157,0.4274509803921568,0.0,0.2319697241689644,0.4901904102448154,0.2319136357777006,0.2078431372549019,0.4627450980392157,0.8392156862745098,0.013128662109375,0.2489423744351256,0.540680669128638,0.2537957201451644,0.2117647058823529,0.5254901960784314,0.9215686274509804,0.0227493286132812,0.2175812387735363,0.2110488195641018,0.5450980392156862,0.8818105381165919,0.0504902588838225,0.3231101857783472
ISPY2-423619,1,256.0,80.0,7.0,0.0,2.0,5.0,2.0,0.5664,29.0,57.0,40.0,162.0,71.0,133.0,15.65740210176,53.0,0.0,1.0,0.0,0.0,0.0,TripleNeg,1.0,0.0,0.0,spy2,0,train,10,11,20,3,29.0,123.0,63.0,144.9984,2.812854688310465,10,0.5491989135742188,0.1360106105430453,0.2814182672700135,0.1595857099273939,0.1372549019607843,0.2156862745098039,0.5647058823529412,4.57763671875e-06,0.1775876093845741,0.3695384577196943,0.2283226525132084,0.1803921568627451,0.2745098039215686,0.7137254901960784,0.0220169067382812,0.1999657305549172,0.4192592734179683,0.2427995520288564,0.2078431372549019,0.3176470588235294,0.8313725490196079,0.0306198120117187,0.0881201904496808,0.1123532881468987,0.2078431372549019,0.8562197693586111,0.049720815698274,0.1825736112944553
ISPY2-349330,1,256.0,80.0,8.0,0.0,2.0,5.0,2.0,0.625,38.0,64.0,117.0,182.0,118.0,179.0,8.8984375,50.0,1.0,1.0,0.0,0.0,0.0,TripleNeg,1.0,0.0,0.0,spy2,0,train,10,9,18,1,27.0,66.0,62.0,160.0,2.2923769164015217,10,0.6574752807617188,0.0951063388001685,0.2164841028737212,0.1045097605523658,0.1098039215686274,0.1803921568627451,0.3764705882352941,0.0,0.153957202387791,0.3454485009032324,0.2579403795311213,0.0784313725490196,0.2862745098039215,0.7607843137254902,0.0111007690429687,0.1634460808249081,0.3594831978506553,0.2629618206740158,0.0941176470588235,0.2901960784313726,0.803921568627451,0.0144989013671875,0.1289643980295112,0.2045831054525513,0.4666666666666667,0.7012477893058087,0.0140346969474229,0.3916214133296507
ACRIN-6698-524170,0,256.0,80.0,8.0,0.0,2.0,6.0,2.0,0.6445,6.0,43.0,81.0,227.0,81.0,163.0,25.4254251025,38.0,0.0,1.0,0.0,1.0,0.0,HRposHER2neg,0.0,0.0,1.0,spy2,1,test,10,9,18,-1,38.0,147.0,83.0,164.992,3.274326618760301,10,0.5502212524414063,0.1524356857000612,0.3156246838230555,0.1325053800693322,0.1372549019607843,0.3176470588235294,0.4823529411764706,3.35693359375e-05,0.2169951315487132,0.4488962867780514,0.2239707510430315,0.1725490196078431,0.4274509803921568,0.7568627450980392,0.0114761352539062,0.2127931482651654,0.4368365389559597,0.2142525375845582,0.2,0.396078431372549,0.7529411764705882,0.0149505615234375,0.1332716029549959,0.1376057101359814,0.3372549019607843,0.873822374960562,-0.0120597478220917,0.42826707195853
ACRIN-6698-240957,0,256.0,80.0,8.0,0.0,2.0,6.0,2.0,0.6641,24.0,55.0,111.0,223.0,96.0,192.0,54.50322239742001,46.0,0.0,1.0,0.0,1.0,0.0,HRposHER2neg,0.0,0.0,1.0,spy2,0,train,10,13,22,0,32.0,113.0,97.0,170.0096,4.016441080281677,10,0.5137298583984375,0.1533553299249387,0.2940316187099537,0.1462781321303546,0.1215686274509803,0.2745098039215686,0.4862745098039215,0.0,0.260433152142693,0.4946800615426946,0.274392658522456,0.1686274509803921,0.4470588235294118,0.9176470588235294,0.027197265625,0.2375539802102481,0.4461276844788787,0.2487267247599042,0.1568627450980392,0.403921568627451,0.8235294117647058,0.011602783203125,0.2006484428327409,0.192470503149592,0.4901960784313725,0.9046478935114,-0.0485523770638159,0.5410126709384276
ACRIN-6698-584561,1,256.0,160.0,7.0,0.0,2.0,6.0,1.0,0.66666668653488,59.0,122.0,109.0,183.0,93.0,174.0,25.2168903919325,39.0,0.0,1.0,0.0,0.0,1.0,HER2pos,0.0,1.0,0.0,spy2,0,train,10,17,26,3,64.0,75.0,82.0,170.6666717529293,3.2664038745034842,10,0.3984756469726562,0.142155013738894,0.2336037590714532,0.0742613115706767,0.1490196078431372,0.2156862745098039,0.3372549019607843,0.0,0.2423909445369944,0.3956835040498703,0.2725317578683284,0.1764705882352941,0.2549019607843137,0.9176470588235294,0.0347869873046875,0.2337650732900582,0.3790565066887706,0.2162625759036641,0.1803921568627451,0.2823529411764706,0.7450980392156863,0.0020828247070312,0.162079744978417,0.2323066528793682,0.611764705882353,0.8666286163641668,-0.0166269973610996,0.4208388823357812
ACRIN-6698-421917,0,256.0,72.0,7.0,0.0,2.0,6.0,2.2,0.7031,9.0,53.0,101.0,182.0,120.0,210.0,14.142749122568,41.0,0.0,1.0,0.0,0.0,0.0,TripleNeg,1.0,0.0,0.0,spy2,0,train,10,11,20,2,45.0,82.0,91.0,179.9936,2.71752181161599,10,0.6576004028320312,0.1344482601390165,0.3474197504488103,0.162576000152357,0.1294117647058823,0.3372549019607843,0.5803921568627451,0.0,0.2266440836588541,0.5572952107824569,0.2552239397870914,0.1843137254901961,0.5686274509803921,0.9215686274509804,0.02186279296875,0.2371905038871017,0.5905091206027187,0.2609723743095747,0.192156862745098,0.611764705882353,0.9450980392156862,0.0208740234375,0.2098754603336466,0.2030852772268688,0.4862745098039215,0.880255798926001,0.0332139098202618,0.3663985382918514
ISPY2-115638,0,384.0,176.0,7.0,0.0,2.0,5.0,1.1000000238,0.83333331346512,44.0,131.0,122.0,214.0,257.0,338.0,25.50854100223678,34.0,0.0,1.0,0.0,0.0,0.0,TripleNeg,1.0,0.0,0.0,spy2,0,train,10,30,39,0,88.0,93.0,82.0,319.99999237060604,3.2774669830352527,10,0.4849136352539063,0.1770822203393076,0.3131454571952223,0.165013945957536,0.1372549019607843,0.2784313725490196,0.5333333333333333,0.003265380859375,0.2637932571710324,0.4621795981009899,0.200876829418455,0.2549019607843137,0.4117647058823529,0.7607843137254902,0.0167678833007812,0.2734961296530331,0.4807429775596618,0.2198225230611221,0.2588235294117647,0.4235294117647059,0.8509803921568627,0.0299407958984375,0.1490341409057676,0.1405475623487108,0.3686274509803922,0.9079293888324392,0.0185633794586718,0.3919221961862386
ISPY2-154293,0,256.0,80.0,8.0,0.0,2.0,5.0,2.0,0.5078,21.0,64.0,83.0,198.0,66.0,155.0,26.064573707200005,52.0,0.0,1.0,0.0,1.0,1.0,HER2pos,0.0,1.0,0.0,spy2,0,train,10,14,31,3,44.0,116.0,90.0,129.9968,3.2982256294210366,10,0.4381561279296875,0.1567473288143382,0.257493331544073,0.1312977681589555,0.1254901960784313,0.2078431372549019,0.4666666666666667,0.0,0.2260564527324601,0.3664832248860544,0.2342782031536047,0.1411764705882353,0.2745098039215686,0.6823529411764706,0.0173721313476562,0.2417830164292279,0.3950535366912849,0.2480542755169134,0.1450980392156863,0.3019607843137254,0.7450980392156863,0.0173873901367187,0.1089898933419814,0.1611324122930663,0.3372549019607843,0.7624480595312457,0.0285703118052304,0.3514814915401537
ISPY2-746731,1,256.0,80.0,8.0,0.0,2.0,6.0,2.0,0.703125,19.0,43.0,94.0,159.0,110.0,161.0,16.47388916015625,46.0,0.0,0.0,1.0,0.0,0.0,TripleNeg,1.0,0.0,0.0,spy2,1,test,10,10,19,-1,25.0,66.0,52.0,180.0,2.86070771872635,10,0.5807815551757812,0.150604756673177,0.32984503153046,0.1314446697688042,0.1803921568627451,0.3098039215686274,0.5058823529411764,4.57763671875e-06,0.2636440561331954,0.5803773834831761,0.2170637772763444,0.3294117647058823,0.5450980392156862,0.9372549019607844,0.0320846557617187,0.2562881768918505,0.5646943919466096,0.1932762541180153,0.3450980392156862,0.5333333333333333,0.8588235294117647,0.0170745849609375,0.250532351952716,0.2348265870256637,0.6392156862745098,0.9301191312482028,-0.0156829915365663,0.4291345604373605
ISPY2-282082,1,256.0,160.0,7.0,0.0,2.0,5.0,1.1000000238,1.25,28.0,119.0,74.0,143.0,20.0,90.0,17.603437880874374,,0.0,,,0.0,0.0,TripleNeg,1.0,0.0,0.0,spy2,0,train,10,45,54,3,92.0,70.0,71.0,320.0,2.9233463959448436,10,0.6241256713867187,0.1428987869561887,0.3307359565797391,0.1937619363351554,0.1254901960784313,0.2862745098039215,0.6,0.0037384033203125,0.2016969389073989,0.4562476284493897,0.2414232826172334,0.1803921568627451,0.403921568627451,0.8313725490196079,0.0189361572265625,0.2105621098537071,0.4781432403434757,0.2547161356243879,0.188235294117647,0.4235294117647059,0.9137254901960784,0.0287567138671875,0.1255116718696507,0.1673383572037272,0.3607843137254902,0.8075085351942289,0.0218956118940859,0.3986514190140988
ISPY2-433144,1,256.0,134.0,6.0,0.0,2.0,5.0,1.2,0.7813,74.0,120.0,8.0,211.0,73.0,195.0,29.9232634038,59.0,1.0,1.0,0.0,0.0,0.0,TripleNeg,1.0,0.0,0.0,spy2,0,train,10,30,39,0,47.0,204.0,123.0,200.0128,3.4315087616104454,10,0.6159744262695312,0.1003986612955729,0.2369208654952991,0.1776435420261845,0.1137254901960784,0.1647058823529411,0.4666666666666667,0.0040679931640625,0.1553738582835478,0.3587175960281798,0.2108793548474301,0.1843137254901961,0.2784313725490196,0.6901960784313725,0.0116134643554687,0.1710357486500459,0.3956790523103052,0.2191193710662838,0.2039215686274509,0.3137254901960784,0.7607843137254902,0.0139541625976562,0.1217967305328806,0.1064500624629774,0.2313725490196078,0.943554186947452,0.0369614562821254,0.2288745405781265
ISPY2-883886,0,384.0,144.0,7.0,0.0,2.0,6.0,1.2000000477,0.9375,46.0,81.0,81.0,151.0,271.0,324.0,13.938750554065312,57.0,1.0,1.0,0.0,0.0,0.0,TripleNeg,1.0,0.0,0.0,spy2,0,train,10,12,21,2,36.0,71.0,54.0,360.0,2.7039585452880877,10,0.562628173828125,0.1427021699793198,0.2925466855688255,0.1981348634072623,0.1176470588235294,0.2156862745098039,0.6078431372549019,0.0017059326171875,0.1936476883233762,0.386095379834067,0.2322597244221446,0.1411764705882353,0.3333333333333333,0.7254901960784313,0.01531982421875,0.2054726394952512,0.4131518446980238,0.251454141798252,0.1568627450980392,0.3490196078431372,0.8627450980392157,0.0322341918945312,0.0935486942652415,0.144430106503634,0.3450980392156862,0.7344611283997823,0.0270564648639567,0.3585941751908343
ACRIN-6698-928170,0,256.0,72.0,7.0,0.0,2.0,5.0,2.2,0.7031,5.0,54.0,103.0,198.0,46.0,154.0,17.018281934016,67.0,1.0,1.0,0.0,1.0,0.0,HRposHER2neg,0.0,0.0,1.0,spy2,0,train,10,13,23,0,50.0,96.0,109.0,179.9936,2.891386905460365,10,0.4249740600585937,0.1555467493393842,0.2567047632694616,0.1008629605726662,0.1411764705882353,0.2352941176470588,0.403921568627451,0.0,0.2666270237342984,0.4381918195871764,0.2543337603916131,0.188235294117647,0.3490196078431372,0.8666666666666667,0.0318344116210937,0.2620839855717677,0.4281173626571916,0.2354650137244507,0.188235294117647,0.3568627450980392,0.8,0.0152694702148437,0.1814870563177148,0.2030851937927782,0.5176470588235295,0.8898657021777954,-0.0100744569299848,0.4562251724165382
ACRIN-6698-520471,1,384.0,160.0,7.0,0.0,2.0,5.0,1.0,0.88541668653488,68.0,101.0,123.0,175.0,259.0,331.0,6.969428481182269,35.0,0.0,1.0,0.0,1.0,0.0,HRposHER2neg,0.0,0.0,1.0,spy2,0,train,10,17,26,1,34.0,53.0,73.0,340.00000762939396,2.075612781470861,10,0.618853759765625,0.1260410742666207,0.2912879533609206,0.1770974784845557,0.1215686274509803,0.2352941176470588,0.5372549019607843,0.002099609375,0.1898991423962163,0.4462610960761392,0.274804353599886,0.1176470588235294,0.4235294117647059,0.8705882352941177,0.0203857421875,0.1838104188208486,0.4290136859586341,0.254268144773561,0.1215686274509803,0.403921568627451,0.8,0.0127471923828125,0.1549731427152186,0.2183566196551013,0.5137254901960784,0.7336581421045046,-0.0172474101175051,0.4706711291174916
ISPY2-172283,0,256.0,64.0,9.0,0.0,2.0,6.0,2.5000000002,0.9375,25.0,57.0,81.0,138.0,73.0,133.0,24.528076173837245,48.0,0.0,0.0,1.0,0.0,0.0,TripleNeg,1.0,0.0,0.0,spy2,0,train,10,17,26,0,33.0,58.0,61.0,240.0,3.239778872904319,10,0.6377456665039063,0.105060364966299,0.2401499468481238,0.1457915074878878,0.1137254901960784,0.1843137254901961,0.4588235294117647,0.00015869140625,0.185014056037454,0.3937928883111876,0.2479849664312995,0.1176470588235294,0.3450980392156862,0.7568627450980392,0.0142288208007812,0.1852331722483915,0.3906334096397871,0.2391015533893768,0.1176470588235294,0.3568627450980392,0.7333333333333333,0.0177474975585937,0.1536429414630637,0.2220986842578203,0.4901960784313725,0.7227166848492251,-0.0031594786714004,0.4154216177282051
ISPY2-720065,0,256.0,80.0,9.0,0.0,2.0,5.0,2.0,0.625,27.0,58.0,90.0,189.0,139.0,211.0,7.4109375,55.0,1.0,1.0,0.0,1.0,1.0,HER2pos,0.0,1.0,0.0,spy2,1,test,10,16,25,-1,32.0,100.0,73.0,160.0,2.1295329422072395,10,0.68980712890625,0.0957201849245557,0.2457232123497543,0.129359666847062,0.1137254901960784,0.2117647058823529,0.4313725490196078,0.0,0.1689094812729779,0.4202031542615865,0.2859850138763346,0.1215686274509803,0.3333333333333333,0.9215686274509804,0.02039794921875,0.1714945894129136,0.416186308847257,0.2577047607417005,0.1333333333333333,0.3568627450980392,0.8274509803921568,0.0093826293945312,0.1744799419118322,0.2236113579044933,0.5411764705882353,0.8058222816890324,-0.0040168454143295,0.4465241430876392
ISPY2-478655,1,256.0,134.0,6.0,0.0,2.0,5.0,1.2,0.7031,38.0,68.0,87.0,156.0,134.0,199.0,7.689904793315998,52.0,1.0,1.0,0.0,0.0,0.0,TripleNeg,1.0,0.0,0.0,spy2,0,train,10,13,26,3,31.0,70.0,66.0,179.9936,2.162161983327296,10,0.7346084594726563,0.0869231639188878,0.2354247336357139,0.181949292194687,0.1058823529411764,0.1529411764705882,0.4666666666666667,0.0007949829101562,0.1271267640356924,0.3175387194785461,0.2856826736182566,0.0549019607843137,0.2039215686274509,0.807843137254902,0.0181808471679687,0.1433016309551164,0.333181455325465,0.2965309767562198,0.0549019607843137,0.2117647058823529,0.8431372549019608,0.0205215454101562,0.0821139858428322,0.1993900780695099,0.3607843137254902,0.5749711085685374,0.0156427358469188,0.4337049451781494
ISPY2-451482,0,384.0,200.0,8.0,0.0,2.0,6.0,1.0,0.9375,67.0,119.0,101.0,177.0,259.0,333.0,16.68515625,47.0,0.0,0.0,1.0,1.0,0.0,HRposHER2neg,0.0,0.0,1.0,spy2,0,train,10,25,34,4,53.0,77.0,75.0,360.0,2.872725657789463,10,0.644586181640625,0.1088936899222579,0.2821865484357264,0.1496717797346364,0.1333333333333333,0.2392156862745098,0.5098039215686274,0.0001724243164062,0.1867866426355698,0.4739485167424803,0.2443058061630567,0.192156862745098,0.4352941176470588,0.8313725490196079,0.0204360961914062,0.1850031953699448,0.4720764090012024,0.2286542178575984,0.2117647058823529,0.4352941176470588,0.8156862745098039,0.0212020874023437,0.1917619683067539,0.2004954240083237,0.5058823529411764,0.8769298140165891,-0.0018721077412778,0.4073732204495887
ISPY2-586091,1,256.0,134.0,6.0,0.0,2.0,5.0,1.2,0.7031,84.0,112.0,83.0,122.0,137.0,168.0,4.475841368939999,44.0,0.0,1.0,0.0,1.0,0.0,HRposHER2neg,0.0,0.0,1.0,spy2,0,train,10,10,19,3,29.0,40.0,32.0,179.9936,1.700345938588056,10,0.6877639770507813,0.1009903372970281,0.2738314199044325,0.1422903057501921,0.1215686274509803,0.2313725490196078,0.4823529411764706,1.52587890625e-06,0.1919805010627298,0.4920275696276449,0.2442463257679982,0.196078431372549,0.4705882352941176,0.8588235294117647,0.01588134765625,0.1894575051700368,0.4956517631267297,0.2454680092826205,0.1843137254901961,0.4823529411764706,0.8470588235294118,0.01270751953125,0.2181961497232123,0.2105304004980228,0.5372549019607843,0.8933474077223436,0.0036241934990849,0.4398686390359043
ACRIN-6698-234723,0,256.0,160.0,7.0,0.0,2.0,6.0,1.0,0.6640625,33.0,124.0,62.0,155.0,60.0,143.0,64.71763763427734,37.0,0.0,1.0,0.0,0.0,0.0,TripleNeg,1.0,0.0,0.0,spy2,0,train,10,49,68,3,92.0,94.0,84.0,170.0,4.1853673466051236,10,0.52547607421875,0.1360225303500306,0.2707415626451748,0.1045933677404016,0.1450980392156863,0.2509803921568627,0.4156862745098039,0.0,0.2443691896924785,0.4753756576846775,0.2475062940396663,0.2078431372549019,0.4117647058823529,0.8666666666666667,0.019903564453125,0.2430508183498008,0.4738484118469244,0.2315967117954816,0.2156862745098039,0.4274509803921568,0.8235294117647058,0.0130172729492187,0.2046340950395027,0.1892931810282954,0.4941176470588235,0.9346075682350218,-0.0015272458377532,0.4032361793532786
ISPY2-602451,0,384.0,176.0,6.0,0.0,2.0,4.0,1.1000000238,0.9114583135,81.0,113.0,124.0,163.0,235.0,268.0,3.3592460744909496,47.0,0.0,1.0,0.0,1.0,0.0,HRposHER2neg,0.0,0.0,1.0,spy2,1,test,10,10,24,-1,33.0,40.0,34.0,349.999992384,1.4722991237140453,10,0.64315185546875,0.1202109243355545,0.2987021617390499,0.1588783386485703,0.1647058823529411,0.2509803921568627,0.5019607843137255,0.0027801513671875,0.1643328318876379,0.4102906968554876,0.2106425382984892,0.2156862745098039,0.3411764705882353,0.7333333333333333,0.0130264282226562,0.16892723532284,0.4110832976162448,0.2035938042712363,0.2196078431372549,0.3490196078431372,0.6980392156862745,0.0153076171875,0.1115885351164377,0.1737351477008096,0.3725490196078431,0.8028982656586734,0.0007926007607572,0.4645605993226833
ISPY2-883696,0,256.0,72.0,8.0,0.0,2.0,6.0,2.2,0.7031,35.0,63.0,40.0,205.0,74.0,180.0,25.24791763153,27.0,0.0,1.0,0.0,1.0,0.0,HRposHER2neg,0.0,0.0,1.0,spy2,0,train,10,15,24,0,29.0,166.0,107.0,179.9936,3.2675866575683084,10,0.612591552734375,0.1283085602405024,0.3152794317670351,0.1348243630416412,0.188235294117647,0.2784313725490196,0.5176470588235295,9.1552734375e-06,0.1743752273858762,0.4317904973026975,0.2292925089408911,0.2392156862745098,0.3450980392156862,0.8509803921568627,0.0285202026367187,0.1821216239181219,0.4475081268150762,0.2356476770254341,0.2431372549019607,0.3607843137254902,0.9058823529411764,0.029168701171875,0.1165110655356623,0.142726914465678,0.3294117647058823,0.8372851448647456,0.0157176295123787,0.3662541553101319
ACRIN-6698-970839,0,256.0,80.0,8.0,0.0,2.0,6.0,2.0,0.6055,45.0,61.0,156.0,210.0,122.0,173.0,4.8182547455,58.0,1.0,1.0,0.0,1.0,0.0,HRposHER2neg,0.0,0.0,1.0,spy2,0,train,10,5,14,4,17.0,55.0,52.0,155.008,1.7610003448655591,10,0.6522293090820312,0.1004185515759037,0.2428188527456701,0.118321758270019,0.1137254901960784,0.2117647058823529,0.4156862745098039,0.0,0.1659644153071384,0.3971141288053295,0.2645832005847369,0.1333333333333333,0.3176470588235294,0.8627450980392157,0.0221084594726562,0.1691472670611213,0.4059540773069423,0.24651150715855,0.1450980392156863,0.3411764705882353,0.807843137254902,0.0089492797851562,0.1542952760596593,0.2043324000182406,0.5215686274509804,0.8339951297632889,0.0088399485016128,0.365588048175855
ISPY2-507249,0,384.0,160.0,7.0,0.0,2.0,5.0,1.0,0.8333333135,47.0,81.0,86.0,121.0,231.0,278.0,9.976388414012783,37.0,0.0,1.0,0.0,1.0,1.0,HER2pos,0.0,1.0,0.0,spy2,0,train,10,13,22,2,35.0,36.0,48.0,319.999992384,2.395746457931455,10,0.602203369140625,0.1143132108800551,0.2478339312710124,0.1233179267934201,0.1176470588235294,0.2196078431372549,0.4117647058823529,0.0,0.2043504363415288,0.3924170370871785,0.2179290343816645,0.1450980392156863,0.3647058823529411,0.6745098039215687,0.0127487182617187,0.2192414826037837,0.4417662552554585,0.2466304398212137,0.1686274509803921,0.392156862745098,0.8666666666666667,0.0245925903320312,0.1445831058161661,0.1953845343660372,0.4078431372549019,0.7688645953202915,0.0493492181682799,0.3653202915228232
ACRIN-6698-724293,1,256.0,134.0,6.0,0.0,2.0,5.0,1.2,0.6641,31.0,50.0,162.0,192.0,86.0,122.0,2.70968100864,41.0,,1.0,0.0,1.0,1.0,HER2pos,0.0,1.0,0.0,spy2,0,train,10,5,14,2,20.0,31.0,37.0,170.0096,1.3109458914240706,10,0.6239273071289062,0.1256141273648131,0.2787275153180929,0.1710194151306701,0.1137254901960784,0.2156862745098039,0.5529411764705883,4.57763671875e-06,0.1836448459999234,0.3839784247931897,0.2736862770638389,0.0862745098039215,0.3058823529411765,0.8235294117647058,0.0158187866210937,0.1799747601677389,0.376164437202641,0.2607136170362741,0.0901960784313725,0.3058823529411765,0.7764705882352941,0.0111495971679687,0.1052509094750968,0.1792751603023914,0.3294117647058823,0.6921647468382678,-0.0078139875905487,0.4574358017227738
ISPY2-117424,1,256.0,134.0,6.0,0.0,2.0,5.0,1.2,0.6641,64.0,105.0,45.0,154.0,167.0,220.0,12.269774317248,33.0,0.0,1.0,0.0,0.0,0.0,TripleNeg,1.0,0.0,0.0,spy2,0,train,10,15,24,3,42.0,110.0,54.0,170.0096,2.585488841209895,10,0.6673110961914063,0.1223638856177236,0.3123350241344526,0.1543434172084467,0.1254901960784313,0.2862745098039215,0.5490196078431373,0.0,0.1955879480698529,0.4898884769129341,0.2498051247209523,0.1647058823529411,0.4745098039215686,0.8588235294117647,0.0204055786132812,0.2119057270124847,0.5269830760709419,0.2480781448255302,0.196078431372549,0.5137254901960784,0.8784313725490196,0.0199478149414062,0.1775534527784815,0.2043505294860672,0.4784313725490196,0.8433387912728006,0.0370945991580078,0.2804784640716228
ISPY2-793684,0,256.0,80.0,8.0,0.0,2.0,6.0,2.0,0.703125,13.0,32.0,136.0,208.0,75.0,151.0,30.27908935546875,48.0,1.0,1.0,0.0,0.0,0.0,TripleNeg,1.0,0.0,0.0,spy2,0,train,10,7,16,1,20.0,73.0,77.0,180.0,3.4429498025764977,10,0.4864288330078125,0.1742809699563419,0.3166586330052174,0.1102721676875339,0.2,0.3019607843137254,0.4470588235294118,0.000140380859375,0.2299029780369179,0.4217079785618336,0.2009952503795791,0.2352941176470588,0.3725490196078431,0.7058823529411765,0.0211532592773437,0.2590983611462163,0.4764813308543749,0.2084951542590232,0.2705882352941176,0.4313725490196078,0.803921568627451,0.0244140625,0.1050493455566162,0.1794783618037511,0.3450980392156862,0.7579997266574364,0.0547733522925413,0.1732873008610291
ISPY2-380769,1,256.0,80.0,8.0,0.0,2.0,6.0,2.0,0.703125,48.0,68.0,171.0,230.0,79.0,131.0,11.67440185546875,40.0,0.0,0.0,1.0,0.0,0.0,TripleNeg,1.0,0.0,0.0,spy2,1,test,10,8,17,-1,21.0,60.0,53.0,180.0,2.5395843574736823,10,0.5574569702148438,0.1809498147403492,0.387374083708132,0.1444259345671467,0.2431372549019607,0.3568627450980392,0.5725490196078431,0.0023025512695312,0.230525925580193,0.4983762386947711,0.180009715568866,0.3019607843137254,0.4666666666666667,0.7529411764705882,0.0097518920898437,0.2552560424804687,0.5540601334232512,0.2058282731913927,0.3215686274509804,0.5137254901960784,0.8705882352941177,0.020989990234375,0.111002154986639,0.1021467400900448,0.2196078431372549,0.9528109645720196,0.0556838947284801,0.1775329712955779
ISPY2-572444,0,384.0,144.0,6.0,0.0,2.0,5.0,1.2000000477,1.0416666666667,30.0,91.0,95.0,195.0,35.0,104.0,31.63020959063613,54.0,1.0,1.0,0.0,1.0,0.0,HRposHER2neg,0.0,0.0,1.0,spy2,0,train,10,21,30,1,62.0,101.0,70.0,400.00000000001285,3.4852385338342518,10,0.5799240112304688,0.1467707435757506,0.3027194120716783,0.1909247634531901,0.1254901960784313,0.2392156862745098,0.5803921568627451,0.0036483764648437,0.2025989008884804,0.3831282280621047,0.2368303375893257,0.1568627450980392,0.3137254901960784,0.7607843137254902,0.02513427734375,0.2059287097407322,0.4001129031603269,0.2435315813011212,0.1686274509803921,0.3294117647058823,0.8431372549019608,0.0305328369140625,0.0804088159904264,0.1329852158591851,0.2784313725490196,0.7199537960268942,0.0169846750982222,0.3395701432250518
ISPY2-796558,0,256.0,160.0,7.0,0.0,2.0,6.0,1.0,0.703125,69.0,103.0,75.0,203.0,83.0,158.0,9.419512939453124,38.0,0.0,1.0,0.0,0.0,0.0,TripleNeg,1.0,0.0,0.0,spy2,0,train,10,12,21,3,35.0,129.0,76.0,180.0,2.343680292377953,10,0.687139892578125,0.0861554014916513,0.2433307551156009,0.1454548590256726,0.1137254901960784,0.192156862745098,0.4745098039215686,7.01904296875e-05,0.1098551970837163,0.287106138032575,0.2380395853791349,0.0627450980392156,0.2039215686274509,0.6274509803921569,0.0097625732421875,0.1414361572265625,0.3531740384950094,0.269359284531377,0.0901960784313725,0.2549019607843137,0.807843137254902,0.0178131103515625,0.0437753829169741,0.1473695741133178,0.2078431372549019,0.542504730876529,0.0660679004624343,0.2525751575333112
ISPY2-925691,0,256.0,66.0,7.0,0.0,2.0,5.0,2.4,0.6641,26.0,47.0,11.0,99.0,48.0,108.0,13.856419564104,58.0,1.0,1.0,0.0,0.0,1.0,HER2pos,0.0,1.0,0.0,spy2,0,train,10,8,17,0,22.0,89.0,61.0,170.0096,2.698432065715687,10,0.3668991088867187,0.2018278293983609,0.3078495123830366,0.1246891445519865,0.1686274509803921,0.2901960784313726,0.4745098039215686,1.373291015625e-05,0.226456101361443,0.3459960296514818,0.1959017870419743,0.1843137254901961,0.2862745098039215,0.6235294117647059,0.0211029052734375,0.2900112556008731,0.4404868083759826,0.1926348446818634,0.2823529411764706,0.3803921568627451,0.7411764705882353,0.0284164428710937,0.0381465172684452,0.1387667167599252,0.1803921568627451,0.4884613252544534,0.0944907787245008,0.1217206664593923
ISPY2-414256,0,256.0,80.0,8.0,0.0,2.0,6.0,2.0,0.5859,33.0,67.0,65.0,185.0,97.0,194.0,18.97507950156,38.0,0.0,0.0,0.0,1.0,0.0,HRposHER2neg,0.0,0.0,1.0,spy2,0,train,10,8,17,3,35.0,121.0,98.0,149.9904,2.9944854716974842,10,0.6185211181640625,0.1257942409141391,0.2993834344054173,0.1651793356829605,0.1176470588235294,0.2588235294117647,0.5372549019607843,4.57763671875e-06,0.1881156831629136,0.4379741003862966,0.2669034364704126,0.1490196078431372,0.3843137254901961,0.9058823529411764,0.02818603515625,0.1927084171070772,0.4448855109830305,0.2502655949896593,0.1529411764705882,0.4196078431372549,0.8313725490196079,0.0217941284179687,0.1385906659808792,0.1662901387863217,0.4117647058823529,0.862043310960537,0.0069114105967339,0.3740910218154764
ACRIN-6698-765671,1,256.0,80.0,8.0,0.0,2.0,6.0,2.0,0.703125,42.0,64.0,78.0,143.0,83.0,170.0,43.7748046875,41.0,0.0,0.0,1.0,0.0,0.0,TripleNeg,1.0,0.0,0.0,spy2,0,train,10,2,11,2,23.0,66.0,88.0,180.0,3.8016455858490428,10,0.5150924682617187,0.1409226660634957,0.2721179468014262,0.0988005056589845,0.1568627450980392,0.2549019607843137,0.403921568627451,0.0,0.2253203807157628,0.4297081692939802,0.2382185027224981,0.196078431372549,0.3372549019607843,0.807843137254902,0.0162628173828125,0.2468703086703431,0.4788926602489172,0.2579165928246321,0.2274509803921568,0.3764705882352941,0.9372549019607844,0.032275390625,0.157590222492554,0.2101296516680194,0.4470588235294118,0.846615206945489,0.0491844909549368,0.2169961830019289
ISPY2-990443,0,256.0,124.0,7.0,0.0,2.0,5.0,1.2999999523,0.5859375,34.0,70.0,95.0,219.0,141.0,199.0,10.121188746061856,53.0,0.0,1.0,0.0,1.0,0.0,HRposHER2neg,0.0,0.0,1.0,spy2,0,train,10,19,28,4,37.0,125.0,59.0,150.0,2.4088521847331323,10,0.5100570678710937,0.1367942780139399,0.2548723922919422,0.1779266338418525,0.1137254901960784,0.1843137254901961,0.5019607843137255,0.0045913696289062,0.1840861122280943,0.3421068216441608,0.2267974834832491,0.1490196078431372,0.2549019607843137,0.7019607843137254,0.0169082641601562,0.2069476079005821,0.3837005792603223,0.244770211083572,0.1686274509803921,0.2862745098039215,0.8156862745098039,0.0285919189453125,0.0872344293522185,0.1166361839902413,0.192156862745098,0.9121240528327036,0.0415937576161615,0.1080790684202822
ACRIN-6698-384830,0,256.0,80.0,8.0,0.0,2.0,6.0,2.0,0.703125,33.0,72.0,115.0,221.0,111.0,228.0,57.02431640625,37.0,0.0,1.0,0.0,1.0,1.0,HER2pos,0.0,1.0,0.0,spy2,0,train,10,16,25,0,40.0,107.0,118.0,180.0,4.060862171069992,10,0.3916259765625,0.2055313469381893,0.3278020492277331,0.1096275831637382,0.2196078431372549,0.3058823529411765,0.4627450980392157,0.0005142211914062,0.2708512968175551,0.4339275330502199,0.1921773833535687,0.2666666666666666,0.3764705882352941,0.7019607843137254,0.0264816284179687,0.285025910022212,0.4572634354917776,0.192304913987909,0.2823529411764706,0.4,0.7529411764705882,0.0257720947265625,0.1061254838224868,0.1503968062624779,0.2392156862745098,0.9366372045427184,0.0233359024415577,0.2206975600947068
ISPY2-836983,1,384.0,160.0,6.0,0.0,2.0,5.0,1.0,0.78125,29.0,69.0,158.0,227.0,291.0,345.0,8.443603515625,54.0,1.0,1.0,0.0,1.0,1.0,HER2pos,0.0,1.0,0.0,spy2,0,train,10,22,33,2,41.0,70.0,55.0,300.0,2.2453376356677848,10,0.6491851806640625,0.1167959953756893,0.2674088155552769,0.179572782314239,0.1137254901960784,0.2,0.5254901960784314,0.0025466918945312,0.2151359827378217,0.4734497471730199,0.2527262663498147,0.1372549019607843,0.4588235294117647,0.8431372549019608,0.019708251953125,0.2085251752068014,0.4602798196395691,0.2560626826577111,0.1333333333333333,0.4352941176470588,0.8470588235294118,0.0230987548828125,0.206040931617743,0.2086373045403898,0.5058823529411764,0.8295637423339568,-0.0131699275334508,0.4792614501326606
ISPY2-586207,1,256.0,134.0,6.0,0.0,2.0,5.0,1.2,0.7031,23.0,58.0,157.0,224.0,74.0,142.0,21.011835823439995,45.0,0.0,1.0,0.0,0.0,0.0,TripleNeg,1.0,0.0,0.0,spy2,0,train,10,14,27,1,36.0,68.0,69.0,179.9936,3.0915803006670624,10,0.3720077514648437,0.1915493355545343,0.2941180091427134,0.1357667324245376,0.1333333333333333,0.2666666666666666,0.5019607843137255,0.0,0.3068376189587162,0.4675873602421693,0.223357186954866,0.2039215686274509,0.4431372549019607,0.7607843137254902,0.0197845458984375,0.3133655981924019,0.4784239688863219,0.2247442509102361,0.2235294117647059,0.4392156862745098,0.8156862745098039,0.0270156860351562,0.1734693510994558,0.1410989145687126,0.3803921568627451,0.9301585913145316,0.0108366086441525,0.3528395547683089
ISPY2-559021,1,312.0,134.0,6.0,0.0,2.0,5.0,1.2,0.7813,0.0,133.0,87.0,274.0,41.0,257.0,495.00842335542,34.0,0.0,1.0,0.0,1.0,0.0,HRposHER2neg,0.0,0.0,1.0,spy2,0,train,10,72,85,2,134.0,188.0,217.0,243.7656,6.206592909152136,10,0.6433349609375,0.0834638588101256,0.1837348619371083,0.0627875834384212,0.1137254901960784,0.1725490196078431,0.2666666666666666,0.0,0.2102457861806832,0.4760222009263696,0.2829075964330219,0.1450980392156863,0.4392156862745098,0.8941176470588236,0.0084869384765625,0.2436345657647824,0.5359614137940754,0.3013426198554717,0.1568627450980392,0.5411764705882353,0.9529411764705882,0.0205673217773437,0.2922873389892612,0.2519165766722207,0.6549019607843137,0.8804033472516941,0.0599392128677057,0.2709802176740365
ISPY2-746265,0,256.0,72.0,8.0,0.0,2.0,5.0,2.2,0.7031,16.0,70.0,82.0,235.0,66.0,197.0,69.543521216048,35.0,0.0,1.0,0.0,1.0,0.0,HRposHER2neg,0.0,0.0,1.0,spy2,0,train,10,26,35,0,55.0,154.0,132.0,179.9936,4.256229841566694,10,0.6323654174804687,0.1115311865713082,0.2671857923563975,0.1482088970409728,0.1176470588235294,0.2196078431372549,0.4980392156862745,0.0003341674804687,0.2094677614698223,0.4785186801993525,0.2773761261172968,0.1647058823529411,0.4117647058823529,0.9294117647058824,0.0250595092773437,0.2061583575080423,0.4810313956780597,0.2976253498706293,0.1411764705882353,0.4117647058823529,0.984313725490196,0.0345184326171875,0.2113328878429549,0.177130134032264,0.4823529411764706,0.9333466150340552,0.0025127154787072,0.4236115434581398
ACRIN-6698-962153,0,256.0,134.0,6.0,0.0,2.0,5.0,1.2,0.6836,34.0,99.0,60.0,187.0,66.0,146.0,10.223972350464,55.0,,1.0,0.0,1.0,1.0,HER2pos,0.0,1.0,0.0,spy2,0,train,10,26,35,3,66.0,128.0,81.0,175.0016,2.4180518793673325,10,0.6305267333984375,0.1097636682846966,0.267414854501217,0.1491983501141606,0.1176470588235294,0.2156862745098039,0.5058823529411764,0.0,0.1866133925494025,0.442479244132215,0.2654721403355125,0.1568627450980392,0.3725490196078431,0.8980392156862745,0.0282638549804687,0.1985146436504289,0.470231478759722,0.2599398053731593,0.1843137254901961,0.403921568627451,0.8823529411764706,0.0220703125,0.1750643896309979,0.2183019779909585,0.5372549019607843,0.881212366501747,0.027752234627507,0.2648489704218256
ISPY2-559263,0,256.0,80.0,9.0,0.0,2.0,6.0,2.0,0.703125,33.0,70.0,90.0,206.0,115.0,203.0,31.589208984375,64.0,1.0,1.0,0.0,0.0,0.0,TripleNeg,1.0,0.0,0.0,spy2,0,train,10,17,26,3,38.0,117.0,89.0,180.0,3.483981220826616,10,0.5671478271484375,0.1089066688687193,0.2231035293619975,0.0784821156430202,0.1294117647058823,0.2117647058823529,0.3294117647058823,0.0,0.1991588816923253,0.3966090874542954,0.2577747951948291,0.1725490196078431,0.3019607843137254,0.9058823529411764,0.0327499389648437,0.2002996108111213,0.4043629341440955,0.2113678756843135,0.196078431372549,0.3490196078431372,0.7372549019607844,0.004925537109375,0.1735055580922978,0.2690581208828977,0.6980392156862745,0.7830502619203734,0.0077538466898,0.3508076171943851
ISPY2-287300,1,256.0,80.0,8.0,0.0,2.0,5.0,2.0,0.625,16.0,54.0,73.0,226.0,67.0,188.0,34.87421875,45.0,0.0,1.0,0.0,1.0,1.0,HER2pos,0.0,1.0,0.0,spy2,0,train,10,11,32,1,39.0,154.0,122.0,160.0,3.5800188968391784,10,0.6188827514648437,0.1148321473364736,0.2692074928214062,0.1117447910161746,0.1215686274509803,0.2705882352941176,0.4156862745098039,0.0,0.2009647982728247,0.4703051030917273,0.2768408069672974,0.1529411764705882,0.4,0.9372549019607844,0.0294464111328125,0.2056511194565717,0.4770742597532669,0.2486833404723367,0.1803921568627451,0.4313725490196078,0.8470588235294118,0.0132064819335937,0.2010976102703211,0.2140685436116218,0.5529411764705883,0.8636339978139801,0.0067691566615395,0.3836945337491842
ACRIN-6698-711476,1,256.0,72.0,7.0,0.0,2.0,6.0,2.2,0.7031,46.0,57.0,149.0,197.0,104.0,145.0,2.031579157256,47.0,0.0,1.0,0.0,1.0,0.0,HRposHER2neg,0.0,0.0,1.0,spy2,1,test,10,2,11,-1,12.0,49.0,42.0,179.9936,1.1090836577691527,10,0.66846923828125,0.130430435479856,0.3730646288487043,0.132151616966735,0.2352941176470588,0.3372549019607843,0.5843137254901961,0.0,0.1778859935087316,0.5027528880398582,0.2072903779644201,0.3058823529411765,0.4274509803921568,0.8235294117647058,0.0117095947265625,0.1887565044328278,0.533117339501801,0.2179249987785277,0.3215686274509804,0.4588235294117647,0.8823529411764706,0.0176284790039062,0.1296882591911539,0.1603764327473936,0.3372549019607843,0.8773933134504216,0.0303644514619427,0.3010650244854376
ISPY2-944536,1,256.0,64.0,7.0,0.0,2.0,6.0,2.5,0.8999999762,27.0,37.0,64.0,97.0,101.0,130.0,0.4981499736534004,58.0,1.0,0.0,1.0,0.0,1.0,HER2pos,0.0,1.0,0.0,spy2,0,train,10,2,12,3,11.0,34.0,30.0,230.3999939072,0.40423099600726137,10,0.7045074462890625,0.0677256086760876,0.1648282756976916,0.0544908264598007,0.1098039215686274,0.1490196078431372,0.2431372549019607,0.0,0.1660087675206801,0.398840786792373,0.2979142649452542,0.1254901960784313,0.2509803921568627,0.9098039215686274,0.0195236206054687,0.1550500907149969,0.3663446044967606,0.2497089956723304,0.1294117647058823,0.2627450980392157,0.7647058823529411,0.0095687866210937,0.2340125110946813,0.2838596465697021,0.7176470588235294,0.8401478926332531,-0.0324961822956123,0.444819110372107
ACRIN-6698-361701,0,256.0,72.0,7.0,0.0,2.0,6.0,2.2,0.7031,29.0,45.0,204.0,235.0,108.0,144.0,2.034841864682,49.0,1.0,1.0,0.0,1.0,0.0,HRposHER2neg,0.0,0.0,1.0,spy2,0,train,10,4,13,4,17.0,32.0,37.0,179.9936,1.110159319260102,10,0.4386245727539062,0.2095118025237438,0.3602958750902638,0.107916642767649,0.2392156862745098,0.3529411764705882,0.4823529411764706,0.0006454467773437,0.2508377912932751,0.4238329337981404,0.1820791631633211,0.2745098039215686,0.3647058823529411,0.6823529411764706,0.0142898559570312,0.2638814589556525,0.4469433305976378,0.1646005413932756,0.3019607843137254,0.4078431372549019,0.6745098039215687,0.0080780029296875,0.0635370587078765,0.1642583188115386,0.2666666666666666,0.6004109778936295,0.0231103967994973,0.2586714432880406
ACRIN-6698-924071,0,256.0,72.0,7.0,0.0,2.0,6.0,2.2,0.7031,9.0,23.0,139.0,221.0,112.0,175.0,2.950575082246,57.0,1.0,1.0,0.0,1.0,0.0,HRposHER2neg,0.0,0.0,1.0,spy2,0,train,10,3,13,4,15.0,83.0,64.0,179.9936,1.373861158757796,10,0.4016220092773437,0.2251306272020527,0.366878443752671,0.1391533957181628,0.2039215686274509,0.3568627450980392,0.5372549019607843,8.23974609375e-05,0.2790847538966758,0.4515264575356067,0.1810029867928198,0.2627450980392157,0.4117647058823529,0.6941176470588235,0.0162063598632812,0.287761739095052,0.4675806256691628,0.1812735869885026,0.2666666666666666,0.4392156862745098,0.7098039215686275,0.0157745361328125,0.0846480137829357,0.1277792342138666,0.2196078431372549,0.7981476617544683,0.0160541681335561,0.35370633400739
ISPY2-598798,0,384.0,160.0,6.0,0.0,2.0,5.0,1.1000000238,0.9375,20.0,110.0,108.0,220.0,238.0,348.0,10.673437730934376,46.0,0.0,1.0,0.0,1.0,0.0,HRposHER2neg,0.0,0.0,1.0,spy2,0,train,10,75,84,4,91.0,113.0,111.0,360.0,2.4573159814049776,10,0.7337448120117187,0.0908716059666053,0.2643822444475833,0.1946285250322827,0.1137254901960784,0.188235294117647,0.5254901960784314,0.0034088134765625,0.1218011534447763,0.3231103938884901,0.2608938641360979,0.0862745098039215,0.2274509803921568,0.7450980392156863,0.0173736572265625,0.1275100109623927,0.3419206546068537,0.2679432095442166,0.0862745098039215,0.2470588235294117,0.8,0.0195068359375,0.0587281494409068,0.1638257154130576,0.2588235294117647,0.625056592528067,0.0188102607183635,0.3334059245929636
ISPY2-231633,1,256.0,80.0,8.0,0.0,2.0,6.0,2.0,0.6445,40.0,59.0,31.0,157.0,54.0,146.0,25.311610914,53.0,1.0,1.0,0.0,0.0,0.0,TripleNeg,1.0,0.0,0.0,spy2,0,train,10,7,16,0,20.0,127.0,93.0,164.992,3.270010321380036,10,0.6342819213867188,0.0948513973460477,0.223432320311478,0.1396648017711013,0.1137254901960784,0.1725490196078431,0.4156862745098039,0.0009735107421875,0.1573227826286764,0.3637360804291593,0.2409553563893083,0.1568627450980392,0.2705882352941176,0.7568627450980392,0.0185333251953125,0.1770214903588388,0.4144174754144201,0.2639724126350261,0.1607843137254902,0.3137254901960784,0.8901960784313725,0.026629638671875,0.1403037601176812,0.166899544026499,0.388235294117647,0.8891883660092541,0.0506813949852608,0.30952907454616
ISPY2-892390,1,256.0,252.0,7.0,0.0,2.0,6.0,0.800001,1.3281,29.0,93.0,97.0,162.0,44.0,92.0,30.833540804365832,59.0,1.0,1.0,0.0,0.0,0.0,TripleNeg,1.0,0.0,0.0,spy2,0,train,10,32,41,2,65.0,66.0,49.0,339.9936,3.46052047621197,10,0.6378997802734375,0.0897086229511335,0.2263043017346842,0.1178145793303253,0.1176470588235294,0.192156862745098,0.3647058823529411,3.0517578125e-06,0.1590447100471047,0.400271941431457,0.2519808057336808,0.1607843137254902,0.3058823529411765,0.8313725490196079,0.0202850341796875,0.1572318881165747,0.3959618614371152,0.2247185061061592,0.1686274509803921,0.3294117647058823,0.7490196078431373,0.0063095092773437,0.1739676396967727,0.1866127525402045,0.4823529411764706,0.9479364196438352,-0.0043100799943417,0.3994083588278425
ISPY2-666715,0,256.0,134.0,6.0,0.0,2.0,5.0,1.2,0.7422,45.0,76.0,113.0,175.0,152.0,195.0,5.41386033552,32.0,0.0,1.0,0.0,1.0,0.0,HRposHER2neg,0.0,0.0,1.0,spy2,0,train,10,13,22,2,32.0,63.0,44.0,190.0032,1.8584613260915719,10,0.5758331298828125,0.1296493111404718,0.2752857746043932,0.1538173307322369,0.1215686274509803,0.2235294117647059,0.5137254901960784,6.103515625e-06,0.2169925166111366,0.4450716445034317,0.2518070255170725,0.1686274509803921,0.388235294117647,0.8235294117647058,0.0224044799804687,0.2264769251206342,0.4638518984372101,0.2422967275923579,0.1843137254901961,0.4274509803921568,0.8117647058823529,0.0166000366210937,0.1697858698990384,0.1957337074670609,0.5019607843137255,0.9038426948507458,0.0187802539337784,0.3443388420833003
ACRIN-6698-241998,0,256.0,80.0,8.0,0.0,2.0,6.0,2.0,0.703125,32.0,61.0,95.0,157.0,41.0,110.0,4.16865234375,54.0,1.0,0.0,1.0,1.0,0.0,HRposHER2neg,0.0,0.0,1.0,spy2,0,train,10,18,27,1,30.0,63.0,70.0,180.0,1.6426119860200843,10,0.4591278076171875,0.1947054694680606,0.3201721385264086,0.190172076423187,0.1215686274509803,0.2705882352941176,0.5843137254901961,0.0016265869140625,0.2721779916800704,0.4237869989024087,0.2674723547545597,0.0941176470588235,0.3803921568627451,0.8549019607843137,0.035150146484375,0.2570553469190411,0.404610248854864,0.2546079648776937,0.0823529411764705,0.3764705882352941,0.788235294117647,0.0193328857421875,0.103614860376,0.2308067783014034,0.4627450980392157,0.6229906394407362,-0.0191767500475445,0.5051711588699621
ISPY2-960963,0,256.0,66.0,7.0,0.0,2.0,5.0,2.4,0.5469,28.0,45.0,109.0,198.0,71.0,139.0,14.323760683056005,56.0,1.0,1.0,0.0,1.0,1.0,HER2pos,0.0,1.0,0.0,spy2,0,train,10,6,15,4,18.0,90.0,69.0,140.0064,2.729404609583591,10,0.5736923217773438,0.0897145828546262,0.1706943577402326,0.0561268886436323,0.1098039215686274,0.1568627450980392,0.2470588235294117,0.0,0.2005570295745251,0.3881663611988096,0.2842800113134135,0.1333333333333333,0.2705882352941176,0.9019607843137256,0.0253433227539062,0.2064247699812346,0.3920756058387347,0.2529940361552521,0.1490196078431372,0.3058823529411765,0.8117647058823529,0.012017822265625,0.2174720034585769,0.2610535692444593,0.6941176470588235,0.9102815111763336,0.0039092446399251,0.3561143225298423
Breast_MRI_577,1,448.0,160.0,4.0,0.0,1.0,3.0,2.0,0.75892859697342,5.0,48.0,299.0,368.0,358.0,424.0,,42.0,0.0,1.0,0.0,0.0,1.0,HER2pos,0.0,1.0,0.0,duke,0,train,10,21,30,3,44.0,70.0,67.0,340.00001144409214,,10,0.4275543212890624,0.1736740950042126,0.2623317088151826,0.1580939058237822,0.1098039215686274,0.2196078431372549,0.4627450980392157,0.0050369262695312,0.2610446226830576,0.350768528480915,0.2135990601964747,0.1019607843137254,0.3137254901960784,0.6431372549019608,0.0094024658203125,0.2772952090992647,0.3896193070652898,0.2363010981514705,0.0941176470588235,0.3607843137254902,0.7019607843137254,0.0162246704101562,0.0884368196657324,0.1815015381077545,0.3372549019607843,0.6412045058348749,0.0388507785843747,0.3878739091262881
