pid,n_cortes_imagen,background_fraction,pre_mean_all,pre_mean_tissue,pre_std_tissue,pre_p10_tissue,pre_p50_tissue,pre_p90_tissue,pre_saturation_fraction,early_mean_all,early_mean_tissue,early_std_tissue,early_p10_tissue,early_p50_tissue,early_p90_tissue,early_saturation_fraction,late_mean_all,late_mean_tissue,late_std_tissue,late_p10_tissue,late_p50_tissue,late_p90_tissue,late_saturation_fraction,enhancement_mean,enhancement_std,enhancement_p90,enhancement_positive_fraction,washout_mean,washout_fraction
ACRIN-6698-102212,10,0.5843948364257813,0.13252172133501838,0.2800727323983773,0.12340780052637525,0.12941176470588237,0.27450980392156865,0.44313725490196076,3.0517578125e-06,0.22647007362515317,0.47647418050970125,0.24677645723345967,0.1843137254901961,0.43137254901960786,0.8666666666666667,0.024029541015625,0.22989751479204965,0.4876805648811911,0.24491377619412555,0.2,0.44313725490196076,0.8784313725490196,0.02649383544921875,0.19640144811132393,0.1786419828291948,0.47058823529411764,0.908665019403681,0.011206384371489839,0.39157986716647514
ACRIN-6698-103939,10,0.657501220703125,0.09676773370481004,0.243747067034958,0.10425388967930951,0.12156862745098039,0.2235294117647059,0.3843137254901961,0.0,0.20948319977405025,0.5183586751995639,0.23828374404139302,0.2196078431372549,0.49411764705882355,0.8784313725490196,0.019366455078125,0.20370578541475184,0.5042740485662321,0.21858494216714092,0.2235294117647059,0.49411764705882355,0.8156862745098039,0.00662689208984375,0.27461160816460595,0.21025154032646043,0.592156862745098,0.9439009177581752,-0.014084626633331761,0.5005880780539963
ACRIN-6698-104268,10,0.4528549194335938,0.1793107395546109,0.3141799116956147,0.1001377510194634,0.2,0.2980392156862745,0.44313725490196076,0.0,0.28105204264322914,0.49933574581049595,0.20603787837477133,0.2980392156862745,0.44313725490196076,0.8549019607843137,0.03170013427734375,0.28914456236596203,0.5132191204372272,0.17802197076268353,0.32941176470588235,0.4745098039215686,0.7647058823529411,0.01768035888671875,0.1851558341148812,0.21531826373513768,0.596078431372549,0.9553791793673325,0.01388337462673125,0.270881846855766
ACRIN-6698-107700,10,0.6233489990234375,0.15908580106847425,0.3810919932747327,0.2106966198828301,0.12156862745098039,0.3568627450980392,0.6784313725490196,1.983642578125e-05,0.22265972661037073,0.5198160417293208,0.30846327098337434,0.12941176470588237,0.48627450980392156,0.9725490196078431,0.03116912841796875,0.22089655259076288,0.5090360730869997,0.2686361566640041,0.1411764705882353,0.5137254901960784,0.8588235294117647,0.0082733154296875,0.13872404845458816,0.1692973570355686,0.36470588235294116,0.7875240032085301,-0.010779968642321175,0.47172280244042747
ACRIN-6698-108969,10,0.3285568237304688,0.18551229439529718,0.26917823799754453,0.09251412922055931,0.16862745098039217,0.2549019607843137,0.38823529411764707,0.0,0.2710433600930607,0.39498800613335233,0.18768484986898717,0.23137254901960785,0.33725490196078434,0.6705882352941176,0.01936492919921875,0.3036993647556679,0.44302801275133413,0.20463559473419496,0.2627450980392157,0.3803921568627451,0.7803921568627451,0.03773345947265625,0.12580976813580783,0.14082704924563993,0.3215686274509804,0.9558741651270234,0.04804000661798181,0.12171703743094331
ACRIN-6698-115987,10,0.55185546875,0.13209494796453738,0.27704682766547456,0.10562439989599606,0.14901960784313725,0.25882352941176473,0.43137254901960786,0.0,0.2245848233092065,0.4492224052401523,0.21860832683375944,0.2196078431372549,0.39215686274509803,0.7725490196078432,0.01114959716796875,0.22317346909466912,0.4520031650707788,0.22336373922960237,0.2196078431372549,0.396078431372549,0.796078431372549,0.011798095703125,0.17217557757467772,0.18673658796232448,0.4470588235294118,0.8712886794508607,0.0027807598306265197,0.4303906079755938
ACRIN-6698-116603,10,0.4763397216796875,0.16949778238932292,0.3043358640595399,0.1344015276677418,0.12941176470588237,0.2980392156862745,0.4745098039215686,2.74658203125e-05,0.27162115358838845,0.4815066156887656,0.2141933202939031,0.21568627450980393,0.4588235294117647,0.7803921568627451,0.01866607666015625,0.28107541551776966,0.4972359926469874,0.21487291886185358,0.23921568627450981,0.47058823529411764,0.807843137254902,0.02549285888671875,0.17717075162922571,0.13794033356129956,0.3686274509803922,0.950298089082888,0.015729376958221818,0.367882139714324
ACRIN-6698-118307,10,0.39888763427734375,0.15550619686351103,0.2517491667369711,0.10084002465074134,0.15294117647058825,0.21568627450980393,0.41568627450980394,0.0,0.2369043447457108,0.38244689775794816,0.2516012158122903,0.17647058823529413,0.27450980392156865,0.8705882352941177,0.0355682373046875,0.24425051221660538,0.39241487626793725,0.23200291788933214,0.1803921568627451,0.2980392156862745,0.7803921568627451,0.01518707275390625,0.13069773102097712,0.18536843692614588,0.47843137254901963,0.8669585855893589,0.009967978509989078,0.3321935803221262
ACRIN-6698-130580,10,0.46840209960937496,0.12939545874502145,0.23038072043633118,0.10775402213176724,0.12549019607843137,0.19607843137254902,0.39215686274509803,0.0,0.2070348103841146,0.3705927828495027,0.24529814249815945,0.1607843137254902,0.27450980392156865,0.8117647058823529,0.0289337158203125,0.2241155886182598,0.3990662765674602,0.2556485505113678,0.16862745098039217,0.2980392156862745,0.8666666666666667,0.03453521728515625,0.14021206241317152,0.16227791191706706,0.42745098039215684,0.9597862153690713,0.028473493717957463,0.2386419738911788
ACRIN-6698-139973,10,0.68092041015625,0.09888418758616728,0.26858739363988454,0.11073659227548903,0.12549019607843137,0.25882352941176473,0.41568627450980394,0.0,0.168632339776731,0.42971384506210764,0.26495953554738577,0.09411764705882353,0.39215686274509803,0.8509803921568627,0.01550750732421875,0.1836177392099418,0.4717892616321941,0.271779318584132,0.09803921568627451,0.4392156862745098,0.8705882352941177,0.012713623046875,0.16112645142222312,0.2243762201887291,0.5254901960784314,0.7531131642373465,0.04207541657008646,0.3933585829603275
ACRIN-6698-144302,10,0.609698486328125,0.12632043576708027,0.29190970647567516,0.15289752451309166,0.13333333333333333,0.25098039215686274,0.5137254901960784,0.0014617919921875,0.22131075391582414,0.490602373840837,0.23308543900295858,0.21568627450980393,0.4627450980392157,0.8313725490196079,0.0124298095703125,0.23446820427389706,0.5188601804742101,0.23368119330226197,0.24313725490196078,0.4980392156862745,0.8588235294117647,0.01857452392578125,0.19869266736516178,0.20661385097971674,0.5294117647058824,0.8752247955338014,0.028257806633373166,0.3635080613633165
ACRIN-6698-145777,10,0.571282958984375,0.12983907063802083,0.28344474248462787,0.12445897152581868,0.13725490196078433,0.27058823529411763,0.4392156862745098,3.509521484375e-05,0.21470002417470896,0.46042793564230267,0.23975623630862505,0.1803921568627451,0.4117647058823529,0.8117647058823529,0.01225738525390625,0.22210793289483763,0.47988147808204307,0.25187394276853975,0.1843137254901961,0.42745098039215684,0.8588235294117647,0.01751556396484375,0.1769831931576748,0.16116521092731584,0.41568627450980394,0.9293041101351063,0.01945354243974038,0.3549280334847169
ACRIN-6698-146987,10,0.6652496337890625,0.10031708960439645,0.2523867312831178,0.08801412735512425,0.12549019607843137,0.2627450980392157,0.3568627450980392,0.0,0.19185920864928002,0.5064338844179219,0.28682744062910964,0.16470588235294117,0.42745098039215684,0.9568627450980393,0.0245086669921875,0.19375939462699143,0.5006503473840329,0.24287441467406717,0.2,0.45098039215686275,0.8588235294117647,0.0079620361328125,0.2540471531348042,0.2360109904914822,0.6235294117647059,0.9324511582536398,-0.0057835370338889585,0.41250877464878616
ACRIN-6698-148357,10,0.6397872924804687,0.11287373860677083,0.28387024431790003,0.11207198794207644,0.13725490196078433,0.27450980392156865,0.4392156862745098,0.0,0.21826180252374386,0.5336369335020775,0.2551194772467728,0.23137254901960785,0.4823529411764706,0.9333333333333333,0.020562744140625,0.21773013245825673,0.531922695582772,0.23792140465840297,0.23921568627450981,0.5098039215686274,0.8745098039215686,0.01077880859375,0.24976668918417755,0.20163529606942038,0.5333333333333333,0.9347733078040742,-0.0017142379193055802,0.4647031164617125
ACRIN-6698-150547,10,0.6511016845703125,0.11283070882161458,0.2980698982296567,0.20592711352209356,0.11764705882352941,0.19607843137254902,0.6196078431372549,0.00014801025390625,0.1512643492455576,0.39788818691208583,0.2684600026296228,0.14901960784313725,0.27058823529411763,0.8196078431372549,0.01688690185546875,0.16225806142769605,0.4289830666318851,0.2819847639395992,0.15294117647058825,0.30196078431372547,0.8862745098039215,0.02098541259765625,0.09981828868242916,0.13030278820343635,0.2901960784313726,0.8620054755219677,0.031094879719799264,0.2569865386129261
ACRIN-6698-152090,10,0.5605056762695313,0.1380105411305147,0.2935275743824942,0.11392207679191556,0.1411764705882353,0.29411764705882354,0.44313725490196076,0.0,0.22624612845626532,0.4790214316100676,0.22894600892165168,0.21176470588235294,0.44313725490196076,0.8392156862745098,0.02074432373046875,0.23268563064874387,0.49360808154083047,0.2113365794158861,0.23137254901960785,0.47843137254901963,0.796078431372549,0.00906219482421875,0.18549385722757336,0.21212781127099106,0.5450980392156862,0.8570620115475285,0.01458664993076289,0.35678252386061027
ACRIN-6698-162562,10,0.69384765625,0.09127096138748468,0.23172369984676489,0.10053966773805584,0.10980392156862745,0.2235294117647059,0.3607843137254902,0.0,0.17146011651731005,0.4565283055008287,0.2931974744789156,0.1411764705882353,0.36470588235294116,0.9607843137254902,0.02529754638671875,0.16650608436734068,0.4374909505269412,0.2499728952659695,0.15294117647058825,0.39215686274509803,0.8274509803921568,0.0065093994140625,0.22480460565406385,0.229719830923062,0.615686274509804,0.9237789074960128,-0.01903735497388748,0.4654555422647528
ACRIN-6698-165925,10,0.48210449218749996,0.14269638360715378,0.2638623028054384,0.10567359366221982,0.1450980392156863,0.23921568627450981,0.4235294117647059,0.0,0.2295702586454504,0.41777232884385546,0.23752102087120616,0.19215686274509805,0.32941176470588235,0.8274509803921568,0.019720458984375,0.22902216294232539,0.41755719069789793,0.21710351981755543,0.20392156862745098,0.34901960784313724,0.7647058823529411,0.01156463623046875,0.15391002603841705,0.18328649755086385,0.4549019607843137,0.8595908169518691,-0.00021513814595748262,0.4132548437279027
ACRIN-6698-169918,10,0.5197158813476562,0.1447894167432598,0.2746595107405236,0.12657416239490107,0.12549019607843137,0.25098039215686274,0.4549019607843137,0.0,0.24682053509880514,0.4420606391108192,0.28310860595240234,0.11372549019607843,0.3843137254901961,0.9137254901960784,0.0328857421875,0.24504739200367648,0.4367700928235851,0.25821632376239173,0.13725490196078433,0.38823529411764707,0.8392156862745098,0.0229339599609375,0.1674011283702956,0.23930174972648074,0.5333333333333333,0.725590054613212,-0.005290546287234136,0.44856858739543587
ACRIN-6698-172366,10,0.6359542846679688,0.10456784715839461,0.22575579420513328,0.12254864854075728,0.11372549019607843,0.18823529411764706,0.38823529411764707,0.0,0.19469411812576592,0.42329935876589286,0.27431513767417326,0.13333333333333333,0.34901960784313724,0.9176470588235294,0.02593841552734375,0.2103890692018995,0.4320193470692857,0.2650676842833732,0.13333333333333333,0.37254901960784315,0.8666666666666667,0.01270904541015625,0.1975435645607596,0.21537400609317756,0.5568627450980392,0.864184490801866,0.008719988303392831,0.44346364547051104
ACRIN-6698-179369,10,0.5944931030273437,0.12647773892271752,0.27463523367526227,0.12834771346583407,0.11764705882352941,0.26666666666666666,0.4470588235294118,0.0,0.21262327306410847,0.45341015831964854,0.27728306034218736,0.1411764705882353,0.40784313725490196,0.9176470588235294,0.027044677734375,0.21913500019148285,0.466974235179165,0.2664062971527758,0.1568627450980392,0.4392156862745098,0.8901960784313725,0.016693115234375,0.17877492464438635,0.20460165924916568,0.5215686274509804,0.8641558138572283,0.013564076859516388,0.38988082919101574
ACRIN-6698-179568,10,0.6961822509765625,0.10112471636603859,0.2910651812329572,0.17704285147942872,0.11372549019607843,0.22745098039215686,0.5647058823529412,0.0,0.14577480540556065,0.4173694706148242,0.2967551085996083,0.13333333333333333,0.29411764705882354,0.9490196078431372,0.02291259765625,0.1518452782724418,0.4316415106045432,0.2662134271039105,0.15294117647058825,0.34509803921568627,0.8509803921568627,0.013934326171875,0.12630428938186694,0.1655295359211679,0.38823529411764707,0.8098538496308573,0.014272039989718956,0.34002310280749337
ACRIN-6698-188700,10,0.5016845703125,0.14455278583601408,0.287327311013573,0.09359909992287926,0.1843137254901961,0.26666666666666666,0.42745098039215684,0.0,0.2367579860313266,0.46748028984755435,0.22157785698719706,0.24313725490196078,0.403921568627451,0.8431372549019608,0.01983489990234375,0.24834393669577207,0.4913086321197432,0.20841644857193975,0.25098039215686274,0.45098039215686275,0.796078431372549,0.00877532958984375,0.1801529788339813,0.1916308441208919,0.5176470588235295,0.9340766008524815,0.023828342272188874,0.31737482239968645
ACRIN-6698-196064,10,0.5326705932617187,0.11375214819814644,0.22578918353140667,0.08961920633134887,0.12941176470588237,0.20392156862745098,0.3568627450980392,0.0,0.20539133109298408,0.3967737831903378,0.27078718332372925,0.1450980392156863,0.30196078431372547,0.8901960784313725,0.03155670166015625,0.18725692449831494,0.3639750241345571,0.20207453178607374,0.16470588235294117,0.30980392156862746,0.6588235294117647,0.004681396484375,0.17098459965893112,0.23788350322876853,0.6039215686274509,0.8454430582265916,-0.03279875905578071,0.3913422514195038
ACRIN-6698-202535,10,0.4806121826171875,0.14010536343443628,0.26117703972295353,0.13587225178319245,0.13725490196078433,0.2196078431372549,0.4588235294117647,4.2724609375e-05,0.19828807756012562,0.37084729527941923,0.24031242120635019,0.16862745098039217,0.28627450980392155,0.8,0.033612060546875,0.21813297645718444,0.3993089506342454,0.24375800506987053,0.17647058823529413,0.3176470588235294,0.8470588235294118,0.03427886962890625,0.10967025555646571,0.14476350606348565,0.3176470588235294,0.9037886399558148,0.02846165535482612,0.29973324402296214
ACRIN-6698-209967,10,0.647491455078125,0.1167741064931832,0.30504609566101565,0.14855315897649207,0.12941176470588237,0.2823529411764706,0.5137254901960784,1.068115234375e-05,0.1683725514131434,0.43792079796163985,0.2470960878820041,0.1450980392156863,0.403921568627451,0.8392156862745098,0.0139892578125,0.18721237481809128,0.4861216667430543,0.24806297210184095,0.18823529411764706,0.4588235294117647,0.8745098039215686,0.01804962158203125,0.13287470230062418,0.14847986928691329,0.3607843137254902,0.8418794909531643,0.04820086878141439,0.23305774391827547
ACRIN-6698-213913,10,0.7494247436523438,0.10997944551355698,0.3585275914807607,0.2242359453337526,0.11372549019607843,0.3058823529411765,0.6705882352941176,0.00115814208984375,0.14706899605545343,0.4585953521327053,0.2832664883197596,0.10196078431372549,0.42745098039215684,0.8941176470588236,0.01817169189453125,0.1563380521886489,0.49364116131847063,0.2972395007088988,0.09803921568627451,0.47058823529411764,0.9529411764705882,0.021697998046875,0.10006776065194464,0.13903908291321102,0.27450980392156865,0.7585329168112924,0.035045809185765324,0.3051876480510544
ACRIN-6698-218503,10,0.4094085693359375,0.21202163995481005,0.35195387939441375,0.1440122387548957,0.2196078431372549,0.30980392156862746,0.5647058823529412,6.103515625e-06,0.2696077952665441,0.4437372077884248,0.2138299412249115,0.2549019607843137,0.36470588235294116,0.8196078431372549,0.0213348388671875,0.2855950030158548,0.47031104559121156,0.20676371806001442,0.27450980392156865,0.403921568627451,0.8196078431372549,0.0134063720703125,0.09178332839401102,0.1370979611961966,0.2823529411764706,0.8150109804934763,0.02657383780278679,0.31913189510399176
ACRIN-6698-219545,10,0.5788162231445313,0.10718039718328738,0.2340603224592195,0.14707340391288082,0.11764705882352941,0.1843137254901961,0.43529411764705883,0.00080413818359375,0.15711531096813725,0.3379827080002191,0.23479280073932862,0.1450980392156863,0.2549019607843137,0.7098039215686275,0.02493896484375,0.1747181791417739,0.37617389944163604,0.24578876981101822,0.1568627450980392,0.2901960784313726,0.8117647058823529,0.03008880615234375,0.10392238554099958,0.13828617260952555,0.2823529411764706,0.8197350259213773,0.038191191441416965,0.2646770062348973
ACRIN-6698-220471,10,0.7093841552734375,0.10074001536649815,0.28222655851869144,0.18792196751834203,0.11764705882352941,0.21568627450980393,0.5568627450980392,0.0020660400390625,0.15978836358762255,0.4559193844188591,0.28551773477024595,0.10980392156862745,0.43529411764705883,0.9058823529411765,0.02032012939453125,0.16049111160577512,0.45400043939490337,0.27321854195085876,0.12156862745098039,0.43137254901960786,0.8823529411764706,0.01567230224609375,0.17369282590016757,0.24368190270579793,0.5568627450980392,0.727892763758939,-0.0019189450239556702,0.4604637242856693
ACRIN-6698-220925,10,0.67294921875,0.09871659821155024,0.2507281951299481,0.12504444767417713,0.11372549019607843,0.23137254901960785,0.396078431372549,0.00022430419921875,0.16624013264973958,0.43363864469347013,0.28404519547364504,0.1411764705882353,0.34901960784313724,0.9647058823529412,0.02877960205078125,0.17327374626608455,0.44693389598299754,0.2569005985230014,0.1568627450980392,0.39215686274509803,0.8588235294117647,0.01078033447265625,0.18291044956352204,0.20363525409389313,0.5529411764705883,0.9050462824723798,0.013295251289527455,0.2970662884443117
ACRIN-6698-222135,10,0.5635467529296875,0.12976220224417892,0.2794436202360147,0.14825155202792503,0.12156862745098039,0.23921568627450981,0.5019607843137255,9.1552734375e-06,0.17462070839077817,0.3689635278515498,0.2476144829616779,0.11372549019607843,0.30196078431372547,0.7450980392156863,0.01757049560546875,0.19832198797487746,0.41213020473227713,0.2778807603823178,0.12156862745098039,0.32941176470588235,0.8705882352941177,0.0235198974609375,0.08951990761553508,0.13958838511687868,0.2823529411764706,0.7252704223973374,0.043166676880727325,0.3427669437898991
ACRIN-6698-227055,10,0.48091278076171873,0.14223590925628063,0.2468217811333135,0.12986398393125748,0.11764705882352941,0.20392156862745098,0.4470588235294118,0.0,0.22709119609757966,0.38896152248470417,0.27380018216718904,0.12156862745098039,0.29411764705882354,0.8823529411764706,0.03679962158203125,0.24136250813802082,0.41435046573591533,0.26696953039599175,0.13725490196078433,0.3333333333333333,0.8549019607843137,0.03413543701171875,0.14213974135139065,0.20069398264804114,0.48627450980392156,0.7734700416533162,0.025388943251211164,0.33007534047250203
ACRIN-6698-233191,10,0.5296966552734375,0.1363049077052696,0.2600918321244232,0.10715145206717393,0.12156862745098039,0.2549019607843137,0.4,0.0,0.24652141496246938,0.46609317392998767,0.2716423463983748,0.13333333333333333,0.43137254901960786,0.8941176470588236,0.02706146240234375,0.2583453668332567,0.4830936697593338,0.2578163345460017,0.1568627450980392,0.4549019607843137,0.8745098039215686,0.01828155517578125,0.20600134180556443,0.21624022424436903,0.5411764705882353,0.8355806604416355,0.017000495829346148,0.40252678299125944
ACRIN-6698-234723,10,0.52547607421875,0.13602253035003065,0.27074156264517485,0.10459336774040166,0.1450980392156863,0.25098039215686274,0.41568627450980394,0.0,0.24436918969247856,0.47537565768467754,0.2475062940396663,0.20784313725490197,0.4117647058823529,0.8666666666666667,0.019903564453125,0.24305081834980086,0.4738484118469244,0.2315967117954816,0.21568627450980393,0.42745098039215684,0.8235294117647058,0.01301727294921875,0.2046340950395027,0.18929318102829543,0.49411764705882355,0.9346075682350218,-0.0015272458377532064,0.4032361793532786
ACRIN-6698-239910,10,0.79073486328125,0.07574544270833333,0.27914803732844706,0.13510755297024712,0.11764705882352941,0.25882352941176473,0.49411764705882355,9.1552734375e-06,0.12728502460554536,0.47467834009879983,0.27488881091184064,0.1568627450980392,0.41568627450980394,1.0,0.02351837158203125,0.13667068182253372,0.49361278198498676,0.2714644592581276,0.17254901960784313,0.4392156862745098,1.0,0.023223876953125,0.19553030277035272,0.18414907510810244,0.4745098039215686,0.8693490054249547,0.018934441886186898,0.3384034299714169
ACRIN-6698-240957,10,0.5137298583984375,0.15335532992493875,0.29403161870995376,0.14627813213035465,0.12156862745098039,0.27450980392156865,0.48627450980392156,0.0,0.260433152142693,0.49468006154269467,0.27439265852245603,0.16862745098039217,0.4470588235294118,0.9176470588235294,0.027197265625,0.23755398021024818,0.44612768447887874,0.24872672475990426,0.1568627450980392,0.403921568627451,0.8235294117647058,0.011602783203125,0.2006484428327409,0.19247050314959208,0.49019607843137253,0.9046478935114001,-0.048552377063815905,0.5410126709384276
ACRIN-6698-241998,10,0.4591278076171875,0.19470546946806067,0.3201721385264086,0.19017207642318706,0.12156862745098039,0.27058823529411763,0.5843137254901961,0.0016265869140625,0.27217799168007045,0.4237869989024087,0.2674723547545597,0.09411764705882353,0.3803921568627451,0.8549019607843137,0.035150146484375,0.2570553469190411,0.404610248854864,0.25460796487769377,0.08235294117647059,0.3764705882352941,0.788235294117647,0.0193328857421875,0.103614860376,0.2308067783014034,0.4627450980392157,0.6229906394407362,-0.019176750047544593,0.5051711588699621
ACRIN-6698-253531,10,0.6512283325195313,0.12228759167241116,0.2837697404015966,0.17260291981904186,0.11372549019607843,0.23529411764705882,0.5254901960784314,0.0003662109375,0.19582491407207414,0.4639299532019956,0.2856374427081734,0.11764705882352941,0.43137254901960786,0.9098039215686274,0.02232208251953125,0.18314597933900123,0.42771852501145013,0.2711161741552316,0.10196078431372549,0.396078431372549,0.8274509803921568,0.01335296630859375,0.180160212800399,0.23015696154056647,0.5176470588235295,0.7790620857414108,-0.03621142819054551,0.5887317288719917
ACRIN-6698-255388,10,0.60947265625,0.11605076808555453,0.2573810119196466,0.15406051591454434,0.11764705882352941,0.21176470588235294,0.4470588235294118,0.001837158203125,0.19544523949716605,0.4387637350514099,0.26011081632076316,0.14901960784313725,0.3843137254901961,0.8549019607843137,0.020068359375,0.1926417750938266,0.4235916362669099,0.2545094168702117,0.13333333333333333,0.3843137254901961,0.796078431372549,0.01443328857421875,0.18138272313176332,0.2061503539628014,0.5176470588235295,0.855917104276069,-0.015172098784500047,0.5347743185796449
ACRIN-6698-263143,10,0.43166961669921877,0.1783001349954044,0.3077083948939305,0.15179510747040584,0.1843137254901961,0.2549019607843137,0.5058823529411764,0.0,0.2573412068684896,0.44188671734074436,0.2466503401885641,0.23529411764705882,0.3333333333333333,0.8901960784313725,0.02564849853515625,0.2655166147269455,0.4566072584201604,0.2488819318886171,0.23921568627450981,0.35294117647058826,0.9098039215686274,0.02957611083984375,0.13417832244681388,0.15906897505210146,0.4117647058823529,0.901436660482574,0.014720541079416078,0.33595463686130894
ACRIN-6698-264305,10,0.6081390380859375,0.12706099566291362,0.2891341199070649,0.15296298513411768,0.12549019607843137,0.24705882352941178,0.5098039215686274,1.220703125e-05,0.16919349820006127,0.3814000432149808,0.2505233700637194,0.1411764705882353,0.3058823529411765,0.807843137254902,0.02163543701171875,0.19265754849303002,0.43253255821233516,0.2663160000186296,0.1607843137254902,0.3568627450980392,0.9137254901960784,0.02863616943359375,0.0922659233079159,0.15123337532950662,0.3215686274509804,0.7404929714574977,0.05113251499735442,0.26175382578560025
ACRIN-6698-266840,10,0.5879058837890625,0.13140474805644914,0.29591585914182017,0.11119954175022545,0.1450980392156863,0.2980392156862745,0.4392156862745098,0.0,0.23797124526079963,0.5406708645616206,0.2471822581285539,0.2235294117647059,0.5019607843137255,0.9372549019607843,0.0290313720703125,0.23345631917317708,0.5317085258215554,0.2286704792161884,0.23921568627450981,0.5058823529411764,0.8705882352941177,0.01602630615234375,0.2447550054198004,0.2069847009661998,0.5607843137254902,0.9076720850149961,-0.008962338740065212,0.5023549450142556
ACRIN-6698-275034,10,0.2790771484375,0.22268113080193014,0.302940255143,0.12218468097607586,0.1450980392156863,0.29411764705882354,0.45098039215686275,0.0,0.3467623542336857,0.4735453233411621,0.21641869013545836,0.2196078431372549,0.42745098039215684,0.7803921568627451,0.01308135986328125,0.36998174929151345,0.5047015927844943,0.219695591515252,0.24313725490196078,0.4549019607843137,0.8156862745098039,0.0194580078125,0.17060506819816212,0.13153998287605728,0.36470588235294116,0.9728995225033018,0.031156269443332208,0.25092282163297097
ACRIN-6698-275626,10,0.6580810546875,0.10050193038641238,0.2443962765398912,0.11664903613666693,0.11372549019607843,0.21568627450980393,0.40784313725490196,0.0,0.1663595760569853,0.39656717488852017,0.26445910295892416,0.13333333333333333,0.3137254901960784,0.8549019607843137,0.020892333984375,0.1713308536305147,0.40988806518680304,0.2584882240944719,0.13725490196078433,0.3411764705882353,0.8313725490196079,0.01466827392578125,0.15217089834862899,0.21145553336539963,0.5254901960784314,0.8100410567654409,0.013320890298282826,0.3718136379864334
ACRIN-6698-277888,10,0.5848648071289062,0.11220882041781556,0.24253993073836055,0.15036800869590639,0.11372549019607843,0.1843137254901961,0.4745098039215686,9.1552734375e-05,0.1599413823146446,0.3403788612109955,0.2226205981181688,0.14901960784313725,0.25882352941176473,0.6627450980392157,0.01680450439453125,0.17700660256778494,0.37671875739853505,0.23579065486270653,0.16470588235294117,0.29411764705882354,0.7568627450980392,0.0231048583984375,0.0978389304726349,0.10673261914488301,0.2196078431372549,0.9082124360901703,0.03633989618753961,0.1929332544300401
ACRIN-6698-280375,10,0.3966064453125,0.2058044672947304,0.33422178521418683,0.1400230058452297,0.20784313725490197,0.29411764705882354,0.5411764705882353,9.1552734375e-06,0.27213927624272366,0.44110968967801567,0.20863442161438842,0.26666666666666666,0.36470588235294116,0.8156862745098039,0.0231170654296875,0.2664469341203278,0.4323829201921513,0.1843867136258221,0.2627450980392157,0.37254901960784315,0.7294117647058823,0.005670166015625,0.10688790446382883,0.11904095108668798,0.25882352941176473,0.9478985433946996,-0.008726769485864342,0.40043748735585677
ACRIN-6698-283070,10,0.672711181640625,0.1191473628025429,0.30572049307200266,0.17975376659695982,0.12156862745098039,0.27058823529411763,0.5333333333333333,0.002032470703125,0.17124761843213848,0.44311811254535566,0.2717197694944138,0.11764705882352941,0.40784313725490196,0.8666666666666667,0.0178009033203125,0.17916473388671877,0.42742459794652066,0.2682620052600967,0.10196078431372549,0.403921568627451,0.8235294117647058,0.0183441162109375,0.137397619473353,0.21417228250788461,0.4745098039215686,0.720390504074744,-0.015693514598835077,0.5262713760886187
ACRIN-6698-284443,10,0.671392822265625,0.10215247060738357,0.26459911886892984,0.10176216933102708,0.12156862745098039,0.27058823529411763,0.39215686274509803,0.0,0.17829850739123776,0.46625991654857674,0.27779573034442495,0.15294117647058825,0.38823529411764707,1.0,0.03439483642578125,0.18436297248391545,0.4856871376496883,0.24787854067713908,0.1803921568627451,0.43529411764705883,0.8823529411764706,0.01012420654296875,0.2016607976796469,0.2245995296141262,0.6078431372549019,0.8850600865543565,0.019427221101111558,0.36095581270083027
ACRIN-6698-284593,10,0.6621261596679687,0.09432488534964767,0.2137230904537275,0.11418987898225448,0.10980392156862745,0.16470588235294117,0.4117647058823529,0.0,0.16774101706112132,0.37095401447230597,0.2695824170677947,0.11372549019607843,0.2784313725490196,0.8588235294117647,0.01754302978515625,0.17439442952473957,0.3964262080555366,0.29277814214632114,0.10980392156862745,0.2980392156862745,0.9803921568627451,0.031475830078125,0.15723092401857844,0.18599096388242317,0.4666666666666667,0.8106390761824332,0.025472193583230638,0.380853456412665
ACRIN-6698-285339,10,0.6105636596679688,0.1096741081686581,0.26156277784935483,0.09151406258385224,0.14901960784313725,0.2549019607843137,0.39215686274509803,0.0,0.19553291470396753,0.45139679405875927,0.2496208929536338,0.2,0.3843137254901961,0.8980392156862745,0.01762542724609375,0.1930828618068321,0.4496608283585983,0.22236361958961398,0.19215686274509805,0.41568627450980394,0.7803921568627451,0.0045166015625,0.18983401620940435,0.22420283322091927,0.6,0.8782506141735986,-0.0017359657001609755,0.4262697818753159
ACRIN-6698-287961,10,0.689569091796875,0.09320225734336704,0.23006192193949598,0.11369539288106571,0.11372549019607843,0.2,0.3843137254901961,0.0,0.1867269717945772,0.43782913137729085,0.26994054472231943,0.11372549019607843,0.38823529411764707,0.8509803921568627,0.01533660888671875,0.18337441238702512,0.4290299667182104,0.24668178608465166,0.12549019607843137,0.4,0.7764705882352941,0.01257781982421875,0.20776720943779492,0.23304302786803982,0.5725490196078431,0.8045358919407798,-0.008799164659080438,0.46071154715794027
ACRIN-6698-289420,10,0.6622772216796875,0.09357593611174939,0.21982668059316982,0.10258690578482756,0.10980392156862745,0.19215686274509805,0.3686274509803922,0.0,0.15593064252068015,0.3620328265042971,0.28817317616316057,0.09803921568627451,0.25098039215686274,0.9176470588235294,0.02393951416015625,0.16515261780981924,0.3834228190892315,0.235534805942684,0.1450980392156863,0.3137254901960784,0.7647058823529411,0.0048553466796875,0.1422061459111273,0.24463486017599292,0.592156862745098,0.737658699679212,0.021389992584934393,0.3425970270636606
ACRIN-6698-293142,10,0.693505859375,0.08197591744217218,0.22863467077128763,0.14592229636711826,0.11372549019607843,0.1843137254901961,0.38823529411764707,0.00325469970703125,0.13728226605583638,0.38248160105208245,0.22389127259195146,0.1843137254901961,0.30980392156862746,0.7294117647058823,0.018536376953125,0.1522248032513787,0.42633833603538596,0.22892172214842973,0.20784313725490197,0.3568627450980392,0.8117647058823529,0.0208465576171875,0.1538469302807948,0.13964336061525565,0.3333333333333333,0.9795682650947906,0.0438567349833035,0.13384180340927196
ACRIN-6698-294739,10,0.40566864013671877,0.20960833381204044,0.3422897099461247,0.12833265031984045,0.22745098039215686,0.3137254901960784,0.49411764705882355,0.00351104736328125,0.25114577947878375,0.4119655359942442,0.16878745671064893,0.2627450980392157,0.36470588235294116,0.6392156862745098,0.01342315673828125,0.2782921884574142,0.4568816179132365,0.18882334080896224,0.2823529411764706,0.4,0.7411764705882353,0.0213531494140625,0.06967582604811959,0.0934698654886204,0.12549019607843137,0.9508473662455296,0.04491608191899228,0.08156846837363704
ACRIN-6698-296123,10,0.770465087890625,0.09709518133425246,0.3325593587343199,0.2028012797978467,0.11372549019607843,0.2901960784313726,0.6274509803921569,6.866455078125e-05,0.13747835645488662,0.4676113698065181,0.2784122241488033,0.09803921568627451,0.4470588235294118,0.9137254901960784,0.0192474365234375,0.15064657173904716,0.5036523498702005,0.28683472423436507,0.10588235294117647,0.5019607843137255,0.9803921568627451,0.02180633544921875,0.13505201107219816,0.1459200394333472,0.30980392156862746,0.8365264445448986,0.036040980063682344,0.2876990985720744
ACRIN-6698-296841,10,0.54630126953125,0.1149317902209712,0.23450269768089654,0.16228254906814832,0.11764705882352941,0.17254901960784313,0.4745098039215686,0.000421142578125,0.1819715612074908,0.3692673159881974,0.2028104085961052,0.2,0.30196078431372547,0.6941176470588235,0.01277313232421875,0.19716188318589153,0.40100260245621644,0.2159785956712923,0.20392156862745098,0.3333333333333333,0.7647058823529411,0.01732025146484375,0.13476461830730085,0.08695671841696893,0.23137254901960785,0.966818683240509,0.031735286468019014,0.23651357386929264
ACRIN-6698-298101,10,0.551129150390625,0.12964162789139091,0.24598872794974155,0.14859302966235566,0.11764705882352941,0.19215686274509805,0.4745098039215686,0.0,0.20421740363625918,0.3757170341587541,0.25587740047322605,0.12549019607843137,0.2901960784313726,0.788235294117647,0.0228668212890625,0.21153820561427694,0.3917317813001491,0.25995978148599375,0.12941176470588237,0.30196078431372547,0.807843137254902,0.022589111328125,0.12972830620901257,0.19313720138887974,0.38823529411764707,0.7661980066083788,0.016014747141394937,0.40174115823395834
ACRIN-6698-299962,10,0.44076843261718746,0.12876761642156864,0.21819107377629002,0.087675093006584,0.12156862745098039,0.19607843137254902,0.34901960784313724,0.0,0.2312764186485141,0.39142801410573996,0.24631010638270806,0.16470588235294117,0.2980392156862745,0.8117647058823529,0.02514495849609375,0.25985044591567097,0.4405080026651832,0.2682326701153773,0.16862745098039217,0.34901960784313724,0.9058823529411765,0.036181640625,0.17323694032944995,0.19614592900026834,0.4980392156862745,0.8694917844026434,0.049079988559443226,0.21842138292705554
ACRIN-6698-301665,10,0.5960189819335937,0.11524901745366115,0.2557399449564644,0.14377273436858454,0.11372549019607843,0.20784313725490197,0.4666666666666667,0.00092926025390625,0.17682098987055758,0.3887085432126415,0.24465108504933172,0.15294117647058825,0.30196078431372547,0.7686274509803922,0.02225494384765625,0.20165460324754902,0.43866175524460355,0.24465616978179047,0.1843137254901961,0.3686274509803922,0.8392156862745098,0.0227203369140625,0.13296859825617707,0.1532899680259217,0.39215686274509803,0.9093079209678455,0.04995321203196201,0.17026435961065597
ACRIN-6698-306401,10,0.6515304565429687,0.09149090935202206,0.22084455401178482,0.15540733590711533,0.10980392156862745,0.1568627450980392,0.4627450980392157,0.00084228515625,0.1412940290862439,0.3315922532307183,0.22588863664292766,0.1568627450980392,0.24313725490196078,0.6862745098039216,0.01710662841796875,0.156758087756587,0.37055979025713265,0.23254763463598163,0.17647058823529413,0.2784313725490196,0.7529411764705882,0.0191253662109375,0.11074769921893346,0.11652849946062113,0.25882352941176473,0.9271717759980383,0.03896753702641439,0.1846715680049743
ACRIN-6698-317402,10,0.5850051879882813,0.12323579077627145,0.2683383558555587,0.12234316088464249,0.12549019607843137,0.24705882352941178,0.44313725490196076,0.0,0.22029125138825062,0.4518260417182599,0.26445320656702703,0.14901960784313725,0.396078431372549,0.8784313725490196,0.0228057861328125,0.1903945743336397,0.38725752262658336,0.22136646904925775,0.12941176470588237,0.34901960784313724,0.7058823529411765,0.0047119140625,0.1834876858627012,0.23061766702831632,0.5411764705882353,0.7863007453000503,-0.0645685190916765,0.5767011924065434
ACRIN-6698-317641,10,0.5972747802734375,0.13723403033088236,0.3125879188109147,0.11585096518241371,0.15294117647058825,0.3176470588235294,0.4588235294117647,1.52587890625e-06,0.21451621859681372,0.4872980283690789,0.2441993129510944,0.21568627450980393,0.4196078431372549,0.8901960784313725,0.02397918701171875,0.2108229573567708,0.4793366185181306,0.20594600323666754,0.24313725490196078,0.44313725490196076,0.7803921568627451,0.01020355224609375,0.17471010955816418,0.20723079746244716,0.5294117647058824,0.8375743568370402,-0.007961409850948297,0.4241730761944455
ACRIN-6698-320538,10,0.5726882934570312,0.148755553002451,0.32202640028740687,0.11816558283742956,0.1568627450980392,0.3176470588235294,0.4823529411764706,0.0,0.22022361605775123,0.4643404972891768,0.20775812375552,0.22745098039215686,0.43137254901960786,0.7568627450980392,0.01031341552734375,0.22150607838350184,0.47014736462390616,0.20888416652395475,0.2196078431372549,0.4470588235294118,0.7568627450980392,0.0079345703125,0.14231409700176997,0.15729825946397946,0.3686274509803922,0.8903596947611617,0.005806867334729337,0.3739532857454034
ACRIN-6698-323721,10,0.39129791259765623,0.18681599934895834,0.2991681784729113,0.10168056216854184,0.2,0.2784313725490196,0.4235294117647059,0.0,0.24583808450137867,0.39351357828846184,0.17816764306006935,0.25098039215686274,0.33725490196078434,0.6313725490196078,0.01826171875,0.25765294093711705,0.41144601127684827,0.18102231742521388,0.2549019607843137,0.3568627450980392,0.6784313725490196,0.014935302734375,0.09434539981555055,0.12335042442654891,0.21568627450980393,0.913486196445895,0.01793243298838641,0.3140487166567649
ACRIN-6698-326433,10,0.7027175903320313,0.1136142027611826,0.30592047625560614,0.19465022907884535,0.11372549019607843,0.23529411764705882,0.6039215686274509,0.00103759765625,0.20260971966911764,0.5283195136318526,0.26577888310576026,0.17254901960784313,0.5294117647058824,0.9176470588235294,0.01879425048828125,0.19059399174708944,0.49782039913338905,0.25714122215073526,0.15294117647058825,0.4980392156862745,0.8509803921568627,0.01152801513671875,0.22239903737624642,0.22972150507370553,0.5764705882352941,0.8612820604946952,-0.030499114498463546,0.5469827077355808
ACRIN-6698-328160,10,0.5956878662109375,0.11550277410768994,0.2456090996613009,0.09505757667027637,0.11764705882352941,0.24705882352941178,0.3686274509803922,0.0,0.20078409232345282,0.436321492555206,0.27049959370258336,0.1450980392156863,0.34509803921568627,0.8862745098039215,0.02443389892578125,0.18960699343213847,0.40576572856564597,0.21618303761513302,0.1607843137254902,0.3607843137254902,0.7333333333333333,0.0043792724609375,0.19071239289390512,0.22267474926112024,0.5647058823529412,0.8538740234743556,-0.030555763989560048,0.46540363059969053
ACRIN-6698-329076,10,0.5929702758789063,0.13612108417585783,0.2987137964677494,0.1366149252746197,0.12941176470588237,0.2823529411764706,0.49019607843137253,0.0,0.22813417322495402,0.503123240216458,0.2589486631202977,0.1803921568627451,0.4823529411764706,0.8941176470588236,0.023321533203125,0.2255316162109375,0.4976832841319815,0.25344772001347404,0.18823529411764706,0.4666666666666667,0.8823529411764706,0.0230133056640625,0.2044094437487086,0.18977213338748902,0.49411764705882355,0.894605830905976,-0.00543995608447652,0.40940427589774736
ACRIN-6698-335536,10,0.461328125,0.15688091203278187,0.27595967479631445,0.13583189051694486,0.13725490196078433,0.23529411764705882,0.48627450980392156,0.0,0.22394235648360908,0.383010031423737,0.24860621593701615,0.14901960784313725,0.2901960784313726,0.7803921568627451,0.02196197509765625,0.23381153181487438,0.3997747639665003,0.23010878469706866,0.17647058823529413,0.3137254901960784,0.7529411764705882,0.01324920654296875,0.10705035662742254,0.18387664592473318,0.4196078431372549,0.7154527737490936,0.0167647325427633,0.34110145485859317
ACRIN-6698-342959,10,0.5637451171875,0.12969274782666973,0.26549194080228766,0.1464040275518749,0.12156862745098039,0.2196078431372549,0.49019607843137253,0.0001983642578125,0.19096938189338236,0.3689939390048929,0.25810214738765547,0.10196078431372549,0.2980392156862745,0.7764705882352941,0.02341461181640625,0.21300526936848957,0.4048966251115142,0.2677932245936451,0.12549019607843137,0.32941176470588235,0.8666666666666667,0.03027801513671875,0.10350199820260524,0.1848881161784181,0.3803921568627451,0.6768635625944373,0.03590268610662128,0.3511983043259276
ACRIN-6698-343898,10,0.5893356323242187,0.12068751316444547,0.2800853838356617,0.09717217685248314,0.1568627450980392,0.27058823529411763,0.40784313725490196,0.0,0.25740909950405944,0.5757769156047418,0.2220184657867183,0.2980392156862745,0.5607843137254902,0.8784313725490196,0.0154998779296875,0.26245118982651655,0.5961646341050271,0.18992090566369174,0.34509803921568627,0.6078431372549019,0.8352941176470589,0.0046051025390625,0.29569153176908014,0.2066856096376573,0.596078431372549,0.9433885848260897,0.020387718500285194,0.4226720617687166
ACRIN-6698-345907,10,0.5667648315429688,0.14650358910654107,0.3064245977690187,0.16361663576777455,0.12156862745098039,0.27058823529411763,0.5372549019607843,4.2724609375e-05,0.21575710521024818,0.44590133751836564,0.2632491494368514,0.13333333333333333,0.40784313725490196,0.8549019607843137,0.01929473876953125,0.2175341318167892,0.44671990497352415,0.2338323491544769,0.1607843137254902,0.42745098039215684,0.7803921568627451,0.01381683349609375,0.13947673974934696,0.16835238801027663,0.396078431372549,0.8088157083736902,0.0008185674551585185,0.38372809720876994
ACRIN-6698-355942,10,0.6436767578125,0.12598595114315256,0.31700170955672435,0.18428637272675605,0.12156862745098039,0.27450980392156865,0.5882352941176471,0.0004852294921875,0.18252105712890626,0.43412406209486193,0.2367410087098944,0.16862745098039217,0.39215686274509803,0.7843137254901961,0.0157989501953125,0.1936973362342984,0.47126117593320305,0.25177169603728194,0.1803921568627451,0.43137254901960786,0.8823529411764706,0.0245025634765625,0.11712235253813756,0.14145827142620285,0.3176470588235294,0.8570357999314834,0.03713711383834109,0.37212658444672836
ACRIN-6698-356431,10,0.710693359375,0.08737240062040441,0.22794179697195335,0.14461499436003147,0.10980392156862745,0.17254901960784313,0.42745098039215684,1.8310546875e-05,0.14251621620327817,0.382599466368826,0.2685135484849422,0.13725490196078433,0.2784313725490196,0.8705882352941177,0.02069549560546875,0.15502713670917584,0.41255702407545297,0.26802331449417693,0.1568627450980392,0.3137254901960784,0.9058823529411765,0.0229888916015625,0.1546576693968727,0.16958588822063614,0.4470588235294118,0.9313818565400844,0.029957557706626954,0.19772151898734178
ACRIN-6698-361701,10,0.4386245727539062,0.20951180252374388,0.3602958750902638,0.10791664276764902,0.23921568627450981,0.35294117647058826,0.4823529411764706,0.00064544677734375,0.2508377912932751,0.4238329337981404,0.1820791631633211,0.27450980392156865,0.36470588235294116,0.6823529411764706,0.01428985595703125,0.26388145895565257,0.4469433305976378,0.1646005413932756,0.30196078431372547,0.40784313725490196,0.6745098039215687,0.0080780029296875,0.06353705870787658,0.1642583188115386,0.26666666666666666,0.6004109778936295,0.023110396799497394,0.2586714432880406
ACRIN-6698-373346,10,0.44082489013671877,0.18249945547066482,0.31960808391402,0.11497756544636646,0.21568627450980393,0.2980392156862745,0.4470588235294118,0.0006866455078125,0.22466204474954046,0.39357504859276415,0.16178718568172226,0.2549019607843137,0.35294117647058826,0.5882352941176471,0.0129913330078125,0.23167914895450367,0.40567277549423314,0.17038051452608347,0.2627450980392157,0.3607843137254902,0.6235294117647059,0.01506805419921875,0.07396696467874413,0.09718740014033653,0.16862745098039217,0.8724993928412573,0.012097726901468958,0.36599529008543885
ACRIN-6698-375954,10,0.5262451171875,0.16149292590571385,0.3133029313245525,0.17414757650652182,0.12941176470588237,0.25882352941176473,0.5764705882352941,0.0005645751953125,0.19721884334788603,0.3703007866377677,0.24283624933039397,0.12156862745098039,0.3058823529411765,0.7411764705882353,0.016339111328125,0.22101460176355697,0.4111796282542906,0.2582585157723829,0.13725490196078433,0.34509803921568627,0.8392156862745098,0.02407684326171875,0.05699785531321521,0.14173719625664158,0.23921568627450981,0.6278858541612986,0.04087884161652293,0.34547796959546506
ACRIN-6698-384830,10,0.3916259765625,0.20553134693818934,0.32780204922773315,0.10962758316373829,0.2196078431372549,0.3058823529411765,0.4627450980392157,0.00051422119140625,0.27085129681755515,0.43392753305021997,0.1921773833535687,0.26666666666666666,0.3764705882352941,0.7019607843137254,0.02648162841796875,0.285025910022212,0.45726343549177767,0.192304913987909,0.2823529411764706,0.4,0.7529411764705882,0.0257720947265625,0.10612548382248682,0.1503968062624779,0.23921568627450981,0.9366372045427184,0.023335902441557706,0.22069756009470684
ACRIN-6698-396723,10,0.3714691162109375,0.28710479736328126,0.4422604585175642,0.13613669520505656,0.27058823529411763,0.43529411764705883,0.6039215686274509,0.00176239013671875,0.3381372429342831,0.5224083039606496,0.1755969158403284,0.3254901960784314,0.5058823529411764,0.7333333333333333,0.02493896484375,0.36423373353247546,0.5569994764755294,0.186526023661563,0.34901960784313724,0.5450980392156862,0.796078431372549,0.02967987060546875,0.08014784544308555,0.10975413611331215,0.1803921568627451,0.8574119840549241,0.03459117251487961,0.28522458571449383
ACRIN-6698-397505,10,0.7223175048828125,0.10038722617953431,0.306351694770071,0.16465352107262932,0.11764705882352941,0.27058823529411763,0.5450980392156862,1.678466796875e-05,0.16338696648092832,0.4715819771875736,0.2641228579605186,0.12156862745098039,0.4588235294117647,0.8313725490196079,0.01656646728515625,0.17137493058746936,0.4904860446228144,0.26218929812851355,0.12941176470588237,0.49411764705882355,0.8431372549019608,0.01808319091796875,0.16523028241750262,0.17970709415424657,0.403921568627451,0.8121352661252211,0.018904067435240847,0.4208548098163555
ACRIN-6698-399478,10,0.674609375,0.1000920374253217,0.2712267995433467,0.182540496823018,0.11372549019607843,0.19607843137254902,0.5568627450980392,0.00079345703125,0.1399555460611979,0.37368666216486596,0.2401423808766921,0.14901960784313725,0.28627450980392155,0.7607843137254902,0.011138916015625,0.16241196576286765,0.4327222984782148,0.25042574344817076,0.1803921568627451,0.34901960784313724,0.8509803921568627,0.01882781982421875,0.1024598626215192,0.11885373896369263,0.2627450980392157,0.8648099864945978,0.05903563631334887,0.17824786164465786
ACRIN-6698-401215,10,0.6797943115234375,0.09978594611672795,0.2733406214522978,0.1386983533457731,0.11764705882352941,0.24705882352941178,0.4588235294117647,0.000103759765625,0.142692123113894,0.3841237111475517,0.188502525703312,0.17254901960784313,0.35294117647058826,0.6313725490196078,0.00448455810546875,0.1504998539943321,0.40139711371801523,0.188800500944827,0.18823529411764706,0.3764705882352941,0.6352941176470588,0.00650482177734375,0.11078308969525384,0.10789813701147026,0.24705882352941178,0.9034024303073624,0.017273402570463496,0.3359065999523469
ACRIN-6698-407539,10,0.6654647827148438,0.09301055908203125,0.23511467504065497,0.15886840816983655,0.11372549019607843,0.1803921568627451,0.41568627450980394,0.00375518798828125,0.14105480119293812,0.3607360008786106,0.2343910554893447,0.1450980392156863,0.2784313725490196,0.7333333333333333,0.01188812255859375,0.154700455011106,0.39329444158103033,0.2364708349806448,0.1568627450980392,0.3176470588235294,0.7686274509803922,0.0136383056640625,0.12562132583795557,0.15266201873716392,0.3568627450980392,0.9187834392289763,0.03255844070241978,0.18862803946342152
ACRIN-6698-408692,10,0.5491943359375,0.15540753532858456,0.3230889255241766,0.1357281295805888,0.1411764705882353,0.3215686274509804,0.5019607843137255,0.0,0.22630527271943932,0.47036721566503664,0.23673856257181342,0.1803921568627451,0.44313725490196076,0.8392156862745098,0.01913909912109375,0.225450636919807,0.46539880696389035,0.20702188583098452,0.20392156862745098,0.4549019607843137,0.7490196078431373,0.0082183837890625,0.14727829014086002,0.1646448964250943,0.4,0.8623916869753588,-0.0049684087011463126,0.3930239642567019
ACRIN-6698-409288,10,0.7221954345703125,0.09328318277994792,0.2817606628726564,0.15963668889358748,0.11372549019607843,0.23137254901960785,0.5019607843137255,0.00031890869140625,0.1289539950501685,0.3701530678732369,0.25160136418939427,0.09411764705882353,0.3137254901960784,0.7294117647058823,0.00899810791015625,0.14717937394684436,0.405218002658435,0.27590539656614366,0.08235294117647059,0.3607843137254902,0.8156862745098039,0.01250762939453125,0.08839240500058049,0.1652625883478834,0.3137254901960784,0.6450769518076259,0.03506493478519815,0.3417901593962496
ACRIN-6698-412772,10,0.42942504882812504,0.19105669806985293,0.3186037285168552,0.12205348687208784,0.17254901960784313,0.30980392156862746,0.4627450980392157,0.00072479248046875,0.2698599303002451,0.4402963168515697,0.1899579152026966,0.24705882352941178,0.403921568627451,0.6901960784313725,0.02322845458984375,0.28344836665134804,0.4687137202045543,0.18410082890523996,0.26666666666666666,0.4392156862745098,0.7294117647058823,0.0165679931640625,0.12169258833471452,0.15982280850458108,0.2627450980392157,0.9160542558540056,0.028417403352984597,0.2211525090123338
ACRIN-6698-413211,10,0.5203369140625,0.14036211200788912,0.26458723179809923,0.12440275490234246,0.11764705882352941,0.25098039215686274,0.43137254901960786,3.0517578125e-05,0.23650642544615502,0.4450417890472726,0.2591700603746707,0.15294117647058825,0.39215686274509803,0.8549019607843137,0.02316741943359375,0.24173700669232537,0.45195181472599216,0.24018330898526555,0.16862745098039217,0.41568627450980394,0.807843137254902,0.014923095703125,0.1804545572491734,0.18708909949271135,0.49411764705882355,0.905599455387591,0.006910025678719597,0.3197021173716089
ACRIN-6698-417474,10,0.7707473754882812,0.07290599149816177,0.23599371632334704,0.09936906291205537,0.10980392156862745,0.22745098039215686,0.3686274509803922,0.0,0.12096636603860293,0.42567051833546,0.30577969372902025,0.12941176470588237,0.30980392156862746,1.0,0.02477264404296875,0.12204272700291054,0.4136845760847819,0.2528589509777813,0.14901960784313725,0.3411764705882353,0.8352941176470589,0.00458831787109375,0.18967680201211293,0.2357363432552133,0.6196078431372549,0.8762870815944837,-0.011985942250678084,0.3643430975153584
ACRIN-6698-421917,10,0.6576004028320312,0.13444826013901653,0.3474197504488103,0.16257600015235704,0.12941176470588237,0.33725490196078434,0.5803921568627451,0.0,0.22664408365885416,0.5572952107824569,0.2552239397870914,0.1843137254901961,0.5686274509803921,0.9215686274509803,0.02186279296875,0.2371905038871017,0.5905091206027187,0.2609723743095747,0.19215686274509805,0.611764705882353,0.9450980392156862,0.0208740234375,0.2098754603336466,0.2030852772268688,0.48627450980392156,0.880255798926001,0.0332139098202618,0.3663985382918514
ACRIN-6698-422013,10,0.5916091918945312,0.14146805108762253,0.327347821318609,0.16623273217993578,0.13333333333333333,0.30196078431372547,0.5607843137254902,0.0003173828125,0.20478611964805454,0.4414634859297866,0.24994210206670214,0.1450980392156863,0.4,0.8117647058823529,0.01334228515625,0.22805273916207108,0.49580070554916106,0.2605684537460718,0.18823529411764706,0.4549019607843137,0.9098039215686274,0.02520904541015625,0.11411566461117761,0.17111036964036108,0.36470588235294116,0.7451941578894273,0.05433721961937445,0.279308631273749
ACRIN-6698-429220,10,0.7235153198242188,0.08730017568550859,0.2802923305118998,0.15730422197744365,0.11372549019607843,0.22745098039215686,0.5058823529411764,7.9345703125e-05,0.13431635239545037,0.41637407536180693,0.2611925507189184,0.13333333333333333,0.36470588235294116,0.803921568627451,0.01806488037109375,0.14322191425398284,0.43439166579284794,0.26646334732726207,0.13725490196078433,0.3803921568627451,0.8431372549019608,0.01502685546875,0.13608174484990718,0.17219171105853165,0.43529411764705883,0.8506873734112596,0.018017590431040988,0.37182182927973423
ACRIN-6698-430441,10,0.5810348510742187,0.12425394694010417,0.27332701907268064,0.13982327679562007,0.12156862745098039,0.24313725490196078,0.4823529411764706,0.00032196044921875,0.1974284871419271,0.41789002431797306,0.2346658162370147,0.17647058823529413,0.35294117647058826,0.796078431372549,0.0199432373046875,0.20552031273935356,0.4388700087115659,0.2537023853868752,0.17647058823529413,0.3607843137254902,0.8980392156862745,0.03001556396484375,0.14456300524529248,0.1313974298068169,0.34901960784313724,0.9401179285654453,0.020979984393592818,0.3950679782790005
ACRIN-6698-432114,10,0.8102935791015625,0.06764013552198224,0.2700960126019103,0.167004332733088,0.11372549019607843,0.21176470588235294,0.5607843137254902,0.0,0.1116881965188419,0.4245992745826674,0.2662876331179884,0.1568627450980392,0.3333333333333333,0.9098039215686274,0.014007568359375,0.12307256960401347,0.4572899268936537,0.2778515048752947,0.16470588235294117,0.3686274509803922,0.9921568627450981,0.01869659423828125,0.15450326198075712,0.14006684587277698,0.3686274509803922,0.8783681611247849,0.03269065231098633,0.21491884239821116
ACRIN-6698-435279,10,0.48686370849609373,0.16311615588618258,0.2919923625448443,0.16130326830714764,0.12156862745098039,0.25098039215686274,0.5215686274509804,0.0009765625,0.2326509842218137,0.41179846536058884,0.2313691768102445,0.16470588235294117,0.3568627450980392,0.7529411764705882,0.0189178466796875,0.26233345181334256,0.4653046029095306,0.2517406001239575,0.18823529411764706,0.4117647058823529,0.8784313725490196,0.0335357666015625,0.11980610281574455,0.1264688404116156,0.28627450980392155,0.8798117095712319,0.05350613754894177,0.21975443740354278
ACRIN-6698-460642,10,0.59970703125,0.10832985073912378,0.24271150244679476,0.138870738664075,0.11372549019607843,0.1843137254901961,0.47843137254901963,0.0,0.16717219932406555,0.3649272120411961,0.22754811019274665,0.1607843137254902,0.2823529411764706,0.6784313725490196,0.02032928466796875,0.181607390759038,0.3960719885050873,0.23750152164620314,0.17254901960784313,0.30980392156862746,0.7529411764705882,0.0234893798828125,0.12221570959440131,0.13891508853738677,0.2980392156862745,0.930642382288363,0.03114477646389124,0.24982465235423273
ACRIN-6698-462582,10,0.4467117309570312,0.13731614056755514,0.23576752471630372,0.09615247973801008,0.13725490196078433,0.20392156862745098,0.3803921568627451,0.0,0.22362955130782783,0.37662674670450635,0.24410334665817462,0.1568627450980392,0.2784313725490196,0.7764705882352941,0.0199127197265625,0.23476144229664522,0.3939237386667091,0.2340372981140923,0.17647058823529413,0.3058823529411765,0.7686274509803922,0.013037109375,0.1408592219882026,0.1939495335711588,0.4666666666666667,0.8454204736309407,0.017296991962202708,0.3555679351797972
ACRIN-6698-465008,10,0.37239227294921873,0.21473257027420342,0.3311317062850367,0.14592419091096676,0.1803921568627451,0.30196078431372547,0.5254901960784314,0.00043792724609375,0.2860864616842831,0.4357642665389825,0.2038388151426607,0.24313725490196078,0.3764705882352941,0.7686274509803922,0.0157012939453125,0.286247008080576,0.43532380764826445,0.2069725027604185,0.23921568627450981,0.3764705882352941,0.7764705882352941,0.0151580810546875,0.10463256025394581,0.15140366730823068,0.30196078431372547,0.8120293988218104,-0.00044045889071805613,0.4544612444658396
ACRIN-6698-467686,10,0.7001663208007812,0.09618688845166973,0.28315146841539585,0.1285342555832864,0.13725490196078433,0.26666666666666666,0.44313725490196076,7.32421875e-05,0.17011254404105391,0.4943877876343032,0.23735807616613036,0.20392156862745098,0.4627450980392157,0.8509803921568627,0.016656494140625,0.1675932222254136,0.49319887772716303,0.2166140289949357,0.23137254901960785,0.4627450980392157,0.803921568627451,0.00859222412109375,0.21123631921890737,0.19891535777583721,0.5176470588235295,0.9070529621015883,-0.001188909907140175,0.4301599499234093
ACRIN-6698-474874,10,0.612237548828125,0.10448032154756434,0.23146094187151495,0.11422995228762862,0.11372549019607843,0.19607843137254902,0.4117647058823529,0.0,0.1736221732345282,0.3872435442200365,0.2642624169193452,0.12941176470588237,0.29411764705882354,0.8352941176470589,0.021575927734375,0.19582585951861214,0.4382312355771353,0.2762011035138749,0.15294117647058825,0.33725490196078434,0.9019607843137255,0.0222991943359375,0.15578260234852154,0.18815243359507153,0.4823529411764706,0.8667855062882687,0.05098769135709879,0.23809242731894664
ACRIN-6698-490023,10,0.6267929077148438,0.1349937229530484,0.3230746278109339,0.14171223907485705,0.1568627450980392,0.3058823529411765,0.5176470588235295,1.068115234375e-05,0.20201515945733764,0.4782107988441406,0.22391436595637376,0.23921568627450981,0.42745098039215684,0.8431372549019608,0.01885986328125,0.2134931556851256,0.515721860999444,0.2300123070962674,0.24705882352941178,0.4745098039215686,0.8941176470588236,0.02402801513671875,0.1551361710332067,0.17029369025503915,0.36470588235294116,0.9238260727354498,0.03751106215530348,0.2518224748042603
ACRIN-6698-490805,10,0.598065185546875,0.1277013920802696,0.29374725882335073,0.12147165791880907,0.13333333333333333,0.2901960784313726,0.45098039215686275,0.0,0.2266752056047028,0.4997380975988409,0.23701270264611354,0.19607843137254902,0.48627450980392156,0.8470588235294118,0.015667724609375,0.21797114951937807,0.4857310980517212,0.23698735802756726,0.17254901960784313,0.47843137254901963,0.8196078431372549,0.01077423095703125,0.20599083877549015,0.21054390542586923,0.5176470588235295,0.8595318360591013,-0.014006999547119654,0.4881212701015899
ACRIN-6698-506623,10,0.6742340087890625,0.10158260569852941,0.27405896698754634,0.19728401334540127,0.10980392156862745,0.1843137254901961,0.5882352941176471,0.00216064453125,0.145984161975337,0.38469022502721756,0.2702689854040132,0.15294117647058825,0.26666666666666666,0.9607843137254902,0.0307647705078125,0.16107214235791972,0.4251566237706639,0.2763372852351045,0.17254901960784313,0.30980392156862746,1.0,0.0378509521484375,0.11063125803967122,0.1208089603633113,0.28627450980392155,0.9223865776087384,0.04046639874344634,0.16000918058587127
ACRIN-6698-511851,10,0.405633544921875,0.2160497687844669,0.34295802156518435,0.21000160583705363,0.12941176470588237,0.2823529411764706,0.6666666666666666,0.00702056884765625,0.2846076396867341,0.44420761105912876,0.24930270739607074,0.17254901960784313,0.3803921568627451,0.8274509803921568,0.02986907958984375,0.30467416800704655,0.4758621935953605,0.24869937592255514,0.1843137254901961,0.42745098039215684,0.8509803921568627,0.02617034912109375,0.10124958949394444,0.14508571197927286,0.26666666666666666,0.8028593873548228,0.031654582536231754,0.361487353795915
ACRIN-6698-516763,10,0.6622665405273438,0.08999369303385417,0.222344101847356,0.13905527793228334,0.10980392156862745,0.17647058823529413,0.38823529411764707,0.001739501953125,0.15839670817057291,0.3913785978208901,0.25422542127135267,0.1607843137254902,0.2980392156862745,0.8627450980392157,0.02465972900390625,0.1688704247568168,0.41552940255153464,0.2643417614671787,0.17647058823529413,0.30980392156862746,0.9450980392156862,0.0283843994140625,0.1690344959735341,0.1609681640060129,0.4235294117647059,0.946574680238731,0.024150804730644522,0.32178533186950214
ACRIN-6698-516834,10,0.6502914428710938,0.10308754116881128,0.24953595584011032,0.11233485895811535,0.12156862745098039,0.22745098039215686,0.403921568627451,0.0,0.18698288263059132,0.44789854244815497,0.2487300371110816,0.16470588235294117,0.403921568627451,0.8470588235294118,0.01668701171875,0.18617844525505514,0.45161489968503055,0.22899031032058745,0.17254901960784313,0.42745098039215684,0.7843137254901961,0.00874481201171875,0.1983625866080446,0.2136638966699505,0.5568627450980392,0.8687523179963784,0.0037163572368755955,0.41988786351637325
ACRIN-6698-520471,10,0.618853759765625,0.12604107426662073,0.29128795336092067,0.17709747848455576,0.12156862745098039,0.23529411764705882,0.5372549019607843,0.002099609375,0.1898991423962163,0.44626109607613923,0.27480435359988603,0.11764705882352941,0.4235294117647059,0.8705882352941177,0.0203857421875,0.18381041882084864,0.4290136859586341,0.254268144773561,0.12156862745098039,0.403921568627451,0.8,0.0127471923828125,0.1549731427152186,0.21835661965510136,0.5137254901960784,0.7336581421045046,-0.017247410117505135,0.47067112911749165
ACRIN-6698-522140,10,0.4290008544921875,0.2414023545209099,0.4114942380575864,0.12424121896039012,0.2823529411764706,0.396078431372549,0.5843137254901961,4.57763671875e-06,0.30636879116881127,0.5184324100287613,0.1739337852833636,0.34509803921568627,0.4980392156862745,0.7333333333333333,0.0200164794921875,0.31909095315372243,0.5406409109700907,0.1773950770926291,0.35294117647058826,0.5215686274509804,0.7725490196078432,0.01681060791015625,0.10693817197117483,0.1388825349057535,0.2784313725490196,0.8638331418187649,0.022208500941329472,0.34093957938056174
ACRIN-6698-524170,10,0.5502212524414063,0.15243568570006127,0.3156246838230555,0.13250538006933227,0.13725490196078433,0.3176470588235294,0.4823529411764706,3.35693359375e-05,0.21699513154871325,0.44889628677805143,0.2239707510430315,0.17254901960784313,0.42745098039215684,0.7568627450980392,0.01147613525390625,0.21279314826516543,0.4368365389559597,0.21425253758455826,0.2,0.396078431372549,0.7529411764705882,0.0149505615234375,0.13327160295499596,0.13760571013598144,0.33725490196078434,0.873822374960562,-0.012059747822091718,0.42826707195853
ACRIN-6698-530095,10,0.47176513671875,0.23474784103094362,0.42404720282492864,0.1692928222753744,0.24313725490196078,0.38823529411764707,0.6627450980392157,0.00316009521484375,0.27747133741191793,0.49975573456799355,0.18700156870591875,0.2980392156862745,0.4627450980392157,0.7725490196078432,0.0156646728515625,0.3083589142444087,0.5574607383220891,0.1806210821764233,0.36470588235294116,0.5176470588235295,0.8274509803921568,0.020330810546875,0.07570853174306488,0.11006862070841851,0.15294117647058825,0.845229704434636,0.05770500375409564,0.13911388163519978
ACRIN-6698-531988,10,0.44374237060546873,0.27021630979051775,0.47476334309183216,0.1989048673808203,0.19215686274509805,0.4823529411764706,0.7372549019607844,0.00242156982421875,0.31235070920458025,0.5421609155637326,0.24698573741420365,0.17647058823529413,0.5647058823529412,0.8627450980392157,0.01642608642578125,0.29811966241574755,0.5142776524460871,0.2481530564693513,0.16862745098039217,0.5215686274509804,0.8470588235294118,0.0118499755859375,0.06739757247190041,0.19912002378120885,0.3137254901960784,0.6418067255704994,-0.027883263117645392,0.5352915520272995
ACRIN-6698-547892,10,0.3309890747070312,0.2614095411113664,0.3841652500003019,0.12369104673058733,0.25882352941176473,0.3686274509803922,0.5176470588235295,0.00040740966796875,0.3158786549287684,0.46170040302598414,0.17035247770663325,0.32941176470588235,0.4117647058823529,0.6823529411764706,0.02666778564453125,0.315830353381587,0.4603711001761,0.16929274711107736,0.3215686274509804,0.4117647058823529,0.6745098039215687,0.0253173828125,0.07753515302568229,0.11599130890317308,0.21176470588235294,0.8241390557039342,-0.001329302849884169,0.45316494960576403
ACRIN-6698-563681,10,0.4503265380859375,0.15250984341490503,0.25700053135396633,0.10965521917140744,0.12549019607843137,0.23921568627450981,0.41568627450980394,0.0,0.2794137633080576,0.462699539417026,0.2637989732426429,0.17254901960784313,0.3843137254901961,0.8980392156862745,0.0303955078125,0.2910699522729014,0.4809183507844084,0.26939137013943587,0.16862745098039217,0.4117647058823529,0.9098039215686274,0.0366973876953125,0.20569900806305966,0.20543558857620906,0.5294117647058824,0.8649377904362164,0.018218811367382442,0.45503755892003533
ACRIN-6698-564701,10,0.6988021850585937,0.09686718510646446,0.26179129263677525,0.1718556881067063,0.11372549019607843,0.2,0.5019607843137255,0.00084381103515625,0.16030652812882965,0.43762159355036034,0.285135774003365,0.12941176470588237,0.3607843137254902,0.9058823529411765,0.02142181396484375,0.15851048488242953,0.4206205536223497,0.2680702069438803,0.12549019607843137,0.3607843137254902,0.8313725490196079,0.01887969970703125,0.17583030091358504,0.22312453596604728,0.5411764705882353,0.8147705339095105,-0.01700103992801064,0.48962222571215797
ACRIN-6698-571995,10,0.6387939453125,0.12460759181602328,0.31404548436474966,0.12446269587509529,0.14901960784313725,0.3137254901960784,0.47058823529411764,0.0,0.19858098647173714,0.4907503859942084,0.26525122654036243,0.17647058823529413,0.44313725490196076,0.9725490196078431,0.031695556640625,0.20503915824142155,0.5094740207674824,0.2427608554998208,0.20392156862745098,0.48627450980392156,0.8862745098039215,0.0134918212890625,0.17670490162945882,0.239918476304219,0.5686274509803921,0.7877365664075702,0.018723634773273958,0.35538611017235555
ACRIN-6698-573919,10,0.6985565185546875,0.11769701789407168,0.348321799132806,0.16940217706307598,0.14901960784313725,0.3176470588235294,0.592156862745098,0.00017242431640625,0.1690891340667126,0.5074691516462017,0.23571317902422856,0.23137254901960785,0.48627450980392156,0.8705882352941177,0.0214141845703125,0.17868989233877144,0.5387989424385727,0.24668171264889915,0.23137254901960785,0.5215686274509804,0.9450980392156862,0.0262908935546875,0.15914735251339568,0.15266108878158682,0.3607843137254902,0.8639308745963129,0.03132979079237109,0.34655840934630533
ACRIN-6698-580541,10,0.39226989746093754,0.1636307181564032,0.26327368203295903,0.09370733366634006,0.1843137254901961,0.23529411764705882,0.403921568627451,0.0,0.2210055482153799,0.35417324270486844,0.19176111253654723,0.2196078431372549,0.2823529411764706,0.6039215686274509,0.02077178955078125,0.20633149390127145,0.330561339384027,0.15350401588366197,0.21176470588235294,0.2784313725490196,0.5490196078431373,0.00452117919921875,0.09089956067190938,0.1323005550407272,0.25882352941176473,0.8961615137013473,-0.023611903320841444,0.47069162051009084
ACRIN-6698-580632,10,0.54254150390625,0.13562066171683518,0.2580005101440176,0.12214238139198709,0.11372549019607843,0.23921568627450981,0.43137254901960786,0.0,0.2473462153416054,0.4794093055501053,0.3019241925887838,0.13333333333333333,0.43529411764705883,1.0,0.05590667724609375,0.2313587443033854,0.4433446219047993,0.25849969025627173,0.13333333333333333,0.4235294117647059,0.8392156862745098,0.017388916015625,0.2214087954060877,0.23044577029416025,0.596078431372549,0.8905003335557038,-0.03606468364530602,0.4927785190126751
ACRIN-6698-584561,10,0.39847564697265625,0.142155013738894,0.23360375907145323,0.07426131157067672,0.14901960784313725,0.21568627450980393,0.33725490196078434,0.0,0.24239094453699447,0.3956835040498703,0.27253175786832845,0.17647058823529413,0.2549019607843137,0.9176470588235294,0.0347869873046875,0.23376507329005822,0.37905650668877067,0.21626257590366416,0.1803921568627451,0.2823529411764706,0.7450980392156863,0.00208282470703125,0.162079744978417,0.23230665287936825,0.611764705882353,0.8666286163641668,-0.01662699736109961,0.42083888233578126
ACRIN-6698-587604,10,0.5524993896484375,0.1494021666283701,0.30374163918450353,0.14235485041457963,0.13333333333333333,0.28627450980392155,0.5019607843137255,0.000115966796875,0.23633590399050244,0.4633627229678945,0.2657521382319572,0.1450980392156863,0.4235294117647059,0.8941176470588236,0.02803497314453125,0.2168234432444853,0.41382516276353765,0.24493997366935613,0.11372549019607843,0.3764705882352941,0.7647058823529411,0.010247802734375,0.15962108378339096,0.21442039805127763,0.5058823529411764,0.7681792453473544,-0.049537560204356845,0.5407639272489208
ACRIN-6698-587691,10,0.48333740234375,0.11333046109068627,0.20947762991788563,0.08369950226923512,0.12941176470588237,0.1843137254901961,0.3333333333333333,0.0,0.18851668413947612,0.3376698400565188,0.2501846872626876,0.1411764705882353,0.2196078431372549,0.8,0.02152557373046875,0.18193243886910235,0.3258895336043454,0.21224680458173772,0.1450980392156863,0.23529411764705882,0.6705882352941176,0.00527191162109375,0.12819221013863313,0.20446995745629853,0.5098039215686274,0.811116361488482,-0.011780306452173308,0.43159480212640283
ACRIN-6698-591810,10,0.55096435546875,0.13605241962507658,0.2838034604898096,0.09797455475550292,0.16470588235294117,0.27450980392156865,0.4196078431372549,0.0,0.2642269837622549,0.5421599810238082,0.27663857024658794,0.1843137254901961,0.5176470588235295,0.9254901960784314,0.01955108642578125,0.26211662142884495,0.5293290370382215,0.21307405830105144,0.23921568627450981,0.5411764705882353,0.7843137254901961,0.00731353759765625,0.25835652053399855,0.25974989123989556,0.6352941176470588,0.8380216120701373,-0.012830943985586624,0.535007475873318
ACRIN-6698-597907,10,0.6647689819335938,0.11144521077473958,0.27928663247162067,0.12832151649590548,0.12549019607843137,0.2627450980392157,0.45098039215686275,2.13623046875e-05,0.19514189477060354,0.49157110947903565,0.2699994211302289,0.15294117647058825,0.47058823529411764,0.8823529411764706,0.01402587890625,0.19958792293772978,0.4909834730489327,0.25299890318529084,0.1607843137254902,0.4823529411764706,0.8549019607843137,0.012677001953125,0.21228447700741493,0.22938003840588073,0.5647058823529412,0.8527562961715454,-0.0005876364301028858,0.41702890799601267
ACRIN-6698-598835,10,0.6221054077148438,0.0964982515222886,0.23758929075451998,0.12189865801537901,0.11372549019607843,0.2,0.4,0.0,0.14817044127221202,0.36615410608616106,0.24235864809869426,0.1607843137254902,0.2784313725490196,0.7803921568627451,0.02548980712890625,0.1641107417087929,0.4027027576961083,0.25174799594272096,0.16862745098039217,0.30980392156862746,0.8705882352941177,0.0217071533203125,0.1285648153316411,0.16108418161510588,0.36470588235294116,0.9643418114569747,0.036548651609947254,0.1700456680005007
ACRIN-6698-609151,10,0.5080093383789063,0.1480642520680147,0.28176895850220207,0.1092487961364561,0.13333333333333333,0.2823529411764706,0.4117647058823529,3.814697265625e-05,0.2784617644665288,0.5329306814450832,0.2670719041430249,0.18823529411764706,0.5098039215686274,0.9058823529411765,0.0158477783203125,0.27190507477405024,0.5161983950236867,0.23065096236836516,0.20392156862745098,0.5098039215686274,0.8196078431372549,0.00650177001953125,0.251161722942881,0.2175275463689251,0.5803921568627451,0.9314613048993428,-0.016732286421396375,0.48813854747217233
ACRIN-6698-618717,10,0.65579833984375,0.11486393348843443,0.29552161716550296,0.13934771896650158,0.12941176470588237,0.26666666666666666,0.49411764705882355,0.0,0.22161019717945774,0.5430187956304627,0.22964837492846601,0.23137254901960785,0.5490196078431373,0.8509803921568627,0.01532440185546875,0.23101882036994487,0.5793228767905361,0.2350450852258551,0.24705882352941178,0.596078431372549,0.8862745098039215,0.01372222900390625,0.24749717846495978,0.19053555267215616,0.5450980392156862,0.9356358832499911,0.03630408116007335,0.32890467070964996
ACRIN-6698-618860,10,0.39952850341796875,0.14773926379633884,0.24222683114285037,0.0763173566586397,0.16862745098039217,0.2235294117647059,0.34509803921568627,0.0,0.23529257381663604,0.38076429855342175,0.21374740791927158,0.20784313725490197,0.29411764705882354,0.7019607843137254,0.02427215576171875,0.2371619908949908,0.38470600691836354,0.2130600219382249,0.2,0.3058823529411765,0.7294117647058823,0.01445159912109375,0.13853746741057138,0.1756869401347291,0.396078431372549,0.9182008766914427,0.003941708364941809,0.4088151959850073
ACRIN-6698-628788,10,0.625115966796875,0.12682210884842218,0.297761846797624,0.15238358459095674,0.12549019607843137,0.25882352941176473,0.5215686274509804,1.52587890625e-06,0.18571942497702207,0.3978987993823407,0.2595640342035681,0.09411764705882353,0.34901960784313724,0.807843137254902,0.00899810791015625,0.1971679448146446,0.4196539090066596,0.2716653545145883,0.09411764705882353,0.3686274509803922,0.8588235294117647,0.01571502685546875,0.10013695258471667,0.1997566337691429,0.3843137254901961,0.6644755051203985,0.02175510962431895,0.42912440370557303
ACRIN-6698-629371,10,0.6536361694335937,0.1184293799306832,0.2941732935877871,0.12612132892167421,0.13725490196078433,0.28627450980392155,0.4588235294117647,0.0,0.20347249947342216,0.484883933969459,0.2345393121572889,0.23529411764705882,0.43529411764705883,0.9098039215686274,0.0268951416015625,0.2010815190333946,0.4903642964545076,0.2176189935292359,0.24313725490196078,0.4549019607843137,0.8235294117647058,0.02058563232421875,0.19071064038167196,0.21890804982594814,0.5686274509803921,0.90895754494632,0.0054803624850485585,0.3953469930790817
ACRIN-6698-629606,10,0.665972900390625,0.11187553256165748,0.29037369803842744,0.1570173184527611,0.12549019607843137,0.25882352941176473,0.49019607843137253,0.00038604736328125,0.19483640184589462,0.505442558553562,0.2505877901148583,0.1843137254901961,0.48627450980392156,0.8980392156862745,0.019921875,0.1970449649586397,0.5101657711342252,0.24859614950250558,0.18823529411764706,0.5019607843137255,0.8823529411764706,0.01534271240234375,0.21506886051513446,0.20375705389285476,0.5333333333333333,0.8948919180660369,0.004723212580663307,0.4242056023535001
ACRIN-6698-631299,10,0.7221588134765625,0.12911625282437195,0.4385476976727007,0.14250855472919463,0.27450980392156865,0.43137254901960786,0.6196078431372549,3.0517578125e-06,0.15403005562576594,0.5135448386487489,0.20253233490110656,0.30980392156862746,0.47843137254901963,0.8196078431372549,0.008526611328125,0.1663859588024663,0.5603506466347619,0.2133592762616953,0.34509803921568627,0.5254901960784314,0.8901960784313725,0.014349365234375,0.07499714097604816,0.15377352782948578,0.2627450980392157,0.7118504442955527,0.046805807986013075,0.263111936118098
ACRIN-6698-635632,10,0.6271514892578125,0.11368626613242953,0.27382119027271234,0.19533337290752278,0.11764705882352941,0.18823529411764706,0.5803921568627451,0.00206146240234375,0.14852256625306373,0.35444796719588184,0.23599302929802493,0.1450980392156863,0.25882352941176473,0.7411764705882353,0.01332855224609375,0.16188631543926163,0.38590393882128254,0.24251913418970683,0.16470588235294117,0.29411764705882354,0.788235294117647,0.01620941162109375,0.08062677692316951,0.10462899855057108,0.19607843137254902,0.8332105586249232,0.03145597162540072,0.2612768569674647
ACRIN-6698-638126,10,0.5114471435546875,0.14936084223728555,0.27778870307313125,0.16553497978478207,0.11372549019607843,0.2235294117647059,0.5058823529411764,0.00184478759765625,0.2355194331150429,0.41973534574334204,0.2582644317592962,0.13333333333333333,0.3607843137254902,0.8,0.0151275634765625,0.2518055755016851,0.4485288759108138,0.26320260574705073,0.14901960784313725,0.396078431372549,0.8549019607843137,0.0271881103515625,0.1419466426702108,0.1745436399169647,0.39215686274509803,0.8109176770421453,0.028793530167471795,0.39120114436344783
ACRIN-6698-641246,10,0.6109375,0.13027623793658086,0.28381976127549413,0.18516575856815234,0.11764705882352941,0.2235294117647059,0.5647058823529412,0.0023101806640625,0.20970717486213236,0.4695780056500512,0.27723603192180507,0.12941176470588237,0.4470588235294118,0.8784313725490196,0.02061767578125,0.20841518626493566,0.46170752249192853,0.2629644952442721,0.13333333333333333,0.4392156862745098,0.8352941176470589,0.01741943359375,0.18575824437455704,0.21931017161482583,0.5450980392156862,0.8170298381024096,-0.007870483158122688,0.4520543109939759
ACRIN-6698-641697,10,0.524700927734375,0.15700687782437195,0.32308949236854473,0.10060862443669538,0.2,0.3137254901960784,0.4549019607843137,0.0,0.2405817906996783,0.4829090502560353,0.20010027545467274,0.2784313725490196,0.4392156862745098,0.8,0.01255340576171875,0.25874333998736215,0.521438551407105,0.19249201717418532,0.3058823529411765,0.49019607843137253,0.8,0.01245269775390625,0.1598195578874905,0.1797884777869033,0.45098039215686275,0.891775711735775,0.038529501151069755,0.2302177905050531
ACRIN-6698-641977,10,0.6093765258789062,0.11232745002297793,0.2627217523597863,0.15197913054427112,0.11372549019607843,0.2,0.5098039215686274,2.13623046875e-05,0.16391929476868872,0.37598552200226887,0.2470496291425555,0.13725490196078433,0.28627450980392155,0.7450980392156863,0.01882476806640625,0.1710103173349418,0.3908266032595562,0.24436248434585056,0.1450980392156863,0.30980392156862746,0.7450980392156863,0.014520263671875,0.11326376964248253,0.1569656885588062,0.3215686274509804,0.8385735881780788,0.014841081257287387,0.3919937187254638
ACRIN-6698-649198,10,0.5268814086914062,0.13402263566559436,0.26058463893454165,0.16075336825329703,0.11764705882352941,0.2,0.47843137254901963,0.00109405517578125,0.1699923765893076,0.3350503025539465,0.2263468649321462,0.13725490196078433,0.24705882352941178,0.6823529411764706,0.01353607177734375,0.19146053538602942,0.3799804378781213,0.25258877602276364,0.15294117647058825,0.2784313725490196,0.807843137254902,0.0243255615234375,0.07446566361940486,0.10145056300723619,0.1803921568627451,0.8888483953261112,0.04493013532417479,0.12546482489042549
ACRIN-6698-652480,10,0.6188644409179688,0.1310279576918658,0.31106524609675723,0.13422876000646206,0.13333333333333333,0.30980392156862746,0.49019607843137253,0.00016632080078125,0.19555549172794118,0.4697906110851145,0.24015837617491068,0.1843137254901961,0.43137254901960786,0.8274509803921568,0.01904296875,0.22271573534198835,0.5384358266468878,0.26419370619114463,0.20392156862745098,0.5058823529411764,0.9725490196078431,0.03454742431640625,0.15872536498835724,0.1416034328146484,0.3764705882352941,0.91953751486302,0.06864521556177329,0.16193785756322537
ACRIN-6698-653927,10,0.5285720825195312,0.1638965861002604,0.32163808359679263,0.16358200032811862,0.11764705882352941,0.3176470588235294,0.5450980392156862,0.0,0.24771956499885112,0.48331767333335235,0.26359068562606097,0.14901960784313725,0.47843137254901963,0.8666666666666667,0.01699981689453125,0.2526192818435968,0.48879272665192375,0.23616661929881466,0.17254901960784313,0.4980392156862745,0.807843137254902,0.01271514892578125,0.16167958973655977,0.1620368803415832,0.3843137254901961,0.888174653266657,0.005475053318571364,0.39341651696849056
ACRIN-6698-654021,10,0.7210128784179688,0.08852543251187193,0.2360063560310389,0.1066118462288795,0.10980392156862745,0.22745098039215686,0.3843137254901961,0.0,0.14697472665824143,0.4090834577074812,0.2911976501533319,0.11372549019607843,0.3333333333333333,0.9568627450980393,0.02223358154296875,0.14509681252872242,0.39841768415390244,0.24675689748394222,0.12156862745098039,0.36470588235294116,0.803921568627451,0.00365447998046875,0.17307710167644233,0.24814181122004478,0.6470588235294118,0.8017195644207682,-0.010665773553578796,0.4174592669973802
ACRIN-6698-654064,10,0.707769775390625,0.09647694905598958,0.28559966729857006,0.1599770871542465,0.12156862745098039,0.23137254901960785,0.5411764705882353,3.0517578125e-05,0.1544484276865043,0.4404930484485195,0.2641858121418971,0.15294117647058825,0.3764705882352941,0.8901960784313725,0.02352142333984375,0.15981115004595586,0.44385300936306354,0.2762238696255478,0.13725490196078433,0.3764705882352941,0.9921568627450981,0.02891693115234375,0.15489338114994947,0.20071970112436527,0.4549019607843137,0.7844723156289813,0.0033599609145439748,0.413364940788237
ACRIN-6698-655128,10,0.5768157958984375,0.12154193952971813,0.2482521716617042,0.10847049481958115,0.11372549019607843,0.23529411764705882,0.396078431372549,0.0,0.21875612146714155,0.4530827040664898,0.2847862717407879,0.12941176470588237,0.396078431372549,0.9529411764705882,0.0326904296875,0.2216534902535233,0.4524720101570689,0.25268689157143454,0.1411764705882353,0.4235294117647059,0.8470588235294118,0.011004638671875,0.2048305324047856,0.22135689986677565,0.5803921568627451,0.8643532440559895,-0.0006106939094209246,0.4425682740915417
ACRIN-6698-661730,10,0.4388473510742188,0.22009167839499083,0.3835226127312222,0.1633583592440868,0.19215686274509805,0.3607843137254902,0.615686274509804,8.544921875e-05,0.31252082974303,0.5433807074332492,0.2370848941784703,0.2549019607843137,0.5137254901960784,0.9176470588235294,0.03265838623046875,0.312263458850337,0.5444228064706197,0.22172022606845673,0.26666666666666666,0.5254901960784314,0.8627450980392157,0.01029052734375,0.15985809470202697,0.15732767925382568,0.3607843137254902,0.9245507223519879,0.0010420990373705313,0.39604956533798136
ACRIN-6698-663144,10,0.6905792236328125,0.0855049342735141,0.23038760256595464,0.1738707531892663,0.10980392156862745,0.1568627450980392,0.49411764705882355,0.0014251708984375,0.12175973331227022,0.31809916222211776,0.2520287844888777,0.12941176470588237,0.21568627450980393,0.7568627450980392,0.02369232177734375,0.13325078627642464,0.35027373160900505,0.2612119426022842,0.13725490196078433,0.24313725490196078,0.8745098039215686,0.027215576171875,0.08771155965616316,0.12118223305529388,0.23137254901960785,0.8491532779043505,0.032174569386887224,0.22727855529583493
ACRIN-6698-664111,10,0.3796340942382812,0.16746507831648283,0.2584155951423104,0.10686971646402307,0.1411764705882353,0.22745098039215686,0.4235294117647059,0.0,0.25720450607000617,0.3894405193840879,0.2237515010522776,0.2,0.30196078431372547,0.7686274509803922,0.02281646728515625,0.2593280148973652,0.39487663996120903,0.2139508174522415,0.2,0.3176470588235294,0.7333333333333333,0.012457275390625,0.13102492424177756,0.16264565312393586,0.4,0.9106829691831279,0.005436120577121083,0.3759195991765114
ACRIN-6698-680881,10,0.5754150390625,0.12753699209175856,0.2756768206678911,0.1300776291698383,0.12549019607843137,0.24705882352941178,0.47058823529411764,0.0,0.20630016850490196,0.4466011549809965,0.2496707121430734,0.17647058823529413,0.3764705882352941,0.8470588235294118,0.020562744140625,0.2286870500153186,0.4968514534788673,0.26450622740536583,0.20392156862745098,0.4235294117647059,0.9529411764705882,0.0350982666015625,0.17092433431310539,0.17225710659648788,0.4549019607843137,0.9089004370076477,0.05025029849787077,0.22760335805876603
ACRIN-6698-683896,10,0.5235031127929688,0.1636247881721048,0.3107555528095437,0.12928197130096875,0.15294117647058825,0.30196078431372547,0.4627450980392157,6.103515625e-06,0.25240480310776653,0.4645021353904813,0.1994656995791788,0.23529411764705882,0.4392156862745098,0.7450980392156863,0.02001495361328125,0.2521992462756587,0.46911916500477485,0.18850815991598857,0.24705882352941178,0.45098039215686275,0.7098039215686275,0.01552734375,0.1537465825809376,0.17334857963796957,0.3607843137254902,0.9068135021151094,0.004617029614293544,0.4240530042238141
ACRIN-6698-685795,10,0.48344116210937504,0.1598826389686734,0.28514030474832164,0.17687942862284203,0.12156862745098039,0.22745098039215686,0.5490196078431373,0.00013580322265625,0.24780561858532477,0.42871543640674165,0.23387646024546888,0.1803921568627451,0.36470588235294116,0.788235294117647,0.02145233154296875,0.2590097225413603,0.44890609582365193,0.23311185041041105,0.18823529411764706,0.396078431372549,0.796078431372549,0.02149505615234375,0.14357513165842,0.169375664856734,0.34509803921568627,0.9011762551250694,0.020190659416910336,0.3095866860444507
ACRIN-6698-688291,10,0.4759719848632813,0.14000438017003675,0.2589961950414784,0.10276254732836707,0.1450980392156863,0.23137254901960785,0.41568627450980394,0.0,0.21998788272633274,0.4056498121557585,0.2521468991282491,0.17254901960784313,0.30980392156862746,0.8627450980392157,0.02584686279296875,0.22661043653301166,0.41864512462819253,0.2155056806546472,0.21176470588235294,0.34901960784313724,0.7764705882352941,0.00634765625,0.14665361711428013,0.19866107110018355,0.5058823529411764,0.8752602445352288,0.01299531247243399,0.27623337710779877
ACRIN-6698-688955,10,0.5673294067382812,0.1362637508616728,0.28320861775614303,0.11316324764113654,0.1568627450980392,0.2549019607843137,0.44313725490196076,0.0,0.22611401127833947,0.45433274521213685,0.24773868583311087,0.20392156862745098,0.39215686274509803,0.8588235294117647,0.02411956787109375,0.21506651036879595,0.4344022064398752,0.2263930855027871,0.19215686274509805,0.39215686274509803,0.7647058823529411,0.0118438720703125,0.17112412745599379,0.216238641485076,0.5176470588235295,0.8414487489199626,-0.019930538772261565,0.5109696531537091
ACRIN-6698-689452,10,0.679339599609375,0.09970877254710478,0.2691359441543905,0.1124666111442711,0.12156862745098039,0.2627450980392157,0.41568627450980394,4.57763671875e-06,0.19060648001876532,0.5196758624267416,0.28219413686553124,0.1568627450980392,0.49019607843137253,0.9254901960784314,0.0172943115234375,0.18965236888212317,0.50262578716699,0.25739640173934997,0.14901960784313725,0.5019607843137255,0.8549019607843137,0.00714263916015625,0.2505399182723511,0.23836948586728934,0.611764705882353,0.8684593714905685,-0.017050075259751576,0.4993909054571064
ACRIN-6698-689480,10,0.5211883544921875,0.1445594518324908,0.2709779251955854,0.145818733411699,0.12549019607843137,0.22745098039215686,0.49019607843137253,0.00042724609375,0.2139754830154718,0.367424226234596,0.24848284682787078,0.10980392156862745,0.3058823529411765,0.7529411764705882,0.0213653564453125,0.2345965695848652,0.39712175353707135,0.25850695843334537,0.12549019607843137,0.3333333333333333,0.8274509803921568,0.0275543212890625,0.0964463010390106,0.1844627626222648,0.3607843137254902,0.6718197288667087,0.02969752730247532,0.376489034207155
ACRIN-6698-690089,10,0.5640655517578125,0.17118929993872548,0.3736226487766906,0.15078449946021216,0.2196078431372549,0.3333333333333333,0.6352941176470588,0.0,0.23112393248314952,0.4879712243883041,0.20961372209335188,0.2784313725490196,0.4196078431372549,0.792156862745098,0.01455841064453125,0.24302589566099878,0.5100260981274768,0.2196331421260864,0.2901960784313726,0.4470588235294118,0.8352941176470589,0.01765289306640625,0.11434857561161353,0.13317864296180837,0.28627450980392155,0.885734387141487,0.022054873739172736,0.3837952494627119
ACRIN-6698-691753,10,0.6816162109375,0.10951424991383273,0.30469292923825464,0.19248284686287095,0.11764705882352941,0.23137254901960785,0.6,8.392333984375e-05,0.14904097613166362,0.4125946862910489,0.2595525958437402,0.15294117647058825,0.3176470588235294,0.8274509803921568,0.01938018798828125,0.16757393032896753,0.46264323227949256,0.26862365217740536,0.1843137254901961,0.37254901960784315,0.9372549019607843,0.02676239013671875,0.10790175705279428,0.10292443496427547,0.25098039215686274,0.9416120312859443,0.05004854598844369,0.11263515067862893
ACRIN-6698-695521,10,0.42725372314453125,0.14714146034390319,0.2433571878752167,0.10552905192533754,0.12549019607843137,0.2196078431372549,0.4,0.0,0.25874083874272363,0.42683582417794813,0.26745324819129535,0.1568627450980392,0.3333333333333333,0.8666666666666667,0.02554931640625,0.231228500067019,0.37980010034944695,0.20679718286158627,0.1568627450980392,0.32941176470588235,0.6901960784313725,0.00116424560546875,0.18347863630273145,0.20805248177749802,0.5254901960784314,0.9084067083161274,-0.04703572382850117,0.5210933649478494
ACRIN-6698-698094,10,0.6089981079101563,0.11370256012561275,0.27720463030576276,0.16786446963252585,0.1450980392156863,0.2196078431372549,0.5058823529411764,0.00308837890625,0.14942929136986827,0.36398011201967584,0.2011608564251522,0.19215686274509805,0.2980392156862745,0.6627450980392157,0.0125244140625,0.16787311628753063,0.4088538348837293,0.21489690210792864,0.2196078431372549,0.3333333333333333,0.7568627450980392,0.0180389404296875,0.08677548171391314,0.09442426587300812,0.1843137254901961,0.8893489484754944,0.044873722864053424,0.2171459568307141
ACRIN-6698-700549,10,0.6773452758789062,0.09503658519071691,0.24528940241770256,0.09909980704000243,0.11764705882352941,0.24313725490196078,0.3764705882352941,0.0,0.16683299345128677,0.4307274759706441,0.2802351233425173,0.15294117647058825,0.3254901960784314,0.9882352941176471,0.03133087158203125,0.16810418222464765,0.4326032006995416,0.22986143560696284,0.17254901960784313,0.3686274509803922,0.796078431372549,0.002081298828125,0.18543807355294156,0.21685118395424113,0.5843137254901961,0.856149062448275,0.001875724728897494,0.4267621952661323
ACRIN-6698-706639,10,0.589959716796875,0.10833369236366422,0.24784384065172488,0.18024370778666793,0.11764705882352941,0.16862745098039217,0.5725490196078431,0.0009368896484375,0.14470417097503063,0.3279086699057944,0.23205981766247785,0.14901960784313725,0.22745098039215686,0.7372549019607844,0.01298065185546875,0.1592381077186734,0.35951427384785206,0.2464592315670103,0.16470588235294117,0.25098039215686274,0.8156862745098039,0.01708221435546875,0.08006482925406956,0.09922999810401255,0.18823529411764706,0.897087718253673,0.031605603942057615,0.24930784001428977
ACRIN-6698-711476,10,0.66846923828125,0.13043043547985603,0.37306462884870434,0.132151616966735,0.23529411764705882,0.33725490196078434,0.5843137254901961,0.0,0.1778859935087316,0.5027528880398582,0.20729037796442012,0.3058823529411765,0.42745098039215684,0.8235294117647058,0.0117095947265625,0.18875650443282782,0.533117339501801,0.21792499877852778,0.3215686274509804,0.4588235294117647,0.8823529411764706,0.01762847900390625,0.12968825919115393,0.16037643274739363,0.33725490196078434,0.8773933134504216,0.030364451461942707,0.3010650244854376
ACRIN-6698-712785,10,0.55972900390625,0.1133781223671109,0.23362074776953784,0.12114808130801744,0.11764705882352941,0.20784313725490197,0.37254901960784315,0.00094146728515625,0.19261772006165748,0.39343202221138546,0.24547588151530803,0.1568627450980392,0.3137254901960784,0.8196078431372549,0.0216827392578125,0.19921530929266237,0.4065368266140848,0.2176149526118913,0.1803921568627451,0.34901960784313724,0.7490196078431373,0.00789794921875,0.15981127444184762,0.196767128670288,0.4745098039215686,0.9235554662156542,0.013104804402699333,0.22852954224082958
ACRIN-6698-721099,10,0.6246337890625,0.13946958654067096,0.32263859397417505,0.17420113705014112,0.12549019607843137,0.2823529411764706,0.592156862745098,3.814697265625e-05,0.21654230454388787,0.4789893990116372,0.25782057193115,0.1607843137254902,0.4470588235294118,0.8666666666666667,0.0185272216796875,0.2488627295400582,0.5529509166268134,0.2718040182703079,0.19607843137254902,0.5372549019607843,0.984313725490196,0.03507232666015625,0.15635080503746213,0.17031236558695884,0.403921568627451,0.8322154471544716,0.07396151761517615,0.24560975609756097
ACRIN-6698-724293,10,0.6239273071289062,0.12561412736481312,0.2787275153180929,0.17101941513067012,0.11372549019607843,0.21568627450980393,0.5529411764705883,4.57763671875e-06,0.1836448459999234,0.3839784247931897,0.2736862770638389,0.08627450980392157,0.3058823529411765,0.8235294117647058,0.01581878662109375,0.17997476016773897,0.37616443720264103,0.2607136170362741,0.09019607843137255,0.3058823529411765,0.7764705882352941,0.01114959716796875,0.1052509094750968,0.17927516030239146,0.32941176470588235,0.6921647468382678,-0.00781398759054873,0.4574358017227738
ACRIN-6698-724384,10,0.5228866577148438,0.17712945676317401,0.3557962694673911,0.19161148840855505,0.13333333333333333,0.3176470588235294,0.6549019607843137,0.0,0.25975828282973346,0.519070886691448,0.25848597027798437,0.2,0.4980392156862745,0.9137254901960784,0.02064971923828125,0.26596408619600187,0.5269319586566049,0.24584458061657935,0.21176470588235294,0.5019607843137255,0.8784313725490196,0.0125701904296875,0.16327461722405676,0.14557241905935855,0.35294117647058826,0.9350648104617806,0.007861071965156997,0.4398700272801993
ACRIN-6698-734997,10,0.6946792602539062,0.09484148810891545,0.27144457363144664,0.12946782863038336,0.12549019607843137,0.24705882352941178,0.4588235294117647,6.866455078125e-05,0.18769860361136642,0.5298135738465406,0.274219812979049,0.17647058823529413,0.4980392156862745,0.996078431372549,0.02999420166015625,0.19123204249961703,0.5411740011729723,0.261291983362296,0.19215686274509805,0.5294117647058824,0.9450980392156862,0.02398834228515625,0.2583690002150939,0.21668420823973125,0.5764705882352941,0.8915315225267998,0.01136042732643171,0.4140783128014193
ACRIN-6698-736721,10,0.4744369506835937,0.17424752628102022,0.32075329485805115,0.15346117322001307,0.1607843137254902,0.2784313725490196,0.5490196078431373,0.0003265380859375,0.23694937911688113,0.4308388842293413,0.2157085678137716,0.21568627450980393,0.3764705882352941,0.7529411764705882,0.02042083740234375,0.25461085300819547,0.4653114072158261,0.23012551800876407,0.23137254901960785,0.4,0.8470588235294118,0.02659759521484375,0.11008558937129012,0.14746490133399504,0.30196078431372547,0.8510363408848746,0.03447252298648481,0.20764851219250188
ACRIN-6698-738041,10,0.6474288940429688,0.10800076353783701,0.26207144518580994,0.11724707273439328,0.11764705882352941,0.25098039215686274,0.41568627450980394,0.0,0.19160210104549633,0.4656620766725636,0.27254805534773197,0.1607843137254902,0.4,0.9137254901960784,0.0228546142578125,0.19164936738855698,0.4592788374108153,0.24496314946951964,0.1607843137254902,0.42745098039215684,0.8117647058823529,0.005889892578125,0.20359063148675366,0.20036948743902036,0.5529411764705883,0.9187530565521659,-0.006383239261748298,0.42178039565309594
ACRIN-6698-748583,10,0.5230682373046875,0.15146395215801164,0.3027206523794307,0.1133686649148921,0.1803921568627451,0.27450980392156865,0.47058823529411764,0.0,0.2169872807521446,0.42772308954295624,0.2256806501617123,0.23137254901960785,0.3333333333333333,0.807843137254902,0.02179412841796875,0.21589223225911458,0.4265801131722133,0.20738637567116075,0.23529411764705882,0.34901960784313724,0.7607843137254902,0.00792694091796875,0.12500243716352558,0.17546641977897517,0.4117647058823529,0.8936690960513434,-0.0011429763707429465,0.3835591018741882
ACRIN-6698-748611,10,0.7341384887695312,0.08338413014131434,0.2405730597114445,0.1639925736874768,0.10980392156862745,0.17647058823529413,0.47058823529411764,0.00167236328125,0.13256606158088236,0.36521112741018585,0.27168980075236515,0.12156862745098039,0.25882352941176473,0.8666666666666667,0.01578369140625,0.15029602649165136,0.40850879221605707,0.27891565007355446,0.1411764705882353,0.3058823529411765,0.9176470588235294,0.01781768798828125,0.12463806769874133,0.1841862611365195,0.4196078431372549,0.79911039687778,0.04329766480587127,0.30693603466582486
ACRIN-6698-753109,10,0.6279067993164062,0.1005387549306832,0.2404340895284525,0.1606213978829599,0.11372549019607843,0.17254901960784313,0.5215686274509804,0.00038299560546875,0.14132011862362132,0.33778845593311035,0.23626064095217747,0.1411764705882353,0.23529411764705882,0.7176470588235294,0.01306304931640625,0.15758708879059435,0.3765758098773741,0.24061062676881162,0.16470588235294117,0.27450980392156865,0.7843137254901961,0.01285552978515625,0.09735436640465786,0.12334942836170491,0.2627450980392157,0.8888560825080478,0.038787353944263726,0.2137417727748047
ACRIN-6698-755914,10,0.5516815185546875,0.1207170134899663,0.24942041375278542,0.08202514832877635,0.1411764705882353,0.24705882352941178,0.3568627450980392,0.0,0.22747276156556373,0.43646536944310416,0.2384018601153649,0.2,0.36470588235294116,0.8431372549019608,0.020330810546875,0.2243868958716299,0.43922869988674823,0.19571870356390722,0.22745098039215686,0.403921568627451,0.7294117647058823,0.00402069091796875,0.18704495569031873,0.22968856178725827,0.5803921568627451,0.8523467547054219,0.0027633304436440517,0.43518940812089446
ACRIN-6698-760011,10,0.64488525390625,0.13438776352826284,0.31729461507197493,0.1454077653971817,0.1450980392156863,0.29411764705882354,0.5176470588235295,0.000103759765625,0.23180170395795036,0.5316496713153653,0.25113127877991437,0.23921568627450981,0.49019607843137253,0.9450980392156862,0.0275970458984375,0.2166012154373468,0.5170806819169866,0.22575786795822866,0.2549019607843137,0.49019607843137253,0.8392156862745098,0.00952301025390625,0.2143550562433904,0.21974583825396407,0.5098039215686274,0.8584570829466158,-0.01456898939837872,0.5435057234196143
ACRIN-6698-760901,10,0.61741943359375,0.11064681707643995,0.26094367711029404,0.1279500973238973,0.12156862745098039,0.22745098039215686,0.45098039215686275,0.0,0.17315959855621935,0.40617377099846036,0.24605372013915727,0.1568627450980392,0.34509803921568627,0.8,0.0223907470703125,0.1883937401865043,0.4447169059385344,0.25225874394052644,0.17254901960784313,0.39215686274509803,0.8666666666666667,0.0219696044921875,0.1452300938881663,0.18090426949909086,0.4196078431372549,0.8594293417568042,0.03854313494007411,0.2898838582049073
ACRIN-6698-765671,10,0.5150924682617187,0.1409226660634957,0.2721179468014262,0.09880050565898459,0.1568627450980392,0.2549019607843137,0.403921568627451,0.0,0.22532038071576288,0.42970816929398026,0.23821850272249817,0.19607843137254902,0.33725490196078434,0.807843137254902,0.0162628173828125,0.24687030867034315,0.4788926602489172,0.2579165928246321,0.22745098039215686,0.3764705882352941,0.9372549019607843,0.032275390625,0.15759022249255408,0.2101296516680194,0.4470588235294118,0.846615206945489,0.04918449095493687,0.21699618300192897
ACRIN-6698-771151,10,0.59083251953125,0.14464965221928616,0.3232376691241549,0.14104391227060017,0.1607843137254902,0.30196078431372547,0.5137254901960784,3.814697265625e-05,0.21927024093328737,0.47948607140579913,0.22310745815444447,0.23529411764705882,0.43529411764705883,0.8470588235294118,0.02042694091796875,0.235629410089231,0.5216792904697307,0.22369201720229095,0.25882352941176473,0.48627450980392156,0.8745098039215686,0.01957550048828125,0.1562484022816442,0.2095750509377077,0.5137254901960784,0.8997881798383006,0.042193219063931545,0.2269943912407888
ACRIN-6698-771443,10,0.6096420288085938,0.11750098733340993,0.26139169124114026,0.1408976700036766,0.11764705882352941,0.22745098039215686,0.45098039215686275,0.00011444091796875,0.19137323716107535,0.4039797579150882,0.24568958212593917,0.13725490196078433,0.33725490196078434,0.7843137254901961,0.01292266845703125,0.19263436111749385,0.415427503865809,0.23623039246311112,0.1450980392156863,0.37254901960784315,0.7647058823529411,0.0145172119140625,0.14258806667394797,0.19220263845082666,0.4235294117647059,0.7915606371543047,0.011447745950720756,0.3360343985146096
ACRIN-6698-774840,10,0.5864334106445312,0.14541094611672795,0.3214520228738275,0.11481257564978152,0.16862745098039217,0.3176470588235294,0.4745098039215686,0.0,0.22134732713886338,0.4732922779309669,0.21784114130517782,0.24313725490196078,0.4235294117647059,0.8196078431372549,0.01888885498046875,0.22095815621170342,0.4569626743091208,0.21408071410604693,0.20392156862745098,0.4235294117647059,0.7647058823529411,0.00929412841796875,0.15184025505713936,0.16709817073494446,0.41568627450980394,0.8680908369767742,-0.016329603621846107,0.5134133967937721
ACRIN-6698-775346,10,0.6393325805664063,0.10593259923598346,0.26018812386885565,0.1254913493262989,0.12156862745098039,0.23529411764705882,0.42745098039215684,0.0,0.16121512020335477,0.38645509471520567,0.22786637429449552,0.13333333333333333,0.34901960784313724,0.7411764705882353,0.00434112548828125,0.1738871316348805,0.4178330026329113,0.22357797499096357,0.17254901960784313,0.3764705882352941,0.7411764705882353,0.0109954833984375,0.12626697084635002,0.17143146527819342,0.4,0.8114542216130001,0.03137790791770558,0.30968366988623625
ACRIN-6698-779739,10,0.7419479370117188,0.0778106330422794,0.24351805635894025,0.13033331247020524,0.10980392156862745,0.20784313725490197,0.43529411764705883,0.0,0.12031002867455576,0.3719707913085349,0.2423107179571133,0.12941176470588237,0.30196078431372547,0.7568627450980392,0.00794830322265625,0.1214099001416973,0.3678569436845382,0.21075580064160582,0.1411764705882353,0.3215686274509804,0.6666666666666666,0.00395050048828125,0.1284527349495946,0.17722979404930017,0.4,0.7965018300939586,-0.004113847623996707,0.3617436449322067
ACRIN-6698-783764,10,0.5314163208007813,0.13085717294730392,0.2632281508687372,0.0786149053283377,0.17647058823529413,0.25098039215686274,0.3686274509803922,0.0,0.1815110090667126,0.35704554841986225,0.1692111474821062,0.22745098039215686,0.3058823529411765,0.5607843137254902,0.0091644287109375,0.1869401221181832,0.367794894545214,0.16543878746539542,0.23137254901960785,0.3215686274509804,0.5803921568627451,0.0073974609375,0.09381739755112507,0.14436163438840174,0.23921568627450981,0.8836436105258701,0.010749346125351743,0.3370499298253612
ACRIN-6698-786753,10,0.57484130859375,0.1346231019263174,0.2819143698709493,0.17106896272638852,0.12156862745098039,0.22745098039215686,0.5372549019607843,0.000823974609375,0.1839494952033548,0.3558733594215774,0.267305496272902,0.07450980392156863,0.28627450980392155,0.8117647058823529,0.02735443115234375,0.2032436954273897,0.3897872462603003,0.28235146528791943,0.08627450980392157,0.3137254901960784,0.9411764705882353,0.0386260986328125,0.07395898955062803,0.1664232187638195,0.2980392156862745,0.6360037612334549,0.03391388683872297,0.36786873008125415
ACRIN-6698-792181,10,0.6802474975585937,0.08733567181755515,0.24230706574956984,0.15675115110873855,0.11372549019607843,0.19215686274509805,0.43529411764705883,0.00041656494140625,0.12145023719937194,0.3287633069194999,0.21405974618227272,0.1450980392156863,0.25882352941176473,0.6274509803921569,0.01158905029296875,0.13337698543772977,0.36416804284526083,0.22785571005576538,0.15294117647058825,0.29411764705882354,0.7058823529411765,0.01471710205078125,0.08645624116993006,0.12109129119130803,0.22745098039215686,0.8105729815368904,0.03540473592576093,0.2985545422876313
ACRIN-6698-793155,10,0.551336669921875,0.15258767520680147,0.3091866168715102,0.18553433454187157,0.12549019607843137,0.25098039215686274,0.592156862745098,0.00212554931640625,0.18871169146369485,0.3645494789353525,0.23261298940781622,0.11372549019607843,0.30980392156862746,0.7098039215686275,0.01434478759765625,0.2008979887120864,0.3880036431446703,0.24033693999694283,0.12549019607843137,0.33725490196078434,0.7529411764705882,0.01760101318359375,0.05536286206384226,0.13988558700293438,0.21568627450980393,0.6339053721313036,0.02345416420931784,0.3886666938742195
ACRIN-6698-794128,10,0.44168243408203123,0.14788130816291362,0.2381002279156752,0.1169231533711205,0.11764705882352941,0.20784313725490197,0.39215686274509803,3.35693359375e-05,0.2558375040690104,0.3888164359510117,0.2402249976960785,0.13333333333333333,0.33725490196078434,0.7686274509803922,0.0280120849609375,0.2531809010225184,0.384454190696254,0.23750487482890725,0.12156862745098039,0.34509803921568627,0.7294117647058823,0.0216705322265625,0.15071620803533642,0.2164992737719529,0.47843137254901963,0.7809805438112704,-0.004362245254757701,0.3988778324073037
ACRIN-6698-799149,10,0.6494674682617188,0.11221112419577205,0.29070475141846924,0.19590007108141766,0.11764705882352941,0.2,0.6,0.00060577392578125,0.1600167308134191,0.4116062214198989,0.2570237039720168,0.16862745098039217,0.2980392156862745,0.8196078431372549,0.01739654541015625,0.17226080202588848,0.44451178839149114,0.26629352549297386,0.1803921568627451,0.3333333333333333,0.8745098039215686,0.0226959228515625,0.12090147000142966,0.1184699478125513,0.28627450980392155,0.9212972031777125,0.03290556697159221,0.24456197627598214
ACRIN-6698-801641,10,0.4700363159179688,0.14108556410845588,0.25759697291850747,0.1349166946425637,0.13333333333333333,0.21176470588235294,0.4823529411764706,7.781982421875e-05,0.20331125895182292,0.3708700651893589,0.21940965283117284,0.1803921568627451,0.2901960784313726,0.6980392156862745,0.024395751953125,0.21639215805951287,0.3947335674077933,0.23768026347714133,0.18823529411764706,0.3058823529411765,0.8235294117647058,0.033441162109375,0.1132730922708514,0.1312178282830338,0.3215686274509804,0.9293440862382204,0.023863502218434456,0.3169438869966054
ACRIN-6698-802308,10,0.4498703002929687,0.1400093407724418,0.24417359635785427,0.08757397750247178,0.1450980392156863,0.22745098039215686,0.3686274509803922,0.0,0.204958771350337,0.35629505618125407,0.23526748887816581,0.16470588235294117,0.26666666666666666,0.796078431372549,0.02032470703125,0.21770672368068322,0.37910882814403923,0.22068353236737404,0.1803921568627451,0.2980392156862745,0.7568627450980392,0.01183319091796875,0.11212145982339981,0.19423462549583348,0.47058823529411764,0.8258744691886735,0.022813771962785164,0.285946085379147
ACRIN-6698-804979,10,0.6388839721679688,0.09860178629557291,0.2309803772434982,0.16123778119843163,0.11372549019607843,0.16470588235294117,0.5176470588235295,0.0,0.1583633003982843,0.35379715388380056,0.257074623848354,0.13725490196078433,0.24313725490196078,0.807843137254902,0.01728363037109375,0.16403592577167586,0.3677381173418319,0.258870059786389,0.1450980392156863,0.25882352941176473,0.8431372549019608,0.02276611328125,0.12281677664030233,0.15980991978250111,0.3333333333333333,0.8626093864219284,0.013940963458031431,0.35031543008776267
ACRIN-6698-805136,10,0.537030029296875,0.1464390354530484,0.28726861527572806,0.1401679219784411,0.12549019607843137,0.26666666666666666,0.4745098039215686,1.983642578125e-05,0.2532911891563266,0.4783009991203316,0.2600199588778708,0.1607843137254902,0.45098039215686275,0.8705882352941177,0.02046661376953125,0.26612636790556066,0.492334024298288,0.2531901874641869,0.17647058823529413,0.47058823529411764,0.8705882352941177,0.02071990966796875,0.19103238384460344,0.18647034680987917,0.45098039215686275,0.8776910603403952,0.014033025177956435,0.37003150831213005
ACRIN-6698-820807,10,0.44874877929687496,0.14837826597924328,0.25646283558542277,0.09130549717267487,0.14901960784313725,0.24313725490196078,0.3764705882352941,0.0,0.28522575228822,0.4922749652802428,0.2588573615618386,0.23921568627450981,0.38823529411764707,0.9882352941176471,0.0525726318359375,0.2673422121534161,0.4590859493370518,0.19373591652844147,0.26666666666666666,0.40784313725490196,0.7294117647058823,0.020745849609375,0.23581212969482002,0.27005961861019545,0.7058823529411765,0.9299495111662256,-0.033189015943190944,0.3767839941539245
ACRIN-6698-831848,10,0.339202880859375,0.23879353841145834,0.3527372378776477,0.12393142155130205,0.2,0.35294117647058826,0.47843137254901963,0.00260009765625,0.29146517884497547,0.4269308514058189,0.19279035412389378,0.21176470588235294,0.403921568627451,0.6823529411764706,0.0206817626953125,0.31213719386680455,0.4583262474157908,0.1756081130316317,0.25882352941176473,0.4392156862745098,0.6823529411764706,0.01555938720703125,0.07419361352817115,0.16931887557965303,0.24313725490196078,0.6952500808202097,0.0313953960099719,0.24996305361843624
ACRIN-6698-839274,10,0.5183120727539062,0.15242173138786766,0.288474585346035,0.15844967824848374,0.12549019607843137,0.24705882352941178,0.5137254901960784,0.00095977783203125,0.22093994739008885,0.4141298038606977,0.28024168435862706,0.12941176470588237,0.3137254901960784,0.8901960784313725,0.0246734619140625,0.2451829319374234,0.4547907905207008,0.28005608406494575,0.14901960784313725,0.3686274509803922,0.9098039215686274,0.0260772705078125,0.1256552185146627,0.1977029775149469,0.49411764705882355,0.7299471931930854,0.04066098666000316,0.32228624647189075
ACRIN-6698-843554,10,0.4554962158203125,0.20295367072610293,0.35590089776740075,0.13203309127483498,0.2196078431372549,0.3333333333333333,0.5215686274509804,0.000244140625,0.2746802834903493,0.4852256034431506,0.19443334782958674,0.30196078431372547,0.42745098039215684,0.803921568627451,0.02105560302734375,0.27975226308785234,0.49387278941550333,0.1945608768512607,0.3058823529411765,0.4392156862745098,0.803921568627451,0.017962646484375,0.12932470567574983,0.16082876077100344,0.32941176470588235,0.9105916838075808,0.00864718597235277,0.39065871552434384
ACRIN-6698-845783,10,0.6544219970703125,0.10199258841720282,0.2816320123895512,0.1211572342779936,0.15294117647058825,0.24313725490196078,0.4588235294117647,0.0,0.1543818634631587,0.41559678826095564,0.22618139375675034,0.19215686274509805,0.34901960784313724,0.7607843137254902,0.0118621826171875,0.16128859576056984,0.4390598125879517,0.23707514165504723,0.2,0.37254901960784315,0.8156862745098039,0.01326141357421875,0.13396477587140437,0.19104897557633244,0.4196078431372549,0.826627751922924,0.02346302432699605,0.39820203286853467
ACRIN-6698-848003,10,0.7958526611328125,0.07068652583103555,0.2528551182787189,0.11546689869880065,0.11372549019607843,0.23529411764705882,0.4196078431372549,0.0,0.11821602615655637,0.4388749708718228,0.3005636123121316,0.13725490196078433,0.3215686274509804,0.9725490196078431,0.01766510009765625,0.12098410812078737,0.4312501447249054,0.2607552855096741,0.1607843137254902,0.35294117647058826,0.8705882352941177,0.00859222412109375,0.1860198525931039,0.21535115019140316,0.5568627450980392,0.8655729127737499,-0.007624826146917396,0.4055534793332835
ACRIN-6698-856159,10,0.45256195068359373,0.19108491187002144,0.3323348865201865,0.15068395496788806,0.1450980392156863,0.3215686274509804,0.5254901960784314,4.57763671875e-05,0.28115186504289214,0.4793400680179868,0.23036166567080116,0.19215686274509805,0.4549019607843137,0.8117647058823529,0.01674957275390625,0.2819358197380515,0.48538231957545025,0.2175208874755979,0.2,0.47843137254901963,0.7843137254901961,0.01096038818359375,0.1470051814978003,0.17795436192436617,0.39215686274509803,0.8162661768435957,0.006042251557463459,0.4048789053680781
ACRIN-6698-860243,10,0.44266052246093746,0.17111149208218443,0.2950902499323873,0.09904186060223137,0.17254901960784313,0.2901960784313726,0.41568627450980394,0.0,0.27126039392807905,0.46267359338481023,0.23357544587204984,0.21568627450980393,0.403921568627451,0.8196078431372549,0.019921875,0.27635074989468444,0.4721268415266824,0.21865377172964606,0.23137254901960785,0.42745098039215684,0.792156862745098,0.01405487060546875,0.16758334345242293,0.19816742931334583,0.47058823529411764,0.8747843989727809,0.009453248141872105,0.36614940672072893
ACRIN-6698-861745,10,0.7317214965820312,0.07447050805185355,0.2324609678246423,0.0836452891003826,0.12156862745098039,0.22745098039215686,0.34509803921568627,0.0,0.14643779679840688,0.43534548509056054,0.2607707870875464,0.15294117647058825,0.3686274509803922,0.8823529411764706,0.01174163818359375,0.14991967294730393,0.4365781476025534,0.24906259891041738,0.1411764705882353,0.38823529411764707,0.8313725490196079,0.0055328369140625,0.20288451726591822,0.23129904195956855,0.6,0.8577286868882202,0.0012326625119928928,0.4499456827760367
ACRIN-6698-863161,10,0.7247314453125,0.09168678433287378,0.2605944089387418,0.17375829579900512,0.11372549019607843,0.19607843137254902,0.5019607843137255,0.00195770263671875,0.14420268339269302,0.4155769096995783,0.2718805589996433,0.13333333333333333,0.34509803921568627,0.8862745098039215,0.0219146728515625,0.1448953546262255,0.4143857440980827,0.26753831861602023,0.13333333333333333,0.34509803921568627,0.8784313725490196,0.0208160400390625,0.1549825007608365,0.19463507631043994,0.48627450980392156,0.837810421286031,-0.0011911656014955872,0.41723946784922394
ACRIN-6698-866660,10,0.6091949462890625,0.11806789024203432,0.27001278056729056,0.09873206586932522,0.13333333333333333,0.2784313725490196,0.39215686274509803,0.0,0.2169799206303615,0.4987577570326423,0.2298507793654358,0.21568627450980393,0.4627450980392157,0.8392156862745098,0.0176300048828125,0.21796819350298716,0.5015618260516866,0.20828028872443846,0.24313725490196078,0.4745098039215686,0.8,0.00929412841796875,0.22874497646535166,0.18655872770348858,0.5176470588235295,0.9539977666544327,0.0028040690190443774,0.4117320922387337
ACRIN-6698-870077,10,0.5314956665039062,0.15953367345473346,0.31817393830470153,0.10477644466431148,0.2,0.30196078431372547,0.4666666666666667,0.0,0.23781682033164828,0.4643389940436129,0.22563319584569064,0.26666666666666666,0.3803921568627451,0.8509803921568627,0.021319580078125,0.2336982218424479,0.45750348250452183,0.18500223245420205,0.2823529411764706,0.40784313725490196,0.7294117647058823,0.00627899169921875,0.14616505573891136,0.189076499607649,0.4666666666666667,0.8908965961978771,-0.0068355115390910616,0.3534046163516687
ACRIN-6698-875089,10,0.5440383911132812,0.10525912415747549,0.2143517660930425,0.0744322415205701,0.13725490196078433,0.2,0.3176470588235294,0.0,0.19497326420802694,0.38034674935033463,0.25819556232365265,0.1568627450980392,0.27058823529411763,0.8313725490196079,0.01754913330078125,0.18839723474839154,0.3707188212629732,0.22453878215996595,0.1607843137254902,0.28627450980392155,0.7333333333333333,0.00406341552734375,0.16599498325729214,0.23778236983887438,0.5803921568627451,0.8003607534996101,-0.009627928087361428,0.4535488037909236
ACRIN-6698-879224,10,0.49339141845703127,0.14247225892310048,0.2621996755245707,0.1409502147630596,0.12941176470588237,0.2235294117647059,0.43137254901960786,0.002191162109375,0.2675171736174939,0.46528655647542033,0.22331515761549556,0.19215686274509805,0.45098039215686275,0.7764705882352941,0.014007568359375,0.2600749236462163,0.4544242185219353,0.19564858838295726,0.20392156862745098,0.4588235294117647,0.6941176470588235,0.0079498291015625,0.20308688095084967,0.20861526509045267,0.5294117647058824,0.8874465002665575,-0.010862337953485004,0.4947366201722232
ACRIN-6698-882553,10,0.5780502319335937,0.12173606722962622,0.2647397120849432,0.14801094214915733,0.11764705882352941,0.21568627450980393,0.48627450980392156,8.087158203125e-05,0.17840809541590075,0.38512548306283373,0.21695798147808676,0.17254901960784313,0.3215686274509804,0.6980392156862745,0.01228179931640625,0.20025607239966298,0.4335502874959964,0.23304453111372006,0.1843137254901961,0.37254901960784315,0.7803921568627451,0.01790924072265625,0.12038577097789055,0.12251600061179631,0.2823529411764706,0.9231002896622054,0.04842480443316267,0.1652882699463709
ACRIN-6698-884011,10,0.718536376953125,0.09750089757582721,0.2696258501232001,0.11588137150427426,0.11372549019607843,0.2823529411764706,0.41568627450980394,0.0,0.17635983336205577,0.5010216997999459,0.29916302452069027,0.1450980392156863,0.4392156862745098,0.9686274509803922,0.0236572265625,0.1780666575712316,0.4935411896516169,0.27092462603798195,0.15294117647058825,0.4588235294117647,0.8941176470588236,0.0120452880859375,0.2313958496767459,0.2268738544810409,0.592156862745098,0.8882467743684268,-0.007480510148329092,0.47726336333080344
ACRIN-6698-894673,10,0.8497802734375,0.07099079805261949,0.32967112328435355,0.25172612101349556,0.11372549019607843,0.2235294117647059,0.7529411764705882,0.00402374267578125,0.08019632975260416,0.32455963614114586,0.2834308279285165,0.0784313725490196,0.20392156862745098,0.8431372549019608,0.01002044677734375,0.08437048220166973,0.36293526511856167,0.29288931532361034,0.09411764705882353,0.24313725490196078,0.9294117647058824,0.01268157958984375,-0.0051114871432076815,0.200604530509882,0.18823529411764706,0.4669368600682594,0.03837562897741577,0.33806679668454415
ACRIN-6698-896852,10,0.574041748046875,0.14517617618336395,0.31674137364756905,0.1616427891813966,0.12156862745098039,0.30980392156862746,0.5137254901960784,3.0517578125e-06,0.1984998037300858,0.4303768867446103,0.24921749664345202,0.14901960784313725,0.38823529411764707,0.8117647058823529,0.01590728759765625,0.22214398552389708,0.47754407613537614,0.2589858807318333,0.16862745098039217,0.44313725490196076,0.8862745098039215,0.0186309814453125,0.11363551309704124,0.14161824833777983,0.3333333333333333,0.8530176675407299,0.047167189390765835,0.25655547435842324
ACRIN-6698-899692,10,0.38623046875,0.18467543059704353,0.28777982513610056,0.10048261832354043,0.1568627450980392,0.2823529411764706,0.4117647058823529,0.0,0.272992846919041,0.4158654768590013,0.2133150004671839,0.22745098039215686,0.35294117647058826,0.7686274509803922,0.03039703369140625,0.2676505593692555,0.4067713354235887,0.20253762447313334,0.2235294117647059,0.34509803921568627,0.7215686274509804,0.0167236328125,0.12808565172290076,0.17001004071024886,0.39215686274509803,0.8489459029435164,-0.00909414143541267,0.5216065035799523
ACRIN-6698-900959,10,0.7947494506835937,0.08234534768497243,0.30411359030390384,0.21300219972336504,0.10980392156862745,0.2235294117647059,0.611764705882353,0.00146942138671875,0.12166508693321078,0.4237794058246138,0.2816926310459446,0.09019607843137255,0.37254901960784315,0.8941176470588236,0.01318511962890625,0.13429714427274816,0.4664274012148108,0.29087883247169055,0.09803921568627451,0.42745098039215684,0.9647058823529412,0.01833648681640625,0.11966581552070993,0.15127796793853354,0.3058823529411765,0.7859240370819177,0.042647995390197,0.260614215726361
ACRIN-6698-901705,10,0.5024810791015625,0.12739232680376836,0.22881511146295147,0.1385054427914917,0.11372549019607843,0.1803921568627451,0.4117647058823529,2.288818359375e-05,0.21575553146063112,0.3812483725479372,0.2476893691482485,0.1568627450980392,0.28627450980392155,0.796078431372549,0.0266143798828125,0.21907055424708946,0.3864628823061547,0.24671098618480622,0.1568627450980392,0.30196078431372547,0.796078431372549,0.02765045166015625,0.1524332610849857,0.172280917260103,0.396078431372549,0.9076195967539119,0.005214509758217603,0.41217405705803334
ACRIN-6698-913527,10,0.6263595581054687,0.11521321016199448,0.2629101322603947,0.10946496997022219,0.11764705882352941,0.2627450980392157,0.4,0.0,0.19782006357230392,0.4665071255787108,0.28009733024039307,0.13333333333333333,0.4196078431372549,0.9490196078431372,0.0313629150390625,0.19561415728400736,0.45477941426704427,0.2505577613211057,0.1411764705882353,0.43137254901960786,0.8392156862745098,0.0120208740234375,0.2035969933183161,0.21785926336731407,0.5764705882352941,0.8895164353184765,-0.011727711311666526,0.4428326982999073
ACRIN-6698-924071,10,0.4016220092773437,0.2251306272020527,0.366878443752671,0.13915339571816285,0.20392156862745098,0.3568627450980392,0.5372549019607843,8.23974609375e-05,0.2790847538966758,0.4515264575356067,0.18100298679281987,0.2627450980392157,0.4117647058823529,0.6941176470588235,0.01620635986328125,0.28776173909505204,0.4675806256691628,0.1812735869885026,0.26666666666666666,0.4392156862745098,0.7098039215686275,0.0157745361328125,0.08464801378293577,0.1277792342138666,0.2196078431372549,0.7981476617544683,0.016054168133556118,0.35370633400739
ACRIN-6698-928170,10,0.42497406005859373,0.1555467493393842,0.2567047632694616,0.1008629605726662,0.1411764705882353,0.23529411764705882,0.403921568627451,0.0,0.2666270237342984,0.4381918195871764,0.25433376039161315,0.18823529411764706,0.34901960784313724,0.8666666666666667,0.03183441162109375,0.26208398557176776,0.4281173626571916,0.23546501372445078,0.18823529411764706,0.3568627450980392,0.8,0.01526947021484375,0.1814870563177148,0.20308519379277828,0.5176470588235295,0.8898657021777954,-0.010074456929984803,0.4562251724165382
ACRIN-6698-928446,10,0.6676605224609375,0.11344663133808211,0.29603116772186144,0.17307684719762031,0.12156862745098039,0.24313725490196078,0.5490196078431373,0.0004547119140625,0.15388316434972427,0.3827297540075525,0.25214717091755834,0.10980392156862745,0.3215686274509804,0.7725490196078432,0.0138214111328125,0.1659379128848805,0.41317510723447143,0.2663642355657403,0.11372549019607843,0.34901960784313724,0.8392156862745098,0.0189178466796875,0.08669858628569103,0.15241115772323008,0.2823529411764706,0.7047960992093737,0.030445353226919,0.3880221485569462
ACRIN-6698-928815,10,0.4881744384765625,0.16243506338082106,0.3033671383468571,0.11305211818846787,0.1607843137254902,0.30196078431372547,0.43137254901960786,0.00029449462890625,0.23556657978132658,0.4344221552318271,0.2038773385506322,0.23137254901960785,0.3803921568627451,0.7450980392156863,0.017523193359375,0.24766202440448837,0.45751261038655094,0.19876224640700219,0.2549019607843137,0.4117647058823529,0.7450980392156863,0.0185882568359375,0.13105501688497,0.14994712397492588,0.34901960784313724,0.8470470739051367,0.023090455154723844,0.366091285812241
ACRIN-6698-929391,10,0.475091552734375,0.15947722191904104,0.29101259880471064,0.10326332651542497,0.18823529411764706,0.27058823529411763,0.43137254901960786,7.476806640625e-05,0.21636328005323222,0.3863518344861927,0.19110294075279685,0.2235294117647059,0.3254901960784314,0.6588235294117647,0.01274261474609375,0.22059723498774508,0.3971907531398974,0.19250177470270585,0.23529411764705882,0.3411764705882353,0.6666666666666666,0.0146087646484375,0.09533923568148205,0.16521236007659273,0.2980392156862745,0.7789560586504808,0.010838918653704666,0.34332449622678807
ACRIN-6698-929980,10,0.5450515747070312,0.14361942066865807,0.29467040600345723,0.10717613950796767,0.1450980392156863,0.2980392156862745,0.43137254901960786,0.0,0.2632178811465993,0.5268737769965023,0.25614926529382476,0.21176470588235294,0.49019607843137253,0.9098039215686274,0.02399444580078125,0.245234650256587,0.4903752588221484,0.20291262616623307,0.23137254901960785,0.4823529411764706,0.7686274509803922,0.00262298583984375,0.23220337099304514,0.21389643238060066,0.5490196078431373,0.8919823581694085,-0.036498518174353976,0.5017457362781104
ACRIN-6698-938719,10,0.5470443725585937,0.1624065803079044,0.3360298122125734,0.15625721129368353,0.16470588235294117,0.30196078431372547,0.5568627450980392,0.00058746337890625,0.21584595324946385,0.4468146774827553,0.23028435092392385,0.20784313725490197,0.38823529411764707,0.8,0.0237457275390625,0.2274221622242647,0.47256981977831336,0.24148014561158024,0.21568627450980393,0.4117647058823529,0.8549019607843137,0.02659149169921875,0.11078486527018193,0.15449941081578636,0.3137254901960784,0.7625156224208267,0.02575514229555807,0.3889822771846966
ACRIN-6698-942017,10,0.5463226318359375,0.14553688198912376,0.29785649967401817,0.11999519724595846,0.1450980392156863,0.28627450980392155,0.4627450980392157,0.0,0.2403757910634957,0.4856720996091779,0.24387212246870388,0.19215686274509805,0.4627450980392157,0.8509803921568627,0.02381591796875,0.2646471988453584,0.5240342582301014,0.23961562828308403,0.22745098039215686,0.5019607843137255,0.8941176470588236,0.02950592041015625,0.18781559993515975,0.22502136724604893,0.5411764705882353,0.8106093730030068,0.03836215862092343,0.38383974277046434
ACRIN-6698-943633,10,0.5599197387695313,0.12125659419041053,0.2594561097823293,0.10401375792596451,0.14901960784313725,0.23529411764705882,0.403921568627451,0.0,0.20824713015088847,0.42560266493330157,0.21040690653014274,0.21568627450980393,0.37254901960784315,0.7333333333333333,0.01189117431640625,0.20480477127374386,0.4236371556087476,0.21095788481783323,0.20784313725490197,0.37254901960784315,0.7254901960784313,0.01077117919921875,0.16614655515097226,0.18386473444318072,0.4392156862745098,0.9164698988596135,-0.0019655093245539235,0.44975746417439
ACRIN-6698-946927,10,0.5758712768554688,0.13248924105775123,0.27934499954746844,0.19154571205913073,0.12156862745098039,0.20784313725490197,0.5725490196078431,0.0039031982421875,0.16762802423215378,0.34817950046865054,0.22747400991857042,0.14901960784313725,0.27450980392156865,0.7019607843137254,0.0182464599609375,0.1878833127489277,0.39031071740748163,0.22622145927167206,0.17647058823529413,0.3215686274509804,0.7490196078431373,0.0193603515625,0.06883450092118212,0.11339081240480672,0.2,0.7544979978917602,0.04213121693883107,0.26009418723039895
ACRIN-6698-949444,10,0.6396942138671875,0.1076858460669424,0.26965789034455095,0.1051084903620861,0.12941176470588237,0.27450980392156865,0.4,0.0,0.20763745476217832,0.5265069341165509,0.26383042770745646,0.1803921568627451,0.5019607843137255,0.9176470588235294,0.02264251708984375,0.20506692325367645,0.5192368942664517,0.23837612905849015,0.20392156862745098,0.5058823529411764,0.8588235294117647,0.01351776123046875,0.25684904377199996,0.21232114725634843,0.5725490196078431,0.9225892516833948,-0.007270039850099189,0.4116927116418922
ACRIN-6698-955035,10,0.534429931640625,0.15708002427045037,0.30977107003212406,0.12815204576373354,0.1450980392156863,0.29411764705882354,0.5019607843137255,0.0,0.2639114439721201,0.5084553891300486,0.2584118483545532,0.21568627450980393,0.45098039215686275,0.9568627450980393,0.031951904296875,0.2811055441463695,0.5452249726172932,0.2520251567427289,0.2549019607843137,0.49411764705882355,0.9568627450980393,0.0334808349609375,0.19868431909792456,0.2066674771795548,0.49411764705882355,0.858496440697964,0.03676958348724458,0.3263250698095151
ACRIN-6698-960029,10,0.7109130859375,0.09341197892731312,0.26601209903774026,0.14419362783096779,0.11372549019607843,0.23529411764705882,0.47058823529411764,4.57763671875e-06,0.12728280460133273,0.3583366865874802,0.24117821302735137,0.10980392156862745,0.30196078431372547,0.7098039215686275,0.0100128173828125,0.1346411970549939,0.3724647121748792,0.22188855209931974,0.12941176470588237,0.32941176470588235,0.6941176470588235,0.0029144287109375,0.09232458754973993,0.17094396348085222,0.3137254901960784,0.7168207921628241,0.014128025587399052,0.3140887593953213
ACRIN-6698-962153,10,0.6305267333984375,0.10976366828469669,0.267414854501217,0.14919835011416066,0.11764705882352941,0.21568627450980393,0.5058823529411764,0.0,0.18661339254940257,0.442479244132215,0.26547214033551253,0.1568627450980392,0.37254901960784315,0.8980392156862745,0.02826385498046875,0.19851464365042892,0.47023147875972204,0.2599398053731593,0.1843137254901961,0.403921568627451,0.8823529411764706,0.0220703125,0.17506438963099796,0.21830197799095855,0.5372549019607843,0.881212366501747,0.02775223462750702,0.2648489704218256
ACRIN-6698-963303,10,0.705712890625,0.0904806698069853,0.25298637747782043,0.09548535242000622,0.12156862745098039,0.2549019607843137,0.3803921568627451,0.0,0.15508884205537685,0.45055282275511827,0.28932740945015506,0.13725490196078433,0.35294117647058826,0.9607843137254902,0.02339935302734375,0.16493153291590074,0.47235843524401633,0.25937141823692533,0.1803921568627451,0.3843137254901961,0.9058823529411765,0.01381378173828125,0.19756644527729791,0.22179976835074436,0.5803921568627451,0.8555251368840219,0.021805612488898,0.3082171893147503
ACRIN-6698-963604,10,0.5057876586914063,0.17516993503944547,0.3355040250360859,0.12952086470973118,0.15294117647058825,0.33725490196078434,0.4980392156862745,0.0,0.2751289816463695,0.5100645426022159,0.22879257818343585,0.21176470588235294,0.5019607843137255,0.8392156862745098,0.01511688232421875,0.27181384516697304,0.505261269710563,0.22483555251560938,0.20392156862745098,0.5019607843137255,0.8156862745098039,0.00664520263671875,0.17456051756613009,0.18867275519250018,0.45098039215686275,0.8649312877639423,-0.004803272891653026,0.4141598767471371
ACRIN-6698-970839,10,0.6522293090820312,0.10041855157590379,0.24281885274567014,0.11832175827001903,0.11372549019607843,0.21176470588235294,0.41568627450980394,0.0,0.16596441530713849,0.3971141288053295,0.26458320058473694,0.13333333333333333,0.3176470588235294,0.8627450980392157,0.02210845947265625,0.16914726706112132,0.40595407730694233,0.24651150715855005,0.1450980392156863,0.3411764705882353,0.807843137254902,0.00894927978515625,0.15429527605965931,0.20433240001824066,0.5215686274509804,0.8339951297632889,0.008839948501612873,0.36558804817585505
ACRIN-6698-971492,10,0.6488143920898437,0.12497995413985907,0.3288348765096842,0.14459125386497176,0.15294117647058825,0.3058823529411765,0.5411764705882353,0.0,0.18298903521369486,0.4853239571323526,0.25182164140772595,0.18823529411764706,0.43529411764705883,0.8862745098039215,0.02019195556640625,0.20160119748583027,0.5346419087115366,0.26392709076662363,0.2235294117647059,0.4745098039215686,0.9882352941176471,0.0335968017578125,0.1564890806226685,0.15475367760563907,0.38823529411764707,0.8546054146589442,0.04931795157918394,0.3338257593861475
ACRIN-6698-973837,10,0.543695068359375,0.14938456815831802,0.2966185184631496,0.16605962593797266,0.12941176470588237,0.25098039215686274,0.5725490196078431,6.40869140625e-05,0.21729413799211092,0.38199582932382437,0.2474094138284579,0.11372549019607843,0.3254901960784314,0.7568627450980392,0.0213531494140625,0.22082763073491116,0.39264172811083475,0.25290265036160925,0.11764705882352941,0.33725490196078434,0.796078431372549,0.02372283935546875,0.08537731086067471,0.19222448830777453,0.3411764705882353,0.6531045598641003,0.010645898787010423,0.44662323938952125
ACRIN-6698-982086,10,0.6479156494140625,0.10579269109987746,0.26170720171123985,0.12944931261836648,0.11764705882352941,0.23137254901960785,0.43529411764705883,3.0517578125e-06,0.1576372931985294,0.3827980355276694,0.2582857391485443,0.12156862745098039,0.3176470588235294,0.8196078431372549,0.02001190185546875,0.16901857862285538,0.4123639491420772,0.24869063040070252,0.13725490196078433,0.36470588235294116,0.788235294117647,0.0117462158203125,0.12109083381642954,0.20187006692092163,0.47843137254901963,0.7233836926090612,0.02956591361440781,0.28778895909717345
ACRIN-6698-987728,10,0.5942230224609375,0.13518950219247858,0.3070654742549823,0.17229671065977617,0.11764705882352941,0.2627450980392157,0.5568627450980392,2.74658203125e-05,0.19203995050168507,0.43696660554192723,0.2812123852164867,0.1411764705882353,0.3568627450980392,0.9137254901960784,0.0249053955078125,0.1952676571116728,0.44106817141176025,0.2444632230201329,0.1607843137254902,0.4,0.807843137254902,0.00936126708984375,0.1299011312869449,0.15962245723707053,0.3843137254901961,0.8486443801000263,0.004101565869833061,0.35239724739593126
ACRIN-6698-987914,10,0.46820068359375,0.23836051192938112,0.43733392519179143,0.10769001861300255,0.3411764705882353,0.4196078431372549,0.5647058823529412,0.00017547607421875,0.2805027441884957,0.5147385133325681,0.1510764757273414,0.3843137254901961,0.47843137254901963,0.7176470588235294,0.0117706298828125,0.2970226572074142,0.5467487617105834,0.1589620978760928,0.4117647058823529,0.5019607843137255,0.792156862745098,0.02007904052734375,0.0774045881407768,0.09350443982834425,0.17647058823529413,0.8579938023642832,0.03201024837801527,0.30708137266154023
ACRIN-6698-991818,10,0.4941909790039063,0.1304432648303462,0.23109277582647936,0.1119309357037144,0.11764705882352941,0.19607843137254902,0.403921568627451,0.0,0.2490259686638327,0.4258743888279533,0.23294200148181496,0.1803921568627451,0.3686274509803922,0.7803921568627451,0.01927947998046875,0.2552310898724724,0.43639423472496514,0.22880009701118992,0.18823529411764706,0.3843137254901961,0.7764705882352941,0.01469268798828125,0.19478161300147398,0.20212700873289755,0.4980392156862745,0.8863575343829472,0.010519845897011784,0.4174703683704037
ACRIN-6698-992609,10,0.521343994140625,0.11791910208907783,0.21373279097543663,0.10395719955757253,0.11372549019607843,0.1803921568627451,0.3803921568627451,0.0,0.25813544179878983,0.45154181458870735,0.27220882087794634,0.1411764705882353,0.39215686274509803,0.8823529411764706,0.0332977294921875,0.25577114329618567,0.4442710259320183,0.2530209412945884,0.1568627450980392,0.40784313725490196,0.8509803921568627,0.03337249755859375,0.23780902361327072,0.2346622044288416,0.592156862745098,0.8586384096502302,-0.007270788656689102,0.45690996263851164
ACRIN-6698-995480,10,0.714422607421875,0.0850489537856158,0.23265532077884904,0.11736602429756843,0.11372549019607843,0.2,0.37254901960784315,5.645751953125e-05,0.17191576191023286,0.46611709891590913,0.2598313562312751,0.19215686274509805,0.3843137254901961,0.9058823529411765,0.01716766357421875,0.18165576411228554,0.48411820861196214,0.266749144937814,0.19607843137254902,0.4,0.9215686274509803,0.01660308837890625,0.23346177813706004,0.20698145090235778,0.6,0.9735835345914639,0.018001109696053078,0.37630105366646005
Breast_MRI_002,10,0.4861495971679688,0.17715033437691485,0.32069429012262113,0.16153352665725357,0.13333333333333333,0.2823529411764706,0.5725490196078431,9.1552734375e-06,0.26123147403492647,0.46401022160215954,0.2601646977706258,0.1411764705882353,0.4627450980392157,0.8431372549019608,0.022796630859375,0.25864956126493566,0.4553147911914375,0.2378742718098795,0.1568627450980392,0.45098039215686275,0.7647058823529411,0.00595245361328125,0.1433159314795384,0.22360025638565745,0.5176470588235295,0.7075339191167519,-0.008695430410722063,0.460703118272226
Breast_MRI_005,10,0.6347747802734375,0.13201737946155026,0.3038228715953907,0.13994846716059764,0.1411764705882353,0.2823529411764706,0.49019607843137253,1.52587890625e-05,0.23459307502297794,0.5430353957637936,0.25507934564745066,0.22745098039215686,0.5176470588235295,0.9333333333333333,0.02286376953125,0.22330495796951594,0.5241740718112659,0.22322109834860243,0.24705882352941178,0.5058823529411764,0.8313725490196079,0.014154052734375,0.23921252416840294,0.22657439671100793,0.592156862745098,0.884668733340575,-0.018861323952527778,0.4971172405725411
Breast_MRI_009,10,0.696380615234375,0.0943170166015625,0.25918703032524704,0.13023224274573106,0.12549019607843137,0.23137254901960785,0.4196078431372549,0.000701904296875,0.17704536587584252,0.47313406214832904,0.2615792824838287,0.16862745098039217,0.4235294117647059,0.9294117647058824,0.023480224609375,0.16868541642731313,0.4490731160290028,0.22779334636314322,0.17647058823529413,0.4196078431372549,0.7686274509803922,0.01153411865234375,0.21394703182308203,0.24325918630273305,0.6313725490196078,0.8428485274902,-0.024060946119326212,0.4642225349281335
Breast_MRI_010,10,0.5377182006835938,0.11657422832414216,0.2128614496488288,0.11350292872036799,0.11372549019607843,0.17647058823529413,0.3843137254901961,0.00013885498046875,0.21331193512561272,0.3674152843461182,0.25524484983263956,0.10980392156862745,0.2823529411764706,0.7568627450980392,0.0185211181640625,0.22239932789522057,0.38366755418140597,0.2440039865103925,0.13333333333333333,0.3137254901960784,0.7450980392156863,0.0196075439453125,0.1545538346972894,0.21345610500529527,0.5176470588235295,0.7513904429943128,0.0162522698352878,0.3579635662676054
Breast_MRI_012,10,0.6428070068359375,0.10382138719745711,0.23856385050495912,0.12095971419244046,0.11372549019607843,0.20392156862745098,0.40784313725490196,4.119873046875e-05,0.1779850080901501,0.4092679788819283,0.2784602399512304,0.12549019607843137,0.30980392156862746,0.8745098039215686,0.01528778076171875,0.20529120950137866,0.4710422587592002,0.28267609499268176,0.1568627450980392,0.3843137254901961,0.9294117647058824,0.02161407470703125,0.17070412837696913,0.20151866646748956,0.5215686274509804,0.8251399034559358,0.06177427987727194,0.254479046520569
Breast_MRI_019,10,0.6258010864257812,0.1235515220492494,0.29215634303551175,0.167970728899521,0.13333333333333333,0.23529411764705882,0.5372549019607843,0.00153656005859375,0.19105744604970895,0.43679080130023346,0.2373714909006232,0.17254901960784313,0.39215686274509803,0.7843137254901961,0.0157562255859375,0.20009611840341604,0.4584399997281519,0.2370240808628836,0.19607843137254902,0.4117647058823529,0.8313725490196079,0.01836700439453125,0.14463445826472165,0.20862552101248263,0.45098039215686275,0.7477440006524354,0.02164919842791848,0.4145166880747039
Breast_MRI_021,10,0.6583297729492188,0.09440318388097427,0.2337707940976379,0.13882142458968888,0.11372549019607843,0.1843137254901961,0.4470588235294118,6.7138671875e-05,0.12840145933861827,0.2789454285713535,0.21334211103318954,0.08627450980392157,0.21568627450980393,0.5843137254901961,0.00716094970703125,0.14650158452052697,0.3095652476972604,0.24743099813472197,0.09803921568627451,0.2235294117647059,0.7058823529411765,0.01987457275390625,0.04517463447371562,0.18250114689387928,0.26666666666666666,0.576258167088698,0.03061981912590686,0.42006636387590046
Breast_MRI_022,10,0.49099884033203123,0.16479164871515012,0.2882574718902757,0.17461579212230074,0.12941176470588237,0.23529411764705882,0.5254901960784314,0.00357666015625,0.19490026735791974,0.3359517917647635,0.2019795129756534,0.1411764705882353,0.2901960784313726,0.6039215686274509,0.01081695556640625,0.21373666800704655,0.3688086350947587,0.2147967870994619,0.1568627450980392,0.3137254901960784,0.6705882352941176,0.01655426025390625,0.047694319874487794,0.1534383569896659,0.21176470588235294,0.6434607694129426,0.0328568433299952,0.358206002176396
Breast_MRI_040,10,0.45458221435546875,0.20964453603707106,0.3519768268201964,0.2044907327931621,0.12549019607843137,0.30980392156862746,0.6509803921568628,0.00284576416015625,0.2521545589671415,0.38649384973253803,0.23862258515068177,0.11372549019607843,0.3411764705882353,0.7411764705882353,0.00925140380859375,0.2575982247146905,0.4003584042409925,0.26706042810355135,0.10196078431372549,0.3411764705882353,0.8156862745098039,0.022869873046875,0.03451702291234165,0.1528677416016537,0.20392156862745098,0.5259186728028088,0.013864554508454476,0.4749290100574914
Breast_MRI_041,10,0.6433761596679688,0.08465683282590379,0.1950584949939876,0.10148799723052117,0.10980392156862745,0.1607843137254902,0.3411764705882353,5.340576171875e-05,0.15237920424517462,0.33756533270042444,0.2607056479986027,0.10980392156862745,0.23137254901960785,0.792156862745098,0.0196441650390625,0.15316951377719057,0.3379433162295241,0.23612425194128972,0.10980392156862745,0.25882352941176473,0.6901960784313725,0.012786865234375,0.14250683770643682,0.22846392881575847,0.5333333333333333,0.7477419272025569,0.00037798352909967285,0.42055562924391465
Breast_MRI_043,10,0.68680419921875,0.10569177365770528,0.2936751007063776,0.13128218857208546,0.12941176470588237,0.2784313725490196,0.48627450980392156,0.0,0.1627137487074908,0.42747616176298636,0.23263217016122936,0.1411764705882353,0.4,0.7450980392156863,0.01076507568359375,0.17179764691521138,0.46500011081331627,0.2549165610588914,0.12156862745098039,0.44313725490196076,0.8392156862745098,0.0171417236328125,0.1338010610566088,0.17447217166692133,0.3843137254901961,0.7733464551584363,0.03752394905032988,0.36170440815372024
Breast_MRI_044,10,0.74427490234375,0.07902827244178921,0.2187941022033903,0.1056887851562479,0.11372549019607843,0.18823529411764706,0.36470588235294116,1.52587890625e-06,0.17700207280177696,0.5049089104351464,0.2809930323781719,0.1568627450980392,0.47058823529411764,0.996078431372549,0.02527313232421875,0.16972498276654413,0.49504429056934723,0.23879363228014877,0.19215686274509805,0.4823529411764706,0.8431372549019608,0.00739288330078125,0.2861148082317561,0.2558484331764544,0.6823529411764706,0.8893682276003628,-0.0098646198657992,0.48841830158957467
Breast_MRI_046,10,0.668341064453125,0.09685056798598345,0.2656441100152312,0.15439589572251938,0.12156862745098039,0.21568627450980393,0.48627450980392156,0.0012237548828125,0.15332051595052082,0.3968589526390066,0.23521416963661088,0.15294117647058825,0.33725490196078434,0.7686274509803922,0.01006622314453125,0.16826167686312804,0.43393188151795065,0.25461388053305056,0.16862745098039217,0.3686274509803922,0.8823529411764706,0.02520904541015625,0.13121484262377545,0.17321366762790064,0.4,0.8272511455860432,0.037072928878944054,0.3613334805572425
Breast_MRI_048,10,0.5655105590820313,0.15099778119255516,0.3024756548589367,0.15269802782207412,0.1568627450980392,0.25882352941176473,0.5137254901960784,0.00224151611328125,0.24298706653071386,0.4829212062142265,0.23142457070241976,0.22745098039215686,0.4392156862745098,0.8352941176470589,0.01815338134765625,0.2529884428136489,0.5084411982649614,0.21391979356383115,0.25098039215686274,0.49411764705882355,0.8156862745098039,0.01222686767578125,0.1804455513552898,0.2183071199184352,0.5529411764705883,0.8471520332084271,0.02551999205073482,0.3755333682181024
Breast_MRI_051,10,0.5622283935546875,0.12147157556870405,0.23870336372877754,0.16318296944040586,0.11764705882352941,0.18823529411764706,0.4117647058823529,0.0074066162109375,0.14933115042892156,0.27423750655934426,0.18556269497462885,0.10588235294117647,0.22745098039215686,0.49019607843137253,0.00934295654296875,0.16305607216030943,0.3025602868492307,0.1984220965325322,0.12156862745098039,0.25098039215686274,0.5450980392156862,0.0118133544921875,0.03553414283056669,0.10285355591780487,0.1411764705882353,0.6371044761552886,0.02832278028988645,0.3597097226191887
Breast_MRI_053,10,0.612408447265625,0.1245959233302696,0.28263577481131813,0.14870238340261874,0.12156862745098039,0.24313725490196078,0.5058823529411764,4.119873046875e-05,0.2111338955748315,0.45405858546747674,0.2638899721643845,0.12549019607843137,0.4196078431372549,0.8549019607843137,0.0166412353515625,0.22258610145718444,0.4838670274339362,0.25371229935899065,0.1411764705882353,0.47058823529411764,0.8431372549019608,0.0151763916015625,0.1714228106561586,0.24865398772191313,0.5607843137254902,0.713387556493394,0.029808441966459515,0.3702502243988473
Breast_MRI_055,10,0.62513427734375,0.1203375603170956,0.2855555693898257,0.15859686914472623,0.12549019607843137,0.24705882352941178,0.4980392156862745,0.0006103515625,0.17540554271024816,0.37191814496484715,0.2269642180576163,0.11372549019607843,0.3254901960784314,0.7058823529411765,0.01104736328125,0.18193392286113663,0.39679044400983554,0.23115700308918763,0.12156862745098039,0.3568627450980392,0.7333333333333333,0.012103271484375,0.08636257557502143,0.2016428762890806,0.3411764705882353,0.6522517828649581,0.024872299044988406,0.4070142303559217
Breast_MRI_056,10,0.6249404907226562,0.1746073943493413,0.4085136356830374,0.27229544714384996,0.11764705882352941,0.32941176470588235,0.8509803921568627,0.01192169189453125,0.20076180252374387,0.39507008316774694,0.28902124122806183,0.0784313725490196,0.3176470588235294,0.8666666666666667,0.01773223876953125,0.19142010857077207,0.39216367526184515,0.2944643470528802,0.07058823529411765,0.30980392156862746,0.8745098039215686,0.01749267578125,-0.013443552515290471,0.18699137899149093,0.17254901960784313,0.47743888298975995,-0.0029064079059017535,0.4835617720169732
Breast_MRI_057,10,0.5136978149414062,0.14531431310317094,0.2776915602718937,0.1435354656533315,0.1411764705882353,0.23529411764705882,0.4588235294117647,0.001904296875,0.18341007606655943,0.3530493846597481,0.21693947816915934,0.15294117647058825,0.27450980392156865,0.7019607843137254,0.0075469970703125,0.22218834372127758,0.4323641046833634,0.2676965442257251,0.1843137254901961,0.3254901960784314,0.9490196078431372,0.04015350341796875,0.07535782438785438,0.11639271431264776,0.25098039215686274,0.7513672604274199,0.07931472002361532,0.12962225018277204
Breast_MRI_059,10,0.7222686767578125,0.08853493484796263,0.250932345863505,0.16246552101649447,0.10980392156862745,0.18823529411764706,0.4745098039215686,0.001531982421875,0.12679731780407477,0.3497322873461361,0.2372571432309531,0.12549019607843137,0.27058823529411763,0.7098039215686275,0.01105804443359375,0.14630868350758272,0.4048916512993937,0.25977742719186897,0.15294117647058825,0.3215686274509804,0.8666666666666667,0.01906280517578125,0.09879994148263105,0.1275768420536918,0.25098039215686274,0.8286725196962871,0.055159363953257635,0.18348588570109992
Breast_MRI_060,10,0.533624267578125,0.13506055644914214,0.2597076542464756,0.15663309120328006,0.11764705882352941,0.20392156862745098,0.5019607843137255,4.119873046875e-05,0.21940104166666666,0.38934409402608855,0.2349349114775852,0.1411764705882353,0.3254901960784314,0.7450980392156863,0.01474151611328125,0.224072187835095,0.4130944728469184,0.24627815241145254,0.15294117647058825,0.34901960784313724,0.8235294117647058,0.02028961181640625,0.12963643977961287,0.16863569061622904,0.3843137254901961,0.8101320490505294,0.023750378820829872,0.3647053434714897
Breast_MRI_061,10,0.5696304321289063,0.12149404488357844,0.25096569567705895,0.11509689022251957,0.12156862745098039,0.2196078431372549,0.4235294117647059,0.0,0.21501927992876838,0.42370955139794875,0.2373278241318069,0.1411764705882353,0.403921568627451,0.7607843137254902,0.01334991455078125,0.2387356028837316,0.4717199337587804,0.2563882426165968,0.1607843137254902,0.4470588235294118,0.8666666666666667,0.02679290771484375,0.1727438557208898,0.20559975471916545,0.4980392156862745,0.8030257368452776,0.048010382360831674,0.3399043421841041
Breast_MRI_064,10,0.6600662231445312,0.10059549967447917,0.2618387571117037,0.15228302555113396,0.11764705882352941,0.2196078431372549,0.4745098039215686,0.0014801025390625,0.14369309369255515,0.33839280975633196,0.22696797811983255,0.10980392156862745,0.2823529411764706,0.6627450980392157,0.01256561279296875,0.16058777453852635,0.3843020019224187,0.24739767951928632,0.12156862745098039,0.32941176470588235,0.7803921568627451,0.01977691650390625,0.07655405264462829,0.1530639513184952,0.2549019607843137,0.6903478335031579,0.045909192166086694,0.31424416125397814
Breast_MRI_069,10,0.5782073974609375,0.1469530711454504,0.2927943556287021,0.1911052590885677,0.11372549019607843,0.22745098039215686,0.5647058823529412,0.00313873291015625,0.18078671324486828,0.3484160778837665,0.260063345230496,0.050980392156862744,0.30196078431372547,0.7215686274509804,0.01075592041015625,0.20313058890548405,0.3892561679805665,0.2725580002101525,0.06274509803921569,0.34901960784313724,0.792156862745098,0.01377105712890625,0.0556217222550644,0.17899229587105128,0.2901960784313726,0.538411726827433,0.04084009009680001,0.3551438721393791
Breast_MRI_082,10,0.5051849365234375,0.1712819477156097,0.320758076576052,0.1202067149837329,0.1843137254901961,0.30196078431372547,0.47843137254901963,0.00015869140625,0.28388171626072306,0.5422478813223688,0.21854841755243623,0.26666666666666666,0.5254901960784314,0.8666666666666667,0.0199005126953125,0.2731821995155484,0.5220629321538226,0.20367883587921126,0.28627450980392155,0.49019607843137253,0.8156862745098039,0.0190185546875,0.2214898047463168,0.16467518055495836,0.44313725490196076,0.9229713644297247,-0.020184949168546233,0.555078604424544
Breast_MRI_086,10,0.68438720703125,0.08310947193818934,0.22726002100704912,0.10691479260101316,0.11764705882352941,0.19215686274509805,0.3803921568627451,3.814697265625e-05,0.15549341538373163,0.38974184839280906,0.2530493245413862,0.11764705882352941,0.3411764705882353,0.7529411764705882,0.01330108642578125,0.16687156527650124,0.43283314563497033,0.27113095167745316,0.13333333333333333,0.3803921568627451,0.8549019607843137,0.02026519775390625,0.16248182738575995,0.24114012274052748,0.5529411764705883,0.762280023206343,0.04309129724216123,0.31505028040997873
Breast_MRI_090,10,0.6864715576171875,0.0864143581016391,0.2337360177433832,0.08973700898051594,0.12156862745098039,0.22745098039215686,0.35294117647058826,1.220703125e-05,0.16454750210631128,0.4438642205960126,0.27940045487976994,0.1803921568627451,0.32941176470588235,0.984313725490196,0.02899017333984375,0.17990459367340686,0.4889124276398121,0.2680277235847169,0.21176470588235294,0.38823529411764707,0.9647058823529412,0.026019287109375,0.21012820285262943,0.22556197175756937,0.6274509803921569,0.915186349611143,0.04504820704379945,0.2498904970945229
Breast_MRI_091,10,0.469305419921875,0.15525538425819546,0.25846679561311464,0.14459509365858328,0.12156862745098039,0.2235294117647059,0.41568627450980394,0.004083251953125,0.23780875411688113,0.38372084920639754,0.22175332679480836,0.1568627450980392,0.3333333333333333,0.7058823529411765,0.018341064453125,0.2261132692823223,0.3678223249644427,0.21278183609199608,0.1568627450980392,0.3215686274509804,0.6588235294117647,0.0180908203125,0.12525405359328287,0.18564738090480606,0.41568627450980394,0.7441344926336128,-0.015898524241954773,0.4893989580098679
Breast_MRI_097,10,0.7387100219726562,0.08575005026424631,0.26865501250459595,0.15550181386268122,0.11764705882352941,0.2235294117647059,0.4627450980392157,0.00157623291015625,0.1526649325501685,0.4231506726809645,0.24820257481761882,0.16862745098039217,0.34901960784313724,0.8392156862745098,0.015460205078125,0.16016581217447914,0.47184028652076576,0.27019099817131903,0.1843137254901961,0.3843137254901961,0.9647058823529412,0.023486328125,0.15449566017636857,0.1831612688532935,0.42745098039215684,0.853479639568089,0.04868961383980125,0.2897237194797914
Breast_MRI_099,10,0.6065933227539062,0.1106494260301777,0.2549443367173999,0.16193606898786472,0.11764705882352941,0.19215686274509805,0.5137254901960784,0.0003692626953125,0.11351326736749387,0.2589700199399603,0.21163036172646574,0.0784313725490196,0.1843137254901961,0.5686274509803921,0.00847930908203125,0.14132532456341912,0.3230011956066835,0.24271395066300594,0.10588235294117647,0.23529411764705882,0.6980392156862745,0.0181365966796875,0.004025683222560424,0.10128055568362629,0.10980392156862745,0.4346121176155735,0.06403117566672317,0.22357198543186604
Breast_MRI_101,10,0.49395904541015623,0.15673143573835785,0.2810687311841384,0.13168614723115266,0.13725490196078433,0.2549019607843137,0.4627450980392157,5.035400390625e-05,0.27202655867034314,0.48542534644775864,0.2470129880982809,0.19215686274509805,0.45098039215686275,0.8509803921568627,0.01983795166015625,0.2576511338177849,0.4552803192746377,0.23522520062229335,0.17647058823529413,0.41568627450980394,0.792156862745098,0.0132965087890625,0.20435661526362028,0.212028669937127,0.5333333333333333,0.8564764698964838,-0.030145027173120974,0.5730025720738514
Breast_MRI_103,10,0.573748779296875,0.12794581992953433,0.2494426938695062,0.12209779520261443,0.12549019607843137,0.2235294117647059,0.39215686274509803,0.00067901611328125,0.22253343769148284,0.39488498006703004,0.21940293785693132,0.18823529411764706,0.32941176470588235,0.7411764705882353,0.01770477294921875,0.224843947466682,0.4163093781121137,0.21602268681035314,0.20784313725490197,0.35294117647058826,0.7568627450980392,0.0160247802734375,0.1454422861975238,0.1955934329215542,0.4392156862745098,0.8254399530334923,0.02142439804508369,0.3846850523361542
Breast_MRI_104,10,0.5788192749023438,0.14489157882391238,0.29484489007993375,0.17185819563579485,0.13725490196078433,0.24705882352941178,0.5058823529411764,0.00415191650390625,0.18064867206648283,0.37051709226395024,0.20997860483875835,0.17254901960784313,0.30980392156862746,0.6980392156862745,0.01016998291015625,0.2012561513863358,0.4182173183375334,0.21331908161658358,0.2,0.37254901960784315,0.7098039215686275,0.01861724853515625,0.07567220218401643,0.13366723118819182,0.20784313725490197,0.7310207408749207,0.04770022607358314,0.2442641065120913
Breast_MRI_107,10,0.645977783203125,0.08572813146254596,0.21588093989729404,0.1559969490160335,0.11372549019607843,0.16470588235294117,0.3568627450980392,0.002020263671875,0.10901848288143383,0.2721344872966341,0.18748323448719428,0.12549019607843137,0.2235294117647059,0.47843137254901963,0.0074127197265625,0.13057435278799018,0.32674028354855206,0.20963148720704844,0.1450980392156863,0.27058823529411763,0.6,0.01341094970703125,0.05625354739934006,0.07872678890440214,0.13725490196078433,0.7848300949950865,0.054605796251918005,0.15822888471285967
Breast_MRI_114,10,0.584503173828125,0.125396255792356,0.25956227632441153,0.160407974274262,0.11372549019607843,0.19607843137254902,0.5137254901960784,0.000250244140625,0.19241829068053,0.3738859245497685,0.2267018399934281,0.13725490196078433,0.3137254901960784,0.7098039215686275,0.00860443115234375,0.2151324223537071,0.42528292756691366,0.2609795524651094,0.15294117647058825,0.35294117647058826,0.8549019607843137,0.02121124267578125,0.11432364822535698,0.1323508233826667,0.28627450980392155,0.8418105031215571,0.051397003017145164,0.23385236871098053
Breast_MRI_115,10,0.6163177490234375,0.09879183301738664,0.23245656759422798,0.0981081441715588,0.12156862745098039,0.21176470588235294,0.3764705882352941,0.0,0.18627494064031863,0.43549932743031594,0.27226075752464046,0.15294117647058825,0.34901960784313724,0.8901960784313725,0.024127197265625,0.18298036463120404,0.41746809680324704,0.22385147211330705,0.15294117647058825,0.39215686274509803,0.7215686274509804,0.00924224853515625,0.20304275983608794,0.23532298235957824,0.5882352941176471,0.8307496520182939,-0.018031230627068885,0.5027679459137006
Breast_MRI_117,10,0.7238265991210937,0.08202508664598653,0.23958103460398153,0.11376256083739027,0.11764705882352941,0.21176470588235294,0.403921568627451,0.000439453125,0.15446036544500613,0.4101191867132117,0.25184692499010863,0.1411764705882353,0.34901960784313724,0.8156862745098039,0.0163604736328125,0.14742774514590992,0.403086892213251,0.23158496194617642,0.1450980392156863,0.3568627450980392,0.7254901960784313,0.0099700927734375,0.1705381521092301,0.22151796669271415,0.5254901960784314,0.7948649947788036,-0.00703229449996062,0.4548407949478709
Breast_MRI_119,10,0.6171524047851562,0.1111047123927696,0.25704349614681965,0.14196127682589688,0.12549019607843137,0.21568627450980393,0.4588235294117647,0.00019989013671875,0.15940010220396753,0.3587539220101698,0.23055247138453674,0.1568627450980392,0.2901960784313726,0.7333333333333333,0.01922760009765625,0.1762193747127757,0.3985970986522172,0.25262962141219214,0.1803921568627451,0.3137254901960784,0.9529411764705882,0.03544769287109375,0.1017104258633502,0.15275229698271298,0.3215686274509804,0.8042948868686305,0.03984317664204736,0.2976170073693818
Breast_MRI_120,8,0.5114154815673828,0.16705681295955882,0.3220503135728583,0.1866785883328857,0.14901960784313725,0.2627450980392157,0.6078431372549019,0.003162384033203125,0.18909836563409543,0.3546204031212538,0.20048420747445525,0.1607843137254902,0.2980392156862745,0.6509803921568628,0.0076141357421875,0.2138486525591682,0.38459922525141205,0.21679030550140566,0.1803921568627451,0.3215686274509804,0.7137254901960784,0.02057647705078125,0.03257008954839553,0.12305751510399979,0.17254901960784313,0.6190373947431088,0.029978822130158286,0.4073329455533477
Breast_MRI_123,10,0.59459228515625,0.11990139830346201,0.2642614129148091,0.13064444939169445,0.12156862745098039,0.23529411764705882,0.4588235294117647,0.000311279296875,0.18393745571959252,0.39830328777200563,0.277581044871676,0.09411764705882353,0.32941176470588235,0.8549019607843137,0.02096099853515625,0.18480676987591912,0.39221098785483904,0.23445164887830747,0.11764705882352941,0.3607843137254902,0.7254901960784313,0.00603790283203125,0.13404187485719649,0.23233347966655485,0.5294117647058824,0.6610874409081329,-0.00609229991716659,0.4583496431905092
Breast_MRI_129,10,0.43817138671875,0.1418409699084712,0.23169954521732647,0.14032189646395465,0.11764705882352941,0.1843137254901961,0.403921568627451,0.0025115966796875,0.19925332462086395,0.30546596585402225,0.19050674983399102,0.13725490196078433,0.25098039215686274,0.5607843137254902,0.0109710693359375,0.2305002369600184,0.3589562790895826,0.2074064780646815,0.16470588235294117,0.30196078431372547,0.6509803921568628,0.01715850830078125,0.07376642063669574,0.12311957153644136,0.20784313725490197,0.7484166214014123,0.05349031323556038,0.2354155350353069
Breast_MRI_134,10,0.6743576049804687,0.0952166628370098,0.2532306363901054,0.1217442116947485,0.12941176470588237,0.2235294117647059,0.40784313725490196,0.00051422119140625,0.1668447337431066,0.4047583149785149,0.23775123552791266,0.16862745098039217,0.33725490196078434,0.7803921568627451,0.01673583984375,0.16121226591222426,0.40038849462741993,0.2073382552448762,0.16470588235294117,0.36470588235294116,0.6862745098039216,0.00469818115234375,0.1515276785884095,0.21864731314501779,0.5058823529411764,0.7805007192626503,-0.004369820351094991,0.42129579735067685
Breast_MRI_136,10,0.4787185668945313,0.18327873080384496,0.32986638276570074,0.17399645183790116,0.12941176470588237,0.2980392156862745,0.5686274509803921,0.0011138916015625,0.2601244040096507,0.4495895965425426,0.2625929109544678,0.10980392156862745,0.4196078431372549,0.8352941176470589,0.0197479248046875,0.24408611222809437,0.4184035598508796,0.24083475277439978,0.10196078431372549,0.4,0.7490196078431373,0.00904693603515625,0.11972321377684192,0.21629383773330532,0.41568627450980394,0.6780640874403955,-0.03118603669166297,0.5460487607829592
Breast_MRI_137,10,0.6137252807617187,0.1497707232306985,0.346124110895242,0.16456663985752493,0.16862745098039217,0.30980392156862746,0.5764705882352941,0.000213623046875,0.24605857101141237,0.5701749547019468,0.2612966092870376,0.2235294117647059,0.5764705882352941,0.9333333333333333,0.023455810546875,0.23481352562997856,0.5411517622071602,0.2343269924257409,0.22745098039215686,0.5568627450980392,0.8549019607843137,0.01139678955078125,0.22405084380670487,0.23303280355372,0.5647058823529412,0.8298274928994387,-0.02902319249478665,0.5606184500037528
Breast_MRI_141,10,0.5961471557617187,0.11981597900390625,0.28137575316975644,0.16152365551945028,0.13725490196078433,0.22745098039215686,0.5176470588235295,0.00063629150390625,0.17549698773552388,0.4103152002141928,0.24587426962388706,0.17254901960784313,0.3215686274509804,0.8313725490196079,0.0142303466796875,0.190923324285769,0.44489524799714686,0.2403833140550613,0.19607843137254902,0.3686274509803922,0.8235294117647058,0.01883697509765625,0.12893944704443636,0.21395576650129391,0.4980392156862745,0.7893897660851856,0.03458004778295406,0.2919684587163589
Breast_MRI_142,10,0.6619476318359375,0.11812595143037684,0.2817941230458403,0.13097864154469693,0.13333333333333333,0.25882352941176473,0.4588235294117647,1.52587890625e-06,0.2504827043121936,0.6173349030511611,0.23024379602052875,0.32941176470588235,0.611764705882353,0.9607843137254902,0.0260711669921875,0.2418476359049479,0.5953431173413639,0.20255191117199545,0.33725490196078434,0.6078431372549019,0.8431372549019608,0.0049224853515625,0.3355407800053209,0.24386546410401058,0.6862745098039216,0.9267646448141695,-0.021991785709797266,0.5569407707654392
Breast_MRI_144,10,0.5238540649414063,0.1644029026405484,0.3099194270445811,0.14978787577050065,0.17647058823529413,0.2784313725490196,0.4666666666666667,0.0054840087890625,0.1951101265701593,0.3697760964490203,0.16653229782980894,0.21568627450980393,0.3411764705882353,0.5529411764705883,0.0105010986328125,0.21369324328852635,0.40758242992178717,0.1728425696112389,0.25098039215686274,0.37254901960784315,0.6039215686274509,0.0154876708984375,0.05985666940443926,0.09500479695855785,0.1568627450980392,0.7572769486647845,0.03780633347276683,0.2831624723198749
Breast_MRI_148,10,0.7785873413085938,0.06399200439453125,0.2069231813879199,0.08748518921482347,0.10980392156862745,0.1803921568627451,0.3411764705882353,0.0,0.11329467773437499,0.39516396172886303,0.2789572582702895,0.09803921568627451,0.3058823529411765,0.8352941176470589,0.00443267822265625,0.13664811078239888,0.46693741043503995,0.3062397320659008,0.12941176470588237,0.3843137254901961,0.9764705882352941,0.01945037841796875,0.1882407803409431,0.21041652806437447,0.5137254901960784,0.7797250267047999,0.07177344870617694,0.2202611901726336
Breast_MRI_150,10,0.6251480102539062,0.10568170285692402,0.24353425978981408,0.14797210793584648,0.11372549019607843,0.18823529411764706,0.47843137254901963,0.00012054443359375,0.13752719654756435,0.2952115575513818,0.242635648328111,0.08235294117647059,0.21568627450980393,0.6784313725490196,0.01483612060546875,0.15653010948031557,0.3341595408918626,0.269767448514135,0.09019607843137255,0.23921568627450981,0.8431372549019608,0.02808837890625,0.051677297761567674,0.1530834389861904,0.25882352941176473,0.5816830373316291,0.03894798334048086,0.35461180560361144
Breast_MRI_156,10,0.6910659790039062,0.11152476591222427,0.264984190284877,0.14835605795349283,0.11764705882352941,0.22745098039215686,0.4627450980392157,0.00059661865234375,0.17400124942555148,0.3972761907694972,0.25946527705671374,0.09411764705882353,0.34509803921568627,0.792156862745098,0.01243438720703125,0.1778079163794424,0.417443942553338,0.2616077323171239,0.09803921568627451,0.3686274509803922,0.8196078431372549,0.01090545654296875,0.13229200048462014,0.22908046097728524,0.47058823529411764,0.6819221289815917,0.020167751783840827,0.422640186108079
Breast_MRI_157,10,0.37235107421875,0.1870657169117647,0.2757743013964635,0.14712286974961902,0.12941176470588237,0.23137254901960785,0.49019607843137253,0.0018951416015625,0.2832629514208027,0.4113132835062181,0.21452568939277913,0.16862745098039217,0.39215686274509803,0.6823529411764706,0.02129974365234375,0.2908738140031403,0.42378535442805787,0.2049537082367637,0.19215686274509805,0.40784313725490196,0.6627450980392157,0.02478179931640625,0.13553898210975465,0.1675928339616054,0.37254901960784315,0.8071600832409515,0.012472070921839768,0.3966149328043254
Breast_MRI_160,10,0.5147216796875,0.12852250641467525,0.23581204555072519,0.125732208037094,0.11764705882352941,0.19215686274509805,0.42745098039215684,1.52587890625e-06,0.19880983838848038,0.32753688862977903,0.23256794742147913,0.09411764705882353,0.2627450980392157,0.6470588235294118,0.01629791259765625,0.21375876034007352,0.3550616808075547,0.2315111898529992,0.11372549019607843,0.29411764705882354,0.6784313725490196,0.01682891845703125,0.09172484307905382,0.20172381306318898,0.36470588235294116,0.6331909996478342,0.027524792177775672,0.39390690245006793
Breast_MRI_163,10,0.7241546630859375,0.07586232503255208,0.20368281842381045,0.09417065998411103,0.10980392156862745,0.17254901960784313,0.35294117647058826,0.0,0.14425466500076592,0.4029000795906321,0.3079777473928858,0.09019607843137255,0.2901960784313726,0.9921568627450981,0.02714080810546875,0.1516919424019608,0.4151334786312494,0.27720466686522904,0.10588235294117647,0.33725490196078434,0.8549019607843137,0.00838623046875,0.19921726116682167,0.2515346218019603,0.6274509803921569,0.7558275896403324,0.012233399040617253,0.3873203597782916
Breast_MRI_167,10,0.55982666015625,0.12584594128178617,0.2480510155197718,0.1855170304796356,0.10980392156862745,0.16862745098039217,0.5411764705882353,0.00132293701171875,0.15994204652075672,0.297100109352374,0.2236625566888507,0.10980392156862745,0.21568627450980393,0.6588235294117647,0.01085357666015625,0.19630162257774203,0.36067855024091783,0.24069604932284586,0.1450980392156863,0.2784313725490196,0.7764705882352941,0.0192169189453125,0.04904909383260223,0.09625558784094883,0.13725490196078433,0.7098019911811199,0.06357844088854378,0.16070883829279792
Breast_MRI_168,10,0.6980560302734375,0.0831773406384038,0.23815284252389668,0.12051676949860979,0.11372549019607843,0.19607843137254902,0.4235294117647059,1.983642578125e-05,0.1673371976964614,0.4249520064542327,0.23615644533361468,0.1568627450980392,0.39215686274509803,0.7490196078431373,0.015625,0.17434761795343137,0.4523041559130803,0.2288851613774295,0.19215686274509805,0.4235294117647059,0.796078431372549,0.0156097412109375,0.186799163930336,0.2407467610581882,0.5450980392156862,0.796242204950425,0.027352149458847626,0.36714809836164986
Breast_MRI_176,10,0.40986938476562496,0.17024883195465687,0.27078726036734263,0.16230405356397745,0.13333333333333333,0.2196078431372549,0.4745098039215686,0.00532684326171875,0.22358875947840073,0.3405435509812642,0.18486555568958807,0.17647058823529413,0.28627450980392155,0.5882352941176471,0.010528564453125,0.24127041087431064,0.37224026102420243,0.19148958735698807,0.19607843137254902,0.3176470588235294,0.6352941176470588,0.01484222412109375,0.06975629061392156,0.08840061582972636,0.12941176470588237,0.9058249816417926,0.03169671004293823,0.20482329578950634
Breast_MRI_178,10,0.5775588989257813,0.1355456423291973,0.26888619425144167,0.1581051068937462,0.11764705882352941,0.2196078431372549,0.4980392156862745,0.001025390625,0.18754206040326285,0.34725689850440544,0.24323254325821012,0.08235294117647059,0.29411764705882354,0.6980392156862745,0.0156829833984375,0.20224267099417892,0.38518914506359014,0.2587727389251431,0.08627450980392157,0.3411764705882353,0.7764705882352941,0.02233123779296875,0.0783707042529637,0.19377386080962233,0.34509803921568627,0.6162014946668063,0.03793224655918477,0.40187320977710034
Breast_MRI_180,10,0.5772384643554688,0.14670241411994484,0.3115856060861801,0.19064738906134707,0.12941176470588237,0.24313725490196078,0.592156862745098,0.0024749755859375,0.16608153698491115,0.3525335505149252,0.2352172410422896,0.13725490196078433,0.26666666666666666,0.7137254901960784,0.0182952880859375,0.1756527889476103,0.3735419771295498,0.24244506208805985,0.15294117647058825,0.2901960784313726,0.7764705882352941,0.023394775390625,0.040947944428745116,0.11149402080661192,0.14901960784313725,0.6332576580608602,0.021008426614624612,0.3391780149497764
Breast_MRI_183,10,0.5405899047851562,0.13492773317823223,0.2590549715015191,0.14610987489253577,0.12549019607843137,0.21176470588235294,0.4470588235294118,0.00235595703125,0.20437654383042278,0.3870134403523432,0.2092730435475208,0.18823529411764706,0.3254901960784314,0.7098039215686275,0.01238555908203125,0.21820406446269913,0.4191985309829112,0.21119058053190404,0.20392156862745098,0.3607843137254902,0.7215686274509804,0.017303466796875,0.12795846885082404,0.1599057243571051,0.29411764705882354,0.9074661467588241,0.03218509063056801,0.2961216159214027
Breast_MRI_189,10,0.41437530517578125,0.1832216449812347,0.29546412772954517,0.15431437746452628,0.1607843137254902,0.25098039215686274,0.49411764705882355,0.00390167236328125,0.19857018564261641,0.3208828855478147,0.17800957241923845,0.16862745098039217,0.2627450980392157,0.5529411764705883,0.010406494140625,0.21615277458639706,0.3499310625642928,0.19055714491976553,0.18823529411764706,0.2901960784313726,0.615686274509804,0.0128631591796875,0.025418757818269508,0.07751774034675342,0.08235294117647059,0.6259148764314283,0.02904817701647811,0.2782944019593794
Breast_MRI_192,10,0.5905517578125,0.13686993767233457,0.2847902717225463,0.1476494122347531,0.14901960784313725,0.24705882352941178,0.4588235294117647,0.0020355224609375,0.18657660989200367,0.39450568850758955,0.19467034088652702,0.21568627450980393,0.3411764705882353,0.6509803921568628,0.01518402099609375,0.1988061284083946,0.4208664057120075,0.207258321548178,0.23137254901960785,0.3607843137254902,0.7215686274509804,0.02208099365234375,0.10971541678504328,0.11354217400502913,0.24705882352941178,0.8829042692743426,0.026360717204417992,0.34214194144654464
Breast_MRI_198,10,0.4072509765625,0.16866593903186275,0.2615934936106326,0.1509706922648572,0.12941176470588237,0.21176470588235294,0.4627450980392157,0.00084228515625,0.27800577799479165,0.4235749808799503,0.22828138801299502,0.17254901960784313,0.3764705882352941,0.7372549019607844,0.01293182373046875,0.28612030029296875,0.43620601480017024,0.23103781414997285,0.1803921568627451,0.403921568627451,0.7686274509803922,0.033734130859375,0.16198148726931771,0.19422983655521245,0.4588235294117647,0.8162609662671444,0.012631033920219926,0.4143652951110013
Breast_MRI_205,10,0.5335281372070313,0.1560723996629902,0.29702409528744583,0.17604129301659882,0.12156862745098039,0.24313725490196078,0.5568627450980392,0.0027557373046875,0.206080597522212,0.37191705475773706,0.26119926842715463,0.08235294117647059,0.30980392156862746,0.7647058823529411,0.0169189453125,0.22896345549938726,0.4181930705532024,0.2764655912918672,0.09411764705882353,0.36470588235294116,0.8666666666666667,0.0289398193359375,0.0748929594702912,0.18813519740417736,0.34509803921568627,0.5908271645726136,0.04627601579546531,0.34693677279224877
Breast_MRI_217,10,0.5724014282226563,0.14158421535117954,0.29382547913377627,0.13051498064022948,0.12941176470588237,0.2823529411764706,0.4823529411764706,0.0,0.2286317413928462,0.46974675864400667,0.270309696116334,0.12941176470588237,0.42745098039215684,0.8784313725490196,0.0172821044921875,0.21591880050359988,0.43812545126461144,0.2502635615320456,0.10588235294117647,0.4235294117647059,0.788235294117647,0.00783843994140625,0.17592127951023037,0.20768170561610078,0.4823529411764706,0.7772480560680296,-0.0316213073793952,0.5633245429663385
Breast_MRI_218,10,0.6401351928710938,0.08175056008731617,0.2000117227533904,0.10431864593394752,0.11372549019607843,0.16470588235294117,0.35294117647058826,0.0004486083984375,0.1180499267578125,0.26968993982403067,0.21848177323243628,0.10196078431372549,0.19607843137254902,0.5176470588235295,0.01475677490234375,0.13499539842792585,0.3142357708429516,0.2132179759921947,0.13725490196078433,0.24313725490196078,0.6,0.01351318359375,0.06967821707064023,0.1688623061358549,0.24313725490196078,0.6399099393235272,0.044545831018920935,0.2714922341747194
Breast_MRI_228,10,0.5752426147460937,0.11616201363357842,0.23766157756889061,0.14062508915799068,0.11372549019607843,0.1803921568627451,0.4549019607843137,3.0517578125e-05,0.17009964288449753,0.30675244926345824,0.22265916765384727,0.10196078431372549,0.22745098039215686,0.596078431372549,0.0154937744140625,0.18309429093903187,0.33947890721153806,0.24082243766846004,0.11372549019607843,0.2549019607843137,0.6941176470588235,0.01988525390625,0.06909087169456762,0.16308837088428715,0.27058823529411763,0.6549939109599129,0.032726457948079775,0.3408461430690917
Breast_MRI_233,10,0.481439208984375,0.154055373247932,0.26612006062297094,0.17182255860138784,0.11764705882352941,0.20784313725490197,0.5019607843137255,0.00103759765625,0.18331846349379596,0.2848699437873571,0.22142690983821306,0.0784313725490196,0.21568627450980393,0.6,0.01014862060546875,0.20407294778262866,0.3206653179509583,0.239159254183394,0.09019607843137255,0.24705882352941178,0.6745098039215687,0.01893157958984375,0.01874988316438615,0.17184263145669545,0.22745098039215686,0.49593342827885734,0.03579537416360125,0.3704846929767776
Breast_MRI_234,10,0.7104507446289062,0.10235800350413603,0.2972197242136543,0.16483649546471466,0.11764705882352941,0.2549019607843137,0.5490196078431373,0.0,0.12873491474226412,0.36991883099605494,0.24574860648829638,0.12549019607843137,0.30196078431372547,0.7450980392156863,0.01554412841796875,0.14741289924172796,0.4216397496556261,0.26038984510202695,0.15294117647058825,0.35294117647058826,0.8901960784313725,0.0221038818359375,0.07269910678240067,0.13272181022010843,0.24705882352941178,0.7036504197429371,0.05172091865957119,0.2107884211025564
Breast_MRI_237,10,0.5768051147460938,0.14436336143344056,0.3118590528749674,0.16761126097353252,0.1411764705882353,0.26666666666666666,0.5529411764705883,0.0017242431640625,0.2159911989698223,0.45692666350644895,0.24578970341040096,0.17254901960784313,0.4117647058823529,0.8196078431372549,0.01358795166015625,0.22012920304840686,0.46927559254966295,0.24581005171353437,0.19215686274509805,0.4196078431372549,0.8549019607843137,0.01905517578125,0.1450676106314815,0.2138704112827176,0.4666666666666667,0.7584200183886495,0.012348929043214035,0.38831058789594186
Breast_MRI_239,10,0.47821044921875,0.17065450032552082,0.2867398663758403,0.19840369555167084,0.11764705882352941,0.20784313725490197,0.6039215686274509,0.00324859619140625,0.21127398920994178,0.31807619971605444,0.24328675278667616,0.07450980392156863,0.23921568627450981,0.6862745098039216,0.0144439697265625,0.2272079168581495,0.3467016667469421,0.255863457780436,0.08235294117647059,0.27058823529411763,0.7490196078431373,0.01968841552734375,0.03133633334021408,0.16883130396526697,0.25098039215686274,0.5166189027956486,0.028625467030887686,0.39881272663469414
Breast_MRI_240,10,0.63411865234375,0.10430803485945159,0.23804407626995014,0.14442896671130767,0.11372549019607843,0.1803921568627451,0.45098039215686275,0.0,0.17999488381778492,0.3821719940102955,0.2518071001479888,0.12549019607843137,0.2980392156862745,0.7607843137254902,0.01209259033203125,0.18673829920151655,0.4043363209895442,0.2558220433182615,0.13725490196078433,0.3333333333333333,0.8156862745098039,0.01721038818359375,0.14412791774034542,0.20609708197892956,0.4392156862745098,0.7763612251025923,0.022164326979248646,0.38012544623494476
Breast_MRI_244,10,0.6480072021484375,0.11459559421913296,0.2835742132748401,0.14838890082087702,0.12156862745098039,0.24313725490196078,0.5019607843137255,0.00012054443359375,0.18168136895871628,0.433366143121054,0.25590644888728786,0.12549019607843137,0.40784313725490196,0.8,0.014691162109375,0.1831986909754136,0.44671552775053547,0.24560829353795988,0.13725490196078433,0.43529411764705883,0.7803921568627451,0.0121063232421875,0.1497919298462139,0.2054680011670038,0.4666666666666667,0.7639607771737716,0.013349384629481447,0.38758984229372034
Breast_MRI_253,10,0.6634368896484375,0.10311633540134804,0.2745516740494992,0.1465765615851166,0.12549019607843137,0.23529411764705882,0.47058823529411764,0.00034027099609375,0.1815328022077972,0.45069556861144966,0.2278135827351615,0.19607843137254902,0.40784313725490196,0.7843137254901961,0.014300537109375,0.1861034916896446,0.46865735567473576,0.23523198692692412,0.20392156862745098,0.4235294117647059,0.8313725490196079,0.01680450439453125,0.17614389456195045,0.20873423272282998,0.49411764705882355,0.8507503286938387,0.01796178706328612,0.3944235390125584
Breast_MRI_255,10,0.6726577758789063,0.09269561767578124,0.2360399993528855,0.09883937094073178,0.11764705882352941,0.2235294117647059,0.3803921568627451,0.0,0.1732357488893995,0.42090095702565705,0.2531172273113116,0.1450980392156863,0.3568627450980392,0.8352941176470589,0.01803436279296875,0.18290575214460783,0.4554129618676821,0.27073777057660575,0.1568627450980392,0.3803921568627451,0.9411764705882353,0.02577667236328125,0.18486095767277155,0.2097488504734365,0.5450980392156862,0.8420804840416358,0.034512004842025004,0.34539708288467186
Breast_MRI_260,10,0.64453125,0.09705268411075367,0.23234412034044385,0.09204876266351385,0.11764705882352941,0.2235294117647059,0.3568627450980392,0.0,0.1757767381855086,0.4314930780004309,0.27107048381443244,0.12156862745098039,0.3764705882352941,0.8627450980392157,0.01322479248046875,0.21856837253944547,0.527609166262659,0.28996992328039517,0.1568627450980392,0.5098039215686274,0.9333333333333333,0.0171875,0.19914895765998708,0.20756389283095986,0.5372549019607843,0.8394230769230769,0.09611608826222796,0.2319110576923077
Breast_MRI_265,10,0.4245254516601562,0.1950644339767157,0.3161098460962407,0.1926914989399899,0.13333333333333333,0.2549019607843137,0.6,0.00460662841796875,0.2236782178691789,0.3602357934341543,0.22311294498931258,0.1411764705882353,0.2901960784313726,0.7058823529411765,0.01207427978515625,0.2487526029698989,0.40083619397916004,0.24443624741682363,0.1568627450980392,0.3254901960784314,0.796078431372549,0.021484375,0.04412594733791359,0.10659018163952247,0.13333333333333333,0.6724584574020994,0.04060040054500574,0.2755877743985703
Breast_MRI_268,10,0.6342437744140625,0.12352262010761336,0.2594557686905686,0.1316548225405467,0.12156862745098039,0.22745098039215686,0.4392156862745098,4.730224609375e-05,0.23340340408624388,0.4622406808715593,0.2540046377116371,0.16862745098039217,0.4117647058823529,0.8705882352941177,0.019482421875,0.23076272403492645,0.4719588587201658,0.2385725016123196,0.17647058823529413,0.4470588235294118,0.807843137254902,0.01579132080078125,0.20278491218099073,0.22891099503563767,0.5647058823529412,0.820990229535006,0.009718177848606464,0.43748904890238716
Breast_MRI_269,10,0.7045700073242187,0.08416652305453431,0.24007746198374502,0.14622763536385422,0.11372549019607843,0.1803921568627451,0.48627450980392156,0.00011749267578125,0.12827689974915749,0.35645663883977974,0.27113100451710603,0.09411764705882353,0.2549019607843137,0.8156862745098039,0.01423187255859375,0.13913746553308823,0.3794174815882461,0.28309582937274774,0.10196078431372549,0.2823529411764706,0.9294117647058824,0.02494659423828125,0.11637917685603473,0.19509358618093206,0.4196078431372549,0.7048235397416496,0.02296084274846639,0.39968907046530966
Breast_MRI_283,10,0.44375305175781254,0.13966426475375307,0.21716710121677257,0.145306644935293,0.11372549019607843,0.17254901960784313,0.3607843137254902,0.001324462890625,0.2871119061638327,0.4144586691159393,0.24261510650786716,0.15294117647058825,0.34509803921568627,0.7843137254901961,0.01602630615234375,0.2714230885225184,0.39242491868120094,0.22080824235221042,0.1450980392156863,0.34901960784313724,0.7019607843137254,0.0135101318359375,0.19729156789916671,0.2087726586648402,0.5254901960784314,0.8720778401391335,-0.022033750434738365,0.4746202083710519
Breast_MRI_285,10,0.6916915893554687,0.08659731995825674,0.21993305386870443,0.15157422919402405,0.10980392156862745,0.1568627450980392,0.43137254901960786,0.0008697509765625,0.11025261972464767,0.2746384830305153,0.2611703806666975,0.07058823529411765,0.17254901960784313,0.6980392156862745,0.0202117919921875,0.13503643559474574,0.33354562475017474,0.2722229735977854,0.10588235294117647,0.2235294117647059,0.8666666666666667,0.02507781982421875,0.05470542916181087,0.14640611389133648,0.2549019607843137,0.5634660212914433,0.05890714171965946,0.1676243361890197
Breast_MRI_287,10,0.6925201416015625,0.09539495729932598,0.26534643831231064,0.14764949907541475,0.11764705882352941,0.21568627450980393,0.5019607843137255,0.00016326904296875,0.14238704307406558,0.3883321316219406,0.25557015196215266,0.12549019607843137,0.3254901960784314,0.7803921568627451,0.01471099853515625,0.15586388083065256,0.4313301242287397,0.2653268242683305,0.1450980392156863,0.3686274509803922,0.8666666666666667,0.0194854736328125,0.12298569330962994,0.18890526207472536,0.396078431372549,0.7812714009230312,0.042997992606799054,0.25576894446925713
Breast_MRI_290,10,0.7671920776367187,0.06348018272250307,0.24716585040680625,0.09747321575883629,0.12941176470588237,0.23529411764705882,0.3764705882352941,2.13623046875e-05,0.11783091825597428,0.4429600848092902,0.24804151314370804,0.19607843137254902,0.3607843137254902,0.8862745098039215,0.01510162353515625,0.13029262767118568,0.49401259930476227,0.22768919454996475,0.25098039215686274,0.4392156862745098,0.8784313725490196,0.012408447265625,0.19579423440248403,0.2582810603906798,0.6705882352941176,0.8127191573869558,0.05105251449547198,0.24031119529667766
Breast_MRI_293,10,0.5520828247070313,0.1308599614162071,0.26128821806736097,0.11051975874231455,0.13725490196078433,0.23921568627450981,0.403921568627451,0.0,0.18323261335784313,0.3656871462010593,0.21249307734871364,0.16470588235294117,0.29411764705882354,0.7098039215686275,0.00583343505859375,0.22263884899662992,0.4529921086224827,0.26104457482943183,0.20392156862745098,0.3568627450980392,0.996078431372549,0.04466552734375,0.10439892813369833,0.17253029273723788,0.3843137254901961,0.726531015476227,0.08730496242142338,0.18539450241358282
Breast_MRI_298,10,0.5406707763671875,0.13702023375268074,0.250337883653591,0.14369673175296788,0.11372549019607843,0.2,0.4588235294117647,0.000140380859375,0.18918587478936885,0.33843308173627895,0.23275250697757272,0.12156862745098039,0.25882352941176473,0.6705882352941176,0.01777496337890625,0.2207649201037837,0.3911125649624689,0.2512474531873289,0.1450980392156863,0.3058823529411765,0.803921568627451,0.0227203369140625,0.08809519808268793,0.14026398712710775,0.23529411764705882,0.7826466816819809,0.052679483226189955,0.19760087168550225
Breast_MRI_301,10,0.46237030029296877,0.15498253317440258,0.2612113120583775,0.14167464827630785,0.12156862745098039,0.2235294117647059,0.45098039215686275,0.00084228515625,0.20656804701861214,0.3164854946948397,0.22665329177547391,0.07450980392156863,0.26666666666666666,0.6274509803921569,0.01406707763671875,0.21868395038679536,0.33903067722217184,0.23301523044291697,0.0784313725490196,0.29411764705882354,0.6666666666666666,0.01469879150390625,0.05527418263646219,0.19762283958604296,0.3137254901960784,0.5533020568142794,0.02254518252733217,0.4269585430023755
Breast_MRI_303,10,0.8213226318359375,0.057181869207643996,0.23854994593099327,0.149331503616249,0.10980392156862745,0.16862745098039217,0.4980392156862745,9.1552734375e-06,0.0779178275314032,0.3236299476322665,0.25435511804934613,0.10980392156862745,0.2235294117647059,0.7294117647058823,0.0110931396484375,0.09593750598383884,0.3941278948854303,0.27847345444200094,0.13725490196078433,0.2823529411764706,0.9607843137254902,0.01671295166015625,0.08508000170127317,0.14061478685773326,0.2901960784313726,0.7592273138738492,0.07049794725316384,0.12983142325231858
Breast_MRI_306,10,0.7197097778320313,0.10720310585171569,0.3412419898249842,0.17523822463633745,0.13725490196078433,0.3137254901960784,0.5843137254901961,0.001507568359375,0.1510578529507506,0.4400518090856117,0.2312875683067372,0.12549019607843137,0.43529411764705883,0.7529411764705882,0.00623016357421875,0.17126322428385418,0.5079033726822356,0.2560279798596533,0.1568627450980392,0.5019607843137255,0.8823529411764706,0.01663360595703125,0.09880981926062747,0.24333565975991042,0.4392156862745098,0.638272969279932,0.06785156359662395,0.28596392855393027
Breast_MRI_307,10,0.6117645263671875,0.09567614985447304,0.22147448538987036,0.14034257797122848,0.11764705882352941,0.1843137254901961,0.3607843137254902,0.00228118896484375,0.14181561638327206,0.3095563131515134,0.20779889467807228,0.12941176470588237,0.25098039215686274,0.5882352941176471,0.01329803466796875,0.1573206463982077,0.3496107854619874,0.21344471744452823,0.1607843137254902,0.29411764705882354,0.6235294117647059,0.01902313232421875,0.08808182776164303,0.15317163232585637,0.28627450980392155,0.739877532090837,0.04005447231047399,0.2881651037204147
Breast_MRI_317,10,0.6100143432617188,0.11425760306564031,0.2528713394341582,0.14930437928821538,0.12549019607843137,0.20392156862745098,0.4745098039215686,0.00074462890625,0.16220683378331802,0.3605268304104658,0.22458471522887002,0.15294117647058825,0.2980392156862745,0.6980392156862745,0.0176422119140625,0.19078267415364583,0.4311108461758526,0.2505392345975949,0.17254901960784313,0.3607843137254902,0.8666666666666667,0.02811126708984375,0.10765549097630765,0.14258762450837875,0.27450980392156865,0.8033226257037887,0.07058401576538684,0.2169449215708523
Breast_MRI_321,10,0.47413482666015627,0.15180397781671262,0.26067159868233036,0.16696281049396702,0.11764705882352941,0.21176470588235294,0.4627450980392157,0.00483856201171875,0.19446000641467523,0.3118570638297364,0.19080371903562454,0.14901960784313725,0.2549019607843137,0.5372549019607843,0.01412353515625,0.20334453507965686,0.3353933599113482,0.20328797523693093,0.1568627450980392,0.2784313725490196,0.596078431372549,0.018585205078125,0.051185465147406024,0.08327102671916345,0.12549019607843137,0.7846624360547948,0.023536296081611813,0.2871738177935241
Breast_MRI_323,10,0.6260299682617188,0.1160133690927543,0.26099154875039354,0.1422828841077037,0.12549019607843137,0.2235294117647059,0.4549019607843137,9.613037109375e-05,0.18903857661228554,0.4108313282266617,0.24798928456097627,0.16470588235294117,0.3254901960784314,0.8274509803921568,0.013800048828125,0.197886292700674,0.4409505625699287,0.2527517359119544,0.17647058823529413,0.3607843137254902,0.8509803921568627,0.018536376953125,0.14983977947626814,0.20722137039490934,0.4980392156862745,0.8131872615623151,0.030119234343267062,0.3579533631189179
Breast_MRI_328,10,0.7161880493164062,0.07026202033547793,0.20401206036422923,0.12211116366757443,0.10980392156862745,0.15294117647058825,0.39215686274509803,0.0,0.09659450157015931,0.27160394811315136,0.21681125662359457,0.10588235294117647,0.2,0.5294117647058824,0.01261444091796875,0.12046289780560661,0.33841786414833136,0.2320458833412828,0.1411764705882353,0.2627450980392157,0.6823529411764706,0.01678924560546875,0.06759188774892211,0.13177827430815878,0.20784313725490197,0.7112511357587944,0.06681391603518003,0.16273205769923493
Breast_MRI_333,10,0.6992828369140625,0.10429737165862439,0.3013833877658473,0.15589088663090703,0.12941176470588237,0.26666666666666666,0.5294117647058824,0.00031280517578125,0.1736869602577359,0.4900032215770445,0.261460661581867,0.1568627450980392,0.4549019607843137,0.8823529411764706,0.0177459716796875,0.1678993434532016,0.4809462322969964,0.24240377933742072,0.16862745098039217,0.4549019607843137,0.8352941176470589,0.007611083984375,0.18861983381119726,0.23848169981603967,0.5725490196078431,0.7909203462588417,-0.00905698928004817,0.4421751793706045
Breast_MRI_338,10,0.5299560546875,0.1272018372778799,0.22939928893179878,0.12217284300876118,0.11372549019607843,0.19215686274509805,0.403921568627451,7.62939453125e-05,0.21603106330422794,0.3482448622725463,0.23019177020500803,0.09411764705882353,0.2980392156862745,0.6705882352941176,0.01360321044921875,0.22631320130591298,0.3638022543978377,0.2344176661866935,0.10588235294117647,0.3176470588235294,0.6862745098039216,0.016802978515625,0.1188455733407475,0.19485047773420608,0.403921568627451,0.7017250558354542,0.015557392125291399,0.45381239287383784
Breast_MRI_345,10,0.683660888671875,0.10594157499425551,0.2835712007699528,0.1808971740302449,0.11372549019607843,0.20784313725490197,0.5803921568627451,3.0517578125e-06,0.13768793442670038,0.3032077204108987,0.2731582445372802,0.0392156862745098,0.2,0.7215686274509804,0.0192413330078125,0.14918415144378064,0.338423753224688,0.28447888187213705,0.0392156862745098,0.23529411764705882,0.796078431372549,0.01988067626953125,0.01963651964094596,0.2956828124727831,0.4196078431372549,0.4804211927685273,0.03521603281378924,0.39998359991510546
Breast_MRI_346,10,0.726910400390625,0.08211965523514092,0.22375928669749195,0.09680761081035238,0.10980392156862745,0.2,0.3568627450980392,1.220703125e-05,0.14459300321691176,0.3850364368530864,0.2585946994534468,0.11764705882352941,0.30980392156862746,0.807843137254902,0.016534423828125,0.17191684498506432,0.46154650984949774,0.29012820101679304,0.1450980392156863,0.3764705882352941,1.0,0.03067474365234375,0.1612771501555945,0.21217684311401738,0.5098039215686274,0.797096752564647,0.07651007299641131,0.16517667568111213
Breast_MRI_350,10,0.6613418579101562,0.0940039421530331,0.21113631631085636,0.12234685343481184,0.10980392156862745,0.16862745098039217,0.3843137254901961,0.00021820068359375,0.1450422638537837,0.3087275809112974,0.2437084456665862,0.10588235294117647,0.23137254901960785,0.6941176470588235,0.02082366943359375,0.161513869341682,0.35004534373911406,0.2580288893336765,0.11764705882352941,0.26666666666666666,0.8274509803921568,0.0232574462890625,0.09759126460044104,0.15959147978934304,0.2784313725490196,0.7578747696480628,0.04131776282781668,0.25927828316279405
Breast_MRI_356,10,0.6506072998046875,0.09878556793811274,0.22817073444336378,0.09850724971610245,0.11764705882352941,0.20784313725490197,0.36470588235294116,6.103515625e-05,0.24532404282513787,0.53710487470412,0.28847471894702176,0.1607843137254902,0.5019607843137255,0.9725490196078431,0.02896728515625,0.2272818172679228,0.507007831388545,0.23343425295186543,0.17647058823529413,0.5098039215686274,0.8117647058823529,0.00844268798828125,0.3089341402607563,0.29512300763379484,0.7490196078431373,0.8427185144424355,-0.03009704331557497,0.5608573749443178
Breast_MRI_368,10,0.6954742431640625,0.08427526735791974,0.25269985854183136,0.11257190257695944,0.12549019607843137,0.23137254901960785,0.4,1.678466796875e-05,0.156853577856924,0.4590933001017658,0.2364329720249911,0.17254901960784313,0.4196078431372549,0.8,0.01223602294921875,0.17120576147939645,0.5057666162258945,0.23328479958916482,0.20784313725490197,0.48627450980392156,0.8509803921568627,0.0149993896484375,0.20639344155993442,0.23434627896261717,0.5803921568627451,0.850782166013609,0.04667331612412871,0.27735576778538285
Breast_MRI_372,5,0.6891571044921875,0.09277962478936887,0.25638185175795286,0.13069334728729382,0.12156862745098039,0.21568627450980393,0.4549019607843137,0.0,0.13262862859987745,0.3476146392857191,0.2422549312252816,0.10980392156862745,0.27450980392156865,0.6823529411764706,0.014886474609375,0.1436532293581495,0.39897237707535765,0.2393112991204204,0.1607843137254902,0.3215686274509804,0.7529411764705882,0.01307373046875,0.09123278752776624,0.1828780431070339,0.3333333333333333,0.6694090735050119,0.05135773778963857,0.25572125627104664
Breast_MRI_377,10,0.5020538330078125,0.14268624100030636,0.2519886458202273,0.13742548057162357,0.11764705882352941,0.2,0.4823529411764706,6.103515625e-06,0.23342474245557598,0.3866862496345318,0.23343904747984245,0.12941176470588237,0.32941176470588235,0.7137254901960784,0.0122283935546875,0.26567054898131126,0.44037143708292614,0.23432675335635056,0.17647058823529413,0.4,0.7803921568627451,0.019464111328125,0.1346976038143045,0.1888500761869158,0.41568627450980394,0.7682190639038531,0.053685187448394324,0.3179595138722904
Breast_MRI_378,10,0.7035812377929688,0.09018488266888786,0.25568118332007544,0.1333548849298266,0.11764705882352941,0.21568627450980393,0.4588235294117647,0.00054473876953125,0.15259471818512563,0.3971586841273076,0.26398573824452914,0.12156862745098039,0.3254901960784314,0.8352941176470589,0.01923370361328125,0.15063547770182292,0.4063194543908029,0.24285067123002832,0.1411764705882353,0.35294117647058826,0.7568627450980392,0.01394500732421875,0.14147750080723215,0.23077969159234896,0.5333333333333333,0.7181317917646877,0.009160770263495311,0.3947730115669126
Breast_MRI_383,10,0.6424896240234375,0.11688351500268075,0.2900109614051085,0.13273243274308041,0.12941176470588237,0.26666666666666666,0.4823529411764706,1.983642578125e-05,0.20097397149777882,0.4806703177903655,0.2793142360472028,0.16862745098039217,0.4117647058823529,0.9372549019607843,0.021490478515625,0.20426431693282782,0.5046728993862182,0.26995729966413456,0.19607843137254902,0.44313725490196076,0.9372549019607843,0.021966552734375,0.19065935638525697,0.21283891871394137,0.5137254901960784,0.8187009705588609,0.02400258159585271,0.3649924455181009
Breast_MRI_385,10,0.5134857177734375,0.12332270005170037,0.22718659226507296,0.1357209547781856,0.11764705882352941,0.18823529411764706,0.38823529411764707,0.0013671875,0.15265559776156556,0.2854606947125204,0.2070224288160806,0.12156862745098039,0.2196078431372549,0.5686274509803921,0.0143585205078125,0.17515556784237132,0.3286813027191168,0.2375417046625966,0.13725490196078433,0.24313725490196078,0.7254901960784313,0.02467041015625,0.058274102447447386,0.11751324886314705,0.1843137254901961,0.7212882869885398,0.04322060800659642,0.21140564919301724
Breast_MRI_386,10,0.5225051879882813,0.14638025620404413,0.2620908411745971,0.14921258833874151,0.12156862745098039,0.2196078431372549,0.44313725490196076,0.002264404296875,0.24034670960669424,0.41070370646764764,0.2430827691445297,0.13725490196078433,0.3568627450980392,0.7803921568627451,0.018804931640625,0.22822571399165134,0.3939040874825441,0.20988822540638055,0.1607843137254902,0.3568627450980392,0.6784313725490196,0.01128082275390625,0.14861286529305057,0.2252463153741268,0.5176470588235295,0.7181039909756464,-0.016799618985103588,0.4564169097980066
Breast_MRI_387,10,0.6582855224609375,0.10208484724456189,0.2645145372054853,0.14308690603597138,0.11372549019607843,0.21176470588235294,0.48627450980392156,0.0,0.13780801212086397,0.33401494022631156,0.26868683176961217,0.0784313725490196,0.24705882352941178,0.792156862745098,0.0171417236328125,0.16689621869255516,0.39966133292287026,0.2884726387468957,0.11372549019607843,0.3058823529411765,0.9529411764705882,0.0296478271484375,0.06950040302082627,0.21620618773350625,0.396078431372549,0.5746608557420092,0.06564639269655867,0.23015816312861137
Breast_MRI_397,10,0.6044967651367188,0.10393026314529719,0.22432296367506674,0.10252762577076222,0.11764705882352941,0.2,0.3568627450980392,7.01904296875e-05,0.19135701497395835,0.40909679797643506,0.2841129684829673,0.10588235294117647,0.3254901960784314,0.8980392156862745,0.02601776123046875,0.18084138159658394,0.3838325712889893,0.23666153535971896,0.11764705882352941,0.33725490196078434,0.7333333333333333,0.004400634765625,0.18477383430136832,0.2584480237764369,0.6196078431372549,0.7235577572271285,-0.025264226687445775,0.5160862201337206
Breast_MRI_398,10,0.525750732421875,0.15415576411228551,0.27801122250678884,0.14592547060441607,0.13333333333333333,0.23921568627450981,0.5019607843137255,0.00045623779296875,0.24576868992225798,0.43339351879540244,0.23967574073823963,0.1803921568627451,0.3686274509803922,0.8156862745098039,0.015631103515625,0.26118715174057905,0.4518323634263167,0.2561844830590192,0.1450980392156863,0.396078431372549,0.8352941176470589,0.01605987548828125,0.15538229628861364,0.22793632172528075,0.5529411764705883,0.7728343264565449,0.01843884463091423,0.4446146124245505
Breast_MRI_399,10,0.6088088989257813,0.10013913023705577,0.22483580589129373,0.12546007803500253,0.11764705882352941,0.18823529411764706,0.3803921568627451,0.00115814208984375,0.13949070949180453,0.29232675287292365,0.20452627322580488,0.10588235294117647,0.23137254901960785,0.5686274509803921,0.00918121337890625,0.15854069130093443,0.3379767112933225,0.2326771457777672,0.12156862745098039,0.26666666666666666,0.6980392156862745,0.0155731201171875,0.06749094698162994,0.15054332525315453,0.24313725490196078,0.6542822706156313,0.045649958420398866,0.3197553545447808
Breast_MRI_400,10,0.41891174316406254,0.1677988867666207,0.26436984969870647,0.14565458628951597,0.12156862745098039,0.2196078431372549,0.47058823529411764,0.001025390625,0.22704370236864277,0.3353452042490954,0.26086519770586614,0.06666666666666667,0.25882352941176473,0.7490196078431373,0.02107391357421875,0.23127846512140013,0.3453475098911426,0.2501425912471185,0.09411764705882353,0.2784313725490196,0.7490196078431373,0.02420806884765625,0.07097535455038899,0.20916553712649974,0.4,0.5029935245337717,0.010002305642047168,0.40799376086465594
Breast_MRI_407,10,0.5994140625,0.11280856861787683,0.2485518631514039,0.12168254478712551,0.12156862745098039,0.21568627450980393,0.4235294117647059,0.0003021240234375,0.17669488046683515,0.3698749892448447,0.24724210624795123,0.11764705882352941,0.2980392156862745,0.7607843137254902,0.01657867431640625,0.18146821265127147,0.38292717684343364,0.24876156860005896,0.12549019607843137,0.30980392156862746,0.7803921568627451,0.01667327880859375,0.12132312609344079,0.20193944170382075,0.42745098039215684,0.7063170404680643,0.013052187598588923,0.42814861652852265
Breast_MRI_408,6,0.600018819173177,0.12782335468367034,0.27963505343133827,0.16267294509200764,0.11764705882352941,0.2235294117647059,0.5294117647058824,0.0,0.19002147001378678,0.3737505561803559,0.26670389840207254,0.06666666666666667,0.3215686274509804,0.7529411764705882,0.011932373046875,0.1948315389795241,0.37667566902777616,0.26396004302039444,0.06666666666666667,0.3254901960784314,0.7490196078431373,0.011871337890625,0.09411550274901763,0.24039246771038164,0.43529411764705883,0.5848206054209398,0.0029251128474202643,0.4786653017885414
Breast_MRI_412,10,0.7329010009765625,0.08027498731426164,0.22996769700647876,0.17381589395875777,0.10588235294117647,0.14901960784313725,0.5058823529411764,0.00014190673828125,0.10632883109298406,0.2937310596004681,0.22604124569449435,0.10980392156862745,0.20392156862745098,0.6588235294117647,0.00608062744140625,0.13206243178423713,0.3608289630535212,0.2540966271387145,0.1411764705882353,0.2627450980392157,0.8117647058823529,0.0153839111328125,0.06376336259398929,0.10188315225295735,0.16470588235294117,0.7773899432149264,0.06709790345305312,0.10389840384813134
Breast_MRI_414,10,0.62545166015625,0.0991978843539369,0.2307730122000239,0.14669811946241085,0.11372549019607843,0.17647058823529413,0.4392156862745098,2.74658203125e-05,0.1505111036113664,0.3058729110390694,0.2214083295128707,0.10588235294117647,0.23529411764705882,0.6274509803921569,0.01278839111328125,0.16787685618681064,0.34439775682133494,0.2403231612206278,0.11372549019607843,0.27450980392156865,0.7176470588235294,0.01944732666015625,0.07509989883904544,0.208071717635932,0.3333333333333333,0.6618404328129583,0.03852484578226559,0.3490124824821562
Breast_MRI_420,10,0.50382080078125,0.14165286793428308,0.25958583152797615,0.16077227238251246,0.11764705882352941,0.20784313725490197,0.4666666666666667,0.00181732177734375,0.20059091007008273,0.34665965507909563,0.2177870411853313,0.15294117647058825,0.27450980392156865,0.6705882352941176,0.01533966064453125,0.2098070930032169,0.3686809484046528,0.22932011077667222,0.1607843137254902,0.2901960784313726,0.7450980392156863,0.01858367919921875,0.08707382355111946,0.12517191475866818,0.24313725490196078,0.9088739636381529,0.02202129332555715,0.2684792235589342
Breast_MRI_424,10,0.456085205078125,0.13783153459137562,0.23659608151177208,0.13875536703767602,0.12156862745098039,0.19607843137254902,0.4,0.00283050537109375,0.17257752063227633,0.28615211892982517,0.19073286165532605,0.12156862745098039,0.22745098039215686,0.5568627450980392,0.0087310791015625,0.20181608910654106,0.33632014372264085,0.20293545344031136,0.14901960784313725,0.27450980392156865,0.6196078431372549,0.01393585205078125,0.049556037418053124,0.12173824537142579,0.17647058823529413,0.6438786960668799,0.05016802479281563,0.26532570274364586
Breast_MRI_428,10,0.683392333984375,0.13192938112745098,0.32971478607443594,0.17655210718528858,0.12941176470588237,0.28627450980392155,0.5882352941176471,0.000299072265625,0.21443191827512256,0.5478106786446385,0.24646322459387326,0.20392156862745098,0.5529411764705883,0.8941176470588236,0.01623687744140625,0.21212607589422489,0.5501624820498632,0.23810491894872932,0.20392156862745098,0.5607843137254902,0.8549019607843137,0.0162872314453125,0.21809589257020257,0.24517170249773088,0.5843137254901961,0.8090528791471479,0.0023518034052246,0.4691457983922272
Breast_MRI_431,10,0.4178421020507812,0.17555211085899206,0.2770381638133193,0.17200014253199275,0.12549019607843137,0.23529411764705882,0.4823529411764706,0.006640625,0.22482586430568322,0.3337436393344672,0.1835564755247701,0.1568627450980392,0.2901960784313726,0.5725490196078431,0.009906005859375,0.23866496964996936,0.361992597984353,0.19317047194160644,0.17254901960784313,0.3215686274509804,0.611764705882353,0.01532745361328125,0.05670547552114788,0.0949419530263843,0.14901960784313725,0.777439368006647,0.028248958649885834,0.2709875944569528
Breast_MRI_435,10,0.6014541625976563,0.10385990516812194,0.2203764340136934,0.1274002312055773,0.11372549019607843,0.17254901960784313,0.4196078431372549,0.00058441162109375,0.18148709166283702,0.35426883534482057,0.21489512937911276,0.14901960784313725,0.28627450980392155,0.6823529411764706,0.00858001708984375,0.20222763959099266,0.4070236182806947,0.25903655442340817,0.14901960784313725,0.3215686274509804,0.8549019607843137,0.0214019775390625,0.13389240133112715,0.1319970100187209,0.29411764705882354,0.9037141402268838,0.05275478293587421,0.3131042034373313
Breast_MRI_438,10,0.7690292358398437,0.07596008300781251,0.25666241656702055,0.14658899639177148,0.10980392156862745,0.2,0.49019607843137253,0.0,0.10224331724877452,0.34414615161314016,0.25677186965929183,0.10588235294117647,0.2627450980392157,0.7529411764705882,0.0143951416015625,0.11628107407513787,0.3886661332344709,0.27471252082870246,0.12156862745098039,0.30196078431372547,0.8980392156862745,0.015423583984375,0.08748373504611962,0.150813379915604,0.29411764705882354,0.7399863908726357,0.04451998162133076,0.2651467605652412
Breast_MRI_441,10,0.6980010986328125,0.0985632683249081,0.26648330691122035,0.14440145405376548,0.11372549019607843,0.22745098039215686,0.4588235294117647,0.00024871826171875,0.15144275141697303,0.3807895486128242,0.26770654153306,0.09411764705882353,0.3215686274509804,0.796078431372549,0.01206207275390625,0.18449281580307905,0.4782104650589103,0.3014393477251713,0.12941176470588237,0.4196078431372549,0.9686274509803922,0.0260467529296875,0.1143062417016039,0.18378693158718395,0.41568627450980394,0.7074849179963419,0.09742091644608611,0.1666952980527289
Breast_MRI_442,10,0.5135650634765625,0.13435722799862132,0.24944072224077687,0.14584173472435524,0.12156862745098039,0.21176470588235294,0.4117647058823529,0.00177154541015625,0.1682024248908548,0.27669757397610695,0.19649332950984957,0.0784313725490196,0.23137254901960785,0.5294117647058824,0.00824127197265625,0.19647711660347733,0.33569449185615463,0.2235562888091114,0.10588235294117647,0.2823529411764706,0.6431372549019608,0.01595611572265625,0.027256851735330098,0.18501105169452753,0.25098039215686274,0.5438501835063835,0.058996917880047656,0.3713541830044857
Breast_MRI_444,10,0.7758819580078125,0.07343668619791666,0.2487545352432017,0.1265181650563668,0.11372549019607843,0.2196078431372549,0.4196078431372549,0.0004150390625,0.1195493989832261,0.39819543443952016,0.27988371479223945,0.09411764705882353,0.3333333333333333,0.9137254901960784,0.018743896484375,0.134198470770144,0.44300594677882593,0.2991263184113234,0.10980392156862745,0.37254901960784315,1.0,0.02443084716796875,0.14944089919631848,0.2020524843980824,0.5215686274509804,0.7541633192173096,0.04481051233930574,0.27549394735767097
Breast_MRI_450,7,0.6847686767578125,0.08874142430409664,0.2333218218794367,0.11861685206324647,0.11764705882352941,0.2,0.40784313725490196,7.62939453125e-05,0.1570811979576987,0.37783265491684837,0.2386532992925401,0.13333333333333333,0.3137254901960784,0.7411764705882353,0.014585222516741072,0.16421937060957195,0.4036054849840609,0.23544931347342357,0.1411764705882353,0.3568627450980392,0.7529411764705882,0.011269705636160714,0.14451083303741166,0.23332204853651084,0.5176470588235295,0.7545518037797432,0.025772830067212517,0.37595513543042464
Breast_MRI_454,10,0.4845489501953125,0.1466548246495864,0.2507441386766485,0.12034423607370182,0.13333333333333333,0.2235294117647059,0.403921568627451,0.00072479248046875,0.26031550388710173,0.4229012870016008,0.24118468835667436,0.17647058823529413,0.34901960784313724,0.8117647058823529,0.01762237548828125,0.2793384088254442,0.4601060383538388,0.2264710068680809,0.21568627450980393,0.4117647058823529,0.8,0.0196197509765625,0.17215714832495224,0.2378980494980875,0.5647058823529412,0.7587491045156095,0.037204751352238025,0.3772105883258438
Breast_MRI_464,10,0.5246734619140625,0.12678538004557294,0.23247725028183402,0.13561349965183722,0.11764705882352941,0.19215686274509805,0.38823529411764707,0.00040130615234375,0.19987713383693323,0.34941410624151426,0.1967271091586543,0.16862745098039217,0.3058823529411765,0.5843137254901961,0.01507110595703125,0.19822165694891236,0.3531167412873788,0.22204918706470006,0.15294117647058825,0.29411764705882354,0.6980392156862745,0.02151336669921875,0.11693685595968026,0.12874674530478977,0.27450980392156865,0.8791980995794677,0.0037026350458645146,0.4817212930564027
Breast_MRI_465,10,0.5202743530273437,0.12401978137446384,0.2244832572795271,0.10774337371080663,0.11372549019607843,0.1843137254901961,0.38823529411764707,0.0,0.22113168753829657,0.3753837257390416,0.21986137498954944,0.14901960784313725,0.3215686274509804,0.7137254901960784,0.0066680908203125,0.2488105504653033,0.4315974954039976,0.2558718431404125,0.17254901960784313,0.35294117647058826,0.8705882352941177,0.0260040283203125,0.15090046845951455,0.17800457645438078,0.42745098039215684,0.8442681611867948,0.05621376966495599,0.2772739851078109
Breast_MRI_468,10,0.6861968994140625,0.10716166178385417,0.28269713245758105,0.15254261463013535,0.11764705882352941,0.23921568627450981,0.5058823529411764,0.00030364990234375,0.1654412602443321,0.4151314877434534,0.2646411268583735,0.10980392156862745,0.36470588235294116,0.8196078431372549,0.01349945068359375,0.17027064903109682,0.4333963556149993,0.271980113003062,0.10588235294117647,0.39215686274509803,0.8431372549019608,0.0154327392578125,0.13243435528587233,0.2238982227951606,0.44313725490196076,0.7152255730498799,0.018264867871545905,0.42910908613496457
Breast_MRI_470,10,0.7803741455078125,0.06860228893803615,0.26592768417550855,0.1722964872528925,0.11764705882352941,0.19607843137254902,0.5607843137254902,1.373291015625e-05,0.09305875292011337,0.3481598728393215,0.2519190081983755,0.12941176470588237,0.25098039215686274,0.7725490196078432,0.01374969482421875,0.10697428983800553,0.3811493121711286,0.2696553139917256,0.13725490196078433,0.2784313725490196,0.9176470588235294,0.01964569091796875,0.08223218866381296,0.17143703323713697,0.30196078431372547,0.7122222685397473,0.032989439331807036,0.36535495435407894
Breast_MRI_473,10,0.44696044921875,0.1482988484700521,0.24442007439770963,0.1233855309134649,0.12549019607843137,0.21568627450980393,0.396078431372549,0.00113525390625,0.21486858293121935,0.31656505688027337,0.20107685444998025,0.10588235294117647,0.27450980392156865,0.5843137254901961,0.01172027587890625,0.2394651824352788,0.35747810590961915,0.21333144722542388,0.12549019607843137,0.3176470588235294,0.6509803921568628,0.0155609130859375,0.07214498248256371,0.19174973291635677,0.3058823529411765,0.6265368060920429,0.04091304902934576,0.3911268071956738
Breast_MRI_474,10,0.6090545654296875,0.10732371610753677,0.24801058567918016,0.13444531901573303,0.12156862745098039,0.21176470588235294,0.4196078431372549,0.00068817138671875,0.14504920510684743,0.325122712603249,0.21399709877275203,0.13725490196078433,0.2549019607843137,0.6549019607843137,0.0084197998046875,0.17028705671721814,0.3858563938435919,0.24711261656823671,0.16862745098039217,0.2980392156862745,0.8392156862745098,0.02564849853515625,0.07711212692406887,0.14195275078551062,0.2549019607843137,0.7278131220483197,0.06073368124034283,0.26413488934858126
Breast_MRI_480,10,0.6505538940429687,0.09851639093137254,0.24246327997648562,0.1224446375701332,0.11764705882352941,0.20392156862745098,0.4235294117647059,9.765625e-05,0.1512871656230852,0.3694503514356536,0.2575469595505541,0.11764705882352941,0.2823529411764706,0.796078431372549,0.0181854248046875,0.16823728673598345,0.41275851880315384,0.2575931587227976,0.1450980392156863,0.33725490196078434,0.8352941176470589,0.02006988525390625,0.12698707145916796,0.20563277162959395,0.49411764705882355,0.7337487391545459,0.04330816736750025,0.27366568710073225
Breast_MRI_482,10,0.8087554931640625,0.07167092715992647,0.29104907764883603,0.18846345436051373,0.11372549019607843,0.2196078431372549,0.5803921568627451,0.0009368896484375,0.12208114324831496,0.42957243343824514,0.2673284306232118,0.10588235294117647,0.3843137254901961,0.8235294117647058,0.0097991943359375,0.12890135521982232,0.47536990572953775,0.27170082519644995,0.12941176470588237,0.45098039215686275,0.8705882352941177,0.012933349609375,0.13852335578940914,0.25014699414656005,0.4980392156862745,0.7309588778783092,0.045797472291292565,0.3725565289546332
Breast_MRI_486,10,0.587298583984375,0.1473105396943934,0.3114209589362462,0.19662441863131108,0.11764705882352941,0.24313725490196078,0.6196078431372549,0.00070953369140625,0.18672627766927083,0.3615751288906056,0.27317820980727603,0.07450980392156863,0.27058823529411763,0.7803921568627451,0.0131683349609375,0.18867849312576593,0.36556868602773346,0.283906191542111,0.07058823529411765,0.26666666666666666,0.803921568627451,0.01688995361328125,0.05015416995435943,0.22450124606450717,0.3568627450980392,0.5292862741618232,0.003993557137127889,0.48424212845881953
Breast_MRI_489,10,0.6052810668945312,0.11498864267386641,0.25805564278726184,0.11541956454490791,0.12156862745098039,0.24705882352941178,0.403921568627451,0.0,0.19846334419998468,0.42937275109902473,0.21919900312783713,0.20392156862745098,0.37254901960784315,0.7725490196078432,0.0130828857421875,0.2085452450022978,0.4647152738157149,0.26568950844761385,0.19607843137254902,0.36470588235294116,0.9333333333333333,0.0288665771484375,0.17131710831176292,0.17007893660441897,0.403921568627451,0.8832354658017728,0.03534252271669019,0.3685785304793898
Breast_MRI_491,10,0.6046188354492188,0.11611320346009497,0.24184646091057208,0.17154531465428333,0.11372549019607843,0.17647058823529413,0.49019607843137253,0.0012359619140625,0.1545427329867494,0.2969565342085228,0.2556794641728298,0.06666666666666667,0.20784313725490197,0.6823529411764706,0.02105255126953125,0.16414829029756434,0.3177813308198197,0.269923823661873,0.07058823529411765,0.23137254901960785,0.792156862745098,0.02850799560546875,0.05511007329795072,0.1445200864606855,0.26666666666666666,0.572289737840435,0.020824796611296874,0.4057163366355739
Breast_MRI_501,10,0.7230636596679687,0.09281314027075674,0.2687385015551294,0.14905753336358196,0.11764705882352941,0.22745098039215686,0.49411764705882355,0.00028533935546875,0.1577747180415135,0.4535191818017505,0.2657719200877918,0.12941176470588237,0.42745098039215684,0.8470588235294118,0.01566009521484375,0.17323586856617645,0.49175206130674515,0.26868681144945383,0.14901960784313725,0.47843137254901963,0.9176470588235294,0.0215789794921875,0.18478068024662106,0.21560643121376968,0.5176470588235295,0.8088631517468994,0.03823287950499468,0.3523772266698991
Breast_MRI_506,10,0.6332748413085938,0.11369948443244485,0.2696542036929028,0.1491757718300939,0.13725490196078433,0.22745098039215686,0.47058823529411764,0.00075531005859375,0.14674725102443323,0.3435836950190937,0.20631621888860638,0.1607843137254902,0.2823529411764706,0.6549019607843137,0.01013946533203125,0.16573893229166667,0.3780401816501617,0.22657715776824036,0.17647058823529413,0.30980392156862746,0.7529411764705882,0.02168426513671875,0.07392949132619091,0.1299099974897071,0.2196078431372549,0.778615028064759,0.03445648663106796,0.32241810457815484
Breast_MRI_507,10,0.5687942504882812,0.10104818306717217,0.19327498751938008,0.10722101041348263,0.10980392156862745,0.1568627450980392,0.3333333333333333,0.0,0.18618494968788296,0.33386358708454456,0.25366761404523613,0.09411764705882353,0.23137254901960785,0.7372549019607844,0.01544342041015625,0.19090005912032784,0.3444787506821409,0.23126322195069765,0.12941176470588237,0.26666666666666666,0.6823529411764706,0.0174713134765625,0.14058859956516445,0.2103619858334152,0.5058823529411764,0.7421362727578337,0.010615163597596367,0.34800686494807054
Breast_MRI_508,10,0.469451904296875,0.15517621208639706,0.2623078718976805,0.12843229112735124,0.12156862745098039,0.23529411764705882,0.4392156862745098,9.1552734375e-05,0.274085495892693,0.4612732522402116,0.24494552343301326,0.1411764705882353,0.4470588235294118,0.796078431372549,0.0165191650390625,0.28626914230047484,0.47771202354971326,0.2447208916988505,0.1568627450980392,0.4627450980392157,0.8431372549019608,0.0268524169921875,0.19896538034253103,0.19055373767735295,0.4666666666666667,0.8501466781708369,0.016438771309501655,0.4080816796088582
Breast_MRI_512,10,0.39600372314453125,0.16646943335439643,0.24369631137156822,0.12324484212688382,0.12156862745098039,0.21568627450980393,0.4,0.0,0.26846750296798405,0.37233166820102553,0.23982396699254188,0.13725490196078433,0.2980392156862745,0.7607843137254902,0.02433319091796875,0.2727997484394148,0.3824187192276838,0.22751743688243428,0.14901960784313725,0.3176470588235294,0.7294117647058823,0.01577606201171875,0.12863535682945731,0.2182059000157592,0.49019607843137253,0.7147750956838076,0.010087051026658217,0.4193919183498175
Breast_MRI_514,10,0.5884262084960937,0.12276420443665748,0.252273251169529,0.16192395082242092,0.11372549019607843,0.19607843137254902,0.4666666666666667,0.0014373779296875,0.17165462718290442,0.3269447715095885,0.25303110226795833,0.0784313725490196,0.23921568627450981,0.7215686274509804,0.0139862060546875,0.17813709932215074,0.3379661750548608,0.25812027348434824,0.0784313725490196,0.25098039215686274,0.7254901960784313,0.01717987060546875,0.07467152034005956,0.17998217354854762,0.3137254901960784,0.604495623384953,0.011021403545272274,0.43757252649881917
Breast_MRI_517,10,0.7673629760742188,0.062180953680300244,0.20792863645874848,0.11683144884425421,0.10980392156862745,0.1607843137254902,0.3843137254901961,1.678466796875e-05,0.08943584367340686,0.2898391629823429,0.2352628659850697,0.07058823529411765,0.21176470588235294,0.6274509803921569,0.00734710693359375,0.11056711832682292,0.35182639443246877,0.2549248665382008,0.10588235294117647,0.27058823529411763,0.7647058823529411,0.01395721435546875,0.08191052652359439,0.16719175262219868,0.30980392156862746,0.6343392736503106,0.06198723145012591,0.232623425007051
Breast_MRI_521,10,0.68046875,0.11757077086205577,0.3261178290845678,0.23191535206639258,0.12549019607843137,0.22745098039215686,0.7294117647058823,0.00321502685546875,0.1395733881931679,0.38089357037130256,0.26491281497473196,0.13333333333333333,0.27450980392156865,0.8274509803921568,0.01666259765625,0.15587514839920344,0.4255778381034565,0.27274964312353883,0.1568627450980392,0.3215686274509804,0.9058823529411765,0.02380218505859375,0.05477574128673474,0.1030141973878434,0.17647058823529413,0.6957518337408313,0.04468426773215399,0.30884206907090467
Breast_MRI_525,10,0.677569580078125,0.08576398064108455,0.22755106661514815,0.15795962131648392,0.11372549019607843,0.16862745098039217,0.4196078431372549,0.000341796875,0.1250909064797794,0.3109034595722553,0.2150023960763131,0.1411764705882353,0.23921568627450981,0.5803921568627451,0.0143035888671875,0.14080601710899204,0.35001454989779807,0.2265032294109115,0.15294117647058825,0.2784313725490196,0.6666666666666666,0.01779937744140625,0.08335239295710713,0.11120561013953492,0.20784313725490197,0.81836939443845,0.03911109032554283,0.2991226077573968
Breast_MRI_527,10,0.6254379272460937,0.10709247065525429,0.2584301791746914,0.13882593466655593,0.12156862745098039,0.2235294117647059,0.43529411764705883,0.000653076171875,0.17467696245978862,0.38938216359085215,0.21060485172192742,0.18823529411764706,0.3333333333333333,0.7254901960784313,0.00999298095703125,0.1818225337009804,0.41657374881611114,0.23517251091317207,0.19215686274509805,0.34901960784313724,0.8352941176470589,0.0260986328125,0.1309519844161608,0.14860520515428738,0.35294117647058826,0.885470092433791,0.02719158522525899,0.36020254773437405
Breast_MRI_530,10,0.5355865478515625,0.13705657958984377,0.27010052274611074,0.13606233978768761,0.12549019607843137,0.23921568627450981,0.44313725490196076,0.000146484375,0.19133932674632353,0.36655987807959384,0.24683324420780625,0.09411764705882353,0.3058823529411765,0.7333333333333333,0.00850067138671875,0.19049258363013175,0.3639123380116475,0.23026639549837144,0.10196078431372549,0.3176470588235294,0.6901960784313725,0.00645904541015625,0.09645935533348306,0.20769124328359775,0.4,0.6160442636631861,-0.0026475400679463,0.4830758514643939
Breast_MRI_534,10,0.6506179809570313,0.11543404373468137,0.2856449583777242,0.17978089773467287,0.1411764705882353,0.21176470588235294,0.5411764705882353,0.0031494140625,0.1411496031518076,0.35772654144659644,0.2196257843514995,0.18823529411764706,0.2627450980392157,0.6980392156862745,0.01515350341796875,0.15692565319584864,0.40023390238390494,0.24751865059248004,0.2,0.28627450980392155,0.8549019607843137,0.025079345703125,0.07208158306887223,0.08739501389380147,0.1411764705882353,0.8893964737892571,0.04250736093730853,0.23358416568037
Breast_MRI_539,10,0.693084716796875,0.07778651218788298,0.20068392515602243,0.10240176983477131,0.10980392156862745,0.16862745098039217,0.3411764705882353,0.00028839111328125,0.1118410058115043,0.2807243613364606,0.23742281792578554,0.08235294117647059,0.2,0.6274509803921569,0.01306304931640625,0.13272061815448835,0.32839085838173393,0.2535910062972735,0.10588235294117647,0.23529411764705882,0.7607843137254902,0.0166900634765625,0.08004043618043817,0.1817224192551003,0.32941176470588235,0.6096400517052799,0.047666497045273315,0.32310828278810777
Breast_MRI_541,10,0.6265945434570312,0.12391735002106312,0.2994208468995346,0.17544658771304217,0.1411764705882353,0.24705882352941178,0.5490196078431373,0.00169219970703125,0.18197271608838847,0.43647981064808083,0.2265750096139037,0.19215686274509805,0.3843137254901961,0.792156862745098,0.01240081787109375,0.19213095272288602,0.45936546434768255,0.22560498864352455,0.21568627450980393,0.40784313725490196,0.803921568627451,0.02034759521484375,0.13705896374854623,0.19326474791436782,0.4196078431372549,0.7802750137915534,0.022885653699601737,0.45472488404879147
Breast_MRI_543,10,0.6711624145507813,0.09446955063763786,0.24157846835783597,0.11137350507357457,0.11372549019607843,0.21568627450980393,0.403921568627451,3.0517578125e-06,0.17309596043007044,0.44761570458063465,0.24577143703004534,0.16470588235294117,0.403921568627451,0.8274509803921568,0.01329193115234375,0.20813742244944852,0.5327628591655774,0.2573502465333739,0.21176470588235294,0.4823529411764706,0.9490196078431372,0.02510986328125,0.20603723622279863,0.19816542727199496,0.5176470588235295,0.8980543555429754,0.08514715458494274,0.12286839870630652
Breast_MRI_545,10,0.2501373291015625,0.3386246684953278,0.43434370203324196,0.22836668388561496,0.13333333333333333,0.43529411764705883,0.7450980392156863,0.01070709228515625,0.37981630811504286,0.46260925598084507,0.21097196295533197,0.2,0.45098039215686275,0.7568627450980392,0.0118743896484375,0.37153034285003067,0.4632339155876827,0.218921488327232,0.17647058823529413,0.4588235294117647,0.7647058823529411,0.01285247802734375,0.028265553947603092,0.07099217906153549,0.10588235294117647,0.618279307327595,0.0006246596068376682,0.44787457013206355
Breast_MRI_546,10,0.6222000122070312,0.08665450750612745,0.1946748108965107,0.0969277704895828,0.11372549019607843,0.16862745098039217,0.2980392156862745,0.0007171630859375,0.18773921592562806,0.39534381930643375,0.25001021105005616,0.12549019607843137,0.3333333333333333,0.7764705882352941,0.01005706787109375,0.2073898375268076,0.43469568622699384,0.23647393688453636,0.1568627450980392,0.403921568627451,0.792156862745098,0.006890869140625,0.20066900840992308,0.23870061608183107,0.5686274509803921,0.8082998445041297,0.0393518669205601,0.3775520507280034
Breast_MRI_558,10,0.6858749389648438,0.09969871371400123,0.2546524730893985,0.1510944098075037,0.11372549019607843,0.20784313725490197,0.4549019607843137,0.00030059814453125,0.15701440549364276,0.3774206873626968,0.2686884919474,0.09019607843137255,0.30196078431372547,0.8235294117647058,0.0164398193359375,0.15677220363242952,0.38065960797648185,0.2611341185358563,0.09019607843137255,0.3137254901960784,0.788235294117647,0.01378173828125,0.12276821427329827,0.22432218463457712,0.4627450980392157,0.6761761348456513,0.0032389206137850668,0.44726884123090377
Breast_MRI_559,10,0.6328231811523437,0.12138522877412684,0.28615040901517674,0.17316537668357596,0.12156862745098039,0.21568627450980393,0.5490196078431373,0.00011444091796875,0.17954027362898284,0.3862207871184196,0.22305032028000293,0.16470588235294117,0.3215686274509804,0.6980392156862745,0.01354217529296875,0.18863996917126225,0.3993967870525802,0.24193028068994987,0.16470588235294117,0.3215686274509804,0.7764705882352941,0.02067413330078125,0.1000703781032429,0.14434886421375218,0.3176470588235294,0.8046153270748401,0.01317599993416058,0.4347367152468697
Breast_MRI_560,10,0.5275253295898438,0.14979371912339157,0.3017955328533214,0.1529651841565717,0.13333333333333333,0.26666666666666666,0.5294117647058824,1.52587890625e-05,0.21647537530637256,0.42251154737006946,0.25585313514513464,0.13725490196078433,0.3568627450980392,0.8274509803921568,0.0138153076171875,0.20951992259306065,0.41164265435538216,0.22879671967461232,0.15294117647058825,0.37254901960784315,0.7294117647058823,0.0172149658203125,0.12071601451674809,0.21736312993577145,0.42745098039215684,0.6951469605123353,-0.010868893014687282,0.49716607296837306
Breast_MRI_562,10,0.5398239135742188,0.11396977443321078,0.22326380497653184,0.12621987546356928,0.12156862745098039,0.19607843137254902,0.3411764705882353,0.0027099609375,0.21283018224379596,0.3762717797468777,0.23231319362471212,0.14901960784313725,0.30196078431372547,0.7607843137254902,0.01540985107421875,0.21126396627987132,0.37761611991081506,0.21486097648758026,0.1568627450980392,0.3254901960784314,0.6745098039215687,0.0182647705078125,0.1530079747703459,0.22777749885101253,0.5254901960784314,0.8074082916364095,0.0013443401639373573,0.43939439155649723
Breast_MRI_567,10,0.6794036865234375,0.08206333534390318,0.20886417182886022,0.1257188245259856,0.10980392156862745,0.1607843137254902,0.40784313725490196,0.0,0.131884292901731,0.2836301489649576,0.22142172047565978,0.10196078431372549,0.21568627450980393,0.5568627450980392,0.0162109375,0.15162135105507046,0.3257730971649604,0.2318305614501221,0.12156862745098039,0.2549019607843137,0.6588235294117647,0.0196319580078125,0.07476597713609731,0.20188554133432965,0.3176470588235294,0.654417294127726,0.042142948200002875,0.292956888427746
Breast_MRI_568,10,0.43531494140625004,0.18086967318665748,0.2847010481055303,0.17352704459224233,0.12156862745098039,0.23921568627450981,0.49411764705882355,0.00529022216796875,0.22146715351179536,0.32767373513749737,0.20496846815535152,0.11372549019607843,0.28627450980392155,0.6,0.00921630859375,0.23623262891582414,0.3560310574434058,0.22507011047987852,0.12156862745098039,0.3137254901960784,0.6784313725490196,0.01593780517578125,0.04297268703196707,0.12513208117648325,0.1843137254901961,0.6023584599753562,0.028357322305908466,0.36393188352536804
Breast_MRI_573,10,0.504705810546875,0.1596210734049479,0.29691608198813174,0.1653166597393268,0.12941176470588237,0.25882352941176473,0.5098039215686274,0.0027618408203125,0.21014120064529718,0.37800236263527826,0.2069968692174065,0.13333333333333333,0.3568627450980392,0.6431372549019608,0.00880126953125,0.2301330686083027,0.4160367191892715,0.22606796878115915,0.1450980392156863,0.39215686274509803,0.7215686274509804,0.01494903564453125,0.08108628064714653,0.13055011298630512,0.23529411764705882,0.7301014183785383,0.03803435655399327,0.3325117992828008
Breast_MRI_577,10,0.42755432128906246,0.17367409500421263,0.2623317088151826,0.15809390582378224,0.10980392156862745,0.2196078431372549,0.4627450980392157,0.00503692626953125,0.2610446226830576,0.35076852848091505,0.2135990601964747,0.10196078431372549,0.3137254901960784,0.6431372549019608,0.0094024658203125,0.2772952090992647,0.3896193070652898,0.23630109815147052,0.09411764705882353,0.3607843137254902,0.7019607843137254,0.01622467041015625,0.08843681966573248,0.1815015381077545,0.33725490196078434,0.6412045058348749,0.038850778584374746,0.3878739091262881
Breast_MRI_585,10,0.6402923583984375,0.10691781436695773,0.26243669650537593,0.16837618415429884,0.11764705882352941,0.19215686274509805,0.5254901960784314,0.0009674072265625,0.1282275390625,0.2987398605863372,0.22720324978643608,0.08627450980392157,0.21568627450980393,0.6470588235294118,0.00725555419921875,0.1554412602443321,0.3646193955103697,0.2551737621215898,0.10980392156862745,0.27450980392156865,0.7647058823529411,0.01462554931640625,0.036303164080961264,0.18478670066713976,0.26666666666666666,0.5695687585370199,0.06587953492403248,0.28464651435067745
Breast_MRI_590,10,0.7091552734375,0.07332798976524203,0.2109050213722692,0.09520280281091531,0.11372549019607843,0.1843137254901961,0.34509803921568627,0.0,0.16504440008425247,0.3590696355768867,0.27344666084768804,0.06274509803921569,0.2901960784313726,0.792156862745098,0.0154510498046875,0.18041860543045343,0.3931247459111236,0.2592683303471193,0.09019607843137255,0.35294117647058826,0.7725490196078432,0.01320953369140625,0.14816461420461746,0.28501468653077905,0.5764705882352941,0.6351464786367833,0.03405511033423694,0.4142795685385713
Breast_MRI_592,10,0.666064453125,0.11730335908777573,0.28726174707344554,0.20177187870828947,0.11372549019607843,0.2,0.6039215686274509,0.00265960693359375,0.14215159696691176,0.31582607966420956,0.2533229564080375,0.050980392156862744,0.23921568627450981,0.7019607843137254,0.00768890380859375,0.16049065683402267,0.365878224370608,0.28379041441098085,0.058823529411764705,0.2823529411764706,0.8274509803921568,0.01658782958984375,0.028564332590764043,0.15485658795569157,0.23529411764705882,0.49858349173855826,0.050052144706398426,0.3155386386898669
Breast_MRI_595,10,0.488311767578125,0.16581107345281862,0.29135450470520413,0.16186479892146144,0.15294117647058825,0.24313725490196078,0.4980392156862745,0.003497314453125,0.20099201277190565,0.3551261523276932,0.19589225909852345,0.1843137254901961,0.29411764705882354,0.6392156862745098,0.01286163330078125,0.22180907604741115,0.39301713098909274,0.21629609224445748,0.20392156862745098,0.3176470588235294,0.7490196078431373,0.0219573974609375,0.06377164762248909,0.10993624629371332,0.17254901960784313,0.7485030118685513,0.03789097866139955,0.28520009542553826
Breast_MRI_596,10,0.626708984375,0.11793533624387255,0.279784060452173,0.15158807475580477,0.13333333333333333,0.23529411764705882,0.4980392156862745,4.57763671875e-05,0.1589601464365043,0.3797071326895703,0.2343047672123673,0.15294117647058825,0.3058823529411765,0.7450980392156863,0.01486358642578125,0.1873226210650276,0.4495226920068224,0.2508600399225851,0.19607843137254902,0.3764705882352941,0.8901960784313725,0.0242919921875,0.09992307223739726,0.17324057344677743,0.3176470588235294,0.7673029758011772,0.06981555931725208,0.19196778940483977
Breast_MRI_597,10,0.6660903930664063,0.12644391228170956,0.32456239621210065,0.2193479174097637,0.11372549019607843,0.24705882352941178,0.6352941176470588,0.00337982177734375,0.18207115023743872,0.4213378019979784,0.28230516267950667,0.07058823529411765,0.3803921568627451,0.8588235294117647,0.01222076416015625,0.18775468414905025,0.4414559144530998,0.2872438378842908,0.08627450980392157,0.39215686274509803,0.9137254901960784,0.018682861328125,0.09677540578587773,0.1982442456868591,0.38823529411764707,0.6211185800914861,0.020118112455121382,0.41233646055631973
Breast_MRI_600,10,0.3853546142578125,0.16923196231617646,0.2516835824679264,0.14527078953920539,0.11764705882352941,0.21568627450980393,0.4117647058823529,0.0024658203125,0.2799877630495558,0.3784515151594805,0.18280166959530336,0.16862745098039217,0.3607843137254902,0.592156862745098,0.00989837646484375,0.275192518047258,0.3748749897412877,0.19833447453716566,0.17254901960784313,0.33725490196078434,0.6235294117647059,0.01886749267578125,0.12676793269155415,0.12552078914984238,0.3215686274509804,0.8902545591761954,-0.0035765254181928177,0.4928651933646795
Breast_MRI_605,10,0.6133560180664063,0.12831983379289216,0.2812703238372751,0.16441657554458625,0.12549019607843137,0.24313725490196078,0.47843137254901963,0.00254669189453125,0.20776056027879902,0.4192209652586048,0.21741395856743828,0.1803921568627451,0.3686274509803922,0.7372549019607844,0.0107879638671875,0.2068902827244179,0.4253288009285193,0.2105687566342257,0.19607843137254902,0.38823529411764707,0.7294117647058823,0.01481475830078125,0.1379506414213297,0.18949626170850536,0.44313725490196076,0.7873405132778986,0.006107835669914457,0.4365190555307805
Breast_MRI_607,10,0.6082077026367188,0.12355647068397671,0.2631796603516682,0.16783671113421159,0.12156862745098039,0.21176470588235294,0.44313725490196076,0.005096435546875,0.20345438040939032,0.38548534690491004,0.20606494911888637,0.1843137254901961,0.32941176470588235,0.6862745098039216,0.00964202880859375,0.21452810250076593,0.42446537098277476,0.22180440810368263,0.20392156862745098,0.3686274509803922,0.7803921568627451,0.01860504150390625,0.12230568655324184,0.14919285849767536,0.3411764705882353,0.8585243315872491,0.038980024077864744,0.2921387260724787
Breast_MRI_609,10,0.6784439086914062,0.09021960688572303,0.2354686515031191,0.1418574302609466,0.11372549019607843,0.17647058823529413,0.47058823529411764,0.0,0.13386253207337623,0.33640463792226744,0.23957120207564594,0.10980392156862745,0.25882352941176473,0.6901960784313725,0.0151519775390625,0.14909008549708944,0.37629387712567175,0.24878711245267607,0.12941176470588237,0.2980392156862745,0.7686274509803922,0.01639556884765625,0.10093598641914829,0.16772845628409921,0.3058823529411765,0.744731534866064,0.03988923920340433,0.3137020428500249
Breast_MRI_610,10,0.6758026123046875,0.09415044447954964,0.2621142796919018,0.13182306116475087,0.11764705882352941,0.22745098039215686,0.4549019607843137,9.765625e-05,0.1418040615904565,0.3830292754568528,0.2342409104508784,0.1450980392156863,0.3254901960784314,0.7294117647058823,0.01326446533203125,0.15253952923943015,0.4133245033161477,0.23277931777048666,0.16470588235294117,0.3607843137254902,0.7725490196078432,0.00896453857421875,0.120914995764951,0.1868156898656924,0.40784313725490196,0.7734319844116235,0.03029522785929486,0.32120904050530436
Breast_MRI_612,10,0.5131683349609375,0.13762958601409314,0.2559075195663597,0.14820649572419056,0.12549019607843137,0.2196078431372549,0.40784313725490196,0.00486297607421875,0.21129564472273285,0.35955925526455684,0.2081357478046884,0.1568627450980392,0.30196078431372547,0.6392156862745098,0.0151885986328125,0.2224968225815717,0.3900278338572539,0.21812488569266197,0.17647058823529413,0.32941176470588235,0.7254901960784313,0.01790924072265625,0.10365173569819716,0.1665083754668317,0.34509803921568627,0.7845604137282558,0.03046857859269707,0.34749725748315313
Breast_MRI_614,10,0.52479248046875,0.15139686135684743,0.29122846318007795,0.17451145124555334,0.13333333333333333,0.24313725490196078,0.5215686274509804,0.0050750732421875,0.18552969539866726,0.3362370988108568,0.1933850456591379,0.1568627450980392,0.28627450980392155,0.6,0.0095794677734375,0.20013488171147364,0.3696976748520056,0.20878820986058932,0.17647058823529413,0.3137254901960784,0.6705882352941176,0.01626129150390625,0.04500863563077881,0.0748784522178423,0.11372549019607843,0.7675126512368671,0.03346057604114882,0.2637718667317424
Breast_MRI_615,10,0.5748977661132812,0.12504501043581495,0.26789616946942096,0.142328043733783,0.12941176470588237,0.22745098039215686,0.4823529411764706,4.119873046875e-05,0.17347830379710477,0.36433249614927005,0.2313670331415597,0.1411764705882353,0.2901960784313726,0.7137254901960784,0.01476593017578125,0.1904490571863511,0.4012972798732013,0.23333835563305053,0.16470588235294117,0.3333333333333333,0.7607843137254902,0.014215087890625,0.09643632667984907,0.18438396918854527,0.3607843137254902,0.6830811751826128,0.036964783723931256,0.3233977637789623
Breast_MRI_618,10,0.6970932006835937,0.08299061494715074,0.23693539900533012,0.12010309015796239,0.11372549019607843,0.2,0.4235294117647059,8.544921875e-05,0.10593559115540747,0.2889022628339745,0.23481073676692565,0.07058823529411765,0.21176470588235294,0.5843137254901961,0.01083221435546875,0.12181632247625612,0.3187453422075484,0.25600605042250674,0.08235294117647059,0.23137254901960785,0.7098039215686275,0.01496124267578125,0.051966863828644405,0.17556478310335072,0.2980392156862745,0.5208475011712079,0.029843079373573896,0.3625253761718376
Breast_MRI_623,10,0.6799118041992187,0.09355097153607536,0.23412108494868825,0.1382992615175914,0.10980392156862745,0.1803921568627451,0.4392156862745098,0.0,0.13816810159122242,0.3359771809359192,0.2258406646751591,0.12156862745098039,0.2627450980392157,0.6862745098039216,0.0069610595703125,0.16768212411917893,0.4049828091486007,0.25116849421098675,0.15294117647058825,0.3254901960784314,0.8196078431372549,0.01597137451171875,0.10185609598723101,0.1501027213302469,0.2901960784313726,0.8141753228489844,0.06900562821268144,0.14909926444299315
Breast_MRI_626,10,0.6346633911132813,0.09988163368374693,0.24159735289572482,0.12468311437446883,0.12156862745098039,0.20392156862745098,0.4235294117647059,6.7138671875e-05,0.14829129088158702,0.3527353746612521,0.23901529481699632,0.12941176470588237,0.27058823529411763,0.7254901960784313,0.01290740966796875,0.1512371586818321,0.3604028474191282,0.24162098708108748,0.12156862745098039,0.2784313725490196,0.7333333333333333,0.01115875244140625,0.11113802176552728,0.18942996829140704,0.38823529411764707,0.7178388402310516,0.007667472757876096,0.4435422905520263
Breast_MRI_633,10,0.505255126953125,0.14363065233417585,0.26107579833522376,0.13216556440337154,0.11764705882352941,0.22745098039215686,0.4666666666666667,0.0,0.2078724879844516,0.3579770266586261,0.2287567923411986,0.12941176470588237,0.30196078431372547,0.6588235294117647,0.02251739501953125,0.24601802451937807,0.42545746755752106,0.23931688210427685,0.17254901960784313,0.37254901960784315,0.796078431372549,0.02995147705078125,0.0969012283234023,0.16543276210437005,0.3411764705882353,0.7420490013446995,0.06748044089889499,0.22026548563392098
Breast_MRI_636,10,0.5745620727539062,0.10059084424785539,0.21013572496767657,0.1214763008249893,0.11372549019607843,0.16862745098039217,0.36470588235294116,3.814697265625e-05,0.15121237362132353,0.28573765793819994,0.23797619098433717,0.09411764705882353,0.19215686274509805,0.6509803921568628,0.01829833984375,0.16203388288909312,0.3122897360080987,0.21985084553947723,0.12156862745098039,0.23137254901960785,0.6313725490196078,0.0118743896484375,0.07560193297052337,0.21710076636977788,0.3568627450980392,0.5782436382547568,0.026552078069898764,0.30884278105553864
Breast_MRI_640,10,0.6140670776367188,0.11137264476102941,0.24920016977829976,0.14258660334476728,0.11764705882352941,0.20392156862745098,0.43529411764705883,0.00070343017578125,0.1525978417490043,0.3267500440919671,0.25840479147079404,0.08235294117647059,0.23529411764705882,0.7647058823529411,0.0168670654296875,0.17291055118336396,0.3747449584954077,0.24851256721604506,0.11764705882352941,0.30196078431372547,0.7607843137254902,0.01264495849609375,0.07754987431366735,0.2116562691570593,0.38823529411764707,0.580946921024019,0.04799491440344053,0.35134130671147573
Breast_MRI_641,10,0.570062255859375,0.1364811018401501,0.28830048565187777,0.12237964928556061,0.13725490196078433,0.2784313725490196,0.4549019607843137,0.0,0.2192036527745864,0.4639453515680345,0.2620381725820842,0.18823529411764706,0.3843137254901961,0.9176470588235294,0.02821502685546875,0.21365333108340992,0.4517626766497118,0.2073151985460225,0.21176470588235294,0.4117647058823529,0.7607843137254902,0.00242919921875,0.17564486591615677,0.20548454826111298,0.5176470588235295,0.8506161184537414,-0.01218267491832269,0.4653930239491205
Breast_MRI_642,10,0.7110031127929688,0.09465689266429228,0.27956955650890797,0.17916407834149384,0.11764705882352941,0.20784313725490197,0.5568627450980392,0.00063323974609375,0.1279195987477022,0.36308016556570094,0.2524705241655556,0.11372549019607843,0.2784313725490196,0.7529411764705882,0.01504058837890625,0.14002431233723958,0.40129034903031263,0.263396408088336,0.12549019607843137,0.3176470588235294,0.8274509803921568,0.01526031494140625,0.08351060905679293,0.17524993932907634,0.27450980392156865,0.6779463243873979,0.038210183464611684,0.29551154453344036
Breast_MRI_648,10,0.5018356323242188,0.13166326784620097,0.2295813409550455,0.11550259558109258,0.11372549019607843,0.19607843137254902,0.39215686274509803,1.52587890625e-06,0.21418166216681986,0.3490569404432718,0.2843386988775304,0.054901960784313725,0.25882352941176473,0.8196078431372549,0.02181243896484375,0.19925233728745403,0.3239137585706275,0.24027207505650044,0.058823529411764705,0.27058823529411763,0.6705882352941176,0.00715484619140625,0.11947559948822627,0.2589842785905168,0.5529411764705883,0.5774036149560305,-0.0251431818726443,0.49174061266184144
Breast_MRI_650,10,0.7019607543945312,0.07727978874655332,0.21081880159691244,0.12097069776343605,0.10980392156862745,0.1607843137254902,0.4,0.0,0.11153299369064032,0.279078104212098,0.22588770217236243,0.09411764705882353,0.19215686274509805,0.611764705882353,0.0093017578125,0.12900774787454045,0.3261094217692504,0.24780620114132834,0.10588235294117647,0.23529411764705882,0.7333333333333333,0.0140777587890625,0.06825930261518552,0.1889659555516357,0.3058823529411765,0.635352723437588,0.047031317557152445,0.2807145087880076
Breast_MRI_651,6,0.4084498087565104,0.1776533438489328,0.28412507943845705,0.150216715946814,0.1450980392156863,0.24705882352941178,0.4627450980392157,0.0050201416015625,0.2518496644263174,0.3916073370239815,0.2054659864412463,0.2,0.32941176470588235,0.6980392156862745,0.016510009765625,0.2506703894122753,0.3915734837443986,0.18042390826741725,0.2,0.35294117647058826,0.6352941176470588,0.00855255126953125,0.10748225758552442,0.1906531089777095,0.39215686274509803,0.7631670586009879,-3.38532795828224e-05,0.4181989364034616
Breast_MRI_652,10,0.562811279296875,0.10952548157935049,0.21156746131140333,0.11084568775876028,0.10980392156862745,0.16862745098039217,0.3843137254901961,8.392333984375e-05,0.16002258300781252,0.29381606584472986,0.22347702005256073,0.09019607843137255,0.22745098039215686,0.6274509803921569,0.0097137451171875,0.1858401668772978,0.34869438903456507,0.27292458194198016,0.09019607843137255,0.2627450980392157,0.8666666666666667,0.02905120849609375,0.08224860453332654,0.14943267096918175,0.2823529411764706,0.6863560848259783,0.0548783231898352,0.30334431584972565
Breast_MRI_656,10,0.47937164306640623,0.16647571040134804,0.28964167825929193,0.15252715587748417,0.15294117647058825,0.24705882352941178,0.4745098039215686,0.0038726806640625,0.2212614351160386,0.3863980706101649,0.19996318407991284,0.2,0.3254901960784314,0.6666666666666666,0.012744140625,0.25088779225068936,0.4405911471707989,0.19378987248945398,0.24313725490196078,0.39215686274509803,0.7176470588235294,0.0141204833984375,0.09675639235087292,0.16189352364704904,0.26666666666666666,0.7701663838405154,0.05419307656063402,0.2210381624799604
Breast_MRI_660,10,0.5295394897460938,0.1673714252546722,0.3173579153023037,0.19057100662517754,0.12156862745098039,0.2549019607843137,0.611764705882353,0.000115966796875,0.22492622525084252,0.39631425638583573,0.2529752104968055,0.09019607843137255,0.37254901960784315,0.7294117647058823,0.01642608642578125,0.23667492436427698,0.42069101523997365,0.26595808812398347,0.09803921568627451,0.396078431372549,0.7843137254901961,0.02471923828125,0.07895634108353206,0.1868242729779853,0.3411764705882353,0.6064653396946689,0.02437675885413795,0.40489295247485574
Breast_MRI_662,10,0.6931015014648437,0.09393810197418812,0.28463673543240564,0.18625960704734346,0.13333333333333333,0.21568627450980393,0.5607843137254902,0.00391693115234375,0.11464289048138787,0.3306935096478419,0.21909812873477774,0.12941176470588237,0.26666666666666666,0.6470588235294118,0.010797119140625,0.13700846354166668,0.40664117722125265,0.23556103893446942,0.1803921568627451,0.33725490196078434,0.7764705882352941,0.016748046875,0.04605677421543622,0.2438698762592315,0.34509803921568627,0.6049401130617663,0.07594766757341083,0.24793043270736692
Breast_MRI_666,10,0.5582611083984375,0.13090119604970893,0.262249392084933,0.16163722933962188,0.11764705882352941,0.20784313725490197,0.5058823529411764,0.0015594482421875,0.1660265993604473,0.32129939872929464,0.22401004754441362,0.11372549019607843,0.24705882352941178,0.6509803921568628,0.01208648681640625,0.19463541666666664,0.3757210554741209,0.24593238199227252,0.1411764705882353,0.29411764705882354,0.7764705882352941,0.02152252197265625,0.05905000664436166,0.12114379116438596,0.19215686274509805,0.6725538691113583,0.05442165674482631,0.2666581461702672
Breast_MRI_670,10,0.4737945556640625,0.15057519052542892,0.2611274768509595,0.13915719045658143,0.12549019607843137,0.2235294117647059,0.4470588235294118,0.00015106201171875,0.2365623145009957,0.3722992179583358,0.24394141929162022,0.10196078431372549,0.3137254901960784,0.7372549019607844,0.01603240966796875,0.24802988688151043,0.3871751466974885,0.22030201691804527,0.13333333333333333,0.34509803921568627,0.6941176470588235,0.0114166259765625,0.11117174110737628,0.21634000248447427,0.44313725490196076,0.6553845975398285,0.0148759287391527,0.4049626798587228
Breast_MRI_677,10,0.7136428833007813,0.09236302992876838,0.27563887933748316,0.15103509522864778,0.12549019607843137,0.23137254901960785,0.5137254901960784,0.000201416015625,0.15404468611174937,0.4452456828777966,0.2577372560826249,0.1568627450980392,0.3843137254901961,0.8431372549019608,0.01362152099609375,0.15227922626570162,0.4481550288751968,0.2472622791895038,0.16862745098039217,0.4,0.8274509803921568,0.0126373291015625,0.16960680354031343,0.2234963335226169,0.5333333333333333,0.7940820709021831,0.002909345997400276,0.4243207383290616
Breast_MRI_679,10,0.57557373046875,0.13055012422449447,0.25898748265160704,0.11763693715612672,0.12549019607843137,0.23137254901960785,0.43137254901960786,0.0,0.29366115794462316,0.5228234075993997,0.2859718675460534,0.08235294117647059,0.5333333333333333,0.9137254901960784,0.0239532470703125,0.29591732249540437,0.5277934507807552,0.268138583372578,0.08235294117647059,0.5490196078431373,0.8745098039215686,0.023431396484375,0.26383592494779273,0.33385954559803815,0.6980392156862745,0.7601383416261612,0.00497004318135549,0.4669820817394806
Breast_MRI_681,10,0.6677230834960938,0.12198267319623161,0.304952083193204,0.16931615470512296,0.12549019607843137,0.25882352941176473,0.5529411764705883,0.0005035400390625,0.20875476313572303,0.471635632913256,0.2614546900267698,0.12941176470588237,0.4470588235294118,0.8549019607843137,0.0145782470703125,0.21360515519684437,0.4993086051977654,0.2620330614165218,0.14901960784313725,0.48627450980392156,0.8980392156862745,0.02342987060546875,0.16668354972005198,0.23951828205928635,0.5215686274509804,0.7283214165989319,0.027672972284509434,0.43211135143574836
Breast_MRI_684,10,0.5602249145507813,0.13028349633310357,0.26650696613136304,0.17046602253231571,0.12156862745098039,0.20784313725490197,0.5137254901960784,0.001947021484375,0.15538225959329044,0.31071662434677316,0.19936747092423232,0.13333333333333333,0.25098039215686274,0.5882352941176471,0.01000213623046875,0.1798460657456342,0.3618867467809021,0.219923806612466,0.1568627450980392,0.29411764705882354,0.6901960784313725,0.0165008544921875,0.044209658215410126,0.08414981474988745,0.1411764705882353,0.7005180232537968,0.051170122434128974,0.22490467053651664
Breast_MRI_685,10,0.46736907958984375,0.17109774122051166,0.28942826817748146,0.16090974612482392,0.12156862745098039,0.24313725490196078,0.5294117647058824,0.00034332275390625,0.23328543270335478,0.3743036565750016,0.27442917203991024,0.08235294117647059,0.2980392156862745,0.8117647058823529,0.0271728515625,0.24333447026271446,0.392206036125077,0.2787876076449075,0.08235294117647059,0.3254901960784314,0.8313725490196079,0.02668609619140625,0.08487538839752021,0.22055541966991046,0.4117647058823529,0.5850457651153796,0.01790237955007537,0.4301920845687766
Breast_MRI_687,10,0.6725662231445313,0.09421212589039521,0.2555506670040224,0.10768973990603868,0.12941176470588237,0.23921568627450981,0.41568627450980394,0.0001678466796875,0.1773394655713848,0.4882122768067835,0.2685357097749051,0.16862745098039217,0.44313725490196076,0.9137254901960784,0.01803131103515625,0.17779999976064645,0.48578985789117757,0.22892566463854477,0.2,0.47058823529411764,0.8156862745098039,0.0070098876953125,0.2326616098027611,0.259282384677534,0.6549019607843137,0.8192248365464823,-0.0024224189156059656,0.4300633309566749
Breast_MRI_693,10,0.4372406005859375,0.1769015084060968,0.29021130493356745,0.15174547584727296,0.13725490196078433,0.23921568627450981,0.49019607843137253,0.0011871337890625,0.21695947983685662,0.33668183468718416,0.21140767348795583,0.13725490196078433,0.2784313725490196,0.611764705882353,0.0161956787109375,0.2400790584788603,0.3754816099048822,0.23216822862668043,0.1607843137254902,0.30980392156862746,0.7098039215686275,0.0281951904296875,0.04647052975361669,0.18954941160331443,0.2784313725490196,0.6039803692958434,0.03879977521769804,0.2752636859087335
Breast_MRI_694,10,0.7243927001953125,0.08390770407284007,0.23911064619622693,0.13035792874390464,0.10980392156862745,0.18823529411764706,0.44313725490196076,1.52587890625e-05,0.12717349781709558,0.35413630589372974,0.27066480777274404,0.07450980392156863,0.2784313725490196,0.7764705882352941,0.008880615234375,0.1473006783279718,0.4013859297968393,0.3117613695073231,0.07450980392156863,0.3176470588235294,0.9607843137254902,0.0242279052734375,0.11502565969750281,0.19171521760789778,0.43529411764705883,0.6588233991429615,0.047249623903109536,0.3530633034735525
Breast_MRI_697,10,0.60377197265625,0.1208914483762255,0.2885065865897793,0.1573032353710917,0.14901960784313725,0.24313725490196078,0.47058823529411764,0.00393218994140625,0.14968219831878063,0.3550582816693639,0.18757946470093295,0.1803921568627451,0.30196078431372547,0.596078431372549,0.00943145751953125,0.16182138480392158,0.3839657903273451,0.20173838682834438,0.19607843137254902,0.3254901960784314,0.6627450980392157,0.01426849365234375,0.06655169507958457,0.08193250959181846,0.1411764705882353,0.8514895714593795,0.0289075086579812,0.28217520564404325
Breast_MRI_705,10,0.6003311157226563,0.11228541953890932,0.25391304582170293,0.16083246332173784,0.11764705882352941,0.19215686274509805,0.5098039215686274,0.00036163330078125,0.11588191013710171,0.25927318321067905,0.2110086546948066,0.0784313725490196,0.1843137254901961,0.5647058823529412,0.00809326171875,0.14446026970358455,0.3235583601088673,0.2421840651474308,0.10588235294117647,0.23529411764705882,0.6941176470588235,0.01793670654296875,0.005360137388976139,0.10320946873421466,0.11372549019607843,0.436724736281483,0.06428517689818829,0.22308124019287817
Breast_MRI_717,10,0.6816238403320313,0.09547271130131739,0.2583477372525902,0.15087586841871106,0.11764705882352941,0.21176470588235294,0.49411764705882355,2.74658203125e-05,0.15674676034964768,0.3865928479313566,0.2699125715251056,0.12941176470588237,0.2901960784313726,0.8588235294117647,0.019342041015625,0.1681957768458946,0.4236586452976501,0.27881059180285817,0.1411764705882353,0.3333333333333333,0.9176470588235294,0.026519775390625,0.12824511067876643,0.21423482189911797,0.4588235294117647,0.764151621607373,0.03706579736629353,0.3432861572673987
Breast_MRI_718,10,0.6972824096679687,0.10386691224341299,0.2964406529892401,0.15381196991401822,0.13725490196078433,0.2549019607843137,0.5058823529411764,0.000164794921875,0.18749428543390012,0.5355968403924988,0.2705279728425366,0.18823529411764706,0.5176470588235295,0.9490196078431372,0.02040863037109375,0.1914007329005821,0.549619261583427,0.2401144387472758,0.22745098039215686,0.5490196078431373,0.8980392156862745,0.0165130615234375,0.23915618740325875,0.26601908395796087,0.6823529411764706,0.866681116392542,0.014022421190928221,0.3483509670395032
Breast_MRI_723,10,0.748883056640625,0.07591135062423407,0.24993096769612252,0.16107250093955994,0.11372549019607843,0.18823529411764706,0.5215686274509804,0.00036773681640625,0.12287496529373469,0.3633859284666155,0.2603724917651657,0.10980392156862745,0.2784313725490196,0.7843137254901961,0.012969970703125,0.12891347249348958,0.3834292922866349,0.25377200452321885,0.12156862745098039,0.3176470588235294,0.7725490196078432,0.016363525390625,0.11345496077049297,0.2247244335935109,0.43529411764705883,0.6828014486060813,0.02004336382001942,0.35155433488078164
Breast_MRI_724,10,0.44397277832031246,0.13961724973192402,0.23197362633767496,0.11917053747949892,0.13333333333333333,0.2,0.36470588235294116,0.00084075927734375,0.18380870145909928,0.30141913350722205,0.18353022691135729,0.1607843137254902,0.24705882352941178,0.5019607843137255,0.01485443115234375,0.21046937830307905,0.3500930731954471,0.1979604381283275,0.1843137254901961,0.2901960784313726,0.592156862745098,0.02103729248046875,0.06944550716954712,0.12292683399847394,0.14901960784313725,0.8086350638587478,0.048673939688224976,0.20050604009901263
Breast_MRI_725,10,0.5600021362304688,0.1360778688916973,0.2719321304262887,0.17920239479914352,0.13333333333333333,0.21176470588235294,0.48627450980392156,0.00782318115234375,0.1795915252087163,0.3508962032154178,0.21323473682912258,0.1607843137254902,0.27450980392156865,0.6666666666666666,0.0110870361328125,0.19808904909620098,0.3926448199729543,0.2232879767128776,0.17647058823529413,0.3215686274509804,0.7294117647058823,0.01732330322265625,0.0789640727891291,0.13373577014374327,0.23137254901960785,0.7430511484028478,0.04174861675753646,0.28552107283679606
Breast_MRI_735,10,0.5445556640625,0.12461673512178309,0.24178371723924091,0.10107056596550518,0.12156862745098039,0.22745098039215686,0.39215686274509803,0.0,0.1600795192344516,0.3073868121357361,0.2116969402848524,0.10588235294117647,0.25098039215686274,0.611764705882353,0.01099395751953125,0.20167111265893076,0.39209051350371293,0.2558167679530991,0.1450980392156863,0.3058823529411765,0.8549019607843137,0.02138214111328125,0.06560309489649518,0.1560276754762274,0.23137254901960785,0.6088448137228625,0.08470370136797684,0.1584863307424283
Breast_MRI_746,10,0.7786788940429688,0.06751363118489583,0.22095771494850483,0.12122083223034855,0.10980392156862745,0.17254901960784313,0.4235294117647059,0.0,0.11169461119408701,0.3719034863419669,0.25739379761467046,0.09803921568627451,0.3058823529411765,0.7529411764705882,0.0089080810546875,0.12979879940257352,0.43968026150099465,0.2980295906375657,0.11764705882352941,0.34509803921568627,0.9529411764705882,0.0182037353515625,0.15094577139346205,0.16876539690228143,0.403921568627451,0.8037160881105864,0.06777677515902773,0.2709297114688545
Breast_MRI_757,10,0.7002426147460937,0.0890492338292739,0.24025588041161008,0.1044819153677219,0.11764705882352941,0.2235294117647059,0.39215686274509803,0.0,0.15543683818742343,0.39765561066141103,0.27590565241406484,0.10980392156862745,0.32941176470588235,0.9686274509803922,0.0280548095703125,0.1624389050053615,0.4302378734429801,0.24341120584131767,0.1411764705882353,0.396078431372549,0.8,0.01130828857421875,0.1573997302498009,0.24098776988700962,0.5764705882352941,0.7316300922885838,0.03258226278156911,0.3670469180296158
Breast_MRI_758,10,0.5536483764648438,0.11833089192708333,0.22320635133217517,0.13357717663088498,0.11372549019607843,0.1803921568627451,0.39215686274509803,0.0003265380859375,0.17276871026731005,0.28449907166041577,0.23362761561231113,0.06274509803921569,0.21568627450980393,0.6431372549019608,0.01163177490234375,0.19275599460975795,0.3278482369390473,0.24308750411356464,0.07450980392156863,0.25882352941176473,0.6901960784313725,0.01374359130859375,0.061292720328240555,0.1968649726985435,0.2901960784313726,0.5474239456312538,0.04334916527863158,0.352405468325351
Breast_MRI_762,10,0.4956924438476562,0.17675853056066176,0.32795380873111235,0.18710105968123072,0.12549019607843137,0.27450980392156865,0.615686274509804,0.00120697021484375,0.21573361265893076,0.3774898783215341,0.2623582426306341,0.0784313725490196,0.3137254901960784,0.7725490196078432,0.012078857421875,0.2120961746515012,0.37396868575782855,0.2669513506373965,0.0784313725490196,0.3058823529411765,0.792156862745098,0.01558685302734375,0.049536069590421686,0.2098399104734488,0.3333333333333333,0.5341343346353891,-0.0035211925637054823,0.48120289377100967
Breast_MRI_774,10,0.642681884765625,0.11119222603592217,0.26062163792459575,0.13749493303477245,0.11372549019607843,0.2196078431372549,0.47058823529411764,0.0,0.18092169668160232,0.40773847143694947,0.2568200299909536,0.11372549019607843,0.37254901960784315,0.7803921568627451,0.01879119873046875,0.18733413995481005,0.4188855150211358,0.24970105480242172,0.12549019607843137,0.4,0.7764705882352941,0.0130279541015625,0.14711683351235377,0.1969369507496125,0.4745098039215686,0.7723211998018551,0.011147043584186318,0.43268196026852057
Breast_MRI_775,10,0.7681106567382813,0.09230560901118261,0.34750226468646433,0.23964571915777133,0.11372549019607843,0.2549019607843137,0.7058823529411765,0.00490264892578125,0.10936525232651655,0.41037298008740314,0.27848534746200176,0.11764705882352941,0.3176470588235294,0.8588235294117647,0.012884521484375,0.12435089709712009,0.4644297847847906,0.3112934244168697,0.11764705882352941,0.3686274509803922,1.0,0.02412872314453125,0.06287071540093886,0.09819127183099108,0.17647058823529413,0.7434313125530528,0.05405680469738744,0.2698804377150904
Breast_MRI_776,10,0.47126007080078125,0.1331452193914675,0.22389508079468026,0.13008302410308106,0.11372549019607843,0.1803921568627451,0.39215686274509803,0.000860595703125,0.17893226174747243,0.30010903525948707,0.20348007074924052,0.13333333333333333,0.22745098039215686,0.5882352941176471,0.01256256103515625,0.21931720808440563,0.37118167931501705,0.24058838378128808,0.15294117647058825,0.2823529411764706,0.7764705882352941,0.027410888671875,0.07621395446480686,0.13115188634171904,0.21568627450980393,0.7857149041167049,0.07107264405552995,0.09901158679999422
Breast_MRI_778,10,0.7380081176757812,0.08456850538066789,0.21455253031153812,0.14907432617324404,0.10980392156862745,0.1607843137254902,0.3764705882352941,0.00062408447265625,0.13054422415939032,0.3279798699251278,0.2757769762344865,0.10588235294117647,0.21176470588235294,0.8705882352941177,0.018914794921875,0.13815253762637866,0.35303783445014186,0.27023599238725443,0.12156862745098039,0.23921568627450981,0.8509803921568627,0.01726226806640625,0.11342733961358963,0.19533839098796707,0.4588235294117647,0.7365971846079477,0.025057964525014076,0.28116063576374933
Breast_MRI_780,10,0.7075637817382813,0.08424544988893995,0.26110924054047996,0.14574283781775235,0.13725490196078433,0.2196078431372549,0.4549019607843137,9.307861328125e-05,0.12863942464192707,0.38979685398325653,0.21732896509654992,0.19607843137254902,0.3254901960784314,0.7450980392156863,0.0129180908203125,0.14040615306181067,0.43252881744502697,0.2273072542551173,0.2235294117647059,0.36470588235294116,0.8431372549019608,0.02069549560546875,0.12868761344277657,0.14157232338482534,0.30196078431372547,0.9086203567943815,0.04273196346177043,0.2278203609686357
Breast_MRI_789,10,0.5601608276367187,0.12500001196767768,0.25003080423018914,0.18439519047196368,0.11372549019607843,0.17254901960784313,0.5411764705882353,0.002764892578125,0.16614325429878982,0.31308748857128027,0.21874788710540757,0.12941176470588237,0.23529411764705882,0.6549019607843137,0.01184539794921875,0.1923611270680147,0.36584974405993975,0.23812066067561963,0.14901960784313725,0.2784313725490196,0.7607843137254902,0.01833343505859375,0.06305668434109116,0.09732400091965324,0.14901960784313725,0.7794368141875366,0.05276225548865943,0.1865687434302505
Breast_MRI_790,10,0.5106918334960937,0.12693835090188418,0.23907626136526716,0.1430673702452126,0.11764705882352941,0.18823529411764706,0.43529411764705883,0.0009674072265625,0.16012564864813114,0.2931448278232,0.20041131998919387,0.11372549019607843,0.22745098039215686,0.5843137254901961,0.00738525390625,0.19373974370021446,0.3550575832457265,0.2308569890532849,0.13725490196078433,0.2823529411764706,0.7098039215686275,0.0197845458984375,0.054068566457932864,0.1121963552839019,0.18823529411764706,0.6697508053375245,0.06191275542252651,0.23810236596158704
Breast_MRI_805,10,0.4531967163085937,0.1600312057195925,0.2690338910537496,0.1276527192216699,0.14901960784313725,0.24313725490196078,0.4117647058823529,0.00148468017578125,0.24538184670840993,0.4053354773469889,0.22674006630126373,0.18823529411764706,0.3333333333333333,0.7725490196078432,0.02039947509765625,0.24816324869791664,0.41236465106730397,0.20588117268569764,0.19607843137254902,0.3607843137254902,0.7137254901960784,0.01030120849609375,0.13630158629323927,0.20041450565508306,0.4666666666666667,0.8071510493842664,0.007029173720315104,0.39607593629744975
Breast_MRI_809,10,0.6039031982421875,0.11015664493336398,0.22527168826742672,0.12206264306619921,0.11372549019607843,0.1843137254901961,0.4117647058823529,0.000146484375,0.15670099595013787,0.29845556491686687,0.2382819043060654,0.09019607843137255,0.22745098039215686,0.6235294117647059,0.02120513916015625,0.17202714508655026,0.3351167009067077,0.24890430498049881,0.10196078431372549,0.25882352941176473,0.7490196078431373,0.0215118408203125,0.07318387664944015,0.16329051673841766,0.2627450980392157,0.6441217939334171,0.03666113598984083,0.31775211297989875
Breast_MRI_812,10,0.7127197265625,0.07540046243106617,0.22703845666761646,0.12185469056030558,0.10980392156862745,0.1803921568627451,0.4235294117647059,0.00014190673828125,0.10893576229319854,0.32208769289988454,0.2441614091244641,0.10980392156862745,0.23529411764705882,0.6470588235294118,0.01646575927734375,0.12129295199525122,0.3586350661620984,0.23438811203582052,0.13333333333333333,0.2784313725490196,0.7019607843137254,0.0097808837890625,0.09504923623226803,0.19620372197508584,0.34901960784313724,0.7004705957338319,0.03654737326221387,0.2930865981133679
Breast_MRI_816,10,0.6233657836914063,0.08884005079082415,0.21347493375041637,0.1090640322812824,0.11764705882352941,0.1843137254901961,0.3411764705882353,0.0,0.14523773193359374,0.3501550834853187,0.2557765016541705,0.12549019607843137,0.24313725490196078,0.792156862745098,0.01364898681640625,0.14731942569508272,0.35223050525718913,0.2164145822264182,0.14901960784313725,0.27450980392156865,0.6745098039215687,0.009088134765625,0.13668014973490236,0.22821610957360514,0.5294117647058824,0.7357706284866974,0.0020754217718704257,0.3526380397924086
Breast_MRI_817,10,0.6561691284179687,0.11470479329427083,0.2747267899717568,0.1135295619015826,0.11372549019607843,0.30196078431372547,0.403921568627451,0.0,0.18347855511833638,0.45168763302208154,0.25139151714762425,0.12549019607843137,0.47058823529411764,0.796078431372549,0.01177520751953125,0.22551395790249695,0.5562441573399474,0.2908059627364691,0.15294117647058825,0.6039215686274509,0.9764705882352941,0.03077545166015625,0.17696084305032472,0.16979374607272374,0.42745098039215684,0.8813844399178106,0.10455652431786576,0.07804449414865998
Breast_MRI_830,10,0.5835494995117188,0.1260777073280484,0.2505667756889327,0.14066612577657384,0.12549019607843137,0.21568627450980393,0.4196078431372549,0.002276611328125,0.1790250471526501,0.3433428346148389,0.20776989649741354,0.15294117647058825,0.2823529411764706,0.6509803921568628,0.0117706298828125,0.19858694637522978,0.39043837009018134,0.22775397968296116,0.1803921568627451,0.3215686274509804,0.7647058823529411,0.0224884033203125,0.09277605892590617,0.1438174018912238,0.2549019607843137,0.7706183017312448,0.04709553547534247,0.2736209581386828
Breast_MRI_831,10,0.7005645751953125,0.08547335755591298,0.24065365605470268,0.10148742585874407,0.11764705882352941,0.22745098039215686,0.3803921568627451,0.0,0.17754994111902572,0.47619073597906025,0.2503480069680144,0.1568627450980392,0.45098039215686275,0.8470588235294118,0.01265869140625,0.1873424335554534,0.5147281941955636,0.25656582460143207,0.1803921568627451,0.49411764705882355,0.8980392156862745,0.0134735107421875,0.23553707992435755,0.23713056743891142,0.592156862745098,0.842640059519563,0.03853745821650341,0.3879116175256576
Breast_MRI_832,10,0.5716033935546875,0.10676782944623162,0.2281056460425127,0.10533185700200474,0.12549019607843137,0.2,0.3803921568627451,0.00026702880859375,0.17707898906632966,0.3517556853554162,0.24299411897074089,0.12941176470588237,0.26666666666666666,0.7372549019607844,0.01925201416015625,0.17137673172296264,0.33763586487759084,0.2203594749005281,0.10196078431372549,0.2784313725490196,0.6666666666666666,0.00746917724609375,0.12365003931290347,0.22995834860402234,0.49019607843137253,0.7096390434330411,-0.01411982047782533,0.484616425767754
Breast_MRI_836,6,0.5744043986002605,0.13906394609438827,0.28948000685655284,0.12776008682921058,0.13333333333333333,0.27450980392156865,0.4627450980392157,0.0,0.23598920036764706,0.49736722195137356,0.2530125524870963,0.1843137254901961,0.47058823529411764,0.8784313725490196,0.023236592610677082,0.21612438127106312,0.45061933348728944,0.22292837566124843,0.17254901960784313,0.42745098039215684,0.7647058823529411,0.004854838053385417,0.20788721509482067,0.22100757967763307,0.5450980392156862,0.8239329313837384,-0.04674788846408412,0.509414344700659
Breast_MRI_839,10,0.5910537719726563,0.13833946078431372,0.2976039475702896,0.17093953663793388,0.12156862745098039,0.25098039215686274,0.5607843137254902,0.00013275146484375,0.18790601543351718,0.37787175152068386,0.23105134952091266,0.11764705882352941,0.32941176470588235,0.7411764705882353,0.00852813720703125,0.20057716519224877,0.4100132737241206,0.25067160553318074,0.12156862745098039,0.3607843137254902,0.8117647058823529,0.019854736328125,0.08026780395039433,0.15886800955320282,0.28627450980392155,0.669583257153731,0.032141522203436745,0.3814116795456835
Breast_MRI_847,10,0.3967071533203125,0.18689092299517462,0.27820794547768474,0.1900334981245567,0.11372549019607843,0.21176470588235294,0.5411764705882353,0.00670318603515625,0.26659666173598345,0.37180071844608387,0.21865821677609162,0.11372549019607843,0.34509803921568627,0.6745098039215687,0.00918731689453125,0.25267879112094055,0.35533429405188655,0.2100084612554997,0.12156862745098039,0.3254901960784314,0.6352941176470588,0.0099334716796875,0.09359277296839914,0.1683599249037832,0.3176470588235294,0.6728034721554781,-0.016466424394197324,0.5172671951114641
Breast_MRI_850,10,0.6301300048828125,0.13715187222349878,0.3120133004397726,0.13718898979279937,0.14901960784313725,0.2901960784313726,0.5019607843137255,0.0002227783203125,0.24600070728975185,0.5431283730581483,0.21890565030386838,0.2627450980392157,0.5333333333333333,0.8588235294117647,0.01603851318359375,0.25853965609681373,0.5862665824751999,0.22690734195453818,0.2823529411764706,0.592156862745098,0.8980392156862745,0.0199005126953125,0.23111507261837563,0.23927962309055856,0.5882352941176471,0.8344912086733389,0.04313820941705175,0.411624683371975
Breast_MRI_851,10,0.47961273193359377,0.17482922123927697,0.2918011985333717,0.17944617177430103,0.11372549019607843,0.24705882352941178,0.5450980392156862,0.0016571044921875,0.24026528751148898,0.37220093886704786,0.23905715354865045,0.07058823529411765,0.35294117647058826,0.6980392156862745,0.01039886474609375,0.2450167068780637,0.3844710868240729,0.2509914467573346,0.07058823529411765,0.3607843137254902,0.7215686274509804,0.02118377685546875,0.08039974033367617,0.20462063770959682,0.3686274509803922,0.583519283605197,0.012270147957025005,0.4528135913277289
Breast_MRI_857,10,0.5253692626953125,0.14509042777267156,0.27013467304145033,0.16728888876209863,0.11372549019607843,0.21568627450980393,0.5058823529411764,0.00130767822265625,0.18941672530828738,0.3347230926551181,0.21832988757981822,0.12941176470588237,0.27058823529411763,0.6392156862745098,0.01638946533203125,0.21204707725375305,0.38000768292297016,0.23382340700432974,0.15294117647058825,0.3137254901960784,0.7372549019607844,0.02423553466796875,0.06458841961366774,0.12224828013889877,0.19215686274509805,0.7225755013598925,0.045284590267852115,0.27540555659146
Breast_MRI_860,10,0.6073883056640625,0.10515437107460171,0.23332717592404195,0.1543405387588394,0.10980392156862745,0.17254901960784313,0.4392156862745098,0.0007843017578125,0.15678410548789828,0.3240744948981139,0.21986635639219373,0.13333333333333333,0.24705882352941178,0.6666666666666666,0.00915679931640625,0.17329110538258272,0.36252437625367673,0.2174716971120438,0.1607843137254902,0.29411764705882354,0.6823529411764706,0.01226959228515625,0.09074731897407197,0.16363163474147213,0.24313725490196078,0.775924788769617,0.0384498813555628,0.2545879938749019
Breast_MRI_865,10,0.7206985473632812,0.07554421219171262,0.220635438388901,0.0865632176579398,0.11764705882352941,0.20784313725490197,0.34509803921568627,0.0,0.15465673110064337,0.45441856424393157,0.3136487954421273,0.09019607843137255,0.38823529411764707,0.9568627450980393,0.02183990478515625,0.14597944671032476,0.43122260032545656,0.26081435476801124,0.10980392156862745,0.4117647058823529,0.8156862745098039,0.00613555908203125,0.23378312585503055,0.28549457207964263,0.6745098039215687,0.7281349191173658,-0.02319596391847496,0.49616210398649496
Breast_MRI_874,10,0.7088134765625,0.07712943881165747,0.19417485783615032,0.10529366029328446,0.10588235294117647,0.14901960784313725,0.3764705882352941,0.0,0.1215788657992494,0.2934201441119753,0.21505146699005748,0.11372549019607843,0.21568627450980393,0.5843137254901961,0.00917205810546875,0.1454584398456648,0.35833949828778666,0.23863709058242427,0.1411764705882353,0.27058823529411763,0.7333333333333333,0.01197967529296875,0.09924528627582499,0.15640352153280918,0.2823529411764706,0.798241385092647,0.06491935417581135,0.19054980296805568
Breast_MRI_877,10,0.741680908203125,0.08140866148705576,0.2448786016781308,0.17738353658583078,0.10980392156862745,0.17254901960784313,0.5137254901960784,0.00104522705078125,0.10547067679610907,0.27860723761659284,0.23902032947726537,0.06274509803921569,0.19607843137254902,0.6431372549019608,0.00850067138671875,0.1224043483360141,0.3483244636370249,0.27100004559278895,0.08235294117647059,0.25882352941176473,0.8196078431372549,0.01518096923828125,0.03372863593846205,0.17784515195462874,0.24313725490196078,0.5500437114571274,0.06971722602043204,0.3187805684852208
Breast_MRI_879,10,0.6675125122070312,0.08391124052159926,0.22877496130830177,0.11937064941422733,0.12156862745098039,0.19215686274509805,0.40784313725490196,5.18798828125e-05,0.10991030823950673,0.29670215081659074,0.1924860966101953,0.12549019607843137,0.24313725490196078,0.5411764705882353,0.0069549560546875,0.12922864726945466,0.3519503594442793,0.22022268000067885,0.15294117647058825,0.28627450980392155,0.6627450980392157,0.01408538818359375,0.06792718950828901,0.13931690925795218,0.2196078431372549,0.6986952670732771,0.05524820862768854,0.31157554646877683
Breast_MRI_882,10,0.5849685668945312,0.09757135129442401,0.20884632755287816,0.1128239769938527,0.11764705882352941,0.17254901960784313,0.3568627450980392,0.0,0.1307713826497396,0.2709174656829404,0.19299471315270023,0.10980392156862745,0.2196078431372549,0.5058823529411764,0.011090087890625,0.15300185259650737,0.31793685653823656,0.22240577435642975,0.12941176470588237,0.25098039215686274,0.6431372549019608,0.017413330078125,0.06207113813006222,0.11876275876659086,0.1843137254901961,0.7066931377415026,0.04701939085529614,0.3091343590874832
Breast_MRI_883,10,0.54293212890625,0.17147844501570159,0.33494819314901136,0.16763962737434054,0.14901960784313725,0.30196078431372547,0.5647058823529412,0.00214385986328125,0.22614893296185662,0.4402465996680968,0.22416270351954626,0.19215686274509805,0.4,0.7686274509803922,0.015460205078125,0.2351703239889706,0.46063937446356373,0.2202494650186501,0.2235294117647059,0.43137254901960786,0.7764705882352941,0.01880950927734375,0.10529840651908548,0.19555014106360355,0.3843137254901961,0.6873614560799082,0.02039277479546689,0.3614427262772748
Breast_MRI_884,10,0.7615615844726562,0.07838074328852634,0.24146804789763063,0.12675890251339234,0.10588235294117647,0.19607843137254902,0.4235294117647059,0.0,0.11387897566253063,0.35199121942858275,0.2714980036223105,0.10588235294117647,0.25098039215686274,0.8862745098039215,0.01956024169921875,0.12882580327052698,0.40256340084269693,0.28209524707186645,0.12549019607843137,0.2980392156862745,0.9333333333333333,0.0185882568359375,0.11052317153095216,0.18940717501009785,0.5058823529411764,0.7401624184867819,0.05057218141411419,0.18536697746747471
Breast_MRI_885,10,0.6964889526367187,0.09134742288028493,0.24990791433938803,0.12167974861568687,0.11764705882352941,0.2196078431372549,0.42745098039215684,0.0003753662109375,0.15997830260033702,0.4075152505939508,0.2373939855709958,0.13725490196078433,0.36470588235294116,0.7529411764705882,0.00758209228515625,0.16768369786879594,0.43660899619187377,0.2472855163414519,0.15294117647058825,0.396078431372549,0.8156862745098039,0.0152069091796875,0.15760733625456277,0.1956601807073372,0.44313725490196076,0.7912010014629806,0.02909374559792294,0.3887958815337667
Breast_MRI_886,10,0.614837646484375,0.10790309532015932,0.24147360996533943,0.1557896000513956,0.11764705882352941,0.19215686274509805,0.41568627450980394,0.00395965576171875,0.17133930281096815,0.3503682315965765,0.22723278725914028,0.12549019607843137,0.2823529411764706,0.6705882352941176,0.01362152099609375,0.18027672861136643,0.37446318072431417,0.22581035530298607,0.1411764705882353,0.3176470588235294,0.6862745098039216,0.0160614013671875,0.10889462163123707,0.1902635208604459,0.3803921568627451,0.7142579827272006,0.02409494912773762,0.3858331352507725
Breast_MRI_891,10,0.6195541381835937,0.10034762513403798,0.22117806545709862,0.10735235916565296,0.11372549019607843,0.18823529411764706,0.3803921568627451,0.0,0.19666544596354166,0.4182329214749643,0.24855813949335764,0.1450980392156863,0.3568627450980392,0.8,0.011407470703125,0.2120554127412684,0.4459149061964666,0.24620428544280062,0.16470588235294117,0.403921568627451,0.8117647058823529,0.015692138671875,0.19705485601786568,0.21676926774397373,0.5372549019607843,0.8527648207789708,0.027681984721502316,0.39072470510851126
Breast_MRI_899,10,0.6686935424804688,0.09149035285500919,0.23637050131509138,0.1096656634037763,0.11764705882352941,0.21176470588235294,0.38823529411764707,0.000592041015625,0.15305010028913907,0.38597188300766483,0.2671064700531975,0.12549019607843137,0.30196078431372547,0.8745098039215686,0.02171783447265625,0.15985648959290746,0.41067625723864676,0.23277622326367797,0.15294117647058825,0.36470588235294116,0.7529411764705882,0.0130615234375,0.14960138169257342,0.22998241594436136,0.5607843137254902,0.730915371329879,0.024704374230981974,0.3495866436384571
Breast_MRI_900,10,0.5689407348632812,0.16290731392654717,0.32991857198314567,0.17549162287035275,0.14901960784313725,0.28627450980392155,0.5843137254901961,0.003790283203125,0.2468942320580576,0.4928912675658265,0.23405253375199125,0.2235294117647059,0.45098039215686275,0.8392156862745098,0.0152008056640625,0.2568619911343444,0.5210045164831054,0.23283882403850745,0.23921568627450981,0.49411764705882355,0.8549019607843137,0.01563873291015625,0.16297269558268088,0.21885974956667176,0.5294117647058824,0.7928806827634788,0.028113248917278833,0.4201678590012708
Breast_MRI_901,10,0.5261749267578125,0.154995589910769,0.2881872794460203,0.1552809816779051,0.15294117647058825,0.25098039215686274,0.4588235294117647,0.005853271484375,0.22591630524280024,0.4291551476286978,0.21057068628720615,0.21176470588235294,0.37254901960784315,0.7647058823529411,0.01211700439453125,0.23058927049823835,0.43769410612959947,0.20164048199835694,0.22745098039215686,0.38823529411764707,0.7254901960784313,0.0153778076171875,0.1409678681826775,0.16729171987354755,0.38823529411764707,0.8559991755923819,0.008538958500901632,0.43564790065888204
Breast_MRI_907,10,0.35356445312499996,0.19028422636144302,0.2735170448570697,0.12614039189760698,0.13725490196078433,0.2549019607843137,0.42745098039215684,0.0014129638671875,0.2725265443091299,0.3709160509131517,0.2093435741535325,0.17254901960784313,0.3137254901960784,0.6666666666666666,0.02198638916015625,0.28455165489047185,0.39311456681018203,0.21631433047289605,0.1843137254901961,0.3333333333333333,0.7294117647058823,0.02210693359375,0.09739900605608208,0.18242642620654517,0.3764705882352941,0.6707384432358939,0.022198515897030313,0.39281195709645744
Breast_MRI_914,10,0.796478271484375,0.06118344176049326,0.21571738126949686,0.10424324359245822,0.10980392156862745,0.1843137254901961,0.3686274509803922,0.0,0.09707493202359069,0.35768898532572424,0.29209580196429075,0.09019607843137255,0.23921568627450981,0.9137254901960784,0.0137176513671875,0.11081066056793812,0.39331869139918674,0.3105722986070036,0.09411764705882353,0.27058823529411763,0.9725490196078431,0.01800384521484375,0.14197160405622739,0.220336885986096,0.5607843137254902,0.6908756935072724,0.035629706073462525,0.35053981106612686
Breast_MRI_916,10,0.6674514770507812,0.08993885713465073,0.21376954821591113,0.112148276566989,0.11372549019607843,0.17647058823529413,0.37254901960784315,0.000543212890625,0.1709298885569853,0.39287440477363295,0.27602758430423463,0.11372549019607843,0.3176470588235294,0.8705882352941177,0.0198394775390625,0.1748601457184436,0.3987706040069316,0.2351634346795465,0.1450980392156863,0.35294117647058826,0.7450980392156863,0.0097900390625,0.17910485655772182,0.24993872094400543,0.6235294117647059,0.7730052904711869,0.005896199233298686,0.3669145953684288
Breast_MRI_917,10,0.652703857421875,0.0950038117053462,0.22744369219190813,0.0989165599981709,0.11764705882352941,0.20392156862745098,0.3764705882352941,0.0,0.18393998688342525,0.44452020382149804,0.26508324824716656,0.12156862745098039,0.41568627450980394,0.8392156862745098,0.01817779541015625,0.19412842395258886,0.47163718477672434,0.26777404624469003,0.13725490196078433,0.4392156862745098,0.8901960784313725,0.02044525146484375,0.2170765116295899,0.22502132570497285,0.5568627450980392,0.821734240171526,0.02711698095522633,0.3573311541097696
ISPY1_1001,10,0.7323211669921875,0.1187949924842984,0.3336807006272462,0.2258892417652725,0.11764705882352941,0.2235294117647059,0.6980392156862745,0.0,0.1494628547219669,0.4294812873446667,0.2994996797509453,0.12549019607843137,0.30196078431372547,0.984313725490196,0.02612762451171875,0.15942790311925553,0.46189012606399255,0.30634744332162916,0.1411764705882353,0.3411764705882353,1.0,0.0338134765625,0.09580058671742042,0.12927641501692652,0.30196078431372547,0.7852142783851881,0.03240883871932593,0.2524312245619236
ISPY1_1002,10,0.5670379638671875,0.15973716586243872,0.3051417983192093,0.22994282552861917,0.11372549019607843,0.2196078431372549,0.7411764705882353,0.00392303466796875,0.19255294500612746,0.36353029352543004,0.2615432074379458,0.11372549019607843,0.27058823529411763,0.8549019607843137,0.01711273193359375,0.2007237512925092,0.38231422939295473,0.2752408983753345,0.12549019607843137,0.2823529411764706,0.9058823529411765,0.0269012451171875,0.05838849520622075,0.10091908719610931,0.1803921568627451,0.6853030527302587,0.01878393586752471,0.3457493673919632
ISPY1_1003,10,0.6835708618164062,0.1242544615502451,0.28832860806769967,0.2170915023383464,0.10196078431372549,0.20392156862745098,0.6666666666666666,0.00169219970703125,0.16512794644224876,0.37649377253010907,0.2697618240698686,0.09019607843137255,0.29411764705882354,0.8313725490196079,0.02247772216796875,0.17256046669155942,0.40047709345341514,0.2879410320900026,0.0784313725490196,0.3215686274509804,0.9215686274509803,0.02718658447265625,0.08816516446240943,0.1163066777872385,0.24313725490196078,0.7327739602169981,0.02398332092330603,0.3154816154309825
ISPY1_1004,10,0.47942962646484377,0.1351205025467218,0.20599892719273305,0.09153569317425685,0.10980392156862745,0.17647058823529413,0.3411764705882353,0.0,0.24487797755821078,0.36916072803531147,0.25003197485305534,0.09019607843137255,0.3137254901960784,0.7411764705882353,0.02146453857421875,0.25828296137791057,0.39126698331320886,0.26445564345530126,0.09019607843137255,0.32941176470588235,0.8313725490196079,0.0255096435546875,0.16316180084257845,0.20932687334133904,0.49019607843137253,0.7635515196637365,0.02210625527789737,0.3839682730441053
ISPY1_1005,10,0.51954345703125,0.13568988874846813,0.22306691446110188,0.10667664236556573,0.11372549019607843,0.19215686274509805,0.3803921568627451,0.0,0.21769247017654716,0.3561207193312041,0.24297022362796142,0.10588235294117647,0.29411764705882354,0.7176470588235294,0.022314453125,0.23134918212890626,0.37707114350605714,0.24081727431222877,0.12549019607843137,0.3215686274509804,0.7333333333333333,0.02338714599609375,0.1330538048701022,0.2033984533503488,0.4549019607843137,0.7298330750273126,0.020950424174853,0.3512125562133184
ISPY1_1007,10,0.37176361083984377,0.25703382305070466,0.3867050555032722,0.14700880987654608,0.21176470588235294,0.3764705882352941,0.5607843137254902,0.0037384033203125,0.2959082749310662,0.4454362227304984,0.15578282810641206,0.2784313725490196,0.42745098039215684,0.6235294117647059,0.01092376708984375,0.3147195374731924,0.4735792765813095,0.17310329818344003,0.2784313725490196,0.4549019607843137,0.6901960784313725,0.0136077880859375,0.05873116722722616,0.11104810053626243,0.16862745098039217,0.7071463442476823,0.028143053850811117,0.3630419628826317
ISPY1_1008,10,0.6530532836914062,0.1620570104262408,0.3940482531880262,0.24861304397087036,0.12549019607843137,0.3137254901960784,0.792156862745098,0.00408477783203125,0.19273448270909926,0.4563942006489237,0.27492401165838304,0.11764705882352941,0.4,0.8823529411764706,0.017388916015625,0.19563185747931985,0.4666861559357113,0.2889844838647812,0.10980392156862745,0.4,0.9215686274509803,0.02331695556640625,0.0623459474608975,0.12298039672901376,0.20784313725490197,0.6932028587135789,0.010291955286787611,0.410392523364486
ISPY1_1011,10,0.6429916381835937,0.11961713603898591,0.24379574669645776,0.16693489830947164,0.11372549019607843,0.1843137254901961,0.41568627450980394,0.00135040283203125,0.16254929486443015,0.33625297603109644,0.22855215929679581,0.10588235294117647,0.2823529411764706,0.6352941176470588,0.0142852783203125,0.16211047004250917,0.3328795611350892,0.23658460116197955,0.10588235294117647,0.27450980392156865,0.611764705882353,0.020648193359375,0.09245722933463868,0.10822740162223925,0.23921568627450981,0.7681957866213045,-0.0033734148960072557,0.4770589266099355
ISPY1_1012,10,0.764959716796875,0.08475420783547793,0.23657586538211847,0.17187919816900063,0.10980392156862745,0.1568627450980392,0.5490196078431373,3.0517578125e-06,0.11815866507735907,0.3284672439699607,0.2965230757208846,0.10196078431372549,0.19215686274509805,0.9686274509803922,0.02242584228515625,0.1211910711550245,0.34954029081055155,0.30724643326491297,0.10196078431372549,0.20784313725490197,1.0,0.02636871337890625,0.09189137858784222,0.1529075969098356,0.36470588235294116,0.7040237347113661,0.02107304684059087,0.2732348282219741
ISPY1_1013,10,0.6245498657226562,0.1276625031115962,0.26874863383405834,0.20974462870385838,0.11764705882352941,0.1803921568627451,0.6078431372549019,0.00574798583984375,0.1543670534620098,0.3252179948608652,0.26461033218339275,0.11764705882352941,0.21176470588235294,0.8235294117647058,0.02172088623046875,0.16314355588426777,0.34795200021037864,0.2821835796327355,0.12156862745098039,0.2235294117647059,0.9411764705882353,0.03282928466796875,0.056469361026806934,0.10458556088328375,0.1843137254901961,0.6723984475015748,0.02273400534951336,0.3048952469976225
ISPY1_1017,10,0.7149032592773438,0.11106907863242953,0.26404237387120916,0.21176120180868602,0.10196078431372549,0.1803921568627451,0.6352941176470588,0.0028778076171875,0.13150239233877145,0.30384671206754277,0.28060185284831674,0.058823529411764705,0.21176470588235294,0.8588235294117647,0.02209320068359375,0.1350989786783854,0.3180619864368267,0.293794853062993,0.058823529411764705,0.21176470588235294,0.9490196078431372,0.0262725830078125,0.03980433819633365,0.11861226714617301,0.20392156862745098,0.528342280334616,0.014215274369283897,0.3851349543194481
ISPY1_1021,10,0.7922821044921875,0.1016119145412071,0.3132851095334189,0.1806547268365304,0.11372549019607843,0.27058823529411763,0.592156862745098,1.373291015625e-05,0.1439552516563266,0.45296969592215053,0.3014455211352439,0.11372549019607843,0.37254901960784315,1.0,0.029132080078125,0.1493948663449755,0.48920841237398505,0.3168907935737674,0.11372549019607843,0.41568627450980394,1.0,0.03548583984375,0.13968458638873166,0.16347799453122178,0.4,0.7990009549695144,0.03623871645183453,0.2833027253360758
ISPY1_1025,10,0.6047561645507813,0.11575981588924632,0.2165905333360282,0.14005268449281635,0.10588235294117647,0.1843137254901961,0.32941176470588235,0.0012237548828125,0.14674460018382351,0.25598927267556404,0.1997792671812071,0.09019607843137255,0.21176470588235294,0.4470588235294118,0.01401824951171875,0.14616301891850492,0.2627731214635282,0.2087830451587609,0.0784313725490196,0.21176470588235294,0.4588235294117647,0.016522216796875,0.03939873933953588,0.10800150460999726,0.16862745098039217,0.5667517285842789,0.006783848787964189,0.4165473097399113
ISPY1_1027,10,0.5858596801757813,0.12391652425130209,0.24662949129823442,0.11606727184654443,0.11764705882352941,0.22745098039215686,0.3843137254901961,0.00044097900390625,0.20188310211780022,0.3898612920524772,0.23002818518892393,0.1411764705882353,0.33725490196078434,0.7333333333333333,0.01612701416015625,0.21926265342562806,0.435411543205475,0.24706814521020884,0.14901960784313725,0.39215686274509803,0.8274509803921568,0.02156829833984375,0.14323180075424286,0.2021538248353484,0.4588235294117647,0.7878236327930703,0.04555025115299776,0.2956954581796611
ISPY1_1029,10,0.6346343994140625,0.11726065841375613,0.24963739009966307,0.15882322240934332,0.12156862745098039,0.20392156862745098,0.4470588235294118,0.00381317138671875,0.14083964628331802,0.30424104792222173,0.22504684393946894,0.11372549019607843,0.23137254901960785,0.6470588235294118,0.01336669921875,0.15194762585209864,0.33223530853000055,0.24355466491719308,0.12941176470588237,0.24313725490196078,0.7450980392156863,0.01862030029296875,0.05460365782255871,0.11995655917367043,0.21568627450980393,0.5975752361701594,0.02799426060777877,0.2994955021173876
ISPY1_1030,10,0.4751220703125,0.1567592725566789,0.2455408664698495,0.16108853606361095,0.10980392156862745,0.18823529411764706,0.4470588235294118,0.00488433837890625,0.2184801767386642,0.3350013885734767,0.24761854309296322,0.08235294117647059,0.2823529411764706,0.7019607843137254,0.01737213134765625,0.219982239966299,0.3335652182636858,0.24435931438522185,0.06666666666666667,0.2823529411764706,0.7019607843137254,0.0170684814453125,0.08946052210362726,0.14169029073579592,0.2823529411764706,0.6596324247639425,-0.0014361703097909707,0.4791182148006884
ISPY1_1031,10,0.6884490966796875,0.11163702272901348,0.2518712718756164,0.19687999540913917,0.10980392156862745,0.1803921568627451,0.5568627450980392,0.00038909912109375,0.13612408806295956,0.30936334098332885,0.2711124694827687,0.0784313725490196,0.21176470588235294,0.8392156862745098,0.02341461181640625,0.142227783203125,0.32781104683936874,0.27919072746697765,0.0784313725490196,0.23921568627450981,0.8980392156862745,0.02666778564453125,0.057492069107712436,0.1344936820159583,0.2235294117647059,0.5919246931598899,0.018447705856039876,0.35366200080322074
ISPY1_1034,10,0.20806121826171875,0.17303579293045343,0.20106286331065987,0.09292799422489874,0.11372549019607843,0.16862745098039217,0.33725490196078434,0.0003448486328125,0.2778857302198223,0.318307236074457,0.24620509261978107,0.09803921568627451,0.2235294117647059,0.6862745098039216,0.0318328857421875,0.26346840054381127,0.3003713327027905,0.22806817050509337,0.09803921568627451,0.21568627450980393,0.6352941176470588,0.0212493896484375,0.1172443727637971,0.20046636558995454,0.4235294117647059,0.6577162069729579,-0.01793590337166649,0.5217541256827969
ISPY1_1035,10,0.7445755004882812,0.07672085032743567,0.1952174643865133,0.07557267914244359,0.10980392156862745,0.17254901960784313,0.2980392156862745,0.0,0.15489996218213847,0.35681167416038967,0.30588483313481307,0.06274509803921569,0.25098039215686274,0.9529411764705882,0.02562255859375,0.15023842605890012,0.37587568209278394,0.2922080196029228,0.09411764705882353,0.26666666666666666,0.9215686274509803,0.01848602294921875,0.1615942097738764,0.2815830917202606,0.6705882352941176,0.6684369306132202,0.01906400793239426,0.43758176767525914
ISPY1_1036,10,0.570709228515625,0.13358147116268382,0.2562433145576422,0.15697888029332818,0.11372549019607843,0.2,0.5137254901960784,0.00016326904296875,0.18592426374846813,0.3610597184064498,0.24962746284206713,0.12941176470588237,0.27058823529411763,0.7725490196078432,0.0245941162109375,0.2018293851964614,0.3956887277552665,0.26606322897016704,0.1411764705882353,0.2980392156862745,0.8862745098039215,0.03265228271484375,0.1048164038488076,0.13972407644370097,0.30196078431372547,0.7782611786450558,0.03462900934881666,0.25050472737612856
ISPY1_1037,10,0.7014205932617188,0.08979772829541972,0.2258247910948084,0.11152834995638086,0.11764705882352941,0.20392156862745098,0.3568627450980392,0.00014495849609375,0.17116240258310353,0.445757419164255,0.29333476206368525,0.12549019607843137,0.36470588235294116,0.9568627450980393,0.02521514892578125,0.17486767937155331,0.45710086259599275,0.2969274623736312,0.11764705882352941,0.3843137254901961,0.9568627450980393,0.02496337890625,0.21993262806944658,0.25487746250284,0.6784313725490196,0.8245527067565427,0.011343443431737796,0.3544208057155414
ISPY1_1038,10,0.5833740234375,0.14215656355315565,0.29039484267190613,0.16459762233836064,0.12549019607843137,0.25882352941176473,0.4980392156862745,0.00330963134765625,0.20067647298177083,0.4094023284672791,0.2187081850983584,0.16862745098039217,0.3686274509803922,0.7098039215686275,0.016033935546875,0.204111130658318,0.4174225136875729,0.22045409105738792,0.16862745098039217,0.3764705882352941,0.7254901960784313,0.0155242919921875,0.11900748579537293,0.11628143305465072,0.23529411764705882,0.9178801640785232,0.008020185220293801,0.3886133899794902
ISPY1_1040,10,0.58453369140625,0.1361488192689185,0.2674215988731323,0.14766633026313555,0.11372549019607843,0.21176470588235294,0.49411764705882355,4.57763671875e-06,0.18480979769837624,0.3635651880849299,0.27454479620578126,0.10980392156862745,0.25098039215686274,0.8509803921568627,0.02686004638671875,0.20128167844286152,0.3976174180558076,0.2833629912419338,0.12549019607843137,0.2823529411764706,0.9176470588235294,0.031805419921875,0.09614358921179755,0.17897525724490668,0.41568627450980394,0.6760797708241516,0.03405222997087773,0.2918723372998384
ISPY1_1053,10,0.40184326171874996,0.19522574630438114,0.2863457968644898,0.19641702870849165,0.12156862745098039,0.2196078431372549,0.596078431372549,0.0035430908203125,0.27311179965150123,0.39069409747940315,0.2637590577779588,0.07450980392156863,0.3411764705882353,0.7803921568627451,0.01314849853515625,0.22635292202818627,0.31795701648345714,0.24152461408685827,0.07450980392156863,0.26666666666666666,0.7058823529411765,0.01641693115234375,0.10434830061491342,0.15037277856225503,0.3176470588235294,0.6886874757658007,-0.07273708099594606,0.6417624130119793
ISPY1_1054,10,0.5292282104492188,0.13683990478515626,0.2529519614992906,0.14154806343713877,0.12156862745098039,0.21568627450980393,0.42745098039215684,0.002099609375,0.18778906728707107,0.34708264973601466,0.23021963712609597,0.14901960784313725,0.26666666666666666,0.6901960784313725,0.0251739501953125,0.19633327708524814,0.36465845873233016,0.23580546783914177,0.1568627450980392,0.2823529411764706,0.7333333333333333,0.02434234619140625,0.09413068823672407,0.17133991509401206,0.24705882352941178,0.8034032898468519,0.017575808996315483,0.3477870512924398
ISPY1_1056,10,0.591827392578125,0.12275281719132966,0.24121102437236577,0.15974051659729369,0.11372549019607843,0.17254901960784313,0.5215686274509804,1.52587890625e-06,0.16370368508731617,0.3258560527762507,0.26841982982710666,0.11372549019607843,0.20784313725490197,0.8156862745098039,0.03190155029296875,0.1711621632295496,0.34178549386109586,0.2784598999272353,0.10588235294117647,0.22745098039215686,0.8941176470588236,0.034918212890625,0.08464502840388491,0.14290166987291697,0.3215686274509804,0.6970242990654205,0.01592944108484515,0.3624598130841121
ISPY1_1058,10,0.49844207763671877,0.19588392070695465,0.35260337617756315,0.1720450407101788,0.1568627450980392,0.3333333333333333,0.5764705882352941,0.00331268310546875,0.2840672032973346,0.5002837849357223,0.21838192887672733,0.23137254901960785,0.4823529411764706,0.8156862745098039,0.01380157470703125,0.29254879820580576,0.5184461162659837,0.21461612829882792,0.24313725490196078,0.5019607843137255,0.807843137254902,0.0141143798828125,0.14768040875815922,0.18020838836299644,0.40784313725490196,0.7942902516268584,0.018162331330261346,0.4062415386627969
ISPY1_1060,10,0.5129974365234375,0.123830841662837,0.24546908441972612,0.089425314815398,0.1411764705882353,0.23137254901960785,0.3607843137254902,0.0,0.20574702842562806,0.3978530541561597,0.1998586362593884,0.21176470588235294,0.33725490196078434,0.6823529411764706,0.01393585205078125,0.210686507879519,0.4065320936653843,0.19971562095543502,0.21176470588235294,0.34509803921568627,0.6980392156862745,0.01012725830078125,0.15238396973643356,0.16519092631807603,0.3686274509803922,0.9127747037554597,0.008679039509224586,0.41520293769308375
ISPY1_1061,10,0.6675918579101563,0.10268601361443015,0.2192844825343781,0.14132467695085352,0.11372549019607843,0.17254901960784313,0.4235294117647059,3.0517578125e-06,0.14117777506510415,0.30414236579243376,0.24755267663377592,0.10588235294117647,0.2196078431372549,0.7058823529411765,0.021234130859375,0.14717757879518995,0.31867733758456307,0.2557289148343369,0.11372549019607843,0.22745098039215686,0.788235294117647,0.024871826171875,0.08485788325805564,0.1495184124840897,0.2980392156862745,0.6801195334340157,0.014534971792129339,0.3710218639687487
ISPY1_1062,10,0.6838577270507813,0.14550278009152878,0.36495279390021534,0.22939947382783962,0.11764705882352941,0.27450980392156865,0.7019607843137254,0.0001220703125,0.2041712802064185,0.5200419967298653,0.30686183743548484,0.16470588235294117,0.4549019607843137,0.9686274509803922,0.026483154296875,0.21792910706763174,0.5626807912563974,0.33226436061247533,0.1568627450980392,0.5137254901960784,1.0,0.05425872802734375,0.15508920282964986,0.16481723778840293,0.4117647058823529,0.8617963482264814,0.0426387945265322,0.267695366987311
ISPY1_1064,10,0.570928955078125,0.12585347493489582,0.22935320531433104,0.1557044655826952,0.11372549019607843,0.1843137254901961,0.3764705882352941,0.00062713623046875,0.14879594989851408,0.27094387307548234,0.2292344160196262,0.09803921568627451,0.2,0.5568627450980392,0.02392120361328125,0.155783140893076,0.2854434517658327,0.23713857269009408,0.10588235294117647,0.21176470588235294,0.6352941176470588,0.02784881591796875,0.04159066776115131,0.1105150381740884,0.17254901960784313,0.5598621602014253,0.014499578690350378,0.34323390090897454
ISPY1_1066,10,0.5601028442382813,0.13243383071001838,0.251679263891924,0.17057499318213362,0.12156862745098039,0.19607843137254902,0.4627450980392157,0.0048583984375,0.18899516984528186,0.34935508042289243,0.21982001063835724,0.13725490196078433,0.2901960784313726,0.6666666666666666,0.01508636474609375,0.18653328689874388,0.3448541543773751,0.21855934576274297,0.1450980392156863,0.2823529411764706,0.6666666666666666,0.01739349365234375,0.0976758165309684,0.13970436598613736,0.25882352941176473,0.7732083207592328,-0.004500926045517326,0.47252602405208627
ISPY1_1069,10,0.5436416625976562,0.13448068057789522,0.23179337035286565,0.17024694850343028,0.10196078431372549,0.17254901960784313,0.4588235294117647,0.00389404296875,0.12400013643152574,0.18672608568435817,0.20057503542396968,0.043137254901960784,0.12941176470588237,0.3843137254901961,0.0067535400390625,0.16829143449371936,0.2533717729114656,0.24970218725126095,0.043137254901960784,0.17254901960784313,0.5843137254901961,0.0247039794921875,-0.04506728466850748,0.18798214016732154,0.11372549019607843,0.23750915310001705,0.06664568722710748,0.2233389840142571
ISPY1_1070,10,0.515032958984375,0.15198758592792586,0.25577107065185334,0.16287174148061678,0.11764705882352941,0.21568627450980393,0.41568627450980394,0.00652618408203125,0.20526607139437805,0.34379755778621907,0.23816574211605934,0.08235294117647059,0.28627450980392155,0.7019607843137254,0.019317626953125,0.20741787779564952,0.3479152492641846,0.240887486726016,0.08235294117647059,0.2980392156862745,0.6901960784313725,0.02547760009765625,0.08802648713436567,0.14153347297802743,0.28627450980392155,0.6598348792428609,0.004117691477965514,0.42881055161911474
ISPY1_1072,10,0.5171951293945313,0.24660269942938112,0.47490735089463254,0.26984550464969936,0.1411764705882353,0.4627450980392157,0.8431372549019608,0.003607177734375,0.27144691018497247,0.5148021613239321,0.2757029692391188,0.15294117647058825,0.5372549019607843,0.8745098039215686,0.0104248046875,0.2865058629653033,0.5450075389040104,0.28221777490875677,0.16862745098039217,0.592156862745098,0.9019607843137255,0.0130828857421875,0.03989481042929954,0.1233652106503516,0.13725490196078433,0.6166536561623964,0.030205377580078432,0.3072965225608465
ISPY1_1074,10,0.594964599609375,0.13734670601639093,0.2888817138344013,0.1088560282003239,0.1450980392156863,0.28627450980392155,0.43137254901960786,3.0517578125e-06,0.21382350547640933,0.45491729580124873,0.21993614377147097,0.21176470588235294,0.4117647058823529,0.7843137254901961,0.01155242919921875,0.23537665872012867,0.5101584441133185,0.24440573652912895,0.21568627450980393,0.47058823529411764,0.8901960784313725,0.0202362060546875,0.1660355819668474,0.17256701238389596,0.45098039215686275,0.9211924172330134,0.05524114831206966,0.24484260333629693
ISPY1_1075,10,0.6521224975585938,0.12698158413756128,0.2968849601818489,0.21969811428097144,0.11372549019607843,0.1843137254901961,0.6509803921568628,0.000396728515625,0.1663440180759804,0.39053135160680935,0.3022487659658438,0.10980392156862745,0.25882352941176473,0.9019607843137255,0.01574249267578125,0.17349485509535845,0.4100392913706483,0.32341834399200686,0.11372549019607843,0.25882352941176473,0.9647058823529412,0.0269500732421875,0.09364639142496045,0.14112243543623623,0.28627450980392155,0.724144132289405,0.019507939763838952,0.34428580827686034
ISPY1_1077,10,0.4926544189453125,0.16376169242110908,0.2721723299267556,0.1736488024019595,0.11764705882352941,0.23529411764705882,0.43137254901960786,0.0095794677734375,0.14499939563227635,0.2274238296737066,0.17475863509069722,0.058823529411764705,0.19607843137254902,0.4117647058823529,0.00590972900390625,0.17143910725911457,0.27375979775899245,0.2218746600849714,0.058823529411764705,0.23529411764705882,0.5686274509803921,0.01711883544921875,-0.04474850025304894,0.21044464460966322,0.13725490196078433,0.3320841879853471,0.04633596808528581,0.31930200244214935
ISPY1_1078,10,0.6264678955078125,0.16278174306832108,0.3704676556853838,0.23388339994024956,0.12156862745098039,0.29411764705882354,0.7058823529411765,0.0006622314453125,0.2152862668504902,0.46950180132511016,0.2590426956186775,0.14901960784313725,0.45098039215686275,0.8196078431372549,0.0185943603515625,0.21730967802159926,0.48500220029351127,0.2820459937204009,0.14901960784313725,0.43529411764705883,0.8980392156862745,0.02663421630859375,0.09903414563972633,0.1162786975885472,0.2627450980392157,0.820206864435167,0.015500398968401158,0.339283817678249
ISPY1_1084,10,0.637005615234375,0.12390704585056678,0.316185380546717,0.12192655827624203,0.13725490196078433,0.3176470588235294,0.47058823529411764,0.0,0.19707183837890624,0.49125595961654045,0.2417221317424553,0.20392156862745098,0.45098039215686275,0.8745098039215686,0.0212615966796875,0.20356042600145527,0.5042625538100498,0.2462041941541159,0.20392156862745098,0.4627450980392157,0.8823529411764706,0.01900482177734375,0.17507057906982343,0.18602873378393606,0.4980392156862745,0.8939434701461167,0.013006594193509462,0.3958350848284095
ISPY1_1087,10,0.5134017944335938,0.13987275366689647,0.2440261029638496,0.13885533454205895,0.11764705882352941,0.20392156862745098,0.43529411764705883,0.00089263916015625,0.1960051353304994,0.3362809812523523,0.21460393851393805,0.13725490196078433,0.28627450980392155,0.615686274509804,0.0217071533203125,0.204028990502451,0.34610497814556507,0.21874531887599696,0.13725490196078433,0.28627450980392155,0.6470588235294118,0.023980712890625,0.09225487828850265,0.13371116731828267,0.2235294117647059,0.7998758219738662,0.009823996893212861,0.4195994317914562
ISPY1_1089,10,0.5707275390625,0.08959895713656557,0.18486939534956337,0.0838712572963442,0.11372549019607843,0.1607843137254902,0.27450980392156865,0.0,0.1821291276520374,0.34789057891256375,0.2796871331239271,0.10196078431372549,0.23137254901960785,0.8509803921568627,0.02610931396484375,0.18609271479587927,0.35222892432864633,0.2639484562431055,0.11372549019607843,0.2549019607843137,0.807843137254902,0.01539154052734375,0.16302118356300038,0.25742578727947524,0.6431372549019608,0.7061010635272706,0.004338345416082602,0.39652647443553435
ISPY1_1090,10,0.5399261474609375,0.16260766122855394,0.2964811831323932,0.1776920220492165,0.12941176470588237,0.23529411764705882,0.596078431372549,0.00032501220703125,0.19190868901271446,0.34553978373455685,0.24530362558211818,0.10588235294117647,0.26666666666666666,0.7411764705882353,0.01925201416015625,0.20680291269339768,0.37664662792622905,0.25908264470369285,0.12156862745098039,0.2980392156862745,0.8313725490196079,0.02918548583984375,0.049058600602163695,0.13027301852597556,0.20784313725490197,0.5889809428417918,0.031106844191672173,0.32858175739766643
ISPY1_1094,10,0.685894775390625,0.11995917825137867,0.3080689800743957,0.20800567992890004,0.11372549019607843,0.21568627450980393,0.6431372549019608,7.9345703125e-05,0.1615245205748315,0.41124112392950884,0.29606695137716055,0.11372549019607843,0.30980392156862746,0.8980392156862745,0.0197784423828125,0.17230086981081494,0.44287087277248116,0.3150944155001029,0.11764705882352941,0.3333333333333333,1.0,0.03324127197265625,0.10317214385511311,0.13808717414192778,0.2980392156862745,0.7762858752890426,0.031629748842972275,0.2638448982764316
ISPY1_1096,10,0.1485748291015625,0.20390608245251227,0.22908408296023297,0.1254343505448018,0.12156862745098039,0.19215686274509805,0.3686274509803922,0.00327911376953125,0.26618463852826285,0.2914969099523535,0.19420040972098673,0.11764705882352941,0.23921568627450981,0.5333333333333333,0.01876220703125,0.2781774303959865,0.305470236482557,0.21036082255600977,0.11764705882352941,0.24705882352941178,0.5843137254901961,0.0220855712890625,0.06241282699212053,0.15057511718328598,0.23137254901960785,0.6244430903779637,0.01397332653020347,0.44010107708023444
ISPY1_1097,10,0.502337646484375,0.1242689603917739,0.22184013897696392,0.09967794188929989,0.11372549019607843,0.19607843137254902,0.3607843137254902,0.00010833740234375,0.18980911554074756,0.33061562091262786,0.2005736689866479,0.1411764705882353,0.2784313725490196,0.592156862745098,0.01496124267578125,0.2155280019722733,0.3774988715576496,0.22311786382343088,0.1568627450980392,0.3215686274509804,0.7294117647058823,0.01883392333984375,0.108775481935664,0.15088067346948084,0.27450980392156865,0.8474097648920123,0.04688325064502174,0.2281939487594589
ISPY1_1099,10,0.7873199462890625,0.09437435972924327,0.2815460459771861,0.18998768007002467,0.10980392156862745,0.20392156862745098,0.592156862745098,4.2724609375e-05,0.1440169629863664,0.4286561040739781,0.2807947456788851,0.10980392156862745,0.3607843137254902,1.0,0.02257537841796875,0.1410896869734222,0.43270779893653805,0.2994064217676131,0.09411764705882353,0.3607843137254902,1.0,0.0274017333984375,0.14711005809679198,0.14822015338266134,0.34509803921568627,0.8098463216197214,0.004051694862559967,0.3936161053794608
ISPY1_1100,10,0.5393829345703125,0.14211440142463236,0.2537264515240621,0.16794640640002054,0.10196078431372549,0.20784313725490197,0.43137254901960786,0.00457000732421875,0.1908672317804075,0.3218114796851261,0.22139174018809163,0.08627450980392157,0.27450980392156865,0.6392156862745098,0.0151580810546875,0.1981638770009957,0.3367446836289092,0.23663677361389618,0.08627450980392157,0.27450980392156865,0.6705882352941176,0.02085723876953125,0.06808502816106402,0.1339475133541632,0.24313725490196078,0.6291118693477324,0.0149332039437831,0.37959386490873553
ISPY1_1101,10,0.6898361206054687,0.09907188265931373,0.24157025959708178,0.13868136391444283,0.10588235294117647,0.1843137254901961,0.4627450980392157,0.0,0.16564349006204043,0.40697501302003075,0.2808280097506073,0.12549019607843137,0.3058823529411765,0.8941176470588236,0.022406005859375,0.17814690085018384,0.4471668036916984,0.300653069818623,0.12549019607843137,0.3607843137254902,0.9803921568627451,0.02919921875,0.16540475342294894,0.19156170986897966,0.4666666666666667,0.8313810763077498,0.040191790671667664,0.32696082531030307
ISPY1_1102,10,0.57503662109375,0.12174177581188726,0.2408323913255303,0.11922874723263141,0.11764705882352941,0.21568627450980393,0.38823529411764707,9.918212890625e-05,0.18395092534083946,0.3601010271686878,0.20413873555069936,0.14901960784313725,0.30980392156862746,0.6431372549019608,0.00902557373046875,0.20449645397709865,0.4047235988584386,0.2141729145803036,0.16470588235294117,0.3568627450980392,0.7137254901960784,0.01220550537109375,0.11926863584315753,0.15893398526673244,0.3333333333333333,0.8081032947462155,0.044622571689750784,0.20460388360669865
ISPY1_1103,10,0.20318756103515623,0.23820470473345587,0.29250503967967434,0.09492432113645952,0.17647058823529413,0.2823529411764706,0.41568627450980394,0.0,0.32911926867915137,0.40503575584531315,0.19512061282068982,0.19215686274509805,0.36470588235294116,0.6784313725490196,0.01104583740234375,0.40429937624463846,0.49701732293552425,0.23790114050714273,0.22745098039215686,0.44313725490196076,0.8901960784313725,0.0424285888671875,0.11253071616563876,0.17427867510823525,0.3764705882352941,0.740032056744651,0.09198156709021116,0.15632546213225226
ISPY1_1104,10,0.5931625366210938,0.0888353115904565,0.20380059384278792,0.09813081435302748,0.12156862745098039,0.17647058823529413,0.3058823529411765,0.0,0.14349139045266546,0.3153311381373928,0.24933077812538312,0.12549019607843137,0.20784313725490197,0.7647058823529411,0.02065582275390625,0.14308310116038603,0.3128113179448995,0.2275161106870657,0.13333333333333333,0.2196078431372549,0.6862745098039216,0.01138458251953125,0.11153054429460486,0.1941317844286077,0.43529411764705883,0.6994767932489452,-0.0025198201924933124,0.4082137834036568
ISPY1_1107,10,0.4525711059570312,0.17026916503906248,0.2738416037721773,0.17426159529664292,0.11372549019607843,0.21176470588235294,0.5137254901960784,0.003265380859375,0.244625992120481,0.3707812897181071,0.22026037048081668,0.12941176470588237,0.3254901960784314,0.6823529411764706,0.01220245361328125,0.2360011500938266,0.36158760770191123,0.21820768119970477,0.12941176470588237,0.30980392156862746,0.6666666666666666,0.01387939453125,0.09693968594592979,0.17526910484613892,0.3254901960784314,0.7044232543489714,-0.009193682016195847,0.486078553251032
ISPY1_1112,10,0.5560989379882812,0.15483948352290133,0.2988340708643081,0.16651300189240734,0.12549019607843137,0.2549019607843137,0.5372549019607843,0.00119171142578125,0.2152194931927849,0.40298739642635323,0.22369558619834326,0.1411764705882353,0.37254901960784315,0.7176470588235294,0.0135894775390625,0.22950027765012257,0.4351425337163035,0.2403862217975962,0.14901960784313725,0.403921568627451,0.7764705882352941,0.01946563720703125,0.10415332556204511,0.15438059142342125,0.27450980392156865,0.7702971658388189,0.032155137289950265,0.3889795988518983
ISPY1_1114,10,0.5342849731445313,0.14097821403952204,0.24601654875723714,0.10980184124742555,0.10980392156862745,0.23529411764705882,0.39215686274509803,0.0,0.21077889835133273,0.37221529997794517,0.25176094057044407,0.09019607843137255,0.3176470588235294,0.7803921568627451,0.0116607666015625,0.24306234322342218,0.44147418169917935,0.3051655202380387,0.09019607843137255,0.37254901960784315,0.9725490196078431,0.0402679443359375,0.12619875122070806,0.19663338938443908,0.47058823529411764,0.7090045902670612,0.06925888172123418,0.3125247779405067
ISPY1_1117,10,0.7611724853515625,0.08207979688457415,0.24538917906829735,0.1720403343907945,0.10980392156862745,0.1803921568627451,0.5058823529411764,0.00147705078125,0.11509575937308517,0.34158521891487015,0.2668243497078649,0.10980392156862745,0.24313725490196078,0.8274509803921568,0.01514434814453125,0.12362639184091605,0.37759217820966023,0.2951997569999805,0.10980392156862745,0.25098039215686274,1.0,0.02460784912109375,0.0961960398465728,0.13465984934419495,0.30196078431372547,0.7465978353927344,0.03600695929479012,0.285692380429088
ISPY1_1120,10,0.6371307373046875,0.14321863511029412,0.3213273737231321,0.1935683419751888,0.12549019607843137,0.2627450980392157,0.6431372549019608,1.983642578125e-05,0.1880863623525582,0.4147425651224284,0.24695630198757165,0.14901960784313725,0.34509803921568627,0.807843137254902,0.01015472412109375,0.19847207462086397,0.444891942900536,0.2592395140469171,0.1568627450980392,0.3803921568627451,0.8823529411764706,0.020281982421875,0.09341519139929635,0.12340612001479591,0.24705882352941178,0.7840040368361297,0.030149377778107583,0.3306841596232286
ISPY1_1122,10,0.41029052734375004,0.1601925599341299,0.2468944202740609,0.11434942146536456,0.12941176470588237,0.22745098039215686,0.37254901960784315,0.0017333984375,0.22627026127833946,0.33803091130260715,0.2034038212552795,0.12941176470588237,0.30196078431372547,0.5843137254901961,0.0169097900390625,0.24391757740693934,0.36816414470733544,0.2193231894015169,0.1450980392156863,0.3254901960784314,0.6588235294117647,0.02532958984375,0.09113649102854622,0.1907692414187191,0.30980392156862746,0.7143311805253679,0.030133233404728305,0.28710747479765675
ISPY1_1124,10,0.5788650512695312,0.08697640213311887,0.18754757208233028,0.06606851756929004,0.11372549019607843,0.17254901960784313,0.2823529411764706,0.0,0.16741832059972425,0.333427239552862,0.23648815507963614,0.12156862745098039,0.26666666666666666,0.6901960784313725,0.01983642578125,0.1627786434397978,0.32156565780354784,0.23535669320621141,0.10196078431372549,0.2627450980392157,0.6549019607843137,0.015130615234375,0.14587966747053174,0.2139943987609486,0.49411764705882355,0.8246598670265766,-0.011861581749314157,0.5013025598289824
ISPY1_1125,10,0.7580642700195312,0.0752823175168505,0.28841652646047855,0.1405390372042978,0.12549019607843137,0.2627450980392157,0.4745098039215686,0.00041656494140625,0.11216173358992035,0.3921535732327682,0.24828964897823377,0.10980392156862745,0.34901960784313724,0.7607843137254902,0.00990447998046875,0.11679260852290134,0.4095196755502049,0.2552610961888917,0.11764705882352941,0.36470588235294116,0.796078431372549,0.0110748291015625,0.10373704677228969,0.18953717409495358,0.3803921568627451,0.6885560215698022,0.017366102317436703,0.39717448204093214
ISPY1_1127,10,0.6447998046875,0.13677992278454348,0.29944420410270095,0.21083474358971993,0.11764705882352941,0.22745098039215686,0.5843137254901961,0.00833892822265625,0.18481687657973345,0.4023946460844287,0.2717334102270572,0.10588235294117647,0.3333333333333333,0.8470588235294118,0.0261016845703125,0.18447418212890626,0.4033094384224238,0.2697848035802515,0.11764705882352941,0.3333333333333333,0.8823529411764706,0.0305572509765625,0.10295044198172774,0.14096082067531573,0.27450980392156865,0.7281857859646711,0.0009147923379950648,0.4531668843219465
ISPY1_1128,10,0.8457504272460937,0.09212444829005821,0.3990888246602344,0.2825535829703666,0.10980392156862745,0.2784313725490196,0.8392156862745098,0.00177001953125,0.11910363290824143,0.4932162864057473,0.3210909362866185,0.11764705882352941,0.38823529411764707,0.9647058823529412,0.012005615234375,0.12392750459558824,0.5331985656591871,0.33975007649043676,0.12549019607843137,0.43137254901960786,1.0,0.023077392578125,0.09412746174551292,0.12892858018806874,0.24705882352941178,0.7856443332113286,0.03998227925343985,0.21812462285708634
ISPY1_1130,10,0.5451400756835938,0.15982937681908702,0.2994370236244328,0.15397560450602527,0.12549019607843137,0.26666666666666666,0.5137254901960784,0.0001312255859375,0.26279622994217217,0.4689612744160721,0.24828249672307068,0.15294117647058825,0.4588235294117647,0.8470588235294118,0.02410430908203125,0.2568162446863511,0.4573283324608051,0.22949847533589146,0.15294117647058825,0.4588235294117647,0.7607843137254902,0.008343505859375,0.16952425079163927,0.22055291013882247,0.5333333333333333,0.8108434502863162,-0.011632941955266962,0.47682130313287285
ISPY1_1134,10,0.7282852172851563,0.1100842045802696,0.3068413887785011,0.20242289030084004,0.12156862745098039,0.23137254901960785,0.6235294117647059,0.00246429443359375,0.15147151573031556,0.4129845982341699,0.2723650893158412,0.13333333333333333,0.32941176470588235,0.8901960784313725,0.0172576904296875,0.15727264404296876,0.43208486678754815,0.2946274596160024,0.13333333333333333,0.32941176470588235,1.0,0.0272369384765625,0.10614320945566877,0.13008335803106524,0.2784313725490196,0.7981816241836122,0.0191002685533783,0.3560770703820386
ISPY1_1135,10,0.5705490112304688,0.13967825496897976,0.26331519514661555,0.17027962265711363,0.12156862745098039,0.20784313725490197,0.5254901960784314,0.00136566162109375,0.18492907954197305,0.34886789777823757,0.25157053583572014,0.12156862745098039,0.2549019607843137,0.792156862745098,0.018475341796875,0.19161665972541359,0.357263742889897,0.2594776824746094,0.12156862745098039,0.2549019607843137,0.8156862745098039,0.02172393798828125,0.08555270263162203,0.15233578671823692,0.2823529411764706,0.6744905754232621,0.008395845111659403,0.4198937625468564
ISPY1_1137,10,0.7264801025390625,0.11202156814874388,0.29372348624812594,0.2108939393937758,0.10588235294117647,0.22745098039215686,0.592156862745098,0.00542449951171875,0.15804133396522674,0.41289879603419577,0.26403360465050935,0.12156862745098039,0.34901960784313724,0.8470588235294118,0.018206787109375,0.15582898906632967,0.4132653697448051,0.2695162807275491,0.12156862745098039,0.34901960784313724,0.8784313725490196,0.02099609375,0.1191753097860698,0.12918975870716842,0.28627450980392155,0.8009472591964475,0.0003665737106093512,0.4430472960157095
ISPY1_1139,10,0.7109695434570312,0.07920894248812807,0.1831378490821624,0.0771643103209484,0.11372549019607843,0.1607843137254902,0.2901960784313726,0.0,0.18208957447725185,0.45599908243670606,0.29219909557827356,0.14901960784313725,0.3568627450980392,0.9686274509803922,0.0257598876953125,0.18208957447725185,0.45599908243670606,0.29219909557827356,0.14901960784313725,0.3568627450980392,0.9686274509803922,0.0257598876953125,0.2728612333545437,0.24875029876095556,0.6705882352941176,0.9410829958979828,0.0,0.0
ISPY1_1140,10,0.717608642578125,0.10069535797717526,0.2970892733863165,0.20720504938201106,0.11372549019607843,0.20392156862745098,0.6313725490196078,0.00109710693359375,0.13894369686351105,0.40792522684825544,0.28784734904841647,0.12549019607843137,0.2901960784313726,0.9098039215686274,0.0205535888671875,0.148477507946538,0.44398112066492146,0.30515361772981664,0.12549019607843137,0.32941176470588235,1.0,0.03056793212890625,0.11083595346193896,0.14691565198484158,0.35294117647058826,0.78889921542352,0.03605589381666601,0.26461624916247
ISPY1_1141,10,0.6324615478515625,0.09877907547296262,0.22906135194560243,0.11839272388689037,0.11764705882352941,0.19607843137254902,0.40784313725490196,8.544921875e-05,0.16705501182406557,0.384293390707053,0.25024389078966497,0.1568627450980392,0.30196078431372547,0.8509803921568627,0.02616424560546875,0.1714388858570772,0.39179365323577847,0.25110089199625574,0.16862745098039217,0.3058823529411765,0.8705882352941177,0.02636566162109375,0.1552320387614505,0.16888210116981128,0.4549019607843137,0.8945904429775398,0.007500262528725527,0.40809980487399844
ISPY1_1142,10,0.5093475341796875,0.13388895670572917,0.23657407830868404,0.10373563411351339,0.12549019607843137,0.2196078431372549,0.3607843137254902,0.0002349853515625,0.23735157686121325,0.41586268497335305,0.2180903427926983,0.1843137254901961,0.3686274509803922,0.7372549019607844,0.02040863037109375,0.259954008214614,0.46253122245682643,0.24147753018118667,0.2,0.403921568627451,0.8666666666666667,0.030914306640625,0.17928860666466903,0.17267868818842494,0.4117647058823529,0.9181692655043943,0.046668537483473334,0.2529777269136755
ISPY1_1144,10,0.6821075439453125,0.09942846560010722,0.23690971718302267,0.15727902654279624,0.10980392156862745,0.1803921568627451,0.4196078431372549,0.002642822265625,0.15130114387063417,0.34580489813020837,0.22697370246776602,0.12941176470588237,0.27450980392156865,0.6823529411764706,0.010870361328125,0.1674874578737745,0.3854523571406924,0.2547986442729112,0.12156862745098039,0.3176470588235294,0.803921568627451,0.0183746337890625,0.10889518094718567,0.15052527497742776,0.3137254901960784,0.7886422763447157,0.0396474590104841,0.30655581902137913
ISPY1_1145,10,0.5314193725585937,0.11348888920802697,0.2009762131295015,0.10400066253016914,0.10588235294117647,0.16862745098039217,0.32941176470588235,5.79833984375e-05,0.20720449410232844,0.37058849708192787,0.24708436017795737,0.13725490196078433,0.29411764705882354,0.7843137254901961,0.023114013671875,0.21840250651041665,0.3920992438865682,0.2629926607642402,0.1450980392156863,0.28627450980392155,0.8627450980392157,0.02877655029296875,0.1696122839524264,0.2073915538301676,0.5137254901960784,0.8439540328699497,0.021510746804640338,0.3557274926812748
ISPY1_1147,10,0.7207778930664063,0.09910344142539829,0.2622616927158423,0.17553963417374585,0.10196078431372549,0.17254901960784313,0.5529411764705883,0.0,0.14873022341260722,0.3973283589110404,0.29491110850450364,0.10196078431372549,0.28627450980392155,0.9294117647058824,0.0213714599609375,0.156026138604856,0.4213111948825084,0.3104193106995582,0.11372549019607843,0.2980392156862745,0.9882352941176471,0.02740631103515625,0.13506666619519808,0.16847246473593258,0.4235294117647059,0.7662398697203687,0.023982835971468008,0.32994518856118604
ISPY1_1148,10,0.2936355590820312,0.25216183531518077,0.3336794883899084,0.1647072170977146,0.12156862745098039,0.3215686274509804,0.5450980392156862,0.00064697265625,0.3585861325731465,0.4725258463134067,0.2583615831674556,0.0784313725490196,0.47843137254901963,0.8117647058823529,0.03086090087890625,0.1225068634631587,0.15364729483449013,0.11701660923508662,0.03137254901960784,0.13333333333333333,0.2901960784313726,0.00018463134765625,0.1388463579234983,0.16489947425554685,0.3568627450980392,0.7596511730892611,-0.3188785514789166,0.9328527638505756
ISPY1_1149,10,0.4418701171875,0.13945435168696385,0.2203366937956671,0.08499338022605286,0.12941176470588237,0.20392156862745098,0.3411764705882353,9.1552734375e-06,0.23606928208295036,0.37017308782574315,0.18328136707949091,0.19215686274509805,0.3254901960784314,0.6078431372549019,0.01109161376953125,0.25948982388365505,0.4110561719548062,0.21789300190557814,0.19215686274509805,0.35294117647058826,0.7411764705882353,0.02035675048828125,0.14983639403007604,0.13898963699328498,0.3254901960784314,0.9402530510476357,0.040883084129063024,0.2886165303355059
ISPY1_1151,10,0.483062744140625,0.13339747410194547,0.2209017477939874,0.10519187659425722,0.11372549019607843,0.19215686274509805,0.36470588235294116,1.373291015625e-05,0.23430075252757354,0.39431764960544696,0.2460327967456211,0.1607843137254902,0.3058823529411765,0.807843137254902,0.02828369140625,0.27024070590150123,0.4563503297298611,0.25886551660098733,0.19215686274509805,0.3686274509803922,0.9215686274509803,0.039630126953125,0.17341590181145958,0.1825328055754728,0.47843137254901963,0.9357695259460417,0.06203268012441413,0.11843379184131295
ISPY1_1152,10,0.78934326171875,0.0870526242723652,0.3325544223600085,0.2447883495087851,0.10588235294117647,0.22745098039215686,0.7372549019607844,0.00416107177734375,0.11569893631280638,0.38951741095116843,0.27381961123251175,0.12156862745098039,0.2980392156862745,0.8588235294117647,0.01376495361328125,0.11504904354319853,0.4078196741987054,0.2937607509849536,0.12156862745098039,0.2980392156862745,0.9647058823529412,0.0197235107421875,0.05696298859115994,0.09404735697756214,0.17647058823529413,0.6551182128991134,0.01830226324753695,0.30041432462189255
ISPY1_1155,10,0.6257492065429687,0.10080388087852328,0.19861288753868403,0.09844864213609437,0.10980392156862745,0.16862745098039217,0.32941176470588235,0.00013580322265625,0.19121890198950675,0.3862976376717712,0.2620302720303461,0.14901960784313725,0.2823529411764706,0.8745098039215686,0.02483673095703125,0.19860794366574755,0.40543558457105,0.2670913078847353,0.1450980392156863,0.30980392156862746,0.8823529411764706,0.025323486328125,0.18768475013308716,0.20937612950262968,0.5764705882352941,0.9298525292637879,0.019137946899278814,0.3470842218136006
ISPY1_1156,10,0.10133056640625004,0.3499896718941483,0.38566086413646944,0.20311734925396818,0.17254901960784313,0.32941176470588235,0.7019607843137254,0.0017333984375,0.3749535654105392,0.4123668189344769,0.18904532458295192,0.1843137254901961,0.39215686274509803,0.6823529411764706,0.00035247802734375,0.49665106679878984,0.5464681765070771,0.22220836858597096,0.26666666666666666,0.5254901960784314,0.8666666666666667,0.0497039794921875,0.026705954798007442,0.09878364017568211,0.1568627450980392,0.5824056968988984,0.1341013575726002,0.19445048153329983
ISPY1_1159,10,0.53929443359375,0.13393280627680762,0.24467325283628194,0.13745450974372259,0.12549019607843137,0.20784313725490197,0.40784313725490196,0.00188751220703125,0.2058081653071385,0.38195627473320476,0.2348461080012365,0.17647058823529413,0.30980392156862746,0.788235294117647,0.03108367919921875,0.2118569886450674,0.39640558377506957,0.2493082195407741,0.16862745098039217,0.3137254901960784,0.8705882352941177,0.035748291015625,0.13728302189692282,0.16286085656168142,0.3568627450980392,0.8732081820831457,0.014449309041864805,0.4204148008796799
ISPY1_1161,10,0.5393661499023438,0.1446191884957108,0.2688773027106967,0.17300017914604673,0.12156862745098039,0.20784313725490197,0.5098039215686274,0.0027008056640625,0.232046095904182,0.43237656754891923,0.2740447604402847,0.13725490196078433,0.33725490196078434,0.8705882352941177,0.023895263671875,0.24276367187499998,0.44888296784390624,0.27974937555580043,0.1450980392156863,0.35294117647058826,0.8941176470588236,0.02859954833984375,0.16349926483822252,0.1827685508515964,0.45098039215686275,0.8495069249141218,0.016506400294987032,0.400584998724663
ISPY1_1163,10,0.5287811279296875,0.1600721471449908,0.2983723645083677,0.15663956301079676,0.12941176470588237,0.27058823529411763,0.49019607843137253,0.00271148681640625,0.22829854927810966,0.41290332944373986,0.21345059013410284,0.16470588235294117,0.3843137254901961,0.6980392156862745,0.016436767578125,0.2364891321518842,0.43516648361577015,0.2279052691624953,0.16470588235294117,0.4,0.7607843137254902,0.0207672119140625,0.11453096493537218,0.15192990621152933,0.2901960784313726,0.810185934757689,0.022263154172030255,0.36815535363871277
ISPY1_1164,10,0.31821899414062504,0.23884656719132966,0.3315436961424141,0.13400772862878493,0.16862745098039217,0.3137254901960784,0.5019607843137255,0.00044403076171875,0.2964118149701287,0.412879496802884,0.17432415269035778,0.2196078431372549,0.396078431372549,0.6039215686274509,0.0192901611328125,0.309035997577742,0.4315970764911785,0.18323108510134975,0.2196078431372549,0.40784313725490196,0.6431372549019608,0.0204742431640625,0.0813358006604699,0.09661993070785241,0.17254901960784313,0.8506485949347824,0.018717579688294572,0.34408431286536617
ISPY1_1165,10,0.6610992431640625,0.06982849719477635,0.18014498196465464,0.06085650982645798,0.10980392156862745,0.17254901960784313,0.25098039215686274,0.0,0.1595200901405484,0.38687928404560984,0.283528679815975,0.10980392156862745,0.27450980392156865,0.8549019607843137,0.01138153076171875,0.14941893932866115,0.3669906831360472,0.2541325355576668,0.10980392156862745,0.2784313725490196,0.7686274509803922,0.00506744384765625,0.2067343020809552,0.2631952520952291,0.6392156862745098,0.7692996911329029,-0.019888600909562664,0.4958352468685559
ISPY1_1166,10,0.6343032836914062,0.11970978381587011,0.28599236525994465,0.16519055482232795,0.11764705882352941,0.24705882352941178,0.5098039215686274,0.00139923095703125,0.15456909778071384,0.35896167273441887,0.24522485963968726,0.11764705882352941,0.2901960784313726,0.7372549019607844,0.02034912109375,0.16308739755667892,0.38039721298198703,0.2535113881248195,0.11764705882352941,0.3176470588235294,0.807843137254902,0.02372589111328125,0.07296930747447417,0.14632516042098903,0.23921568627450981,0.68059733876318,0.021435540247568215,0.30597130136900563
ISPY1_1167,10,0.48433685302734375,0.14315983790977327,0.2554462772251779,0.14451662439646637,0.12549019607843137,0.21176470588235294,0.4470588235294118,0.00084686279296875,0.20910635555491727,0.3591514456320338,0.23278261424913194,0.1411764705882353,0.2901960784313726,0.7019607843137254,0.02534942626953125,0.21138637767118565,0.3612227537895568,0.23513329115154596,0.1411764705882353,0.2901960784313726,0.7215686274509804,0.0277191162109375,0.10370516840685585,0.15342215004690113,0.3058823529411765,0.7696489073665833,0.002071308157523022,0.451552767462161
ISPY1_1169,10,0.16856689453124996,0.4267348225911458,0.507248001460131,0.20535342602860765,0.2196078431372549,0.5176470588235295,0.7686274509803922,0.00093536376953125,0.47617228788488053,0.5653988688015325,0.21965100845831217,0.23921568627450981,0.592156862745098,0.8274509803921568,0.0242523193359375,0.5156221098058363,0.6122101868892791,0.21824388739153264,0.27058823529411763,0.6549019607843137,0.8627450980392157,0.0187103271484375,0.05815086734140148,0.1410398833075821,0.1607843137254902,0.655729250781812,0.04681131808774661,0.2103459793572257
ISPY1_1173,10,0.7768844604492188,0.07418652104396445,0.20085833007812107,0.08807323076729337,0.10980392156862745,0.1843137254901961,0.30196078431372547,9.1552734375e-06,0.17341164981617646,0.4779756294226132,0.3468618456388912,0.0784313725490196,0.40784313725490196,1.0,0.03027191162109375,0.17445009119370405,0.4781573849200331,0.35012140694131894,0.0784313725490196,0.403921568627451,1.0,0.030767822265625,0.27711729934449214,0.31462465683155266,0.7333333333333333,0.7497555070749071,0.00018175549741990068,0.4408737459051709
ISPY1_1174,10,0.5987274169921875,0.10823637120863971,0.21330346130497163,0.10369922923844138,0.11372549019607843,0.17647058823529413,0.34901960784313724,0.000177001953125,0.18867503446691175,0.3691911155171558,0.2622816794175315,0.12549019607843137,0.2823529411764706,0.8862745098039215,0.0337615966796875,0.19647737989238664,0.3888643037164519,0.27045953367633047,0.13725490196078433,0.29411764705882354,0.9607843137254902,0.037078857421875,0.15588765421218417,0.21475695987478918,0.5725490196078431,0.8208633421807148,0.019673188199296174,0.34072051654511026
ISPY1_1175,10,0.5857177734375,0.09764961392271752,0.17634742535118828,0.06458091025030592,0.11372549019607843,0.1568627450980392,0.27058823529411763,0.0,0.1708306884765625,0.30400008550771357,0.22136084776812084,0.1450980392156863,0.23529411764705882,0.615686274509804,0.02197418212890625,0.1866157980526195,0.3381524296323515,0.2280237639266073,0.1607843137254902,0.26666666666666666,0.7019607843137254,0.0254638671875,0.12765266015652535,0.18969758185835933,0.3803921568627451,0.8692505451116742,0.0341523441246379,0.2507255878366433
ISPY1_1176,10,0.411309814453125,0.1698869952033548,0.26268901957938207,0.14519516526670634,0.11764705882352941,0.22745098039215686,0.43529411764705883,0.00349273681640625,0.23363010182100183,0.3541781451152378,0.1967147423088771,0.1450980392156863,0.3176470588235294,0.6078431372549019,0.0126373291015625,0.2699522130629596,0.40960986793863224,0.21092293210725985,0.17254901960784313,0.37254901960784315,0.6980392156862745,0.0172271728515625,0.09148912553585575,0.13375806624481545,0.22745098039215686,0.7850385169671646,0.055431722823394425,0.2511767633306031
ISPY1_1177,10,0.7639633178710937,0.0903439390893076,0.234940162671744,0.1435457606860017,0.10196078431372549,0.18823529411764706,0.4392156862745098,9.46044921875e-05,0.12545872108609069,0.3338517676010018,0.2499069213843855,0.06274509803921569,0.27450980392156865,0.6980392156862745,0.00305023193359375,0.1227139342064951,0.33238691826826733,0.25123329742640255,0.06274509803921569,0.2627450980392157,0.6862745098039216,0.0056793212890625,0.0989116049292578,0.15401654962400171,0.3137254901960784,0.6570344368377842,-0.0014648493327345355,0.464900542378579
ISPY1_1179,10,0.39439697265624996,0.180087142645144,0.26344956901952093,0.13522662633045443,0.11764705882352941,0.23137254901960785,0.45098039215686275,0.00072021484375,0.25663685518152574,0.3453558785389546,0.2256944271817096,0.09411764705882353,0.30196078431372547,0.6431372549019608,0.0201934814453125,0.2938703110638787,0.39338937324541795,0.23686975528621002,0.11764705882352941,0.3568627450980392,0.7215686274509804,0.02651824951171875,0.08190630951943374,0.2005346689750588,0.34901960784313724,0.6247656769668017,0.04803349470646334,0.30047267743040856
ISPY1_1180,10,0.6993255615234375,0.08723162482766544,0.24718939654014357,0.14258217193681658,0.11764705882352941,0.19607843137254902,0.48627450980392156,1.983642578125e-05,0.13025108187806372,0.3611727490285635,0.23787390925852478,0.12941176470588237,0.28627450980392155,0.7372549019607844,0.01121978759765625,0.13450297037760417,0.3736083307212761,0.2453588444899535,0.13333333333333333,0.29411764705882354,0.7764705882352941,0.0132110595703125,0.11398335248841987,0.14776410564246106,0.3254901960784314,0.7990307028672926,0.012435581692712609,0.3906318193351941
ISPY1_1181,10,0.5576583862304687,0.11341716093175552,0.2014003408830425,0.08013218170358236,0.11372549019607843,0.1843137254901961,0.3176470588235294,0.0,0.19589834175857843,0.3424705383182963,0.2294142677496496,0.12156862745098039,0.2823529411764706,0.7098039215686275,0.01522064208984375,0.19897015739889706,0.3493297425561277,0.24223186038195052,0.12156862745098039,0.2823529411764706,0.7803921568627451,0.01912384033203125,0.14107019743525384,0.17877250996431376,0.42745098039215684,0.8375814524669447,0.006859204237831362,0.45684787145601996
ISPY1_1182,10,0.5305282592773437,0.1277253693225337,0.2509585329420598,0.13194670112497575,0.13333333333333333,0.2196078431372549,0.39215686274509803,0.0010467529296875,0.16923331466375613,0.32183566675671643,0.19563031171099668,0.15294117647058825,0.27058823529411763,0.5450980392156862,0.01739044189453125,0.174046355602788,0.33090866844051325,0.19842930509329718,0.15294117647058825,0.2784313725490196,0.5490196078431373,0.0180084228515625,0.07087713381465668,0.12428592491448334,0.21568627450980393,0.7550906319371541,0.009073001683796836,0.41132631072599807
ISPY1_1183,10,0.30121002197265623,0.21759034998276652,0.29142589140932174,0.1042263590592719,0.1411764705882353,0.2980392156862745,0.4235294117647059,2.44140625e-05,0.28069662056717215,0.37955314006404123,0.20167505635414987,0.16862745098039217,0.3411764705882353,0.6549019607843137,0.011907958984375,0.3377497055951287,0.45791535666627237,0.23245173228785676,0.2196078431372549,0.40784313725490196,0.8980392156862745,0.0530120849609375,0.08812724865471945,0.14926535245767156,0.2980392156862745,0.7660008865422451,0.07836221660223115,0.09393854034968196
ISPY1_1184,10,0.7263641357421875,0.0704011505725337,0.217678723527553,0.09792109764396563,0.11372549019607843,0.20392156862745098,0.3215686274509804,0.0,0.12416498520795037,0.3601370897993949,0.22879343562859847,0.12156862745098039,0.3058823529411765,0.7098039215686275,0.00768890380859375,0.11759090049594056,0.3470499670341565,0.20144763677566857,0.11372549019607843,0.3215686274509804,0.6352941176470588,0.00306243896484375,0.1424583662718419,0.1931679924858142,0.44313725490196076,0.8219929738470976,-0.013087122765238365,0.4154408074499526
ISPY1_1185,10,0.7096221923828125,0.1099862730736826,0.2931042320555089,0.21599291645207028,0.11372549019607843,0.22745098039215686,0.5568627450980392,0.00980224609375,0.1509616268382353,0.3694992541267224,0.260964912297808,0.12941176470588237,0.28627450980392155,0.9137254901960784,0.0267913818359375,0.1461146276137408,0.36762063024282765,0.2755845252092468,0.11372549019607843,0.28627450980392155,1.0,0.03068084716796875,0.07639502207121354,0.12986654159772656,0.24313725490196078,0.6536715326165778,-0.001878623883894763,0.4338052148689977
ISPY1_1187,10,0.3736373901367187,0.17397085152420344,0.25551564658526577,0.09436810530592983,0.13725490196078433,0.25882352941176473,0.35294117647058826,0.00019073486328125,0.28224337110332415,0.4061341257616439,0.20705127791261524,0.18823529411764706,0.35294117647058826,0.7176470588235294,0.01049652099609375,0.2992777805702359,0.43483491849088396,0.2225674657666682,0.20392156862745098,0.3803921568627451,0.7764705882352941,0.0241119384765625,0.15061847917637822,0.1958438625794694,0.4392156862745098,0.7436521451035706,0.028700792729240015,0.33597406045900907
ISPY1_1188,10,0.5341506958007812,0.16229267195159314,0.3061286431578583,0.15524173619778747,0.13333333333333333,0.28627450980392155,0.5058823529411764,0.001055908203125,0.22973593319163602,0.4194733301952975,0.2269129678761129,0.1411764705882353,0.396078431372549,0.7372549019607844,0.011981201171875,0.23506424249387253,0.4324540346143469,0.23997118150226318,0.1411764705882353,0.40784313725490196,0.7803921568627451,0.0172698974609375,0.11334468703743916,0.15053595736484043,0.3176470588235294,0.7719088500126106,0.012980704419049433,0.3757758787287217
ISPY1_1189,10,0.748370361328125,0.08622815898820466,0.27836619063178186,0.21513482536695888,0.11764705882352941,0.19215686274509805,0.6235294117647059,0.0028411865234375,0.114496322332644,0.3620920898497415,0.24662194312359803,0.1411764705882353,0.27058823529411763,0.7803921568627451,0.015618896484375,0.1198771936753217,0.3827975860099297,0.258272002959006,0.1607843137254902,0.28627450980392155,0.9058823529411765,0.0212493896484375,0.08372589921795967,0.07363578386306988,0.16862745098039217,0.9046923132898343,0.020705496160188186,0.2894765566255124
ISPY1_1191,10,0.541302490234375,0.14744315951478246,0.28291868901167105,0.1351320644426577,0.12941176470588237,0.26666666666666666,0.4588235294117647,0.000439453125,0.2571167829924939,0.48463129986070247,0.21938096509738833,0.20392156862745098,0.4666666666666667,0.7764705882352941,0.0169189453125,0.26870433134191174,0.5002800170006129,0.23712466645379943,0.19215686274509805,0.49019607843137253,0.8313725490196079,0.02202606201171875,0.20171261084903136,0.18246952846767403,0.43529411764705883,0.884558833313374,0.0156487171399104,0.45102324591167353
ISPY1_1192,10,0.5875320434570312,0.14895245121974574,0.3075912814860513,0.1741064435529551,0.13333333333333333,0.2627450980392157,0.5529411764705883,0.0020599365234375,0.18920313816444545,0.3829069716412914,0.23696554461188546,0.12549019607843137,0.3215686274509804,0.7529411764705882,0.01073455810546875,0.21512131634880516,0.4354251920326794,0.253288838366634,0.1411764705882353,0.38823529411764707,0.8352941176470589,0.0160064697265625,0.07531569015524009,0.13304511310846237,0.23921568627450981,0.6926733625584965,0.05251822039138797,0.34602223332038545
ISPY1_1193,10,0.9216354370117188,0.04577293246400122,0.13544336129217735,0.034197885598361566,0.10196078431372549,0.12549019607843137,0.1803921568627451,0.0,0.05902233048981312,0.17431963185803948,0.08126643497457677,0.10980392156862745,0.1450980392156863,0.2980392156862745,0.0,0.9553196925742954,0.9616683217477656,0.025550718252633012,0.9333333333333333,0.9607843137254902,1.0,0.039599609375,0.038876270565862105,0.07762414389035835,0.16470588235294117,0.7390034464629943,0.7873486898897262,0.0
ISPY1_1194,10,0.5802276611328125,0.1056724578259038,0.18384817267777043,0.05746429622407086,0.11764705882352941,0.17647058823529413,0.25882352941176473,0.0,0.23959633023131127,0.46057887120940955,0.29610665135874403,0.13725490196078433,0.3568627450980392,0.9607843137254902,0.0353668212890625,0.2549080343807445,0.49551564546255283,0.31117740646634084,0.12941176470588237,0.41568627450980394,0.9803921568627451,0.0398895263671875,0.2767306985316391,0.27586007876129914,0.7333333333333333,0.8661769089283248,0.03493677425314333,0.3638177839492261
ISPY1_1196,10,0.6332687377929688,0.11915141984528185,0.2717502607202463,0.12932963536248232,0.12156862745098039,0.2549019607843137,0.43529411764705883,0.00012664794921875,0.2081403066597733,0.47215218964623057,0.24057572933250507,0.14901960784313725,0.4823529411764706,0.792156862745098,0.01152801513671875,0.21398500330307904,0.47769992814947326,0.2436062250911123,0.1607843137254902,0.4823529411764706,0.8196078431372549,0.0130096435546875,0.20040192892598432,0.1735515695167913,0.42745098039215684,0.8728722939490141,0.005547738503242656,0.420956058267212
ISPY1_1197,10,0.6464691162109375,0.12161478080001532,0.27437090974332673,0.15487861428144986,0.11764705882352941,0.23529411764705882,0.48627450980392156,0.000628662109375,0.17880867752374388,0.40729654821054845,0.23262897815232975,0.1411764705882353,0.37254901960784315,0.7411764705882353,0.0105316162109375,0.18766231162875308,0.4313748170941733,0.24547440437071893,0.1450980392156863,0.4,0.792156862745098,0.01391448974609375,0.13292563846722166,0.15663833608081346,0.3176470588235294,0.8411800250334499,0.024078268883624927,0.36661487332211146
ISPY1_1198,10,0.37175750732421875,0.1965028949812347,0.29049886000911995,0.14341028469837386,0.13725490196078433,0.2627450980392157,0.47058823529411764,0.0021026611328125,0.254480255725337,0.3667959981855393,0.1855430475862274,0.17254901960784313,0.3333333333333333,0.6,0.011175537109375,0.2801526297774969,0.4081084580775051,0.2106051529881977,0.17647058823529413,0.3764705882352941,0.6941176470588235,0.02294921875,0.0762971381764194,0.11769701110075667,0.20392156862745098,0.7689574351812496,0.041312459891965775,0.31209423765863137
ISPY1_1199,10,0.4417221069335937,0.16485345578661154,0.2650610414853584,0.13531246893279641,0.12941176470588237,0.23529411764705882,0.42745098039215684,0.0024017333984375,0.2678846291934743,0.43695156623242726,0.20339724434680015,0.21568627450980393,0.396078431372549,0.7176470588235294,0.01790008544921875,0.27464259128944546,0.44733938804330636,0.2145168560633681,0.2235294117647059,0.403921568627451,0.7764705882352941,0.0242340087890625,0.17189052474706884,0.15098779652295313,0.3686274509803922,0.9222954413143358,0.010387821810879088,0.4275171985907678
ISPY1_1201,10,0.13167114257812496,0.35475112017463234,0.40300721496187025,0.1937024903774851,0.17647058823529413,0.3686274509803922,0.6901960784313725,0.00127105712890625,0.44413924871706495,0.5020850535523029,0.20673469683491197,0.24705882352941178,0.47843137254901963,0.8156862745098039,0.014599609375,0.4573692172181373,0.5168367693608966,0.2224999342372841,0.23137254901960785,0.5019607843137255,0.8470588235294118,0.026141357421875,0.09907783859043276,0.11963847853713266,0.19607843137254902,0.8764137150569,0.014751715808593536,0.4186353827662072
ISPY1_1202,10,0.38210906982421877,0.23272523767807907,0.35456395463275187,0.23277478078892416,0.1411764705882353,0.2627450980392157,0.7490196078431373,0.006878662109375,0.26784313127106313,0.40486540982900876,0.23472788425016425,0.16862745098039217,0.3254901960784314,0.792156862745098,0.01157073974609375,0.2823176664464614,0.42725592898040676,0.23447197523870483,0.17254901960784313,0.3607843137254902,0.803921568627451,0.0110260009765625,0.05030145519625687,0.07088117714194575,0.10980392156862745,0.8253844387207026,0.02239051915139804,0.32897385051155603
ISPY1_1203,10,0.4756515502929688,0.1419496124865962,0.23747853625979126,0.09923923684326001,0.12549019607843137,0.21568627450980393,0.3803921568627451,0.0,0.24567879471124388,0.4162135180608676,0.21462089460405928,0.20392156862745098,0.36470588235294116,0.7215686274509804,0.02971343994140625,0.23582105449601715,0.3990233309921715,0.23160263740979767,0.17254901960784313,0.3411764705882353,0.792156862745098,0.03250274658203125,0.17873498180107636,0.15829266758625196,0.4,0.94093476546472,-0.017190187068696006,0.5508341651219164
ISPY1_1204,10,0.7566482543945312,0.08257011263978248,0.2656524827220505,0.2004275054747765,0.11764705882352941,0.1843137254901961,0.6470588235294118,0.00045928955078125,0.10292997472426471,0.32657153328654,0.25416922949750964,0.13333333333333333,0.2196078431372549,0.8313725490196079,0.01123504638671875,0.11070310106464461,0.353045041496217,0.27524794320541,0.1411764705882353,0.23529411764705882,0.9568627450980393,0.02219390869140625,0.06091905056448945,0.09189540401928425,0.17647058823529413,0.7499043785231028,0.02647350820967703,0.2789889831518093
ISPY1_1205,10,0.6792129516601563,0.07629626105813418,0.2003003232392081,0.07640305684567565,0.11372549019607843,0.1843137254901961,0.30980392156862746,0.0,0.1724740660424326,0.42530340808117606,0.27071317403424155,0.12549019607843137,0.36470588235294116,0.8705882352941177,0.01456146240234375,0.17490914737477023,0.4220672852765786,0.27060862151137566,0.12549019607843137,0.3568627450980392,0.8627450980392157,0.01132354736328125,0.22500308484196793,0.22727068123484057,0.596078431372549,0.8689441614224354,-0.0032361228045974825,0.4774224543478364
ISPY1_1207,10,0.7380172729492187,0.09979162477979472,0.32054080110840794,0.21976939833024417,0.11764705882352941,0.24705882352941178,0.6470588235294118,0.0055084228515625,0.13194197112438724,0.41865045716002675,0.2622862267768786,0.1450980392156863,0.3254901960784314,0.8627450980392157,0.014892578125,0.1305616730334712,0.41841147611508595,0.2664179846065477,0.1450980392156863,0.33725490196078434,0.8745098039215686,0.01928863525390625,0.09810965605161881,0.11700947995646006,0.2627450980392157,0.7832876121915279,-0.0002389810449407932,0.43846866208872814
ISPY1_1208,10,0.43025970458984375,0.1480953321269914,0.23508401016981106,0.11731796319747544,0.12549019607843137,0.20392156862745098,0.39215686274509803,3.204345703125e-05,0.2365575812844669,0.3755509465995646,0.20754950276503575,0.1843137254901961,0.3137254901960784,0.6784313725490196,0.0187225341796875,0.2539409143784467,0.4049187730584554,0.2270268475157976,0.18823529411764706,0.3333333333333333,0.7686274509803922,0.0255859375,0.14046693642975355,0.15311820405390408,0.34509803921568627,0.9052773946462767,0.029367826458890797,0.30493190674504866
ISPY1_1209,10,0.609259033203125,0.14229584937002146,0.31322545482055114,0.14100426050455953,0.13725490196078433,0.3058823529411765,0.49411764705882355,0.000164794921875,0.23197836483226103,0.5052000034303542,0.2289200955108794,0.19215686274509805,0.5058823529411764,0.8156862745098039,0.014874267578125,0.24587620753867953,0.5422400182053796,0.24506536354007133,0.2,0.5490196078431373,0.8862745098039215,0.0199859619140625,0.19197454860980304,0.16818237838987946,0.4,0.8798130242584232,0.03704001477502543,0.357878129930177
ISPY1_1212,10,0.7571868896484375,0.06939058191636029,0.2498280724971444,0.1050946102063755,0.12549019607843137,0.23921568627450981,0.3843137254901961,0.0,0.12814758300781248,0.4023583874572892,0.2449793764363207,0.16862745098039217,0.3215686274509804,0.8235294117647058,0.010406494140625,0.12017237644569546,0.38723500208856243,0.2090389911293647,0.15294117647058825,0.3411764705882353,0.7019607843137254,0.00276641845703125,0.1525303149601448,0.20861079075116515,0.49019607843137253,0.8066737887261987,-0.015123385368726766,0.425589140953937
ISPY1_1215,10,0.7115081787109375,0.06719551236021752,0.20056092042139864,0.07682479006530538,0.11764705882352941,0.18823529411764706,0.30196078431372547,0.0,0.14306840485217523,0.37999376916412425,0.22640360641736837,0.13725490196078433,0.33725490196078434,0.7098039215686275,0.005535888671875,0.13848125382965687,0.374574062009262,0.22183424394463183,0.12941176470588237,0.33725490196078434,0.6980392156862745,0.00435791015625,0.1794328487427256,0.20106325859385615,0.4823529411764706,0.8491796515502523,-0.005419707154862199,0.40469465689230216
ISPY1_1217,10,0.6506454467773437,0.1321672506893382,0.3042113189940602,0.16257063546564465,0.12156862745098039,0.27450980392156865,0.5254901960784314,0.00068511962890625,0.18427941415824142,0.4091327417742986,0.24311471852773867,0.10588235294117647,0.3843137254901961,0.7411764705882353,0.00906219482421875,0.20846777822457108,0.48357362154044287,0.27553838153791366,0.12156862745098039,0.47058823529411764,0.8941176470588236,0.0231658935546875,0.10492142278023839,0.1897202448425344,0.3568627450980392,0.6901067031224749,0.07444087976614432,0.3137106742431853
ISPY1_1218,10,0.1501052856445313,0.29201780431410845,0.33416836531933,0.12595900967899548,0.15294117647058825,0.3411764705882353,0.49019607843137253,4.2724609375e-05,0.34751215916053924,0.3934951627166854,0.1857137680507823,0.17647058823529413,0.3843137254901961,0.596078431372549,0.02162628173828125,0.39788242714077815,0.44944577683493653,0.20485518787299953,0.21176470588235294,0.4235294117647059,0.7215686274509804,0.0318023681640625,0.059326797397355385,0.12132294301424978,0.1607843137254902,0.7065317502921972,0.05595061411825115,0.1666268692087966
ISPY1_1219,10,0.614404296875,0.12052493824678309,0.25817375734642345,0.12764656956434894,0.11372549019607843,0.23921568627450981,0.43529411764705883,3.204345703125e-05,0.18055595248353246,0.37701871460246755,0.2423444462135801,0.13725490196078433,0.3058823529411765,0.7529411764705882,0.021484375,0.19413279813878678,0.41635494801947626,0.27082099321396375,0.13725490196078433,0.32941176470588235,0.9058823529411765,0.03014678955078125,0.11884495725604412,0.15764337652317806,0.34901960784313724,0.8603544067367355,0.0393362334170087,0.2284728377865012
ISPY1_1222,10,0.8743759155273437,0.0681759583716299,0.40426123880299486,0.24211176842996188,0.13333333333333333,0.3411764705882353,0.7568627450980392,0.0004730224609375,0.09089922138288908,0.5087277515677773,0.31426696349087674,0.1450980392156863,0.42745098039215684,1.0,0.018756103515625,0.09599556118834253,0.5530280112385052,0.32615475855944853,0.1568627450980392,0.48627450980392156,1.0,0.0261993408203125,0.10446651276478235,0.13034059957334157,0.2901960784313726,0.794956819589695,0.044300259670728086,0.16089105904359338
ISPY1_1223,10,0.660577392578125,0.11362563189338235,0.26707115710285845,0.20096207399696994,0.12156862745098039,0.18823529411764706,0.5333333333333333,0.0083221435546875,0.13976190305223654,0.3229369736062233,0.22403175163773595,0.12941176470588237,0.24705882352941178,0.6470588235294118,0.0140869140625,0.14425239114200367,0.335317864535899,0.24105150032208,0.12941176470588237,0.24705882352941178,0.7137254901960784,0.01714324951171875,0.05586581650336494,0.08283481180995145,0.1568627450980392,0.7246093398788009,0.012380890929675713,0.38345381309453164
ISPY1_1224,10,0.20082855224609375,0.3653198361864277,0.44949196388977647,0.23549576374662531,0.1607843137254902,0.40784313725490196,0.7803921568627451,0.00373382568359375,0.3972823797487745,0.48493109298249654,0.24254205872225434,0.18823529411764706,0.4588235294117647,0.8156862745098039,0.01156768798828125,0.4217083919749541,0.5150430225455848,0.24150949548891232,0.20784313725490197,0.49411764705882355,0.8392156862745098,0.0118621826171875,0.03543912909272006,0.11599120903507602,0.11372549019607843,0.5829764484625152,0.030111929563088162,0.26779826060391987
ISPY1_1225,10,0.4558807373046875,0.17860285740272672,0.29210342689940016,0.13049093304688605,0.13725490196078433,0.27058823529411763,0.47058823529411764,1.068115234375e-05,0.2608581782322304,0.4309719946240834,0.19224103068697393,0.19607843137254902,0.40784313725490196,0.6862745098039216,0.0093109130859375,0.2774545347924326,0.4630679785557189,0.22428288189442763,0.1843137254901961,0.43529411764705883,0.792156862745098,0.0231781005859375,0.13886856772468323,0.11025498279068538,0.2784313725490196,0.9259550076557653,0.03209598393163555,0.3450086092306657
ISPY1_1226,10,0.8476806640625,0.06976742613549325,0.32852581327450037,0.21936234870927496,0.13333333333333333,0.24705882352941178,0.6784313725490196,0.0027069091796875,0.0970069855334712,0.43862130683336004,0.2565387170244111,0.16862745098039217,0.3568627450980392,0.8862745098039215,0.010064697265625,0.10140702191521139,0.4712017857311221,0.2802872837049024,0.16862745098039217,0.3764705882352941,1.0,0.016046142578125,0.11009549355885967,0.11026312431550259,0.24705882352941178,0.8462393813111075,0.03258047889776202,0.23261941016188492
ISPY1_1227,10,0.828155517578125,0.07293715533088235,0.2578187972045504,0.17661444480493596,0.11764705882352941,0.20392156862745098,0.4745098039215686,0.00047760009765625,0.10076929428998162,0.37465295406033133,0.22991824400212246,0.1450980392156863,0.3215686274509804,0.6980392156862745,0.00776824951171875,0.10163273231655943,0.38260619609235985,0.25500952858599096,0.13725490196078433,0.30980392156862746,0.8235294117647058,0.01305389404296875,0.11683415685578084,0.12721508483531918,0.2823529411764706,0.8275261942816551,0.007953242032028582,0.45491919730065705
ISPY1_1228,10,0.4495025634765625,0.1433157647824755,0.24237787449793402,0.1376091513738301,0.12941176470588237,0.20392156862745098,0.38823529411764707,0.00227508544921875,0.18513150682636337,0.31035914396248504,0.19350904207960273,0.1568627450980392,0.25098039215686274,0.5450980392156862,0.0151611328125,0.19427943210975798,0.3238425620210665,0.2022035652887009,0.1568627450980392,0.2627450980392157,0.5803921568627451,0.0192626953125,0.06798126946455099,0.11040647502240601,0.1803921568627451,0.7930976178992943,0.013483418058581458,0.38544074683874113
ISPY1_1229,10,0.8763473510742188,0.0677998441808364,0.4115631034673825,0.26115176031101794,0.12549019607843137,0.3254901960784314,0.788235294117647,0.0003997802734375,0.0883795166015625,0.5205913445008297,0.34134658316600475,0.1411764705882353,0.4235294117647059,1.0,0.0243743896484375,0.09295675838694853,0.5580038360593937,0.35130561455402426,0.1411764705882353,0.47843137254901963,1.0,0.03257904052734375,0.10902824103344708,0.12474238324112968,0.2823529411764706,0.7912064859261818,0.03741249155856427,0.17736342658291893
ISPY1_1230,10,0.10152893066406254,0.4791450051700368,0.5308714021967823,0.18936554759633872,0.2627450980392157,0.5450980392156862,0.7725490196078432,0.000714111328125,0.5908481971890318,0.6532011571658428,0.18242935102702945,0.40784313725490196,0.6705882352941176,0.8745098039215686,0.0328826904296875,0.6266539988798253,0.6925102103162306,0.16963044541970143,0.4666666666666667,0.7098039215686275,0.8941176470588236,0.0257476806640625,0.12232975496906053,0.19424939229156726,0.4196078431372549,0.785053887252854,0.0393090531503878,0.1708835607365214
ISPY1_1231,10,0.79495849609375,0.08297245998008577,0.3123705271833089,0.21246025088712397,0.12941176470588237,0.21176470588235294,0.6549019607843137,0.0003875732421875,0.11096759272556678,0.41488431057366687,0.3072584683407677,0.12941176470588237,0.2627450980392157,1.0,0.02213592529296875,0.12131026324103861,0.4605607969210188,0.3241830723392475,0.14901960784313725,0.30980392156862746,1.0,0.0347808837890625,0.10251378339035798,0.14458510520260576,0.34509803921568627,0.7315592070012502,0.04567648634735194,0.13750967434660952
ISPY1_1233,10,0.3296249389648438,0.279950776941636,0.40199515428484106,0.20403907189233475,0.20392156862745098,0.3176470588235294,0.7215686274509804,0.0019287109375,0.3204604982862285,0.4581580614318715,0.21490934744157605,0.23137254901960785,0.4,0.7803921568627451,0.00958099365234375,0.34517833634918815,0.49267141258796066,0.2112377883347538,0.2549019607843137,0.4549019607843137,0.807843137254902,0.00643463134765625,0.056162907147030414,0.14468383051730838,0.17254901960784313,0.6698707370424071,0.03451335115608917,0.20392546040966275
ISPY1_1235,10,0.2716522216796875,0.25238575654871326,0.3271575179419179,0.16582173804399972,0.12549019607843137,0.2980392156862745,0.5764705882352941,3.0517578125e-06,0.29595226811427694,0.3758567407018534,0.21616102283211572,0.13333333333333333,0.33725490196078434,0.6509803921568628,0.02699432373046875,0.3224867218615962,0.4099641264336795,0.21743121986131048,0.16470588235294117,0.37254901960784315,0.6862745098039216,0.02593536376953125,0.048699222759935476,0.16504990158029498,0.1803921568627451,0.5191083736618273,0.03410738573182609,0.22002178786164708
ISPY1_1236,10,0.05553588867187498,0.32506493661917896,0.34235145102043374,0.1595649668044982,0.2,0.29411764705882354,0.5607843137254902,0.00526123046875,0.3964789177389706,0.4173311482780018,0.16090990914351475,0.2549019607843137,0.3803921568627451,0.6392156862745098,0.00830078125,0.4566836368336397,0.48082897785813133,0.1702927755519025,0.2901960784313726,0.45098039215686275,0.7176470588235294,0.01388397216796875,0.07497969725756802,0.078623454461841,0.14901960784313725,0.8992203100664982,0.06349782958012953,0.09117654661660451
ISPY1_1237,10,0.3000076293945313,0.292356980267693,0.39736231218395107,0.12713363196366878,0.27058823529411763,0.3843137254901961,0.5529411764705883,0.00031890869140625,0.34452396766812193,0.4690035179799434,0.17858950292935966,0.2980392156862745,0.4392156862745098,0.7098039215686275,0.016424560546875,0.38644096224915747,0.5284209327735306,0.19229886897862433,0.3176470588235294,0.5137254901960784,0.7843137254901961,0.024737548828125,0.07164120579599238,0.11933485031740707,0.16862745098039217,0.7572801566004791,0.059417414793587156,0.17326979794963238
ISPY1_1238,10,0.3656158447265625,0.18304427801393994,0.2698697982620589,0.10781462649766452,0.1411764705882353,0.25882352941176473,0.40784313725490196,3.0517578125e-05,0.22533043954886645,0.3321983092214637,0.18530748399724986,0.1568627450980392,0.2980392156862745,0.5058823529411764,0.0243408203125,0.23966997931985295,0.3533864478322899,0.19155934538467148,0.16470588235294117,0.3176470588235294,0.5529411764705883,0.02484893798828125,0.06232851095940481,0.12558675782222378,0.13725490196078433,0.7709248346361997,0.02118813861082617,0.2621455201443175
ISPY1_1239,10,0.823907470703125,0.07154884487974877,0.31666160346499694,0.2492536663221116,0.10588235294117647,0.20784313725490197,0.7490196078431373,0.00418548583984375,0.09876137527765012,0.37793643609050154,0.27524998223713826,0.12549019607843137,0.27058823529411763,0.9176470588235294,0.0137939453125,0.09976202871285234,0.4076892702940939,0.2891490868410177,0.1450980392156863,0.2901960784313726,1.0,0.019244384765625,0.06127483262550453,0.09153597495262676,0.16862745098039217,0.7153218259332432,0.02975283420359236,0.19327752937506498
ISPY2-100899,10,0.6189041137695312,0.12068180458218443,0.2737861771202445,0.1815093842045799,0.11372549019607843,0.19607843137254902,0.5568627450980392,0.00146942138671875,0.17216269100413603,0.36880970017283604,0.21973743748290428,0.1568627450980392,0.28627450980392155,0.6980392156862745,0.00899810791015625,0.20214493097043504,0.43174142816823236,0.24222362266296876,0.18823529411764706,0.34901960784313724,0.8117647058823529,0.01710205078125,0.09502352305259154,0.09724991111340708,0.20392156862745098,0.8944005125022522,0.06293172799539629,0.14418129767171828
ISPY2-102011,10,0.5423721313476563,0.185989990234375,0.394477250473196,0.14424379210420757,0.25098039215686274,0.34509803921568627,0.6274509803921569,6.256103515625e-05,0.2355800733379289,0.5004148093346124,0.19847008549423556,0.30196078431372547,0.43137254901960786,0.8117647058823529,0.01020355224609375,0.24405228558708641,0.5169434906211718,0.2116760252679841,0.30196078431372547,0.44313725490196076,0.8470588235294118,0.01881103515625,0.10593755886141647,0.1010010663000474,0.23529411764705882,0.9007472216757638,0.016528681286559457,0.39088596283564125
ISPY2-103693,10,0.4722702026367187,0.12991677078546263,0.2234896351464747,0.08512315265256848,0.11764705882352941,0.21568627450980393,0.3411764705882353,0.0,0.2863653803806679,0.4894115787490582,0.27200959841655054,0.15294117647058825,0.4549019607843137,0.9058823529411765,0.02511444091796875,0.2679933914483762,0.4595832310712536,0.22679174516569242,0.17254901960784313,0.4470588235294118,0.788235294117647,0.0040252685546875,0.2659219436025835,0.23199000938504785,0.6196078431372549,0.9142815011001784,-0.02982834767780463,0.4942157506223743
ISPY2-104384,10,0.6078506469726562,0.1281219482421875,0.3019299457104777,0.15406846218063755,0.12156862745098039,0.2784313725490196,0.5098039215686274,3.814697265625e-05,0.1698344092275582,0.3964468924079891,0.22591488290268547,0.15294117647058825,0.3568627450980392,0.7215686274509804,0.014422607421875,0.1960599592620251,0.45557938769732,0.24322079116313466,0.18823529411764706,0.4117647058823529,0.8509803921568627,0.024884033203125,0.09451694669751137,0.12967556314806758,0.24705882352941178,0.8397386760259767,0.05913249528933087,0.11580200701170043
ISPY2-105286,10,0.47506103515625,0.16866871553308824,0.29245491536614177,0.18142852361472184,0.13333333333333333,0.24313725490196078,0.5098039215686274,0.00787200927734375,0.21029043758616728,0.33779012453759494,0.18840555653456995,0.16470588235294117,0.2901960784313726,0.5647058823529412,0.0118804931640625,0.21502846512140011,0.35260549537583563,0.20326329126649373,0.16470588235294117,0.2980392156862745,0.615686274509804,0.01737518310546875,0.04533520917145315,0.07907150037225845,0.11764705882352941,0.8012580517638305,0.014815370838240652,0.28923563472315883
ISPY2-105513,10,0.4701644897460937,0.19439673330269608,0.3361838010901083,0.16861475936607398,0.13333333333333333,0.3137254901960784,0.5411764705882353,0.00180816650390625,0.25665359796262255,0.4164493152956062,0.20202178410293214,0.17647058823529413,0.39215686274509803,0.6627450980392157,0.01171722412109375,0.2605551207299326,0.4312404684135075,0.21838787453563605,0.17647058823529413,0.4,0.7098039215686275,0.020367431640625,0.08026551420549788,0.08499563805467987,0.1568627450980392,0.9261619719323912,0.014791153117901338,0.34688811259298513
ISPY2-108939,10,0.5118301391601563,0.15917476280062806,0.3030040002385348,0.15979783199252745,0.12549019607843137,0.2823529411764706,0.4980392156862745,0.00198822021484375,0.24525909423828124,0.46851777522531646,0.2397209906708597,0.16470588235294117,0.4470588235294118,0.8313725490196079,0.0179656982421875,0.2407339058670343,0.45869380619120403,0.2302160883366117,0.1607843137254902,0.45098039215686275,0.788235294117647,0.01103057861328125,0.1655137749867816,0.1870243362694239,0.4588235294117647,0.8560452853307161,-0.009823969034112378,0.4801751649595064
ISPY2-109623,10,0.5769088745117188,0.1409999054553462,0.3094321973064806,0.13112517086721315,0.13333333333333333,0.3137254901960784,0.47058823529411764,0.0,0.20795848173253678,0.4553733093550465,0.234883387968112,0.18823529411764706,0.41568627450980394,0.8392156862745098,0.01827545166015625,0.2212451411228554,0.47881332230450935,0.20364770233071103,0.22745098039215686,0.4666666666666667,0.7725490196078432,0.00694427490234375,0.14594111204856586,0.17860939528638484,0.4470588235294118,0.8552314111880899,0.02344001294946294,0.3471835024181595
ISPY2-109874,10,0.621917724609375,0.10587371826171875,0.258034910792148,0.12403376975561643,0.12549019607843137,0.2196078431372549,0.4470588235294118,0.0,0.16124766031901042,0.39133464379375127,0.2261302582703455,0.16862745098039217,0.3176470588235294,0.7137254901960784,0.01374053955078125,0.17565578685087316,0.42892735332893345,0.22951722677606556,0.19215686274509805,0.3607843137254902,0.7607843137254902,0.0138214111328125,0.13329973300160325,0.17059259249024636,0.3803921568627451,0.843897812575672,0.03759270953518223,0.3194850270401162
ISPY2-109980,10,0.594744873046875,0.10703913071576286,0.22479721650547052,0.1386839303831996,0.11372549019607843,0.16862745098039217,0.4549019607843137,1.52587890625e-05,0.16149231555415133,0.32928289046841536,0.22594868466019227,0.1411764705882353,0.24313725490196078,0.6509803921568628,0.01782073974609375,0.1930782003963695,0.380314342102038,0.24838841898799247,0.16470588235294117,0.2823529411764706,0.807843137254902,0.02790069580078125,0.10448567396294482,0.11998198552005293,0.26666666666666666,0.896279199361417,0.05103145163362271,0.2011273099688239
ISPY2-111004,10,0.7912734985351563,0.07348567588656557,0.26180933529482,0.162376948035532,0.10980392156862745,0.21568627450980393,0.4627450980392157,0.00041656494140625,0.11899966370825674,0.4236380933787497,0.27831058344623766,0.14901960784313725,0.3176470588235294,0.9254901960784314,0.0147674560546875,0.13437269023820464,0.46946693116061844,0.279075935558554,0.16862745098039217,0.3803921568627451,0.9411764705882353,0.0155517578125,0.16182875808392966,0.17021538386191032,0.4627450980392157,0.958973909102207,0.04582883778186875,0.13065187037158876
ISPY2-111344,10,0.525537109375,0.11774841906977634,0.22336201512610807,0.10475876736381187,0.11764705882352941,0.18823529411764706,0.3843137254901961,0.0,0.19831884047564338,0.3617236796437212,0.29069492042729944,0.09803921568627451,0.23137254901960785,0.8823529411764706,0.02553253173828125,0.19745181812959559,0.35299417132294925,0.2683963849848348,0.09803921568627451,0.23921568627450981,0.803921568627451,0.01400604248046875,0.13836166451761314,0.24499967547095092,0.5725490196078431,0.6366998559226099,-0.008729508320771963,0.4362200267572296
ISPY2-111646,10,0.6279205322265625,0.09488146613625918,0.21964597392150267,0.1562126406760028,0.10980392156862745,0.16862745098039217,0.396078431372549,0.0021209716796875,0.14468992943857228,0.3170460044454287,0.2020335091151954,0.15294117647058825,0.25882352941176473,0.5803921568627451,0.01232147216796875,0.16267860562193626,0.35469331093411094,0.2204455275476943,0.16862745098039217,0.28627450980392155,0.6823529411764706,0.01842041015625,0.09740003052392598,0.10736993037853787,0.20784313725490197,0.8782633301345931,0.03764730648868227,0.2752885017593071
ISPY2-111674,10,0.7345016479492188,0.09539238424862133,0.2993572235356323,0.16454167204277972,0.12549019607843137,0.2549019607843137,0.5411764705882353,1.678466796875e-05,0.14294913497625614,0.4290126255275756,0.2354322236587407,0.13333333333333333,0.40784313725490196,0.7529411764705882,0.005810546875,0.14640985227098652,0.4505417548893958,0.2450873025099166,0.13333333333333333,0.43529411764705883,0.788235294117647,0.0111358642578125,0.12965540199194328,0.1915784974643614,0.45098039215686275,0.7515129571199504,0.02152912936182019,0.3790582596251659
ISPY2-111881,10,0.7206832885742187,0.10274122051164215,0.3111949041223783,0.17167939747877592,0.11764705882352941,0.26666666666666666,0.5764705882352941,0.0,0.17216806449142158,0.49902015948879264,0.28123472294540625,0.12941176470588237,0.49019607843137253,0.9176470588235294,0.0195220947265625,0.1770845001819087,0.5135282688406004,0.28592146515638495,0.13725490196078433,0.4980392156862745,0.9725490196078431,0.024639892578125,0.18782525536641428,0.19727999097457655,0.4470588235294118,0.8337202886595685,0.014508109351807786,0.4098157364260624
ISPY2-114087,10,0.5977386474609375,0.10256972369025735,0.21878012567715135,0.11674048127884737,0.11372549019607843,0.1803921568627451,0.3568627450980392,0.00016326904296875,0.19212462780522363,0.4000422017941936,0.2349211531467129,0.16862745098039217,0.3333333333333333,0.7764705882352941,0.018902587890625,0.19389682545381434,0.4040808257330684,0.25432682736466977,0.13725490196078433,0.33725490196078434,0.8235294117647058,0.02225494384765625,0.18126207611704223,0.16619845538833927,0.42745098039215684,0.9631144120837853,0.004038623938874784,0.4474672452641242
ISPY2-115638,10,0.4849136352539063,0.1770822203393076,0.3131454571952223,0.16501394595753607,0.13725490196078433,0.2784313725490196,0.5333333333333333,0.003265380859375,0.26379325717103247,0.4621795981009899,0.20087682941845506,0.2549019607843137,0.4117647058823529,0.7607843137254902,0.01676788330078125,0.2734961296530331,0.4807429775596618,0.2198225230611221,0.25882352941176473,0.4235294117647059,0.8509803921568627,0.0299407958984375,0.1490341409057676,0.14054756234871082,0.3686274509803922,0.9079293888324392,0.01856337945867188,0.3919221961862386
ISPY2-116165,10,0.3944290161132813,0.20562218161190257,0.33394959154835147,0.11351768679313926,0.23921568627450981,0.30196078431372547,0.4823529411764706,0.0,0.2646639775294884,0.43019676123037615,0.18865618971582857,0.2823529411764706,0.36470588235294116,0.6980392156862745,0.02239990234375,0.26270707672717525,0.4262548766152062,0.16839100866561296,0.28627450980392155,0.3686274509803922,0.6666666666666666,0.0037384033203125,0.09624716968202465,0.11573346295069932,0.27450980392156865,0.9282379235360965,-0.003941884615169887,0.4289018739275374
ISPY2-117424,10,0.6673110961914063,0.12236388561772366,0.3123350241344526,0.1543434172084467,0.12549019607843137,0.28627450980392155,0.5490196078431373,0.0,0.19558794806985294,0.4898884769129341,0.2498051247209523,0.16470588235294117,0.4745098039215686,0.8588235294117647,0.02040557861328125,0.2119057270124847,0.5269830760709419,0.24807814482553026,0.19607843137254902,0.5137254901960784,0.8784313725490196,0.01994781494140625,0.1775534527784815,0.20435052948606727,0.47843137254901963,0.8433387912728006,0.03709459915800784,0.28047846407162286
ISPY2-117707,10,0.3530838012695312,0.1577359966203278,0.2323719980558792,0.07260628331294415,0.15294117647058825,0.2196078431372549,0.3215686274509804,0.0,0.27682447246476716,0.3988474576929646,0.2337430678298325,0.20392156862745098,0.30980392156862746,0.8352941176470589,0.04461212158203125,0.2820669795017616,0.41300574092828024,0.1806145218301588,0.24313725490196078,0.35294117647058826,0.6980392156862745,0.00514373779296875,0.1664754596370854,0.23286986962297326,0.6,0.9070036772076808,0.014158283235315624,0.23978979297721736
ISPY2-120001,10,0.35737304687500004,0.38714544558057595,0.5965999141849583,0.19046976204088564,0.30980392156862746,0.6392156862745098,0.807843137254902,0.00410614013671875,0.4394508571250766,0.6714289824660203,0.17601812070270784,0.4196078431372549,0.6980392156862745,0.8627450980392157,0.01151123046875,0.4430498908547794,0.6780008912994573,0.18107456607594957,0.42745098039215684,0.7058823529411765,0.8745098039215686,0.01126251220703125,0.07482906828106214,0.12949666414523858,0.2235294117647059,0.814924302864524,0.006571908833436877,0.342085517817795
ISPY2-120422,10,0.5195114135742187,0.14016588398054533,0.2638324017065741,0.1488677169073343,0.12156862745098039,0.2235294117647059,0.4588235294117647,0.00121612548828125,0.23233419380935968,0.41616681122246135,0.20228566646738452,0.20784313725490197,0.37254901960784315,0.6862745098039216,0.0180206298828125,0.2394381893382353,0.4328156162351569,0.20892859764592908,0.2235294117647059,0.38823529411764707,0.7215686274509804,0.02544097900390625,0.15233440951588723,0.1781356809042057,0.41568627450980394,0.8639410847494228,0.016648805012695566,0.36917302067686486
ISPY2-122287,10,0.5379837036132813,0.12343714695350796,0.24750990099362544,0.09281313213804765,0.12549019607843137,0.25098039215686274,0.3764705882352941,0.0,0.22758425843481922,0.42560589897628803,0.26117713230923134,0.12549019607843137,0.3764705882352941,0.8274509803921568,0.01214599609375,0.2695204910577512,0.4932330674180652,0.2589002693593049,0.17254901960784313,0.47058823529411764,0.8745098039215686,0.0167633056640625,0.17809599798266265,0.22398761595478994,0.5294117647058824,0.7618490886332636,0.0676271684417772,0.25605788887898095
ISPY2-122579,10,0.757427978515625,0.08186152439491422,0.26029304457610736,0.12246437078050149,0.11764705882352941,0.23921568627450981,0.4392156862745098,0.0,0.16040520761527266,0.49458681341343624,0.27989921298657794,0.1568627450980392,0.4549019607843137,1.0,0.0246917724609375,0.16025194355085787,0.4904038101665949,0.27488360484764696,0.1450980392156863,0.4549019607843137,0.9411764705882353,0.01957244873046875,0.23429376883732883,0.22250765950094825,0.5882352941176471,0.8822622851822962,-0.004183003246841348,0.43142817603099914
ISPY2-122795,10,0.6449493408203125,0.12178705552045037,0.302673450529056,0.16461487759122986,0.12549019607843137,0.26666666666666666,0.5215686274509804,0.00058746337890625,0.19962390974456187,0.49120175923355774,0.2529829029875562,0.1843137254901961,0.4588235294117647,0.8745098039215686,0.01781158447265625,0.2009511132333793,0.48956528641729247,0.24451280120020707,0.1843137254901961,0.4588235294117647,0.8431372549019608,0.0204193115234375,0.1885283087045017,0.1879286081695239,0.5019607843137255,0.909014723704907,-0.0016364728162652253,0.4405464875411499
ISPY2-123660,10,0.6034698486328125,0.13572279986213234,0.3065864455606385,0.1706483163664317,0.13333333333333333,0.27058823529411763,0.5176470588235295,0.00207672119140625,0.15793689802581187,0.34549902402181487,0.22191984392443706,0.13333333333333333,0.2901960784313726,0.6313725490196078,0.01942596435546875,0.16333445231119792,0.3592554497459891,0.23747386855263458,0.13333333333333333,0.2980392156862745,0.7098039215686275,0.024615478515625,0.03891257846117629,0.11450167406533507,0.15294117647058825,0.5684880901989456,0.013756425724174305,0.413733789971909
ISPY2-125130,10,0.54124755859375,0.1138998472924326,0.22167108587933723,0.12514428752315992,0.10980392156862745,0.16862745098039217,0.4235294117647059,0.0,0.18528746960209866,0.35768059944767666,0.22443932304820943,0.14901960784313725,0.27058823529411763,0.7058823529411765,0.01030426025390625,0.2020132386450674,0.38065694439879144,0.25560031448321185,0.13725490196078433,0.2823529411764706,0.792156862745098,0.020477294921875,0.13600951356833946,0.1372586332836883,0.33725490196078434,0.9254842872728241,0.022976344951114742,0.436680104308028
ISPY2-125418,10,0.6236801147460938,0.12406763413373162,0.2894111922721445,0.16238618160075893,0.13725490196078433,0.24313725490196078,0.49411764705882355,0.0033111572265625,0.1902349374808517,0.43593190423660594,0.21535341830123864,0.2235294117647059,0.3803921568627451,0.7490196078431373,0.0203857421875,0.20010888193167892,0.46552082923387295,0.22207735569649742,0.24705882352941178,0.4,0.8549019607843137,0.028765869140625,0.14652071196446143,0.12672495365363542,0.32941176470588235,0.9333482007095794,0.029588924997267025,0.25430106436898126
ISPY2-127675,10,0.56806640625,0.13383211622051164,0.27348253115399446,0.19080447013442456,0.11372549019607843,0.18823529411764706,0.5882352941176471,0.0017822265625,0.1939877379174326,0.3855844615711987,0.2716618722657544,0.13333333333333333,0.2784313725490196,0.8549019607843137,0.02992095947265625,0.21316961550245098,0.4268351043786269,0.28396048077909697,0.14901960784313725,0.3215686274509804,0.9725490196078431,0.04037322998046875,0.11210193041720419,0.13322908752727833,0.3137254901960784,0.8484837779787474,0.0412506428074282,0.24842796179063983
ISPY2-127791,10,0.7093734741210938,0.08205854228898592,0.24415002910832775,0.10780215622053504,0.11372549019607843,0.23137254901960785,0.403921568627451,0.0,0.1592046221564798,0.3878364353905792,0.26382337845736414,0.0784313725490196,0.34509803921568627,0.788235294117647,0.01058502197265625,0.1692714137657016,0.37130366703161455,0.2632009462779664,0.058823529411764705,0.3254901960784314,0.7686274509803922,0.00788421630859375,0.14368640628225143,0.2411654931668754,0.5176470588235295,0.6782820990733206,-0.016532768358964618,0.4968524400808548
ISPY2-128051,10,0.60714111328125,0.13793089025160846,0.3150489723901244,0.1916164210603624,0.12156862745098039,0.24705882352941178,0.615686274509804,0.000323486328125,0.1640549124923407,0.35899794557228787,0.2620557100429246,0.08627450980392157,0.28627450980392155,0.7450980392156863,0.02083282470703125,0.17388794543696387,0.3805128666760493,0.27220800973835946,0.09803921568627451,0.30196078431372547,0.8196078431372549,0.0254669189453125,0.043948973182163516,0.14890570090225846,0.25098039215686274,0.5645604822421776,0.02151492110376139,0.352231768324892
ISPY2-128675,10,0.4693511962890625,0.1421879607555913,0.2557926318045952,0.09378432421916441,0.1450980392156863,0.23529411764705882,0.38823529411764707,0.0,0.260732972388174,0.46126816397728787,0.24086654069874563,0.20784313725490197,0.396078431372549,0.8666666666666667,0.0201446533203125,0.27221816717409625,0.48077476707630656,0.23605230867389254,0.21568627450980393,0.43529411764705883,0.8509803921568627,0.01229095458984375,0.20547553217269263,0.1862661977292384,0.5176470588235295,0.9618249052523824,0.01950660309901869,0.3310214339527153
ISPY2-129837,10,0.472711181640625,0.14858624028224574,0.26788363711633906,0.14747326070953598,0.12549019607843137,0.23529411764705882,0.4392156862745098,0.0030364990234375,0.19040717629825366,0.34300393491424425,0.1980069032338429,0.1568627450980392,0.29411764705882354,0.592156862745098,0.01523590087890625,0.21390084060968137,0.3851563945136805,0.21360947144980702,0.16862745098039217,0.33725490196078434,0.6784313725490196,0.02146759033203125,0.07512029779790515,0.09465194376989847,0.16862745098039217,0.8633596092185528,0.0421524595994363,0.17568670347605653
ISPY2-129973,10,0.577874755859375,0.13466575472962622,0.28028378512087876,0.15325220878152357,0.12549019607843137,0.24705882352941178,0.49019607843137253,0.00014495849609375,0.25032579010608147,0.5052761374354978,0.26949674943129653,0.1607843137254902,0.4823529411764706,0.9019607843137255,0.02490081787109375,0.2456702916762408,0.4932335774638943,0.2623534199976554,0.1450980392156863,0.49019607843137253,0.8509803921568627,0.01840972900390625,0.22499235231461912,0.22988537616793314,0.5764705882352941,0.841489423229855,-0.012042559971603625,0.553086276947991
ISPY2-130892,10,0.5195053100585938,0.14474682377833947,0.29196787471184943,0.1217733014936083,0.17647058823529413,0.25098039215686274,0.4588235294117647,0.0003021240234375,0.1902617151596967,0.385224250419387,0.23686516244433464,0.2,0.28627450980392155,0.8235294117647058,0.0296783447265625,0.1993719841452206,0.4025634525873913,0.2511658709007226,0.19215686274509805,0.2980392156862745,0.8941176470588236,0.027789306640625,0.0932563757075376,0.14782759646996535,0.34901960784313724,0.8400048269751696,0.017339202168004265,0.3353826806860656
ISPY2-131595,10,0.6552169799804688,0.11630740296606924,0.29999908884277565,0.16072173589195907,0.12941176470588237,0.2549019607843137,0.5294117647058824,0.0,0.1995694927140778,0.4680056859681874,0.24200134908779242,0.18823529411764706,0.41568627450980394,0.8352941176470589,0.00984039306640625,0.19173715628829657,0.4631072353086094,0.22885136193403666,0.18823529411764706,0.43137254901960786,0.8117647058823529,0.0033172607421875,0.16800659712541177,0.1975749858148788,0.44313725490196076,0.8165845714007532,-0.004898450659578037,0.4831627256513407
ISPY2-132463,10,0.4252227783203125,0.1781491926604626,0.29037015590974874,0.15994109486812916,0.12156862745098039,0.25098039215686274,0.48627450980392156,9.46044921875e-05,0.3018594659543505,0.478221555103939,0.26451796929387594,0.1607843137254902,0.4392156862745098,0.9019607843137255,0.03639373779296875,0.3110297169404871,0.4903844914571277,0.26684597345764255,0.1607843137254902,0.4549019607843137,0.9137254901960784,0.0381744384765625,0.18785139919419022,0.19192359277002263,0.5019607843137255,0.870236748910233,0.012162936353188743,0.38425903803167627
ISPY2-133650,10,0.68802490234375,0.09914793725107231,0.27376093959906617,0.14518424119588128,0.12156862745098039,0.23137254901960785,0.5098039215686274,0.0,0.14409890567555145,0.3962101055157752,0.2569907666880807,0.11764705882352941,0.32941176470588235,0.8196078431372549,0.02315826416015625,0.1534324316884957,0.4232680774309176,0.25883240358751597,0.12941176470588237,0.36470588235294116,0.8627450980392157,0.02300872802734375,0.12244916591670905,0.17129728244599135,0.3843137254901961,0.7487136596627147,0.027057971915142393,0.38474292757365885
ISPY2-134526,10,0.65438232421875,0.15305746639476103,0.4031005815245959,0.21992336175611835,0.13725490196078433,0.3607843137254902,0.7215686274509804,0.0006622314453125,0.19524220186121324,0.4976223594371878,0.25639126429327624,0.14901960784313725,0.5019607843137255,0.8352941176470589,0.00991058349609375,0.21421270033892464,0.5448571916316416,0.2550659201714949,0.18823529411764706,0.5568627450980392,0.8823529411764706,0.01542205810546875,0.09452177791259195,0.17142717771292185,0.32941176470588235,0.696791226645004,0.047234832194453735,0.33341574541729946
ISPY2-136536,10,0.5521347045898437,0.1602380131740196,0.3327842177949428,0.1513882566041181,0.12941176470588237,0.3333333333333333,0.5294117647058824,0.0,0.25086918849571077,0.5074591278082816,0.2780381988580654,0.13333333333333333,0.49019607843137253,0.8901960784313725,0.01734466552734375,0.24691157322303922,0.49491536701150224,0.2487484822182836,0.1450980392156863,0.5058823529411764,0.8156862745098039,0.00595550537109375,0.17467491001333874,0.19632835447811972,0.4470588235294118,0.7992082122427286,-0.012543760796779352,0.46494363111685
ISPY2-138425,10,0.4495498657226562,0.16359258913526348,0.2795883637327383,0.1334776864314239,0.12941176470588237,0.26666666666666666,0.43529411764705883,0.000360107421875,0.2709412279316023,0.44340357887721166,0.2158535397038506,0.21176470588235294,0.39215686274509803,0.788235294117647,0.0204864501953125,0.2701786056219363,0.45091050371909436,0.2121260013245531,0.2196078431372549,0.40784313725490196,0.7725490196078432,0.02904815673828125,0.16381521514447334,0.19343323072280377,0.4980392156862745,0.9654213664575612,0.007506924841882708,0.30184092276218805
ISPY2-139137,10,0.5982269287109375,0.1041622625612745,0.228768808914343,0.11230872621196546,0.11764705882352941,0.19215686274509805,0.3843137254901961,3.509521484375e-05,0.19120071710324757,0.4170763964628942,0.2698001126559553,0.1607843137254902,0.3176470588235294,0.9529411764705882,0.0336517333984375,0.19847269095626532,0.4297417319414986,0.26484749606813474,0.16862745098039217,0.33725490196078434,0.9254901960784314,0.0294830322265625,0.1883075875485512,0.19919799858436654,0.5529411764705883,0.8933712106826278,0.012665335478604408,0.4046736496699657
ISPY2-139771,10,0.627545166015625,0.08952703737745098,0.20439591565121862,0.07385372899620594,0.11372549019607843,0.19607843137254902,0.2980392156862745,0.0,0.21213338216145836,0.4623998248169366,0.26150440407526093,0.16862745098039217,0.4,0.8745098039215686,0.0121124267578125,0.2027788050034467,0.43648741570600347,0.23558980040052613,0.1607843137254902,0.396078431372549,0.788235294117647,0.0066192626953125,0.25800390916571797,0.23527569189678005,0.6235294117647059,0.9057732330432787,-0.0259124091109331,0.5251093849859889
ISPY2-141782,10,0.6113510131835938,0.14038416843788296,0.30077089566515053,0.1890896955310937,0.11764705882352941,0.24313725490196078,0.5725490196078431,0.00271759033203125,0.187119140625,0.39592631383249594,0.23877168983529817,0.13725490196078433,0.3411764705882353,0.7686274509803922,0.01461334228515625,0.19411074769263176,0.41229633205041893,0.24121542360212378,0.13725490196078433,0.3607843137254902,0.7725490196078432,0.01572265625,0.09515541816734546,0.15904523532699016,0.3058823529411765,0.7343789874560767,0.016370018217923003,0.4246284917846136
ISPY2-142688,10,0.5221115112304687,0.12845895804610907,0.24131979693524658,0.08881337049594125,0.12156862745098039,0.24705882352941178,0.3568627450980392,0.0,0.27291334563610603,0.5107525312504715,0.2735118174860346,0.1843137254901961,0.4470588235294118,0.9568627450980393,0.03502197265625,0.24918109968596813,0.462499928784467,0.2127822909513977,0.2,0.42745098039215684,0.7803921568627451,0.00134124755859375,0.26943273431522496,0.23132969846081516,0.6352941176470588,0.9471533163680717,-0.04825260246600452,0.5541861304196507
ISPY2-145513,10,0.5260482788085937,0.16058844472847733,0.3038228315417549,0.14792697468471572,0.1411764705882353,0.26666666666666666,0.5215686274509804,1.678466796875e-05,0.2598850803749234,0.49524916231926164,0.23670472283060914,0.21176470588235294,0.47058823529411764,0.8392156862745098,0.02067718505859375,0.2617064173081342,0.4946945529336138,0.22915097146802466,0.2196078431372549,0.47058823529411764,0.8274509803921568,0.01669158935546875,0.19142633077750673,0.22033633861261442,0.5254901960784314,0.8096384843967818,-0.0005546093856477651,0.48683070999230543
ISPY2-146033,10,0.6470977783203125,0.0977461332433364,0.22603094247496733,0.09919595394084318,0.11372549019607843,0.20784313725490197,0.37254901960784315,0.0,0.17519227869370405,0.40274556263585,0.25357625354507013,0.1450980392156863,0.3411764705882353,0.8745098039215686,0.02221527099609375,0.17886269962086399,0.4077603237526386,0.22051297060856972,0.1568627450980392,0.37254901960784315,0.7450980392156863,0.0050628662109375,0.17671462016088268,0.2205511641557874,0.6039215686274509,0.9026669203296466,0.005014761116788572,0.3530513062202198
ISPY2-147139,10,0.5934783935546875,0.1105796843884038,0.23322929514124863,0.1573517981248539,0.10980392156862745,0.16470588235294117,0.4745098039215686,0.00125732421875,0.1639378626206342,0.34240826629655685,0.24297819242606236,0.1411764705882353,0.24313725490196078,0.7450980392156863,0.02006378173828125,0.18242911544500612,0.38267209172553407,0.25680022920651774,0.1568627450980392,0.2784313725490196,0.8470588235294118,0.027374267578125,0.10917897115530821,0.12396781377625102,0.27450980392156865,0.9154974513734057,0.04026382542897723,0.2037287270379629
ISPY2-149654,10,0.5643447875976563,0.14237507539636948,0.299832876189448,0.12904071076673107,0.12941176470588237,0.30196078431372547,0.4666666666666667,7.62939453125e-06,0.22514583213656558,0.4637375806611895,0.23525389057395976,0.20392156862745098,0.4117647058823529,0.8745098039215686,0.02583160400390625,0.22859928505093444,0.4713532619635341,0.2196266290257152,0.21568627450980393,0.43137254901960786,0.8117647058823529,0.021185302734375,0.16390470447174144,0.1680001494780702,0.44313725490196076,0.9302478713604729,0.007615681302344657,0.32178795212793904
ISPY2-151230,10,0.41691894531249996,0.20941123214422488,0.34448906556718906,0.12439190776167527,0.17647058823529413,0.34509803921568627,0.48627450980392156,7.476806640625e-05,0.3181063782935049,0.5239575610841414,0.22205263773277945,0.30196078431372547,0.4588235294117647,0.9450980392156862,0.04597625732421875,0.3165856813916973,0.5232160684480633,0.1987590401777307,0.3137254901960784,0.47843137254901963,0.8313725490196079,0.02876434326171875,0.17946849551695232,0.2491928340346464,0.6039215686274509,0.8270736507138969,-0.0007414926360780045,0.3711505045429804
ISPY2-151980,10,0.6053176879882812,0.12286256677964154,0.2724872000072167,0.1587063008667405,0.12156862745098039,0.23921568627450981,0.45098039215686275,0.0018798828125,0.18343942679610906,0.36592768933645625,0.21189710221009292,0.1568627450980392,0.3215686274509804,0.6470588235294118,0.01586151123046875,0.18468937294155946,0.37655071492795156,0.2254183192113254,0.15294117647058825,0.3254901960784314,0.7058823529411765,0.02178497314453125,0.09344048932923951,0.1467180075311619,0.27450980392156865,0.758384591295876,0.010623025591495321,0.4088085084996076
ISPY2-153327,10,0.6718917846679687,0.08953245275160845,0.23706245185897865,0.1697244847334569,0.11372549019607843,0.16862745098039217,0.5058823529411764,0.00021820068359375,0.11949237898284314,0.3059605366499129,0.23967932760206276,0.12549019607843137,0.21176470588235294,0.6980392156862745,0.01685791015625,0.12995827469171262,0.3332602560949599,0.24880256395528652,0.13333333333333333,0.23137254901960785,0.7607843137254902,0.0191497802734375,0.06889808479093426,0.11703614342271962,0.2235294117647059,0.7610182812550865,0.027299719445047037,0.3032846732301224
ISPY2-153880,10,0.6632843017578125,0.09868098240272671,0.2612697337964506,0.16332784493349217,0.11764705882352941,0.1843137254901961,0.5176470588235295,1.52587890625e-06,0.14518391328699448,0.3770373648167746,0.24125146867630928,0.1568627450980392,0.2823529411764706,0.7529411764705882,0.01776885986328125,0.16221874162262562,0.42414529014578595,0.25312914921450375,0.1803921568627451,0.3254901960784314,0.8588235294117647,0.0243438720703125,0.11576763102032403,0.12528094314864802,0.28627450980392155,0.8997688856663797,0.04710792532901138,0.15419404540716908
ISPY2-154293,10,0.4381561279296875,0.15674732881433825,0.25749333154407306,0.13129776815895552,0.12549019607843137,0.20784313725490197,0.4666666666666667,0.0,0.22605645273246017,0.36648322488605445,0.23427820315360473,0.1411764705882353,0.27450980392156865,0.6823529411764706,0.01737213134765625,0.24178301642922795,0.39505353669128496,0.24805427551691345,0.1450980392156863,0.30196078431372547,0.7450980392156863,0.01738739013671875,0.10898989334198142,0.16113241229306638,0.33725490196078434,0.7624480595312457,0.028570311805230498,0.35148149154015373
ISPY2-155171,10,0.52349853515625,0.12062033858953737,0.23297813425357333,0.09489174500262487,0.12549019607843137,0.21568627450980393,0.3568627450980392,0.0,0.2627324900907629,0.4997703795236552,0.2507562238471211,0.2,0.4666666666666667,0.9215686274509803,0.033599853515625,0.26492427451937806,0.5106913102118008,0.2459467876183128,0.21176470588235294,0.47843137254901963,0.8941176470588236,0.02482147216796875,0.2667922452700819,0.20695077902044878,0.6078431372549019,0.9485205584731651,0.010920930688145631,0.3596836172665557
ISPY2-157270,10,0.5220840454101563,0.14392057531020222,0.26134895314800577,0.15080474448392414,0.11372549019607843,0.21568627450980393,0.4627450980392157,0.0008148193359375,0.27920550178079045,0.4618981232545763,0.21765973121895724,0.20392156862745098,0.43137254901960786,0.7568627450980392,0.02085418701171875,0.2676590384689032,0.4583032946262376,0.2240125005109675,0.20392156862745098,0.4235294117647059,0.803921568627451,0.030230712890625,0.2005491701065705,0.19298422431181755,0.5058823529411764,0.8950278889041433,-0.0035948286283386975,0.4894015778702264
ISPY2-157463,10,0.4629257202148438,0.18453368542241114,0.33670384099852335,0.09602310643568658,0.23137254901960785,0.3254901960784314,0.4588235294117647,0.0,0.2600409653607537,0.4708138962065647,0.22055807399775412,0.26666666666666666,0.403921568627451,0.8588235294117647,0.0284698486328125,0.2597601797066483,0.4725150434573293,0.1905692236681035,0.28627450980392155,0.4196078431372549,0.7647058823529411,0.0129486083984375,0.1341100552080414,0.1954194439083564,0.4745098039215686,0.7961514530779,0.0017011472507645468,0.3838489446753623
ISPY2-159284,10,0.5456771850585938,0.12332518932866116,0.2406893252187439,0.1217632061402164,0.11372549019607843,0.21568627450980393,0.38823529411764707,8.697509765625e-05,0.22437826717601103,0.436219320454172,0.25560548802074406,0.17647058823529413,0.37254901960784315,0.8901960784313725,0.030352783203125,0.2373524684532016,0.4642077524556314,0.26009827873985664,0.18823529411764706,0.396078431372549,0.9176470588235294,0.03311920166015625,0.19552999523542813,0.17538290877650542,0.4980392156862745,0.9739743740449042,0.027988432001459333,0.2811096743857999
ISPY2-159352,10,0.6550811767578125,0.12682005040785846,0.31449907905262386,0.17602217916378043,0.12941176470588237,0.2784313725490196,0.5333333333333333,0.0024383544921875,0.1953700226428462,0.4870990166325681,0.24732372891854298,0.19607843137254902,0.4392156862745098,0.8823529411764706,0.01802520751953125,0.1921010813993566,0.4822439229356926,0.24176942737954232,0.19215686274509805,0.4392156862745098,0.8588235294117647,0.015496826171875,0.17259993757994427,0.18587419198052127,0.4823529411764706,0.879551064827513,-0.00485509369687551,0.4982835352096476
ISPY2-160120,10,0.4804473876953125,0.17156958486519608,0.30802068781955444,0.10982523091896318,0.1803921568627451,0.2980392156862745,0.4470588235294118,0.0,0.23942574295343136,0.42493752733197226,0.18657759320530298,0.2549019607843137,0.3803921568627451,0.6470588235294118,0.0245208740234375,0.26776915905522364,0.4786373017197504,0.18526045718988007,0.2980392156862745,0.4392156862745098,0.7372549019607844,0.0239837646484375,0.11691683951241777,0.15503243533270328,0.2627450980392157,0.9124125535251723,0.05369977438777822,0.16279582019066416
ISPY2-164468,10,0.39446258544921875,0.20497262992110907,0.3265875672800587,0.13007229289394462,0.15294117647058825,0.30980392156862746,0.5176470588235295,4.730224609375e-05,0.30740511426738665,0.48088451583432956,0.22908849239868995,0.23137254901960785,0.4235294117647059,0.8549019607843137,0.026507568359375,0.3425427485447304,0.5313983950369323,0.23247409550101564,0.2627450980392157,0.48627450980392156,0.9058823529411765,0.03146514892578125,0.1542969485542708,0.14809243728223592,0.396078431372549,0.9201930224646903,0.05051387920260269,0.27404402222530205
ISPY2-166412,10,0.5815750122070312,0.1198089719286152,0.24835402418090194,0.1139675357454753,0.12156862745098039,0.2235294117647059,0.41568627450980394,0.0,0.23798931047028188,0.48235641628642456,0.2540137297058166,0.16470588235294117,0.4588235294117647,0.8980392156862745,0.02589263916015625,0.23870168050130208,0.48259186571145474,0.25610157094314556,0.1450980392156863,0.4666666666666667,0.8784313725490196,0.01875152587890625,0.23400239210552265,0.2106532972023703,0.5607843137254902,0.8840160601562984,0.00023544942503018736,0.4695152414675861
ISPY2-166782,10,0.5159255981445312,0.12968213848039215,0.23856613162187235,0.12085975448164457,0.11372549019607843,0.20392156862745098,0.41568627450980394,0.0,0.1901675355200674,0.3458779819490138,0.26058312013605506,0.11764705882352941,0.24705882352941178,0.8196078431372549,0.02484283447265625,0.1864598113415288,0.33631206065641644,0.22465284369227323,0.12549019607843137,0.2627450980392157,0.6941176470588235,0.008416748046875,0.10731185032714145,0.20359693297465362,0.47058823529411764,0.7324795188546319,-0.009565921292597318,0.40916899663664763
ISPY2-167271,10,0.5738113403320313,0.17817743039598652,0.39305812698754344,0.14881959377022283,0.19607843137254902,0.37254901960784315,0.6078431372549019,0.0,0.24286362591911767,0.5080174692869053,0.20513245166783048,0.29411764705882354,0.45098039215686275,0.803921568627451,0.00794830322265625,0.26352129169538907,0.5561482315790405,0.22660886744862954,0.3215686274509804,0.49019607843137253,0.9137254901960784,0.025390625,0.11495934229936179,0.13443162453798432,0.2901960784313726,0.8511136491387613,0.04813076229213522,0.2581138317335405
ISPY2-168044,10,0.4935760498046875,0.14764928481158088,0.2687224505638828,0.13832244255109638,0.12156862745098039,0.23529411764705882,0.4823529411764706,6.103515625e-06,0.24803003647748162,0.4436123000828883,0.2452951625701974,0.16862745098039217,0.396078431372549,0.8274509803921568,0.01566162109375,0.2668315573299632,0.47337694570431144,0.24432802752161176,0.19607843137254902,0.4235294117647059,0.8549019607843137,0.01716461181640625,0.17488984951900552,0.1760929119970252,0.4235294117647059,0.9232757841453494,0.029764645621423114,0.27215643737382866
ISPY2-172168,10,0.7449813842773437,0.08841622146905638,0.27343166526643325,0.1624042147772798,0.11764705882352941,0.23137254901960785,0.4823529411764706,0.001104736328125,0.15920879289215686,0.45780541249163054,0.2281403339952454,0.20392156862745098,0.4196078431372549,0.807843137254902,0.0160888671875,0.16847465963924632,0.482317768158188,0.23471900811818783,0.22745098039215686,0.43137254901960786,0.9019607843137255,0.0207000732421875,0.18437374722519728,0.15686471281792078,0.3843137254901961,0.890138755093371,0.02451235566655744,0.3806161707423607
ISPY2-172283,10,0.6377456665039063,0.10506036496629902,0.24014994684812388,0.14579150748788783,0.11372549019607843,0.1843137254901961,0.4588235294117647,0.00015869140625,0.18501405603745405,0.3937928883111876,0.24798496643129952,0.11764705882352941,0.34509803921568627,0.7568627450980392,0.01422882080078125,0.18523317224839153,0.39063340963978715,0.2391015533893768,0.11764705882352941,0.3568627450980392,0.7333333333333333,0.01774749755859375,0.1536429414630637,0.22209868425782034,0.49019607843137253,0.7227166848492251,-0.0031594786714004915,0.41542161772820513
ISPY2-174903,10,0.560333251953125,0.14209910673253676,0.29054861675356614,0.17554615209593083,0.13333333333333333,0.23137254901960785,0.5647058823529412,0.00120086669921875,0.16948693967333026,0.34292917250192917,0.2235902329757577,0.14901960784313725,0.26666666666666666,0.6862745098039216,0.01728973388671875,0.20753971473843444,0.40908903215620945,0.23756142283434883,0.19215686274509805,0.32941176470588235,0.8117647058823529,0.028955078125,0.05238055574836306,0.10911534862356327,0.1803921568627451,0.6597903796765461,0.06615985965428026,0.2826542652877074
ISPY2-174904,10,0.5534042358398438,0.12955868590111824,0.24362698034820887,0.14806826531072798,0.11372549019607843,0.19607843137254902,0.4549019607843137,0.0003936767578125,0.21319199505974265,0.3735422310484459,0.21009364593633453,0.17647058823529413,0.30980392156862746,0.6941176470588235,0.0117095947265625,0.2239145615521599,0.4017266205172452,0.23849035612568337,0.17647058823529413,0.3215686274509804,0.807843137254902,0.02294464111328125,0.12991525070023704,0.11855543779689011,0.2823529411764706,0.9037006160290555,0.028184389468799295,0.3695320160857726
ISPY2-177795,10,0.4532272338867187,0.09989996218213848,0.16129318423989777,0.05205185747063481,0.10980392156862745,0.1450980392156863,0.23529411764705882,0.0,0.2094466863893995,0.3217720968605005,0.23860732354447278,0.1450980392156863,0.21568627450980393,0.7568627450980392,0.02037353515625,0.19507121964996935,0.30634975693274247,0.1856844442084743,0.15294117647058825,0.23529411764705882,0.6,0.00164947509765625,0.1604789126206027,0.21827229781691998,0.5411764705882353,0.923872487323244,-0.015422339927758072,0.3919398994789763
ISPY2-178649,10,0.6974029541015625,0.09432340734145221,0.2632129731525508,0.10993600200786205,0.12156862745098039,0.2549019607843137,0.4117647058823529,0.0,0.17951299929151346,0.4945924434016459,0.2892623903333049,0.11764705882352941,0.45098039215686275,0.9333333333333333,0.017919921875,0.16768901151769303,0.4530894094312628,0.26496399478387483,0.10196078431372549,0.42745098039215684,0.8352941176470589,0.00809783935546875,0.23137947024909505,0.24874986824420822,0.6039215686274509,0.8052896979476577,-0.04150303397038307,0.5458020271292421
ISPY2-178815,10,0.5877685546875,0.11834195006127451,0.25069438880082684,0.106021188184378,0.12549019607843137,0.23529411764705882,0.39215686274509803,0.0,0.20476986754174326,0.4336369007182381,0.2284293630317814,0.17254901960784313,0.3843137254901961,0.7686274509803922,0.00839996337890625,0.21264133228975182,0.45093733851254447,0.21825159687834608,0.19607843137254902,0.41568627450980394,0.7647058823529411,0.00547943115234375,0.18294251191741132,0.1740499772477596,0.4392156862745098,0.892889398874741,0.01730043779430635,0.3777465205803968
ISPY2-180027,10,0.5918731689453125,0.12131144804113052,0.25302294484922994,0.1453314552138633,0.11764705882352941,0.20784313725490197,0.47058823529411764,0.0007049560546875,0.20139489865770527,0.40248329847510844,0.2674322164219924,0.10196078431372549,0.35294117647058826,0.8156862745098039,0.023614501953125,0.19971084893918503,0.40260094406776054,0.25377049854770634,0.11372549019607843,0.35294117647058826,0.7843137254901961,0.016375732421875,0.1494603536258785,0.1980143294109089,0.42745098039215684,0.7442292593561894,0.00011764559265213545,0.41307436348001647
ISPY2-180663,10,0.5828643798828125,0.12243958117915135,0.2703895130667073,0.13756107543580035,0.1411764705882353,0.22745098039215686,0.47843137254901963,0.00051422119140625,0.18396451463886337,0.40478331989917715,0.24513835984682536,0.16470588235294117,0.3176470588235294,0.792156862745098,0.02015838623046875,0.191600066540288,0.41772399142337074,0.2529477689764667,0.16862745098039217,0.3333333333333333,0.8745098039215686,0.030487060546875,0.13439380683246985,0.18447346900342151,0.43529411764705883,0.7738629130787859,0.012940671524193603,0.3877179248941011
ISPY2-181442,10,0.8248306274414062,0.07076136570350797,0.3090668788704691,0.16421060503748736,0.12156862745098039,0.25098039215686274,0.5529411764705883,0.0,0.12065883262484682,0.5105997883086022,0.3162125999356718,0.18823529411764706,0.3803921568627451,1.0,0.03550872802734375,0.13053691789215688,0.54200864973033,0.30956482143604436,0.20392156862745098,0.43529411764705883,1.0,0.03465728759765625,0.20153290943813307,0.1773462323615645,0.4627450980392157,0.9178390055662505,0.0314088614217279,0.2483122675284628
ISPY2-182346,10,0.6542984008789062,0.11650987812117035,0.27849178186628265,0.17987829350818388,0.11764705882352941,0.20784313725490197,0.5529411764705883,0.0010711669921875,0.20161201028262868,0.4558420959298227,0.24968818145003432,0.1803921568627451,0.403921568627451,0.9176470588235294,0.031005859375,0.2022995952531403,0.46428662611280147,0.2533476832387056,0.18823529411764706,0.403921568627451,1.0,0.0365386962890625,0.17735031406354004,0.1627089820976863,0.4235294117647059,0.8957048715787058,0.008444530182978784,0.4032106427023424
ISPY2-183831,10,0.7109619140625,0.10049284093520221,0.2808812142983725,0.1497338876685512,0.11764705882352941,0.25098039215686274,0.5137254901960784,0.00020294189453125,0.17633556291168812,0.4897992096576784,0.28694194463759426,0.12156862745098039,0.45098039215686275,0.9411764705882353,0.0225616455078125,0.1890803737266391,0.5302104501738191,0.2838608122413841,0.1450980392156863,0.5098039215686274,0.9686274509803922,0.02524566650390625,0.208917995359306,0.2217384564060631,0.5333333333333333,0.8084403243517189,0.040411240516140576,0.3226254328912915
ISPY2-188091,10,0.6417831420898438,0.10977821499693627,0.26789498305786336,0.10967834643252815,0.1450980392156863,0.25098039215686274,0.4117647058823529,0.0,0.19364229688457416,0.46334816443690624,0.22857538496899996,0.23921568627450981,0.4,0.8588235294117647,0.02303466796875,0.20128353343290442,0.4937388387739521,0.19525216401990098,0.28627450980392155,0.4588235294117647,0.7764705882352941,0.00723724365234375,0.1954531813790429,0.24915554548543714,0.6588235294117647,0.8906249334429484,0.030390674337045828,0.2866319363096937
ISPY2-188511,10,0.5990036010742188,0.1450407678940717,0.31566946439759247,0.18801360946159085,0.12941176470588237,0.2823529411764706,0.5333333333333333,0.006475830078125,0.18597915948606006,0.39127115710799515,0.20228227148243008,0.17647058823529413,0.3607843137254902,0.6392156862745098,0.01580810546875,0.18439015107996323,0.38975733674101837,0.20553857223565059,0.17647058823529413,0.3568627450980392,0.6392156862745098,0.01768951416015625,0.07560169271040265,0.11366724305619341,0.21176470588235294,0.7874290802406421,-0.0015138203669767623,0.4534146127999939
ISPY2-190224,10,0.7291519165039062,0.06605496874042585,0.21541574608018224,0.12859030476002856,0.11372549019607843,0.1607843137254902,0.43529411764705883,4.119873046875e-05,0.10067046520756741,0.3295082447101419,0.24435247744045935,0.1568627450980392,0.23137254901960785,0.7725490196078432,0.02288360595703125,0.10966817818435969,0.35875816735712723,0.2449927552063925,0.17254901960784313,0.25882352941176473,0.8549019607843137,0.02281951904296875,0.11409249862995963,0.14062125930173866,0.38823529411764707,0.9383559714483699,0.029249922646985366,0.2041148600305347
ISPY2-192548,10,0.46635284423828127,0.18501686245787377,0.33507962786636963,0.1072272931845505,0.21568627450980393,0.3215686274509804,0.47058823529411764,0.0002593994140625,0.2590386125153186,0.4650435480356022,0.21167185807116745,0.26666666666666666,0.4,0.8352941176470589,0.0218963623046875,0.2806642898858762,0.5048952525473219,0.21128095561117832,0.30196078431372547,0.4392156862745098,0.8784313725490196,0.02269744873046875,0.12996392016923258,0.15623961048654542,0.39215686274509803,0.8993740903723147,0.039851704511719675,0.2169353017033091
ISPY2-194024,10,0.5813919067382812,0.1302607697131587,0.2835988306724277,0.1410150930282789,0.12156862745098039,0.25882352941176473,0.4745098039215686,1.678466796875e-05,0.19789038564644607,0.4148794010330285,0.23524046172867677,0.14901960784313725,0.37254901960784315,0.7686274509803922,0.01456146240234375,0.21763020833333332,0.4613035010569791,0.2400326665653855,0.1803921568627451,0.4196078431372549,0.8196078431372549,0.023114013671875,0.1312805703606008,0.16133364675591616,0.3843137254901961,0.8164387855900911,0.046424100023950615,0.22283379322662836
ISPY2-196024,10,0.5250808715820312,0.13135568057789523,0.2586997247532396,0.11628066915717637,0.12941176470588237,0.2196078431372549,0.44313725490196076,0.0,0.21824843462775737,0.42689412402250737,0.30172602455171404,0.16470588235294117,0.2784313725490196,0.984313725490196,0.04278106689453125,0.21815203498391544,0.4285326268933176,0.2882744737761087,0.16862745098039217,0.28627450980392155,0.9176470588235294,0.0255126953125,0.16819439926926777,0.20690974970606643,0.5372549019607843,0.8828600161288768,0.0016385028708102924,0.426480274255164
ISPY2-199115,10,0.5389114379882812,0.10514342663334865,0.20579036097874465,0.09506054767548654,0.11764705882352941,0.17647058823529413,0.3411764705882353,0.0,0.15718268899356616,0.3089466320085959,0.21671863160184232,0.1411764705882353,0.23137254901960785,0.596078431372549,0.0184417724609375,0.16934952081418506,0.33191739553928856,0.20794618164406112,0.15294117647058825,0.2627450980392157,0.6274509803921569,0.01114959716796875,0.10315627102985121,0.16382673688199326,0.2823529411764706,0.8584580662455035,0.022970763530692658,0.3006926358218142
ISPY2-199960,10,0.7019515991210937,0.09349997127757353,0.2529514256439538,0.155121901230638,0.11372549019607843,0.19607843137254902,0.5098039215686274,5.950927734375e-05,0.17230113309972425,0.4270262570570979,0.2846342469299974,0.1450980392156863,0.3411764705882353,1.0,0.037255859375,0.17009153478285843,0.4331676902288236,0.2816067913252076,0.16470588235294117,0.3333333333333333,1.0,0.0312591552734375,0.17407483141314417,0.18518665929631167,0.4666666666666667,0.8245780196489001,0.006141433171725652,0.39255307711604526
ISPY2-200222,10,0.7385284423828125,0.08910751043581495,0.26976713583693257,0.1576902343729661,0.11372549019607843,0.2196078431372549,0.5058823529411764,0.0,0.14779556573606006,0.43157295504950194,0.24498989780212385,0.1607843137254902,0.3686274509803922,0.8235294117647058,0.01433563232421875,0.16520820767271754,0.48583971316557995,0.2641472169650848,0.17254901960784313,0.43137254901960786,0.9450980392156862,0.02198944091796875,0.16180581921256929,0.13250925274882483,0.34509803921568627,0.9262888222318187,0.05426675811607805,0.16451522543447053
ISPY2-201831,10,0.5402587890625,0.15049596449908087,0.30682309937410257,0.16647310947920307,0.12549019607843137,0.2627450980392157,0.5686274509803921,3.0517578125e-06,0.21968005610447303,0.4355722104039959,0.22098564073460134,0.16862745098039217,0.4117647058823529,0.7333333333333333,0.00742645263671875,0.23312833299823837,0.4636253736798208,0.232167108090506,0.1803921568627451,0.44313725490196076,0.7843137254901961,0.0108154296875,0.12874911102989334,0.14311189511414626,0.32941176470588235,0.8913925176570549,0.028053163275824907,0.29516488768519994
ISPY2-201873,10,0.5240249633789062,0.12281840604894301,0.23130048775244463,0.12899104872192077,0.11372549019607843,0.1803921568627451,0.41568627450980394,0.0,0.20944566315295648,0.3917869767362922,0.2514659995201314,0.1568627450980392,0.28627450980392155,0.8,0.02191925048828125,0.23957095277075674,0.44970534019625125,0.27425803363631296,0.1803921568627451,0.33725490196078434,0.9333333333333333,0.03468780517578125,0.16048648898384751,0.16045440806231925,0.403921568627451,0.9522913427476878,0.05791836345995914,0.14968823633128697
ISPY2-202539,10,0.7286651611328125,0.08523817473766851,0.2426148995437385,0.10424040250520679,0.11372549019607843,0.22745098039215686,0.396078431372549,0.0,0.17993194580078126,0.49016264557132594,0.30392586338867106,0.1411764705882353,0.396078431372549,1.0,0.0370208740234375,0.18285804898131128,0.5065281849375263,0.2953698015866322,0.16470588235294117,0.4235294117647059,1.0,0.03222808837890625,0.2475477460275874,0.23858403467387185,0.6039215686274509,0.8480727918930167,0.016365539366200305,0.3921786955494821
ISPY2-202956,10,0.525726318359375,0.1741495708390778,0.35731555114807007,0.13549434332567636,0.22745098039215686,0.3254901960784314,0.5450980392156862,0.00053253173828125,0.22348169663373163,0.4616566047305609,0.17940835168734404,0.2901960784313726,0.4196078431372549,0.7019607843137254,0.01641998291015625,0.24224228802849265,0.49963204225129987,0.18261594784943708,0.3137254901960784,0.4627450980392157,0.7607843137254902,0.0200103759765625,0.10434105358249085,0.08753078167059362,0.2,0.9489897689981339,0.037975437520738946,0.18006563284215946
ISPY2-203254,10,0.618896484375,0.11792858647365197,0.27260917147127905,0.1174685836750893,0.12549019607843137,0.2627450980392157,0.42745098039215684,0.0,0.23196972416896444,0.4901904102448154,0.2319136357777006,0.20784313725490197,0.4627450980392157,0.8392156862745098,0.013128662109375,0.2489423744351256,0.540680669128638,0.25379572014516444,0.21176470588235294,0.5254901960784314,0.9215686274509803,0.02274932861328125,0.2175812387735363,0.21104881956410185,0.5450980392156862,0.8818105381165919,0.05049025888382259,0.3231101857783472
ISPY2-204939,10,0.7337570190429688,0.07187774658203125,0.208392249010674,0.09889394172683269,0.11372549019607843,0.1843137254901961,0.33725490196078434,0.0,0.1735957067153033,0.48290742448224383,0.28972207292925223,0.1450980392156863,0.4117647058823529,0.9921568627450981,0.02624053955078125,0.1819060142367494,0.5166671442626396,0.2480559667128761,0.20392156862745098,0.4980392156862745,0.8784313725490196,0.0133056640625,0.2745151754715698,0.2945091912906741,0.7843137254901961,0.8852336877095452,0.03375971978039575,0.32747800670544747
ISPY2-208265,10,0.5553314208984375,0.1509930180568321,0.3075694652745285,0.1571299749541511,0.12156862745098039,0.2980392156862745,0.48627450980392156,0.00084228515625,0.24510009765625,0.503329346068359,0.26897670836799087,0.15294117647058825,0.47058823529411764,0.9372549019607843,0.02837677001953125,0.2468067782532935,0.506550902759583,0.2512635171954543,0.15294117647058825,0.4980392156862745,0.8666666666666667,0.01352691650390625,0.19575988079383042,0.22385256414625296,0.5764705882352941,0.8467836578385687,0.003221556691224074,0.4150292706696223
ISPY2-209397,10,0.5765792846679687,0.10748051662071079,0.22099419148039984,0.11214624606311324,0.11372549019607843,0.1803921568627451,0.4,0.0,0.20527894861557905,0.40469555741487345,0.2420735242228989,0.13333333333333333,0.36470588235294116,0.7529411764705882,0.0146881103515625,0.21761155072380514,0.43054743016658326,0.2478634660072075,0.1607843137254902,0.3803921568627451,0.8156862745098039,0.0223358154296875,0.18370136593447367,0.19708329921635118,0.49019607843137253,0.8543963271145578,0.02585187275170976,0.32827494747615255
ISPY2-211408,10,0.68021240234375,0.10310558842677697,0.2549225626044593,0.12104962844066716,0.11764705882352941,0.23137254901960785,0.42745098039215684,0.0,0.2110452809053309,0.5302962770022313,0.29030448971997125,0.1411764705882353,0.5058823529411764,1.0,0.032220458984375,0.20055275112974877,0.49609239046231157,0.25762907554633946,0.1568627450980392,0.47843137254901963,0.8941176470588236,0.02055816650390625,0.2753737143977719,0.23533082508472544,0.6039215686274509,0.879952857197389,-0.03420388653991963,0.5085649120128259
ISPY2-212307,10,0.663763427734375,0.09663068584367342,0.23820219260170442,0.14356754367816457,0.11372549019607843,0.18823529411764706,0.4627450980392157,6.103515625e-06,0.1630237414790135,0.3758125621320793,0.22761036945383875,0.1803921568627451,0.30196078431372547,0.7529411764705882,0.0210723876953125,0.17007866952933515,0.4031372584612635,0.24227555968788853,0.18823529411764706,0.3215686274509804,0.8784313725490196,0.02756195068359375,0.13761036953037492,0.12972751125579074,0.3137254901960784,0.9663771351812521,0.027324696329184255,0.25289077674308846
ISPY2-213328,10,0.64613037109375,0.11206851136450674,0.2770907017469101,0.18520286614362108,0.10980392156862745,0.19607843137254902,0.5686274509803921,0.0005462646484375,0.14870008281632968,0.35871288906745563,0.24439471901100743,0.13725490196078433,0.2627450980392157,0.7294117647058823,0.01661376953125,0.17405550489238664,0.41631788663583685,0.2651857362807699,0.1607843137254902,0.30980392156862746,0.8745098039215686,0.026605224609375,0.08162218732054552,0.10552828068993239,0.2,0.8604600020697506,0.05760499756838124,0.1807064748697782
ISPY2-213672,10,0.5554153442382812,0.13002006979549632,0.2693040882295403,0.12945047579466756,0.11372549019607843,0.24705882352941178,0.45098039215686275,0.0,0.2233840882544424,0.41999506982496665,0.2768473504902386,0.09019607843137255,0.3803921568627451,0.8431372549019608,0.01945648193359375,0.22377506630093444,0.4065974436712697,0.2734213713828144,0.0784313725490196,0.3803921568627451,0.796078431372549,0.012554931640625,0.15069098159542643,0.22885702090454055,0.49411764705882355,0.7167622518988341,-0.01339762615369696,0.488325559525403
ISPY2-218249,10,0.58515625,0.14468808043236825,0.31357064512481075,0.1968402703578137,0.12156862745098039,0.25882352941176473,0.6039215686274509,0.00525665283203125,0.19640517290900736,0.39770442722757654,0.26343683108637866,0.09019607843137255,0.35294117647058826,0.792156862745098,0.016265869140625,0.20115369609757966,0.41017491506960596,0.2549346316388584,0.10980392156862745,0.3764705882352941,0.788235294117647,0.01826171875,0.08413378210276577,0.1895224208931136,0.35294117647058826,0.614649540960452,0.012470487842029468,0.3752170138888889
ISPY2-220664,10,0.556512451171875,0.14524799421721812,0.29727797175764653,0.11338645682753865,0.1568627450980392,0.2784313725490196,0.47058823529411764,0.0,0.217134734509038,0.4313139502783676,0.2200333680437358,0.21176470588235294,0.3607843137254902,0.7647058823529411,0.0136810302734375,0.22728410907820157,0.4532065371530592,0.23860799232421062,0.20784313725490197,0.3803921568627451,0.8313725490196079,0.0195404052734375,0.13403597852072113,0.17246968358013234,0.39215686274509803,0.8306072033140199,0.021892586874691523,0.38158021497089223
ISPY2-221375,10,0.6201919555664063,0.11547424914790134,0.2801425755689824,0.14455086433238565,0.12156862745098039,0.24705882352941178,0.4666666666666667,0.0002197265625,0.17152933756510416,0.41747656714215753,0.23132764135663628,0.1607843137254902,0.3686274509803922,0.7607843137254902,0.01145477294921875,0.19535338158700982,0.4721904458960487,0.25197729365656146,0.18823529411764706,0.41568627450980394,0.8901960784313725,0.02325592041015625,0.13733399157317508,0.1336453256543952,0.32941176470588235,0.9225104555443512,0.054713878753891165,0.15232352125860246
ISPY2-225836,10,0.6351425170898437,0.12329509061925552,0.2992935082051205,0.1849024291910597,0.11764705882352941,0.23921568627450981,0.5647058823529412,0.000189208984375,0.1759391575233609,0.4168464610587348,0.24798925768692504,0.16470588235294117,0.34509803921568627,0.8313725490196079,0.0200836181640625,0.19842375512216603,0.46875925345986635,0.2562454297723607,0.19215686274509805,0.403921568627451,0.9372549019607843,0.027935791015625,0.11755295285361429,0.14436352337846686,0.3137254901960784,0.8374032361268522,0.05191279240113153,0.28903489145299505
ISPY2-227832,10,0.6497787475585938,0.11546463311887255,0.28106628886365304,0.16259318706274667,0.11372549019607843,0.2235294117647059,0.5333333333333333,1.373291015625e-05,0.19129021139705882,0.4546411960595515,0.267445703898353,0.1450980392156863,0.40784313725490196,0.8941176470588236,0.02801971435546875,0.2006175740559896,0.4841081737917783,0.28664137597494377,0.15294117647058825,0.4235294117647059,1.0,0.03813323974609375,0.17357490719589844,0.16826016559116533,0.4392156862745098,0.881392116625494,0.02946697773222682,0.3652737657992079
ISPY2-227881,10,0.4633987426757813,0.15111086377910538,0.2735684276184405,0.08206644482377329,0.17647058823529413,0.25882352941176473,0.4,0.0,0.24418246998506432,0.43948008524329807,0.22118560276926036,0.24705882352941178,0.36470588235294116,0.8431372549019608,0.02670745849609375,0.2566583371629902,0.4627723519860617,0.2151834959117299,0.2549019607843137,0.4,0.8196078431372549,0.01943511962890625,0.16591165762485757,0.1735213914647092,0.48627450980392156,0.9351033790489298,0.02329226674276361,0.3196461425155047
ISPY2-228192,10,0.5843734741210938,0.11403760124655331,0.25069367284700467,0.12274719602603269,0.12156862745098039,0.23137254901960785,0.39215686274509803,0.0,0.20431461708218443,0.4176167312199032,0.2784289614168133,0.11372549019607843,0.34509803921568627,0.8705882352941177,0.0221954345703125,0.19753349752987132,0.4008440619120788,0.2344261332244376,0.12156862745098039,0.3686274509803922,0.7450980392156863,0.003082275390625,0.16692305837289853,0.25738385675854647,0.6078431372549019,0.7203590506085137,-0.016772669307824457,0.4578776364337243
ISPY2-228340,10,0.49758148193359375,0.14117077397365194,0.2596649042743151,0.11556834005498215,0.12549019607843137,0.24705882352941178,0.396078431372549,0.00092315673828125,0.2558780984317555,0.466541182187421,0.25746262395774033,0.18823529411764706,0.39215686274509803,0.8980392156862745,0.03183135986328125,0.256768643248315,0.4664327648359998,0.22242447281856362,0.21176470588235294,0.43137254901960786,0.796078431372549,0.01397705078125,0.20687627791310592,0.20379399492585437,0.5372549019607843,0.9104976234947535,-0.00010841735142115402,0.4045647123137898
ISPY2-229144,10,0.5121902465820313,0.14452067655675552,0.26331036200949187,0.15436124508964916,0.12156862745098039,0.2196078431372549,0.4745098039215686,0.00051727294921875,0.2453210927925858,0.447752225939251,0.2785685291183314,0.12941176470588237,0.3843137254901961,0.9019607843137255,0.0316558837890625,0.2275184362074908,0.403057646167031,0.25071486452568004,0.11764705882352941,0.34901960784313724,0.7529411764705882,0.020172119140625,0.18444186392975911,0.23188563472979584,0.5568627450980392,0.7563678677222693,-0.04469457977222,0.604042653687467
ISPY2-229328,10,0.47795257568359373,0.12905012542126226,0.2234939704832124,0.11043271530811333,0.11372549019607843,0.1843137254901961,0.39215686274509803,3.204345703125e-05,0.21644126742493874,0.36922213551029,0.21602444585840982,0.1803921568627451,0.2901960784313726,0.6784313725490196,0.0195098876953125,0.23982902377259496,0.40845734199902467,0.20399521797144987,0.21176470588235294,0.34509803921568627,0.7098039215686275,0.01038055419921875,0.14572816502707758,0.1565916398631498,0.37254901960784315,0.958261357558114,0.0392352064887347,0.19595824966606162
ISPY2-229824,10,0.6400360107421875,0.12454506070006127,0.28747224509330155,0.199234413130431,0.11764705882352941,0.20784313725490197,0.5568627450980392,0.00507049560546875,0.18066926245595893,0.42039187093962155,0.26012918235028104,0.12156862745098039,0.3764705882352941,0.8235294117647058,0.02274627685546875,0.18269191966337314,0.42011474161443163,0.2665884147161026,0.11764705882352941,0.36470588235294116,0.8980392156862745,0.02853546142578125,0.13291962584631997,0.17129545644532482,0.4117647058823529,0.7869914287894331,-0.00027712932518984384,0.44267208125270235
ISPY2-231633,10,0.6342819213867188,0.09485139734604779,0.22343232031147803,0.13966480177110133,0.11372549019607843,0.17254901960784313,0.41568627450980394,0.0009735107421875,0.15732278262867647,0.3637360804291593,0.24095535638930834,0.1568627450980392,0.27058823529411763,0.7568627450980392,0.0185333251953125,0.17702149035883885,0.4144174754144201,0.2639724126350261,0.1607843137254902,0.3137254901960784,0.8901960784313725,0.026629638671875,0.14030376011768125,0.16689954402649906,0.38823529411764707,0.8891883660092541,0.0506813949852608,0.30952907454616
ISPY2-233832,10,0.5478759765625,0.14145620907054227,0.28799249895973295,0.10080345758865346,0.1568627450980392,0.2823529411764706,0.4196078431372549,0.0,0.2623340920840993,0.5320622752043741,0.23144872315379383,0.2980392156862745,0.4549019607843137,0.9647058823529412,0.039208984375,0.2526170558555454,0.5187653459245353,0.18520748411904323,0.3215686274509804,0.49411764705882355,0.7568627450980392,0.01524200439453125,0.24406977624464118,0.26352781164918,0.6980392156862745,0.9037238781791673,-0.013296929279838724,0.4524339867163454
ISPY2-233962,10,0.6655044555664062,0.10764024921492034,0.2614552907813218,0.16441642449280183,0.11764705882352941,0.20392156862745098,0.49019607843137253,0.000823974609375,0.18927117441214766,0.4456288011635099,0.25999252514489213,0.15294117647058825,0.38823529411764707,0.8666666666666667,0.015570068359375,0.1953438253963695,0.45942498031076123,0.24537760627363855,0.1607843137254902,0.43137254901960786,0.8156862745098039,0.01719512939453125,0.18417351038218813,0.21623367927728454,0.5647058823529412,0.8807289647150058,0.013796179147251356,0.3386492712633716
ISPY2-234272,10,0.543841552734375,0.1108099365234375,0.21403177993838263,0.1297496538701793,0.10980392156862745,0.15294117647058825,0.4470588235294118,0.0,0.15332404641544117,0.29479024091539824,0.2519380198925636,0.10588235294117647,0.17647058823529413,0.6941176470588235,0.021282958984375,0.17124310661764705,0.32840566147381656,0.2743924896793573,0.10588235294117647,0.19215686274509805,0.796078431372549,0.02659454345703125,0.08075846097701561,0.14449182027836632,0.2901960784313726,0.6978303919076227,0.03361542055841831,0.3078294552898832
ISPY2-235995,10,0.6518341064453125,0.10993158078661151,0.2612049937122289,0.14165156782297483,0.11372549019607843,0.20392156862745098,0.4745098039215686,0.0,0.1810854145124847,0.423195662340247,0.2657011063782263,0.13333333333333333,0.3333333333333333,0.8156862745098039,0.009124755859375,0.20495130351945468,0.480574284812227,0.30986838031891883,0.14901960784313725,0.35294117647058826,0.9607843137254902,0.02484130859375,0.16199066862801817,0.15564280873477118,0.38823529411764707,0.8773961976386442,0.057378622471980015,0.28228895492036776
ISPY2-238790,10,0.43271026611328123,0.17366680070465687,0.29507359131603006,0.1975343686783636,0.12941176470588237,0.2196078431372549,0.6,0.00787811279296875,0.21818438361672796,0.3682675913990438,0.22704578611737491,0.1568627450980392,0.2901960784313726,0.7254901960784313,0.02015228271484375,0.2357058895335478,0.3967372878964727,0.22968268262717073,0.16862745098039217,0.3215686274509804,0.7607843137254902,0.021148681640625,0.07319400008301369,0.1405872381707469,0.2235294117647059,0.7103467382504122,0.028469696497428976,0.21332027898294417
ISPY2-239061,10,0.48737945556640627,0.14010673971737134,0.25387307591133884,0.11614817031101682,0.13725490196078433,0.23137254901960785,0.396078431372549,0.00062103271484375,0.22927705054189645,0.4085942038349314,0.20237581796602033,0.2196078431372549,0.3568627450980392,0.6784313725490196,0.0225555419921875,0.24435122620825675,0.4360901137484977,0.21468271563725466,0.23529411764705882,0.37254901960784315,0.7568627450980392,0.02910614013671875,0.1547211279235925,0.15357370519416585,0.36470588235294116,0.8978541513494528,0.027495909913566412,0.3280270039380743
ISPY2-240035,10,0.5798568725585938,0.11136515897863052,0.22220878690868745,0.12587856235634035,0.10980392156862745,0.16862745098039217,0.43137254901960786,0.0,0.18578623453776041,0.36049445277030345,0.23769967266484815,0.1411764705882353,0.26666666666666666,0.7019607843137254,0.0182647705078125,0.2096026970358456,0.40572267447718885,0.25290679539683397,0.1568627450980392,0.3176470588235294,0.796078431372549,0.02109222412109375,0.13828566586161603,0.15517445800518526,0.3686274509803922,0.8950226080008716,0.045228221706885376,0.22185984855363272
ISPY2-240432,10,0.40946655273437504,0.15702058679917277,0.2577314317456438,0.09927501704327739,0.14901960784313725,0.23137254901960785,0.40784313725490196,1.52587890625e-05,0.23972633511412375,0.38926346307749893,0.24100798944128876,0.14901960784313725,0.3137254901960784,0.796078431372549,0.02618255615234375,0.27345265706380206,0.44681073880670064,0.2341119548147317,0.21568627450980393,0.37254901960784315,0.8352941176470589,0.02175750732421875,0.13153203133185515,0.17841299668061075,0.43529411764705883,0.818049569522392,0.05754727572920169,0.24585284177234815
ISPY2-241705,10,0.4404190063476563,0.18814176073261335,0.32434729322880934,0.0941306182194492,0.20392156862745098,0.3254901960784314,0.43137254901960786,0.0,0.23364546233532477,0.39401775440479664,0.16112958051917486,0.24705882352941178,0.3607843137254902,0.5764705882352941,0.01431121826171875,0.2599999461454504,0.438623591187696,0.17874929637310472,0.27058823529411763,0.39215686274509803,0.6862745098039216,0.0156341552734375,0.06967046117598726,0.13847568206691693,0.19215686274509805,0.7101331508179108,0.044605836782899415,0.21874582455068756
ISPY2-242370,10,0.5726730346679687,0.15249106612859986,0.3272907376145818,0.12809937960147955,0.1411764705882353,0.32941176470588235,0.49019607843137253,0.0,0.255129352644378,0.5284882000276838,0.21880219634108836,0.23137254901960785,0.5294117647058824,0.8235294117647058,0.0164947509765625,0.2517203536688113,0.5275221083852265,0.22034315152346817,0.2,0.5411764705882353,0.803921568627451,0.00888671875,0.20119746241310205,0.21123286207956674,0.5215686274509804,0.8786693947217133,-0.0009660916424573136,0.40581961271616446
ISPY2-243836,10,0.664288330078125,0.07723566391888786,0.20532568098781065,0.0629925376374602,0.12156862745098039,0.20392156862745098,0.2784313725490196,0.0,0.16454687978707105,0.43650594103066753,0.2542959180806093,0.17647058823529413,0.35294117647058826,0.8862745098039215,0.021490478515625,0.1777450142654718,0.47141450038554045,0.21294239348251948,0.21568627450980393,0.4392156862745098,0.788235294117647,0.005426025390625,0.23118026004285683,0.2435404192805732,0.6745098039215687,0.9161636638001563,0.03490855935487298,0.29387942475864953
ISPY2-245655,10,0.684185791015625,0.11088421989889706,0.2910983886046156,0.17293153526673932,0.11764705882352941,0.24313725490196078,0.5450980392156862,0.00069122314453125,0.1659236593807445,0.40026264801187467,0.2515955330527239,0.15294117647058825,0.3254901960784314,0.8549019607843137,0.02263031005859375,0.1696169206207874,0.423173542845428,0.2652509748053302,0.16470588235294117,0.3333333333333333,0.9725490196078431,0.02985382080078125,0.10916425940725903,0.14093082127383358,0.3176470588235294,0.8048914829059003,0.02291089483355331,0.29821908277448156
ISPY2-246134,10,0.6018508911132813,0.11647645838120405,0.2613901909760382,0.11648025217297528,0.11764705882352941,0.24313725490196078,0.4235294117647059,0.0,0.295909896551394,0.4710803194083088,0.22307065828830042,0.1803921568627451,0.4627450980392157,0.7725490196078432,0.023699951171875,0.3331120689242494,0.5340924251554445,0.23112761738269333,0.21176470588235294,0.5372549019607843,0.8705882352941177,0.03170318603515625,0.20969012843227056,0.2381470683991321,0.5725490196078431,0.7956892818407931,0.06301210574713575,0.12647788112566158
ISPY2-247641,10,0.5153823852539062,0.11945870193780637,0.23192302736667134,0.08406755580027676,0.1450980392156863,0.21568627450980393,0.3333333333333333,0.0,0.15791695389093138,0.3079586794273627,0.17347665838854834,0.17254901960784313,0.25882352941176473,0.48627450980392156,0.01356964111328125,0.16353664024203432,0.3128245761133367,0.18066371244956103,0.1607843137254902,0.25882352941176473,0.5215686274509804,0.0108001708984375,0.0760356520606914,0.13010525123505964,0.19607843137254902,0.7986989883469406,0.0048658966859739085,0.45411666913308923
ISPY2-248255,10,0.6015625,0.11816202799479167,0.26695372573048826,0.13880969445372743,0.12156862745098039,0.22745098039215686,0.47843137254901963,2.899169921875e-05,0.20310679117838543,0.4415511161572472,0.23363192704685382,0.19607843137254902,0.3843137254901961,0.8117647058823529,0.02432861328125,0.20715080111634496,0.44351697664359857,0.23486376824124727,0.17647058823529413,0.4,0.792156862745098,0.02129974365234375,0.17459739042675895,0.17337700123563182,0.44313725490196076,0.9264590992647059,0.0019658604863514034,0.4352481617647059
ISPY2-250274,10,0.3912261962890625,0.1519202677408854,0.24020957901666,0.07496976782997562,0.1607843137254902,0.2235294117647059,0.34509803921568627,0.0,0.2094984047085631,0.3330050926743672,0.1762543418449079,0.2,0.27450980392156865,0.5411764705882353,0.0150054931640625,0.23257466035730698,0.3670026724966391,0.17843408553851567,0.20784313725490197,0.3058823529411765,0.6039215686274509,0.00963134765625,0.09279551365770712,0.15029527627399916,0.25098039215686274,0.8213682368923668,0.033997579822271945,0.3086654000591529
ISPY2-252748,10,0.61341552734375,0.11366122975068935,0.23853615430194305,0.14249649247210353,0.11372549019607843,0.19607843137254902,0.4196078431372549,0.00072784423828125,0.2046090758080576,0.36804789616121164,0.24164638345408365,0.1411764705882353,0.2901960784313726,0.7647058823529411,0.0235137939453125,0.2069893870634191,0.39225165452205074,0.260028886092495,0.1450980392156863,0.3058823529411765,0.8784313725490196,0.0284088134765625,0.12951174185926856,0.181629573929452,0.3607843137254902,0.8340885408443588,0.024203758360839045,0.33061116549306896
ISPY2-254060,10,0.7016799926757813,0.07863745595894608,0.23265837630606878,0.09565352909913566,0.12156862745098039,0.2196078431372549,0.3607843137254902,0.0,0.15538074568206187,0.4331459572632523,0.2518218795703942,0.15294117647058825,0.3803921568627451,0.8313725490196079,0.01336517333984375,0.15125587612974875,0.414740197357158,0.23399423143444492,0.1411764705882353,0.37254901960784315,0.7686274509803922,0.0073883056640625,0.2004875809571835,0.21898146120293613,0.5450980392156862,0.8560051558256226,-0.01840575990609433,0.49424317287872044
ISPY2-254273,10,0.4217330932617187,0.20769597072227328,0.3402560366579998,0.20224746642798727,0.1450980392156863,0.2784313725490196,0.6392156862745098,0.00706787109375,0.26597402535232845,0.4341476445396312,0.19974657717312724,0.21568627450980393,0.39215686274509803,0.7176470588235294,0.0122833251953125,0.26558469286151964,0.43326593239116884,0.2063036535459827,0.21568627450980393,0.38823529411764707,0.7372549019607844,0.01524658203125,0.09389160788163138,0.10997008133856484,0.23137254901960785,0.851131874830133,-0.0008817121484623329,0.4470793433833017
ISPY2-255078,10,0.5528167724609375,0.14609079996744792,0.28943224058610634,0.17379965021659088,0.11764705882352941,0.23921568627450981,0.5529411764705883,0.0009735107421875,0.19374581729664522,0.37780882657363,0.21659479469332046,0.16470588235294117,0.3254901960784314,0.6901960784313725,0.02105560302734375,0.19479129566865808,0.3805845514555177,0.23060076678809593,0.1607843137254902,0.3176470588235294,0.7529411764705882,0.023101806640625,0.08837658598752367,0.10756802245263031,0.23529411764705882,0.8522926576266097,0.0027757248818876777,0.4623054192570957
ISPY2-255535,10,0.3849227905273438,0.18068701650582109,0.28825257697181533,0.12312165567190647,0.18823529411764706,0.24705882352941178,0.4627450980392157,0.00145111083984375,0.21682058895335476,0.33673726272375354,0.2025720516313907,0.16862745098039217,0.26666666666666666,0.6235294117647059,0.018316650390625,0.2253092866785386,0.35054328138894414,0.22440290945128263,0.15294117647058825,0.27450980392156865,0.7058823529411765,0.02197418212890625,0.04848468575193817,0.11342331251219932,0.1803921568627451,0.6402950158398599,0.013806018665190644,0.4181127619406743
ISPY2-257735,10,0.7359237670898438,0.10180820240693934,0.34885577956372504,0.1934232752999743,0.12156862745098039,0.3137254901960784,0.615686274509804,0.000482177734375,0.1346829642501532,0.4524398460739278,0.27767408830188933,0.12941176470588237,0.403921568627451,0.9098039215686274,0.0117218017578125,0.14157783059512868,0.45704450838203714,0.2822664681169224,0.10196078431372549,0.43137254901960786,0.8901960784313725,0.00731353759765625,0.10358406651020273,0.14289295011028555,0.32941176470588235,0.7486897986305723,0.0046046623081093295,0.4510386271054228
ISPY2-259206,10,0.35839996337890623,0.2187440221449908,0.3348517043750617,0.12395385895229973,0.2,0.30980392156862746,0.5137254901960784,0.0,0.2956564510569853,0.4473310434145856,0.19631090743438814,0.24313725490196078,0.4,0.7215686274509804,0.0167694091796875,0.31915040857651655,0.4800459457325723,0.21188820092236246,0.25882352941176473,0.4235294117647059,0.788235294117647,0.02509002685546875,0.11247933903952397,0.13306354659033756,0.30196078431372547,0.8621310457834993,0.03271490231798664,0.3287702834148673
ISPY2-259899,10,0.6682785034179688,0.09185642018037685,0.23735933726379507,0.1015157767247296,0.11764705882352941,0.21568627450980393,0.3803921568627451,0.0,0.18079401352826288,0.43359898088317145,0.27595803342703873,0.11764705882352941,0.3803921568627451,0.8705882352941177,0.016204833984375,0.190504425647212,0.45330542379005356,0.25130587676996763,0.1411764705882353,0.4235294117647059,0.8274509803921568,0.00879058837890625,0.1962396436193764,0.23774421609622692,0.5647058823529412,0.777333633858793,0.019706442906882116,0.3618403197836217
ISPY2-261304,10,0.6004135131835937,0.14100084491804535,0.3242395674059339,0.1944693073429413,0.12156862745098039,0.24705882352941178,0.6078431372549019,5.645751953125e-05,0.18542204613779104,0.4242780758192697,0.2614685234399176,0.1411764705882353,0.34901960784313724,0.788235294117647,0.009625244140625,0.21409328685087317,0.4898641558252717,0.2998103127410242,0.15294117647058825,0.4196078431372549,0.9490196078431372,0.02953033447265625,0.10003850841333581,0.11457957583187257,0.2549019607843137,0.8286955890832579,0.06558608000600202,0.22250862059089713
ISPY2-262131,10,0.49342498779296873,0.1418590949563419,0.2655867820803654,0.10436860577063614,0.13333333333333333,0.2627450980392157,0.38823529411764707,0.0,0.26802469290939035,0.5019035298771711,0.2576564826034033,0.19215686274509805,0.44313725490196076,0.8745098039215686,0.0170562744140625,0.2819533942727482,0.52688003659937,0.24410575775171156,0.23137254901960785,0.48627450980392156,0.8941176470588236,0.025640869140625,0.2363167477968057,0.18064605855062138,0.5019607843137255,0.9486067309459049,0.024976506722198862,0.3357400395796246
ISPY2-264678,10,0.6543685913085937,0.10471211152918199,0.27144511378518466,0.14142837068522066,0.11764705882352941,0.23529411764705882,0.4823529411764706,0.0,0.15859078799977022,0.4021114660518554,0.2463730648222976,0.1411764705882353,0.34901960784313724,0.7568627450980392,0.018109130859375,0.17076109044692098,0.4338627147141189,0.2379566093123985,0.16862745098039217,0.39215686274509803,0.7803921568627451,0.01402130126953125,0.13066635226667075,0.18898298213070974,0.42745098039215684,0.8218380402007832,0.03175124866226351,0.24767231902804696
ISPY2-266509,10,0.49819793701171877,0.12260569254557292,0.23557145038511115,0.08534882911330377,0.1450980392156863,0.2196078431372549,0.34901960784313724,0.000347900390625,0.2001994114296109,0.37882730238671075,0.21761270994937595,0.20392156862745098,0.29411764705882354,0.7372549019607844,0.02093963623046875,0.1904722744810815,0.35931951940360285,0.17895237012570933,0.2,0.2980392156862745,0.615686274509804,0.0060546875,0.1432558520015996,0.18674631031636635,0.4666666666666667,0.9210091801703455,-0.019507782983107888,0.4348341700596909
ISPY2-267306,10,0.5441802978515625,0.1167475861194087,0.24335974221507728,0.1261590174244869,0.13725490196078433,0.20784313725490197,0.403921568627451,0.00045928955078125,0.1880038511986826,0.3935593020976794,0.21960969856724483,0.20784313725490197,0.3137254901960784,0.7568627450980392,0.025439453125,0.19161819158815868,0.4017104926502915,0.23667637577857079,0.2,0.3137254901960784,0.8352941176470589,0.0313629150390625,0.1501995598826021,0.13826828598904434,0.34509803921568627,0.9499574861244083,0.008151190552612118,0.3952016228918809
ISPY2-268937,10,0.5173233032226563,0.170362273571538,0.3261407018810331,0.19295185297496747,0.13333333333333333,0.27058823529411763,0.6039215686274509,0.00356597900390625,0.2070173974130668,0.37406157700919695,0.24099815507741917,0.10980392156862745,0.3215686274509804,0.7294117647058823,0.0143280029296875,0.22127966188916973,0.40320988264997804,0.24603906201518372,0.12549019607843137,0.3568627450980392,0.7647058823529411,0.01583099365234375,0.04792087512816379,0.16955149208301404,0.2549019607843137,0.5733339234399846,0.029148305640781132,0.39176548318670235
ISPY2-273691,10,0.6567138671875,0.09912915398092831,0.24065348669871192,0.11871170834595492,0.11372549019607843,0.20784313725490197,0.4196078431372549,0.0,0.15808977912454042,0.37766050165176657,0.22939457507629438,0.15294117647058825,0.30196078431372547,0.7215686274509804,0.009906005859375,0.15958267511106006,0.36956264441627584,0.1920772746815874,0.17254901960784313,0.3215686274509804,0.6313725490196078,0.00381622314453125,0.1370070149530547,0.1615854612131174,0.396078431372549,0.8921262712467107,-0.00809785723549074,0.38239634449896875
ISPY2-273745,10,0.6682723999023438,0.09812491024241729,0.24698403627668794,0.1714154101158218,0.10980392156862745,0.17647058823529413,0.48627450980392156,0.0012847900390625,0.15069194120519303,0.3674121671428356,0.250024888943375,0.1411764705882353,0.27450980392156865,0.7607843137254902,0.01829986572265625,0.1708330042221967,0.4173487485987537,0.25714389433424883,0.1568627450980392,0.33725490196078434,0.8392156862745098,0.023187255859375,0.12042813086614769,0.15099381868443779,0.3333333333333333,0.8646280375895236,0.04993658145591805,0.24488847797388236
ISPY2-277848,10,0.6194625854492187,0.10829179950788909,0.24503580869291608,0.09113626705587573,0.12156862745098039,0.25098039215686274,0.3607843137254902,0.0,0.2176396448471967,0.5050742603157411,0.29609230306435735,0.17254901960784313,0.396078431372549,0.9764705882352941,0.03245697021484375,0.21340379901960785,0.49133849402449387,0.2615816461451755,0.19215686274509805,0.40784313725490196,0.8901960784313725,0.00930328369140625,0.26003845162282496,0.24196050774523067,0.6392156862745098,0.9427841644980332,-0.01373576629124718,0.45191648388661887
ISPY2-279902,10,0.6302581787109375,0.14175763896867338,0.36490369730929256,0.14602928439392435,0.1843137254901961,0.3607843137254902,0.5254901960784314,0.00091705322265625,0.17612919227749696,0.45503931295109395,0.1809942754358637,0.27058823529411763,0.42745098039215684,0.6823529411764706,0.01139678955078125,0.19399728812423409,0.49638114991615967,0.18363340650470736,0.3137254901960784,0.4627450980392157,0.7529411764705882,0.01552276611328125,0.09013561564180135,0.09716433208832669,0.21176470588235294,0.8397740122320625,0.04134183696506574,0.28910009326741337
ISPY2-282082,10,0.6241256713867187,0.1428987869561887,0.3307359565797391,0.19376193633515548,0.12549019607843137,0.28627450980392155,0.6,0.0037384033203125,0.2016969389073989,0.45624762844938976,0.2414232826172334,0.1803921568627451,0.403921568627451,0.8313725490196079,0.0189361572265625,0.2105621098537071,0.4781432403434757,0.25471613562438794,0.18823529411764706,0.4235294117647059,0.9137254901960784,0.0287567138671875,0.1255116718696507,0.16733835720372728,0.3607843137254902,0.8075085351942289,0.021895611894085985,0.3986514190140988
ISPY2-282644,10,0.5410385131835938,0.18455419802198225,0.38920005071696384,0.11897324007826772,0.27450980392156865,0.3764705882352941,0.5254901960784314,0.000408935546875,0.21423342835669423,0.44796141599416167,0.16858869523994924,0.3058823529411765,0.403921568627451,0.6901960784313725,0.0100311279296875,0.24388741885914522,0.5093140530644161,0.16365314114678856,0.3764705882352941,0.4745098039215686,0.7411764705882353,0.013372802734375,0.058761365277197865,0.12304793609946009,0.20784313725490197,0.6797213956813006,0.0613526370702544,0.1872533537244211
ISPY2-282777,10,0.5202499389648437,0.14122338986864277,0.27180359989445496,0.14090053732652058,0.12549019607843137,0.24705882352941178,0.43529411764705883,0.002130126953125,0.2637309773763021,0.49872338758950113,0.22673931048406115,0.23921568627450981,0.4588235294117647,0.8509803921568627,0.02341461181640625,0.24642153870825673,0.47079157977004976,0.2026304878605049,0.24313725490196078,0.4470588235294118,0.7372549019607844,0.02151641845703125,0.22691978769504614,0.22224054660950726,0.5882352941176471,0.9339872586344539,-0.027931807819451357,0.4570543464086588
ISPY2-286984,10,0.5052627563476563,0.15587645885991117,0.2957911573695854,0.11699991355903623,0.14901960784313725,0.28627450980392155,0.45098039215686275,0.0,0.2472897039675245,0.47513738843057973,0.21861976686601367,0.24705882352941178,0.4235294117647059,0.8431372549019608,0.02168121337890625,0.26653802011527267,0.5116676617814423,0.20565235752017208,0.2784313725490196,0.47843137254901963,0.8352941176470589,0.014215087890625,0.17934623106099434,0.16352273042637705,0.4549019607843137,0.9304477363361308,0.03653027335086259,0.2619860531534616
ISPY2-287300,10,0.6188827514648437,0.11483214733647366,0.2692074928214062,0.11174479101617464,0.12156862745098039,0.27058823529411763,0.41568627450980394,0.0,0.20096479827282476,0.47030510309172735,0.27684080696729746,0.15294117647058825,0.4,0.9372549019607843,0.0294464111328125,0.2056511194565717,0.4770742597532669,0.24868334047233673,0.1803921568627451,0.43137254901960786,0.8470588235294118,0.01320648193359375,0.20109761027032116,0.21406854361162184,0.5529411764705883,0.8636339978139801,0.006769156661539576,0.3836945337491842
ISPY2-289107,10,0.6634750366210938,0.14095256132238052,0.3493130698061265,0.21783520877950507,0.11764705882352941,0.2901960784313726,0.6901960784313725,0.000555419921875,0.17654097014782477,0.4218184097416427,0.285745492760176,0.08235294117647059,0.3764705882352941,0.8705882352941177,0.01599578857421875,0.18875706691367955,0.4416383300015692,0.29586787379151147,0.08627450980392157,0.396078431372549,0.9215686274509803,0.02298736572265625,0.07250533993551625,0.17581470395727727,0.3058823529411765,0.6185948445895395,0.0198199202599265,0.4397923326305289
ISPY2-290413,10,0.63714599609375,0.1143680886661305,0.2694913504510299,0.1728227507799854,0.11764705882352941,0.20392156862745098,0.5294117647058824,0.00062408447265625,0.17375514011757046,0.4046214317518429,0.27576094241999005,0.13333333333333333,0.3058823529411765,0.8666666666666667,0.021978759765625,0.17685446346507355,0.4032511255132835,0.2654902356008278,0.12156862745098039,0.32941176470588235,0.803921568627451,0.02355499267578125,0.13513008130081303,0.20729377432438828,0.5215686274509804,0.797703952901598,-0.001370306238559343,0.4123843566021867
ISPY2-291515,10,0.6219497680664062,0.11663963766659008,0.2771637586778866,0.1391232198205732,0.12156862745098039,0.2549019607843137,0.4666666666666667,9.307861328125e-05,0.18356462067248774,0.4333188426545752,0.2695155971888932,0.15294117647058825,0.3607843137254902,0.9372549019607843,0.02726898193359375,0.18877633487477022,0.44466120579383395,0.25314281919067755,0.16470588235294117,0.39215686274509803,0.8666666666666667,0.0166168212890625,0.1561550839766886,0.183018555680603,0.4666666666666667,0.8993497713503849,0.011342363139258746,0.3729026998010163
ISPY2-294176,10,0.6361907958984375,0.1146458584654565,0.2639917379717273,0.1436916312003046,0.12156862745098039,0.2196078431372549,0.49411764705882355,0.00020904541015625,0.16268547506893383,0.3602878222749427,0.26907920551399894,0.12156862745098039,0.25882352941176473,0.8745098039215686,0.0254547119140625,0.173067351696538,0.3928882772522999,0.29099269937348554,0.12156862745098039,0.2784313725490196,0.9921568627450981,0.0358856201171875,0.09629608430321539,0.1623617486399863,0.38823529411764707,0.7038368298759363,0.032600454977357224,0.3301275867564779
ISPY2-294265,10,0.7320587158203125,0.08708671420228248,0.2654028620183936,0.1212078292139371,0.12156862745098039,0.2549019607843137,0.4470588235294118,0.0,0.14669302547679228,0.40316178955095516,0.2357915985935036,0.1607843137254902,0.32941176470588235,0.788235294117647,0.0130157470703125,0.1453021718941483,0.4091131057145007,0.23388337642556295,0.17647058823529413,0.34509803921568627,0.8117647058823529,0.01522064208984375,0.13775892753256155,0.1840088532208586,0.4470588235294118,0.8095991981685441,0.005951316163545568,0.32260618002482944
ISPY2-299364,10,0.637744140625,0.1166415345435049,0.2758507237643676,0.14673770238060385,0.12549019607843137,0.23137254901960785,0.47843137254901963,0.000238037109375,0.21899293188955268,0.49620671223065316,0.23125293760566784,0.20784313725490197,0.4745098039215686,0.8313725490196079,0.0136993408203125,0.23615471335018381,0.5533229796838536,0.22615695442101988,0.27450980392156865,0.5372549019607843,0.9215686274509803,0.0281005859375,0.22035598846628557,0.20287490383227658,0.5372549019607843,0.8957954239115784,0.05711626745320045,0.3230177584580132
ISPY2-299840,10,0.7171859741210938,0.09963025859757965,0.28407540998001074,0.16285123266070858,0.11372549019607843,0.23921568627450981,0.5294117647058824,0.00023345947265625,0.1579748654833027,0.4260888993974671,0.26495443325667445,0.12156862745098039,0.38823529411764707,0.8352941176470589,0.017431640625,0.1784719310087316,0.46937692771138506,0.2881825544196536,0.12156862745098039,0.44313725490196076,0.9686274509803922,0.025823974609375,0.14201348941745628,0.16288803777051758,0.36470588235294116,0.8182200760743479,0.04328802831391803,0.2699776093231541
ISPY2-300724,10,0.620166015625,0.10537501316444546,0.2503992334817974,0.07686407314599143,0.15294117647058825,0.24705882352941178,0.34509803921568627,0.0,0.16570237103630514,0.38221843500223074,0.24170881264688673,0.19215686274509805,0.2901960784313726,0.8784313725490196,0.03011016845703125,0.17308465695848652,0.40270634992652415,0.23160435332040444,0.21176470588235294,0.30980392156862746,0.8313725490196079,0.0209197998046875,0.13181920152043336,0.21654903345797505,0.5333333333333333,0.7639437909757039,0.020487914924293412,0.33180277027895616
ISPY2-301289,10,0.6974533081054688,0.087978515625,0.24754172885684683,0.1251293436281773,0.12156862745098039,0.2235294117647059,0.40784313725490196,0.00049285888671875,0.20091645483877144,0.5096733852333935,0.26050968607537806,0.2196078431372549,0.4470588235294118,0.9764705882352941,0.0278839111328125,0.18352950750612745,0.48409546280421517,0.22180332149640314,0.21568627450980393,0.4549019607843137,0.796078431372549,0.00858001708984375,0.26213165637654673,0.26871506335732104,0.7568627450980392,0.9488493370385874,-0.025577922429178352,0.5041532805116075
ISPY2-301968,10,0.840850830078125,0.0665127623314951,0.2911321790461151,0.19358800587604577,0.10980392156862745,0.20784313725490197,0.6235294117647059,0.0,0.09285797119140625,0.42050897674506044,0.30662385177524343,0.11372549019607843,0.3058823529411765,1.0,0.02059326171875,0.10389260086358762,0.4648172879890211,0.3202958656159103,0.11764705882352941,0.36470588235294116,1.0,0.023846435546875,0.12937679769894536,0.13747307936323802,0.3568627450980392,0.8637008628954937,0.044308311243960674,0.18511984659635666
ISPY2-303685,10,0.5163543701171875,0.13282923081341913,0.25096069535644216,0.16250388890538564,0.12941176470588237,0.2,0.4235294117647059,0.00774383544921875,0.1626251998602175,0.3118257016273739,0.1941526056216572,0.1568627450980392,0.25098039215686274,0.5450980392156862,0.01568756103515625,0.18216244566674325,0.3504985133988351,0.2029428010664532,0.1803921568627451,0.2823529411764706,0.6274509803921569,0.01851654052734375,0.06086500627093172,0.08789881379270281,0.12156862745098039,0.8704860519557549,0.03867281177146119,0.10877329143556641
ISPY2-303947,10,0.7192703247070312,0.11542446959252452,0.33048710056316105,0.21164476806272106,0.11764705882352941,0.27450980392156865,0.6431372549019608,0.00382232666015625,0.1558273016237745,0.4378310227009071,0.26075197804022043,0.13333333333333333,0.39215686274509803,0.8549019607843137,0.01319122314453125,0.15917580398858763,0.4523083570173024,0.2604323177255586,0.13725490196078433,0.41568627450980394,0.8666666666666667,0.0148773193359375,0.10734392213774611,0.16458830863628685,0.3254901960784314,0.773990509786443,0.014477334316395233,0.38235342077084883
ISPY2-306127,10,0.5308853149414062,0.13151044658586092,0.24372030058059024,0.16886890951812702,0.11372549019607843,0.1803921568627451,0.4666666666666667,0.0024200439453125,0.20902675254672182,0.3851033991184223,0.25370281854805155,0.15294117647058825,0.29411764705882354,0.8156862745098039,0.0261077880859375,0.2049376184800092,0.374077510290739,0.25223628436440615,0.1450980392156863,0.2784313725490196,0.788235294117647,0.02537841796875,0.14138309853783204,0.17992708516030495,0.4392156862745098,0.8574058593737294,-0.011025888827683272,0.4907705268362179
ISPY2-307659,10,0.5111343383789062,0.17238299799900428,0.33194030698429383,0.15034363863038583,0.1450980392156863,0.3254901960784314,0.5294117647058824,0.000616455078125,0.2220040594362745,0.41667141894447046,0.19454022500798931,0.19215686274509805,0.4,0.6509803921568628,0.01371917724609375,0.24033775179993874,0.4515967133209988,0.2089550728889916,0.21176470588235294,0.43137254901960786,0.7294117647058823,0.0216156005859375,0.08473111196017659,0.11031698581923287,0.19607843137254902,0.8432157761179588,0.03492529437652839,0.277127687798666
ISPY2-309830,10,0.6422653198242188,0.10268670773973651,0.2337479713248519,0.11336667247546428,0.11764705882352941,0.20392156862745098,0.38823529411764707,0.0,0.1978072282379749,0.39417850835870616,0.23232928124169838,0.16862745098039217,0.32941176470588235,0.7686274509803922,0.01710968017578125,0.2012546973134957,0.4173311939461532,0.24632113271607223,0.1803921568627451,0.34509803921568627,0.8588235294117647,0.023480224609375,0.16043053703385426,0.17542582850692978,0.43529411764705883,0.8951523811554949,0.02315268558744703,0.3118044743969801
ISPY2-311316,10,0.4006301879882812,0.1739322976505055,0.2814115223052737,0.0843091132286458,0.17254901960784313,0.2784313725490196,0.3843137254901961,0.0,0.25948482737821693,0.42189892823090036,0.22083908231958455,0.23921568627450981,0.34509803921568627,0.8117647058823529,0.04339599609375,0.2667049991383272,0.43384776073702164,0.21759902011243398,0.24705882352941178,0.3568627450980392,0.8196078431372549,0.03908233642578125,0.14048740592562664,0.18940604854321286,0.5098039215686274,0.9248096374009364,0.011948832506121288,0.3263111534280543
ISPY2-311455,10,0.5970748901367188,0.11774790445963541,0.2544950880704852,0.12133259121138235,0.11764705882352941,0.23137254901960785,0.41568627450980394,0.0003326416015625,0.2070867441214767,0.44960588800374485,0.2702661233173332,0.1411764705882353,0.38823529411764707,0.8862745098039215,0.02162322998046875,0.20288772882199754,0.4304226942215001,0.24403677774751775,0.1411764705882353,0.38823529411764707,0.788235294117647,0.01481781005859375,0.19511079993325964,0.2158635185170268,0.5411764705882353,0.852594665626503,-0.019183193782244756,0.5199139592745615
ISPY2-313243,10,0.726007080078125,0.08667207605698529,0.25613896579994855,0.11442871045485527,0.12156862745098039,0.23529411764705882,0.4117647058823529,0.0,0.1499222220626532,0.445205489025487,0.28215045292198704,0.11372549019607843,0.37254901960784315,0.8901960784313725,0.0133544921875,0.15849749396829044,0.4664657660974884,0.2894181477125641,0.09803921568627451,0.4117647058823529,0.8980392156862745,0.01150970458984375,0.18906652322553846,0.21815350285819846,0.5529411764705883,0.7804348310351741,0.02126027707200142,0.39175447194315116
ISPY2-313672,10,0.58934326171875,0.13824373133042278,0.3219644300751126,0.1365021752509719,0.16862745098039217,0.3058823529411765,0.48627450980392156,0.0012115478515625,0.1793826114430147,0.4187899948184143,0.1872340851007854,0.21176470588235294,0.3843137254901961,0.6627450980392157,0.0126434326171875,0.20187226538564645,0.4671585530261568,0.20845918357357934,0.23921568627450981,0.4196078431372549,0.7843137254901961,0.01859283447265625,0.09682556474330167,0.10151041400705156,0.20784313725490197,0.9005714752831366,0.04836855820774254,0.23074522160458963
ISPY2-316996,10,0.48748016357421875,0.15648831236596203,0.27992930586945175,0.12753928697177824,0.13333333333333333,0.2627450980392157,0.43137254901960786,0.00023956298828125,0.2834210145239736,0.5048845791349572,0.2620242121188897,0.19607843137254902,0.44313725490196076,0.9294117647058824,0.03828125,0.2742268820369945,0.4892455663659393,0.24050030206795853,0.2,0.4549019607843137,0.8470588235294118,0.0304290771484375,0.22495527326550552,0.1982491997951235,0.5176470588235295,0.8912008574363249,-0.015639012769017874,0.5023534840793724
ISPY2-318293,10,0.7415695190429688,0.07307505888097426,0.24070533359034874,0.09254689755956311,0.12549019607843137,0.23529411764705882,0.36470588235294116,0.0,0.14798319498697915,0.4656781993640606,0.26214674943362926,0.1607843137254902,0.396078431372549,0.8980392156862745,0.0125640869140625,0.15639887192670035,0.48519284547875774,0.245484661944751,0.17254901960784313,0.4392156862745098,0.8509803921568627,0.005755615234375,0.22497286577371187,0.22556729287053515,0.6,0.8811029433472087,0.01951464611469717,0.36670504531632864
ISPY2-318407,10,0.6691818237304688,0.10768398509306067,0.27902228938899193,0.162532862184867,0.12156862745098039,0.22745098039215686,0.5215686274509804,5.645751953125e-05,0.2011013075884651,0.5126189206800544,0.2475517287150905,0.2196078431372549,0.47058823529411764,0.8941176470588236,0.02066192626953125,0.20310683306525734,0.5198930094857989,0.2467045299044342,0.2235294117647059,0.49019607843137253,0.8941176470588236,0.02479095458984375,0.2335966312910626,0.20303127483115907,0.5333333333333333,0.910403357856138,0.007274088805744387,0.4654874195705819
ISPY2-318438,10,0.651446533203125,0.1277867395737592,0.30932013760203153,0.17978267556987626,0.12941176470588237,0.2549019607843137,0.5882352941176471,0.00119171142578125,0.18713861802045037,0.445291999160846,0.2463394895728022,0.1803921568627451,0.37254901960784315,0.8470588235294118,0.020269775390625,0.18846290737974877,0.45090063132262553,0.24536283735749587,0.1803921568627451,0.3843137254901961,0.8470588235294118,0.0195404052734375,0.13597186155881444,0.1752793324453483,0.3803921568627451,0.840177211200028,0.0056086321617795564,0.44531318402297443
ISPY2-318569,10,0.647412109375,0.10508130840226715,0.24950931175683125,0.11281479793753961,0.11372549019607843,0.23921568627450981,0.403921568627451,0.0,0.18510959400850183,0.42463141952529526,0.270097916045808,0.10588235294117647,0.396078431372549,0.8627450980392157,0.0170074462890625,0.19404745662913603,0.43453557298837,0.25269413707393396,0.11764705882352941,0.43137254901960786,0.8,0.00745697021484375,0.17512210776846399,0.22232749199795554,0.5333333333333333,0.786945194571389,0.009904153463074748,0.3960583714167013
ISPY2-319324,10,0.44832000732421873,0.12644710166781556,0.21718683318980603,0.08604528428828205,0.12941176470588237,0.19215686274509805,0.35294117647058826,0.0,0.18921380734911153,0.32882516019443353,0.21106432600522307,0.16470588235294117,0.24313725490196078,0.5843137254901961,0.025152587890625,0.19276043461818324,0.3334798380324225,0.2116540606237627,0.16470588235294117,0.24313725490196078,0.615686274509804,0.0196441650390625,0.11163832700462753,0.15783243138204958,0.2980392156862745,0.8802900851613474,0.004654677837988928,0.429753643351247
ISPY2-324021,10,0.6910308837890625,0.08564022288602942,0.22132591882895605,0.08185603129733621,0.12156862745098039,0.21176470588235294,0.3333333333333333,0.0,0.1744834810144761,0.4458716777901663,0.27219392480677435,0.10980392156862745,0.3843137254901961,0.8980392156862745,0.01706085205078125,0.1770074702244179,0.46584094993350306,0.23182916386874242,0.16470588235294117,0.43137254901960786,0.792156862745098,0.00238800048828125,0.2245457589612102,0.23023552292075758,0.6039215686274509,0.839969183054631,0.019969272143336755,0.40143022233635905
ISPY2-326202,10,0.62137451171875,0.10678782145182292,0.23845367530898617,0.13206170349474372,0.11372549019607843,0.18823529411764706,0.4627450980392157,0.0,0.18237715178844977,0.39566113965333366,0.2362626964107259,0.16862745098039217,0.3254901960784314,0.7607843137254902,0.02312469482421875,0.19910392013250613,0.43782328097115625,0.25024136966149746,0.1843137254901961,0.36470588235294116,0.8941176470588236,0.0299652099609375,0.15720746434434751,0.14961980390362084,0.41568627450980394,0.9372924525260341,0.042162141317822546,0.22525550504562014
ISPY2-327133,10,0.5045989990234375,0.1525673241708793,0.27794326911892436,0.15142886679190476,0.12156862745098039,0.23921568627450981,0.47843137254901963,0.000836181640625,0.23759373085171567,0.42538956777662185,0.2412070643134384,0.17254901960784313,0.34901960784313724,0.8117647058823529,0.01718292236328125,0.254057066674326,0.45543491271814424,0.26652551921224116,0.17647058823529413,0.3607843137254902,0.8980392156862745,0.02868194580078125,0.14744629865769746,0.15536534358490894,0.3843137254901961,0.8744679147185107,0.030045344941522407,0.3933765777753137
ISPY2-327142,10,0.5150833129882812,0.1720535338158701,0.3336037135790769,0.1246208534513122,0.20784313725490197,0.30980392156862746,0.48627450980392156,4.57763671875e-06,0.24422620586320468,0.4778375750306416,0.19074042688605777,0.2901960784313726,0.43529411764705883,0.7490196078431373,0.02179107666015625,0.25742790072571997,0.5060361578511737,0.19759081745357837,0.3137254901960784,0.4549019607843137,0.8274509803921568,0.03130035400390625,0.1442338614515647,0.14180556722063967,0.3058823529411765,0.9243191365502919,0.02819858282053204,0.2741358422882676
ISPY2-329941,10,0.4232879638671875,0.17918764002182905,0.29784857105237517,0.09502869613880732,0.1803921568627451,0.29411764705882354,0.403921568627451,0.0,0.2508201329848345,0.40676939936772055,0.19069619597519308,0.24705882352941178,0.35294117647058826,0.6745098039215687,0.01640777587890625,0.2544625076593137,0.41338560030181076,0.18007572169970198,0.2627450980392157,0.3607843137254902,0.6627450980392157,0.0126312255859375,0.10892082831534536,0.17638591986159174,0.3254901960784314,0.7828439439720177,0.006616200934090226,0.4210644681627923
ISPY2-330134,10,0.37721557617187496,0.21256987328622856,0.3329736887061537,0.11121771742275101,0.23529411764705882,0.3215686274509804,0.4235294117647059,0.0031646728515625,0.2452501364315257,0.3826603363985421,0.14729062898802234,0.26666666666666666,0.35294117647058826,0.5137254901960784,0.013861083984375,0.24077050900926777,0.3753679124854171,0.15966374103263212,0.24313725490196078,0.33725490196078434,0.5450980392156862,0.0151702880859375,0.0496866476923884,0.09956702651303626,0.16470588235294117,0.6787856365828082,-0.007292423913124939,0.5703102796044572
ISPY2-331192,10,0.5994720458984375,0.12380498549517463,0.26265293393062966,0.15276613607989142,0.12549019607843137,0.2196078431372549,0.4666666666666667,0.001556396484375,0.17891626096239277,0.36760152954472963,0.2187998823823657,0.17647058823529413,0.29411764705882354,0.6941176470588235,0.0189361572265625,0.18244047875497854,0.3800247404382912,0.22770318114729513,0.1843137254901961,0.3058823529411765,0.7607843137254902,0.02336578369140625,0.10494859561409996,0.1425124452956118,0.3254901960784314,0.8202979161110899,0.012423210893561586,0.38234218446417007
ISPY2-332655,10,0.6945709228515625,0.10211999033011643,0.2844292178668176,0.15522101476832023,0.12549019607843137,0.23529411764705882,0.5176470588235295,2.74658203125e-05,0.16650855569278494,0.45776288033873064,0.276985834149041,0.1411764705882353,0.4,0.9490196078431372,0.0237457275390625,0.17027306650199142,0.4635443954067144,0.2586670829031318,0.1411764705882353,0.43529411764705883,0.8431372549019608,0.0177764892578125,0.173333662471913,0.2365863623407389,0.592156862745098,0.7975880019583745,0.00578151506798377,0.36589630606596524
ISPY2-333145,10,0.6457778930664062,0.09288735782398898,0.21497697539878438,0.11090160516243296,0.10980392156862745,0.19215686274509805,0.3254901960784314,9.613037109375e-05,0.1705348534677543,0.3841593919501781,0.2647948465278825,0.12156862745098039,0.3058823529411765,0.8666666666666667,0.022125244140625,0.18525129729626225,0.40927508086842684,0.270196427204113,0.13333333333333333,0.3333333333333333,0.8941176470588236,0.0235565185546875,0.16918241655139374,0.21547257202771156,0.5411764705882353,0.8319527187983269,0.025115688918248752,0.35881762534299977
ISPY2-335091,10,0.747052001953125,0.09633258894378063,0.3130275081342529,0.18328158930627422,0.11372549019607843,0.2784313725490196,0.611764705882353,6.103515625e-05,0.13942854339001226,0.3474368527904852,0.28249526829492916,0.027450980392156862,0.2980392156862745,0.807843137254902,0.01569671630859375,0.16181134392233457,0.41249121756175383,0.3040474368025474,0.047058823529411764,0.3803921568627451,0.9882352941176471,0.0257049560546875,0.034409344656232306,0.2141198807949587,0.29411764705882354,0.5580556426899597,0.06505436477126864,0.2429903723186063
ISPY2-340186,10,0.6707260131835937,0.11848829680798101,0.29855554201680023,0.18990030226964744,0.11372549019607843,0.23137254901960785,0.5725490196078431,0.0006439208984375,0.18645823759191177,0.44621311472877556,0.29506868368686884,0.10196078431372549,0.403921568627451,0.9137254901960784,0.0246673583984375,0.19181650797526043,0.45495400775779765,0.285983258739563,0.10196078431372549,0.4392156862745098,0.8705882352941177,0.01877593994140625,0.14765757271197535,0.20700688139616827,0.45098039215686275,0.7630182628722897,0.008740893029022095,0.40263122529461104
ISPY2-341238,10,0.5504714965820312,0.1158805877087163,0.22420101015970115,0.07424766849678521,0.13333333333333333,0.21568627450980393,0.3215686274509804,0.0,0.22870856191597733,0.42511484880982736,0.25162228549261073,0.19215686274509805,0.3333333333333333,0.8862745098039215,0.0280517578125,0.21953385296989888,0.4114568272769609,0.20321041228811096,0.20392156862745098,0.36470588235294116,0.7333333333333333,0.00123291015625,0.20091383865012621,0.2717169065595052,0.7019607843137254,0.7920727215948242,-0.013658021532866464,0.4747881046696741
ISPY2-342142,10,0.590240478515625,0.16584065755208333,0.37064835705638477,0.14946391053982794,0.21176470588235294,0.3333333333333333,0.611764705882353,7.01904296875e-05,0.19711079316980698,0.44735633644237466,0.1929385136938106,0.2627450980392157,0.396078431372549,0.7215686274509804,0.0110992431640625,0.23252982943665748,0.5272244979022368,0.22272103443236607,0.3058823529411765,0.4627450980392157,0.8823529411764706,0.02387237548828125,0.07670797938598989,0.11085676765443395,0.20392156862745098,0.7887763461681686,0.07986816145986213,0.1341103746183064
ISPY2-342996,10,0.7632659912109375,0.07022498037300857,0.24374273138799304,0.09626609737324486,0.11764705882352941,0.24313725490196078,0.3686274509803922,0.0,0.12234217026654412,0.41908653784177485,0.25945882060245196,0.1450980392156863,0.37254901960784315,0.9411764705882353,0.02005157470703125,0.12436530618106617,0.43018929923818755,0.23175070306309972,0.1803921568627451,0.38823529411764707,0.8274509803921568,0.00619659423828125,0.1753438064537818,0.2080291137848887,0.5647058823529412,0.8601059647042141,0.01110276139641269,0.44126177922730847
ISPY2-345460,10,0.5664505004882813,0.12669860241459865,0.2762729922768985,0.1474105715635314,0.12549019607843137,0.2235294117647059,0.5019607843137255,4.57763671875e-06,0.15399423636642157,0.31945887153267677,0.22424635832623044,0.09411764705882353,0.24705882352941178,0.6509803921568628,0.00396881103515625,0.17224081002029717,0.3573351590584321,0.2463141848284791,0.10196078431372549,0.2784313725490196,0.7294117647058823,0.0104339599609375,0.04318587925577825,0.1472407503044751,0.23529411764705882,0.567854264406207,0.037876287525755344,0.38322815884222416
ISPY2-345483,10,0.599517822265625,0.107993912042356,0.23285110859096364,0.14769649251429265,0.11764705882352941,0.18823529411764706,0.4,0.0030029296875,0.16154252594592525,0.3377605102850406,0.21710335471122516,0.14901960784313725,0.27058823529411763,0.6274509803921569,0.0190826416015625,0.17021995394837622,0.3588499461355829,0.22744484564079295,0.1607843137254902,0.2901960784313726,0.7098039215686275,0.02434539794921875,0.104909401694077,0.13041471413474637,0.28627450980392155,0.8758591785414921,0.021089435850542303,0.26670349767583634
ISPY2-345574,10,0.6049911499023437,0.10914882285922181,0.2467172827496684,0.14990379300468834,0.11372549019607843,0.19607843137254902,0.4470588235294118,0.00184173583984375,0.16005727730545344,0.357589924289471,0.2231669288140053,0.1568627450980392,0.28627450980392155,0.6705882352941176,0.0183349609375,0.17391442990770525,0.3887219889713504,0.22729442856566265,0.17254901960784313,0.3176470588235294,0.7215686274509804,0.0186004638671875,0.11087264153980265,0.13474971788171167,0.23529411764705882,0.9209457919520383,0.031132064681879366,0.21264867328767387
ISPY2-347516,10,0.626055908203125,0.11229383880016851,0.25904904505096144,0.13629483050583047,0.11764705882352941,0.23529411764705882,0.4235294117647059,0.00091400146484375,0.19178238214231003,0.42334790151881013,0.21958771088829945,0.19607843137254902,0.37254901960784315,0.7764705882352941,0.0105224609375,0.20472559311810662,0.4543902180651261,0.2118940032670846,0.21568627450980393,0.4196078431372549,0.7803921568627451,0.0085784912109375,0.16429885646784873,0.17547364179743594,0.42745098039215684,0.9382824358953433,0.031042316546315916,0.2364649811480895
ISPY2-349330,10,0.6574752807617188,0.0951063388001685,0.2164841028737212,0.10450976055236588,0.10980392156862745,0.1803921568627451,0.3764705882352941,0.0,0.15395720238779106,0.3454485009032324,0.2579403795311213,0.0784313725490196,0.28627450980392155,0.7607843137254902,0.01110076904296875,0.1634460808249081,0.35948319785065536,0.2629618206740158,0.09411764705882353,0.2901960784313726,0.803921568627451,0.0144989013671875,0.1289643980295112,0.2045831054525513,0.4666666666666667,0.7012477893058087,0.014034696947422973,0.3916214133296507
ISPY2-349639,10,0.6330001831054688,0.11070515352136949,0.25148415989836276,0.17599399735015125,0.11372549019607843,0.18823529411764706,0.5176470588235295,0.00310211181640625,0.15777359906364888,0.3346259083883598,0.2344430493095496,0.13333333333333333,0.25098039215686274,0.7098039215686275,0.01635284423828125,0.17540912702971814,0.3761241286845567,0.24914758730090775,0.1568627450980392,0.28627450980392155,0.8313725490196079,0.024029541015625,0.08314174848999707,0.12266487331689116,0.2549019607843137,0.7845225077645239,0.04149822029619691,0.2402740762607217
ISPY2-350331,10,0.719647216796875,0.10291608025045956,0.3067142765058911,0.19368862404304527,0.12156862745098039,0.22745098039215686,0.5843137254901961,0.001629638671875,0.1715873508827359,0.48874556419132215,0.24565261965650248,0.21176470588235294,0.43529411764705883,0.9607843137254902,0.0266448974609375,0.17197316487630207,0.49770829891619633,0.2499988205490099,0.22745098039215686,0.4392156862745098,1.0,0.030853271484375,0.182031287685431,0.16819441243383335,0.4549019607843137,0.9037456730455228,0.00896273472487421,0.39294189362767507
ISPY2-353318,10,0.6480072021484375,0.10448284074371937,0.26156683566257327,0.10543974025470636,0.12156862745098039,0.26666666666666666,0.38823529411764707,1.220703125e-05,0.18599859499463847,0.46636733260335805,0.25685904681387295,0.1803921568627451,0.40784313725490196,0.9215686274509803,0.01867828369140625,0.19458394966873468,0.47912923503384935,0.2302064610454193,0.20784313725490197,0.4392156862745098,0.8509803921568627,0.00625762939453125,0.20480049694078478,0.22299623227967472,0.615686274509804,0.9376110836562888,0.012761902430491275,0.3376596353421593
ISPY2-355292,10,0.6992950439453125,0.09252728032130822,0.2638304892160345,0.11398870319593817,0.12549019607843137,0.25098039215686274,0.41568627450980394,0.0,0.1963354372510723,0.5313937617468462,0.24326880866063444,0.25098039215686274,0.47843137254901963,0.9647058823529412,0.026025390625,0.1834796621285233,0.5043278142433713,0.21558094036207526,0.23921568627450981,0.49019607843137253,0.803921568627451,0.0081939697265625,0.2675632725308117,0.2633615788971554,0.7254901960784313,0.924686659562592,-0.02706594750347493,0.5128837468919674
ISPY2-356399,10,0.832879638671875,0.07261880912032782,0.3400806770975437,0.19518551730370537,0.11764705882352941,0.2901960784313726,0.6352941176470588,0.0,0.10130435719209559,0.48103748054862716,0.2872002958339981,0.16470588235294117,0.40784313725490196,1.0,0.0216156005859375,0.11074301326976103,0.5259887169505689,0.29145596989996575,0.1843137254901961,0.4627450980392157,1.0,0.027362060546875,0.1409568034510835,0.1447503451146446,0.37254901960784315,0.9508783462985282,0.04495123640194181,0.06026989518279099
ISPY2-357017,10,0.5043380737304688,0.15811415728400735,0.2889558183842068,0.1412635210043113,0.12549019607843137,0.27058823529411763,0.4980392156862745,0.00012664794921875,0.2737014411477482,0.5012810708622671,0.28556577551531925,0.1568627450980392,0.4627450980392157,0.9607843137254902,0.03991851806640625,0.2700012685738358,0.4846604152055266,0.2621119744508616,0.1607843137254902,0.4549019607843137,0.8745098039215686,0.0191619873046875,0.21232525247806033,0.17175852854540108,0.45098039215686275,0.9098747987452168,-0.016620655656740545,0.5546350939086373
ISPY2-357034,10,0.59986572265625,0.11575814639820772,0.2679941246458008,0.1575141680889047,0.12941176470588237,0.21568627450980393,0.47058823529411764,0.0027252197265625,0.15102506151386336,0.34348390199607715,0.21493049562348981,0.1568627450980392,0.26666666666666666,0.6666666666666666,0.0134368896484375,0.15548704259535848,0.35250451777770203,0.2270786552516526,0.15294117647058825,0.27450980392156865,0.6862745098039216,0.01878204345703125,0.07548977735027627,0.13454383606284567,0.2196078431372549,0.8007108209524391,0.009020615781624892,0.41998688184508376
ISPY2-360937,10,0.57982177734375,0.13173240512025122,0.2833972620453428,0.10599523566089226,0.12549019607843137,0.30196078431372547,0.4117647058823529,0.0,0.2291328400256587,0.4889534632016137,0.2861714022474513,0.14901960784313725,0.4235294117647059,1.0,0.0450286865234375,0.23102679084329042,0.49052062096155385,0.23154395298746328,0.18823529411764706,0.47058823529411764,0.8235294117647058,0.0080078125,0.20555620115627088,0.23981435654788347,0.611764705882353,0.8343816274948432,0.0015671577599402097,0.4289314662560646
ISPY2-362993,10,0.4467514038085938,0.1648271568148744,0.2761916319384113,0.17859075314341463,0.12156862745098039,0.21568627450980393,0.5058823529411764,0.004559326171875,0.2214431822533701,0.3669369703052123,0.2189631816079809,0.15294117647058825,0.3058823529411765,0.6901960784313725,0.01513519287109375,0.24249128753063726,0.4020701268755516,0.2280157530333996,0.17254901960784313,0.33725490196078434,0.7529411764705882,0.01916351318359375,0.090745338366801,0.11145421950614291,0.20392156862745098,0.9158385667044517,0.03513315657033932,0.15376871671396697
ISPY2-363669,10,0.5697494506835937,0.10796325085209865,0.22829574020061585,0.09624581482442933,0.12156862745098039,0.21568627450980393,0.33725490196078434,8.85009765625e-05,0.17266025318818934,0.3526190300852847,0.2333370570846741,0.1568627450980392,0.2784313725490196,0.7568627450980392,0.02188568115234375,0.1677319934321385,0.34620586507249895,0.20948408100911867,0.13725490196078433,0.2980392156862745,0.6784313725490196,0.007781982421875,0.12432328988466887,0.19382041609810846,0.4392156862745098,0.838077944738606,-0.006413165012785789,0.39354326184793365
ISPY2-367682,10,0.709033203125,0.11041263355928309,0.33628508040235733,0.1896934096835279,0.13333333333333333,0.27450980392156865,0.6235294117647059,0.0,0.14764199649586396,0.44646748697800986,0.25555806440307227,0.17254901960784313,0.3764705882352941,0.8274509803921568,0.01753692626953125,0.164060531317019,0.5039090854499209,0.2675205608248056,0.20784313725490197,0.4392156862745098,0.9254901960784314,0.02176513671875,0.11018240657565258,0.1620111021509734,0.3411764705882353,0.7746161268669239,0.057441598471911,0.26803993958717903
ISPY2-371528,10,0.4826263427734375,0.14198519239238666,0.2496200462099865,0.08070031357767037,0.1607843137254902,0.23921568627450981,0.34901960784313724,0.0,0.21709931018305761,0.3831778832347176,0.22604586587704983,0.20784313725490197,0.30196078431372547,0.7725490196078432,0.03547821044921875,0.2342797612208946,0.4118484306890104,0.2058518279828106,0.23921568627450981,0.3411764705882353,0.7490196078431373,0.02092132568359375,0.13355783702473104,0.20266006701323194,0.4823529411764706,0.8143871694596332,0.028670547454292834,0.2890381223714557
ISPY2-373672,10,0.63890380859375,0.10334100461473653,0.25591788184121894,0.12042897316994168,0.11372549019607843,0.24705882352941178,0.396078431372549,3.509521484375e-05,0.19265088848039216,0.48064551570264696,0.3012929600192877,0.16862745098039217,0.36470588235294116,1.0,0.037127685546875,0.20836817124310664,0.5093069146796002,0.28972087334553587,0.19607843137254902,0.41568627450980394,0.984313725490196,0.03280029296875,0.224727633861428,0.21928850540123593,0.5882352941176471,0.9286831074000202,0.028661398976953276,0.3210591257902032
ISPY2-374106,10,0.6647872924804688,0.1096380375880821,0.27602455744343396,0.12494417318274642,0.12549019607843137,0.25882352941176473,0.4470588235294118,0.0,0.20756763533049938,0.5270429362540929,0.2754637068414674,0.16470588235294117,0.5176470588235295,0.9450980392156862,0.025152587890625,0.1928236478917739,0.47734136265517424,0.2531278875082793,0.13333333333333333,0.4666666666666667,0.8313725490196079,0.01013946533203125,0.2510183788106589,0.22168278866331176,0.5725490196078431,0.8773607665521087,-0.049701573598918594,0.5665065889796754
ISPY2-374121,10,0.52647705078125,0.13591053682215073,0.2545253826312046,0.13930848394027553,0.11764705882352941,0.20392156862745098,0.4745098039215686,4.57763671875e-06,0.20375773710363052,0.37414132598980665,0.25169710109461707,0.13725490196078433,0.2901960784313726,0.796078431372549,0.0319427490234375,0.22067277496936274,0.40572501151217105,0.25380981504516187,0.15294117647058825,0.3254901960784314,0.8470588235294118,0.02817840576171875,0.11961594335860198,0.16007517048215114,0.3843137254901961,0.8072007682194323,0.031583685522364444,0.3239830115232915
ISPY2-375342,10,0.4563247680664062,0.14530541513480394,0.2535713682334594,0.11269529696960835,0.11764705882352941,0.23137254901960785,0.4117647058823529,0.0,0.24056619681564032,0.39415118868039883,0.25272600783823906,0.11764705882352941,0.3411764705882353,0.8,0.0152923583984375,0.2505167284198836,0.4080345583812148,0.23573347846170084,0.12941176470588237,0.3764705882352941,0.7607843137254902,0.00549468994140625,0.14057982044693948,0.2260244154085049,0.5137254901960784,0.7006508505401302,0.013883369700815891,0.3784559770756912
ISPY2-375455,10,0.7367111206054687,0.08359874650543811,0.24362132313878673,0.10916331821912043,0.11372549019607843,0.23137254901960785,0.39215686274509803,0.0,0.14493980258118874,0.43184650361892085,0.2925770728569002,0.12941176470588237,0.34509803921568627,0.9882352941176471,0.02531585693359375,0.15017719343596814,0.4153143653766324,0.27283528703279053,0.11372549019607843,0.3568627450980392,0.8627450980392157,0.00862579345703125,0.18822518048013415,0.22960400093012223,0.596078431372549,0.8293586169725701,-0.016532138242288438,0.5339526743128039
ISPY2-377460,10,0.5313232421875,0.1330394131529565,0.2612085272719287,0.12373382484144319,0.1411764705882353,0.2235294117647059,0.43529411764705883,2.44140625e-05,0.21238987941367954,0.41536176250986934,0.2392247543607718,0.1843137254901961,0.3333333333333333,0.792156862745098,0.0196868896484375,0.20493235270182292,0.39967747973284223,0.21841547411720447,0.1803921568627451,0.3333333333333333,0.7215686274509804,0.008892822265625,0.15415323523794058,0.20019785193357761,0.47843137254901963,0.820001172058134,-0.015684282777027048,0.4854274105328958
ISPY2-378401,10,0.6470596313476562,0.10451827703737746,0.26176422692482226,0.1858844373639033,0.11764705882352941,0.18823529411764706,0.5333333333333333,0.00358428955078125,0.14585558124617032,0.35804306599619395,0.24768506513556005,0.14901960784313725,0.2627450980392157,0.796078431372549,0.02355194091796875,0.1641204115923713,0.4027244799771592,0.26076836756627647,0.16862745098039217,0.3058823529411765,0.9333333333333333,0.03120574951171875,0.0962788390713717,0.1262415081939268,0.23921568627450981,0.8113859310082446,0.0446814139809653,0.2596421144559301
ISPY2-380239,10,0.628106689453125,0.091837630926394,0.20975923907499353,0.09057367622354243,0.11764705882352941,0.1843137254901961,0.3411764705882353,0.0,0.1613777609432445,0.35860224085038656,0.2271126990448081,0.15294117647058825,0.2784313725490196,0.7019607843137254,0.01291046142578125,0.17206030153760724,0.3882949887706474,0.2236493026513514,0.17647058823529413,0.3137254901960784,0.7294117647058823,0.01172332763671875,0.14884300177539297,0.196544512256788,0.4392156862745098,0.8497111486763717,0.029692747920260814,0.273916397236218
ISPY2-380769,10,0.5574569702148438,0.18094981474034927,0.38737408370813203,0.14442593456714675,0.24313725490196078,0.3568627450980392,0.5725490196078431,0.00230255126953125,0.23052592558019303,0.4983762386947711,0.18000971556886605,0.30196078431372547,0.4666666666666667,0.7529411764705882,0.00975189208984375,0.25525604248046874,0.5540601334232512,0.20582827319139274,0.3215686274509804,0.5137254901960784,0.8705882352941177,0.020989990234375,0.11100215498663908,0.10214674009004485,0.2196078431372549,0.9528109645720196,0.055683894728480135,0.17753297129557796
ISPY2-380972,10,0.582275390625,0.15707606296913296,0.35921444001329345,0.1674276043382279,0.14901960784313725,0.34509803921568627,0.611764705882353,9.1552734375e-06,0.22310984892003677,0.510929739517081,0.27234019054459,0.1843137254901961,0.44313725490196076,0.9529411764705882,0.02707061767578125,0.2315874107211244,0.525033133358545,0.23554239614721,0.2235294117647059,0.49019607843137253,0.8666666666666667,0.01128692626953125,0.15171529950378748,0.1565265987789829,0.3843137254901961,0.8517204850964348,0.014103393841464114,0.36427893045002924
ISPY2-382853,10,0.6210525512695313,0.12218612371706494,0.2806145607304517,0.15017319445250316,0.12549019607843137,0.24313725490196078,0.5019607843137255,7.62939453125e-06,0.2360303332758885,0.5470876967923677,0.2856181919500584,0.16862745098039217,0.5411764705882353,0.9921568627450981,0.036279296875,0.21792795218673408,0.4984687222503428,0.25028966258340485,0.15294117647058825,0.5098039215686274,0.8274509803921568,0.01857147216796875,0.2664731360619159,0.25952284821698735,0.6705882352941176,0.8698554844632711,-0.04861897454202481,0.563538114009833
ISPY2-386664,10,0.3870437622070313,0.24455966126685047,0.3878798209035099,0.13462554989201198,0.25098039215686274,0.3568627450980392,0.5647058823529412,0.00154571533203125,0.29992880428538604,0.4732558219562722,0.18925114927697617,0.2901960784313726,0.4235294117647059,0.7490196078431373,0.014300537109375,0.2935099463369332,0.4594937476866492,0.19973103764980507,0.26666666666666666,0.40784313725490196,0.7568627450980392,0.01735382080078125,0.08537600105276223,0.13380281935391142,0.26666666666666666,0.7726054064280682,-0.013762074269623012,0.5884512841449115
ISPY2-388581,10,0.7305801391601563,0.0903804105870864,0.2761451104990751,0.14692031178051393,0.11372549019607843,0.23921568627450981,0.49411764705882355,0.0,0.1502584898705576,0.43543401899206846,0.26538813945564893,0.11372549019607843,0.4117647058823529,0.8313725490196079,0.01513519287109375,0.15202242383769915,0.43654223575853063,0.27042567226873837,0.10588235294117647,0.41568627450980394,0.8509803921568627,0.016253662109375,0.15928890849299335,0.1934025077101652,0.44313725490196076,0.7978217900287143,0.0011082167664621452,0.4604824231028448
ISPY2-395076,10,0.6579681396484375,0.10176182167202819,0.25130049771454394,0.1209515132700632,0.11372549019607843,0.2235294117647059,0.41568627450980394,0.0,0.15052189845664826,0.37691016697728996,0.2420857923932702,0.13725490196078433,0.3176470588235294,0.7529411764705882,0.0176971435546875,0.16660317813648898,0.41335305716815485,0.24035415387550443,0.1568627450980392,0.36470588235294116,0.796078431372549,0.01239166259765625,0.125609669262746,0.17704926952056688,0.40784313725490196,0.8554877450324331,0.03644289019086493,0.2603879475717587
ISPY2-395249,10,0.6281600952148437,0.11484584434359682,0.2791438846958503,0.15601690579484842,0.1411764705882353,0.23921568627450981,0.4627450980392157,0.002496337890625,0.14761618221507353,0.3591199293796119,0.20010656544674527,0.17254901960784313,0.30980392156862746,0.6235294117647059,0.01053466796875,0.1699262013154871,0.41658037458383756,0.22141302518230502,0.2,0.3607843137254902,0.7529411764705882,0.0178192138671875,0.07997604468376159,0.11470463414041043,0.2196078431372549,0.7552823475823693,0.05746044520422567,0.25976552080725845
ISPY2-395379,10,0.57298583984375,0.11801595650467217,0.25799974888328736,0.13515423151362815,0.13333333333333333,0.21176470588235294,0.45098039215686275,0.00063629150390625,0.16595451205384498,0.36291733439609514,0.22865769893838542,0.16470588235294117,0.2823529411764706,0.7058823529411765,0.02417449951171875,0.18740854899088544,0.40608150867333587,0.2414418582865177,0.19215686274509805,0.3137254901960784,0.8274509803921568,0.03253631591796875,0.10491758551280779,0.1466729640598192,0.28627450980392155,0.8214459277893714,0.043164174277240695,0.23939424258883393
ISPY2-402265,10,0.55736083984375,0.10978451597924326,0.20956905031116993,0.11543452475762406,0.10980392156862745,0.17254901960784313,0.33725490196078434,0.00042724609375,0.19648625392539829,0.37408841725377723,0.23360070569004196,0.17254901960784313,0.2823529411764706,0.7803921568627451,0.01469268798828125,0.2227489875344669,0.42146941482530526,0.2375749833961433,0.2,0.3333333333333333,0.8392156862745098,0.0190338134765625,0.16451936694260727,0.15409744009233986,0.403921568627451,0.983463638620005,0.04738099757152799,0.14239472160172087
ISPY2-402384,10,0.4728912353515625,0.18330163693895526,0.3326889830288165,0.16687913375908617,0.12941176470588237,0.3137254901960784,0.5568627450980392,0.00024566650390625,0.22854257621017157,0.3860787072307661,0.24030859397755167,0.09411764705882353,0.3686274509803922,0.7215686274509804,0.00936126708984375,0.22536818560431984,0.3757738135173478,0.23114918793184255,0.09411764705882353,0.35294117647058826,0.7058823529411765,0.00204620361328125,0.053389724201949554,0.1720010239340548,0.25882352941176473,0.5731807576292677,-0.010304893713418278,0.4541462341436867
ISPY2-405717,10,0.6476531982421875,0.10817493513518688,0.25862856675102025,0.13061219767835672,0.11764705882352941,0.2235294117647059,0.4745098039215686,0.0,0.19332419601141237,0.44554529850430696,0.25618035561980695,0.1568627450980392,0.396078431372549,0.8470588235294118,0.02241363525390625,0.1989668722713695,0.4547261717162505,0.25484680157309453,0.17254901960784313,0.4,0.8941176470588236,0.02654876708984375,0.18691673175328663,0.1781177298925851,0.47058823529411764,0.9072078782577063,0.009180873211943602,0.36595442459097327
ISPY2-406190,10,0.59527587890625,0.13289962469362746,0.2886875815022133,0.18931518776054432,0.11764705882352941,0.2235294117647059,0.5686274509803921,0.00257415771484375,0.17618186202703737,0.3754508384563296,0.2740100518076532,0.09411764705882353,0.29411764705882354,0.8431372549019608,0.02070159912109375,0.18606111414292278,0.3881025841191551,0.2743176316084206,0.09411764705882353,0.3137254901960784,0.8352941176470589,0.0260528564453125,0.0867632569541163,0.2084039754409005,0.4,0.5916641532197255,0.01265174566282553,0.4361597044186397
ISPY2-410083,10,0.4702911376953125,0.13611332313687194,0.2267450980392157,0.13504804768341178,0.11372549019607843,0.1843137254901961,0.38823529411764707,0.0019317626953125,0.18014558679917278,0.29681792071574414,0.2039316606139146,0.12941176470588237,0.22745098039215686,0.5372549019607843,0.01519317626953125,0.21880182602826287,0.3575054914951722,0.22266321904280165,0.1568627450980392,0.2823529411764706,0.6666666666666666,0.02138671875,0.07007282267652848,0.12624559689831658,0.1607843137254902,0.8302923808152096,0.060687570779428004,0.0991761486389169
ISPY2-411008,10,0.5340301513671875,0.14720815022786457,0.28525409653018907,0.1849004810585938,0.12941176470588237,0.23137254901960785,0.5098039215686274,0.00980682373046875,0.21282494638480393,0.4051621911461963,0.22156667725591533,0.20392156862745098,0.33725490196078434,0.7450980392156863,0.027386474609375,0.22427344827090992,0.4271928881711242,0.2252193703000127,0.2196078431372549,0.3568627450980392,0.8117647058823529,0.0324127197265625,0.11990809461600724,0.1392466428470739,0.3176470588235294,0.8764809514765307,0.022030697024927895,0.3026806122248492
ISPY2-411684,10,0.716546630859375,0.10213672712737439,0.2909175715677197,0.13338792042765474,0.11764705882352941,0.2901960784313726,0.4627450980392157,3.0517578125e-06,0.1609475767846201,0.44919927920350977,0.25758518813869247,0.11372549019607843,0.4235294117647059,0.8352941176470589,0.01708984375,0.1908170991785386,0.519594881297839,0.2852936906084976,0.13725490196078433,0.48627450980392156,1.0,0.03178253173828125,0.15828170763579003,0.1849316565304346,0.44313725490196076,0.809290282293663,0.07039560209432925,0.18706530867121723
ISPY2-411806,10,0.40090789794921877,0.18648585899203432,0.30082644685882026,0.11739813474382112,0.1568627450980392,0.28627450980392155,0.4666666666666667,0.0,0.3042045862534467,0.493842942185776,0.24096130095764984,0.19607843137254902,0.4745098039215686,0.8470588235294118,0.025848388671875,0.29194283279718136,0.46596809346298185,0.20482937892281136,0.21176470588235294,0.4549019607843137,0.7450980392156863,0.00781707763671875,0.19301649532695578,0.17846455521502258,0.45098039215686275,0.8856607262474498,-0.027874848722794138,0.5628277651984993
ISPY2-411950,10,0.4934951782226562,0.14148099413105086,0.2522737514644169,0.13816007352133847,0.12549019607843137,0.2196078431372549,0.4117647058823529,0.002264404296875,0.21380569757199755,0.3747153494874179,0.1924601492914726,0.18823529411764706,0.3333333333333333,0.6078431372549019,0.0158416748046875,0.22752847708907784,0.39233721499432955,0.20619794270145203,0.2,0.3411764705882353,0.6901960784313725,0.022076416015625,0.122441598023001,0.130567346395803,0.27450980392156865,0.8790816495603161,0.01762186550691168,0.4290676411311581
ISPY2-413961,10,0.7109359741210938,0.11175351011986825,0.30272004600532154,0.21070977435252303,0.11372549019607843,0.22745098039215686,0.611764705882353,0.00420379638671875,0.13617189295151655,0.36205527697536544,0.25344132890583415,0.11764705882352941,0.2784313725490196,0.7803921568627451,0.014935302734375,0.14343861299402574,0.3734266067214677,0.2650602519651529,0.12549019607843137,0.2784313725490196,0.8352941176470589,0.01865234375,0.05933523097004386,0.12647778338464996,0.19215686274509805,0.6791824367481168,0.011371329746102336,0.43679562502309427
ISPY2-414256,10,0.6185211181640625,0.1257942409141391,0.29938343440541737,0.16517933568296056,0.11764705882352941,0.25882352941176473,0.5372549019607843,4.57763671875e-06,0.1881156831629136,0.43797410038629664,0.2669034364704126,0.14901960784313725,0.3843137254901961,0.9058823529411765,0.02818603515625,0.1927084171070772,0.44488551098303053,0.2502655949896593,0.15294117647058825,0.4196078431372549,0.8313725490196079,0.02179412841796875,0.1385906659808792,0.16629013878632176,0.4117647058823529,0.862043310960537,0.006911410596733914,0.37409102181547643
ISPY2-414286,10,0.6583877563476562,0.12825493906058516,0.31969990091811673,0.18141687047491536,0.13333333333333333,0.2784313725490196,0.5411764705882353,0.00504608154296875,0.17855291628370099,0.4265532090207342,0.21344363345174405,0.21176470588235294,0.3686274509803922,0.7568627450980392,0.01406097412109375,0.1886645866842831,0.45755195668108184,0.2106283143599709,0.23529411764705882,0.4117647058823529,0.7803921568627451,0.01826324462890625,0.10685330810261741,0.14743196066404024,0.3254901960784314,0.8384931145842174,0.030998747660347686,0.26695670429115725
ISPY2-415039,10,0.6190216064453125,0.11604264203239889,0.2591650516453427,0.16329114621002563,0.11764705882352941,0.20392156862745098,0.47843137254901963,0.00208740234375,0.20091420491536457,0.45280654031412065,0.26514233714223084,0.1568627450980392,0.3803921568627451,0.8941176470588236,0.023553466796875,0.199417922076057,0.4369520805542637,0.26606873068189885,0.1450980392156863,0.3607843137254902,0.8784313725490196,0.02489166259765625,0.19364148866877795,0.19276456483938054,0.5019607843137255,0.8734890539014251,-0.01585445975985697,0.535685963521015
ISPY2-416434,10,0.5839935302734375,0.11756999894684436,0.255278792928881,0.0945590634720651,0.1411764705882353,0.23921568627450981,0.4,0.0,0.20577721090877757,0.44498630427030883,0.2673732761839763,0.19607843137254902,0.34509803921568627,1.0,0.04492950439453125,0.21632799933938418,0.4696018665834696,0.26084421173544403,0.21176470588235294,0.3843137254901961,0.9411764705882353,0.0249603271484375,0.18970751134142777,0.200130131332406,0.5607843137254902,0.9023929517228225,0.024615562313160776,0.3534078654899976
ISPY2-419590,10,0.518939208984375,0.13444636924594058,0.2648496629198389,0.1037888925039243,0.15294117647058825,0.23529411764705882,0.41568627450980394,0.0,0.204704117120481,0.3959795923393654,0.23367553590242224,0.1843137254901961,0.30196078431372547,0.7803921568627451,0.007958984375,0.21138480990540748,0.4118446254378783,0.23340037606636613,0.1843137254901961,0.3254901960784314,0.7764705882352941,0.0060211181640625,0.13112992941952656,0.17085501929970015,0.403921568627451,0.8791916718474441,0.015865033098512886,0.4180538462514432
ISPY2-420523,10,0.5258071899414063,0.1608993590111826,0.320306992496806,0.14467548433247185,0.1411764705882353,0.30196078431372547,0.5176470588235295,1.52587890625e-05,0.25180274514590995,0.47429071285170016,0.26384194447195186,0.13725490196078433,0.45098039215686275,0.8352941176470589,0.019744873046875,0.26335365445006126,0.5035295026215024,0.2587361775736816,0.16862745098039217,0.4823529411764706,0.8745098039215686,0.02435302734375,0.15398372035489422,0.22511859102874457,0.47843137254901963,0.7518204957411823,0.029238789769802317,0.34717650200954414
ISPY2-423619,10,0.5491989135742188,0.13601061054304533,0.2814182672700135,0.15958570992739393,0.13725490196078433,0.21568627450980393,0.5647058823529412,4.57763671875e-06,0.17758760938457413,0.36953845771969435,0.2283226525132084,0.1803921568627451,0.27450980392156865,0.7137254901960784,0.02201690673828125,0.19996573055491726,0.4192592734179683,0.2427995520288564,0.20784313725490197,0.3176470588235294,0.8313725490196079,0.03061981201171875,0.08812019044968082,0.11235328814689877,0.20784313725490197,0.8562197693586111,0.04972081569827402,0.18257361129445535
ISPY2-423979,10,0.670867919921875,0.09754587809244791,0.24455912805548738,0.10890783742361766,0.11372549019607843,0.23137254901960785,0.39215686274509803,0.0,0.18029611026539522,0.4557066913923659,0.2784863001210635,0.13725490196078433,0.38823529411764707,0.9254901960784314,0.02189483642578125,0.18252619126263786,0.45968342014599073,0.2625126640284217,0.14901960784313725,0.403921568627451,0.8666666666666667,0.01090850830078125,0.21114756333687856,0.21695284427474623,0.5764705882352941,0.8903616133518776,0.003976728753624769,0.4130227167362077
ISPY2-424541,10,0.61939697265625,0.1072166592467065,0.22417819560551375,0.1068768032305957,0.11372549019607843,0.19215686274509805,0.3843137254901961,0.0,0.20322769464231005,0.4260230616509729,0.29459520219588664,0.09411764705882353,0.3686274509803922,0.9254901960784314,0.02729034423828125,0.21197501388250614,0.4430919126687206,0.28441499317123375,0.10980392156862745,0.403921568627451,0.9058823529411765,0.02373199462890625,0.2018448660454592,0.23251195150448006,0.5647058823529412,0.7738301420828122,0.01706885101774762,0.3745910709131146
ISPY2-425173,10,0.5377944946289063,0.1395966832778033,0.2788885054634245,0.1127183909952227,0.12941176470588237,0.2784313725490196,0.42745098039215684,0.0,0.24588424383425245,0.48930172397108035,0.2640756745037109,0.18823529411764706,0.42745098039215684,0.9372549019607843,0.0333984375,0.24075194714116116,0.4765729349998036,0.22295563563771223,0.21176470588235294,0.44313725490196076,0.8196078431372549,0.0063018798828125,0.21041321850765587,0.20729697906288638,0.5568627450980392,0.9074546649015718,-0.012728788971276815,0.44698937971879527
ISPY2-426106,10,0.53604736328125,0.1388467945772059,0.26799894188738194,0.16339945797599026,0.10980392156862745,0.2,0.5019607843137255,0.00056304931640625,0.21309934728285845,0.4061381107814505,0.2504187126987047,0.16862745098039217,0.3137254901960784,0.8196078431372549,0.03249053955078125,0.24162136302274814,0.4599844223742066,0.2629639072968108,0.19215686274509805,0.37254901960784315,0.9529411764705882,0.04217376708984375,0.13813916889406855,0.14368943188521288,0.3686274509803922,0.9501802299576394,0.05384631159275614,0.11273581182413765
ISPY2-427321,10,0.5105148315429687,0.11060193828507965,0.2124528743131442,0.10382587880637842,0.12156862745098039,0.1803921568627451,0.32941176470588235,4.57763671875e-06,0.19876406800513174,0.38465782804273213,0.26966980819921416,0.15294117647058825,0.27450980392156865,0.9098039215686274,0.02926177978515625,0.21109296611711093,0.407070067863923,0.2526729656009518,0.16862745098039217,0.30980392156862746,0.8431372549019608,0.01573333740234375,0.17220495372958794,0.21421079988918104,0.6078431372549019,0.9030172480976593,0.022412239821190876,0.303782236922089
ISPY2-431061,10,0.36270751953125,0.17638058531518075,0.2663553869457067,0.09692609446443354,0.17254901960784313,0.24313725490196078,0.3843137254901961,0.0,0.23193229525696996,0.3486539724783357,0.1643776770860069,0.2235294117647059,0.2980392156862745,0.5372549019607843,0.01404266357421875,0.24078856823491115,0.36102210206204033,0.1638762768147664,0.22745098039215686,0.3137254901960784,0.5607843137254902,0.01158905029296875,0.08229858553262898,0.129320957831872,0.2196078431372549,0.7839873005535656,0.012368129583704687,0.33690884364165724
ISPY2-433144,10,0.6159744262695312,0.10039866129557291,0.23692086549529914,0.1776435420261845,0.11372549019607843,0.16470588235294117,0.4666666666666667,0.0040679931640625,0.1553738582835478,0.3587175960281798,0.21087935484743017,0.1843137254901961,0.2784313725490196,0.6901960784313725,0.01161346435546875,0.17103574865004598,0.39567905231030526,0.2191193710662838,0.20392156862745098,0.3137254901960784,0.7607843137254902,0.01395416259765625,0.12179673053288069,0.10645006246297747,0.23137254901960785,0.9435541869474521,0.036961456282125445,0.22887454057812656
ISPY2-436371,10,0.45900268554687496,0.1209491206150429,0.20984651653682446,0.08002468268404889,0.12549019607843137,0.1843137254901961,0.33725490196078434,0.0,0.22507215312882964,0.38576653356153884,0.2300994945643908,0.1843137254901961,0.3058823529411765,0.792156862745098,0.02285919189453125,0.23686734068627452,0.4049644098080583,0.20919128442231127,0.19607843137254902,0.34509803921568627,0.7137254901960784,0.01137847900390625,0.17592001702471438,0.19093785670479893,0.5215686274509804,0.9357322562812369,0.019197876246519457,0.3427716416394959
ISPY2-437162,10,0.6148910522460938,0.11609103932100184,0.2603141092798234,0.14327635911769473,0.11764705882352941,0.2,0.48627450980392156,0.0,0.21434600830078124,0.4706839030162058,0.26465544849469486,0.1607843137254902,0.4392156862745098,0.8431372549019608,0.0167022705078125,0.2198551731483609,0.49008919224325426,0.27557437910204463,0.1803921568627451,0.42745098039215684,0.9411764705882353,0.0274993896484375,0.21036979373638237,0.19197276738725544,0.5019607843137255,0.9161915327773045,0.019405289227048466,0.33207995720823347
ISPY2-437968,10,0.6566146850585938,0.0984347354664522,0.24646269686282005,0.10146979860480816,0.11764705882352941,0.24705882352941178,0.3843137254901961,0.0,0.1712363628312653,0.43462548131752204,0.2831861834396699,0.14901960784313725,0.3254901960784314,0.9333333333333333,0.0246185302734375,0.1688938694374234,0.4230831488571451,0.23611016965085307,0.16862745098039217,0.3568627450980392,0.8,0.00521240234375,0.188162784454702,0.2239660590361842,0.5803921568627451,0.8884025577561422,-0.011542332460376937,0.39592785314675993
ISPY2-439489,10,0.4704193115234375,0.1702347819010417,0.3084258709678659,0.10193105067167381,0.19215686274509805,0.2901960784313726,0.4588235294117647,0.0,0.2319297940123315,0.4179856054953892,0.1965728114350401,0.24705882352941178,0.3568627450980392,0.6627450980392157,0.028216552734375,0.2449506871840533,0.4426480559780515,0.20906335548920385,0.25098039215686274,0.37254901960784315,0.7568627450980392,0.0287353515625,0.10955973452752332,0.15266023197537515,0.30980392156862746,0.8205269314770102,0.024662450482662336,0.3903868428483343
ISPY2-442637,10,0.6884658813476563,0.07236154593673406,0.19390314560830968,0.06598485054865956,0.11764705882352941,0.1843137254901961,0.2823529411764706,0.0,0.17377492867264094,0.44466677941558225,0.28324132453354456,0.1411764705882353,0.34509803921568627,0.9019607843137255,0.0213836669921875,0.1511848060757506,0.38570827783522466,0.20966767523937224,0.14901960784313725,0.3411764705882353,0.6901960784313725,0.00164031982421875,0.2507636338072725,0.2793649449698133,0.7098039215686275,0.851778201178447,-0.058958501580357564,0.5593607194110704
ISPY2-442669,10,0.41286010742187496,0.12514017142501532,0.20368738823741395,0.0792681390939568,0.12941176470588237,0.1803921568627451,0.30980392156862746,0.0,0.19005253212124695,0.3056316011648482,0.21984540480582843,0.1607843137254902,0.21568627450980393,0.6196078431372549,0.0223876953125,0.18965422387216607,0.3031859662167933,0.1865793559120803,0.16470588235294117,0.22745098039215686,0.5647058823529412,0.0052398681640625,0.10194421292743425,0.18471826862391583,0.35294117647058826,0.8070521949748952,-0.002445634948054921,0.38817218832188116
ISPY2-442981,10,0.5363861083984375,0.13634866751876532,0.26114574689713826,0.1392196999293496,0.12156862745098039,0.21568627450980393,0.4823529411764706,0.0,0.2534691126206342,0.47970228067003046,0.2007126500876233,0.2549019607843137,0.45098039215686275,0.7450980392156863,0.02229461669921875,0.25200524423636644,0.480421313650759,0.21430739769209492,0.2549019607843137,0.4392156862745098,0.803921568627451,0.0287017822265625,0.21855653377289222,0.14729233510691933,0.4392156862745098,0.962686861904856,0.0007190329807285118,0.4591191242586412
ISPY2-443444,10,0.6228836059570313,0.10466548545687807,0.23855861919757687,0.1487212730741307,0.11764705882352941,0.19215686274509805,0.4196078431372549,0.000982666015625,0.18259817684397978,0.40938317490971676,0.2773755290674109,0.1450980392156863,0.30196078431372547,0.9294117647058824,0.02708587646484375,0.18083260330499387,0.40430154412349817,0.24468825445784556,0.15294117647058825,0.3254901960784314,0.7843137254901961,0.017578125,0.17082455571213986,0.22793158216022294,0.592156862745098,0.8607994432463271,-0.005081630786218602,0.3652927205266501
ISPY2-443708,10,0.4562271118164063,0.13938554950788912,0.240258552581589,0.12756299001090646,0.12549019607843137,0.2,0.4,0.00110626220703125,0.20586746515012255,0.35116019688229533,0.23720283635425454,0.1411764705882353,0.2627450980392157,0.7529411764705882,0.02151031494140625,0.22198638916015626,0.3767703122970223,0.24191863459674337,0.15294117647058825,0.2901960784313726,0.796078431372549,0.02419281005859375,0.11090164430070631,0.18215705023418916,0.3843137254901961,0.7910300336450906,0.025610115414726953,0.3443977697149287
ISPY2-446263,10,0.46682434082031254,0.18092278574027268,0.32443867805892557,0.11860226340561421,0.16862745098039217,0.3176470588235294,0.47843137254901963,1.678466796875e-05,0.2671599324544271,0.45369598039832953,0.1777715152156316,0.29411764705882354,0.41568627450980394,0.6705882352941176,0.02109832763671875,0.2896129234164369,0.4934727613478438,0.182552608095307,0.3411764705882353,0.4470588235294118,0.7490196078431373,0.02620086669921875,0.12925730233940397,0.1586315498876165,0.33725490196078434,0.8388281218698308,0.03977678094951428,0.29763151719124725
ISPY2-451482,10,0.644586181640625,0.10889368992225797,0.28218654843572644,0.14967177973463647,0.13333333333333333,0.23921568627450981,0.5098039215686274,0.00017242431640625,0.18678664263556985,0.47394851674248034,0.24430580616305678,0.19215686274509805,0.43529411764705883,0.8313725490196079,0.02043609619140625,0.18500319536994486,0.47207640900120246,0.22865421785759846,0.21176470588235294,0.43529411764705883,0.8156862745098039,0.02120208740234375,0.19176196830675393,0.2004954240083237,0.5058823529411764,0.8769298140165891,-0.0018721077412778922,0.4073732204495887
ISPY2-451816,10,0.709765625,0.09166391410079656,0.2687246201475207,0.11346476799361636,0.12156862745098039,0.27058823529411763,0.41568627450980394,0.0,0.1495257807712929,0.43676293279761436,0.26438215897167944,0.15294117647058825,0.3803921568627451,0.9647058823529412,0.02665252685546875,0.16023268755744485,0.4602863655556435,0.24643399451236542,0.17254901960784313,0.4196078431372549,0.8745098039215686,0.01516265869140625,0.1680383126500937,0.20789269100524166,0.5490196078431373,0.8472146281965006,0.02352343275802919,0.2537590427321669
ISPY2-452703,10,0.721112060546875,0.08072368547028186,0.22381853229331475,0.09909645885234844,0.11372549019607843,0.2,0.3568627450980392,0.0,0.16656662286496632,0.4201113956185849,0.27769265488736905,0.1607843137254902,0.3058823529411765,0.996078431372549,0.02763671875,0.17795319800283393,0.45623697884817815,0.2954496115017947,0.16470588235294117,0.32941176470588235,1.0,0.0353729248046875,0.19629286332527013,0.21961701149320081,0.6352941176470588,0.9234784321449675,0.036125583229593236,0.3385255947300462
ISPY2-453596,10,0.4319808959960938,0.1658045331169577,0.2824551476059629,0.09795338753210395,0.16862745098039217,0.27450980392156865,0.38823529411764707,0.0,0.23528645833333334,0.39918413944151065,0.20188549324042582,0.23137254901960785,0.3411764705882353,0.7176470588235294,0.02540283203125,0.2385853427064185,0.40251196898705915,0.19203676799070546,0.24313725490196078,0.3411764705882353,0.6941176470588235,0.01885986328125,0.11672899183554772,0.14791296477664032,0.3568627450980392,0.9299623647104017,0.0033278295455485187,0.4432851497755583
ISPY2-454808,10,0.6490478515625,0.11084794586780024,0.25325435635123617,0.10117533955088184,0.12941176470588237,0.23529411764705882,0.4,0.0,0.2095453898111979,0.47239462915601027,0.2576236281968292,0.16862745098039217,0.43529411764705883,0.8823529411764706,0.0199066162109375,0.2119922892252604,0.482076726342711,0.2416177744976143,0.17647058823529413,0.4745098039215686,0.8313725490196079,0.01035919189453125,0.21914027280477408,0.23869489006964786,0.6196078431372549,0.8406608695652174,0.009682097186700767,0.42784782608695654
ISPY2-455828,10,0.55428466796875,0.12443435369753371,0.2592338318396402,0.12801437801710752,0.12156862745098039,0.23137254901960785,0.4117647058823529,8.697509765625e-05,0.2138014430625766,0.44341441914590723,0.2503278666229194,0.19215686274509805,0.36470588235294116,0.8941176470588236,0.0330322265625,0.22284463321461398,0.4613498925711659,0.23667132902472438,0.20784313725490197,0.403921568627451,0.8588235294117647,0.02129364013671875,0.18418058730626696,0.19372712063333403,0.5411764705882353,0.9475323857256319,0.01793547342525869,0.26960603072878153
ISPY2-456432,10,0.4917861938476562,0.16233360140931374,0.3025752238006199,0.13506210219384202,0.1568627450980392,0.27450980392156865,0.5019607843137255,0.0004302978515625,0.2998157037473192,0.5418401853314803,0.2468709110749702,0.22745098039215686,0.5294117647058824,0.8745098039215686,0.0193603515625,0.2657344204771752,0.47264808230062816,0.21944445485793324,0.16470588235294117,0.47843137254901963,0.7411764705882353,0.01120452880859375,0.23926496153086033,0.24533018772179976,0.6,0.8258317495488842,-0.06919210303085213,0.6003668975539163
ISPY2-456506,10,0.5915390014648437,0.10196511661305147,0.21434352521608518,0.11260254245084303,0.10980392156862745,0.17254901960784313,0.39215686274509803,6.103515625e-06,0.16891682942708333,0.3484062973575056,0.24127083268182442,0.1450980392156863,0.25882352941176473,0.7372549019607844,0.02398223876953125,0.19481293921377144,0.40167538581316814,0.24008223932941827,0.17254901960784313,0.3215686274509804,0.788235294117647,0.02326507568359375,0.13406277214142048,0.1765108110218999,0.4196078431372549,0.8767338217110154,0.053269088455662514,0.13254933897171717
ISPY2-458196,10,0.6417755126953125,0.12150351730047487,0.2815209404174336,0.1635444626381115,0.11764705882352941,0.23137254901960785,0.5176470588235295,5.645751953125e-05,0.17899611529181983,0.36930321773888164,0.2605836728767541,0.09019607843137255,0.2980392156862745,0.7764705882352941,0.01292724609375,0.18987120983647365,0.4024695094806961,0.2806079932972855,0.09411764705882353,0.32941176470588235,0.8549019607843137,0.01939544677734375,0.08778227732144799,0.18414974006762144,0.34901960784313724,0.6359438760297488,0.0331662917418145,0.3879863353296474
ISPY2-459311,10,0.5381683349609375,0.1905472340303309,0.4031927383099963,0.1434108261320012,0.24313725490196078,0.3686274509803922,0.6235294117647059,0.000238037109375,0.22821254356234683,0.482305700854744,0.19656525852711487,0.27058823529411763,0.43137254901960786,0.7607843137254902,0.01386566162109375,0.2609605676987592,0.5539283774011942,0.20429690870485698,0.3411764705882353,0.49411764705882355,0.8745098039215686,0.0211700439453125,0.07911296254474777,0.09860142610530806,0.1843137254901961,0.8628124731552272,0.07162267654645002,0.0559791981920665
ISPY2-460776,10,0.5959686279296875,0.1194267302868413,0.26769697704828005,0.18707224390735647,0.11372549019607843,0.19215686274509805,0.5490196078431373,0.00224761962890625,0.1594317267922794,0.3464468902227074,0.2196479129500701,0.14901960784313725,0.26666666666666666,0.6941176470588235,0.0106048583984375,0.1726328053193934,0.37557333387835357,0.22932922176332793,0.16470588235294117,0.29411764705882354,0.7490196078431373,0.0138031005859375,0.07874991317442735,0.09838489285701373,0.1843137254901961,0.8548865876594685,0.02912644365564615,0.2724917480531448
ISPY2-460812,10,0.6231246948242187,0.10696657068589155,0.2517272540279042,0.12034700400530718,0.12156862745098039,0.23921568627450981,0.3764705882352941,0.0002227783203125,0.20248577043121935,0.4797867714835915,0.252570950343045,0.20784313725490197,0.4117647058823529,0.9411764705882353,0.03042144775390625,0.21136655321308212,0.4991980987642619,0.2437086434922579,0.2235294117647059,0.44313725490196076,0.9019607843137255,0.02646331787109375,0.22805951745568728,0.19888740855091105,0.5647058823529412,0.9681929154739685,0.019411327280670354,0.3348570179238752
ISPY2-461824,10,0.51522216796875,0.20080727371515011,0.39888544670757786,0.13294798128212892,0.25882352941176473,0.3607843137254902,0.615686274509804,0.0,0.26358806535309437,0.5147608971823816,0.18088786016395314,0.3333333333333333,0.4627450980392157,0.7647058823529411,0.01889190673828125,0.27699008717256435,0.5381734163209262,0.18099174275636642,0.35294117647058826,0.48627450980392156,0.8,0.023040771484375,0.11587545047480377,0.13444012692906374,0.28627450980392155,0.8522524110492786,0.023412519138544547,0.3748520635560144
ISPY2-462581,10,0.6421585083007812,0.11445176068474265,0.2881569430108781,0.1611209760092853,0.12549019607843137,0.2549019607843137,0.4980392156862745,0.000885009765625,0.1999789249195772,0.48068528581933595,0.24128952553747293,0.21176470588235294,0.43137254901960786,0.9019607843137255,0.02681427001953125,0.18977028042662378,0.4607890209790502,0.21042677491669823,0.20392156862745098,0.4392156862745098,0.7607843137254902,0.005694580078125,0.19252834280845785,0.2753616647280116,0.7137254901960784,0.8344881990491013,-0.01989626484028573,0.5359913011960855
ISPY2-462605,10,0.5818389892578125,0.13209588144339768,0.29247939339795964,0.1768022358420715,0.14901960784313725,0.22745098039215686,0.5294117647058824,0.004443359375,0.15922538607728248,0.34451820239710723,0.21610719705651885,0.16470588235294117,0.2627450980392157,0.6862745098039216,0.012603759765625,0.16332499186197916,0.34949900353067964,0.217241275401283,0.1607843137254902,0.27450980392156865,0.6941176470588235,0.012945556640625,0.05203880899914756,0.12697024631839549,0.1607843137254902,0.659371054494501,0.0049808011335723944,0.3991227750085752
ISPY2-464547,10,0.72601318359375,0.09248569862515318,0.2854917248699435,0.15771522774430907,0.12156862745098039,0.23137254901960785,0.5333333333333333,3.0517578125e-06,0.16652011646943934,0.4988517465351033,0.2655735518270611,0.16470588235294117,0.4666666666666667,0.9372549019607843,0.0223480224609375,0.16781818464690562,0.4968005451233735,0.25392914469717903,0.1607843137254902,0.48627450980392156,0.8666666666666667,0.01565399169921875,0.21336002166515972,0.23459894300495204,0.596078431372549,0.8631153931833371,-0.002051201411729762,0.4563377144130096
ISPY2-466267,10,0.67655029296875,0.11055439668543199,0.29588908326284813,0.17585087410956116,0.1411764705882353,0.24705882352941178,0.5098039215686274,0.00316619873046875,0.14465264413871018,0.39236508091556055,0.22952300585509433,0.1607843137254902,0.32941176470588235,0.7215686274509804,0.01606292724609375,0.14825256946040136,0.40167697489985915,0.23079412648450817,0.17254901960784313,0.34509803921568627,0.7294117647058823,0.0201934814453125,0.09647599765271245,0.13270615341654937,0.2901960784313726,0.7357908442465185,0.009311893984298629,0.41386289013850625
ISPY2-467622,10,0.6181655883789062,0.10973648968864891,0.258482725808245,0.08103207086077922,0.1411764705882353,0.2627450980392157,0.3607843137254902,0.0,0.22719758276845894,0.5209957633443605,0.25109108678007974,0.23137254901960785,0.4470588235294118,0.9019607843137255,0.01492919921875,0.2206058457318474,0.5030388908987321,0.2116366724851127,0.24705882352941178,0.47058823529411764,0.803921568627451,0.00361328125,0.26251303753611543,0.2296106101854545,0.6196078431372549,0.9305304129252435,-0.017956872445628255,0.4575465854642961
ISPY2-472799,10,0.7418289184570312,0.08548685709635416,0.23822808002600548,0.14225356679255596,0.10980392156862745,0.18823529411764706,0.43529411764705883,3.0517578125e-06,0.16317610198376226,0.4067440457668927,0.26832861742230985,0.11372549019607843,0.3411764705882353,0.8588235294117647,0.0186737060546875,0.1723162841796875,0.4308199206276086,0.2527271034119484,0.1411764705882353,0.3843137254901961,0.8431372549019608,0.01660308837890625,0.1685159657408872,0.20421359626363722,0.4823529411764706,0.7919382960489376,0.02407587486071588,0.3440881822748899
ISPY2-473365,10,0.638739013671875,0.17018883200252757,0.43735648747664096,0.19802720957229694,0.1803921568627451,0.4196078431372549,0.7450980392156863,0.00056304931640625,0.22958234599992342,0.5720642812870304,0.22195256728667673,0.3058823529411765,0.5450980392156862,0.8980392156862745,0.01843719482421875,0.22740811217064952,0.5693470964895107,0.21295706543379433,0.3137254901960784,0.5529411764705883,0.8862745098039215,0.01227874755859375,0.1347077938103894,0.19587103034387662,0.4470588235294118,0.8417738093226782,-0.002717184797519677,0.35322019294125595
ISPY2-473468,10,0.6597030639648438,0.10195419012331496,0.260872893977044,0.10426851047544596,0.12941176470588237,0.25098039215686274,0.396078431372549,0.0,0.18814168294270833,0.4633176561674231,0.22356589779151714,0.19607843137254902,0.4392156862745098,0.7843137254901961,0.0124053955078125,0.18919118843826593,0.46649805206971384,0.21500426490990818,0.1843137254901961,0.4627450980392157,0.7568627450980392,0.00597686767578125,0.20244476219037907,0.2028550431462296,0.5098039215686274,0.8736105319325432,0.0031803959022907516,0.4569741320168418
ISPY2-473505,10,0.587335205078125,0.11787922578699447,0.26580533797580796,0.15188945114676058,0.12156862745098039,0.21568627450980393,0.4823529411764706,0.000238037109375,0.1755422435087316,0.39310619486735104,0.2456583164153732,0.1568627450980392,0.2980392156862745,0.796078431372549,0.017535400390625,0.17945215561810662,0.3994334951297228,0.22783330734335416,0.17254901960784313,0.3215686274509804,0.7568627450980392,0.0087188720703125,0.12730085689154305,0.14701139846606967,0.34509803921568627,0.904682669979737,0.00632730026237174,0.37573028057564595
ISPY2-477816,10,0.6818252563476562,0.10803368063534008,0.26584313706683427,0.17838244459028554,0.11372549019607843,0.2,0.5058823529411764,0.002435302734375,0.16018169328278187,0.3610923309852142,0.24796387602324646,0.09411764705882353,0.3058823529411765,0.7333333333333333,0.01573486328125,0.16379767922794117,0.3624150674565886,0.25935760992058005,0.08235294117647059,0.30980392156862746,0.7647058823529411,0.018255615234375,0.09524919391837994,0.17964337886859125,0.34901960784313724,0.6689270522110695,0.0013227364713743583,0.4643221960588723
ISPY2-477994,10,0.7405014038085938,0.10277224671606923,0.3094328754345945,0.1620929164052769,0.11764705882352941,0.2823529411764706,0.5411764705882353,1.8310546875e-05,0.1742967672909007,0.5001400733168344,0.2967462663264817,0.09803921568627451,0.49411764705882355,0.996078431372549,0.0264801025390625,0.16984963809742645,0.45871443617578744,0.2746288558895024,0.09803921568627451,0.45098039215686275,0.8588235294117647,0.01248779296875,0.19070719788223994,0.25004403622680405,0.5764705882352941,0.7469555758092494,-0.041425637141046995,0.5130450122012172
ISPY2-478055,10,0.6084075927734375,0.12108020258884805,0.2802600697690019,0.14792146102294215,0.12549019607843137,0.25098039215686274,0.4588235294117647,0.00231475830078125,0.1866417858647365,0.41938908343873255,0.22221469134394814,0.18823529411764706,0.3607843137254902,0.7607843137254902,0.01234283447265625,0.20660074869791667,0.46863970616886763,0.24137492153998896,0.20392156862745098,0.40784313725490196,0.8666666666666667,0.0209564208984375,0.13912901366973063,0.14087398711218918,0.32941176470588235,0.9239773373754062,0.04925062273013509,0.20046057809955034
ISPY2-478484,10,0.32729797363281254,0.22485978668811274,0.3258786685371555,0.13764007135615036,0.16862745098039217,0.30196078431372547,0.5215686274509804,0.00013580322265625,0.3412903968960631,0.4921619952924667,0.23096636488481584,0.22745098039215686,0.4470588235294118,0.8392156862745098,0.0226531982421875,0.34320579977596505,0.49494459206077646,0.21743017096234138,0.24313725490196078,0.4588235294117647,0.8117647058823529,0.014312744140625,0.16628332675531118,0.179996983026023,0.4196078431372549,0.8895754226946301,0.0027825967683097847,0.40824339589259223
ISPY2-478655,10,0.7346084594726563,0.08692316391888787,0.23542473363571395,0.181949292194687,0.10588235294117647,0.15294117647058825,0.4666666666666667,0.00079498291015625,0.1271267640356924,0.31753871947854617,0.2856826736182566,0.054901960784313725,0.20392156862745098,0.807843137254902,0.01818084716796875,0.14330163095511642,0.333181455325465,0.2965309767562198,0.054901960784313725,0.21176470588235294,0.8431372549019608,0.02052154541015625,0.0821139858428322,0.19939007806950995,0.3607843137254902,0.5749711085685374,0.015642735846918873,0.43370494517814945
ISPY2-479417,10,0.5652206420898438,0.1178089994542739,0.2501169470760891,0.16065050629001293,0.12156862745098039,0.19215686274509805,0.5215686274509804,0.000103759765625,0.17585850135952819,0.37428987914562745,0.23359039870923184,0.1803921568627451,0.2901960784313726,0.807843137254902,0.0212005615234375,0.18851916743259803,0.4036320102957744,0.24931415992760927,0.18823529411764706,0.30980392156862746,0.9019607843137255,0.02915496826171875,0.12417293206953832,0.12074110642588708,0.27058823529411763,0.9382495077859316,0.029342131150146913,0.29974345206133285
ISPY2-483667,10,0.46701202392578123,0.1793327122108609,0.31350257875030263,0.16244105524777092,0.1411764705882353,0.28627450980392155,0.5254901960784314,0.0017822265625,0.21245844223920038,0.355505168924045,0.21847002354182576,0.13333333333333333,0.30980392156862746,0.6666666666666666,0.01974945068359375,0.22009484982958027,0.357292345021112,0.2247519167713739,0.12156862745098039,0.3137254901960784,0.6823529411764706,0.02143707275390625,0.04200259017374238,0.1407454701608756,0.21568627450980393,0.5787391318039845,0.0017871760970670164,0.46775112439485944
ISPY2-483910,10,0.7032379150390625,0.08065301633348651,0.2512664957183268,0.10682767861949428,0.12941176470588237,0.22745098039215686,0.403921568627451,0.0,0.1406439448337929,0.4361614213674939,0.2408889349199446,0.17647058823529413,0.3803921568627451,0.8156862745098039,0.0162994384765625,0.1442352175245098,0.4475985670020504,0.22732333854716738,0.19215686274509805,0.4,0.788235294117647,0.00874786376953125,0.18489492564916715,0.1906605060809636,0.5137254901960784,0.9347665127567023,0.011437145634556486,0.38750347068683605
ISPY2-484867,10,0.686737060546875,0.11074519737094056,0.2966081774161199,0.14305640322340119,0.11764705882352941,0.2980392156862745,0.4627450980392157,0.00015716552734375,0.1898790127623315,0.521465287527578,0.3025069145861132,0.13725490196078433,0.49019607843137253,1.0,0.03580322265625,0.19951206581265318,0.537609772403847,0.2774495820655908,0.1607843137254902,0.5294117647058824,0.9490196078431372,0.0210235595703125,0.22485711011145812,0.23098728543002406,0.592156862745098,0.8607160253287871,0.016144484876269065,0.33318071115440817
ISPY2-484894,10,0.50255126953125,0.12565125708486521,0.23175604736753724,0.09954760718590246,0.12156862745098039,0.20784313725490197,0.3803921568627451,0.0,0.2247410613415288,0.40761791723143087,0.2657491290788156,0.1411764705882353,0.3176470588235294,0.8431372549019608,0.01201019287109375,0.22430585075827206,0.4099755762038319,0.24290478404859794,0.15294117647058825,0.3411764705882353,0.796078431372549,0.00565948486328125,0.17586186986389363,0.2060865198747957,0.5137254901960784,0.8530465510048834,0.002357658972401014,0.3853341022306201
ISPY2-485637,10,0.6865158081054688,0.08009607651654412,0.23927503138810588,0.11739978979222841,0.13333333333333333,0.20784313725490197,0.38823529411764707,0.00038604736328125,0.12495542638442096,0.3627594809736302,0.21184969312079757,0.1803921568627451,0.2823529411764706,0.6666666666666666,0.0100860595703125,0.12422861136642158,0.3634523623755034,0.20529767777460545,0.1803921568627451,0.2901960784313726,0.6470588235294118,0.00951690673828125,0.1234844495855243,0.16197855248057125,0.3411764705882353,0.9139915792547884,0.0006928814018732173,0.39229964224001557
ISPY2-489194,10,0.5102142333984375,0.14577321968826593,0.28288725071755005,0.11278825019981213,0.1568627450980392,0.2549019607843137,0.4470588235294118,0.0,0.21849002015356922,0.41274374803225794,0.22904940946739985,0.1803921568627451,0.34901960784313724,0.7686274509803922,0.01730499267578125,0.21510807411343444,0.4052162436257986,0.20543687647039174,0.18823529411764706,0.3568627450980392,0.6901960784313725,0.00652008056640625,0.12985649731470786,0.18427475270677549,0.4196078431372549,0.8137738094496333,-0.007527504406459362,0.454879652072053
ISPY2-489504,10,0.6292984008789062,0.10391411276424632,0.247584033469321,0.10332375194977875,0.11764705882352941,0.24705882352941178,0.3764705882352941,0.0,0.17122231876148897,0.4099658977539555,0.2512212021437498,0.13725490196078433,0.3607843137254902,0.8156862745098039,0.0157562255859375,0.17859454585056678,0.41983770420448013,0.23313102409809408,0.15294117647058825,0.3843137254901961,0.7803921568627451,0.00436248779296875,0.1623818642846345,0.1917430362533769,0.47843137254901963,0.8613748904063916,0.009871806450524625,0.4275529650988092
ISPY2-489973,10,0.6963714599609375,0.08761555989583333,0.22940845380195238,0.09901625267967429,0.11764705882352941,0.21568627450980393,0.36470588235294116,0.0,0.1586731675091912,0.4033973027563472,0.26358743115660954,0.1411764705882353,0.3176470588235294,0.8941176470588236,0.02154541015625,0.15620146508310354,0.38999163011369603,0.23779137967103303,0.1450980392156863,0.3215686274509804,0.7803921568627451,0.0098419189453125,0.17398884895439487,0.20920737163734754,0.5333333333333333,0.8866503171077362,-0.013405672642651183,0.44299598966761483
ISPY2-491526,10,0.7433624267578125,0.07176224054074755,0.19100286907081043,0.0854635724046041,0.10588235294117647,0.1607843137254902,0.3137254901960784,0.0,0.12615625119676777,0.33354651427132476,0.2551095215635287,0.11372549019607843,0.24313725490196078,0.7764705882352941,0.0166015625,0.12879878623812807,0.34257626470529945,0.2455662336685846,0.11764705882352941,0.25882352941176473,0.7568627450980392,0.00985107421875,0.14254364520051435,0.21643307153982555,0.5176470588235295,0.807289375111481,0.009029750433974647,0.337903561448362
ISPY2-491779,10,0.6992782592773438,0.08976572672526043,0.23072436325822437,0.131213083972916,0.11372549019607843,0.1843137254901961,0.43137254901960786,2.44140625e-05,0.14755554797602635,0.3754294715689209,0.2311729468489428,0.16470588235294117,0.30196078431372547,0.7411764705882353,0.0161773681640625,0.1617698459999234,0.4176168035219121,0.2571995076115546,0.16470588235294117,0.33725490196078434,0.9019607843137255,0.02454681396484375,0.14470510831069658,0.13745029493656064,0.3215686274509804,0.9395274024385912,0.04218733195299116,0.19970468994981758
ISPY2-492612,10,0.5724105834960938,0.1252183323280484,0.26958783470565495,0.15289536908935603,0.10980392156862745,0.21176470588235294,0.48627450980392156,0.0,0.18536366182215075,0.3944398741207608,0.2460889846453545,0.14901960784313725,0.30980392156862746,0.7725490196078432,0.01277923583984375,0.20118079091988358,0.4235301674599718,0.24892149179064546,0.1607843137254902,0.34509803921568627,0.8117647058823529,0.01489715576171875,0.12485203941510586,0.13527209971058976,0.30980392156862746,0.9045552680881435,0.02909029333921096,0.265429565527701
ISPY2-493472,10,0.5069091796875,0.148992524988511,0.2769167207904105,0.16368522208244943,0.13725490196078433,0.2196078431372549,0.4823529411764706,0.00230255126953125,0.2168543737074908,0.40279066149408715,0.20842656477979177,0.2,0.35294117647058826,0.6666666666666666,0.02252349853515625,0.23913591571882659,0.4456422255489313,0.2169234037545348,0.23529411764705882,0.39215686274509803,0.7764705882352941,0.0329864501953125,0.12587394070367663,0.14480860761886932,0.3607843137254902,0.8911812397880874,0.0428515640548441,0.27695016586621773
ISPY2-493519,10,0.6794509887695312,0.10219860600490195,0.2675270503298309,0.13738781104922562,0.11764705882352941,0.23137254901960785,0.4549019607843137,9.1552734375e-06,0.19695551255170038,0.4727309620980369,0.2201245043769368,0.19607843137254902,0.4470588235294118,0.788235294117647,0.01656951904296875,0.20452663047640932,0.506148756396525,0.24650685382306903,0.20392156862745098,0.4588235294117647,0.9686274509803922,0.02964630126953125,0.20520391176820604,0.16774761184154938,0.4392156862745098,0.896579792931096,0.03341779429848817,0.41178626680947283
ISPY2-493775,10,0.38082733154296877,0.16997415580001532,0.25897946206953804,0.09100081308648406,0.16470588235294117,0.24313725490196078,0.3686274509803922,0.00024566650390625,0.24770115272671567,0.37430113828907324,0.20695458294634694,0.2,0.3058823529411765,0.6745098039215687,0.02635498046875,0.26535904229856005,0.4029332252097154,0.19549716939036746,0.23137254901960785,0.33725490196078434,0.6941176470588235,0.01613311767578125,0.1153216762195352,0.19885607249189016,0.3686274509803922,0.747040891515374,0.028632086920642164,0.3565962920885897
ISPY2-494296,10,0.7279891967773438,0.08513616225298713,0.2749048755900419,0.11628011253932226,0.12549019607843137,0.27058823529411763,0.4235294117647059,0.0,0.13665671554266237,0.43667305174110144,0.23359999500751985,0.17647058823529413,0.396078431372549,0.807843137254902,0.01446380615234375,0.1464070099475337,0.46828540677763825,0.23083677765341865,0.19607843137254902,0.4392156862745098,0.8196078431372549,0.01199951171875,0.1617681761510595,0.1634739464215251,0.4117647058823529,0.9158780467281855,0.03161235503653681,0.3142007685187782
ISPY2-494946,10,0.5988739013671875,0.1002813601026348,0.20728457754325322,0.06918669274622709,0.12156862745098039,0.2,0.30196078431372547,0.0,0.21066370945350796,0.41080398258161305,0.24557716436648,0.1843137254901961,0.3333333333333333,0.8627450980392157,0.0299835205078125,0.19862817502489277,0.396271480039281,0.19459366228284433,0.2,0.34901960784313724,0.6901960784313725,0.003253173828125,0.20351940503835986,0.24643841719836226,0.6549019607843137,0.8476388645856315,-0.014532502542332048,0.4641169802420858
ISPY2-495440,10,0.47058258056640623,0.17219529694201902,0.3091613186595082,0.10634884765850791,0.1803921568627451,0.30196078431372547,0.45098039215686275,0.0,0.27575136670879286,0.5000540663984201,0.22550138055090369,0.27058823529411763,0.4235294117647059,0.8901960784313725,0.0327362060546875,0.28694165996476717,0.5159791327550766,0.22405150207895147,0.29411764705882354,0.44313725490196076,0.9764705882352941,0.04993438720703125,0.1908927477389118,0.20952680733588167,0.5490196078431373,0.916431048048905,0.015925066356656595,0.3512086442490323
ISPY2-497010,10,0.5685562133789063,0.11095646876914829,0.22491677531557766,0.07470288763929689,0.13725490196078433,0.21568627450980393,0.3176470588235294,0.0,0.20211678897633273,0.40530423047341385,0.23664998147637745,0.19215686274509805,0.3254901960784314,0.8156862745098039,0.02891693115234375,0.20820728975183825,0.42824305817194797,0.21475918142135686,0.2196078431372549,0.36470588235294116,0.7803921568627451,0.010394287109375,0.18038745515783616,0.22767052366059978,0.5882352941176471,0.8976767544588702,0.022938827698534173,0.2884375298407433
ISPY2-498024,10,0.7198944091796875,0.09418801700367647,0.3128465606431057,0.20733640297691092,0.12156862745098039,0.2196078431372549,0.6588235294117647,0.0002899169921875,0.12428313012216605,0.41122890557323327,0.24546117218513125,0.17254901960784313,0.3137254901960784,0.8,0.01042938232421875,0.14203891529756432,0.4672483329007367,0.2620366845793577,0.19215686274509805,0.37254901960784315,0.9019607843137255,0.01705780029296875,0.09838234493012762,0.09945425464842833,0.2235294117647059,0.9087051261099308,0.05601942732750343,0.21245846271177207
ISPY2-498985,10,0.6305252075195312,0.12421490837545957,0.29238548689704963,0.1738617116645038,0.12156862745098039,0.23529411764705882,0.5372549019607843,0.0014801025390625,0.22845445221545652,0.5032632609579542,0.27951568067221194,0.12941176470588237,0.4980392156862745,0.9137254901960784,0.0223663330078125,0.22668011235255822,0.49367644852183024,0.27359613505170277,0.12549019607843137,0.48627450980392156,0.9372549019607843,0.03064422607421875,0.2108777740609044,0.26644187186540486,0.5764705882352941,0.7635696851808259,-0.00958681243612383,0.48214868319436355
ISPY2-500826,10,0.4127716064453125,0.14840508554496015,0.24064695906373754,0.08895674130271072,0.13725490196078433,0.23137254901960785,0.34901960784313724,0.0,0.21215735940372243,0.33689122198408267,0.19379301230153093,0.16470588235294117,0.2901960784313726,0.5764705882352941,0.01302490234375,0.20464503867953432,0.32509064741251736,0.18541173048567672,0.1450980392156863,0.28627450980392155,0.5568627450980392,0.00697784423828125,0.09624426292034512,0.16145040468776267,0.2823529411764706,0.85980366172443,-0.01180057457156532,0.49071056994226264
ISPY2-501303,10,0.622747802734375,0.09275840011297487,0.19834805769449781,0.08411896252096275,0.11372549019607843,0.17254901960784313,0.32941176470588235,0.0,0.2268234312768076,0.4637578320816913,0.27575842991405897,0.13725490196078433,0.4196078431372549,0.8980392156862745,0.02487335205078125,0.226571242388557,0.45692516065462896,0.24973217973907874,0.16862745098039217,0.4196078431372549,0.8392156862745098,0.020220947265625,0.26540977438719343,0.24293096703996583,0.6313725490196078,0.866067239398793,-0.006832671427062307,0.48003931466291316
ISPY2-502486,10,0.49650878906249996,0.13586331236596202,0.24590951422027377,0.07791854040361805,0.12549019607843137,0.2627450980392157,0.3333333333333333,0.0,0.26793952493106615,0.4726419816823592,0.23615865204643097,0.19607843137254902,0.42745098039215684,0.8392156862745098,0.01243896484375,0.27986034916896446,0.49887255852736284,0.23408522203730472,0.2235294117647059,0.4588235294117647,0.8549019607843137,0.0121063232421875,0.22673246746208545,0.20478768903821432,0.5450980392156862,0.9067394414003782,0.026230576845003628,0.3704328904621054
ISPY2-503034,10,0.36328277587890623,0.1960580264820772,0.29363994908376767,0.09497018883479035,0.18823529411764706,0.2784313725490196,0.4196078431372549,0.0,0.2930700982785692,0.44064358313140656,0.18482906264193505,0.26666666666666666,0.39215686274509803,0.7019607843137254,0.01942901611328125,0.3420967072131587,0.515939507065123,0.19556624871480552,0.3215686274509804,0.4627450980392157,0.8313725490196079,0.0330902099609375,0.14700363404763886,0.1572515906489368,0.34509803921568627,0.9063432379774683,0.07529592393371642,0.14404990426069847
ISPY2-504838,10,0.6813446044921875,0.10157981722962622,0.24306518339831598,0.15124360830941783,0.11372549019607843,0.19215686274509805,0.4470588235294118,0.00069427490234375,0.179666275323606,0.36804359293158445,0.2680596816230836,0.12941176470588237,0.26666666666666666,0.8980392156862745,0.02775115966796875,0.17857001809512868,0.3764563542072163,0.28028094234513584,0.12549019607843137,0.26666666666666666,0.9490196078431372,0.02939453125,0.12497840953326848,0.21267179895033872,0.5019607843137255,0.7386249365524771,0.008412761275631814,0.42684620320445904
ISPY2-507198,10,0.689117431640625,0.0958090150122549,0.2685618733603189,0.1319169575525146,0.11764705882352941,0.24313725490196078,0.45098039215686275,0.0,0.15179545683019302,0.40530208628066916,0.23680734476869386,0.13725490196078433,0.396078431372549,0.7294117647058823,0.01107635498046875,0.15698657465916052,0.4171745034521122,0.22834334305500384,0.15294117647058825,0.403921568627451,0.7294117647058823,0.007513427734375,0.13674021292035024,0.19605289591525307,0.4392156862745098,0.8164130754883675,0.011872417171443035,0.33567291646215763
ISPY2-507249,10,0.602203369140625,0.11431321088005515,0.24783393127101241,0.12331792679342013,0.11764705882352941,0.2196078431372549,0.4117647058823529,0.0,0.2043504363415288,0.39241703708717857,0.21792903438166455,0.1450980392156863,0.36470588235294116,0.6745098039215687,0.01274871826171875,0.2192414826037837,0.44176625525545854,0.24663043982121374,0.16862745098039217,0.39215686274509803,0.8666666666666667,0.02459259033203125,0.14458310581616612,0.19538453436603725,0.40784313725490196,0.7688645953202915,0.04934921816827997,0.3653202915228232
ISPY2-509012,10,0.5521759033203125,0.133279281317019,0.26375463946371225,0.148470408570269,0.12549019607843137,0.2196078431372549,0.47058823529411764,0.00020599365234375,0.23874721751493566,0.46450930017305164,0.2878327419770435,0.13725490196078433,0.39215686274509803,0.9294117647058824,0.02872467041015625,0.2207516659007353,0.4277731923746104,0.2524988042720461,0.13725490196078433,0.3843137254901961,0.7843137254901961,0.0130645751953125,0.20075466070933937,0.25152596353056633,0.615686274509804,0.7785277662307571,-0.03673610779844127,0.5619279965654239
ISPY2-510543,10,0.6972274780273438,0.10186614990234374,0.2662992833267867,0.18958216940812822,0.11372549019607843,0.2,0.5254901960784314,0.0007537841796875,0.1693172679227941,0.4252547636164205,0.2828397915812123,0.11372549019607843,0.35294117647058826,0.8901960784313725,0.02104339599609375,0.17752053653492647,0.42484180569040014,0.27549961055188216,0.12156862745098039,0.3607843137254902,0.9294117647058824,0.0265777587890625,0.1589554802896338,0.19189239069704736,0.4549019607843137,0.8032657175255135,-0.0004129579260203514,0.40530175129141993
ISPY2-515141,10,0.5749832153320312,0.13985504748774508,0.2936902629680682,0.19693302104496524,0.11764705882352941,0.2196078431372549,0.5843137254901961,0.0034942626953125,0.19066731770833334,0.38952961070189135,0.2184461322772793,0.1568627450980392,0.33725490196078434,0.6980392156862745,0.01140594482421875,0.20121252920113358,0.40966444731328855,0.24350568765997377,0.1568627450980392,0.34901960784313724,0.8235294117647058,0.02562408447265625,0.09583934773382317,0.12601966088157837,0.26666666666666666,0.7902232721450138,0.020134836611397186,0.4211905693637157
ISPY2-515281,10,0.3589263916015625,0.14034114463656555,0.20985043333980186,0.07359558508632304,0.12549019607843137,0.19215686274509805,0.3176470588235294,0.0,0.2811187085918352,0.4177357886844132,0.2628582744733578,0.1803921568627451,0.3058823529411765,0.8980392156862745,0.03341217041015625,0.2845660520067402,0.42368022265911987,0.2332989664596206,0.19215686274509805,0.34901960784313724,0.807843137254902,0.01399993896484375,0.20788535534461133,0.22249822788528445,0.615686274509804,0.941635287789134,0.0059444339747066685,0.3807261492761833
ISPY2-515284,10,0.620916748046875,0.11809930539598652,0.2453125734990256,0.15361553282071622,0.11372549019607843,0.2,0.45098039215686275,0.00021820068359375,0.18983941770067403,0.3527280944096069,0.21582502180430407,0.1607843137254902,0.28627450980392155,0.6941176470588235,0.012677001953125,0.19795842189414828,0.37980446457350914,0.23676245965179674,0.16862745098039217,0.2980392156862745,0.792156862745098,0.0216888427734375,0.1074155209105813,0.11591461847899345,0.25098039215686274,0.9279653512373408,0.027076370163902234,0.2505595002334605
ISPY2-515565,10,0.610845947265625,0.13738670797909008,0.3006886378824181,0.20989143308264888,0.11372549019607843,0.2235294117647059,0.611764705882353,0.0071746826171875,0.16091598211550245,0.33537933437463197,0.2390174973238676,0.11764705882352941,0.25882352941176473,0.7137254901960784,0.01563262939453125,0.1652853932100184,0.3475123388962542,0.24155794002276165,0.12156862745098039,0.27450980392156865,0.7372549019607844,0.01425018310546875,0.03469069649221379,0.09446172230650447,0.08627450980392157,0.6445325365830706,0.012133004521622321,0.38942737495882934
ISPY2-517446,10,0.5325515747070313,0.14215525309244792,0.26740051346361876,0.15373022868391895,0.11764705882352941,0.2196078431372549,0.4745098039215686,0.0001678466796875,0.20974603391161153,0.3763462770687373,0.2507767252599821,0.10588235294117647,0.3137254901960784,0.7411764705882353,0.019818115234375,0.22839107139437806,0.40938233761189813,0.26130279531509193,0.11764705882352941,0.35294117647058826,0.807843137254902,0.02281036376953125,0.10894576360511855,0.20598345743999788,0.4117647058823529,0.6959101933428432,0.033036060543160814,0.3614593908215194
ISPY2-517870,10,0.5644088745117187,0.14658729104434742,0.3114711332620231,0.1403835934912562,0.13725490196078433,0.2901960784313726,0.5098039215686274,0.0,0.22550596349379595,0.4688536422243987,0.24214921431964279,0.16862745098039217,0.45098039215686275,0.8196078431372549,0.0213775634765625,0.24356327430874694,0.5054524995983561,0.23398100000796973,0.20392156862745098,0.49411764705882355,0.8313725490196079,0.0191680908203125,0.15738250896237557,0.19752571238874644,0.44313725490196076,0.8015196045805324,0.03659885737395751,0.33127590036045945
ISPY2-518000,10,0.4657196044921875,0.15597194896024816,0.28665300737854676,0.13981020612716805,0.13725490196078433,0.2549019607843137,0.4627450980392157,0.0007110595703125,0.20353285845588234,0.3717074770938688,0.24055342022315465,0.1450980392156863,0.29411764705882354,0.7764705882352941,0.02010498046875,0.2174905575022978,0.39395220346739396,0.2521096090331057,0.1450980392156863,0.3058823529411765,0.8156862745098039,0.02391510009765625,0.0850544697153221,0.17881022827819557,0.35294117647058826,0.6403785849331421,0.022244726373525085,0.4085381526563205
ISPY2-520258,10,0.724822998046875,0.09455043418734682,0.2909834147699226,0.15225203814225466,0.12549019607843137,0.25098039215686274,0.5058823529411764,9.1552734375e-06,0.17031151865042893,0.5226116246653923,0.28310468244189,0.12549019607843137,0.5294117647058824,0.9411764705882353,0.02005157470703125,0.17419546688304227,0.5116736143276208,0.27986769009914275,0.11372549019607843,0.5294117647058824,0.9137254901960784,0.0187713623046875,0.23162820989546978,0.2529525818569275,0.6078431372549019,0.7989242541865366,-0.010938010337771573,0.5247476987911722
ISPY2-520986,10,0.5924942016601562,0.10985133152382047,0.23552727112270563,0.1698524408567965,0.10980392156862745,0.16470588235294117,0.5372549019607843,4.425048828125e-05,0.16372255213120404,0.3417464176221033,0.23713893134737504,0.1568627450980392,0.24705882352941178,0.7568627450980392,0.02021636962890625,0.1737349027745864,0.3642048182359557,0.26052210561691513,0.1568627450980392,0.2549019607843137,0.8784313725490196,0.03044891357421875,0.10621914649939762,0.10330446116161071,0.23921568627450981,0.9451927073387179,0.022458400613852368,0.3552120660668082
ISPY2-521860,10,0.5629348754882812,0.1210397279028799,0.25075592895352844,0.11721726004070054,0.11372549019607843,0.23921568627450981,0.40784313725490196,0.0,0.21360868566176472,0.4185483959848537,0.29141305596408024,0.10196078431372549,0.3411764705882353,0.8980392156862745,0.0193389892578125,0.22256341672411153,0.4318411630192252,0.27364645946762145,0.11372549019607843,0.3843137254901961,0.8196078431372549,0.01423187255859375,0.16779246703132525,0.22486367854674927,0.5333333333333333,0.747736833836647,0.013292767034371484,0.39976259884441495
ISPY2-527320,10,0.6097793579101562,0.13256464939491422,0.3097010270665444,0.1299253674181925,0.13725490196078433,0.3058823529411765,0.48627450980392156,0.0,0.2358422372855392,0.5402159327766143,0.23703685270500535,0.23921568627450981,0.5215686274509804,0.9019607843137255,0.02314300537109375,0.26508165546492035,0.593937781028692,0.2636280905842536,0.23921568627450981,0.592156862745098,1.0,0.04708709716796875,0.2305149057100698,0.16508430425499587,0.4745098039215686,0.9415254071597552,0.05372184825207773,0.29410913641073766
ISPY2-527581,10,0.6300460815429687,0.13538847680185354,0.3167753960480556,0.22058648802137465,0.11372549019607843,0.2235294117647059,0.6509803921568628,0.00411834716796875,0.18286588781020222,0.3958782389439053,0.25849774623165395,0.13725490196078433,0.30980392156862746,0.8274509803921568,0.022265625,0.18817369049670649,0.4177751370126072,0.2781847398669668,0.14901960784313725,0.30196078431372547,0.9215686274509803,0.02985992431640625,0.07910284289584972,0.11963000141878884,0.23137254901960785,0.7482976081962277,0.021896898068701896,0.34029688228233923
ISPY2-528479,10,0.68372802734375,0.08663476083792891,0.2066907630704449,0.07914192466492444,0.12156862745098039,0.19607843137254902,0.30196078431372547,0.0,0.16864350562002142,0.3966642108616962,0.28213982753069583,0.14901960784313725,0.28627450980392155,1.0,0.0335662841796875,0.1667105820599724,0.40353842142824164,0.24256288045942226,0.16470588235294117,0.3254901960784314,0.8313725490196079,0.00265655517578125,0.18997344779125128,0.2693283458516928,0.7411764705882353,0.8257265814967771,0.006874210566545504,0.39553822995870164
ISPY2-528833,10,0.495941162109375,0.15746135038488052,0.2645913954369058,0.14033130451141237,0.11764705882352941,0.23137254901960785,0.4745098039215686,0.0,0.2625271726122089,0.41093937677995457,0.2525370636678653,0.09411764705882353,0.38823529411764707,0.7490196078431373,0.0198822021484375,0.26445663152956495,0.42329246041214813,0.25715569564307333,0.09019607843137255,0.41568627450980394,0.7647058823529411,0.01470184326171875,0.1463479813430488,0.19866540160927845,0.44313725490196076,0.7717593994066719,0.01235308363219357,0.40672034873160984
ISPY2-531672,10,0.6472824096679688,0.12689933028875613,0.3002924504158832,0.16254316098453434,0.13333333333333333,0.26666666666666666,0.4980392156862745,0.00206298828125,0.18296868417777268,0.42493217622145785,0.22466722146745283,0.19607843137254902,0.36470588235294116,0.7803921568627451,0.016802978515625,0.1800620224896599,0.421501047543699,0.22599808472232355,0.19215686274509805,0.3607843137254902,0.7803921568627451,0.01722412109375,0.12463972580557464,0.16025475442759787,0.34901960784313724,0.8452826433982099,-0.0034311286777588645,0.46159969198423584
ISPY2-532183,10,0.7902969360351563,0.07738131055644915,0.27263726353374335,0.13635957950949806,0.12156862745098039,0.23921568627450981,0.47843137254901963,0.0,0.14953674914790133,0.5163320031827737,0.28830731007124094,0.18823529411764706,0.43529411764705883,1.0,0.0318206787109375,0.15399146584903492,0.5316228421791983,0.297441980128545,0.19215686274509805,0.44313725490196076,1.0,0.03837432861328125,0.2436947396490303,0.20201145908967189,0.5372549019607843,0.905145127373009,0.015290838996424728,0.3808165552167997
ISPY2-535415,10,0.6688018798828125,0.13663096708409928,0.35470276936596784,0.17581338996212215,0.12941176470588237,0.32941176470588235,0.6,0.0,0.2166665469898897,0.5411647268764961,0.2572758121080704,0.19607843137254902,0.5411764705882353,0.9490196078431372,0.0278228759765625,0.21789533428117341,0.5454533677984172,0.2568048893888912,0.2,0.5411764705882353,0.9254901960784314,0.02304229736328125,0.18646195751052824,0.18395796661134348,0.4549019607843137,0.8764132427875091,0.00428864092192112,0.3787260313101809
ISPY2-535779,10,0.53067626953125,0.11005959903492647,0.2198411283778994,0.08140822961478995,0.12941176470588237,0.2,0.34509803921568627,0.0,0.16902729109221815,0.3236131404729812,0.24998791441498525,0.10196078431372549,0.23137254901960785,0.7372549019607844,0.02013092041015625,0.17982422473383886,0.3480493136209409,0.23205112783230403,0.12549019607843137,0.27450980392156865,0.7098039215686275,0.008734130859375,0.10377201209508174,0.20756294006815992,0.4392156862745098,0.6359371342367415,0.024436173147959733,0.28080539443909797
ISPY2-536253,10,0.609674072265625,0.12712881050857844,0.29907692807698055,0.1706778057957952,0.12941176470588237,0.23921568627450981,0.5647058823529412,0.00010528564453125,0.16596432554955576,0.38508059632666064,0.2416084249676583,0.1411764705882353,0.30980392156862746,0.7490196078431373,0.0168548583984375,0.1807732496074602,0.41943300032715,0.24648671916839163,0.16862745098039217,0.33725490196078434,0.8,0.01940765380859375,0.08600366824968014,0.14520691912200825,0.27058823529411763,0.7188785163640913,0.03435240400048935,0.3728245062626073
ISPY2-539876,10,0.7213424682617188,0.09490521599264706,0.29194308023119997,0.17637322095934901,0.11764705882352941,0.2196078431372549,0.5529411764705883,6.103515625e-06,0.13179223154105393,0.40887287085833285,0.28071360074912544,0.11372549019607843,0.3137254901960784,0.8588235294117647,0.01904296875,0.1470936554553462,0.45562092541168786,0.2883097009759665,0.13725490196078433,0.36470588235294116,0.9176470588235294,0.02191009521484375,0.11692979062713295,0.15714000628493774,0.3764705882352941,0.7712749355222017,0.046748054553354956,0.22949715531072548
ISPY2-539904,10,0.630230712890625,0.10985401228362439,0.24777670109358965,0.15258700258135613,0.10980392156862745,0.16862745098039217,0.5019607843137255,0.0,0.16915673349417892,0.3742490532353443,0.26417513456290975,0.11764705882352941,0.27058823529411763,0.796078431372549,0.0135101318359375,0.1713224822399663,0.3866021594746213,0.2979151473939813,0.09019607843137255,0.2784313725490196,0.8980392156862745,0.024322509765625,0.12647235214175465,0.14603316034152236,0.35294117647058826,0.839476420778106,0.012353106239276986,0.4534027697538914
ISPY2-540539,10,0.4520767211914063,0.13260076186236214,0.21867633039063064,0.12184229173905918,0.11764705882352941,0.1843137254901961,0.34901960784313724,0.00182952880859375,0.20704085406135112,0.33083440317620333,0.21062043300350974,0.13725490196078433,0.27058823529411763,0.615686274509804,0.016656494140625,0.22100879743987437,0.3519120741781021,0.20812803470809427,0.1568627450980392,0.2980392156862745,0.6392156862745098,0.01930999755859375,0.11215807278557269,0.15247952347787497,0.32941176470588235,0.8028583602302506,0.02107767100189877,0.3292405461629076
ISPY2-541165,10,0.5854949951171875,0.13560120825674019,0.30484673545471935,0.1734966579782722,0.12941176470588237,0.2549019607843137,0.5764705882352941,0.000103759765625,0.17604419184666056,0.3948267197915426,0.2282059746951271,0.1607843137254902,0.3333333333333333,0.7372549019607844,0.01585845947265625,0.19532781264361213,0.43813840618154126,0.23995571861651685,0.17647058823529413,0.3803921568627451,0.8235294117647058,0.022503662109375,0.08997998433682326,0.10091196144881322,0.20392156862745098,0.8671857169151481,0.04331168638999866,0.2251610528253267
ISPY2-542392,10,0.6801116943359375,0.09285771987017463,0.2404403884792581,0.13563650350081038,0.12156862745098039,0.2,0.4117647058823529,0.00012054443359375,0.15914719525505513,0.3676841435193629,0.2234529757003915,0.1607843137254902,0.3058823529411765,0.6862745098039216,0.01822052001953125,0.1624285529641544,0.38614863695738266,0.23889272807171616,0.16470588235294117,0.3137254901960784,0.8117647058823529,0.02380828857421875,0.1272437550401048,0.14724150499901892,0.3215686274509804,0.8804533442726171,0.018464493438019737,0.36121578691292777
ISPY2-543795,10,0.7082199096679688,0.08933639227175245,0.24307521806971935,0.13265535785035995,0.11764705882352941,0.2,0.43529411764705883,2.74658203125e-05,0.1603619145412071,0.38509073425051454,0.2486578081831664,0.1607843137254902,0.28627450980392155,0.8156862745098039,0.01727752685546875,0.17102357752182903,0.4326817620224049,0.26938345120753854,0.17647058823529413,0.3254901960784314,0.9529411764705882,0.0253265380859375,0.14201551618079522,0.163045801755128,0.3764705882352941,0.9069662850837512,0.04759102777189026,0.1747140742910036
ISPY2-549172,10,0.7010223388671875,0.10296587775735294,0.28928404523319606,0.16888010351057686,0.11764705882352941,0.24313725490196078,0.5294117647058824,0.000762939453125,0.19131339877259496,0.5252936953446058,0.2598713950875292,0.17254901960784313,0.5254901960784314,0.9098039215686274,0.01851806640625,0.18609921922870712,0.5155711320447706,0.25033394750037463,0.17647058823529413,0.5058823529411764,0.8784313725490196,0.01575775146484375,0.2360096501114098,0.2196299103061217,0.5607843137254902,0.8872143228980596,-0.009722563299835342,0.5026743153446498
ISPY2-550157,10,0.5724441528320312,0.122026839910769,0.2762982831844672,0.07887711580397358,0.20392156862745098,0.25882352941176473,0.3686274509803922,0.0,0.1572372376685049,0.35674181036675584,0.18775515028615727,0.22745098039215686,0.29411764705882354,0.5686274509803921,0.02071533203125,0.1701303280101103,0.38727412821782636,0.20071131007095172,0.23529411764705882,0.3137254901960784,0.6784313725490196,0.02122039794921875,0.08044352718228864,0.1301435161395091,0.2196078431372549,0.7809802179134413,0.03053231785107058,0.22328811611581603
ISPY2-550421,10,0.485076904296875,0.14264590394263174,0.2618777998961097,0.10275419043162112,0.13333333333333333,0.2549019607843137,0.403921568627451,0.0,0.2606595626531863,0.4602938329364817,0.2586686138833433,0.14901960784313725,0.403921568627451,0.8509803921568627,0.0147705078125,0.27734550326478247,0.4886899478572915,0.2679684030493397,0.14901960784313725,0.4588235294117647,0.8784313725490196,0.0183380126953125,0.19841603304037198,0.22973698070277893,0.5568627450980392,0.8022847152255083,0.028396114920809786,0.36584187755585845
ISPY2-552313,10,0.6498565673828125,0.11978428859336702,0.2894920861969227,0.19364816260092113,0.11764705882352941,0.21568627450980393,0.5843137254901961,0.00210723876953125,0.1913741407207414,0.43621398670593875,0.2355131589542122,0.16862745098039217,0.38823529411764707,0.7803921568627451,0.01531524658203125,0.1922452560125613,0.44635428442523567,0.2390000508938867,0.17647058823529413,0.396078431372549,0.803921568627451,0.02008514404296875,0.14672190050901607,0.1542555871773422,0.3843137254901961,0.9000915152307492,0.010140297719296898,0.3652503595241208
ISPY2-552549,10,0.6172378540039063,0.11721729353362438,0.2602008708222034,0.10904828101652614,0.12549019607843137,0.25098039215686274,0.4117647058823529,0.0,0.15166828828699447,0.3143368307390248,0.20802901940005458,0.12549019607843137,0.27058823529411763,0.5137254901960784,0.0144989013671875,0.15722541958678002,0.3374350289454622,0.21481475485565066,0.12549019607843137,0.29411764705882354,0.6196078431372549,0.01135101318359375,0.05413595991682142,0.1401948770167856,0.2,0.5959768304982719,0.023098198206437374,0.34593995543099976
ISPY2-553012,5,0.47437744140625004,0.20840777228860294,0.3798590761695421,0.11834734059790526,0.21568627450980393,0.3803921568627451,0.5333333333333333,0.0,0.260438782935049,0.4635838468785875,0.17873286504602376,0.30980392156862746,0.4196078431372549,0.7058823529411765,0.013299560546875,0.2660458314185049,0.4733815070885411,0.18447741101313567,0.3137254901960784,0.42745098039215684,0.7333333333333333,0.014691162109375,0.08372477070904537,0.1602138479980797,0.2823529411764706,0.7313743932743445,0.009797660209953603,0.4179788197589354
ISPY2-553141,10,0.71610107421875,0.11055629356234681,0.3541379698458908,0.19633194999809025,0.12941176470588237,0.30980392156862746,0.6392156862745098,0.00040740966796875,0.1509779866536458,0.47636387357970233,0.25768003696658587,0.18823529411764706,0.41568627450980394,0.9294117647058824,0.02168426513671875,0.15708119111902574,0.4957001771341034,0.25213346933151654,0.20392156862745098,0.44313725490196076,0.9176470588235294,0.02064361572265625,0.12222590373381154,0.1278974719365822,0.3058823529411765,0.8894956357225782,0.01933630355440108,0.2875478350604119
ISPY2-554577,10,0.59139404296875,0.1123554962756587,0.250223343602072,0.13285855370019697,0.12156862745098039,0.19607843137254902,0.47058823529411764,0.0,0.18524716246361825,0.4160133306153101,0.2596210942644178,0.16470588235294117,0.3137254901960784,0.8588235294117647,0.025726318359375,0.20318683100681678,0.4574273499917698,0.2772813487738399,0.1803921568627451,0.34901960784313724,0.9725490196078431,0.0374237060546875,0.16578998701323808,0.16031828458507918,0.4392156862745098,0.9118095181190811,0.04141401937645969,0.26054207869028767
ISPY2-555214,10,0.5993392944335938,0.11066123812806372,0.2341193959389093,0.12177671964219994,0.11372549019607843,0.18823529411764706,0.4117647058823529,0.0,0.169960267310049,0.3521525973296199,0.23920246266678635,0.10980392156862745,0.28627450980392155,0.7176470588235294,0.00936279296875,0.19017411774280024,0.3925199009784394,0.2553578513136929,0.12156862745098039,0.3333333333333333,0.796078431372549,0.01225433349609375,0.11803320139071063,0.1613095732283918,0.34901960784313724,0.7822353062149389,0.040367303648819505,0.27989884871866155
ISPY2-559021,10,0.6433349609375,0.08346385881012562,0.18373486193710833,0.06278758343842127,0.11372549019607843,0.17254901960784313,0.26666666666666666,0.0,0.2102457861806832,0.4760222009263696,0.2829075964330219,0.1450980392156863,0.4392156862745098,0.8941176470588236,0.0084869384765625,0.24363456576478246,0.5359614137940754,0.3013426198554717,0.1568627450980392,0.5411764705882353,0.9529411764705882,0.02056732177734375,0.29228733898926124,0.2519165766722207,0.6549019607843137,0.8804033472516941,0.05993921286770578,0.27098021767403657
ISPY2-559263,10,0.5671478271484375,0.10890666886871936,0.22310352936199757,0.07848211564302025,0.12941176470588237,0.21176470588235294,0.32941176470588235,0.0,0.19915888169232537,0.3966090874542954,0.25777479519482915,0.17254901960784313,0.30196078431372547,0.9058823529411765,0.03274993896484375,0.20029961081112133,0.4043629341440955,0.21136787568431356,0.19607843137254902,0.34901960784313724,0.7372549019607844,0.004925537109375,0.17350555809229787,0.2690581208828977,0.6980392156862745,0.7830502619203734,0.007753846689800098,0.3508076171943851
ISPY2-563856,10,0.6070571899414062,0.10849049287683823,0.23517746910583945,0.11132048660324542,0.11372549019607843,0.21176470588235294,0.396078431372549,0.0,0.1682202746821385,0.36833182459257335,0.25209219342740885,0.11372549019607843,0.2980392156862745,0.7529411764705882,0.01578216552734375,0.19396068498200061,0.42560857302819227,0.28005218564180623,0.13333333333333333,0.3411764705882353,0.8862745098039215,0.02042388916015625,0.13315435548673393,0.17131842113554815,0.3803921568627451,0.8099751862969334,0.05727674843561895,0.20311899316166962
ISPY2-566011,10,0.6331924438476563,0.11821977203967525,0.2737685116102924,0.18181917236433376,0.11372549019607843,0.2,0.5568627450980392,0.0018402099609375,0.17770478491689645,0.40453385542393716,0.28499901272769296,0.13333333333333333,0.2980392156862745,0.9921568627450981,0.0358367919921875,0.19004916920381434,0.4315104452786518,0.2805980636109397,0.1450980392156863,0.33725490196078434,0.9607843137254902,0.0321197509765625,0.13076534381364477,0.15837301592130623,0.3764705882352941,0.826615805084217,0.026976589854714635,0.2823940996127143
ISPY2-567201,10,0.5262603759765625,0.18292153152765012,0.3691301802390683,0.13378862989940557,0.21176470588235294,0.34509803921568627,0.5686274509803921,0.0,0.2538758161956189,0.4991772751874609,0.21205405171287822,0.26666666666666666,0.4627450980392157,0.8117647058823529,0.0184783935546875,0.26781077067057296,0.5279031727355805,0.21609688899600138,0.28627450980392155,0.4980392156862745,0.8509803921568627,0.02294769287109375,0.13004709494839262,0.18065330278926475,0.396078431372549,0.822817019357748,0.028725897548119644,0.2837278964151126
ISPY2-567907,10,0.718621826171875,0.09388214111328125,0.26522075783307836,0.15706835857266263,0.11372549019607843,0.2,0.5294117647058824,3.0517578125e-06,0.15333326152726715,0.4125875156465918,0.276026896607643,0.11764705882352941,0.32941176470588235,0.8627450980392157,0.01756744384765625,0.1580538521560968,0.4148420071701052,0.3159027409987787,0.08235294117647059,0.2980392156862745,0.9921568627450981,0.027667236328125,0.14736675781351347,0.16624874236175455,0.4,0.8113164573436585,0.002254491523513377,0.4553100800416477
ISPY2-568331,10,0.5456253051757812,0.1308468328737745,0.25769539971378963,0.17043281671941954,0.11372549019607843,0.1843137254901961,0.5450980392156862,0.00103912353515625,0.20099952248965994,0.389447984486982,0.25408488508114274,0.14901960784313725,0.2901960784313726,0.803921568627451,0.0212249755859375,0.2138650333180147,0.41230936563100584,0.25589070373113076,0.16470588235294117,0.3176470588235294,0.8509803921568627,0.0258056640625,0.13175258477319246,0.15291765095065826,0.34509803921568627,0.9098828325704633,0.022861381144023838,0.2774574432716881
ISPY2-568953,10,0.42825164794921877,0.12909238927504596,0.21361908901900398,0.08251198839440416,0.12941176470588237,0.19215686274509805,0.3568627450980392,0.0,0.19583871878829656,0.32186558579439367,0.20239682192798583,0.17254901960784313,0.25098039215686274,0.5725490196078431,0.0191314697265625,0.22373615339690564,0.3674481158859684,0.21054857859521156,0.20392156862745098,0.2901960784313726,0.6784313725490196,0.02447662353515625,0.1082464967753897,0.15525639565379046,0.29411764705882354,0.8825837134141622,0.045582530091574716,0.18120848356422856
ISPY2-570148,10,0.6532363891601562,0.10535559560738358,0.2548378710794344,0.12287393028739724,0.11764705882352941,0.23137254901960785,0.42745098039215684,0.0,0.18198611390356925,0.4261893070796777,0.2754198273915716,0.12549019607843137,0.3568627450980392,0.9254901960784314,0.02811279296875,0.18536943024280025,0.43346122801500087,0.275184686840789,0.12156862745098039,0.3686274509803922,0.8862745098039215,0.01902618408203125,0.1713514360002433,0.21018725495321944,0.5019607843137255,0.7988735121339464,0.007271920935323151,0.43552397086972783
ISPY2-570380,10,0.6179031372070313,0.1063459747912837,0.24061589413670592,0.14284603475736002,0.11372549019607843,0.1843137254901961,0.4666666666666667,0.0,0.18460756189682903,0.40610868673077927,0.2581887269193111,0.1450980392156863,0.3137254901960784,0.8117647058823529,0.01656646728515625,0.1979423911898744,0.440242750721735,0.27178785618887813,0.16470588235294117,0.3411764705882353,0.8980392156862745,0.02524566650390625,0.16549279259407337,0.17488755889044708,0.43529411764705883,0.8885352480522022,0.03413406399095573,0.3167392806226563
ISPY2-570685,10,0.5872695922851563,0.20670149260876228,0.4844155534422045,0.17467724004410992,0.24705882352941178,0.47843137254901963,0.7137254901960784,0.00155181884765625,0.2429746261297488,0.568237594978469,0.1792948269712398,0.32941176470588235,0.5686274509803921,0.8,0.0068634033203125,0.2619178562538297,0.6138206199899281,0.19075953185768896,0.37254901960784315,0.6,0.8823529411764706,0.017041015625,0.08382204153626462,0.08271472614349351,0.17254901960784313,0.8852809931715757,0.04558302501145899,0.18390162928347759
ISPY2-570966,10,0.6658859252929688,0.1355650120155484,0.35693180439348576,0.17730714037598452,0.12941176470588237,0.34901960784313724,0.6039215686274509,0.0,0.19763108197380513,0.5029467418689441,0.2371179495003923,0.1803921568627451,0.5137254901960784,0.796078431372549,0.01851043701171875,0.20561030967562807,0.5227635359398024,0.24439621728818858,0.19215686274509805,0.5294117647058824,0.8588235294117647,0.0229461669921875,0.1460149374754583,0.146644529562487,0.3568627450980392,0.8713812709793802,0.01981679407085831,0.3402552919416345
ISPY2-571276,10,0.394317626953125,0.1973576145546109,0.3188323419255342,0.10700792360926482,0.2,0.29411764705882354,0.4745098039215686,0.0,0.2789623066023284,0.4494238967315651,0.1873099094999262,0.27450980392156865,0.4,0.6823529411764706,0.0243011474609375,0.28702932320389096,0.46145593199742735,0.18328594762694914,0.27058823529411763,0.4235294117647059,0.7098039215686275,0.00991973876953125,0.13059155480603085,0.12979173968061253,0.2980392156862745,0.9637224769486572,0.012032035265862278,0.32308157404141685
ISPY2-572016,10,0.517144775390625,0.1404829735849418,0.25846455253613626,0.1492187137346672,0.11764705882352941,0.21568627450980393,0.47058823529411764,0.00033416748046875,0.24397696102366728,0.41488481931939264,0.22165736799137728,0.1803921568627451,0.3607843137254902,0.7450980392156863,0.01695404052734375,0.25273386637369794,0.43736680727327526,0.23269664274989102,0.2,0.3803921568627451,0.8470588235294118,0.0285491943359375,0.15642026678325638,0.16040599277117648,0.396078431372549,0.892938403003375,0.022481987953882617,0.3567708662512166
ISPY2-572235,10,0.5809005737304688,0.1288309912588082,0.27969343456614715,0.1775791533056914,0.11764705882352941,0.20784313725490197,0.5647058823529412,0.000439453125,0.18853725657743564,0.40224187949051776,0.24993854861497922,0.1607843137254902,0.30980392156862746,0.8235294117647058,0.017755126953125,0.20475659538717833,0.4366839378682213,0.2582860990641482,0.1803921568627451,0.3411764705882353,0.8745098039215686,0.02353363037109375,0.12254844492437059,0.12252967741835935,0.2980392156862745,0.9096122128733238,0.03444205837770353,0.23859594190656847
ISPY2-572444,10,0.5799240112304688,0.14677074357575062,0.3027194120716783,0.19092476345319012,0.12549019607843137,0.23921568627450981,0.5803921568627451,0.00364837646484375,0.2025989008884804,0.3831282280621047,0.2368303375893257,0.1568627450980392,0.3137254901960784,0.7607843137254902,0.02513427734375,0.20592870974073224,0.40011290316032694,0.2435315813011212,0.16862745098039217,0.32941176470588235,0.8431372549019608,0.0305328369140625,0.08040881599042646,0.13298521585918516,0.2784313725490196,0.7199537960268942,0.01698467509822226,0.33957014322505186
ISPY2-572731,10,0.7091262817382813,0.08510232364430147,0.23515040202214016,0.0997153135394958,0.12156862745098039,0.2196078431372549,0.3686274509803922,0.0,0.17705631630093444,0.4614471727304025,0.26280855351129,0.17647058823529413,0.39215686274509803,0.9490196078431372,0.02575531005859375,0.1702532420438879,0.4649026633163193,0.22917623989192468,0.19607843137254902,0.43137254901960786,0.8117647058823529,0.0110137939453125,0.22629677070826232,0.26415999340500274,0.6901960784313725,0.8555084012233314,0.0034554905859168357,0.3954266709332886
ISPY2-573586,10,0.71422119140625,0.1001917760512408,0.27354545081455756,0.15180242864559307,0.11764705882352941,0.2235294117647059,0.47843137254901963,0.00057830810546875,0.20621397130629596,0.5341903127489088,0.2997390222162643,0.1568627450980392,0.49411764705882355,1.0,0.037969970703125,0.21688848158892463,0.5664189826970898,0.30882592045496576,0.16470588235294117,0.5294117647058824,1.0,0.05180816650390625,0.26064486193435127,0.21138523825078634,0.5529411764705883,0.8975481611208407,0.03222866994818088,0.2867028320020503
ISPY2-574091,10,0.7175750732421875,0.08635381960401348,0.22954437639770373,0.12642323620320994,0.10588235294117647,0.18823529411764706,0.40784313725490196,0.00015869140625,0.1368730971392463,0.35820290923652404,0.2707357050162756,0.11372549019607843,0.2549019607843137,0.8862745098039215,0.02130889892578125,0.1492969707414216,0.3702805736266088,0.24971287236096223,0.12156862745098039,0.28627450980392155,0.7843137254901961,0.006744384765625,0.12865853283882034,0.20215655445905054,0.5058823529411764,0.7914690150737479,0.012077664390084739,0.37050624020746664
ISPY2-575372,10,0.5174240112304688,0.18273998784083947,0.3754484367001169,0.128253599039624,0.2549019607843137,0.33725490196078434,0.5568627450980392,0.000531005859375,0.22714253145105698,0.46732957161034344,0.17404528750556506,0.3058823529411765,0.40784313725490196,0.7294117647058823,0.01153564453125,0.23339748606962316,0.48011913218115765,0.18585228389769,0.30196078431372547,0.4196078431372549,0.7568627450980392,0.01456451416015625,0.09188113491022648,0.09473477194162643,0.2,0.9368685990368715,0.012789560570814216,0.35864681386576275
ISPY2-575457,10,0.5613967895507812,0.13826374128753063,0.29745941787060526,0.12376952375607282,0.1411764705882353,0.29411764705882354,0.45098039215686275,0.0002105712890625,0.2103307866115196,0.4475629985088945,0.2213560646711826,0.20784313725490197,0.40784313725490196,0.796078431372549,0.0197998046875,0.2345238240559896,0.49736255297128645,0.22534622574281293,0.23921568627450981,0.4627450980392157,0.8588235294117647,0.02462005615234375,0.1501035806382892,0.16037515003577285,0.4117647058823529,0.9070146081136086,0.04979955446239197,0.19234074233848103
ISPY2-578975,10,0.270147705078125,0.18481217926623775,0.24613612561324213,0.09291421720884267,0.1568627450980392,0.2196078431372549,0.38823529411764707,0.0,0.26319288066789215,0.3509538775662131,0.17638362827932838,0.20784313725490197,0.28627450980392155,0.5882352941176471,0.01527252197265625,0.2840439979702819,0.3770197780481162,0.1923077470821949,0.19607843137254902,0.30980392156862746,0.6549019607843137,0.01365203857421875,0.10481775195297095,0.13060231782537485,0.23921568627450981,0.896325859891787,0.026065900481903097,0.3641316619138812
ISPY2-579881,10,0.5537338256835938,0.1833241601083793,0.40093060238815237,0.16359910652787815,0.15294117647058825,0.4196078431372549,0.6039215686274509,0.0,0.264032179888557,0.576360958894696,0.26142836499775624,0.20784313725490197,0.5882352941176471,0.9294117647058824,0.02559967041015625,0.26577380610447304,0.5789154190731051,0.24066617515993832,0.23529411764705882,0.6,0.8980392156862745,0.0235443115234375,0.17543035650654362,0.14546619506398462,0.37254901960784315,0.9032602191715248,0.0025544601784091474,0.40281743114560714
ISPY2-581648,10,0.6580581665039062,0.11014352835860906,0.2832263627689412,0.1081575825030751,0.12941176470588237,0.28627450980392155,0.4196078431372549,0.0,0.20006820379518994,0.5091365575436538,0.292956102453898,0.09803921568627451,0.5019607843137255,0.9176470588235294,0.01580047607421875,0.19912655699486825,0.5069415150874825,0.2617455782837625,0.1411764705882353,0.4980392156862745,0.8666666666666667,0.008843994140625,0.22591019477471258,0.26204565172197175,0.6,0.7766795332336732,-0.0021950424561712053,0.46559271737432784
ISPY2-586091,10,0.6877639770507813,0.10099033729702818,0.27383141990443255,0.14229030575019216,0.12156862745098039,0.23137254901960785,0.4823529411764706,1.52587890625e-06,0.1919805010627298,0.4920275696276449,0.2442463257679982,0.19607843137254902,0.47058823529411764,0.8588235294117647,0.01588134765625,0.1894575051700368,0.49565176312672976,0.2454680092826205,0.1843137254901961,0.4823529411764706,0.8470588235294118,0.01270751953125,0.2181961497232123,0.21053040049802288,0.5372549019607843,0.8933474077223436,0.0036241934990849443,0.43986863903590434
ISPY2-586207,10,0.37200775146484377,0.19154933555453432,0.29411800914271347,0.13576673242453766,0.13333333333333333,0.26666666666666666,0.5019607843137255,0.0,0.30683761895871625,0.4675873602421693,0.22335718695486603,0.20392156862745098,0.44313725490196076,0.7607843137254902,0.0197845458984375,0.31336559819240195,0.4784239688863219,0.22474425091023617,0.2235294117647059,0.4392156862745098,0.8156862745098039,0.02701568603515625,0.17346935109945583,0.14109891456871262,0.3803921568627451,0.9301585913145317,0.010836608644152576,0.35283955476830897
ISPY2-587388,10,0.6686859130859375,0.11555714326746323,0.29686774797424154,0.16541764136753925,0.11764705882352941,0.25882352941176473,0.5607843137254902,3.0517578125e-06,0.20068358776616116,0.43421225018354415,0.27761938781935647,0.12941176470588237,0.37254901960784315,0.9921568627450981,0.0335540771484375,0.20641466327742033,0.456782157251055,0.27769491125381346,0.13725490196078433,0.4,1.0,0.03521575927734375,0.13734450220930264,0.19590485618036535,0.4117647058823529,0.767351356330309,0.022569907067510834,0.3313959379173767
ISPY2-589502,10,0.35335540771484375,0.24601064046223958,0.3712382365549309,0.1158254287135837,0.2235294117647059,0.3686274509803922,0.5019607843137255,0.00019073486328125,0.3283591296626072,0.49688448660727197,0.18064713568461407,0.2980392156862745,0.4745098039215686,0.7294117647058823,0.0259307861328125,0.34966784907322307,0.5289478317135932,0.186768975359455,0.3137254901960784,0.5058823529411764,0.792156862745098,0.031134033203125,0.1256462500523411,0.12603302431491303,0.27450980392156865,0.9268591384782378,0.03206334510632126,0.22175395542551057
ISPY2-590220,10,0.608770751953125,0.13523779775582107,0.2964505885350755,0.18703153702392894,0.12156862745098039,0.24313725490196078,0.5176470588235295,0.0075408935546875,0.17176325180951288,0.36836295509795053,0.20645738878445855,0.17254901960784313,0.30980392156862746,0.6352941176470588,0.01529998779296875,0.17989923215379902,0.38932154274836506,0.21989088475295746,0.17254901960784313,0.32941176470588235,0.6980392156862745,0.01951141357421875,0.071912366562875,0.11292057818799293,0.19215686274509805,0.7878087021638404,0.02095858765041454,0.30986832867907455
ISPY2-590299,10,0.668768310546875,0.10995107613357843,0.2821302487716419,0.1792517616452289,0.11764705882352941,0.22745098039215686,0.5215686274509804,0.0018585205078125,0.16886576933019304,0.4056899381765273,0.22820771850322494,0.1568627450980392,0.3607843137254902,0.7490196078431373,0.01270599365234375,0.17822860418581493,0.4353580511605405,0.2370426411164774,0.17647058823529413,0.38823529411764707,0.8470588235294118,0.02075653076171875,0.12355968940488539,0.1298786133255557,0.30196078431372547,0.8558154747645986,0.02966811298401319,0.3056947797084892
ISPY2-591079,10,0.6050018310546875,0.11218741024241728,0.2603639433105143,0.1464863714721146,0.12156862745098039,0.20392156862745098,0.49411764705882355,0.0,0.16795298258463542,0.3838544826659504,0.22951199628981317,0.1568627450980392,0.3058823529411765,0.7333333333333333,0.011431884765625,0.18765389835133273,0.4263858066926291,0.2569786102120944,0.16470588235294117,0.3411764705882353,0.8549019607843137,0.0207427978515625,0.12349053935543608,0.14436329736666376,0.3137254901960784,0.8427835250670231,0.04253132402667865,0.34333207141918987
ISPY2-591180,10,0.6010848999023437,0.09414708754595588,0.20585580994283167,0.13127354209792408,0.10980392156862745,0.1607843137254902,0.3568627450980392,0.0012115478515625,0.1322505517099418,0.283643505406814,0.20893934074278936,0.12941176470588237,0.21176470588235294,0.5294117647058824,0.01642913818359375,0.1561946315391391,0.3357087929325873,0.21782111773728144,0.1568627450980392,0.25882352941176473,0.6313725490196078,0.01995086669921875,0.07778769546398234,0.12131749480689884,0.16470588235294117,0.8385016428683448,0.052065287525773295,0.13775613637146036
ISPY2-592535,10,0.524249267578125,0.1243977326037837,0.2230285812607209,0.1634752159703311,0.11372549019607843,0.16862745098039217,0.40784313725490196,0.00544891357421875,0.17394645541321999,0.3028811683755956,0.1989114073132184,0.13725490196078433,0.24313725490196078,0.5803921568627451,0.01100006103515625,0.17545310824525123,0.302857295945435,0.21039358593903792,0.12549019607843137,0.23529411764705882,0.6078431372549019,0.0136932373046875,0.07985258711487468,0.1111765015741987,0.19607843137254902,0.8260196030636201,-2.38724301605641e-05,0.48792448715152603
ISPY2-596458,10,0.6495925903320312,0.11679776060814952,0.2775801450725777,0.19616424933165005,0.11372549019607843,0.2,0.5607843137254902,0.0041778564453125,0.15465709013097426,0.3589167602262096,0.2538396694081238,0.09803921568627451,0.2823529411764706,0.7333333333333333,0.01461029052734375,0.15907288196040134,0.3658466299737367,0.26293088128713243,0.08627450980392157,0.2980392156862745,0.7725490196078432,0.0182159423828125,0.0813366151536319,0.15859859598616108,0.3254901960784314,0.6652151382798518,0.006929869747527129,0.38896461028640106
ISPY2-597253,10,0.625579833984375,0.14416604434742647,0.3573010408825687,0.20454878045111402,0.12549019607843137,0.30980392156862746,0.6666666666666666,0.00048065185546875,0.18712547152650122,0.42657069707009054,0.25737586385279776,0.09411764705882353,0.4,0.788235294117647,0.01531219482421875,0.2116536937040441,0.4715076416090929,0.2741030681468067,0.10588235294117647,0.4549019607843137,0.8784313725490196,0.02433929443359375,0.06926965618752187,0.16250643062557812,0.27058823529411763,0.6626171652131388,0.04493694453900233,0.24063085826065694
ISPY2-597873,10,0.49850311279296877,0.13582967122395834,0.24946909059582284,0.10154375574882472,0.12941176470588237,0.25098039215686274,0.34509803921568627,0.000311279296875,0.2609908758425245,0.4717970617677396,0.2325135457144925,0.2,0.4196078431372549,0.8235294117647058,0.01739044189453125,0.2901949893727022,0.531776046013441,0.23940853153039315,0.24313725490196078,0.4823529411764706,0.8901960784313725,0.02739410400390625,0.22232797117191674,0.17886281912101032,0.49019607843137253,0.9433215379981197,0.05997898424570141,0.17288026264144513
ISPY2-598798,10,0.7337448120117187,0.09087160596660539,0.26438224444758335,0.1946285250322827,0.11372549019607843,0.18823529411764706,0.5254901960784314,0.0034088134765625,0.12180115344477634,0.32311039388849017,0.2608938641360979,0.08627450980392157,0.22745098039215686,0.7450980392156863,0.0173736572265625,0.12751001096239276,0.3419206546068537,0.2679432095442166,0.08627450980392157,0.24705882352941178,0.8,0.0195068359375,0.05872814944090683,0.16382571541305763,0.25882352941176473,0.625056592528067,0.018810260718363555,0.3334059245929636
ISPY2-600536,10,0.6370712280273437,0.10039650711358762,0.23125731690537885,0.12167669063993194,0.11372549019607843,0.18823529411764706,0.4235294117647059,0.0,0.17379278444776347,0.386815559946214,0.25658601682232784,0.14901960784313725,0.30196078431372547,0.8666666666666667,0.02738189697265625,0.18912324793198532,0.4253501418225552,0.27355866510208243,0.1568627450980392,0.3333333333333333,1.0,0.03736724853515625,0.15555824304083518,0.1735549654129223,0.4549019607843137,0.8839978305563614,0.03853458187634122,0.31362334926781277
ISPY2-601489,10,0.6777999877929688,0.0963985906862745,0.24950051569285822,0.13768306020717,0.12156862745098039,0.21176470588235294,0.43137254901960786,4.730224609375e-05,0.20696586459290747,0.4977823674921931,0.27228404696805425,0.1803921568627451,0.45098039215686275,0.9686274509803922,0.02852630615234375,0.22740404316023285,0.5429923297477659,0.27097030912619735,0.21176470588235294,0.5019607843137255,1.0,0.03728485107421875,0.24828185179933487,0.17767238844739672,0.5098039215686274,0.9713388616053458,0.04520996225557287,0.17087759344942388
ISPY2-602451,10,0.64315185546875,0.12021092433555454,0.2987021617390499,0.15887833864857034,0.16470588235294117,0.25098039215686274,0.5019607843137255,0.0027801513671875,0.1643328318876379,0.41029069685548764,0.21064253829848922,0.21568627450980393,0.3411764705882353,0.7333333333333333,0.01302642822265625,0.16892723532284007,0.41108329761624485,0.20359380427123638,0.2196078431372549,0.34901960784313724,0.6980392156862745,0.0153076171875,0.11158853511643771,0.17373514770080964,0.37254901960784315,0.8028982656586734,0.0007926007607572157,0.4645605993226833
ISPY2-602943,10,0.6821304321289062,0.11778980329924939,0.3127597202216924,0.15586732991343782,0.12941176470588237,0.29411764705882354,0.5254901960784314,8.697509765625e-05,0.20072689280790443,0.46367587266474525,0.2236128313862945,0.21568627450980393,0.4235294117647059,0.8,0.01768035888671875,0.20553734274471505,0.5022954520447477,0.2349807776348942,0.24313725490196078,0.45098039215686275,0.9294117647058824,0.025347900390625,0.1509161524430528,0.18012133276976694,0.43529411764705883,0.8425059644103514,0.03861957938000252,0.3056370278275145
ISPY2-604199,10,0.6045318603515625,0.12052260454963235,0.26711303194447156,0.1652516452332207,0.12549019607843137,0.21176470588235294,0.5137254901960784,0.0001922607421875,0.211572660558364,0.4609937422614257,0.2826845390112533,0.15294117647058825,0.3686274509803922,0.9450980392156862,0.02975921630859375,0.2035043394799326,0.4425032648972142,0.24736014926691555,0.1568627450980392,0.39215686274509803,0.803921568627451,0.0147674560546875,0.19388071031695414,0.2541434750201695,0.6549019607843137,0.8311057436316914,-0.01849047736421152,0.4380917838980762
ISPY2-604326,10,0.5042724609375,0.14451307109757966,0.27824019487134916,0.10331635080920652,0.16470588235294117,0.25098039215686274,0.42745098039215684,0.0,0.22320812748927696,0.43700280284485127,0.2538208554800276,0.21176470588235294,0.3333333333333333,0.9137254901960784,0.03552093505859375,0.2212518310546875,0.43279221045719446,0.21414506523770335,0.2235294117647059,0.3607843137254902,0.7686274509803922,0.00665283203125,0.1587626079735021,0.19979690323909902,0.5411764705882353,0.8976852991873923,-0.00421059238765686,0.40407842895838464
ISPY2-604380,10,0.5593963623046875,0.13299628164253982,0.27070755797695767,0.10464456413149563,0.1450980392156863,0.2627450980392157,0.4,3.0517578125e-06,0.21495124966490503,0.4327554752827802,0.20302510723974249,0.24313725490196078,0.3803921568627451,0.7490196078431373,0.02066802978515625,0.22066707237094058,0.44609445016430976,0.20074453191141928,0.2549019607843137,0.39215686274509803,0.7607843137254902,0.01996917724609375,0.16204791730582255,0.1795239596089147,0.4117647058823529,0.9154886166079085,0.013338974881529525,0.41217783996065854
ISPY2-605713,10,0.6277297973632813,0.1067059206495098,0.256671489644261,0.10781455981107721,0.13725490196078433,0.23921568627450981,0.39215686274509803,4.8828125e-05,0.22006887996897978,0.5257708787471607,0.24537365080275625,0.24705882352941178,0.4745098039215686,0.9137254901960784,0.02707061767578125,0.22134252211626837,0.5314418034737494,0.22922779877335286,0.25882352941176473,0.5058823529411764,0.8705882352941177,0.02325592041015625,0.26909938910289966,0.18254409197298127,0.5215686274509804,0.9626431010243021,0.005670924726588767,0.4421345159875559
ISPY2-607047,10,0.6206756591796875,0.12726316564223344,0.2776547854151355,0.16589531253059536,0.11764705882352941,0.23137254901960785,0.5176470588235295,0.0001983642578125,0.19331253949333638,0.42067003652068646,0.26744653506845495,0.11764705882352941,0.36470588235294116,0.8392156862745098,0.01903228759765625,0.19667996275658703,0.4225118616116648,0.2604173396334159,0.12549019607843137,0.3764705882352941,0.8196078431372549,0.01693115234375,0.14301525110555097,0.18418886203390167,0.4196078431372549,0.7608389583014875,0.0018418250909783289,0.47320530664456906
ISPY2-609642,10,0.45490722656250004,0.1865838383693321,0.31473080162328737,0.1861600259640306,0.12549019607843137,0.26666666666666666,0.5882352941176471,0.0034149169921875,0.2594006108302696,0.4297185681277483,0.1890352261890135,0.23137254901960785,0.38823529411764707,0.6862745098039216,0.0112762451171875,0.2637002383961397,0.43559769363919704,0.2003174801480646,0.22745098039215686,0.38823529411764707,0.7137254901960784,0.017425537109375,0.11498776650446087,0.1325359110865859,0.30980392156862746,0.8316472208536749,0.005879125511448813,0.4875431092399337
ISPY2-609897,10,0.4410491943359375,0.18604754878025428,0.3309134978701975,0.10573969489257742,0.22745098039215686,0.30980392156862746,0.4666666666666667,1.52587890625e-06,0.2329822136374081,0.41298042063344986,0.16175940676923678,0.26666666666666666,0.3686274509803922,0.611764705882353,0.01294403076171875,0.24672642128140318,0.4373647402255453,0.1664029397074555,0.2784313725490196,0.39215686274509803,0.6549019607843137,0.011260986328125,0.0820669227632524,0.09945055827380812,0.19215686274509805,0.8875472954896618,0.02438431959209537,0.2743274895308397
ISPY2-611662,10,0.553424072265625,0.13428169400084253,0.2885131301827112,0.11137548124638462,0.17254901960784313,0.26666666666666666,0.4235294117647059,0.0004058837890625,0.20380564371744792,0.44072709570933216,0.21904455245575769,0.20784313725490197,0.38823529411764707,0.7647058823529411,0.017572021484375,0.24994064031862745,0.5396277974882602,0.24014919279098965,0.27058823529411763,0.4823529411764706,0.9450980392156862,0.035577392578125,0.15221396552662095,0.15519376094133291,0.3686274509803922,0.8869230664097202,0.09890070177892797,0.08108505200431888
ISPY2-613188,10,0.3514358520507812,0.21998398724724263,0.3329599178269991,0.14218017953276543,0.20392156862745098,0.28627450980392155,0.5529411764705883,0.000946044921875,0.2527682554955576,0.382267353526815,0.18420879895489503,0.22745098039215686,0.3215686274509804,0.6352941176470588,0.019366455078125,0.27836254643458946,0.4211886382152892,0.1892923109714376,0.25882352941176473,0.3568627450980392,0.7058823529411765,0.022222900390625,0.04930743569981593,0.09027687655819795,0.10588235294117647,0.7849582277557801,0.038921284688474195,0.15361504600710987
ISPY2-613961,10,0.6517532348632813,0.12715511546415442,0.3256316273349109,0.13267863069561428,0.1411764705882353,0.3215686274509804,0.5137254901960784,0.0,0.19991556803385416,0.4907402562825092,0.22417810679162053,0.2235294117647059,0.4549019607843137,0.8274509803921568,0.010809326171875,0.21276571834788605,0.5292884097076723,0.23792114511627255,0.2549019607843137,0.49019607843137253,0.9098039215686274,0.019561767578125,0.16510862894759837,0.17123857421389185,0.403921568627451,0.8884794524749482,0.03854815342516313,0.3004464852975327
ISPY2-614044,10,0.5577667236328125,0.13574756098728552,0.27967658580432264,0.11455964946454762,0.14901960784313725,0.25882352941176473,0.4392156862745098,0.0,0.22398222081801472,0.45124729025699484,0.23668108161017962,0.2196078431372549,0.3843137254901961,0.8862745098039215,0.02545623779296875,0.22729794371361825,0.4661946663408412,0.1951871839857252,0.25882352941176473,0.4235294117647059,0.7450980392156863,0.011395263671875,0.17157070445267217,0.24813618062461612,0.6588235294117647,0.8573193201344274,0.014947376083846461,0.30826852343852434
ISPY2-614434,10,0.41497955322265623,0.170106949151731,0.2749812934858371,0.11346952336650054,0.16470588235294117,0.24313725490196078,0.43137254901960786,0.0,0.2301106591318168,0.37501340563194574,0.18916507058050344,0.2235294117647059,0.30980392156862746,0.6470588235294118,0.020135498046875,0.2437970090379902,0.39765268854966995,0.19179255240088713,0.23529411764705882,0.3333333333333333,0.6823529411764706,0.0168426513671875,0.10003211214610858,0.132382933981578,0.23529411764705882,0.8846788854431024,0.022639282917724223,0.3038896815067332
ISPY2-615873,10,0.7487030029296875,0.09516224580652574,0.3153034995041189,0.18608894208283813,0.11372549019607843,0.26666666666666666,0.6352941176470588,0.0,0.14431522743374692,0.4641664017601697,0.2863631852760553,0.10980392156862745,0.43137254901960786,0.9254901960784314,0.0182342529296875,0.15347882439108457,0.4805158592673818,0.31097419929968523,0.09411764705882353,0.45098039215686275,1.0,0.03036041259765625,0.14886290225605087,0.1740283189929585,0.36470588235294116,0.7994353026899023,0.016349457507212003,0.39686076871698345
ISPY2-618240,10,0.5846710205078125,0.12677783442478555,0.26973740229035514,0.13782537598822647,0.12941176470588237,0.23137254901960785,0.4666666666666667,0.00011444091796875,0.1984946995155484,0.42065726867549985,0.22207324030060874,0.20392156862745098,0.3607843137254902,0.8,0.01922607421875,0.20391432818244484,0.4287676356409054,0.22640639220987321,0.21568627450980393,0.36470588235294116,0.8549019607843137,0.0205963134765625,0.15091986638514474,0.1542245888054052,0.37254901960784315,0.8796612660274074,0.008110366965405508,0.44616995481097765
ISPY2-621179,10,0.5208297729492187,0.14305906407973346,0.2785384314761987,0.1399978439366881,0.1607843137254902,0.23921568627450981,0.4666666666666667,0.00084228515625,0.21359853108723958,0.4240176644107866,0.21398178142483967,0.2196078431372549,0.34509803921568627,0.7411764705882353,0.01597900390625,0.22057012819776348,0.4372433069282536,0.2042518585740753,0.23921568627450981,0.37254901960784315,0.7137254901960784,0.02107696533203125,0.14547923293458787,0.16444074933170855,0.4392156862745098,0.9042254059338469,0.013225642517467008,0.3382553840568865
ISPY2-622078,10,0.7351806640625,0.10409073773552391,0.323997689792244,0.17907521776259508,0.12549019607843137,0.2901960784313726,0.5686274509803921,0.00078582763671875,0.16010007970473344,0.46028668358649816,0.24391346441871092,0.2,0.403921568627451,0.9058823529411765,0.02040557861328125,0.166152146283318,0.4914072428086197,0.2575149405708785,0.21176470588235294,0.4235294117647059,1.0,0.0265411376953125,0.13628899379425413,0.16104296027629125,0.3686274509803922,0.8191550659168434,0.031120559222121594,0.3674979256937402
ISPY2-622315,10,0.40499572753906254,0.1499920773973652,0.24347416775204678,0.07349371472485669,0.14901960784313725,0.24313725490196078,0.33725490196078434,0.0,0.2564503449084712,0.41574422179024917,0.24039464733325855,0.1803921568627451,0.34509803921568627,0.8274509803921568,0.0214141845703125,0.28787340949563417,0.4675895289002759,0.23334715404775122,0.21176470588235294,0.41568627450980394,0.8392156862745098,0.0162017822265625,0.17227005403820236,0.19879556321109138,0.5137254901960784,0.8909914807843218,0.05184530711002672,0.22155089731293373
ISPY2-622688,10,0.56424560546875,0.1218493772020527,0.24646225832126278,0.11601260843021088,0.11764705882352941,0.2196078431372549,0.4196078431372549,0.0,0.21924431894339766,0.4316987421912205,0.24756653347570343,0.1568627450980392,0.3803921568627451,0.8352941176470589,0.02151947021484375,0.2161015230066636,0.41848738318758044,0.2438585188608699,0.1568627450980392,0.3686274509803922,0.8352941176470589,0.0240509033203125,0.18523648386995775,0.17616900432826102,0.47058823529411764,0.8972707790570636,-0.013211359003640115,0.5047237863125753
ISPY2-623569,10,0.39976348876953127,0.17248884014054838,0.2621359739179513,0.10017927545166219,0.1411764705882353,0.25098039215686274,0.3843137254901961,0.0,0.2981044215782016,0.4480642506766924,0.2333179907410447,0.20784313725490197,0.3803921568627451,0.8196078431372549,0.02598724365234375,0.3015110629212623,0.45455750722974136,0.2012199614481995,0.22745098039215686,0.4235294117647059,0.7333333333333333,0.00882110595703125,0.1859282767587411,0.22173207823923521,0.5333333333333333,0.8365970038462418,0.006493256553048932,0.4221409305719029
ISPY2-624777,10,0.623773193359375,0.11029409371170344,0.25885121979227604,0.15469637685373827,0.11764705882352941,0.20392156862745098,0.5019607843137255,4.8828125e-05,0.15531574324065564,0.31014522419665297,0.2467865084632178,0.07450980392156863,0.2235294117647059,0.6588235294117647,0.01518707275390625,0.1710786408069087,0.3289383085042391,0.2554722692536145,0.07450980392156863,0.24313725490196078,0.7137254901960784,0.01716461181640625,0.0512940044043769,0.18378676886944056,0.2784313725490196,0.5647093655197027,0.01879308430758621,0.37939845232880715
ISPY2-625800,10,0.5232101440429687,0.10829794491038604,0.20772093532854932,0.09844952997977173,0.11372549019607843,0.17254901960784313,0.3607843137254902,0.0,0.19586300719018077,0.3753965993426548,0.24688474499520838,0.16470588235294117,0.27450980392156865,0.8156862745098039,0.03272247314453125,0.21879756553500307,0.4179528271949675,0.24345597551235096,0.18823529411764706,0.3254901960784314,0.8352941176470589,0.02616729736328125,0.1676756640141055,0.18460533341369673,0.5058823529411764,0.9436104061522903,0.04255622785231275,0.20512754865282637
ISPY2-625854,10,0.492987060546875,0.14602308086320465,0.2683736223064266,0.10730185098988525,0.12549019607843137,0.27058823529411763,0.39215686274509803,0.0,0.24192809460209866,0.4505969877628308,0.26535608672052585,0.1607843137254902,0.3686274509803922,0.8823529411764706,0.0228973388671875,0.2612506522384344,0.4852756472943943,0.2566104742929179,0.18823529411764706,0.4235294117647059,0.8666666666666667,0.0203033447265625,0.18222336545640416,0.19486465596100716,0.5176470588235295,0.9051992921547147,0.03467865953156353,0.26341655731981845
ISPY2-627118,10,0.5374740600585938,0.17179083730660233,0.3630897672326673,0.10078269866916148,0.24705882352941178,0.35294117647058826,0.49019607843137253,0.0,0.23485847622740502,0.49765850963159664,0.20895835985250916,0.2823529411764706,0.4392156862745098,0.8274509803921568,0.02054901123046875,0.25660380643956804,0.5438281004848191,0.21660230654980592,0.30196078431372547,0.49019607843137253,0.9019607843137255,0.02713623046875,0.1345687423989294,0.14846982202255518,0.3803921568627451,0.9146149557437458,0.046169590853222336,0.13742696810844515
ISPY2-627981,10,0.5978530883789063,0.10717155306946997,0.23230058311443386,0.13153147231791829,0.11372549019607843,0.19215686274509805,0.41568627450980394,0.0002166748046875,0.19338105444814643,0.3833023797678479,0.23332480593585417,0.1450980392156863,0.3176470588235294,0.7215686274509804,0.017327880859375,0.19399989707797183,0.39037812453012594,0.23635367547611952,0.1450980392156863,0.33725490196078434,0.7647058823529411,0.01890869140625,0.151001796653414,0.19589220608873562,0.45098039215686275,0.806671194569552,0.007075744762278031,0.43109303322696557
ISPY2-628692,10,0.5867401123046875,0.141354035022212,0.33834413004883823,0.13463260167157753,0.2196078431372549,0.30196078431372547,0.49019607843137253,0.00384521484375,0.18923725801355698,0.45375445229673284,0.19204055904350278,0.2784313725490196,0.39215686274509803,0.7411764705882353,0.016339111328125,0.20851386575137867,0.49934754911734514,0.19164410002401952,0.30980392156862746,0.44313725490196076,0.8,0.0161224365234375,0.11541032224789455,0.12510588216871704,0.25882352941176473,0.9313564766609805,0.04559309682061235,0.16606112969568074
ISPY2-629210,10,0.47628479003906254,0.12916767195159312,0.22721862634839557,0.11020394721183216,0.11372549019607843,0.19607843137254902,0.3803921568627451,0.0,0.24333107742608762,0.4235601927341145,0.28261794426285114,0.10980392156862745,0.3686274509803922,0.8941176470588236,0.03471832275390625,0.23920048133999694,0.41801326552379464,0.26629539181172474,0.11764705882352941,0.3843137254901961,0.8431372549019608,0.03028717041015625,0.19634156638571892,0.25144071272304847,0.6235294117647059,0.7449201974232421,-0.0055469272103198285,0.4254797186660529
ISPY2-630758,10,0.7185256958007813,0.09671957576976103,0.29577777714001025,0.1610043452698557,0.11372549019607843,0.2549019607843137,0.5137254901960784,6.103515625e-06,0.14632294897939643,0.4400131295070897,0.282260087216325,0.13333333333333333,0.3843137254901961,0.9568627450980393,0.02545318603515625,0.1630273676853554,0.4923398276135686,0.2891189613439184,0.16470588235294117,0.4470588235294118,1.0,0.03299407958984375,0.1442353523670794,0.18895136805758778,0.47058823529411764,0.8278716518401665,0.0523266981064789,0.20707226766847187
ISPY2-631337,10,0.544512939453125,0.1359264538334865,0.27043098263599596,0.1066851062897018,0.13725490196078433,0.26666666666666666,0.396078431372549,0.0,0.286044173895144,0.5776365963325579,0.26538326180234745,0.2235294117647059,0.5647058823529412,0.9882352941176471,0.04176788330078125,0.28306085923138785,0.5708487860015969,0.24993654958320086,0.23529411764705882,0.5607843137254902,0.9333333333333333,0.027349853515625,0.307205613696562,0.23714215043710057,0.6470588235294118,0.9226553392203894,-0.006787810330961012,0.4927405630669865
ISPY2-632408,10,0.6150405883789063,0.13106392654718138,0.3149836433560689,0.16118939160561135,0.15294117647058825,0.2549019607843137,0.5607843137254902,0.00041351318359375,0.207863966997932,0.49733771147814304,0.20218120780717372,0.2901960784313726,0.44313725490196076,0.8,0.01847076416015625,0.2223114372702206,0.5419522288535846,0.21397013242415064,0.3137254901960784,0.49411764705882355,0.8784313725490196,0.0258697509765625,0.18235406812207416,0.15564174354117988,0.396078431372549,0.9186759523875586,0.044614517375441615,0.28275733589126667
ISPY2-636424,10,0.6095382690429687,0.11065540986902574,0.24767859850735713,0.1089558696869885,0.12156862745098039,0.23137254901960785,0.39215686274509803,0.0,0.21896093031939337,0.48700874745211753,0.25052866660618944,0.16862745098039217,0.4549019607843137,0.8627450980392157,0.01948394775390625,0.21161432004442401,0.46690648810551405,0.24791955394377851,0.1568627450980392,0.43529411764705883,0.8509803921568627,0.01680755615234375,0.23933014894476037,0.1919856518285487,0.5098039215686274,0.912369623240964,-0.02010225934660343,0.5444267721274126
ISPY2-637051,10,0.5003631591796875,0.21139373779296874,0.4070380253542283,0.19143258407255165,0.15294117647058825,0.41568627450980394,0.6431372549019608,0.00188140869140625,0.2712554871802237,0.5139943718216943,0.22483230827911554,0.21176470588235294,0.5411764705882353,0.788235294117647,0.01367950439453125,0.2784294038660386,0.522874220143283,0.23498231072388398,0.21176470588235294,0.5450980392156862,0.8156862745098039,0.01767120361328125,0.10695634646746599,0.11825364597118447,0.21568627450980393,0.8770957910103163,0.008879848321588701,0.4037539472639429
ISPY2-637752,10,0.5635452270507812,0.14514838125191482,0.3024366893260354,0.16013222651231546,0.12156862745098039,0.27450980392156865,0.5215686274509804,0.000494384765625,0.24193176269531252,0.5059904022440692,0.26279100515091836,0.1411764705882353,0.5176470588235295,0.8705882352941177,0.01588897705078125,0.23931704053691788,0.4972269470656443,0.2583704817225352,0.13333333333333333,0.5176470588235295,0.8392156862745098,0.01127777099609375,0.20355371291803384,0.21954041583481707,0.5490196078431373,0.834293006100652,-0.008763455178424962,0.4900728931774084
ISPY2-639663,10,0.614202880859375,0.12763330197801775,0.28531632843300114,0.17344808993058786,0.11764705882352941,0.23137254901960785,0.5372549019607843,0.0011199951171875,0.2333425125421262,0.5075104873065048,0.2780305195498957,0.15294117647058825,0.5019607843137255,0.9176470588235294,0.0232147216796875,0.22384419759114585,0.48512733511826156,0.2658308060454131,0.14901960784313725,0.47058823529411764,0.8745098039215686,0.0207489013671875,0.2221941588735037,0.2229611612131025,0.5686274509803921,0.8649757154835546,-0.022383152188243233,0.525941717160531
ISPY2-640043,10,0.6308731079101563,0.11357962215647978,0.29366949974553114,0.14106122286757936,0.12941176470588237,0.27450980392156865,0.4823529411764706,1.52587890625e-06,0.1668138152477788,0.4284874173057163,0.24352607769887516,0.17254901960784313,0.3686274509803922,0.8313725490196079,0.0155487060546875,0.1662452428481158,0.42590171510977826,0.21022705861449548,0.1843137254901961,0.39215686274509803,0.7333333333333333,0.00311431884765625,0.13481791756018519,0.15967146125052345,0.35294117647058826,0.8919892026406405,-0.002585702195938046,0.40206935608550254
ISPY2-640463,10,0.6209625244140625,0.12807970233992033,0.2941106534479528,0.16947583634588845,0.12549019607843137,0.25882352941176473,0.49019607843137253,0.00316925048828125,0.18788351619944854,0.42533265828412153,0.2293739135772799,0.17647058823529413,0.3686274509803922,0.796078431372549,0.01662445068359375,0.18907372568167893,0.4299284236290589,0.2311209196446927,0.17647058823529413,0.37254901960784315,0.8,0.01875152587890625,0.13122200483616875,0.13895072328310926,0.32941176470588235,0.9159239309839536,0.00459576534493736,0.41327504166566026
ISPY2-640927,10,0.6224563598632813,0.1253759286917892,0.2960141541450491,0.16743589484491106,0.11764705882352941,0.2549019607843137,0.5411764705882353,8.392333984375e-05,0.20387463737936581,0.4403457006966681,0.25510748915983394,0.13333333333333333,0.40784313725490196,0.8117647058823529,0.0211761474609375,0.2273764097924326,0.48238440222852025,0.26827626097887697,0.13725490196078433,0.4666666666666667,0.8901960784313725,0.0259796142578125,0.14433154655161906,0.16729352069090406,0.3803921568627451,0.8146402777384845,0.0420387015318521,0.30210526741220645
ISPY2-644186,10,0.523736572265625,0.13420080446729474,0.263215926500805,0.1048763345825327,0.1411764705882353,0.24705882352941178,0.40784313725490196,0.0,0.24579172770182292,0.4578532136925973,0.25373505827862586,0.2196078431372549,0.3568627450980392,0.9215686274509803,0.03569183349609375,0.22796968946269913,0.42976805849661054,0.21210813478494947,0.21568627450980393,0.36470588235294116,0.7529411764705882,0.0086090087890625,0.19463728719179232,0.2491749650498668,0.6392156862745098,0.8530904384155016,-0.028085155195986714,0.4084049928874422
ISPY2-644609,10,0.5200592041015625,0.13396885890586704,0.2578517463182695,0.09435214317683123,0.1607843137254902,0.23529411764705882,0.4,1.52587890625e-06,0.19958332136565565,0.3789472056825553,0.2195546716375518,0.19215686274509805,0.30196078431372547,0.7137254901960784,0.02563323974609375,0.22439273011450675,0.42805930017603383,0.22651656140846826,0.2196078431372549,0.34509803921568627,0.8156862745098039,0.02202606201171875,0.12109545936428583,0.17210132288905833,0.36470588235294116,0.8257581056419974,0.049112094493478496,0.2407847800237812
ISPY2-646233,10,0.5747482299804687,0.14680749033011642,0.30917330286055855,0.1627541854602629,0.12156862745098039,0.28627450980392155,0.5450980392156862,0.0,0.21027782963771444,0.4336737388241457,0.25827964596445485,0.13333333333333333,0.38823529411764707,0.8392156862745098,0.01656646728515625,0.21021340164483762,0.43046894738275154,0.22988089195472952,0.1450980392156863,0.403921568627451,0.7568627450980392,0.0051788330078125,0.12450043596358717,0.17939429468712553,0.3803921568627451,0.7765354709303786,-0.0032047914413941884,0.4411197984879419
ISPY2-646600,10,0.6758193969726562,0.09784424426508885,0.25553491604450496,0.10486227899656887,0.11764705882352941,0.25098039215686274,0.39215686274509803,0.0,0.18067753212124693,0.4661952219639591,0.28801074166099644,0.10196078431372549,0.4196078431372549,0.8980392156862745,0.01544647216796875,0.19301297655292587,0.444754021728246,0.2859772116302828,0.08235294117647059,0.40784313725490196,0.8549019607843137,0.00902862548828125,0.21066030591945423,0.24223654554740956,0.5725490196078431,0.7829893389188298,-0.02144120023571312,0.5187639735473394
ISPY2-650589,10,0.4579315185546875,0.1670681044634651,0.28312632639262597,0.16622573717726766,0.12549019607843137,0.23921568627450981,0.5098039215686274,0.00210113525390625,0.25527377259497547,0.4109725986946503,0.21390392034075284,0.1803921568627451,0.3607843137254902,0.7176470588235294,0.01550750732421875,0.2622854075712316,0.42812953043286284,0.2281367145286689,0.18823529411764706,0.37254901960784315,0.796078431372549,0.02873382568359375,0.12784627230202425,0.13543102358412748,0.3333333333333333,0.8649345531315975,0.017156931738212526,0.382201266713582
ISPY2-651401,10,0.620611572265625,0.11220647475298713,0.27241025466316776,0.1525770512557475,0.11764705882352941,0.2235294117647059,0.5019607843137255,0.000201416015625,0.14852884928385418,0.3572815161876137,0.2207349221648325,0.15294117647058825,0.28627450980392155,0.6705882352941176,0.01231842041015625,0.17911201626646753,0.4275453146879177,0.23031568896901422,0.2,0.3568627450980392,0.803921568627451,0.02056732177734375,0.084871261524446,0.12214909994653962,0.22745098039215686,0.8466513296545954,0.07026379850030393,0.11347914219984234
ISPY2-651541,10,0.6324310302734375,0.11327755198759192,0.23330090457038807,0.16971909470195373,0.10980392156862745,0.17254901960784313,0.41568627450980394,0.00357513427734375,0.18091203278186274,0.3485107595281875,0.2082809434997121,0.15294117647058825,0.29411764705882354,0.6352941176470588,0.01202850341796875,0.18128488578048407,0.3566195293759498,0.22400431798803577,0.14901960784313725,0.28627450980392155,0.6862745098039216,0.01627044677734375,0.11520985495779948,0.10748697783701956,0.21568627450980393,0.8984432728631325,0.008108769847762261,0.44984017601394827
ISPY2-654956,10,0.601702880859375,0.1239417760512408,0.2733110143393827,0.13470543959140188,0.12156862745098039,0.24313725490196078,0.4666666666666667,0.00012054443359375,0.2476849843941483,0.5075985988431261,0.23448666686790223,0.21568627450980393,0.48627450980392156,0.8705882352941177,0.023529052734375,0.2461730837354473,0.5150103196802266,0.2122958466115558,0.2549019607843137,0.49411764705882355,0.8196078431372549,0.01523590087890625,0.23428758450374343,0.22028933337413334,0.5843137254901961,0.9302182141379469,0.00741172083710049,0.38477864443661214
ISPY2-655703,10,0.7372055053710938,0.10137180103975184,0.29665923794398,0.22183373572196138,0.11372549019607843,0.2,0.6431372549019608,0.00366668701171875,0.14652125339882047,0.40949355465803683,0.2745796810490141,0.10196078431372549,0.34901960784313724,0.8509803921568627,0.01732025146484375,0.15118581734451594,0.4051688198577443,0.27895358197902637,0.10196078431372549,0.3333333333333333,0.8784313725490196,0.0201080322265625,0.11283431671405679,0.18559509766822702,0.3686274509803922,0.7065060240963855,-0.0043247348002925946,0.46421831905937
ISPY2-655795,10,0.7804580688476562,0.08007741292317709,0.3362748845741704,0.16454181429630305,0.1450980392156863,0.3058823529411765,0.5725490196078431,3.35693359375e-05,0.12143186681410846,0.5006234405298897,0.21102008357687674,0.24705882352941178,0.4745098039215686,0.796078431372549,0.0083740234375,0.128817336138557,0.5353650786901685,0.22852233928336405,0.2549019607843137,0.5058823529411764,0.8745098039215686,0.01117401123046875,0.16434855595571932,0.15200198367442308,0.39215686274509803,0.9718165958896017,0.03474163816027874,0.2722426483364494
ISPY2-658541,10,0.47617950439453127,0.12422692392386643,0.21182464474060508,0.11104367373161773,0.11372549019607843,0.1803921568627451,0.3254901960784314,0.00041656494140625,0.20735055960860907,0.35247305478728075,0.23811498635394182,0.15294117647058825,0.2627450980392157,0.7843137254901961,0.022674560546875,0.22070351993336398,0.3724043986919918,0.21028314672640505,0.1803921568627451,0.30196078431372547,0.7058823529411765,0.01034698486328125,0.14064841004667564,0.1904100002709118,0.4470588235294118,0.9445776323876828,0.019931343904711036,0.23088283701000026
ISPY2-660534,10,0.51226806640625,0.16011484781901042,0.3007762531867959,0.14899355456221278,0.12549019607843137,0.2823529411764706,0.49411764705882355,0.00024261474609375,0.24906293083639705,0.4582920368748175,0.2379172921643087,0.1568627450980392,0.43137254901960786,0.803921568627451,0.01470947265625,0.2654176300647212,0.4876511933768627,0.23563299336853236,0.19215686274509805,0.4588235294117647,0.8313725490196079,0.019830322265625,0.15751578368802158,0.17132965015681054,0.4,0.858293705418596,0.029359156502045194,0.33013077211863345
ISPY2-660915,10,0.6052200317382812,0.11729452694163603,0.2675326242245757,0.12312367338579212,0.11764705882352941,0.2549019607843137,0.42745098039215684,9.1552734375e-06,0.1765540687710631,0.4034075356390319,0.23282449540109057,0.1568627450980392,0.3568627450980392,0.7843137254901961,0.01493072509765625,0.21104617249731925,0.4831074766691578,0.24588501010551417,0.2,0.44313725490196076,0.9019607843137255,0.025213623046875,0.1358749114144562,0.15333908028576895,0.38823529411764707,0.9047977953255025,0.07969994103012586,0.1180954147872435
ISPY2-663197,10,0.6006301879882813,0.16020706475949756,0.37575612919745993,0.16126514895545538,0.13333333333333333,0.403921568627451,0.5647058823529412,9.1552734375e-06,0.20689827713311887,0.4842138999021672,0.2369833832606358,0.15294117647058825,0.4980392156862745,0.803921568627451,0.011517333984375,0.22896512499042584,0.5321953141382024,0.25656370360560043,0.15294117647058825,0.5450980392156862,0.8901960784313725,0.01903533935546875,0.10845777070470722,0.14286759894104,0.3137254901960784,0.8214922955247945,0.04798141423603534,0.2202184685803363
ISPY2-663467,10,0.2799224853515625,0.187411834118413,0.25511431433627463,0.10124806770466632,0.1568627450980392,0.22745098039215686,0.37254901960784315,0.0001556396484375,0.2855048804189645,0.3893471046531388,0.22468824348403765,0.19215686274509805,0.3058823529411765,0.7450980392156863,0.0320220947265625,0.303772918102788,0.4140114370428725,0.22129503690484814,0.20392156862745098,0.32941176470588235,0.7725490196078432,0.01936187744140625,0.13423279031686416,0.17019286323484892,0.3764705882352941,0.9274671017778814,0.02466433238973367,0.24391727236125532
ISPY2-664658,10,0.5332839965820313,0.11917454738242952,0.22787068094507562,0.11453961333569469,0.11764705882352941,0.18823529411764706,0.40784313725490196,4.57763671875e-06,0.24463236490885415,0.46629600703676344,0.26493846485686645,0.17254901960784313,0.4117647058823529,0.8941176470588236,0.02923126220703125,0.23269447476256128,0.44514153498858305,0.2501916385785017,0.16862745098039217,0.396078431372549,0.8352941176470589,0.021783447265625,0.2384253260916878,0.20933399048238344,0.5686274509803921,0.9538590302320944,-0.021154472048180367,0.4431501273429301
ISPY2-666147,10,0.65328369140625,0.12448464786305148,0.3183950293844961,0.16848318217450522,0.12549019607843137,0.28627450980392155,0.5686274509803921,0.0001312255859375,0.19247271967869178,0.45853493106569104,0.24498710721142158,0.1450980392156863,0.43529411764705883,0.803921568627451,0.009130859375,0.1975431853649663,0.47347561670163263,0.271695612443912,0.13333333333333333,0.43529411764705883,0.9019607843137255,0.02086181640625,0.14013990168119494,0.17327042681044494,0.3764705882352941,0.785031510755906,0.014940685635941522,0.44416082808154067
ISPY2-666450,10,0.5472869873046875,0.15749454872280944,0.3165804804513062,0.160294314747085,0.12549019607843137,0.29411764705882354,0.5333333333333333,0.00027313232421875,0.23707165287990198,0.46695951871597674,0.2547164842713022,0.14901960784313725,0.4470588235294118,0.8431372549019608,0.022052001953125,0.24861906762216604,0.49152333689551186,0.26551523706550756,0.1568627450980392,0.4666666666666667,0.9215686274509803,0.03357391357421875,0.1503790382646705,0.17683439753460692,0.4,0.8103913175368229,0.02456381817953512,0.347965890323233
ISPY2-666715,10,0.5758331298828125,0.1296493111404718,0.27528577460439324,0.1538173307322369,0.12156862745098039,0.2235294117647059,0.5137254901960784,6.103515625e-06,0.21699251661113664,0.4450716445034317,0.25180702551707257,0.16862745098039217,0.38823529411764707,0.8235294117647058,0.02240447998046875,0.2264769251206342,0.46385189843721014,0.24229672759235793,0.1843137254901961,0.42745098039215684,0.8117647058823529,0.01660003662109375,0.16978586989903846,0.19573370746706098,0.5019607843137255,0.9038426948507458,0.018780253933778475,0.34433884208330034
ISPY2-668752,10,0.6027130126953125,0.13013962689568015,0.2981586252715446,0.1294012430946021,0.13333333333333333,0.2823529411764706,0.4745098039215686,0.0,0.21636273552389704,0.4897427045758964,0.2533462113247944,0.18823529411764706,0.45098039215686275,0.8980392156862745,0.0234832763671875,0.21848963718788297,0.4898302585515744,0.23100727894978174,0.20784313725490197,0.4549019607843137,0.8313725490196079,0.014129638671875,0.19158407930435178,0.17912854110503712,0.4745098039215686,0.8897321462863815,8.755397567797851e-05,0.4259964818755137
ISPY2-672734,10,0.6517807006835937,0.11166476978975183,0.27947996414363546,0.14207329009691114,0.11764705882352941,0.2549019607843137,0.47843137254901963,0.0,0.16626091452205882,0.4025728737305561,0.26049943944048737,0.13333333333333333,0.33725490196078434,0.8549019607843137,0.0183074951171875,0.17407553878484988,0.41987034760619757,0.2593176964744088,0.1450980392156863,0.3607843137254902,0.8666666666666667,0.0148040771484375,0.12309290958692062,0.18101711848056323,0.403921568627451,0.7815686497903238,0.01729747387564152,0.37090123527117685
ISPY2-674897,10,0.6208114624023438,0.10894587498085172,0.2626218512193111,0.14739721352503612,0.12549019607843137,0.20784313725490197,0.44313725490196076,0.00054473876953125,0.16674413942823224,0.40279118540637715,0.22207258957276194,0.18823529411764706,0.3137254901960784,0.6980392156862745,0.0117950439453125,0.1796158136106005,0.4272516550935378,0.22011726898343195,0.21176470588235294,0.3568627450980392,0.7294117647058823,0.016461181640625,0.1401693341870661,0.1391312809804155,0.30980392156862746,0.9216917164644575,0.024460469687160594,0.4043540371421098
ISPY2-676048,10,0.48530273437500004,0.16915591370825675,0.3033133576454963,0.1379700530544597,0.14901960784313725,0.2823529411764706,0.4823529411764706,0.00027923583984375,0.2602989585726869,0.4524780455773999,0.21391336251308826,0.21568627450980393,0.40784313725490196,0.7764705882352941,0.01609039306640625,0.2862251850202972,0.5032982671770918,0.21566840603883458,0.25882352941176473,0.4588235294117647,0.8470588235294118,0.0248016357421875,0.1491646879319036,0.20320607895066303,0.49019607843137253,0.8690174082155393,0.050820221599691955,0.21213594535622807
ISPY2-676365,10,0.46128997802734373,0.16367942062078739,0.28116377113458507,0.16524085485963044,0.12156862745098039,0.23529411764705882,0.5450980392156862,0.00022735595703125,0.25130940755208336,0.43692277564759524,0.25551761897421305,0.1411764705882353,0.37254901960784315,0.8235294117647058,0.0173797607421875,0.2545857508042279,0.4344574288110538,0.2574576394617238,0.13333333333333333,0.3764705882352941,0.8156862745098039,0.0213897705078125,0.15575900451301017,0.18052052434755214,0.43529411764705883,0.8470325648847611,-0.0024653468365414366,0.4993442836546768
ISPY2-676630,10,0.75394287109375,0.09097115909352022,0.30697821123786123,0.18109346544735735,0.12156862745098039,0.25098039215686274,0.5686274509803921,0.0003662109375,0.12255812701056985,0.38946310676872825,0.26952269834780934,0.1450980392156863,0.28627450980392155,0.8862745098039215,0.01824188232421875,0.12857639088350184,0.41725710525317433,0.2929948975092037,0.1450980392156863,0.2980392156862745,1.0,0.0262420654296875,0.082484895530867,0.12605044737262114,0.2549019607843137,0.764951381654016,0.02779399848444612,0.31350151312199237
ISPY2-677915,10,0.6524978637695312,0.10417793423521753,0.25414629698651425,0.16668710546435886,0.11372549019607843,0.1803921568627451,0.5372549019607843,0.0003936767578125,0.16644567153033088,0.3988293100228512,0.26481272440571724,0.1568627450980392,0.29411764705882354,0.8745098039215686,0.02571868896484375,0.17945752910539214,0.4312731059781282,0.26968436375184074,0.16470588235294117,0.32941176470588235,0.9098039215686274,0.023907470703125,0.144683013036337,0.14493031955626026,0.39215686274509803,0.923434282226584,0.03244379595527698,0.2457550090234874
ISPY2-679787,10,0.710784912109375,0.09292662975834866,0.29516691598027833,0.1383895415665259,0.13725490196078433,0.27058823529411763,0.4823529411764706,7.62939453125e-06,0.14309146656709557,0.39946822751470534,0.2506564489140534,0.09803921568627451,0.3686274509803922,0.7529411764705882,0.0059234619140625,0.16218456791896446,0.4623015473995866,0.28269546739523466,0.12156862745098039,0.4196078431372549,0.8901960784313725,0.0155181884765625,0.10430131153442701,0.20731124744609794,0.3803921568627451,0.6806848158700011,0.06283331988488125,0.3647567795715944
ISPY2-683173,10,0.6046554565429687,0.11825562121821385,0.2734056656013364,0.17002194082819927,0.11372549019607843,0.20784313725490197,0.5333333333333333,0.0004180908203125,0.17445404052734376,0.39543888510621106,0.24045535254626568,0.16862745098039217,0.3137254901960784,0.788235294117647,0.021466064453125,0.19379302978515625,0.438128636223665,0.24401090598069913,0.19215686274509805,0.36470588235294116,0.8666666666666667,0.023040771484375,0.12203321950487458,0.1217775989880185,0.2980392156862745,0.9182224143454281,0.042689751117454,0.17026318734971613
ISPY2-683374,10,0.6717269897460938,0.10279912013633578,0.26504375187466045,0.1282788451231444,0.12156862745098039,0.23921568627450981,0.4392156862745098,0.0,0.1971804390701593,0.4957026106574862,0.30341725137165315,0.1568627450980392,0.403921568627451,1.0,0.04523773193359375,0.21055594051585477,0.5169885272375916,0.29610113372583446,0.16862745098039217,0.43529411764705883,1.0,0.03632965087890625,0.23065885878282574,0.22317422007583176,0.5843137254901961,0.8680747616634982,0.021285916580105316,0.3845456616016771
ISPY2-683457,10,0.4956771850585937,0.14292683919270835,0.2680598425632215,0.12050692590067971,0.12549019607843137,0.25098039215686274,0.43529411764705883,0.0,0.21369446997549021,0.3920764767165576,0.2569892212376888,0.10980392156862745,0.3411764705882353,0.7843137254901961,0.0139617919921875,0.2312730796664369,0.4142969666346962,0.2526583808550143,0.10980392156862745,0.39215686274509803,0.7686274509803922,0.00558929443359375,0.12401663415333608,0.19618281245745908,0.41568627450980394,0.7172395639505859,0.022220489918138547,0.4058993140965711
ISPY2-685182,10,0.6514297485351562,0.10986856497970282,0.2781403779736453,0.12854320538691874,0.12549019607843137,0.25882352941176473,0.4549019607843137,0.0,0.24239864573759193,0.5753370123521198,0.2503747085262549,0.27450980392156865,0.5137254901960784,0.9882352941176471,0.03330078125,0.2134930300245098,0.5178866216398439,0.19124064353514664,0.2784313725490196,0.5019607843137255,0.7647058823529411,0.00908660888671875,0.29719663437847443,0.2908273584425334,0.788235294117647,0.9333914086473851,-0.05745039071227579,0.5808421504209001
ISPY2-685753,10,0.4521530151367188,0.1915668083639706,0.3266794011671854,0.13920950357566617,0.14901960784313725,0.3215686274509804,0.5058823529411764,4.2724609375e-05,0.29317839379404104,0.49248343895082747,0.18519095555885473,0.29411764705882354,0.4588235294117647,0.7647058823529411,0.0116485595703125,0.3216466686772365,0.5427895328063572,0.19580810086407252,0.3333333333333333,0.5019607843137255,0.8431372549019608,0.02911529541015625,0.16580403778364206,0.19310594616885002,0.4823529411764706,0.8855521854293569,0.050306093855529775,0.24907182268122785
ISPY2-687733,10,0.7234710693359375,0.08329623353247549,0.24006324677907317,0.10284406384799077,0.11764705882352941,0.23529411764705882,0.3607843137254902,4.57763671875e-06,0.16322947782628675,0.47598686765933906,0.2561290693005385,0.1803921568627451,0.4117647058823529,0.8784313725490196,0.01085357666015625,0.17782443775850185,0.5172039332104664,0.2610894837082297,0.21176470588235294,0.4470588235294118,0.9294117647058824,0.01721343994140625,0.23592362088026583,0.20265518877088226,0.5607843137254902,0.9492898369991061,0.04121706555112747,0.2599737344531138
ISPY2-689188,10,0.3790786743164063,0.18166745054955574,0.28136044249782816,0.11244100252831626,0.16862745098039217,0.2549019607843137,0.4392156862745098,0.0,0.25023634368298103,0.38494024823164075,0.20757046061526674,0.20392156862745098,0.3215686274509804,0.6980392156862745,0.02572174072265625,0.268271837421492,0.4117075871921336,0.20308954982240573,0.22745098039215686,0.34509803921568627,0.7098039215686275,0.0260711669921875,0.10357980573381254,0.14513301614071306,0.33725490196078434,0.8690428504375478,0.026767338960492843,0.2625384897045416
ISPY2-690410,10,0.644207763671875,0.1026583802466299,0.2516281509601765,0.10614716160084778,0.12156862745098039,0.24313725490196078,0.3843137254901961,0.0,0.21854742311963848,0.4867587269584382,0.24159811369559964,0.23921568627450981,0.4117647058823529,0.9450980392156862,0.03061676025390625,0.20332967720779718,0.4721361458998709,0.2060275359701087,0.24705882352941178,0.42745098039215684,0.7764705882352941,0.013360595703125,0.23513057599826165,0.25535012239581456,0.7019607843137254,0.9249137975400133,-0.014622581058567218,0.4120220266584324
ISPY2-692885,10,0.6409881591796875,0.1142544615502451,0.26987174839504235,0.13501058388354967,0.12156862745098039,0.23921568627450981,0.4549019607843137,0.0,0.2266781436695772,0.5258085291392507,0.26058825952849757,0.17254901960784313,0.5215686274509804,0.8980392156862745,0.02064361572265625,0.22275361304189645,0.5148951337660557,0.2590839787923345,0.16470588235294117,0.5098039215686274,0.8980392156862745,0.01891632080078125,0.25593678074420834,0.2063876884002345,0.5411764705882353,0.8898428269055856,-0.010913395373195052,0.474277675300278
ISPY2-697098,10,0.5449310302734375,0.12238531374463847,0.23347342598593787,0.1131344790289317,0.10980392156862745,0.2,0.38823529411764707,0.0,0.20625507429534312,0.390934871906742,0.2662053484484057,0.13333333333333333,0.3058823529411765,0.8823529411764706,0.027569580078125,0.2519405469707414,0.47045316567448614,0.2844005514587945,0.16470588235294117,0.39215686274509803,0.9490196078431372,0.035296630859375,0.15746144592080413,0.19442165929640692,0.5254901960784314,0.8720333697700463,0.07951829376774416,0.18993474922376388
ISPY2-697871,10,0.5157943725585937,0.13135442397173713,0.24727830255220365,0.10814780425961763,0.12549019607843137,0.22745098039215686,0.396078431372549,3.0517578125e-05,0.21008638868144913,0.38267688900101765,0.21726610525078857,0.17254901960784313,0.3215686274509804,0.6823529411764706,0.02438812255859375,0.25134325214460784,0.44963055909253336,0.23138108736087554,0.21176470588235294,0.3843137254901961,0.8274509803921568,0.0306427001953125,0.13539858644881397,0.16675416558256945,0.3333333333333333,0.8846875009847823,0.0669536700915157,0.1753133183541372
ISPY2-701790,10,0.484161376953125,0.17311769373276653,0.31343238756781777,0.20275504403876773,0.13333333333333333,0.23921568627450981,0.6588235294117647,9.46044921875e-05,0.24598128973268996,0.43218215121344045,0.23943290375259305,0.1803921568627451,0.36470588235294116,0.8196078431372549,0.01447296142578125,0.2606134093041514,0.45944324768894723,0.2401892274751531,0.19607843137254902,0.403921568627451,0.8588235294117647,0.0240478515625,0.11874976364562272,0.168963291500697,0.30980392156862746,0.8258977696266935,0.027261096475506726,0.31097734130036087
ISPY2-703401,10,0.5276153564453125,0.15451695460899204,0.31202988317834257,0.11264728652599001,0.14901960784313725,0.32941176470588235,0.43529411764705883,0.0,0.23351446413526347,0.45835377519162146,0.2219736522057824,0.20392156862745098,0.41568627450980394,0.8117647058823529,0.021295166015625,0.23761552399280025,0.4677969446721392,0.20395867029158798,0.2196078431372549,0.4392156862745098,0.7607843137254902,0.011175537109375,0.1463238920132789,0.19492003495100957,0.4666666666666667,0.8254323571783889,0.009443169480517754,0.3640586338999037
ISPY2-703455,10,0.5951202392578125,0.11018183689491422,0.24292243779799683,0.10350998985415014,0.11764705882352941,0.23137254901960785,0.3803921568627451,0.0,0.2087500239353554,0.45900597985197356,0.24933091468658428,0.1803921568627451,0.40784313725490196,0.8705882352941177,0.0231201171875,0.23906755035998775,0.5319162055156047,0.26097014135743246,0.20784313725490197,0.49411764705882355,0.9490196078431372,0.0324859619140625,0.21608354205397667,0.1953411827490451,0.5411764705882353,0.9247122581423219,0.07291022566363115,0.2680955144681204
ISPY2-705381,10,0.622845458984375,0.11117031321806066,0.25481317605934806,0.13328116105156929,0.12156862745098039,0.2196078431372549,0.43137254901960786,9.1552734375e-06,0.20900078268612132,0.4672955055826807,0.2533661131205306,0.16470588235294117,0.42745098039215684,0.8352941176470589,0.017730712890625,0.2164350502163756,0.48437950488078,0.2527917909578628,0.17647058823529413,0.4549019607843137,0.8588235294117647,0.01982269287109375,0.21248232952333265,0.2216525485244204,0.5568627450980392,0.8497402618419562,0.017083999298099315,0.39881539980256664
ISPY2-706418,10,0.6405868530273438,0.115563492120481,0.26929596317926013,0.1432005918360578,0.11764705882352941,0.22745098039215686,0.49019607843137253,4.119873046875e-05,0.21953226126876532,0.502982844542007,0.2717376535834076,0.17647058823529413,0.45098039215686275,0.9176470588235294,0.02677459716796875,0.23110557406556373,0.5190605017400197,0.2595417744958533,0.19607843137254902,0.47843137254901963,0.8862745098039215,0.0219085693359375,0.23368688136274698,0.19251207621105015,0.5450980392156862,0.9383047825256321,0.01607765719801262,0.36900804517183555
ISPY2-706943,10,0.439453125,0.1551569082222733,0.26695633283801323,0.08698569027430653,0.1607843137254902,0.25882352941176473,0.3843137254901961,0.0,0.24254499846813726,0.40372122019539525,0.19986658654824516,0.21176470588235294,0.35294117647058826,0.6823529411764706,0.0215545654296875,0.2567377726236979,0.43126567090250734,0.18538382142783727,0.23921568627450981,0.38823529411764707,0.7058823529411765,0.0090362548828125,0.13676488735738196,0.19544432883975385,0.43137254901960786,0.8724412020905923,0.027544450707112113,0.21052101480836236
ISPY2-708387,10,0.6419357299804688,0.11050833907781862,0.26382222966446967,0.14088442529506887,0.12156862745098039,0.2196078431372549,0.48627450980392156,0.0,0.19928680419921874,0.4515457968528819,0.2585542600092153,0.14901960784313725,0.4117647058823529,0.8627450980392157,0.02278289794921875,0.2080254109700521,0.47281940548196727,0.25549443991658244,0.1607843137254902,0.4470588235294118,0.8627450980392157,0.0243743896484375,0.18772356718841224,0.19465431690108748,0.47058823529411764,0.8456795121473104,0.02127360862908538,0.3902139682350284
ISPY2-709559,10,0.6657516479492187,0.11239927404067095,0.30888755277507823,0.10961329400040953,0.1450980392156863,0.3254901960784314,0.4392156862745098,0.0,0.17074335434857535,0.46756502567245123,0.2370922024021652,0.19607843137254902,0.40784313725490196,0.8392156862745098,0.0180633544921875,0.18380889892578126,0.49448292708819774,0.2054367683409864,0.24313725490196078,0.4588235294117647,0.788235294117647,0.00637664794921875,0.15867747289737294,0.19802170216161408,0.4588235294117647,0.8716338055173862,0.026917901415746553,0.2731895933860755
ISPY2-712276,10,0.5660919189453125,0.16794153550091914,0.37523823550787144,0.09095424818779861,0.2823529411764706,0.36470588235294116,0.4823529411764706,9.1552734375e-06,0.21810360179227942,0.4878132199969302,0.14861862681991708,0.3686274509803922,0.4549019607843137,0.6431372549019608,0.01654205322265625,0.2336378688438266,0.5230071077965941,0.16326502986813957,0.3803921568627451,0.47843137254901963,0.7450980392156863,0.02156829833984375,0.11257498448905877,0.09751807769041948,0.21568627450980393,0.942278612773679,0.03519388779966387,0.251953468417462
ISPY2-712917,10,0.6764816284179688,0.08580389883003983,0.22954043305551217,0.12833299960165273,0.11372549019607843,0.17254901960784313,0.4470588235294118,0.0,0.12966225418390012,0.34475915306576643,0.2326704654445574,0.1411764705882353,0.24313725490196078,0.6901960784313725,0.01146697998046875,0.14110361136642155,0.376419742365513,0.23854692833009286,0.1568627450980392,0.2784313725490196,0.7450980392156863,0.011724853515625,0.11521872001025425,0.1510732012807219,0.32941176470588235,0.8494818909447649,0.03166058929974658,0.29609802802552576
ISPY2-714205,10,0.5710540771484375,0.11875866459865196,0.2470922061205509,0.14288364942224238,0.12156862745098039,0.2,0.4470588235294118,1.52587890625e-06,0.16785797119140627,0.3438475800829947,0.23674290733943004,0.13725490196078433,0.26666666666666666,0.7058823529411765,0.02631378173828125,0.18765385048062194,0.3849335703176452,0.245879919208443,0.1568627450980392,0.3058823529411765,0.803921568627451,0.03067779541015625,0.09675537396244382,0.1484627078496836,0.2823529411764706,0.7559068562931764,0.04108599023465046,0.3000917777129563
ISPY2-719713,10,0.6136886596679687,0.14442981196384802,0.33297279555334675,0.1886019076294263,0.12549019607843137,0.2901960784313726,0.615686274509804,0.00126495361328125,0.1818272310144761,0.4111408125715478,0.22150391155122423,0.17647058823529413,0.35294117647058826,0.7411764705882353,0.01367340087890625,0.2151982385971967,0.4825178752837612,0.24346079394642883,0.22745098039215686,0.403921568627451,0.9176470588235294,0.03106842041015625,0.07816801701820107,0.11630457510101629,0.24705882352941178,0.8015665177566328,0.07137706271221345,0.15990251725104968
ISPY2-720065,10,0.68980712890625,0.09572018492455577,0.24572321234975433,0.12935966684706207,0.11372549019607843,0.21176470588235294,0.43137254901960786,0.0,0.16890948127297795,0.42020315426158655,0.2859850138763346,0.12156862745098039,0.3333333333333333,0.9215686274509803,0.02039794921875,0.17149458941291362,0.416186308847257,0.25770476074170057,0.13333333333333333,0.3568627450980392,0.8274509803921568,0.00938262939453125,0.17447994191183222,0.2236113579044933,0.5411764705882353,0.8058222816890324,-0.004016845414329598,0.4465241430876392
ISPY2-723918,10,0.5586761474609375,0.12327155618106618,0.25045879719814734,0.12007625066692672,0.12156862745098039,0.2235294117647059,0.43137254901960786,0.0,0.25430105171951595,0.4399512261461049,0.22639305532425863,0.17647058823529413,0.40784313725490196,0.7568627450980392,0.02142333984375,0.25093563902611826,0.44874102794707116,0.22579705329427,0.1803921568627451,0.4235294117647059,0.7647058823529411,0.020745849609375,0.1894924289479575,0.20461567242375184,0.5058823529411764,0.8694688582630884,0.008789801800966284,0.3795716844267113
ISPY2-725455,10,0.65079345703125,0.13681541891659008,0.33439038984699343,0.18778010389828056,0.12549019607843137,0.3058823529411765,0.5725490196078431,0.00400543212890625,0.1738055539598652,0.4218997715491272,0.22722618532038827,0.1607843137254902,0.38823529411764707,0.7450980392156863,0.01477813720703125,0.17681088316674326,0.42813717265142154,0.2368575707649672,0.1450980392156863,0.4,0.7764705882352941,0.0175811767578125,0.08750938170213378,0.12663722993632623,0.25098039215686274,0.7794115076729472,0.00623740110229431,0.4711041003950082
ISPY2-726091,10,0.66158447265625,0.15498800838694854,0.4313601716702985,0.14493839009930667,0.25098039215686274,0.4235294117647059,0.6313725490196078,0.0,0.2209176336550245,0.6226832961659216,0.20377660681678214,0.3607843137254902,0.611764705882353,0.9215686274509803,0.015557861328125,0.23231766046262253,0.6544883451342518,0.199024607375711,0.3843137254901961,0.6588235294117647,0.9372549019607843,0.01915283203125,0.19132312449562303,0.171620003204225,0.4549019607843137,0.9161887241640515,0.03180504896833025,0.2876672798759153
ISPY2-726381,10,0.583673095703125,0.11681220559512867,0.24942578693966042,0.16775597989091798,0.12156862745098039,0.19215686274509805,0.4588235294117647,0.00343170166015625,0.17978602989047182,0.3755684567005322,0.218844539020798,0.1803921568627451,0.30980392156862746,0.7019607843137254,0.01844940185546875,0.18565663057215073,0.38823859989231796,0.22075614090794665,0.17647058823529413,0.32941176470588235,0.7137254901960784,0.01969757080078125,0.12614266976087177,0.1288390052191363,0.25882352941176473,0.9020869068038879,0.012670143191785811,0.3731472929586137
ISPY2-726940,10,0.652197265625,0.10953025069891238,0.28510985539800643,0.1630576475692162,0.12156862745098039,0.2196078431372549,0.5490196078431373,0.0,0.15777763217103247,0.40887079070010707,0.2408119758006244,0.1607843137254902,0.32941176470588235,0.7568627450980392,0.0169158935546875,0.1851666020412071,0.47868022121104514,0.26739334950553223,0.19607843137254902,0.38823529411764707,0.9372549019607843,0.02930755615234375,0.12376093530210062,0.14811712799834778,0.3333333333333333,0.8553014881370209,0.06980943051093805,0.2384967710234452
ISPY2-727255,10,0.7034912109375,0.08651623295802696,0.25045730107605,0.127131355135788,0.11372549019607843,0.21568627450980393,0.4392156862745098,0.0,0.14026822557636337,0.40953876363225405,0.26005152835866985,0.13333333333333333,0.34901960784313724,0.8431372549019608,0.021148681640625,0.1615343759574142,0.47307937584255605,0.2705158516163538,0.15294117647058825,0.42745098039215684,0.9137254901960784,0.02047882080078125,0.15908146255620403,0.17071414121187306,0.47058823529411764,0.8830588719637711,0.063540612210302,0.11664265129682998
ISPY2-727804,10,0.7067062377929687,0.09210902195350797,0.2662146762634549,0.112158495303288,0.12156862745098039,0.25882352941176473,0.41568627450980394,0.0,0.1556980686561734,0.4494957238512871,0.2583590685821514,0.11764705882352941,0.4117647058823529,0.8313725490196079,0.00989532470703125,0.1745845121495864,0.500652676672111,0.2714238894126849,0.11372549019607843,0.4745098039215686,0.8901960784313725,0.01107177734375,0.18328104758783226,0.2031932120569373,0.49411764705882355,0.8144714457398823,0.05115695282082387,0.3339264253718531
ISPY2-728287,10,0.6871963500976562,0.10454674814261643,0.29077756381212383,0.1556638265442504,0.12156862745098039,0.25098039215686274,0.5098039215686274,2.13623046875e-05,0.1749668016620711,0.47238269646269915,0.2790054110180795,0.1607843137254902,0.4196078431372549,0.9686274509803922,0.028802490234375,0.17145531149471507,0.4669016175975607,0.25828491295626926,0.16470588235294117,0.43529411764705883,0.8470588235294118,0.0127716064453125,0.18160513265057535,0.22874879887170277,0.5607843137254902,0.831896740959712,-0.005481078865138414,0.4659583705286367
ISPY2-728714,10,0.6966323852539062,0.11771411970549939,0.3340368546382414,0.1442156493069774,0.1450980392156863,0.3176470588235294,0.5450980392156862,0.0,0.1724130308861826,0.49080438855118536,0.25232722958418896,0.16470588235294117,0.47058823529411764,0.9176470588235294,0.0242828369140625,0.18064432779947917,0.5216550808639226,0.27095799615069294,0.16862745098039217,0.49019607843137253,1.0,0.0307525634765625,0.15676753391294398,0.18218735955868137,0.4235294117647059,0.7986771621859518,0.03085069231273728,0.3331287880693107
ISPY2-729270,10,0.6071395874023438,0.11974825989966299,0.27260291613975324,0.16569313105989233,0.12156862745098039,0.2196078431372549,0.4980392156862745,0.0018890380859375,0.1960195503982843,0.44511664444776994,0.2636373194173902,0.1607843137254902,0.3843137254901961,0.8901960784313725,0.0271942138671875,0.1946224437040441,0.4399294783261993,0.24295968961171094,0.17254901960784313,0.38823529411764707,0.8274509803921568,0.01930694580078125,0.17251372830801676,0.2116192730599103,0.5176470588235295,0.8341289107257297,-0.005187166121570684,0.42016973180820694
ISPY2-729732,10,0.6560226440429687,0.12493097043504901,0.3050705500162261,0.18092979362138983,0.11764705882352941,0.2549019607843137,0.5647058823529412,0.00040740966796875,0.22406789742264094,0.48521169962735106,0.221229600336125,0.2235294117647059,0.4588235294117647,0.803921568627451,0.0111053466796875,0.23124913234336703,0.5133548678732723,0.2470392437329056,0.2235294117647059,0.47843137254901963,0.9294117647058824,0.02573089599609375,0.1801411496111249,0.17104827497089067,0.42745098039215684,0.8853829808942062,0.02814316824592135,0.4161265853106743
ISPY2-732137,10,0.6496871948242188,0.10205667533126532,0.24777427864965598,0.13482265718353176,0.11372549019607843,0.21568627450980393,0.41568627450980394,0.0,0.18975855808632044,0.42768620857553713,0.29346444143792205,0.10196078431372549,0.3568627450980392,0.8980392156862745,0.01660614013671875,0.18953677308325673,0.4195888827652011,0.2597242100072336,0.11372549019607843,0.3764705882352941,0.792156862745098,0.0065521240234375,0.17991192992588118,0.24409195325443778,0.5764705882352941,0.7407755868299206,-0.008097325810335981,0.43874275310239086
ISPY2-733276,10,0.28842315673828123,0.2724918739468444,0.3746705091966044,0.12570728030188957,0.23529411764705882,0.3607843137254902,0.5215686274509804,0.001434326171875,0.3547566253063726,0.48647850177492274,0.15873861812336484,0.32941176470588235,0.4627450980392157,0.6901960784313725,0.01732635498046875,0.3814828072342218,0.5237009565834229,0.1639974157382574,0.3607843137254902,0.49411764705882355,0.7372549019607844,0.02347564697265625,0.11180799257831833,0.10494094883643931,0.24705882352941178,0.9530384548579467,0.037222454808500206,0.17770548892543836
ISPY2-735673,10,0.3345596313476562,0.16311300838694853,0.23893795012358343,0.09386751658604064,0.1411764705882353,0.21568627450980393,0.37254901960784315,0.0,0.24949012307559743,0.3656120453285613,0.22510937419395244,0.16862745098039217,0.2784313725490196,0.7176470588235294,0.02509765625,0.277511812097886,0.4067597990095252,0.23972818670751472,0.18823529411764706,0.3137254901960784,0.8196078431372549,0.03335723876953125,0.12667409520497788,0.16483720925390333,0.3843137254901961,0.8671644084081054,0.041147753680963926,0.25111498889023925
ISPY2-741535,10,0.5369918823242188,0.14945401659198837,0.2807452811699066,0.10303039275503798,0.12549019607843137,0.29411764705882354,0.4,0.0,0.3162286077761183,0.5877053394874033,0.2662417662767811,0.20392156862745098,0.5843137254901961,0.9372549019607843,0.023968505859375,0.3203292128619026,0.5773879217878156,0.2586158570896052,0.20784313725490197,0.5882352941176471,0.9098039215686274,0.0149658203125,0.3069600583174968,0.21026013771336674,0.5882352941176471,0.933538098517979,-0.010317417699587737,0.5003674568361801
ISPY2-742477,10,0.7218048095703125,0.08528954001034007,0.25044482717010935,0.10205665198424463,0.11764705882352941,0.2549019607843137,0.3843137254901961,0.0,0.13884889490464153,0.4054924072548095,0.252931056019715,0.13725490196078433,0.35294117647058826,0.8666666666666667,0.01932373046875,0.14249934177772672,0.414389875565404,0.2280086041465374,0.14901960784313725,0.3843137254901961,0.7843137254901961,0.0063507080078125,0.1550475800847001,0.19515270572478124,0.5176470588235295,0.855318728814489,0.008897468310594568,0.36234491383187617
ISPY2-745633,10,0.6033554077148438,0.12105167762905943,0.27387718140979295,0.1297948111778874,0.11764705882352941,0.25098039215686274,0.4627450980392157,0.0,0.1945343256931679,0.4152332978431712,0.23048316519239662,0.13725490196078433,0.39215686274509803,0.7372549019607844,0.01025848388671875,0.20527405981924018,0.4344711682976678,0.22919423360843577,0.1450980392156863,0.4235294117647059,0.7450980392156863,0.0079742431640625,0.14135611643337825,0.18798879738287774,0.42745098039215684,0.8188155186674104,0.019237870454496594,0.3928292523418415
ISPY2-746265,10,0.6323654174804687,0.11153118657130821,0.2671857923563975,0.1482088970409728,0.11764705882352941,0.2196078431372549,0.4980392156862745,0.00033416748046875,0.20946776146982232,0.4785186801993525,0.2773761261172968,0.16470588235294117,0.4117647058823529,0.9294117647058824,0.02505950927734375,0.2061583575080423,0.4810313956780597,0.29762534987062933,0.1411764705882353,0.4117647058823529,0.984313725490196,0.0345184326171875,0.21133288784295495,0.17713013403226402,0.4823529411764706,0.9333466150340551,0.0025127154787072444,0.42361154345813984
ISPY2-746731,10,0.5807815551757812,0.15060475667317708,0.32984503153046,0.13144466976880428,0.1803921568627451,0.30980392156862746,0.5058823529411764,4.57763671875e-06,0.26364405613319547,0.5803773834831761,0.21706377727634446,0.32941176470588235,0.5450980392156862,0.9372549019607843,0.03208465576171875,0.2562881768918505,0.5646943919466096,0.1932762541180153,0.34509803921568627,0.5333333333333333,0.8588235294117647,0.0170745849609375,0.25053235195271606,0.23482658702566375,0.6392156862745098,0.9301191312482029,-0.01568299153656636,0.42913456043736053
ISPY2-749097,10,0.49297943115234377,0.13810531317018995,0.25269239695601364,0.14487694245030616,0.11764705882352941,0.21176470588235294,0.43529411764705883,0.0004119873046875,0.23476762360217523,0.421825644736905,0.2498497849508112,0.1803921568627451,0.3411764705882353,0.8745098039215686,0.03446807861328125,0.25014082366344975,0.4501305916897292,0.2432069925684966,0.19607843137254902,0.3843137254901961,0.8705882352941177,0.0340057373046875,0.16913324778089134,0.17298553623622942,0.4235294117647059,0.9187765776556589,0.02830494695282418,0.31735789888678556
ISPY2-752372,10,0.5179412841796875,0.15856608072916667,0.28539130594533696,0.16911535307594802,0.12156862745098039,0.23921568627450981,0.4980392156862745,0.00337982177734375,0.22507853788488053,0.3736735215480714,0.22000712733101327,0.1411764705882353,0.3333333333333333,0.6470588235294118,0.02024993896484375,0.2243260222790288,0.3779354447256837,0.22964817441424284,0.13725490196078433,0.3333333333333333,0.6941176470588235,0.0248504638671875,0.08828221560273442,0.14020523745666635,0.27450980392156865,0.7562594564481107,0.004261923177612345,0.4752533853292901
ISPY2-752469,10,0.70098876953125,0.11053450640510111,0.31936493642159863,0.16469281445554093,0.12941176470588237,0.28627450980392155,0.5686274509803921,4.57763671875e-06,0.17963323256548713,0.49689614527174414,0.2520198646376581,0.1607843137254902,0.48627450980392156,0.8549019607843137,0.0166168212890625,0.1777546781652114,0.4868479761776113,0.25802390463497726,0.1450980392156863,0.47058823529411764,0.8549019607843137,0.01665496826171875,0.1775312088501455,0.2045776913603582,0.49019607843137253,0.8180955296999388,-0.010048169094132855,0.4622627066748316
ISPY2-756412,10,0.4651535034179688,0.18357309378829656,0.3256237019524157,0.109342789625749,0.2196078431372549,0.2980392156862745,0.49019607843137253,0.0,0.2421100092869179,0.43337490218230584,0.17458834789596522,0.27058823529411763,0.38823529411764707,0.6862745098039216,0.01259002685546875,0.25649505615234375,0.4550702052603865,0.20511532012526154,0.25882352941176473,0.4,0.796078431372549,0.02559814453125,0.10775120022989011,0.10906786681540762,0.24313725490196078,0.8927241760028758,0.021695303078080687,0.37392480250601257
ISPY2-759015,10,0.6271347045898438,0.12588277180989585,0.32017475591199807,0.15525324224295076,0.1411764705882353,0.29411764705882354,0.5450980392156862,2.44140625e-05,0.1934651752546722,0.48496455461146326,0.24888846605042456,0.19607843137254902,0.43529411764705883,0.8705882352941177,0.01781158447265625,0.20428986792470893,0.5098509108710987,0.22533977101868347,0.23529411764705882,0.4745098039215686,0.8352941176470589,0.0104644775390625,0.16478979869946514,0.21397596258948456,0.5215686274509804,0.842020617037907,0.024886356259635475,0.29390123628565934
ISPY2-759418,10,0.6324737548828125,0.10924145268458946,0.23320910631276784,0.15294456751247973,0.10980392156862745,0.16862745098039217,0.5098039215686274,0.0001312255859375,0.19047036563648895,0.39607514253137543,0.30224558407444024,0.12941176470588237,0.2549019607843137,0.9764705882352941,0.035272216796875,0.18378350351371017,0.3734263749757611,0.24173909220614156,0.12941176470588237,0.28627450980392155,0.7725490196078432,0.00289306640625,0.16286603621860765,0.21594794697001168,0.47058823529411764,0.8793583047554201,-0.022648767555614385,0.3936818593219354
ISPY2-765773,10,0.614739990234375,0.10068948783126531,0.2294343015639741,0.1295970178451256,0.11372549019607843,0.17647058823529413,0.4549019607843137,0.0,0.1608349489698223,0.3471436745671479,0.2400302556794612,0.13725490196078433,0.25098039215686274,0.7058823529411765,0.01952362060546875,0.19255127551508883,0.41008683602082646,0.24362642316313649,0.17254901960784313,0.3254901960784314,0.788235294117647,0.02118377685546875,0.1177093730031738,0.19511054773116823,0.4117647058823529,0.7732806831323965,0.06294316145367859,0.15835854945263858
ISPY2-766301,10,0.5794677734375,0.12942848355162376,0.2797449557471755,0.10149622869942339,0.13333333333333333,0.2823529411764706,0.41568627450980394,0.0,0.21533584295534622,0.46546233529696346,0.2520652878596221,0.18823529411764706,0.396078431372549,0.9058823529411765,0.0290924072265625,0.2228823014801624,0.48048550044110533,0.2260421271856899,0.21176470588235294,0.44313725490196076,0.8196078431372549,0.01329345703125,0.18571737954978798,0.19119348569129835,0.5137254901960784,0.9093940493468795,0.015023165144141835,0.29132438316400583
ISPY2-766967,10,0.6334274291992188,0.10879618326822917,0.2529250077966309,0.11741118609812772,0.12156862745098039,0.2235294117647059,0.41568627450980394,0.0,0.20845487706801472,0.46227374977014124,0.26825429649465987,0.15294117647058825,0.40784313725490196,0.9098039215686274,0.0251556396484375,0.21009874530867034,0.4714875433058874,0.2527640892187448,0.16862745098039217,0.43529411764705883,0.8549019607843137,0.01905670166015625,0.2093487419735103,0.24512954299717932,0.6039215686274509,0.8039436056893817,0.009213793535746197,0.38145664489649805
ISPY2-767081,10,0.538800048828125,0.17170926561542585,0.35225652507075644,0.13595230182890267,0.1803921568627451,0.34901960784313724,0.5176470588235295,0.00081939697265625,0.2328269150677849,0.471334995626296,0.19182900233040254,0.25882352941176473,0.44313725490196076,0.7137254901960784,0.01898040771484375,0.23392110188802084,0.47606052915720504,0.18730375653253875,0.2549019607843137,0.4549019607843137,0.6941176470588235,0.01718597412109375,0.11907847055553955,0.15996961261463036,0.2549019607843137,0.9410491907415005,0.004725533530909022,0.3518388629355637
ISPY2-767934,10,0.48229827880859377,0.12842388078278186,0.23154821461832983,0.12526673215614909,0.12156862745098039,0.19215686274509805,0.41568627450980394,0.0,0.18198050704656862,0.32353819042125476,0.22051790395311757,0.14901960784313725,0.24705882352941178,0.6352941176470588,0.027093505859375,0.19133808210784312,0.34032238070230525,0.22751565155163117,0.15294117647058825,0.2627450980392157,0.6901960784313725,0.02611083984375,0.09198997580292488,0.12776110719491798,0.24313725490196078,0.816576819804233,0.01678419028105051,0.37832651990532923
ISPY2-768214,10,0.42969970703125004,0.16785922779756435,0.2631950661212279,0.13806898002492335,0.12549019607843137,0.23137254901960785,0.44313725490196076,0.0011627197265625,0.2805791099398744,0.4464250909379356,0.22824985325308234,0.20392156862745098,0.3843137254901961,0.792156862745098,0.0212249755859375,0.2754343309589461,0.43745569569251963,0.22055508889289743,0.19215686274509805,0.3843137254901961,0.7607843137254902,0.01847076416015625,0.18323002481670767,0.19748316125675,0.49019607843137253,0.8771377812025086,-0.00896939524541596,0.49933913397118945
ISPY2-769972,10,0.45161285400390627,0.1498634547813266,0.2597639328971597,0.10380323779278885,0.1411764705882353,0.23921568627450981,0.42745098039215684,0.00025787353515625,0.20673828723383886,0.3566423068304928,0.22528195038098472,0.17254901960784313,0.2784313725490196,0.7215686274509804,0.0244659423828125,0.2197933421415441,0.379628653941327,0.24436273267306416,0.16470588235294117,0.2901960784313726,0.8235294117647058,0.0236053466796875,0.09687837393333308,0.15195469631130853,0.3215686274509804,0.7784001268813076,0.02298634711083417,0.3560912766318578
ISPY2-771813,10,0.7468338012695312,0.0744209498985141,0.23615007211937605,0.09729136797950974,0.11764705882352941,0.22745098039215686,0.3686274509803922,0.0,0.160699462890625,0.504224877727965,0.28921579420659493,0.14901960784313725,0.4549019607843137,0.9450980392156862,0.018157958984375,0.15724408318014704,0.47710548692249105,0.26440717509950834,0.12941176470588237,0.4549019607843137,0.8431372549019608,0.005938720703125,0.2680748056085889,0.25071019453615073,0.6549019607843137,0.881559834855197,-0.027119390805473865,0.5380104270258868
ISPY2-778020,10,0.43975524902343754,0.15364171046836703,0.2590570001103322,0.10561173559119176,0.1411764705882353,0.24313725490196078,0.39215686274509803,5.340576171875e-05,0.23686746036305148,0.3860092424875016,0.20887067807200077,0.19607843137254902,0.3333333333333333,0.6745098039215687,0.02887115478515625,0.25307910395603556,0.4146279608797997,0.2021808412271453,0.2196078431372549,0.3686274509803922,0.6901960784313725,0.02395782470703125,0.12695224237716943,0.1793826640247969,0.3607843137254902,0.8609006378655744,0.028618718392298063,0.26030743922301325
ISPY2-778527,10,0.6922988891601562,0.08604742311963848,0.22139968233456384,0.10905567845988597,0.11764705882352941,0.18823529411764706,0.3803921568627451,0.0,0.1810320566214767,0.4010079338571361,0.2148917128100533,0.1803921568627451,0.3411764705882353,0.7294117647058823,0.00706787109375,0.19586542466107534,0.42518901190686287,0.26758862774943254,0.17254901960784313,0.3254901960784314,0.9215686274509803,0.02758026123046875,0.1796082515225723,0.16878221705748883,0.4235294117647059,0.9085071037167439,0.02418107804972675,0.513540452753465
ISPY2-780272,10,0.5975326538085938,0.11790757123161766,0.2696142995169944,0.12632670333159932,0.12941176470588237,0.24313725490196078,0.4470588235294118,0.0,0.16493750478707106,0.3512809241818815,0.2314573104569973,0.11764705882352941,0.2980392156862745,0.6823529411764706,0.0130218505859375,0.19545182770373773,0.40385164495695036,0.24241381073187396,0.12941176470588237,0.3607843137254902,0.7568627450980392,0.01580047607421875,0.08166662466488712,0.17353055503725678,0.32941176470588235,0.6637031251777177,0.05257072077506887,0.3041920526537282
ISPY2-781335,10,0.3657135009765625,0.13885499842026652,0.2082422884618886,0.07843315119457124,0.12941176470588237,0.18823529411764706,0.3058823529411765,0.0,0.23918282901539523,0.35678670731197654,0.2135406071146075,0.1843137254901961,0.2784313725490196,0.7019607843137254,0.0200958251953125,0.2514867326325061,0.3750560873011897,0.23542452727509758,0.18823529411764706,0.2784313725490196,0.803921568627451,0.031719970703125,0.1485444188500879,0.16290305501976948,0.4117647058823529,0.973583425951319,0.018269379989213203,0.3646430238208648
ISPY2-782334,10,0.6204971313476563,0.12140080470664828,0.27350477887517455,0.1726806763801519,0.12156862745098039,0.2196078431372549,0.5098039215686274,0.00196075439453125,0.17543677834903493,0.3521311016857821,0.21738336095062352,0.1411764705882353,0.2901960784313726,0.6627450980392157,0.01381988525390625,0.1911786247702206,0.39438649204711257,0.23396170492211094,0.1568627450980392,0.32941176470588235,0.7686274509803922,0.01983184814453125,0.07862632281060757,0.10306239344705698,0.19607843137254902,0.8126942515610488,0.04225539036133047,0.24577119628806124
ISPY2-783578,10,0.5109207153320312,0.14544197232115502,0.25776394988753976,0.15626231613606198,0.11372549019607843,0.20784313725490197,0.4549019607843137,0.00120849609375,0.25097418691597734,0.408296746377688,0.2099492395032471,0.1607843137254902,0.3803921568627451,0.6784313725490196,0.012127685546875,0.28424722708907785,0.46103147716969684,0.22116784019478714,0.2,0.4392156862745098,0.7843137254901961,0.0249908447265625,0.15053279649014817,0.1395836619730313,0.34901960784313724,0.900506359918009,0.05273473079200887,0.2878826168480889
ISPY2-783771,10,0.41915740966796877,0.14868575750612745,0.24708464033486435,0.0856510748151031,0.1411764705882353,0.24313725490196078,0.35294117647058826,0.0,0.2582133992513021,0.4322631772977356,0.22929533127209803,0.1843137254901961,0.39215686274509803,0.7725490196078432,0.0251312255859375,0.2866784967160692,0.47920916304976413,0.22766764656606056,0.20784313725490197,0.45098039215686275,0.807843137254902,0.0145751953125,0.18517853696287126,0.17776947216422617,0.4470588235294118,0.9481664788354993,0.04694598575202855,0.17431520434192102
ISPY2-786003,10,0.6130081176757812,0.12359605377795649,0.28560476966801135,0.15889088324943998,0.12156862745098039,0.22745098039215686,0.5372549019607843,3.35693359375e-05,0.17705637015548406,0.41187694773594696,0.25770947079668494,0.1411764705882353,0.34509803921568627,0.792156862745098,0.02517242431640625,0.18886876124961702,0.4395829965420572,0.2750267436730946,0.13725490196078433,0.3764705882352941,0.8823529411764706,0.026934814453125,0.12627217806793561,0.14331597592013562,0.35294117647058826,0.8373505139599162,0.0277060488061102,0.34398053773573745
ISPY2-789497,10,0.6327835083007812,0.10871369604970894,0.2593961564198436,0.1418351535697613,0.12549019607843137,0.2235294117647059,0.44313725490196076,3.35693359375e-05,0.15033112769033397,0.3420253162700555,0.21876664672004287,0.14901960784313725,0.2784313725490196,0.6588235294117647,0.01666412353515625,0.1595649808995864,0.3631347552296965,0.23245624884075167,0.1568627450980392,0.2980392156862745,0.7490196078431373,0.02201995849609375,0.08262915985021194,0.13924276666572907,0.2627450980392157,0.7536140347961223,0.02110943895964097,0.3606181360348044
ISPY2-790070,10,0.62415771484375,0.1073316805970435,0.24330743600178062,0.11360034515179458,0.11372549019607843,0.2196078431372549,0.403921568627451,0.0,0.20990910548789826,0.48498414890981567,0.29219800939187834,0.1411764705882353,0.43137254901960786,1.0,0.03937530517578125,0.2019859104530484,0.46267985319432264,0.2611762720639097,0.14901960784313725,0.43137254901960786,0.8862745098039215,0.02088470458984375,0.24167671290803502,0.22443628396678503,0.5882352941176471,0.9088432557082075,-0.022304295715492993,0.4849987008347137
ISPY2-790397,10,0.73123779296875,0.076197037042356,0.239128832711265,0.11155993336350122,0.11764705882352941,0.20784313725490197,0.396078431372549,0.0,0.13700403550091914,0.3232324264583428,0.2788128102203586,0.023529411764705882,0.2549019607843137,0.8156862745098039,0.01849822998046875,0.14599303002450978,0.33342998324823864,0.26831209670324513,0.047058823529411764,0.2784313725490196,0.7686274509803922,0.01148529052734375,0.08410359374707779,0.25230987403810734,0.49019607843137253,0.5346152972702911,0.010197556789895864,0.40403438252259616
ISPY2-790722,10,0.59827880859375,0.11485375497855392,0.24494072781806517,0.11747153791007996,0.11764705882352941,0.21568627450980393,0.4235294117647059,0.0,0.19065281288296568,0.39506969307520023,0.2542728370502365,0.12549019607843137,0.32941176470588235,0.796078431372549,0.016876220703125,0.18675452138863358,0.38875630898991215,0.23463357455073305,0.12549019607843137,0.34509803921568627,0.7333333333333333,0.006097412109375,0.1501289652571351,0.1954023972060212,0.44313725490196076,0.8180930748427482,-0.00631338408528807,0.46679479777568444
ISPY2-791321,10,0.6365875244140625,0.14276982326133578,0.34696381647139174,0.19710773389861044,0.12156862745098039,0.30980392156862746,0.611764705882353,0.00091552734375,0.2004449941597733,0.45648951719784175,0.22931215218482764,0.1843137254901961,0.4235294117647059,0.7764705882352941,0.02101287841796875,0.20594724767348346,0.4798866106404941,0.24387283642225943,0.20392156862745098,0.4196078431372549,0.8784313725490196,0.025628662109375,0.10952570072644999,0.13963979228586698,0.3254901960784314,0.7849399158570073,0.02339709344265237,0.3877253680206243
ISPY2-791944,10,0.6801239013671875,0.10824300130208332,0.27950078072577283,0.19709749959157918,0.12156862745098039,0.20392156862745098,0.5411764705882353,0.00541229248046875,0.13215245265586703,0.33982844423343245,0.23313013018151085,0.13725490196078433,0.2549019607843137,0.6901960784313725,0.01443328857421875,0.137022705078125,0.351326392010576,0.2451428448098858,0.12941176470588237,0.2627450980392157,0.7333333333333333,0.017437744140625,0.06032766350765957,0.10693334703375687,0.17647058823529413,0.7407767823921693,0.01149794777714362,0.42308022553593405
ISPY2-792412,10,0.6337722778320313,0.10316124411190257,0.2265687005685442,0.1150156137192271,0.11372549019607843,0.2,0.3568627450980392,1.068115234375e-05,0.19655219582950367,0.4260195427317424,0.26184856592014055,0.1450980392156863,0.36470588235294116,0.8823529411764706,0.024517822265625,0.20740473130170037,0.45013149315623685,0.2736009603347889,0.15294117647058825,0.3803921568627451,0.9294117647058824,0.02490997314453125,0.19945084216319822,0.19806685512721417,0.5176470588235295,0.915016395081892,0.024111950424494433,0.3199228368699768
ISPY2-793684,10,0.4864288330078125,0.1742809699563419,0.3166586330052174,0.11027216768753395,0.2,0.30196078431372547,0.4470588235294118,0.000140380859375,0.2299029780369179,0.4217079785618336,0.20099525037957913,0.23529411764705882,0.37254901960784315,0.7058823529411765,0.02115325927734375,0.2590983611462163,0.47648133085437494,0.2084951542590232,0.27058823529411763,0.43137254901960786,0.803921568627451,0.0244140625,0.10504934555661623,0.17947836180375112,0.34509803921568627,0.7579997266574364,0.05477335229254132,0.1732873008610291
ISPY2-794428,10,0.46790313720703125,0.14274002374387257,0.24356884505662668,0.15810742845656084,0.11764705882352941,0.17647058823529413,0.5215686274509804,0.00055694580078125,0.19584418801700368,0.3286312970336752,0.22952721549753216,0.1450980392156863,0.23921568627450981,0.6784313725490196,0.02511749267578125,0.21577693565219058,0.3612919252842298,0.24430432985192338,0.1607843137254902,0.2627450980392157,0.7686274509803922,0.0319244384765625,0.08506245197704851,0.10567374212877947,0.2,0.8766385156933312,0.03266062825055463,0.23224696385300317
ISPY2-796558,10,0.687139892578125,0.08615540149165135,0.24333075511560093,0.14545485902567268,0.11372549019607843,0.19215686274509805,0.4745098039215686,7.01904296875e-05,0.1098551970837163,0.287106138032575,0.23803958537913492,0.06274509803921569,0.20392156862745098,0.6274509803921569,0.0097625732421875,0.1414361572265625,0.3531740384950094,0.269359284531377,0.09019607843137255,0.2549019607843137,0.807843137254902,0.0178131103515625,0.04377538291697412,0.14736957411331786,0.20784313725490197,0.542504730876529,0.06606790046243434,0.2525751575333112
ISPY2-797427,10,0.6285598754882813,0.15065746830958945,0.37955663641803633,0.23097788339960335,0.12941176470588237,0.3137254901960784,0.7372549019607844,0.0030975341796875,0.17230422076056987,0.4283953227673763,0.23909834622610582,0.16470588235294117,0.37254901960784315,0.792156862745098,0.01017913818359375,0.18875058043236825,0.4677336854298712,0.2454560930874001,0.19607843137254902,0.4117647058823529,0.8549019607843137,0.01609954833984375,0.04883868634933999,0.08034320023287962,0.13725490196078433,0.7554913793457587,0.039338362662494866,0.1998463605105432
ISPY2-797499,10,0.5593353271484375,0.12563561533011644,0.2641779532924412,0.11114774116913251,0.14901960784313725,0.23529411764705882,0.44313725490196076,0.0,0.19915378346162682,0.41969825292389024,0.19832919403941354,0.24313725490196078,0.35294117647058826,0.6980392156862745,0.01613616943359375,0.21242290422028187,0.4486497397493593,0.21800560351006174,0.23529411764705882,0.37254901960784315,0.7803921568627451,0.014813232421875,0.1555202996314491,0.15969221548768692,0.3607843137254902,0.9030346890863383,0.028951486825469053,0.38556202691191643
ISPY2-797639,10,0.634136962890625,0.10997854195389092,0.2585846096275122,0.14432496289149413,0.11372549019607843,0.2,0.48627450980392156,0.0,0.16114760454963237,0.36946265619004726,0.2622667828293665,0.11764705882352941,0.27058823529411763,0.7686274509803922,0.02055511474609375,0.18259765026616115,0.42711279964332133,0.2783324535895083,0.13725490196078433,0.33725490196078434,0.9058823529411765,0.02515411376953125,0.11087804656253507,0.17593214744981173,0.39215686274509803,0.7382304856280133,0.05765014345327408,0.2576822981832741
ISPY2-798604,10,0.6087265014648438,0.13224466361251533,0.30014954493057827,0.16826359904062801,0.15294117647058825,0.24705882352941178,0.5137254901960784,0.00253448486328125,0.1626846612668505,0.37282691304073545,0.19792523813264615,0.19607843137254902,0.3176470588235294,0.6392156862745098,0.01250762939453125,0.1732084446327359,0.3969489530822566,0.20358215599914442,0.21568627450980393,0.33725490196078434,0.6784313725490196,0.0176910400390625,0.0726773681101572,0.0951918615723964,0.1568627450980392,0.8459003607292581,0.02412204004152114,0.3050599590523545
ISPY2-800710,10,0.5241714477539062,0.18753594491996017,0.38112936483249366,0.15731831723985953,0.14901960784313725,0.396078431372549,0.5803921568627451,0.0,0.26398455451516545,0.5344605489924446,0.24671841544359635,0.2,0.5254901960784314,0.9019607843137255,0.02230682373046875,0.27471017874923404,0.5540007478720952,0.2366741265414664,0.2235294117647059,0.5411764705882353,0.8862745098039215,0.018109130859375,0.1533311841599508,0.14195170344220687,0.3607843137254902,0.8857840103386684,0.01954019887965063,0.38121274119016546
ISPY2-802105,10,0.6150314331054687,0.12084836473651961,0.2776463065080804,0.1293230972585894,0.12549019607843137,0.2627450980392157,0.4470588235294118,0.00015411376953125,0.22366580140356923,0.5092621300957033,0.2679461139389975,0.1843137254901961,0.4549019607843137,0.9568627450980393,0.031170654296875,0.23306722603592217,0.5271366166773258,0.24820117311687567,0.2235294117647059,0.47843137254901963,0.9176470588235294,0.0255767822265625,0.23161582358762295,0.19454905616025506,0.5058823529411764,0.9082614261989037,0.017874486581622377,0.40296797770845805
ISPY2-802778,10,0.5634902954101563,0.09086095473345587,0.19770387455575442,0.07198178218808488,0.12941176470588237,0.17254901960784313,0.30980392156862746,0.0,0.1472204111136642,0.32041327187320356,0.23101211341510056,0.16470588235294117,0.2235294117647059,0.7254901960784313,0.02353515625,0.14871576645795034,0.3240219879597969,0.20570672761741557,0.17647058823529413,0.23921568627450981,0.6431372549019608,0.0087982177734375,0.12270939731744918,0.18896337372959796,0.45098039215686275,0.9011539093441838,0.003608716086593339,0.3133033407790374
ISPY2-803514,10,0.6433135986328125,0.09882154277726715,0.2199355995617388,0.15058085744716135,0.10588235294117647,0.1568627450980392,0.45098039215686275,0.00104217529296875,0.16376007080078125,0.3660527755451465,0.267950831090527,0.13725490196078433,0.2549019607843137,0.8901960784313725,0.02891082763671875,0.18008297789330577,0.3962347519111855,0.2756110919343798,0.1450980392156863,0.29411764705882354,0.984313725490196,0.03458709716796875,0.14611717598340768,0.16387598676718115,0.4392156862745098,0.9108265813362537,0.03018197636603902,0.25555061217156205
ISPY2-803677,10,0.4721481323242187,0.1538687432981005,0.27599482456735497,0.11338308576233004,0.1607843137254902,0.24313725490196078,0.4627450980392157,0.0,0.20233837651271447,0.3598137188868546,0.21342945744553649,0.17647058823529413,0.2784313725490196,0.6745098039215687,0.01732330322265625,0.2335586607689951,0.4176685692792263,0.22259577815695508,0.21568627450980393,0.3333333333333333,0.7725490196078432,0.0236602783203125,0.08381889431949958,0.15280020975050823,0.3215686274509804,0.6950189776633048,0.05785485039237169,0.17773672936666926
ISPY2-804233,10,0.463751220703125,0.22218618355545341,0.40116676475163304,0.1318148077053534,0.27058823529411763,0.37254901960784315,0.596078431372549,0.001605224609375,0.2724257585114124,0.4920078606340953,0.17850869718589096,0.3254901960784314,0.44313725490196076,0.7529411764705882,0.01926727294921875,0.29093657250497856,0.5276984803413848,0.18772789618650448,0.34509803921568627,0.4823529411764706,0.8196078431372549,0.02415771484375,0.09084109588246231,0.11961228447866033,0.23921568627450981,0.8297072582205579,0.03569061970728946,0.31521813360042794
ISPY2-808714,10,0.56361083984375,0.15930340336818322,0.33399144854730617,0.18629664028086282,0.13725490196078433,0.2901960784313726,0.5803921568627451,0.004656982421875,0.25816265031403185,0.5245505016183093,0.21610172147854348,0.24705882352941178,0.5137254901960784,0.8235294117647058,0.01590118408203125,0.25647611131855086,0.5268185206332386,0.22063955507390376,0.25098039215686274,0.5098039215686274,0.8431372549019608,0.02112274169921875,0.19055905307100324,0.16585896511965587,0.43529411764705883,0.9261937396850262,0.0022680190149292536,0.4154941396962153
ISPY2-809037,10,0.495941162109375,0.19264807009229473,0.36744522280668634,0.17901951553007958,0.1568627450980392,0.3411764705882353,0.6078431372549019,0.0023712158203125,0.2200570738549326,0.4192667447798881,0.2080955917309473,0.1843137254901961,0.38823529411764707,0.6941176470588235,0.01186981201171875,0.22917437385110292,0.43518218306272677,0.22656113904265418,0.17647058823529413,0.40784313725490196,0.7450980392156863,0.02173614501953125,0.0518215219732017,0.07857493407020781,0.12156862745098039,0.7805594236241448,0.015915438282838715,0.3870981413089544
ISPY2-809649,10,0.624725341796875,0.1241650510301777,0.29076560997660833,0.13131224691616764,0.13333333333333333,0.27058823529411763,0.47058823529411764,0.0,0.19364741905062807,0.4553533701030221,0.22208263786319732,0.20392156862745098,0.4235294117647059,0.7686274509803922,0.01096343994140625,0.2125471586339614,0.501318319309508,0.2417070560985142,0.22745098039215686,0.4666666666666667,0.8980392156862745,0.0236907958984375,0.16458776012641374,0.1627077757592555,0.39215686274509803,0.862409530779865,0.045964949206485875,0.3148044238432138
ISPY2-810965,10,0.7346115112304688,0.08854623233570773,0.2827431927780455,0.15968597408579402,0.10980392156862745,0.22745098039215686,0.5019607843137255,6.40869140625e-05,0.14073406144684436,0.4623938986547616,0.3214174561031123,0.13725490196078433,0.3333333333333333,1.0,0.03238983154296875,0.14897430419921875,0.4843254389005854,0.29791262803222857,0.1607843137254902,0.38823529411764707,0.9607843137254902,0.020550537109375,0.17965070587671608,0.18598801574788626,0.48627450980392156,0.925462124478942,0.021931540245823784,0.2771194480379474
ISPY2-814299,10,0.6840576171875,0.09598939783432905,0.2714352354804838,0.15831701054190606,0.12549019607843137,0.23137254901960785,0.4470588235294118,0.0026458740234375,0.12081542370366115,0.3342483079314718,0.19914495882605343,0.1450980392156863,0.2901960784313726,0.5843137254901961,0.0090179443359375,0.13135767319623162,0.3622573830552235,0.20918109067318885,0.1607843137254902,0.3137254901960784,0.6352941176470588,0.01178741455078125,0.06281307245098798,0.10880687140891276,0.19607843137254902,0.7202157870334596,0.028009075123751687,0.3168128429024032
ISPY2-815421,10,0.4822021484375,0.13216999128753065,0.23239128505379236,0.11116898451293303,0.12549019607843137,0.20392156862745098,0.37254901960784315,6.103515625e-06,0.2552572691674326,0.4275679765989096,0.2447923628584589,0.2,0.34901960784313724,0.9098039215686274,0.04277496337890625,0.254749953326057,0.43433860625206283,0.21543678331710642,0.2235294117647059,0.37254901960784315,0.7725490196078432,0.02366790771484375,0.19517669154511727,0.24010695902139928,0.6431372549019608,0.9127964543354237,0.0067706296531531655,0.3230674477816021
ISPY2-815493,10,0.6881683349609375,0.10491342581954657,0.29501426822184623,0.143273287091187,0.12156862745098039,0.2784313725490196,0.4980392156862745,0.0,0.16810507381663603,0.46096569121576075,0.27522392017108355,0.12549019607843137,0.4235294117647059,0.9294117647058824,0.0206298828125,0.18050905115464155,0.47158245335890886,0.26455199170419114,0.11764705882352941,0.4666666666666667,0.8745098039215686,0.01299896240234375,0.1659514229939145,0.20672055713604953,0.49019607843137253,0.8119562345250095,0.010616762143148136,0.40600013701177323
ISPY2-819622,10,0.6588973999023438,0.11163237328622855,0.2824689155449247,0.16414478344708744,0.10980392156862745,0.23137254901960785,0.5098039215686274,3.509521484375e-05,0.1662451291551777,0.41462155928599714,0.282220693634814,0.12941176470588237,0.33725490196078434,0.9137254901960784,0.0277923583984375,0.1775019208122702,0.437517962563137,0.28031995140980476,0.13725490196078433,0.37254901960784315,0.8823529411764706,0.0209075927734375,0.13215264374107244,0.1776492153041143,0.44313725490196076,0.8207743407367644,0.022896403277139883,0.3252723165358205
ISPY2-820348,10,0.671917724609375,0.11178602630016851,0.2723893933142993,0.160929908655887,0.11764705882352941,0.22745098039215686,0.48627450980392156,0.0008697509765625,0.2133984015969669,0.48414784327587,0.2254562723495386,0.22745098039215686,0.43529411764705883,0.8235294117647058,0.015301513671875,0.19812620873544728,0.4723854537257018,0.2474799700077668,0.21568627450980393,0.4117647058823529,0.9294117647058824,0.0251495361328125,0.21175844996157078,0.1718605407151412,0.4666666666666667,0.9252274291667442,-0.01176238955016829,0.5235010138968987
ISPY2-823618,10,0.617523193359375,0.11586899701286765,0.25733428454761786,0.1562474310642755,0.11372549019607843,0.2,0.49411764705882355,0.000421142578125,0.20367597991344974,0.4329055528698354,0.288683856934163,0.11372549019607843,0.3568627450980392,0.8980392156862745,0.02194671630859375,0.1982266414866728,0.4207392718517232,0.2605292734825507,0.11764705882352941,0.3764705882352941,0.8,0.014776611328125,0.17557126832221756,0.2554432204360563,0.6,0.7463097422803798,-0.012166281018112183,0.46378760073406206
ISPY2-824234,10,0.6398101806640625,0.10730648863549326,0.2525649581343717,0.12879867483527369,0.11372549019607843,0.2196078431372549,0.42745098039215684,0.0,0.1782241402420343,0.4196685304808122,0.24382980654096564,0.1568627450980392,0.3568627450980392,0.7725490196078432,0.01177215576171875,0.2110743922813266,0.4889935287322924,0.2736454833450971,0.1843137254901961,0.42745098039215684,0.9372549019607843,0.02667236328125,0.1671035723464405,0.1574532441915958,0.40784313725490196,0.9378998025875436,0.06932499825148018,0.19858168046294492
ISPY2-825363,10,0.713543701171875,0.0985214053883272,0.27840005965951464,0.16066000533891892,0.11764705882352941,0.22745098039215686,0.5215686274509804,5.340576171875e-05,0.16581322165096507,0.4345651059520393,0.28605771118662765,0.09803921568627451,0.3843137254901961,0.8705882352941177,0.014593505859375,0.1624856627221201,0.43496987570516665,0.2956993647988322,0.08627450980392157,0.38823529411764707,0.9058823529411765,0.02071685791015625,0.15616504629252462,0.22431577072558231,0.48627450980392156,0.7288208723073317,0.00040476975312742444,0.4723542070611297
ISPY2-828199,10,0.6875946044921875,0.09051642922794118,0.2625709491173703,0.10493062180173315,0.12549019607843137,0.2627450980392157,0.4,0.0,0.14975690056295957,0.4333792839782417,0.244579896095926,0.16862745098039217,0.3803921568627451,0.8666666666666667,0.01925201416015625,0.15364194982192095,0.44056173945122407,0.22113890010707624,0.1843137254901961,0.403921568627451,0.7843137254901961,0.0082427978515625,0.17080833486087144,0.2014221821091537,0.5176470588235295,0.8951293848723735,0.007182455472982304,0.3810577420898905
ISPY2-829491,10,0.5851669311523438,0.10651548497817095,0.21957051203686376,0.11242316581415505,0.11372549019607843,0.18823529411764706,0.3843137254901961,0.0,0.16321720497280945,0.3318075472147184,0.24501385967694758,0.12941176470588237,0.24313725490196078,0.7607843137254902,0.0238800048828125,0.17717214546951593,0.3603178769162751,0.256421873865691,0.1450980392156863,0.2627450980392157,0.8588235294117647,0.0302886962890625,0.11223703517785465,0.16461062890156056,0.3686274509803922,0.864013388998216,0.028510329701556748,0.2065620804443382
ISPY2-830486,10,0.6550506591796875,0.09082565008425245,0.23292161945418333,0.11416254649248571,0.12156862745098039,0.2,0.4117647058823529,0.0,0.1502075793696385,0.34261059975023783,0.2526231339888843,0.09411764705882353,0.26666666666666666,0.7607843137254902,0.008502197265625,0.15067488726447612,0.33865248097770506,0.2478203062011976,0.0784313725490196,0.26666666666666666,0.7333333333333333,0.00479278564453125,0.10968898029605445,0.2025280928141534,0.42745098039215684,0.6597453840913715,-0.0039581187725326785,0.4544602018879442
ISPY2-830958,10,0.45997924804687496,0.1421898037779565,0.2554335933543823,0.08996792609777227,0.16470588235294117,0.23137254901960785,0.396078431372549,0.0,0.20771245619829964,0.37446369689076164,0.21732716816076714,0.20392156862745098,0.2901960784313726,0.7411764705882353,0.02123565673828125,0.212547134698606,0.38113616322575916,0.20885762602824254,0.20392156862745098,0.2980392156862745,0.7294117647058823,0.00959320068359375,0.11903010353637934,0.165059047376893,0.3843137254901961,0.9143364942301389,0.006672466334997441,0.46494286650767996
ISPY2-831702,10,0.4849853515625,0.15057882869944855,0.2796474631568674,0.1576234371191288,0.1411764705882353,0.23529411764705882,0.47843137254901963,0.0046905517578125,0.20748010373583028,0.3859201488132584,0.18875945576311562,0.19607843137254902,0.33725490196078434,0.6470588235294118,0.0127532958984375,0.22409206614774815,0.4170977928976758,0.20105995420525694,0.21176470588235294,0.36470588235294116,0.7098039215686275,0.01746063232421875,0.10627268565639103,0.09260613187380203,0.19607843137254902,0.927153946432804,0.031177644084417366,0.28314766532353636
ISPY2-832056,10,0.6418167114257812,0.09143822165096507,0.2355544652053691,0.11940926884956608,0.12156862745098039,0.20392156862745098,0.3803921568627451,0.00031890869140625,0.15590628231272977,0.3908208273703067,0.22728733775594326,0.1607843137254902,0.32941176470588235,0.7294117647058823,0.01295623779296875,0.16053463206571691,0.40493024835509844,0.22844732261165446,0.16862745098039217,0.34901960784313724,0.7529411764705882,0.0154266357421875,0.15526636216493764,0.16677499361219988,0.4117647058823529,0.9051883155334223,0.014109420984791704,0.4173954903105151
ISPY2-833536,10,0.6702255249023438,0.12662280512791052,0.3231406589500381,0.1687673559568396,0.12549019607843137,0.2980392156862745,0.5529411764705883,0.0007110595703125,0.17135883406096813,0.42770628399795285,0.2511134366777433,0.13725490196078433,0.3803921568627451,0.8117647058823529,0.0193389892578125,0.18211210961435353,0.4584043742380698,0.2594357631099165,0.1450980392156863,0.4196078431372549,0.8627450980392157,0.02335662841796875,0.10456562504791479,0.19444625874565277,0.39215686274509803,0.7218919031468483,0.03069809024011694,0.37961142137969006
ISPY2-834418,10,0.5358062744140625,0.13099656647326902,0.26462739013571074,0.1746543585283692,0.12549019607843137,0.2,0.5411764705882353,0.00123748779296875,0.17234629911534927,0.34407185241245936,0.22729732177090128,0.14901960784313725,0.2627450980392157,0.7215686274509804,0.01633758544921875,0.18327477548636642,0.36685915242585293,0.2518148724486886,0.1411764705882353,0.27450980392156865,0.803921568627451,0.02471923828125,0.07944446227674867,0.09738874775537971,0.19215686274509805,0.8403295048880065,0.022787300013393564,0.32129027592418496
ISPY2-835658,10,0.7477584838867187,0.06966664033777574,0.2328147442003739,0.0994698900071866,0.11372549019607843,0.21568627450980393,0.3764705882352941,0.0,0.12116815903607536,0.3829268752671023,0.2376490645175292,0.1450980392156863,0.3215686274509804,0.7686274509803922,0.01110992431640625,0.12403318517348345,0.38658298736804125,0.21228979428090358,0.1607843137254902,0.34901960784313724,0.6941176470588235,0.00468597412109375,0.15011213106672838,0.19310693384598127,0.4745098039215686,0.8689303062749154,0.0036561121009389547,0.36630794451602755
ISPY2-836114,10,0.677154541015625,0.10578437954771752,0.2749545807546953,0.1526748338416181,0.11372549019607843,0.23921568627450981,0.4823529411764706,0.00015411376953125,0.1509971887925092,0.3923644326810978,0.2717073867450511,0.12941176470588237,0.3137254901960784,0.9137254901960784,0.02366180419921875,0.16751850202971813,0.43133952021114713,0.2711806573363676,0.15294117647058825,0.36470588235294116,0.9372549019607843,0.02494964599609375,0.11740985192640248,0.15838994602965856,0.4196078431372549,0.8496644295302014,0.03897508753004936,0.19072218546176387
ISPY2-836983,10,0.6491851806640625,0.11679599537568934,0.26740881555527696,0.17957278231423907,0.11372549019607843,0.2,0.5254901960784314,0.00254669189453125,0.2151359827378217,0.47344974717301996,0.25272626634981477,0.13725490196078433,0.4588235294117647,0.8431372549019608,0.019708251953125,0.20852517520680147,0.4602798196395691,0.2560626826577111,0.13333333333333333,0.43529411764705883,0.8470588235294118,0.0230987548828125,0.206040931617743,0.20863730454038984,0.5058823529411764,0.8295637423339568,-0.013169927533450856,0.4792614501326606
ISPY2-840501,10,0.68955078125,0.11418285893458946,0.3076217279141918,0.1681359894944128,0.12941176470588237,0.26666666666666666,0.5529411764705883,0.001092529296875,0.18372798545687805,0.49266856947245713,0.24497294019521357,0.19215686274509805,0.4549019607843137,0.8666666666666667,0.01826171875,0.18358329623353248,0.49634768070487084,0.24978273873187376,0.1843137254901961,0.4588235294117647,0.9019607843137255,0.021490478515625,0.18504684155826534,0.17067603047369262,0.4392156862745098,0.9168075652720982,0.003679111232413695,0.4616477272727273
ISPY2-841336,10,0.6160400390625,0.12580172071269916,0.28460788365705536,0.15065283847680686,0.12156862745098039,0.2549019607843137,0.4745098039215686,0.000323486328125,0.21541943120021448,0.46855663483680493,0.281150166206481,0.09019607843137255,0.4549019607843137,0.8901960784313725,0.018365478515625,0.22498306573606006,0.47955994249928624,0.27820469334722325,0.09019607843137255,0.4823529411764706,0.8705882352941177,0.0140380859375,0.18394875117974957,0.24109291581986173,0.5843137254901961,0.7393813187511922,0.011003307662481284,0.4036609016341324
ISPY2-845079,10,0.7039718627929688,0.10258037492340685,0.32417486713249255,0.11108895730670561,0.2196078431372549,0.3058823529411765,0.4588235294117647,0.0,0.1293166456035539,0.4069900159233818,0.20404290083939733,0.23921568627450981,0.34509803921568627,0.7490196078431373,0.01073760986328125,0.15084193210975796,0.46836304501955933,0.20097342933682508,0.30196078431372547,0.4,0.8274509803921568,0.0135711669921875,0.08281514879088926,0.14105123491974603,0.2784313725490196,0.706600345351924,0.06137302909617753,0.27328677095951137
ISPY2-845147,10,0.5479629516601563,0.11679614497166055,0.22844178053064754,0.10467319340550899,0.11764705882352941,0.20392156862745098,0.3764705882352941,0.0,0.24388869341681985,0.4637669136320202,0.23645099106076561,0.18823529411764706,0.42745098039215684,0.8,0.02452850341796875,0.24503445494408702,0.45698024773577584,0.2423829339777489,0.17647058823529413,0.41568627450980394,0.8196078431372549,0.02021484375,0.23532513310137268,0.19284434738238457,0.5333333333333333,0.9340246483508694,-0.00678666589624437,0.4890513659210051
ISPY2-845663,10,0.6253982543945312,0.1044022922889859,0.23563282754476297,0.11309865721393111,0.11764705882352941,0.2,0.40784313725490196,0.0,0.1733372527477788,0.3793480249789764,0.24440054939632055,0.12156862745098039,0.3176470588235294,0.7411764705882353,0.01415557861328125,0.16796888762829348,0.368546431521745,0.23056800147218345,0.12156862745098039,0.3137254901960784,0.6941176470588235,0.00807037353515625,0.1437151974342134,0.19651746700477135,0.4588235294117647,0.7814044049059263,-0.010801593457231447,0.47436038436001776
ISPY2-846156,10,0.6373672485351562,0.11905676748238359,0.2721253291453545,0.1323757687092933,0.11764705882352941,0.25098039215686274,0.4392156862745098,0.0,0.2145326322667739,0.4090054746520434,0.2382465831720598,0.13333333333333333,0.3686274509803922,0.7647058823529411,0.01309967041015625,0.2206712610581342,0.4546041654548672,0.2663861393035127,0.15294117647058825,0.3843137254901961,0.8901960784313725,0.02374114990234375,0.13688014550668892,0.1953509994644425,0.43529411764705883,0.7748080200290337,0.04559869080282383,0.28937325114136037
ISPY2-847272,10,0.5835311889648438,0.0989807248583027,0.21225757261946607,0.09349085503402721,0.11764705882352941,0.17647058823529413,0.35294117647058826,0.0,0.2073318541283701,0.42474408552372245,0.28967075397697134,0.1607843137254902,0.2980392156862745,0.9607843137254902,0.03342742919921875,0.20913039263556987,0.433296903178188,0.2823471293155597,0.16470588235294117,0.3176470588235294,0.9176470588235294,0.0190185546875,0.21248651290425635,0.218115887723605,0.596078431372549,0.9346772332076633,0.008552817654465545,0.4128864902889678
ISPY2-847753,10,0.5015411376953125,0.12160831825405943,0.22452149047698794,0.09581242972012116,0.12549019607843137,0.2,0.3686274509803922,0.0,0.19089846741919425,0.3343502137133055,0.2023395460809473,0.17254901960784313,0.2627450980392157,0.5843137254901961,0.01748199462890625,0.20076418409160537,0.3554685936578078,0.1973066433456243,0.17647058823529413,0.28627450980392155,0.6235294117647059,0.010662841796875,0.10982872323631752,0.166753518855914,0.2901960784313726,0.8899562249364802,0.021118379944502365,0.2983102213242722
ISPY2-848371,10,0.5410018920898437,0.1365259686638327,0.27750254395678997,0.1082534000244094,0.12941176470588237,0.2784313725490196,0.4196078431372549,0.0,0.23217839858111214,0.4613059071618568,0.22839942897960272,0.17254901960784313,0.4392156862745098,0.792156862745098,0.012396240234375,0.23567140467026654,0.4632765016221941,0.2014421218399068,0.20392156862745098,0.4549019607843137,0.7333333333333333,0.00433197021484375,0.1838033632050668,0.2019256312849769,0.49411764705882355,0.8420991393209645,0.0019705944603373164,0.4551027396121792
ISPY2-849605,10,0.6243621826171875,0.13376618628408396,0.3030500328233724,0.17295926529665004,0.12549019607843137,0.27058823529411763,0.5019607843137255,0.0042449951171875,0.17258768119064033,0.3712060729531111,0.215814447349236,0.1568627450980392,0.3215686274509804,0.6784313725490196,0.0147552490234375,0.17871069216260724,0.38926751390951136,0.22203442023058279,0.16862745098039217,0.3333333333333333,0.7254901960784313,0.01832427978515625,0.06815604012973875,0.13917769918329492,0.25098039215686274,0.6843747207305283,0.018061440956400273,0.3672505260421321
ISPY2-851180,10,0.4574234008789062,0.18177100088082107,0.3091786683597713,0.1777578540344075,0.12941176470588237,0.2627450980392157,0.5568627450980392,0.00304718017578125,0.26052168303844975,0.4289983425727856,0.20193659113623166,0.2,0.396078431372549,0.7058823529411765,0.01478729248046875,0.2531922224456189,0.42101666454091163,0.20041433598773867,0.2,0.38823529411764707,0.6823529411764706,0.0180328369140625,0.11981967421301433,0.1634965181351956,0.3686274509803922,0.8262684099071103,-0.007981678031873973,0.43945014244213026
ISPY2-851488,10,0.5500259399414062,0.14299573711320465,0.27869294787210735,0.15799020533105937,0.12941176470588237,0.24313725490196078,0.49411764705882355,0.00308837890625,0.19762040680530024,0.37211564501688704,0.20409108425824884,0.17254901960784313,0.3176470588235294,0.6509803921568628,0.0160125732421875,0.20636111390356923,0.3939467587167117,0.21624908118018052,0.18823529411764706,0.33725490196078434,0.7333333333333333,0.02296600341796875,0.09342269714477969,0.13988685069062237,0.2901960784313726,0.8303599586293426,0.021831113699824694,0.3799996608962512
ISPY2-857165,10,0.42596282958984377,0.12798046635646446,0.21017595360344238,0.06994457287235754,0.13725490196078433,0.19607843137254902,0.30980392156862746,0.0,0.19602756874234067,0.32156982622608243,0.2233142781567291,0.14901960784313725,0.23529411764705882,0.6588235294117647,0.02301177978515625,0.20641480688955272,0.33907918748691446,0.2142347598635869,0.1607843137254902,0.2627450980392157,0.6627450980392157,0.014166259765625,0.11139387262264003,0.18639312410866002,0.40784313725490196,0.7382888402742152,0.01750936126083204,0.3582871922190531
ISPY2-859699,10,0.6735458374023438,0.1613670738070619,0.45349525876863167,0.27760928812448865,0.13333333333333333,0.39215686274509803,0.8980392156862745,0.0125030517578125,0.1819949400658701,0.4715738102013574,0.26881975718056794,0.1607843137254902,0.4117647058823529,0.8980392156862745,0.01235504150390625,0.18040748147403493,0.4722959675819193,0.2670173831216731,0.1607843137254902,0.4117647058823529,0.8901960784313725,0.01124420166015625,0.01807855143272575,0.07478623561125455,0.06666666666666667,0.4669424384771787,0.0007221573805618908,0.4590338638435112
ISPY2-862244,10,0.29252471923828127,0.1558427818148744,0.21417878499806375,0.06516730214968022,0.14901960784313725,0.20392156862745098,0.28627450980392155,3.0517578125e-06,0.22742882223690258,0.30969221652137696,0.1721903169383078,0.1607843137254902,0.2627450980392157,0.5294117647058824,0.010107421875,0.2406697411630668,0.3284452585005092,0.17497716851423092,0.16470588235294117,0.2823529411764706,0.5647058823529412,0.0078857421875,0.0955134315233132,0.14001305121321778,0.2627450980392157,0.821969541745839,0.018753041979132294,0.2887322576679442
ISPY2-865416,10,0.5974624633789063,0.11880238850911458,0.26875419991010957,0.19247170887172743,0.11764705882352941,0.2,0.5058823529411764,0.009197998046875,0.17334233302696078,0.3731474220198263,0.2305618039316481,0.1568627450980392,0.3058823529411765,0.7176470588235294,0.02214508056640625,0.1810011859968597,0.39538908309156795,0.23479096145431594,0.17647058823529413,0.32941176470588235,0.8,0.0262298583984375,0.10439322210971673,0.16648258792853668,0.3411764705882353,0.7615870693347788,0.02224166107174162,0.368943962821305
ISPY2-872188,10,0.5626266479492188,0.14914277319814642,0.31177571249336544,0.14487219362803838,0.1411764705882353,0.29411764705882354,0.5176470588235295,3.96728515625e-05,0.21793420529833027,0.4442349471597163,0.25262812941382057,0.16862745098039217,0.37254901960784315,0.8627450980392157,0.0244781494140625,0.20369821585860906,0.40911441792847647,0.23415827573693626,0.1450980392156863,0.3607843137254902,0.7686274509803922,0.01634521484375,0.1324592346663509,0.19816268092358147,0.45098039215686275,0.7428001269898862,-0.035120529231239865,0.5279918503193936
ISPY2-873686,10,0.6374374389648437,0.10941585765165442,0.26523267463873546,0.16766071426915352,0.12156862745098039,0.21568627450980393,0.4745098039215686,0.00275726318359375,0.16340057373046876,0.36662463848377036,0.2420053938138387,0.13333333333333333,0.2980392156862745,0.7294117647058823,0.02353363037109375,0.16837227017271753,0.3773565056912167,0.24226622958613261,0.13333333333333333,0.3176470588235294,0.7294117647058823,0.0236968994140625,0.10139196384503492,0.16692119561907592,0.3215686274509804,0.7303511230635203,0.01073186720744634,0.4118572949677832
ISPY2-877463,10,0.559124755859375,0.13817635330499387,0.28792862042578443,0.13038266338351978,0.1411764705882353,0.2627450980392157,0.4588235294117647,0.0,0.23421044443167893,0.4937928131810918,0.25179812871834273,0.20392156862745098,0.45098039215686275,0.8784313725490196,0.02407684326171875,0.2330633903952206,0.4915912774645666,0.23775431213730666,0.21176470588235294,0.4588235294117647,0.8470588235294118,0.018121337890625,0.20586419275530737,0.20015986284309364,0.5294117647058824,0.9108302299502997,-0.002201535716525199,0.4374766381016987
ISPY2-882538,10,0.5695663452148437,0.12976746203852635,0.24605295269418168,0.13518396785059386,0.11372549019607843,0.2235294117647059,0.3843137254901961,0.001519775390625,0.22178116143918503,0.4080887835496779,0.2104888103407838,0.1843137254901961,0.3764705882352941,0.7098039215686275,0.01497802734375,0.2331970334520527,0.43830184591304416,0.22990204180102514,0.19215686274509805,0.396078431372549,0.803921568627451,0.02176513671875,0.16203583085549622,0.1513381297068551,0.3254901960784314,0.9420005742868386,0.030213062363366197,0.2751613852365743
ISPY2-883696,10,0.612591552734375,0.12830856024050247,0.3152794317670351,0.1348243630416412,0.18823529411764706,0.2784313725490196,0.5176470588235295,9.1552734375e-06,0.1743752273858762,0.4317904973026975,0.22929250894089112,0.23921568627450981,0.34509803921568627,0.8509803921568627,0.02852020263671875,0.18212162391812192,0.44750812681507623,0.23564767702543415,0.24313725490196078,0.3607843137254902,0.9058823529411765,0.029168701171875,0.11651106553566237,0.142726914465678,0.32941176470588235,0.8372851448647456,0.015717629512378737,0.3662541553101319
ISPY2-883886,10,0.562628173828125,0.14270216997931987,0.29254668556882557,0.19813486340726233,0.11764705882352941,0.21568627450980393,0.6078431372549019,0.0017059326171875,0.19364768832337623,0.38609537983406705,0.2322597244221446,0.1411764705882353,0.3333333333333333,0.7254901960784313,0.01531982421875,0.2054726394952512,0.4131518446980238,0.251454141798252,0.1568627450980392,0.34901960784313724,0.8627450980392157,0.03223419189453125,0.09354869426524151,0.144430106503634,0.34509803921568627,0.7344611283997823,0.02705646486395672,0.35859417519083436
ISPY2-884266,10,0.6984848022460938,0.08970594219132966,0.24126326660845865,0.12500135105007812,0.10980392156862745,0.19607843137254902,0.42745098039215684,6.103515625e-06,0.15573641309551164,0.41828975819861197,0.2996550458728201,0.12549019607843137,0.30196078431372547,0.9921568627450981,0.029547119140625,0.1779847807042739,0.48122497990851243,0.31250126406813333,0.15294117647058825,0.3686274509803922,1.0,0.04238128662109375,0.1770264915901533,0.2102770380391743,0.5450980392156862,0.8479714171486986,0.06293522170990044,0.25502907373950534
ISPY2-885590,10,0.566693115234375,0.14912483364928003,0.3034845882347417,0.1778062294638568,0.12549019607843137,0.27058823529411763,0.5294117647058824,0.00553131103515625,0.18545143277037376,0.3677914116359995,0.19762342144181508,0.16470588235294117,0.3333333333333333,0.6235294117647059,0.01351165771484375,0.18616510727826288,0.37141130732856015,0.20604906701787204,0.1607843137254902,0.3333333333333333,0.6470588235294118,0.01652984619140625,0.06430682340125773,0.09314528458932224,0.17254901960784313,0.8376459650951502,0.003619895692560686,0.45596044680461456
ISPY2-885871,10,0.6853927612304688,0.07924951291551777,0.22526552198425315,0.1259253362840798,0.11764705882352941,0.17254901960784313,0.4627450980392157,0.0,0.12453253054151349,0.358455710578303,0.24391664315136583,0.16862745098039217,0.2549019607843137,0.7843137254901961,0.01735992431640625,0.14542745552810968,0.42060179181988494,0.2519036556624629,0.21176470588235294,0.30980392156862746,0.9176470588235294,0.0236083984375,0.1331901885940499,0.13828418191402433,0.36470588235294116,0.9532498144833909,0.06214608124158186,0.06901217861975643
ISPY2-889049,10,0.68338623046875,0.08908152262369791,0.24274176416913684,0.11024890869170519,0.11372549019607843,0.2196078431372549,0.40784313725490196,0.0,0.1592437385110294,0.4296429810695146,0.25773901412822725,0.15294117647058825,0.3686274509803922,0.8627450980392157,0.015679931640625,0.17143873027726717,0.46998405639003105,0.2819408240461808,0.16470588235294117,0.38823529411764707,0.9607843137254902,0.02619171142578125,0.18690121690037778,0.18037008844548902,0.49411764705882355,0.9115645602806801,0.04034107532051645,0.3297220187377106
ISPY2-889225,10,0.6907974243164062,0.10714435652190564,0.2919158758998544,0.17081423891973466,0.12156862745098039,0.24313725490196078,0.5294117647058824,0.00130767822265625,0.19141885196461397,0.5278697198311417,0.2639435917330211,0.14901960784313725,0.5450980392156862,0.8980392156862745,0.01696624755859375,0.18585170970243564,0.4876115344306387,0.26740561236920646,0.10588235294117647,0.5019607843137255,0.8470588235294118,0.01415252685546875,0.23595384393128743,0.23293768761985933,0.5647058823529412,0.8246191503116379,-0.040258185400503105,0.590256564629711
ISPY2-889721,10,0.62139892578125,0.1079841823203891,0.2551461974439945,0.10890522780226627,0.12156862745098039,0.24705882352941178,0.403921568627451,0.0,0.2124944948682598,0.47102965674420666,0.23798895507456472,0.2235294117647059,0.403921568627451,0.9137254901960784,0.02814483642578125,0.1927465580958946,0.4373062686302959,0.17767972300393403,0.24313725490196078,0.40784313725490196,0.6745098039215687,0.00601654052734375,0.2158834593002121,0.26276920974264456,0.6862745098039216,0.8928663549895212,-0.03372338811391073,0.46143801386425926
ISPY2-890414,10,0.43733978271484375,0.14255931181066178,0.23077740901239205,0.11822333524944861,0.11764705882352941,0.19607843137254902,0.396078431372549,0.0,0.27138841816023285,0.4229492563408636,0.2552570840975839,0.16470588235294117,0.3333333333333333,0.8313725490196079,0.0235107421875,0.2591332409428615,0.4043335542735176,0.23298459999463003,0.16470588235294117,0.3333333333333333,0.7568627450980392,0.0131591796875,0.1921718473284716,0.20775893815382773,0.5490196078431373,0.9150361360832011,-0.018615702067346078,0.48772457931632973
ISPY2-891645,10,0.6061737060546875,0.1015867644665288,0.23664817088022044,0.1626016961928955,0.12156862745098039,0.1803921568627451,0.43529411764705883,0.0016082763671875,0.14882656321806065,0.3474580790789454,0.20627901292329215,0.1843137254901961,0.2784313725490196,0.6313725490196078,0.0176971435546875,0.16411119648054534,0.38382286466958365,0.21688238574530513,0.2,0.3137254901960784,0.7176470588235294,0.02246856689453125,0.11080990819872494,0.09438307804844502,0.20784313725490197,0.933118427883982,0.03636478559063824,0.24078838270734373
ISPY2-892390,10,0.6378997802734375,0.08970862295113358,0.22630430173468424,0.11781457933032538,0.11764705882352941,0.19215686274509805,0.36470588235294116,3.0517578125e-06,0.15904471004710477,0.400271941431457,0.25198080573368087,0.1607843137254902,0.3058823529411765,0.8313725490196079,0.0202850341796875,0.15723188811657476,0.39596186143711526,0.2247185061061592,0.16862745098039217,0.32941176470588235,0.7490196078431373,0.00630950927734375,0.17396763969677273,0.1866127525402045,0.4823529411764706,0.9479364196438353,-0.0043100799943417145,0.39940835882784254
ISPY2-893874,10,0.44841766357421875,0.18159858254825367,0.31136841574257823,0.11008654625134905,0.17647058823529413,0.2980392156862745,0.4666666666666667,0.0,0.2546869734221814,0.43265244374580125,0.199515886915767,0.23137254901960785,0.39215686274509803,0.6823529411764706,0.02413787841796875,0.2734839525409773,0.46589926574665996,0.21027072305818084,0.23137254901960785,0.43529411764705883,0.7647058823529411,0.0169097900390625,0.12128402800322309,0.16804491911494954,0.3254901960784314,0.8497586345214877,0.033246822000858656,0.32127750805704247
ISPY2-894128,10,0.729742431640625,0.06947163899739583,0.21657190214101404,0.1401416499747157,0.11372549019607843,0.17254901960784313,0.37254901960784315,0.000189208984375,0.1074091832778033,0.3304389634532193,0.2082592015901263,0.15294117647058825,0.27058823529411763,0.611764705882353,0.01072235107421875,0.1191459566004136,0.3691204700674732,0.22992599815073697,0.16470588235294117,0.2980392156862745,0.7372549019607844,0.015380859375,0.11386706131220528,0.11320428320950551,0.23529411764705882,0.9447932428464961,0.03868150661425391,0.19466903046590936
ISPY2-894491,10,0.4293212890625,0.1775963218539369,0.3096630806333229,0.09074302837927828,0.21176470588235294,0.2901960784313726,0.43529411764705883,0.0,0.23072940003638173,0.40231197441543465,0.17391878511698233,0.25098039215686274,0.34901960784313724,0.615686274509804,0.01692657470703125,0.2432915122836244,0.42343600713012475,0.18667869107661494,0.25098039215686274,0.36470588235294116,0.6705882352941176,0.01925048828125,0.09264889378211177,0.11870208469573988,0.2196078431372549,0.9058743315508021,0.021124032714690155,0.3123770053475936
ISPY2-896621,10,0.5152984619140625,0.14691282384535845,0.27067927034187034,0.15506822349525298,0.11764705882352941,0.23529411764705882,0.4470588235294118,0.002099609375,0.2697041410558364,0.452158736778221,0.2160774842297192,0.21568627450980393,0.4,0.7607843137254902,0.0121490478515625,0.2699134258195466,0.461119775530831,0.21403328171916478,0.2196078431372549,0.42745098039215684,0.7490196078431373,0.01968994140625,0.1814794664363507,0.21058930810004975,0.5176470588235295,0.84120458108508,0.008961038752609974,0.4693754840172011
ISPY2-899381,10,0.6053131103515625,0.11407780665977328,0.26128831008321707,0.11250985160870089,0.12549019607843137,0.25098039215686274,0.38823529411764707,1.52587890625e-06,0.18687553256165748,0.4300756032439033,0.2544324327314597,0.17647058823529413,0.35294117647058826,0.8784313725490196,0.019525146484375,0.199810791015625,0.45504461041671307,0.22744835945471797,0.21176470588235294,0.39215686274509803,0.8235294117647058,0.01271209716796875,0.1687872931606862,0.19905706580688798,0.5254901960784314,0.928864696012557,0.024969007172809816,0.23084952563577177
ISPY2-903880,10,0.5618972778320312,0.1291964542164522,0.2767306534616006,0.12837798722867264,0.1450980392156863,0.24705882352941178,0.4588235294117647,0.00023345947265625,0.1704496076995251,0.3659760436226107,0.2141112195322581,0.16862745098039217,0.3058823529411765,0.6823529411764706,0.0164947509765625,0.18657947615081188,0.40048566998329904,0.22242119443303668,0.18823529411764706,0.33725490196078434,0.7568627450980392,0.017669677734375,0.08924539016101016,0.12034917239665026,0.24313725490196078,0.8152691430263135,0.03450962636068829,0.27865141145534017
ISPY2-905264,10,0.6596282958984375,0.12872855392156862,0.3317790057035788,0.17140440798079234,0.12156862745098039,0.30980392156862746,0.5686274509803921,0.000201416015625,0.18769646738089765,0.4825886755049899,0.27588128804608325,0.12941176470588237,0.4627450980392157,0.8823529411764706,0.01470489501953125,0.19234219420189952,0.4831928051541239,0.27114604751465793,0.12941176470588237,0.4745098039215686,0.8745098039215686,0.01369781494140625,0.1508096698014111,0.1786102552765607,0.43137254901960786,0.8093927357822348,0.0006041296491340029,0.40893726520402035
ISPY2-906042,10,0.42819061279296877,0.18942859126072303,0.3145951836748319,0.1508721697923616,0.1411764705882353,0.29411764705882354,0.5176470588235295,0.00107421875,0.23110946356081494,0.3781155518077819,0.20257227628197816,0.1568627450980392,0.35294117647058826,0.6235294117647059,0.020025634765625,0.255347152410769,0.415330012765418,0.22224191498134158,0.15294117647058825,0.396078431372549,0.7019607843137254,0.02872314453125,0.06352036813294996,0.10651093003870786,0.1568627450980392,0.7682959697497739,0.037214460957636045,0.282499112720519
ISPY2-906795,10,0.6801437377929688,0.09264702292049631,0.25499407848207095,0.1009596478776917,0.12941176470588237,0.25098039215686274,0.39215686274509803,0.0,0.16188858331418507,0.39327164777589735,0.23788286975427964,0.12941176470588237,0.34901960784313724,0.7607843137254902,0.014630126953125,0.15720798268037683,0.3848787601825928,0.20043264710554534,0.1411764705882353,0.3568627450980392,0.6509803921568628,0.00413055419921875,0.13827756929382637,0.21801818458568545,0.47843137254901963,0.7204049212626598,-0.00839288759330448,0.4331293143339646
ISPY2-910188,10,0.5580062866210938,0.1365530694699755,0.26032419464946494,0.14993564295814057,0.12156862745098039,0.2196078431372549,0.44313725490196076,0.00200653076171875,0.21007349949257048,0.40184732667858714,0.21086587536167145,0.18823529411764706,0.35294117647058826,0.6901960784313725,0.01794586181640625,0.20766170127719055,0.3986623899210142,0.21618512372178383,0.17647058823529413,0.35294117647058826,0.6823529411764706,0.0217010498046875,0.1415231320291222,0.15537815197268562,0.3843137254901961,0.8990143786788186,-0.003184936757572896,0.4737127371273713
ISPY2-910706,10,0.6082138061523438,0.117997574151731,0.2545010080710596,0.15822692384620538,0.11372549019607843,0.20392156862745098,0.49019607843137253,0.00011444091796875,0.21143174115349264,0.4157054576809089,0.27318484265674836,0.11372549019607843,0.34901960784313724,0.8509803921568627,0.02175750732421875,0.206387466729856,0.40057479256478007,0.24939904261861223,0.12156862745098039,0.3568627450980392,0.7725490196078432,0.02349700927734375,0.16120444960984928,0.2438074479541277,0.5450980392156862,0.7363618306518513,-0.015130665116128825,0.42754546056449383
ISPY2-912836,10,0.6243087768554687,0.11191028669768688,0.2710400519620227,0.16373019198432712,0.11764705882352941,0.2,0.5254901960784314,0.0001007080078125,0.15379247927198225,0.36616909812586157,0.2401094340923599,0.1450980392156863,0.27058823529411763,0.6980392156862745,0.0181915283203125,0.1596071190927543,0.3793239442048544,0.23187397701261797,0.1568627450980392,0.29411764705882354,0.7019607843137254,0.01346282958984375,0.09512904616383884,0.14869876859274966,0.29411764705882354,0.8132389435163863,0.013154846078992819,0.35185794413779936
ISPY2-913225,10,0.5707550048828125,0.13601858700022978,0.2745628331315463,0.13851425561851974,0.11764705882352941,0.24313725490196078,0.47843137254901963,1.52587890625e-06,0.2375093826593137,0.47532811823673693,0.27020540363214113,0.13333333333333333,0.47058823529411764,0.8705882352941177,0.0255859375,0.2411803959865196,0.4808410510768596,0.26403222083253314,0.1450980392156863,0.47058823529411764,0.8627450980392157,0.02238006591796875,0.20076528510519062,0.20490818171525724,0.4980392156862745,0.8329565248302584,0.005512932840122648,0.4304361736162952
ISPY2-914968,10,0.6063827514648438,0.11340366737515319,0.2712308008863781,0.12961933027747272,0.12156862745098039,0.24313725490196078,0.4588235294117647,0.0,0.17583293241613052,0.3969693701229043,0.2788558770108295,0.12156862745098039,0.2980392156862745,0.9058823529411765,0.02227935791015625,0.18883920706954657,0.3981387215319294,0.27145715825312583,0.12156862745098039,0.30980392156862746,0.8784313725490196,0.01735992431640625,0.12573856923652618,0.21158418716266447,0.48627450980392156,0.6907672089967088,0.0011693514090251216,0.454130663162261
ISPY2-916586,10,0.6501754760742188,0.12518195657169118,0.31203213804353985,0.19614162495665738,0.12549019607843137,0.24705882352941178,0.5882352941176471,0.0028045654296875,0.17917416441674325,0.4286976800394721,0.23319679922046108,0.1607843137254902,0.39215686274509803,0.7450980392156863,0.01931610107421875,0.17923816157322303,0.43451281786808443,0.2321677042300813,0.19215686274509805,0.3803921568627451,0.803921568627451,0.02402801513671875,0.1166655419959322,0.1578292634267187,0.3686274509803922,0.7568535424690637,0.005815137828612325,0.3725491906604263
ISPY2-916645,10,0.6348526000976562,0.12935160319010416,0.31198981224312144,0.17549767579868428,0.11372549019607843,0.26666666666666666,0.5607843137254902,0.0,0.1915297025792739,0.43102488903025804,0.30192685772628386,0.09019607843137255,0.35294117647058826,0.8823529411764706,0.0147491455078125,0.19876162659888175,0.4438767718635157,0.29550224534443653,0.10588235294117647,0.3843137254901961,0.8745098039215686,0.013983154296875,0.11903507678713662,0.22912660969438536,0.43137254901960786,0.6994981258070313,0.012851882833257664,0.4040734967802326
ISPY2-917762,10,0.5789749145507812,0.1262688191731771,0.2682799613106044,0.1133062267774968,0.12941176470588237,0.24313725490196078,0.42745098039215684,0.0,0.23890701593137256,0.4918777354267562,0.2490152813842582,0.19215686274509805,0.4588235294117647,0.8627450980392157,0.0204803466796875,0.24231791178385417,0.4978950436087135,0.2655624416620642,0.17647058823529413,0.4666666666666667,0.9294117647058824,0.03127288818359375,0.2235977741161519,0.20090089092088084,0.5294117647058824,0.8787379087644016,0.006017308181957271,0.47188164814096684
ISPY2-918979,10,0.6595626831054687,0.09394308651194853,0.2406013977692606,0.12518921310108092,0.11764705882352941,0.20392156862745098,0.40784313725490196,6.103515625e-06,0.1619102268592984,0.35613724022523413,0.23864944689951198,0.10196078431372549,0.3058823529411765,0.7254901960784313,0.006451416015625,0.17909897748161763,0.39835661088543817,0.26392857620646715,0.10980392156862745,0.34509803921568627,0.8196078431372549,0.017230224609375,0.11553584245597355,0.2205673933392346,0.4588235294117647,0.6740920357314137,0.04221937066020399,0.38655545047488
ISPY2-920479,10,0.74278564453125,0.08519515692018995,0.2638781486682281,0.1739250270041071,0.11764705882352941,0.2,0.5098039215686274,0.00105438232421875,0.12349659040862439,0.3636096121330218,0.27031045148348043,0.09411764705882353,0.27450980392156865,0.8235294117647058,0.0174346923828125,0.1335592112821691,0.384172559441887,0.2890446071585364,0.08627450980392157,0.29411764705882354,0.9294117647058824,0.0226715087890625,0.09973146346479363,0.16591137290935734,0.3333333333333333,0.7028439561482607,0.02056294730886517,0.40300056950310853
ISPY2-923968,10,0.5841583251953125,0.12357345281862746,0.2631621404570429,0.15138046071334835,0.12549019607843137,0.2235294117647059,0.4549019607843137,0.00069122314453125,0.1915834374521293,0.40279843779611313,0.23383342634490703,0.17647058823529413,0.32941176470588235,0.7725490196078432,0.02247314453125,0.2034915879193474,0.42661151380699347,0.23538585354917846,0.19607843137254902,0.3607843137254902,0.8431372549019608,0.0275909423828125,0.13963629733907024,0.15588013411209992,0.40784313725490196,0.9131202160527803,0.023813076010880344,0.3260092615016549
ISPY2-924812,10,0.577703857421875,0.11459996840533088,0.2429463314326005,0.12915107939604403,0.11764705882352941,0.2,0.4392156862745098,0.0,0.18602649165134805,0.36572199649779985,0.26144765895310806,0.10588235294117647,0.2823529411764706,0.7843137254901961,0.01877899169921875,0.18509559182559743,0.36482822413967536,0.2393507253910742,0.11764705882352941,0.2980392156862745,0.7176470588235294,0.00613861083984375,0.12277566506519935,0.22182227985723124,0.4823529411764706,0.6870094957290899,-0.000893772358124478,0.43001416410122995
ISPY2-924868,10,0.5095687866210937,0.13006172928155638,0.24523468631593281,0.076171285665438,0.1607843137254902,0.23529411764705882,0.34509803921568627,0.0,0.19754800833907782,0.3721631817355188,0.1940996813359353,0.2196078431372549,0.30980392156862746,0.6039215686274509,0.02235565185546875,0.20547384823069853,0.39021775382523727,0.18170166369093763,0.23529411764705882,0.3333333333333333,0.6274509803921569,0.01272125244140625,0.126928495419586,0.18193218295164318,0.3176470588235294,0.879614447635256,0.01805457208971844,0.34357780895992335
ISPY2-924895,10,0.5602127075195312,0.13241637585209864,0.2716093542430868,0.10665416363689235,0.11764705882352941,0.29411764705882354,0.396078431372549,0.0,0.2347675697476256,0.48223561481604843,0.25893562701985084,0.17647058823529413,0.44313725490196076,0.9294117647058824,0.0267608642578125,0.26675835702933515,0.5424644617665121,0.2743360585961979,0.1803921568627451,0.5215686274509804,0.9725490196078431,0.03301239013671875,0.21062626057296163,0.20868847594535533,0.6,0.9612031129106686,0.06022884695046366,0.24497690991919338
ISPY2-925691,10,0.36689910888671873,0.20182782939836091,0.30784951238303665,0.12468914455198651,0.16862745098039217,0.2901960784313726,0.4745098039215686,1.373291015625e-05,0.226456101361443,0.34599602965148185,0.19590178704197436,0.1843137254901961,0.28627450980392155,0.6235294117647059,0.0211029052734375,0.29001125560087315,0.44048680837598264,0.1926348446818634,0.2823529411764706,0.3803921568627451,0.7411764705882353,0.02841644287109375,0.038146517268445215,0.13876671675992522,0.1803921568627451,0.4884613252544534,0.09449077872450085,0.12172066645939231
ISPY2-930172,10,0.719659423828125,0.10240827971813725,0.31654346395979305,0.12750926354479217,0.13725490196078433,0.3254901960784314,0.47843137254901963,0.0,0.18020039277918198,0.5570390965817865,0.2649184280924903,0.21176470588235294,0.5333333333333333,0.9372549019607843,0.01772918701171875,0.18584960339116116,0.5664680311174349,0.26484472411876653,0.2235294117647059,0.5294117647058824,0.9568627450980393,0.02188873291015625,0.24049563262199353,0.1899202803394686,0.49411764705882355,0.9174522653545536,0.009428934535648314,0.3991748492303673
ISPY2-930853,10,0.6662918090820312,0.1066192626953125,0.28303919192723387,0.12013476228146056,0.12156862745098039,0.2901960784313726,0.4392156862745098,0.0,0.16033949309704348,0.4193563200706782,0.253569961972425,0.1450980392156863,0.3764705882352941,0.8666666666666667,0.01688995361328125,0.1728508384554994,0.4570972602777799,0.2354954825413591,0.18823529411764706,0.4235294117647059,0.8352941176470589,0.01181488037109375,0.13631712814344435,0.19472822180719543,0.49411764705882355,0.803122099323728,0.037740940207101725,0.2646788508406531
ISPY2-930903,10,0.6632568359375,0.11074674718520221,0.2892929668786241,0.16271478363350336,0.11372549019607843,0.24313725490196078,0.5411764705882353,0.0,0.15856077306410846,0.4136201867102238,0.2721814370330414,0.12156862745098039,0.34509803921568627,0.8588235294117647,0.0170806884765625,0.17092568790211396,0.44296030381992574,0.2871446647071806,0.13725490196078433,0.3686274509803922,0.9686274509803922,0.0291046142578125,0.12432721983159972,0.14065952890510391,0.34901960784313724,0.8313863916479374,0.02934011710970185,0.28341368810266077
ISPY2-932200,10,0.5836395263671875,0.12085258932674632,0.25837801877327415,0.10194381076163546,0.12549019607843137,0.25882352941176473,0.3843137254901961,0.0,0.24478857302198223,0.5218318752449489,0.26657712640679226,0.18823529411764706,0.48627450980392156,0.8980392156862745,0.0184112548828125,0.2454806339039522,0.5084460906833104,0.26008922066562307,0.17647058823529413,0.48627450980392156,0.8588235294117647,0.01729888916015625,0.26345385647167474,0.2028775500554588,0.5450980392156862,0.9178277982599518,-0.013385784561638601,0.464667639060931
ISPY2-934459,10,0.50411376953125,0.1423510263480392,0.27319122316971983,0.15117910052563402,0.14901960784313725,0.2235294117647059,0.4549019607843137,0.00281982421875,0.2019613587622549,0.38542827809803487,0.2317838288860258,0.1843137254901961,0.2980392156862745,0.7607843137254902,0.025762939453125,0.2184945379518995,0.41167545865304744,0.23185113968972398,0.2,0.32941176470588235,0.792156862745098,0.026776123046875,0.11223705492831502,0.15769084616593085,0.3254901960784314,0.8403367550402482,0.02624718055501254,0.38051104054353446
ISPY2-934906,10,0.716748046875,0.08862883324716606,0.2704885440644108,0.1359643150084953,0.11372549019607843,0.25098039215686274,0.4588235294117647,3.0517578125e-06,0.13918084238089767,0.4250224564054203,0.26254404339068543,0.15294117647058825,0.35294117647058826,0.8549019607843137,0.01060791015625,0.15717366536458333,0.47467348428769884,0.271156131223084,0.16862745098039217,0.4235294117647059,0.9058823529411765,0.0164886474609375,0.1545339123410095,0.1587879722350066,0.42745098039215684,0.9480908464057921,0.04965102788227858,0.21024392346147217
ISPY2-935460,10,0.6697372436523438,0.0995492493872549,0.24160923807429838,0.14350924454523506,0.11372549019607843,0.19607843137254902,0.4392156862745098,1.52587890625e-06,0.17737964704924938,0.41938444303664335,0.27235349779799123,0.15294117647058825,0.3254901960784314,0.9254901960784314,0.02299041748046875,0.17230703316482843,0.39505541110646375,0.23297779426058374,0.1568627450980392,0.32941176470588235,0.7764705882352941,0.00601959228515625,0.17777520496234495,0.2028133625099828,0.5176470588235295,0.9035302923198469,-0.024329031930179587,0.3915570524992954
ISPY2-940186,10,0.566510009765625,0.15499437519148285,0.32999460544816606,0.13911027242137486,0.15294117647058825,0.3254901960784314,0.5098039215686274,9.1552734375e-06,0.2362290445963542,0.4975339526853079,0.24084536547299032,0.19607843137254902,0.47058823529411764,0.8509803921568627,0.015972900390625,0.25262811997357537,0.5326136272342596,0.24380873497380573,0.22745098039215686,0.5098039215686274,0.9058823529411765,0.0277374267578125,0.16753934723714192,0.16835813245365788,0.42745098039215684,0.9028096532109317,0.035079674548951695,0.2830737929966349
ISPY2-941926,10,0.5833023071289063,0.12181742350260417,0.25705250722010087,0.12443388874546174,0.11764705882352941,0.2235294117647059,0.4392156862745098,0.0,0.20840544457529106,0.4413029906363964,0.3051756812075422,0.13333333333333333,0.3254901960784314,0.9803921568627451,0.03443603515625,0.21975818708831188,0.46405059308471475,0.3001129295237615,0.14901960784313725,0.34509803921568627,0.9725490196078431,0.0345123291015625,0.18425048341629546,0.20273030898861566,0.5333333333333333,0.8592316734227554,0.02274760244831838,0.34411011875336434
ISPY2-943879,10,0.6219390869140625,0.11684321384803921,0.2503689676834546,0.17393311068501646,0.10980392156862745,0.18823529411764706,0.4823529411764706,0.00368499755859375,0.16839140648935355,0.35830186388706736,0.23991457853455145,0.1411764705882353,0.26666666666666666,0.7372549019607844,0.01459503173828125,0.18454501881318933,0.3936162093487008,0.25047803430459603,0.1568627450980392,0.30196078431372547,0.8117647058823529,0.0216064453125,0.10793289620361274,0.1297731692355095,0.3058823529411765,0.9448511902359484,0.035314345461633395,0.16432843893028098
ISPY2-944419,10,0.7171783447265625,0.08933116239659927,0.2481572858979038,0.1073529624361647,0.11372549019607843,0.24313725490196078,0.39215686274509803,0.0,0.14234542547487747,0.408694351438984,0.2819867016376584,0.12549019607843137,0.3215686274509804,0.9215686274509803,0.020611572265625,0.15044077555338542,0.4288350074316211,0.2641085099906498,0.1450980392156863,0.3607843137254902,0.8705882352941177,0.014227294921875,0.1605370655410802,0.21186895941490128,0.5490196078431373,0.8445913137307796,0.02014065599263714,0.2909090909090909
ISPY2-944536,10,0.7045074462890625,0.06772560867608762,0.16482827569769168,0.05449082645980077,0.10980392156862745,0.14901960784313725,0.24313725490196078,0.0,0.16600876752068014,0.398840786792373,0.2979142649452542,0.12549019607843137,0.25098039215686274,0.9098039215686274,0.01952362060546875,0.15505009071499692,0.36634460449676065,0.24970899567233046,0.12941176470588237,0.2627450980392157,0.7647058823529411,0.00956878662109375,0.2340125110946813,0.2838596465697021,0.7176470588235294,0.8401478926332531,-0.032496182295612325,0.444819110372107
ISPY2-950131,10,0.6363052368164063,0.12433286779067096,0.3069996374600287,0.159123370846486,0.13333333333333333,0.27450980392156865,0.5215686274509804,0.00010528564453125,0.21233675489238663,0.5098570644825093,0.23766397782688622,0.20784313725490197,0.48627450980392156,0.8509803921568627,0.01462249755859375,0.21544489243451287,0.5225140448248139,0.23798825457766515,0.2235294117647059,0.5019607843137255,0.8784313725490196,0.02205963134765625,0.2028574270224807,0.18415379157207204,0.47843137254901963,0.9075019613930716,0.012656980342304532,0.36818809235119637
ISPY2-953262,10,0.6641433715820313,0.11806838690065871,0.2976091931045658,0.1721968355503393,0.12549019607843137,0.2549019607843137,0.5294117647058824,0.0014312744140625,0.16595518224379596,0.4009194636797415,0.22756501291183506,0.17647058823529413,0.3333333333333333,0.7568627450980392,0.01728363037109375,0.16902330585554534,0.41364035335042487,0.24065945300581115,0.17647058823529413,0.3411764705882353,0.8352941176470589,0.02292022705078125,0.1033102705751757,0.12143205953768153,0.27058823529411763,0.8696770207217399,0.01272088967068334,0.4070202219829447
ISPY2-955953,10,0.5259979248046875,0.15341661640242032,0.28688588124454717,0.1730356184164535,0.12549019607843137,0.24313725490196078,0.5058823529411764,0.00411376953125,0.21818594539866729,0.3802424100575519,0.20444892579586524,0.17254901960784313,0.33725490196078434,0.6392156862745098,0.018109130859375,0.21589903588388482,0.3835060748953685,0.20525063008002936,0.1843137254901961,0.33725490196078434,0.6627450980392157,0.0205902099609375,0.09335652881300471,0.12656538248580657,0.29411764705882354,0.7861589868723482,0.003263664837816585,0.42436953148640555
ISPY2-957408,10,0.6208221435546875,0.1448858881931679,0.35042634974455944,0.17399641412388825,0.1568627450980392,0.30980392156862746,0.6039215686274509,0.0005828857421875,0.19666129916321998,0.4682886783797053,0.21582882473816004,0.2235294117647059,0.43137254901960786,0.7725490196078432,0.01161651611328125,0.1974645517386642,0.4718866242502603,0.22480412227480803,0.2196078431372549,0.42745098039215684,0.8,0.01733245849609375,0.11786232863514583,0.1462318044691926,0.3176470588235294,0.820155494209209,0.003597945870555,0.4370256501058359
ISPY2-960490,10,0.7449127197265625,0.08761328603707108,0.2727949533385082,0.14549899625565185,0.11372549019607843,0.24313725490196078,0.47843137254901963,3.0517578125e-06,0.17480248544730392,0.47208274483061796,0.23623864840579523,0.21176470588235294,0.4235294117647059,0.9019607843137255,0.02138519287109375,0.17732245950137868,0.4992285834859863,0.2614473681937988,0.20784313725490197,0.44313725490196076,1.0,0.02718658447265625,0.1992877914921098,0.1811391473119958,0.4980392156862745,0.9352889803438333,0.027145838655368352,0.40928613301111416
ISPY2-960963,10,0.5736923217773438,0.08971458285462622,0.17069435774023264,0.05612688864363238,0.10980392156862745,0.1568627450980392,0.24705882352941178,0.0,0.20055702957452512,0.3881663611988096,0.2842800113134135,0.13333333333333333,0.27058823529411763,0.9019607843137255,0.02534332275390625,0.20642476998123468,0.39207560583873474,0.2529940361552521,0.14901960784313725,0.3058823529411765,0.8117647058823529,0.012017822265625,0.2174720034585769,0.2610535692444593,0.6941176470588235,0.9102815111763337,0.003909244639925158,0.3561143225298423
ISPY2-962472,10,0.24289093017578123,0.35500068814146757,0.4674737599638397,0.17739211885051767,0.2235294117647059,0.4627450980392157,0.6705882352941176,0.01065216064453125,0.4046565515854779,0.532103258592359,0.16406778046228862,0.3254901960784314,0.5294117647058824,0.7333333333333333,0.0171630859375,0.4052181887159161,0.5323287622837252,0.1556656815711395,0.3411764705882353,0.5254901960784314,0.7176470588235294,0.0159210205078125,0.06462949862851915,0.09524608599820572,0.20392156862745098,0.8269253636288517,0.00022550369136628388,0.3769970111592792
ISPY2-962664,10,0.6820648193359375,0.09091416302849264,0.25067487184351667,0.11095723338235533,0.11764705882352941,0.23529411764705882,0.396078431372549,0.0,0.17133155373965994,0.4570460986921141,0.2599038653108756,0.12941176470588237,0.40784313725490196,0.8352941176470589,0.0091796875,0.1750938445446538,0.4564034388868092,0.2239968041169786,0.16862745098039217,0.42745098039215684,0.7725490196078432,0.00229339599609375,0.20637122684859738,0.232369427855017,0.5607843137254902,0.8176058974285139,-0.0006426598053049077,0.47656002534051317
ISPY2-965265,10,0.5084182739257812,0.1341795259363511,0.2672021159913387,0.12033026478239803,0.1411764705882353,0.24313725490196078,0.4196078431372549,0.0001953125,0.19630526673560048,0.386648166714779,0.2492477964370633,0.17254901960784313,0.2901960784313726,0.8823529411764706,0.0242645263671875,0.20417902927772671,0.40048841431079246,0.23645911501388264,0.1843137254901961,0.3137254901960784,0.8352941176470589,0.01607818603515625,0.11944605072344026,0.1784656053190259,0.4745098039215686,0.8250575019477718,0.013840247596013539,0.3112492744356118
ISPY2-966016,10,0.4575851440429688,0.22192733465456496,0.3970415007683407,0.13336501723745678,0.2549019607843137,0.3764705882352941,0.5686274509803921,0.0002532958984375,0.2625734755572151,0.4715576259394516,0.17195620857421529,0.30196078431372547,0.4392156862745098,0.7058823529411765,0.01591644287109375,0.28753341375612745,0.5178592012819891,0.17762360994488577,0.3333333333333333,0.49411764705882355,0.7568627450980392,0.01905517578125,0.07451612517111088,0.11177584223592174,0.19607843137254902,0.7846133505121288,0.04630157534253754,0.24618189081150116
ISPY2-972307,10,0.6691604614257812,0.11651025510301778,0.2983262717823098,0.18407292140815287,0.11764705882352941,0.23921568627450981,0.592156862745098,0.00013580322265625,0.184769089642693,0.43920497887051174,0.26642127457027676,0.14901960784313725,0.3764705882352941,0.9019607843137255,0.0240478515625,0.1950844379499847,0.47208218945431035,0.2789557183110007,0.1607843137254902,0.40784313725490196,1.0,0.03579559326171875,0.14087870708820197,0.14746159725143515,0.3607843137254902,0.8577938280316761,0.0328772105837986,0.30032884571924046
ISPY2-974181,10,0.6373397827148437,0.12336030249502145,0.28461201801156527,0.1680932533744837,0.11764705882352941,0.23921568627450981,0.5254901960784314,0.00074462890625,0.18376047171798407,0.4089994466775615,0.2158011118809583,0.1843137254901961,0.3568627450980392,0.7333333333333333,0.01274871826171875,0.18823035745059744,0.42551051564255815,0.2283046582627274,0.18823529411764706,0.37254901960784315,0.807843137254902,0.02009429931640625,0.12438742866599628,0.1434556156428032,0.33725490196078434,0.8409789921446693,0.016511068964996642,0.3589722013017886
ISPY2-974618,10,0.49223022460937504,0.16396132525275736,0.3034934358872105,0.14198969210260587,0.16470588235294117,0.27058823529411763,0.47843137254901963,0.00013885498046875,0.2148913813572304,0.39672903286782,0.21679232036587887,0.18823529411764706,0.3333333333333333,0.7411764705882353,0.01768646240234375,0.2191833735447304,0.401427321256054,0.22387789038108802,0.1803921568627451,0.3411764705882353,0.7372549019607844,0.02302398681640625,0.09323559698060946,0.15924026228689628,0.28627450980392155,0.7232279158102244,0.0046982883882340214,0.4388710588631255
ISPY2-981461,10,0.69229736328125,0.08514812993068321,0.24580286988441585,0.12697157674438295,0.10196078431372549,0.20392156862745098,0.4235294117647059,0.0,0.13347908767999386,0.35083212957496246,0.25372113141311914,0.08627450980392157,0.2901960784313726,0.7137254901960784,0.01756744384765625,0.14717488606770834,0.3797392297657747,0.25695467276672185,0.08627450980392157,0.33725490196078434,0.7647058823529411,0.01187286376953125,0.10502925969054659,0.19469526996328612,0.37254901960784315,0.6751100884674892,0.028907100190812232,0.3364144880390368
ISPY2-982505,10,0.4749664306640625,0.176123794854856,0.30080633056510153,0.17641104583903064,0.12549019607843137,0.2549019607843137,0.5529411764705883,0.002069091796875,0.25141404095818015,0.40596646324055097,0.21714902046115955,0.1803921568627451,0.3568627450980392,0.7254901960784313,0.02151031494140625,0.2558023490157782,0.41920132142067085,0.2280536993022324,0.18823529411764706,0.3607843137254902,0.796078431372549,0.0248382568359375,0.10516013267544948,0.117031474004364,0.25882352941176473,0.8523159907697494,0.013234858180119812,0.4251989328249333
ISPY2-983841,10,0.7756881713867188,0.07571307014016544,0.2434878098717464,0.16202676689403392,0.10588235294117647,0.1843137254901961,0.42745098039215684,3.814697265625e-05,0.12342612472234987,0.40715872676066106,0.30942745747789197,0.07058823529411765,0.3333333333333333,1.0,0.0228759765625,0.12831545960669424,0.4189415726155773,0.30109212155555437,0.07058823529411765,0.3686274509803922,0.9529411764705882,0.019598388671875,0.16367091688891466,0.20822702270096916,0.4980392156862745,0.7373558722492433,0.011782845854916232,0.3360021767967076
ISPY2-986734,10,0.5162979125976562,0.13024235744102328,0.24518305834947585,0.13318502046074612,0.11372549019607843,0.19607843137254902,0.4549019607843137,0.0,0.1968393722234988,0.3517868090015005,0.2745416843152882,0.10196078431372549,0.24705882352941178,0.8549019607843137,0.03024749755859375,0.21941368551815257,0.3853232418807036,0.2875561841388013,0.11372549019607843,0.2784313725490196,0.9294117647058824,0.03607025146484375,0.1066037506520247,0.1900103480955261,0.4235294117647059,0.6804911056501756,0.03353643287920312,0.2939725361909659
ISPY2-987995,10,0.7300933837890625,0.0680464381797641,0.19748687146013838,0.07642072061825286,0.11372549019607843,0.1803921568627451,0.30196078431372547,0.0,0.15711742924708946,0.4075335327306188,0.259521602892383,0.12941176470588237,0.34509803921568627,0.8196078431372549,0.01387481689453125,0.15216919543696383,0.40122992697412513,0.2389025115703,0.1411764705882353,0.35294117647058826,0.7803921568627451,0.0057952880859375,0.2100466612704804,0.23645134364800677,0.6,0.8609047635200072,-0.006303605756493658,0.416850400823129
ISPY2-988443,10,0.5896331787109375,0.14582396862553615,0.3109511354683542,0.15610429118783525,0.11764705882352941,0.30980392156862746,0.5098039215686274,6.40869140625e-05,0.21395841710707722,0.4533711319716666,0.2709227275904274,0.13333333333333333,0.4196078431372549,0.8862745098039215,0.0248992919921875,0.23592519124348957,0.5010735326561891,0.29470824648844635,0.13725490196078433,0.47843137254901963,0.9725490196078431,0.0348114013671875,0.14241999650331244,0.16476385270454147,0.43529411764705883,0.853412310644089,0.04770240068452252,0.26516892369244954
ISPY2-990443,10,0.5100570678710937,0.13679427801393995,0.25487239229194225,0.1779266338418525,0.11372549019607843,0.1843137254901961,0.5019607843137255,0.00459136962890625,0.18408611222809437,0.34210682164416084,0.22679748348324918,0.14901960784313725,0.2549019607843137,0.7019607843137254,0.01690826416015625,0.20694760790058211,0.38370057926032236,0.24477021108357208,0.16862745098039217,0.28627450980392155,0.8156862745098039,0.0285919189453125,0.08723442935221858,0.11663618399024137,0.19215686274509805,0.9121240528327037,0.04159375761616152,0.10807906842028223
ISPY2-994987,10,0.5203109741210937,0.1214475684072457,0.24277437423824222,0.09452772636911563,0.1411764705882353,0.21568627450980393,0.38823529411764707,0.0,0.20166171803193936,0.40459097055857735,0.2914213841180094,0.14901960784313725,0.26666666666666666,0.9294117647058824,0.033673095703125,0.200191375134038,0.4008016556539434,0.2597230160251656,0.15294117647058825,0.2901960784313726,0.8313725490196079,0.00683135986328125,0.16181659632033518,0.23918397708104286,0.592156862745098,0.7354605574977177,-0.003789314904634051,0.4682045621546654
ISPY2-997702,10,0.7330032348632812,0.09972025553385416,0.3107799490560716,0.18090935142263825,0.11372549019607843,0.2627450980392157,0.5764705882352941,0.0,0.14294684316597733,0.42823715876717533,0.29085600671604317,0.08627450980392157,0.3843137254901961,0.8980392156862745,0.019805908203125,0.1437879554898131,0.4291519352070148,0.29095292889062024,0.08235294117647059,0.38823529411764707,0.8745098039215686,0.0197235107421875,0.11745720971110371,0.1863412789381949,0.3568627450980392,0.7155315780750833,0.0009147764398394474,0.4073403094085576
ISPY2-999264,10,0.4391326904296875,0.17314953373927697,0.3003285061882304,0.07884883067931293,0.2235294117647059,0.28627450980392155,0.403921568627451,0.0,0.23033839207069545,0.40043252799120027,0.18274822523102446,0.2549019607843137,0.3411764705882353,0.6588235294117647,0.019854736328125,0.2448320396273744,0.42509929814622477,0.20242085028753623,0.2627450980392157,0.35294117647058826,0.7647058823529411,0.02728424072265625,0.1001040218029699,0.1359277775629856,0.27058823529411763,0.8682210191256087,0.02466677015502449,0.31902494762902306
ISPY2-999733,10,0.5054244995117188,0.1503054749731924,0.29140404860748775,0.11033951627474907,0.17647058823529413,0.2627450980392157,0.44313725490196076,1.52587890625e-06,0.1932453888537837,0.37592697080374765,0.18693642685235554,0.20392156862745098,0.3176470588235294,0.6196078431372549,0.0128753662109375,0.2263316734164369,0.4399434495587668,0.20691695453227138,0.23529411764705882,0.37254901960784315,0.7294117647058823,0.0189117431640625,0.08452292219625991,0.12842736682762068,0.20392156862745098,0.8349062861550328,0.06401647875501916,0.17845892788276127
