sample_id,patient_id,fold,pCR,dataset,prob,split,seed,loss,smoke
ISPY1_1007_z008,ISPY1_1007,4,0,spy1,0.23411013,train,42,weighted,False
ISPY1_1007_z009,ISPY1_1007,4,0,spy1,0.20828377,train,42,weighted,False
ISPY1_1007_z010,ISPY1_1007,4,0,spy1,0.1751434,train,42,weighted,False
ISPY1_1007_z011,ISPY1_1007,4,0,spy1,0.1610375,train,42,weighted,False
ISPY1_1007_z012,ISPY1_1007,4,0,spy1,0.15093704,train,42,weighted,False
ISPY1_1007_z013,ISPY1_1007,4,0,spy1,0.1390226,train,42,weighted,False
ISPY1_1007_z014,ISPY1_1007,4,0,spy1,0.123872675,train,42,weighted,False
ISPY1_1007_z015,ISPY1_1007,4,0,spy1,0.109346084,train,42,weighted,False
ISPY1_1007_z016,ISPY1_1007,4,0,spy1,0.098326996,train,42,weighted,False
ISPY1_1007_z017,ISPY1_1007,4,0,spy1,0.08808381,train,42,weighted,False
ISPY1_1027_z006,ISPY1_1027,4,0,spy1,0.6254765,train,42,weighted,False
ISPY1_1027_z007,ISPY1_1027,4,0,spy1,0.6254765,train,42,weighted,False
ISPY1_1027_z008,ISPY1_1027,4,0,spy1,0.6254765,train,42,weighted,False
ISPY1_1027_z009,ISPY1_1027,4,0,spy1,0.625642,train,42,weighted,False
ISPY1_1027_z010,ISPY1_1027,4,0,spy1,0.6254765,train,42,weighted,False
ISPY1_1027_z011,ISPY1_1027,4,0,spy1,0.6254765,train,42,weighted,False
ISPY1_1027_z012,ISPY1_1027,4,0,spy1,0.62274843,train,42,weighted,False
ISPY1_1027_z013,ISPY1_1027,4,0,spy1,0.62265515,train,42,weighted,False
ISPY1_1027_z014,ISPY1_1027,4,0,spy1,0.6194,train,42,weighted,False
ISPY1_1027_z015,ISPY1_1027,4,0,spy1,0.61822325,train,42,weighted,False
ISPY1_1034_z012,ISPY1_1034,4,0,spy1,0.55457926,train,42,weighted,False
ISPY1_1034_z013,ISPY1_1034,4,0,spy1,0.55405015,train,42,weighted,False
ISPY1_1034_z014,ISPY1_1034,4,0,spy1,0.5540028,train,42,weighted,False
ISPY1_1034_z015,ISPY1_1034,4,0,spy1,0.5540856,train,42,weighted,False
ISPY1_1034_z016,ISPY1_1034,4,0,spy1,0.55439526,train,42,weighted,False
ISPY1_1034_z017,ISPY1_1034,4,0,spy1,0.5545397,train,42,weighted,False
ISPY1_1034_z018,ISPY1_1034,4,0,spy1,0.5532533,train,42,weighted,False
ISPY1_1034_z019,ISPY1_1034,4,0,spy1,0.5535113,train,42,weighted,False
ISPY1_1034_z020,ISPY1_1034,4,0,spy1,0.5537861,train,42,weighted,False
ISPY1_1034_z021,ISPY1_1034,4,0,spy1,0.55404955,train,42,weighted,False
ISPY1_1054_z015,ISPY1_1054,4,0,spy1,0.43981355,train,42,weighted,False
ISPY1_1054_z016,ISPY1_1054,4,0,spy1,0.4665857,train,42,weighted,False
ISPY1_1054_z017,ISPY1_1054,4,0,spy1,0.49881595,train,42,weighted,False
ISPY1_1054_z018,ISPY1_1054,4,0,spy1,0.5130387,train,42,weighted,False
ISPY1_1054_z019,ISPY1_1054,4,0,spy1,0.53605187,train,42,weighted,False
ISPY1_1054_z020,ISPY1_1054,4,0,spy1,0.54408956,train,42,weighted,False
ISPY1_1054_z021,ISPY1_1054,4,0,spy1,0.54101086,train,42,weighted,False
ISPY1_1054_z022,ISPY1_1054,4,0,spy1,0.532952,train,42,weighted,False
ISPY1_1054_z023,ISPY1_1054,4,0,spy1,0.5306992,train,42,weighted,False
ISPY1_1054_z024,ISPY1_1054,4,0,spy1,0.53110677,train,42,weighted,False
ISPY1_1061_z006,ISPY1_1061,4,0,spy1,0.7635688,train,42,weighted,False
ISPY1_1061_z007,ISPY1_1061,4,0,spy1,0.7653654,train,42,weighted,False
ISPY1_1061_z008,ISPY1_1061,4,0,spy1,0.7671556,train,42,weighted,False
ISPY1_1061_z009,ISPY1_1061,4,0,spy1,0.76553726,train,42,weighted,False
ISPY1_1061_z010,ISPY1_1061,4,0,spy1,0.7582019,train,42,weighted,False
ISPY1_1061_z011,ISPY1_1061,4,0,spy1,0.74471575,train,42,weighted,False
ISPY1_1061_z012,ISPY1_1061,4,0,spy1,0.73517287,train,42,weighted,False
ISPY1_1061_z013,ISPY1_1061,4,0,spy1,0.7254677,train,42,weighted,False
ISPY1_1061_z014,ISPY1_1061,4,0,spy1,0.69957286,train,42,weighted,False
ISPY1_1061_z015,ISPY1_1061,4,0,spy1,0.6695278,train,42,weighted,False
ISPY1_1064_z005,ISPY1_1064,4,0,spy1,0.34989926,train,42,weighted,False
ISPY1_1064_z006,ISPY1_1064,4,0,spy1,0.32910085,train,42,weighted,False
ISPY1_1064_z007,ISPY1_1064,4,0,spy1,0.3127701,train,42,weighted,False
ISPY1_1064_z008,ISPY1_1064,4,0,spy1,0.31540504,train,42,weighted,False
ISPY1_1064_z009,ISPY1_1064,4,0,spy1,0.3068647,train,42,weighted,False
ISPY1_1064_z010,ISPY1_1064,4,0,spy1,0.29313087,train,42,weighted,False
ISPY1_1064_z011,ISPY1_1064,4,0,spy1,0.29406473,train,42,weighted,False
ISPY1_1064_z012,ISPY1_1064,4,0,spy1,0.32099313,train,42,weighted,False
ISPY1_1064_z013,ISPY1_1064,4,0,spy1,0.37534702,train,42,weighted,False
ISPY1_1064_z014,ISPY1_1064,4,0,spy1,0.39838856,train,42,weighted,False
ISPY1_1084_z013,ISPY1_1084,4,0,spy1,0.52023685,train,42,weighted,False
ISPY1_1084_z014,ISPY1_1084,4,0,spy1,0.5202885,train,42,weighted,False
ISPY1_1084_z015,ISPY1_1084,4,0,spy1,0.5190913,train,42,weighted,False
ISPY1_1084_z016,ISPY1_1084,4,0,spy1,0.516785,train,42,weighted,False
ISPY1_1084_z017,ISPY1_1084,4,0,spy1,0.50295717,train,42,weighted,False
ISPY1_1084_z018,ISPY1_1084,4,0,spy1,0.4801645,train,42,weighted,False
ISPY1_1084_z019,ISPY1_1084,4,0,spy1,0.46711406,train,42,weighted,False
ISPY1_1084_z020,ISPY1_1084,4,0,spy1,0.4629318,train,42,weighted,False
ISPY1_1084_z021,ISPY1_1084,4,0,spy1,0.43636557,train,42,weighted,False
ISPY1_1084_z022,ISPY1_1084,4,0,spy1,0.47366017,train,42,weighted,False
ISPY1_1101_z004,ISPY1_1101,4,0,spy1,0.7502809,train,42,weighted,False
ISPY1_1101_z005,ISPY1_1101,4,0,spy1,0.7573372,train,42,weighted,False
ISPY1_1101_z006,ISPY1_1101,4,0,spy1,0.7527191,train,42,weighted,False
ISPY1_1101_z007,ISPY1_1101,4,0,spy1,0.7571714,train,42,weighted,False
ISPY1_1101_z008,ISPY1_1101,4,0,spy1,0.75998926,train,42,weighted,False
ISPY1_1101_z009,ISPY1_1101,4,0,spy1,0.7599635,train,42,weighted,False
ISPY1_1101_z010,ISPY1_1101,4,0,spy1,0.7583812,train,42,weighted,False
ISPY1_1101_z011,ISPY1_1101,4,0,spy1,0.7580812,train,42,weighted,False
ISPY1_1101_z012,ISPY1_1101,4,0,spy1,0.759848,train,42,weighted,False
ISPY1_1101_z013,ISPY1_1101,4,0,spy1,0.7611514,train,42,weighted,False
ISPY1_1107_z001,ISPY1_1107,4,0,spy1,0.1683008,train,42,weighted,False
ISPY1_1107_z002,ISPY1_1107,4,0,spy1,0.1872951,train,42,weighted,False
ISPY1_1107_z003,ISPY1_1107,4,0,spy1,0.22016566,train,42,weighted,False
ISPY1_1107_z004,ISPY1_1107,4,0,spy1,0.2405654,train,42,weighted,False
ISPY1_1107_z005,ISPY1_1107,4,0,spy1,0.26209933,train,42,weighted,False
ISPY1_1107_z006,ISPY1_1107,4,0,spy1,0.27959025,train,42,weighted,False
ISPY1_1107_z007,ISPY1_1107,4,0,spy1,0.28808084,train,42,weighted,False
ISPY1_1107_z008,ISPY1_1107,4,0,spy1,0.29041713,train,42,weighted,False
ISPY1_1107_z009,ISPY1_1107,4,0,spy1,0.28911084,train,42,weighted,False
ISPY1_1107_z010,ISPY1_1107,4,0,spy1,0.2893918,train,42,weighted,False
ISPY1_1130_z001,ISPY1_1130,4,1,spy1,0.44799033,train,42,weighted,False
ISPY1_1130_z002,ISPY1_1130,4,1,spy1,0.44740784,train,42,weighted,False
ISPY1_1130_z003,ISPY1_1130,4,1,spy1,0.44785973,train,42,weighted,False
ISPY1_1130_z004,ISPY1_1130,4,1,spy1,0.4466698,train,42,weighted,False
ISPY1_1130_z005,ISPY1_1130,4,1,spy1,0.44597626,train,42,weighted,False
ISPY1_1130_z006,ISPY1_1130,4,1,spy1,0.44607612,train,42,weighted,False
ISPY1_1130_z007,ISPY1_1130,4,1,spy1,0.4431852,train,42,weighted,False
ISPY1_1130_z008,ISPY1_1130,4,1,spy1,0.43232456,train,42,weighted,False
ISPY1_1130_z009,ISPY1_1130,4,1,spy1,0.3271157,train,42,weighted,False
ISPY1_1130_z010,ISPY1_1130,4,1,spy1,0.33319882,train,42,weighted,False
ISPY1_1141_z006,ISPY1_1141,4,0,spy1,0.7628614,train,42,weighted,False
ISPY1_1141_z007,ISPY1_1141,4,0,spy1,0.761995,train,42,weighted,False
ISPY1_1141_z008,ISPY1_1141,4,0,spy1,0.76194793,train,42,weighted,False
ISPY1_1141_z009,ISPY1_1141,4,0,spy1,0.76256657,train,42,weighted,False
ISPY1_1141_z010,ISPY1_1141,4,0,spy1,0.76262164,train,42,weighted,False
ISPY1_1141_z011,ISPY1_1141,4,0,spy1,0.76238185,train,42,weighted,False
ISPY1_1141_z012,ISPY1_1141,4,0,spy1,0.76262164,train,42,weighted,False
ISPY1_1141_z013,ISPY1_1141,4,0,spy1,0.76318365,train,42,weighted,False
ISPY1_1141_z014,ISPY1_1141,4,0,spy1,0.7639905,train,42,weighted,False
ISPY1_1141_z015,ISPY1_1141,4,0,spy1,0.7640033,train,42,weighted,False
ISPY1_1144_z009,ISPY1_1144,4,1,spy1,0.41459423,train,42,weighted,False
ISPY1_1144_z010,ISPY1_1144,4,1,spy1,0.41418594,train,42,weighted,False
ISPY1_1144_z011,ISPY1_1144,4,1,spy1,0.41394275,train,42,weighted,False
ISPY1_1144_z012,ISPY1_1144,4,1,spy1,0.41342768,train,42,weighted,False
ISPY1_1144_z013,ISPY1_1144,4,1,spy1,0.41329426,train,42,weighted,False
ISPY1_1144_z014,ISPY1_1144,4,1,spy1,0.41260427,train,42,weighted,False
ISPY1_1144_z015,ISPY1_1144,4,1,spy1,0.4121156,train,42,weighted,False
ISPY1_1144_z016,ISPY1_1144,4,1,spy1,0.41209698,train,42,weighted,False
ISPY1_1144_z017,ISPY1_1144,4,1,spy1,0.4121521,train,42,weighted,False
ISPY1_1144_z018,ISPY1_1144,4,1,spy1,0.4121472,train,42,weighted,False
ISPY1_1156_z006,ISPY1_1156,4,1,spy1,0.20599833,train,42,weighted,False
ISPY1_1156_z007,ISPY1_1156,4,1,spy1,0.24033247,train,42,weighted,False
ISPY1_1156_z008,ISPY1_1156,4,1,spy1,0.27541903,train,42,weighted,False
ISPY1_1156_z009,ISPY1_1156,4,1,spy1,0.30722687,train,42,weighted,False
ISPY1_1156_z010,ISPY1_1156,4,1,spy1,0.2821249,train,42,weighted,False
ISPY1_1156_z011,ISPY1_1156,4,1,spy1,0.28881085,train,42,weighted,False
ISPY1_1156_z012,ISPY1_1156,4,1,spy1,0.29474637,train,42,weighted,False
ISPY1_1156_z013,ISPY1_1156,4,1,spy1,0.33112234,train,42,weighted,False
ISPY1_1156_z014,ISPY1_1156,4,1,spy1,0.34258428,train,42,weighted,False
ISPY1_1156_z017,ISPY1_1156,4,1,spy1,0.285842,train,42,weighted,False
ISPY1_1179_z003,ISPY1_1179,4,0,spy1,0.6299344,train,42,weighted,False
ISPY1_1179_z006,ISPY1_1179,4,0,spy1,0.6282473,train,42,weighted,False
ISPY1_1179_z007,ISPY1_1179,4,0,spy1,0.62700564,train,42,weighted,False
ISPY1_1179_z008,ISPY1_1179,4,0,spy1,0.6263207,train,42,weighted,False
ISPY1_1179_z009,ISPY1_1179,4,0,spy1,0.6234951,train,42,weighted,False
ISPY1_1179_z010,ISPY1_1179,4,0,spy1,0.61235267,train,42,weighted,False
ISPY1_1179_z011,ISPY1_1179,4,0,spy1,0.6176081,train,42,weighted,False
ISPY1_1179_z012,ISPY1_1179,4,0,spy1,0.6236266,train,42,weighted,False
ISPY1_1179_z013,ISPY1_1179,4,0,spy1,0.62541544,train,42,weighted,False
ISPY1_1179_z014,ISPY1_1179,4,0,spy1,0.6253298,train,42,weighted,False
ISPY1_1188_z000,ISPY1_1188,4,0,spy1,0.7449361,train,42,weighted,False
ISPY1_1188_z001,ISPY1_1188,4,0,spy1,0.74323547,train,42,weighted,False
ISPY1_1188_z002,ISPY1_1188,4,0,spy1,0.7303494,train,42,weighted,False
ISPY1_1188_z003,ISPY1_1188,4,0,spy1,0.7250117,train,42,weighted,False
ISPY1_1188_z004,ISPY1_1188,4,0,spy1,0.6920692,train,42,weighted,False
ISPY1_1188_z005,ISPY1_1188,4,0,spy1,0.62075293,train,42,weighted,False
ISPY1_1188_z006,ISPY1_1188,4,0,spy1,0.63715607,train,42,weighted,False
ISPY1_1188_z007,ISPY1_1188,4,0,spy1,0.67040867,train,42,weighted,False
ISPY1_1188_z008,ISPY1_1188,4,0,spy1,0.68964255,train,42,weighted,False
ISPY1_1188_z009,ISPY1_1188,4,0,spy1,0.7100556,train,42,weighted,False
ISPY1_1196_z008,ISPY1_1196,4,0,spy1,0.66423976,train,42,weighted,False
ISPY1_1196_z009,ISPY1_1196,4,0,spy1,0.66458607,train,42,weighted,False
ISPY1_1196_z010,ISPY1_1196,4,0,spy1,0.6651976,train,42,weighted,False
ISPY1_1196_z012,ISPY1_1196,4,0,spy1,0.6650241,train,42,weighted,False
ISPY1_1196_z013,ISPY1_1196,4,0,spy1,0.6643844,train,42,weighted,False
ISPY1_1196_z014,ISPY1_1196,4,0,spy1,0.66462404,train,42,weighted,False
ISPY1_1196_z015,ISPY1_1196,4,0,spy1,0.66432595,train,42,weighted,False
ISPY1_1196_z016,ISPY1_1196,4,0,spy1,0.66476953,train,42,weighted,False
ISPY1_1196_z017,ISPY1_1196,4,0,spy1,0.6652644,train,42,weighted,False
ISPY1_1196_z018,ISPY1_1196,4,0,spy1,0.66520154,train,42,weighted,False
ISPY1_1205_z006,ISPY1_1205,4,0,spy1,0.1382693,train,42,weighted,False
ISPY1_1205_z007,ISPY1_1205,4,0,spy1,0.13828935,train,42,weighted,False
ISPY1_1205_z008,ISPY1_1205,4,0,spy1,0.1381444,train,42,weighted,False
ISPY1_1205_z009,ISPY1_1205,4,0,spy1,0.13803115,train,42,weighted,False
ISPY1_1205_z010,ISPY1_1205,4,0,spy1,0.13797039,train,42,weighted,False
ISPY1_1205_z011,ISPY1_1205,4,0,spy1,0.13792667,train,42,weighted,False
ISPY1_1205_z012,ISPY1_1205,4,0,spy1,0.13803044,train,42,weighted,False
ISPY1_1205_z013,ISPY1_1205,4,0,spy1,0.13813552,train,42,weighted,False
ISPY1_1205_z014,ISPY1_1205,4,0,spy1,0.13816665,train,42,weighted,False
ISPY1_1205_z015,ISPY1_1205,4,0,spy1,0.1380135,train,42,weighted,False
ISPY1_1217_z002,ISPY1_1217,4,0,spy1,0.22404402,train,42,weighted,False
ISPY1_1217_z003,ISPY1_1217,4,0,spy1,0.23148952,train,42,weighted,False
ISPY1_1217_z004,ISPY1_1217,4,0,spy1,0.25951743,train,42,weighted,False
ISPY1_1217_z005,ISPY1_1217,4,0,spy1,0.26144826,train,42,weighted,False
ISPY1_1217_z006,ISPY1_1217,4,0,spy1,0.25824398,train,42,weighted,False
ISPY1_1217_z007,ISPY1_1217,4,0,spy1,0.31163386,train,42,weighted,False
ISPY1_1217_z008,ISPY1_1217,4,0,spy1,0.32091558,train,42,weighted,False
ISPY1_1217_z009,ISPY1_1217,4,0,spy1,0.3108571,train,42,weighted,False
ISPY1_1217_z010,ISPY1_1217,4,0,spy1,0.34950525,train,42,weighted,False
ISPY1_1217_z011,ISPY1_1217,4,0,spy1,0.3509983,train,42,weighted,False
ISPY1_1227_z002,ISPY1_1227,4,1,spy1,0.752309,train,42,weighted,False
ISPY1_1227_z003,ISPY1_1227,4,1,spy1,0.7509729,train,42,weighted,False
ISPY1_1227_z004,ISPY1_1227,4,1,spy1,0.7491184,train,42,weighted,False
ISPY1_1227_z005,ISPY1_1227,4,1,spy1,0.74698836,train,42,weighted,False
ISPY1_1227_z006,ISPY1_1227,4,1,spy1,0.74073935,train,42,weighted,False
ISPY1_1227_z007,ISPY1_1227,4,1,spy1,0.73286045,train,42,weighted,False
ISPY1_1227_z008,ISPY1_1227,4,1,spy1,0.71410334,train,42,weighted,False
ISPY1_1227_z009,ISPY1_1227,4,1,spy1,0.6990414,train,42,weighted,False
ISPY1_1227_z010,ISPY1_1227,4,1,spy1,0.6815043,train,42,weighted,False
ISPY1_1227_z011,ISPY1_1227,4,1,spy1,0.647884,train,42,weighted,False
ISPY1_1235_z006,ISPY1_1235,4,1,spy1,0.4979503,train,42,weighted,False
ISPY1_1235_z007,ISPY1_1235,4,1,spy1,0.6889529,train,42,weighted,False
ISPY1_1235_z008,ISPY1_1235,4,1,spy1,0.69583905,train,42,weighted,False
ISPY1_1235_z009,ISPY1_1235,4,1,spy1,0.70881325,train,42,weighted,False
ISPY1_1235_z010,ISPY1_1235,4,1,spy1,0.7151588,train,42,weighted,False
ISPY1_1235_z011,ISPY1_1235,4,1,spy1,0.7349285,train,42,weighted,False
ISPY1_1235_z012,ISPY1_1235,4,1,spy1,0.69023126,train,42,weighted,False
ISPY1_1235_z013,ISPY1_1235,4,1,spy1,0.67413235,train,42,weighted,False
ISPY1_1235_z014,ISPY1_1235,4,1,spy1,0.62940425,train,42,weighted,False
ISPY1_1235_z015,ISPY1_1235,4,1,spy1,0.5589508,train,42,weighted,False
Breast_MRI_012_z022,Breast_MRI_012,4,0,duke,0.4766208,train,42,weighted,False
Breast_MRI_012_z023,Breast_MRI_012,4,0,duke,0.4769295,train,42,weighted,False
Breast_MRI_012_z024,Breast_MRI_012,4,0,duke,0.4771463,train,42,weighted,False
Breast_MRI_012_z025,Breast_MRI_012,4,0,duke,0.47707292,train,42,weighted,False
Breast_MRI_012_z026,Breast_MRI_012,4,0,duke,0.47705188,train,42,weighted,False
Breast_MRI_012_z027,Breast_MRI_012,4,0,duke,0.4772614,train,42,weighted,False
Breast_MRI_012_z028,Breast_MRI_012,4,0,duke,0.4773088,train,42,weighted,False
Breast_MRI_012_z029,Breast_MRI_012,4,0,duke,0.47722414,train,42,weighted,False
Breast_MRI_012_z030,Breast_MRI_012,4,0,duke,0.47706196,train,42,weighted,False
Breast_MRI_012_z031,Breast_MRI_012,4,0,duke,0.4767446,train,42,weighted,False
Breast_MRI_041_z013,Breast_MRI_041,4,0,duke,0.2381913,train,42,weighted,False
Breast_MRI_041_z014,Breast_MRI_041,4,0,duke,0.2384897,train,42,weighted,False
Breast_MRI_041_z015,Breast_MRI_041,4,0,duke,0.23884873,train,42,weighted,False
Breast_MRI_041_z016,Breast_MRI_041,4,0,duke,0.23927444,train,42,weighted,False
Breast_MRI_041_z017,Breast_MRI_041,4,0,duke,0.2393989,train,42,weighted,False
Breast_MRI_041_z018,Breast_MRI_041,4,0,duke,0.23945925,train,42,weighted,False
Breast_MRI_041_z019,Breast_MRI_041,4,0,duke,0.2394844,train,42,weighted,False
Breast_MRI_041_z020,Breast_MRI_041,4,0,duke,0.23955202,train,42,weighted,False
Breast_MRI_041_z021,Breast_MRI_041,4,0,duke,0.23967803,train,42,weighted,False
Breast_MRI_041_z022,Breast_MRI_041,4,0,duke,0.23970963,train,42,weighted,False
Breast_MRI_044_z004,Breast_MRI_044,4,1,duke,0.90167046,train,42,weighted,False
Breast_MRI_044_z005,Breast_MRI_044,4,1,duke,0.90158844,train,42,weighted,False
Breast_MRI_044_z006,Breast_MRI_044,4,1,duke,0.9017069,train,42,weighted,False
Breast_MRI_044_z007,Breast_MRI_044,4,1,duke,0.90157044,train,42,weighted,False
Breast_MRI_044_z008,Breast_MRI_044,4,1,duke,0.90161586,train,42,weighted,False
Breast_MRI_044_z009,Breast_MRI_044,4,1,duke,0.9015159,train,42,weighted,False
Breast_MRI_044_z010,Breast_MRI_044,4,1,duke,0.90139663,train,42,weighted,False
Breast_MRI_044_z011,Breast_MRI_044,4,1,duke,0.90135217,train,42,weighted,False
Breast_MRI_044_z012,Breast_MRI_044,4,1,duke,0.9013238,train,42,weighted,False
Breast_MRI_044_z013,Breast_MRI_044,4,1,duke,0.9012463,train,42,weighted,False
Breast_MRI_082_z012,Breast_MRI_082,4,0,duke,0.28573132,train,42,weighted,False
Breast_MRI_082_z013,Breast_MRI_082,4,0,duke,0.28462154,train,42,weighted,False
Breast_MRI_082_z014,Breast_MRI_082,4,0,duke,0.2831565,train,42,weighted,False
Breast_MRI_082_z015,Breast_MRI_082,4,0,duke,0.27410534,train,42,weighted,False
Breast_MRI_082_z016,Breast_MRI_082,4,0,duke,0.27683365,train,42,weighted,False
Breast_MRI_082_z017,Breast_MRI_082,4,0,duke,0.2831554,train,42,weighted,False
Breast_MRI_082_z018,Breast_MRI_082,4,0,duke,0.2870788,train,42,weighted,False
Breast_MRI_082_z019,Breast_MRI_082,4,0,duke,0.28742537,train,42,weighted,False
Breast_MRI_082_z020,Breast_MRI_082,4,0,duke,0.29029882,train,42,weighted,False
Breast_MRI_082_z021,Breast_MRI_082,4,0,duke,0.3054754,train,42,weighted,False
Breast_MRI_090_z056,Breast_MRI_090,4,0,duke,0.61880344,train,42,weighted,False
Breast_MRI_090_z057,Breast_MRI_090,4,0,duke,0.6188032,train,42,weighted,False
Breast_MRI_090_z058,Breast_MRI_090,4,0,duke,0.6187389,train,42,weighted,False
Breast_MRI_090_z059,Breast_MRI_090,4,0,duke,0.61868757,train,42,weighted,False
Breast_MRI_090_z060,Breast_MRI_090,4,0,duke,0.6186367,train,42,weighted,False
Breast_MRI_090_z061,Breast_MRI_090,4,0,duke,0.61860996,train,42,weighted,False
Breast_MRI_090_z062,Breast_MRI_090,4,0,duke,0.61863965,train,42,weighted,False
Breast_MRI_090_z063,Breast_MRI_090,4,0,duke,0.61866885,train,42,weighted,False
Breast_MRI_090_z064,Breast_MRI_090,4,0,duke,0.6183984,train,42,weighted,False
Breast_MRI_090_z065,Breast_MRI_090,4,0,duke,0.61803883,train,42,weighted,False
Breast_MRI_114_z005,Breast_MRI_114,4,0,duke,0.35284328,train,42,weighted,False
Breast_MRI_114_z006,Breast_MRI_114,4,0,duke,0.35725617,train,42,weighted,False
Breast_MRI_114_z007,Breast_MRI_114,4,0,duke,0.36166143,train,42,weighted,False
Breast_MRI_114_z008,Breast_MRI_114,4,0,duke,0.36325157,train,42,weighted,False
Breast_MRI_114_z009,Breast_MRI_114,4,0,duke,0.36391887,train,42,weighted,False
Breast_MRI_114_z010,Breast_MRI_114,4,0,duke,0.36472195,train,42,weighted,False
Breast_MRI_114_z011,Breast_MRI_114,4,0,duke,0.36661854,train,42,weighted,False
Breast_MRI_114_z012,Breast_MRI_114,4,0,duke,0.3674292,train,42,weighted,False
Breast_MRI_114_z013,Breast_MRI_114,4,0,duke,0.3670436,train,42,weighted,False
Breast_MRI_114_z014,Breast_MRI_114,4,0,duke,0.36695322,train,42,weighted,False
Breast_MRI_129_z004,Breast_MRI_129,4,0,duke,0.71536833,train,42,weighted,False
Breast_MRI_129_z005,Breast_MRI_129,4,0,duke,0.714439,train,42,weighted,False
Breast_MRI_129_z006,Breast_MRI_129,4,0,duke,0.71367073,train,42,weighted,False
Breast_MRI_129_z007,Breast_MRI_129,4,0,duke,0.7134113,train,42,weighted,False
Breast_MRI_129_z008,Breast_MRI_129,4,0,duke,0.71425563,train,42,weighted,False
Breast_MRI_129_z009,Breast_MRI_129,4,0,duke,0.7148406,train,42,weighted,False
Breast_MRI_129_z010,Breast_MRI_129,4,0,duke,0.71508676,train,42,weighted,False
Breast_MRI_129_z011,Breast_MRI_129,4,0,duke,0.71550983,train,42,weighted,False
Breast_MRI_129_z012,Breast_MRI_129,4,0,duke,0.7143685,train,42,weighted,False
Breast_MRI_129_z013,Breast_MRI_129,4,0,duke,0.71244884,train,42,weighted,False
Breast_MRI_142_z002,Breast_MRI_142,4,1,duke,0.41777897,train,42,weighted,False
Breast_MRI_142_z003,Breast_MRI_142,4,1,duke,0.41736287,train,42,weighted,False
Breast_MRI_142_z004,Breast_MRI_142,4,1,duke,0.4168513,train,42,weighted,False
Breast_MRI_142_z005,Breast_MRI_142,4,1,duke,0.4163636,train,42,weighted,False
Breast_MRI_142_z006,Breast_MRI_142,4,1,duke,0.41628495,train,42,weighted,False
Breast_MRI_142_z007,Breast_MRI_142,4,1,duke,0.41619825,train,42,weighted,False
Breast_MRI_142_z008,Breast_MRI_142,4,1,duke,0.41634533,train,42,weighted,False
Breast_MRI_142_z009,Breast_MRI_142,4,1,duke,0.41669214,train,42,weighted,False
Breast_MRI_142_z010,Breast_MRI_142,4,1,duke,0.41683394,train,42,weighted,False
Breast_MRI_142_z011,Breast_MRI_142,4,1,duke,0.41685233,train,42,weighted,False
Breast_MRI_157_z017,Breast_MRI_157,4,1,duke,0.29047114,train,42,weighted,False
Breast_MRI_157_z018,Breast_MRI_157,4,1,duke,0.28990468,train,42,weighted,False
Breast_MRI_157_z019,Breast_MRI_157,4,1,duke,0.28946498,train,42,weighted,False
Breast_MRI_157_z020,Breast_MRI_157,4,1,duke,0.2886732,train,42,weighted,False
Breast_MRI_157_z021,Breast_MRI_157,4,1,duke,0.28810942,train,42,weighted,False
Breast_MRI_157_z022,Breast_MRI_157,4,1,duke,0.2877651,train,42,weighted,False
Breast_MRI_157_z023,Breast_MRI_157,4,1,duke,0.28791457,train,42,weighted,False
Breast_MRI_157_z024,Breast_MRI_157,4,1,duke,0.2883477,train,42,weighted,False
Breast_MRI_157_z025,Breast_MRI_157,4,1,duke,0.28849232,train,42,weighted,False
Breast_MRI_157_z026,Breast_MRI_157,4,1,duke,0.28842795,train,42,weighted,False
Breast_MRI_180_z010,Breast_MRI_180,4,0,duke,0.09055822,train,42,weighted,False
Breast_MRI_180_z011,Breast_MRI_180,4,0,duke,0.0913445,train,42,weighted,False
Breast_MRI_180_z012,Breast_MRI_180,4,0,duke,0.09161542,train,42,weighted,False
Breast_MRI_180_z013,Breast_MRI_180,4,0,duke,0.09399891,train,42,weighted,False
Breast_MRI_180_z014,Breast_MRI_180,4,0,duke,0.09913444,train,42,weighted,False
Breast_MRI_180_z015,Breast_MRI_180,4,0,duke,0.10621453,train,42,weighted,False
Breast_MRI_180_z016,Breast_MRI_180,4,0,duke,0.11330197,train,42,weighted,False
Breast_MRI_180_z017,Breast_MRI_180,4,0,duke,0.1263172,train,42,weighted,False
Breast_MRI_180_z018,Breast_MRI_180,4,0,duke,0.13750854,train,42,weighted,False
Breast_MRI_180_z019,Breast_MRI_180,4,0,duke,0.14792179,train,42,weighted,False
Breast_MRI_217_z020,Breast_MRI_217,4,1,duke,0.44199356,train,42,weighted,False
Breast_MRI_217_z021,Breast_MRI_217,4,1,duke,0.4467611,train,42,weighted,False
Breast_MRI_217_z022,Breast_MRI_217,4,1,duke,0.4386292,train,42,weighted,False
Breast_MRI_217_z023,Breast_MRI_217,4,1,duke,0.4617386,train,42,weighted,False
Breast_MRI_217_z024,Breast_MRI_217,4,1,duke,0.47733462,train,42,weighted,False
Breast_MRI_217_z025,Breast_MRI_217,4,1,duke,0.4901207,train,42,weighted,False
Breast_MRI_217_z026,Breast_MRI_217,4,1,duke,0.4923672,train,42,weighted,False
Breast_MRI_217_z027,Breast_MRI_217,4,1,duke,0.49319246,train,42,weighted,False
Breast_MRI_217_z028,Breast_MRI_217,4,1,duke,0.49392682,train,42,weighted,False
Breast_MRI_217_z029,Breast_MRI_217,4,1,duke,0.49370292,train,42,weighted,False
Breast_MRI_239_z009,Breast_MRI_239,4,0,duke,0.31086534,train,42,weighted,False
Breast_MRI_239_z010,Breast_MRI_239,4,0,duke,0.34768814,train,42,weighted,False
Breast_MRI_239_z011,Breast_MRI_239,4,0,duke,0.3694933,train,42,weighted,False
Breast_MRI_239_z012,Breast_MRI_239,4,0,duke,0.38257733,train,42,weighted,False
Breast_MRI_239_z013,Breast_MRI_239,4,0,duke,0.39753458,train,42,weighted,False
Breast_MRI_239_z014,Breast_MRI_239,4,0,duke,0.40425476,train,42,weighted,False
Breast_MRI_239_z015,Breast_MRI_239,4,0,duke,0.4060522,train,42,weighted,False
Breast_MRI_239_z016,Breast_MRI_239,4,0,duke,0.4006729,train,42,weighted,False
Breast_MRI_239_z017,Breast_MRI_239,4,0,duke,0.40929326,train,42,weighted,False
Breast_MRI_239_z018,Breast_MRI_239,4,0,duke,0.39774126,train,42,weighted,False
Breast_MRI_265_z012,Breast_MRI_265,4,0,duke,0.45863128,train,42,weighted,False
Breast_MRI_265_z013,Breast_MRI_265,4,0,duke,0.45865333,train,42,weighted,False
Breast_MRI_265_z014,Breast_MRI_265,4,0,duke,0.4593258,train,42,weighted,False
Breast_MRI_265_z015,Breast_MRI_265,4,0,duke,0.4640568,train,42,weighted,False
Breast_MRI_265_z016,Breast_MRI_265,4,0,duke,0.442057,train,42,weighted,False
Breast_MRI_265_z017,Breast_MRI_265,4,0,duke,0.4565213,train,42,weighted,False
Breast_MRI_265_z018,Breast_MRI_265,4,0,duke,0.4641859,train,42,weighted,False
Breast_MRI_265_z019,Breast_MRI_265,4,0,duke,0.4513817,train,42,weighted,False
Breast_MRI_265_z020,Breast_MRI_265,4,0,duke,0.44537795,train,42,weighted,False
Breast_MRI_265_z021,Breast_MRI_265,4,0,duke,0.44594517,train,42,weighted,False
Breast_MRI_290_z005,Breast_MRI_290,4,0,duke,0.42019886,train,42,weighted,False
Breast_MRI_290_z006,Breast_MRI_290,4,0,duke,0.42021006,train,42,weighted,False
Breast_MRI_290_z007,Breast_MRI_290,4,0,duke,0.42021158,train,42,weighted,False
Breast_MRI_290_z008,Breast_MRI_290,4,0,duke,0.42019582,train,42,weighted,False
Breast_MRI_290_z009,Breast_MRI_290,4,0,duke,0.42018387,train,42,weighted,False
Breast_MRI_290_z010,Breast_MRI_290,4,0,duke,0.42016643,train,42,weighted,False
Breast_MRI_290_z011,Breast_MRI_290,4,0,duke,0.42007747,train,42,weighted,False
Breast_MRI_290_z012,Breast_MRI_290,4,0,duke,0.42002958,train,42,weighted,False
Breast_MRI_290_z013,Breast_MRI_290,4,0,duke,0.41992217,train,42,weighted,False
Breast_MRI_290_z014,Breast_MRI_290,4,0,duke,0.41979852,train,42,weighted,False
Breast_MRI_306_z005,Breast_MRI_306,4,0,duke,0.79916173,train,42,weighted,False
Breast_MRI_306_z006,Breast_MRI_306,4,0,duke,0.8006104,train,42,weighted,False
Breast_MRI_306_z007,Breast_MRI_306,4,0,duke,0.8032326,train,42,weighted,False
Breast_MRI_306_z008,Breast_MRI_306,4,0,duke,0.8089261,train,42,weighted,False
Breast_MRI_306_z009,Breast_MRI_306,4,0,duke,0.8147026,train,42,weighted,False
Breast_MRI_306_z010,Breast_MRI_306,4,0,duke,0.814465,train,42,weighted,False
Breast_MRI_306_z011,Breast_MRI_306,4,0,duke,0.81850356,train,42,weighted,False
Breast_MRI_306_z012,Breast_MRI_306,4,0,duke,0.8187916,train,42,weighted,False
Breast_MRI_306_z013,Breast_MRI_306,4,0,duke,0.8190666,train,42,weighted,False
Breast_MRI_306_z014,Breast_MRI_306,4,0,duke,0.8190813,train,42,weighted,False
Breast_MRI_328_z012,Breast_MRI_328,4,1,duke,0.59078646,train,42,weighted,False
Breast_MRI_328_z013,Breast_MRI_328,4,1,duke,0.5909938,train,42,weighted,False
Breast_MRI_328_z014,Breast_MRI_328,4,1,duke,0.59084797,train,42,weighted,False
Breast_MRI_328_z015,Breast_MRI_328,4,1,duke,0.59011024,train,42,weighted,False
Breast_MRI_328_z016,Breast_MRI_328,4,1,duke,0.59021336,train,42,weighted,False
Breast_MRI_328_z017,Breast_MRI_328,4,1,duke,0.58940303,train,42,weighted,False
Breast_MRI_328_z018,Breast_MRI_328,4,1,duke,0.5872084,train,42,weighted,False
Breast_MRI_328_z019,Breast_MRI_328,4,1,duke,0.5893107,train,42,weighted,False
Breast_MRI_328_z020,Breast_MRI_328,4,1,duke,0.59051913,train,42,weighted,False
Breast_MRI_328_z021,Breast_MRI_328,4,1,duke,0.59017974,train,42,weighted,False
Breast_MRI_377_z007,Breast_MRI_377,4,1,duke,0.678447,train,42,weighted,False
Breast_MRI_377_z008,Breast_MRI_377,4,1,duke,0.6779521,train,42,weighted,False
Breast_MRI_377_z009,Breast_MRI_377,4,1,duke,0.67698854,train,42,weighted,False
Breast_MRI_377_z010,Breast_MRI_377,4,1,duke,0.6764274,train,42,weighted,False
Breast_MRI_377_z011,Breast_MRI_377,4,1,duke,0.67597425,train,42,weighted,False
Breast_MRI_377_z012,Breast_MRI_377,4,1,duke,0.676303,train,42,weighted,False
Breast_MRI_377_z013,Breast_MRI_377,4,1,duke,0.6762395,train,42,weighted,False
Breast_MRI_377_z014,Breast_MRI_377,4,1,duke,0.6760297,train,42,weighted,False
Breast_MRI_377_z015,Breast_MRI_377,4,1,duke,0.6757631,train,42,weighted,False
Breast_MRI_377_z016,Breast_MRI_377,4,1,duke,0.6754503,train,42,weighted,False
Breast_MRI_386_z014,Breast_MRI_386,4,0,duke,0.82015043,train,42,weighted,False
Breast_MRI_386_z015,Breast_MRI_386,4,0,duke,0.8206728,train,42,weighted,False
Breast_MRI_386_z016,Breast_MRI_386,4,0,duke,0.82026505,train,42,weighted,False
Breast_MRI_386_z017,Breast_MRI_386,4,0,duke,0.8202616,train,42,weighted,False
Breast_MRI_386_z018,Breast_MRI_386,4,0,duke,0.8206842,train,42,weighted,False
Breast_MRI_386_z019,Breast_MRI_386,4,0,duke,0.82123816,train,42,weighted,False
Breast_MRI_386_z020,Breast_MRI_386,4,0,duke,0.82055205,train,42,weighted,False
Breast_MRI_386_z021,Breast_MRI_386,4,0,duke,0.82065254,train,42,weighted,False
Breast_MRI_386_z022,Breast_MRI_386,4,0,duke,0.8216905,train,42,weighted,False
Breast_MRI_386_z023,Breast_MRI_386,4,0,duke,0.82223856,train,42,weighted,False
Breast_MRI_412_z020,Breast_MRI_412,4,0,duke,0.12663935,train,42,weighted,False
Breast_MRI_412_z021,Breast_MRI_412,4,0,duke,0.13984962,train,42,weighted,False
Breast_MRI_412_z022,Breast_MRI_412,4,0,duke,0.15020746,train,42,weighted,False
Breast_MRI_412_z023,Breast_MRI_412,4,0,duke,0.15467457,train,42,weighted,False
Breast_MRI_412_z024,Breast_MRI_412,4,0,duke,0.15849724,train,42,weighted,False
Breast_MRI_412_z025,Breast_MRI_412,4,0,duke,0.16469032,train,42,weighted,False
Breast_MRI_412_z026,Breast_MRI_412,4,0,duke,0.16977137,train,42,weighted,False
Breast_MRI_412_z027,Breast_MRI_412,4,0,duke,0.16973487,train,42,weighted,False
Breast_MRI_412_z028,Breast_MRI_412,4,0,duke,0.17526789,train,42,weighted,False
Breast_MRI_412_z029,Breast_MRI_412,4,0,duke,0.18087539,train,42,weighted,False
Breast_MRI_435_z010,Breast_MRI_435,4,0,duke,0.540912,train,42,weighted,False
Breast_MRI_435_z011,Breast_MRI_435,4,0,duke,0.5406273,train,42,weighted,False
Breast_MRI_435_z012,Breast_MRI_435,4,0,duke,0.5400374,train,42,weighted,False
Breast_MRI_435_z013,Breast_MRI_435,4,0,duke,0.540502,train,42,weighted,False
Breast_MRI_435_z014,Breast_MRI_435,4,0,duke,0.540912,train,42,weighted,False
Breast_MRI_435_z015,Breast_MRI_435,4,0,duke,0.540912,train,42,weighted,False
Breast_MRI_435_z016,Breast_MRI_435,4,0,duke,0.540912,train,42,weighted,False
Breast_MRI_435_z017,Breast_MRI_435,4,0,duke,0.540912,train,42,weighted,False
Breast_MRI_435_z018,Breast_MRI_435,4,0,duke,0.540912,train,42,weighted,False
Breast_MRI_435_z019,Breast_MRI_435,4,0,duke,0.5414138,train,42,weighted,False
Breast_MRI_454_z014,Breast_MRI_454,4,0,duke,0.2190686,train,42,weighted,False
Breast_MRI_454_z015,Breast_MRI_454,4,0,duke,0.21901011,train,42,weighted,False
Breast_MRI_454_z016,Breast_MRI_454,4,0,duke,0.21899709,train,42,weighted,False
Breast_MRI_454_z017,Breast_MRI_454,4,0,duke,0.21884379,train,42,weighted,False
Breast_MRI_454_z018,Breast_MRI_454,4,0,duke,0.21861039,train,42,weighted,False
Breast_MRI_454_z019,Breast_MRI_454,4,0,duke,0.21850722,train,42,weighted,False
Breast_MRI_454_z020,Breast_MRI_454,4,0,duke,0.21836105,train,42,weighted,False
Breast_MRI_454_z021,Breast_MRI_454,4,0,duke,0.21827048,train,42,weighted,False
Breast_MRI_454_z022,Breast_MRI_454,4,0,duke,0.21839173,train,42,weighted,False
Breast_MRI_454_z023,Breast_MRI_454,4,0,duke,0.21845384,train,42,weighted,False
Breast_MRI_480_z016,Breast_MRI_480,4,0,duke,0.26576352,train,42,weighted,False
Breast_MRI_480_z017,Breast_MRI_480,4,0,duke,0.26479518,train,42,weighted,False
Breast_MRI_480_z018,Breast_MRI_480,4,0,duke,0.26340753,train,42,weighted,False
Breast_MRI_480_z019,Breast_MRI_480,4,0,duke,0.2625454,train,42,weighted,False
Breast_MRI_480_z020,Breast_MRI_480,4,0,duke,0.26251373,train,42,weighted,False
Breast_MRI_480_z021,Breast_MRI_480,4,0,duke,0.26207805,train,42,weighted,False
Breast_MRI_480_z022,Breast_MRI_480,4,0,duke,0.26184493,train,42,weighted,False
Breast_MRI_480_z023,Breast_MRI_480,4,0,duke,0.26180473,train,42,weighted,False
Breast_MRI_480_z024,Breast_MRI_480,4,0,duke,0.26231137,train,42,weighted,False
Breast_MRI_480_z025,Breast_MRI_480,4,0,duke,0.26324666,train,42,weighted,False
Breast_MRI_486_z008,Breast_MRI_486,4,0,duke,0.2586597,train,42,weighted,False
Breast_MRI_486_z009,Breast_MRI_486,4,0,duke,0.2433867,train,42,weighted,False
Breast_MRI_486_z010,Breast_MRI_486,4,0,duke,0.25417882,train,42,weighted,False
Breast_MRI_486_z011,Breast_MRI_486,4,0,duke,0.22399028,train,42,weighted,False
Breast_MRI_486_z012,Breast_MRI_486,4,0,duke,0.23684448,train,42,weighted,False
Breast_MRI_486_z013,Breast_MRI_486,4,0,duke,0.21409844,train,42,weighted,False
Breast_MRI_486_z014,Breast_MRI_486,4,0,duke,0.22035977,train,42,weighted,False
Breast_MRI_486_z015,Breast_MRI_486,4,0,duke,0.21369386,train,42,weighted,False
Breast_MRI_486_z016,Breast_MRI_486,4,0,duke,0.20318992,train,42,weighted,False
Breast_MRI_486_z017,Breast_MRI_486,4,0,duke,0.17655095,train,42,weighted,False
Breast_MRI_521_z015,Breast_MRI_521,4,0,duke,0.099754214,train,42,weighted,False
Breast_MRI_521_z016,Breast_MRI_521,4,0,duke,0.100722246,train,42,weighted,False
Breast_MRI_521_z017,Breast_MRI_521,4,0,duke,0.09825239,train,42,weighted,False
Breast_MRI_521_z018,Breast_MRI_521,4,0,duke,0.09296999,train,42,weighted,False
Breast_MRI_521_z019,Breast_MRI_521,4,0,duke,0.09639825,train,42,weighted,False
Breast_MRI_521_z020,Breast_MRI_521,4,0,duke,0.09549871,train,42,weighted,False
Breast_MRI_521_z021,Breast_MRI_521,4,0,duke,0.090730086,train,42,weighted,False
Breast_MRI_521_z022,Breast_MRI_521,4,0,duke,0.08585813,train,42,weighted,False
Breast_MRI_521_z023,Breast_MRI_521,4,0,duke,0.086842194,train,42,weighted,False
Breast_MRI_521_z024,Breast_MRI_521,4,0,duke,0.084755905,train,42,weighted,False
Breast_MRI_525_z011,Breast_MRI_525,4,1,duke,0.8418098,train,42,weighted,False
Breast_MRI_525_z012,Breast_MRI_525,4,1,duke,0.8436108,train,42,weighted,False
Breast_MRI_525_z013,Breast_MRI_525,4,1,duke,0.8406088,train,42,weighted,False
Breast_MRI_525_z014,Breast_MRI_525,4,1,duke,0.83789355,train,42,weighted,False
Breast_MRI_525_z015,Breast_MRI_525,4,1,duke,0.8345709,train,42,weighted,False
Breast_MRI_525_z016,Breast_MRI_525,4,1,duke,0.8327033,train,42,weighted,False
Breast_MRI_525_z017,Breast_MRI_525,4,1,duke,0.8318963,train,42,weighted,False
Breast_MRI_525_z018,Breast_MRI_525,4,1,duke,0.83087623,train,42,weighted,False
Breast_MRI_525_z019,Breast_MRI_525,4,1,duke,0.82718587,train,42,weighted,False
Breast_MRI_525_z020,Breast_MRI_525,4,1,duke,0.82123995,train,42,weighted,False
Breast_MRI_559_z010,Breast_MRI_559,4,1,duke,0.8216927,train,42,weighted,False
Breast_MRI_559_z011,Breast_MRI_559,4,1,duke,0.81769335,train,42,weighted,False
Breast_MRI_559_z012,Breast_MRI_559,4,1,duke,0.81635064,train,42,weighted,False
Breast_MRI_559_z013,Breast_MRI_559,4,1,duke,0.81484544,train,42,weighted,False
Breast_MRI_559_z014,Breast_MRI_559,4,1,duke,0.8124591,train,42,weighted,False
Breast_MRI_559_z015,Breast_MRI_559,4,1,duke,0.80708694,train,42,weighted,False
Breast_MRI_559_z016,Breast_MRI_559,4,1,duke,0.8083908,train,42,weighted,False
Breast_MRI_559_z017,Breast_MRI_559,4,1,duke,0.8090224,train,42,weighted,False
Breast_MRI_559_z018,Breast_MRI_559,4,1,duke,0.80739516,train,42,weighted,False
Breast_MRI_559_z019,Breast_MRI_559,4,1,duke,0.8149948,train,42,weighted,False
Breast_MRI_585_z005,Breast_MRI_585,4,0,duke,0.2710187,train,42,weighted,False
Breast_MRI_585_z006,Breast_MRI_585,4,0,duke,0.27994493,train,42,weighted,False
Breast_MRI_585_z007,Breast_MRI_585,4,0,duke,0.2821957,train,42,weighted,False
Breast_MRI_585_z008,Breast_MRI_585,4,0,duke,0.28450656,train,42,weighted,False
Breast_MRI_585_z009,Breast_MRI_585,4,0,duke,0.2877863,train,42,weighted,False
Breast_MRI_585_z010,Breast_MRI_585,4,0,duke,0.29620725,train,42,weighted,False
Breast_MRI_585_z011,Breast_MRI_585,4,0,duke,0.29376817,train,42,weighted,False
Breast_MRI_585_z012,Breast_MRI_585,4,0,duke,0.28956658,train,42,weighted,False
Breast_MRI_585_z013,Breast_MRI_585,4,0,duke,0.30091172,train,42,weighted,False
Breast_MRI_585_z014,Breast_MRI_585,4,0,duke,0.3070392,train,42,weighted,False
Breast_MRI_597_z019,Breast_MRI_597,4,0,duke,0.21008305,train,42,weighted,False
Breast_MRI_597_z020,Breast_MRI_597,4,0,duke,0.1996021,train,42,weighted,False
Breast_MRI_597_z021,Breast_MRI_597,4,0,duke,0.1853838,train,42,weighted,False
Breast_MRI_597_z022,Breast_MRI_597,4,0,duke,0.17832042,train,42,weighted,False
Breast_MRI_597_z023,Breast_MRI_597,4,0,duke,0.1749011,train,42,weighted,False
Breast_MRI_597_z024,Breast_MRI_597,4,0,duke,0.1782114,train,42,weighted,False
Breast_MRI_597_z025,Breast_MRI_597,4,0,duke,0.17873338,train,42,weighted,False
Breast_MRI_597_z026,Breast_MRI_597,4,0,duke,0.17187938,train,42,weighted,False
Breast_MRI_597_z027,Breast_MRI_597,4,0,duke,0.1636753,train,42,weighted,False
Breast_MRI_597_z028,Breast_MRI_597,4,0,duke,0.15534255,train,42,weighted,False
Breast_MRI_609_z010,Breast_MRI_609,4,0,duke,0.17719728,train,42,weighted,False
Breast_MRI_609_z011,Breast_MRI_609,4,0,duke,0.19199325,train,42,weighted,False
Breast_MRI_609_z012,Breast_MRI_609,4,0,duke,0.19806576,train,42,weighted,False
Breast_MRI_609_z013,Breast_MRI_609,4,0,duke,0.20285866,train,42,weighted,False
Breast_MRI_609_z014,Breast_MRI_609,4,0,duke,0.21397741,train,42,weighted,False
Breast_MRI_609_z015,Breast_MRI_609,4,0,duke,0.22361916,train,42,weighted,False
Breast_MRI_609_z016,Breast_MRI_609,4,0,duke,0.22610627,train,42,weighted,False
Breast_MRI_609_z017,Breast_MRI_609,4,0,duke,0.22633593,train,42,weighted,False
Breast_MRI_609_z018,Breast_MRI_609,4,0,duke,0.22657514,train,42,weighted,False
Breast_MRI_609_z019,Breast_MRI_609,4,0,duke,0.22645317,train,42,weighted,False
Breast_MRI_623_z003,Breast_MRI_623,4,0,duke,0.35554695,train,42,weighted,False
Breast_MRI_623_z004,Breast_MRI_623,4,0,duke,0.3560378,train,42,weighted,False
Breast_MRI_623_z005,Breast_MRI_623,4,0,duke,0.35556555,train,42,weighted,False
Breast_MRI_623_z006,Breast_MRI_623,4,0,duke,0.35531503,train,42,weighted,False
Breast_MRI_623_z007,Breast_MRI_623,4,0,duke,0.35529256,train,42,weighted,False
Breast_MRI_623_z008,Breast_MRI_623,4,0,duke,0.35526443,train,42,weighted,False
Breast_MRI_623_z009,Breast_MRI_623,4,0,duke,0.35504583,train,42,weighted,False
Breast_MRI_623_z010,Breast_MRI_623,4,0,duke,0.354866,train,42,weighted,False
Breast_MRI_623_z011,Breast_MRI_623,4,0,duke,0.3550951,train,42,weighted,False
Breast_MRI_623_z012,Breast_MRI_623,4,0,duke,0.35489568,train,42,weighted,False
Breast_MRI_640_z013,Breast_MRI_640,4,0,duke,0.27377462,train,42,weighted,False
Breast_MRI_640_z014,Breast_MRI_640,4,0,duke,0.2740953,train,42,weighted,False
Breast_MRI_640_z015,Breast_MRI_640,4,0,duke,0.27444762,train,42,weighted,False
Breast_MRI_640_z016,Breast_MRI_640,4,0,duke,0.2751627,train,42,weighted,False
Breast_MRI_640_z017,Breast_MRI_640,4,0,duke,0.2759077,train,42,weighted,False
Breast_MRI_640_z018,Breast_MRI_640,4,0,duke,0.27445656,train,42,weighted,False
Breast_MRI_640_z019,Breast_MRI_640,4,0,duke,0.27310598,train,42,weighted,False
Breast_MRI_640_z020,Breast_MRI_640,4,0,duke,0.27277347,train,42,weighted,False
Breast_MRI_640_z021,Breast_MRI_640,4,0,duke,0.2733639,train,42,weighted,False
Breast_MRI_640_z022,Breast_MRI_640,4,0,duke,0.27334824,train,42,weighted,False
Breast_MRI_660_z011,Breast_MRI_660,4,0,duke,0.63918364,train,42,weighted,False
Breast_MRI_660_z012,Breast_MRI_660,4,0,duke,0.6365939,train,42,weighted,False
Breast_MRI_660_z013,Breast_MRI_660,4,0,duke,0.64135283,train,42,weighted,False
Breast_MRI_660_z014,Breast_MRI_660,4,0,duke,0.6085881,train,42,weighted,False
Breast_MRI_660_z015,Breast_MRI_660,4,0,duke,0.572516,train,42,weighted,False
Breast_MRI_660_z016,Breast_MRI_660,4,0,duke,0.56874084,train,42,weighted,False
Breast_MRI_660_z017,Breast_MRI_660,4,0,duke,0.5520618,train,42,weighted,False
Breast_MRI_660_z018,Breast_MRI_660,4,0,duke,0.5544183,train,42,weighted,False
Breast_MRI_660_z019,Breast_MRI_660,4,0,duke,0.58374083,train,42,weighted,False
Breast_MRI_660_z020,Breast_MRI_660,4,0,duke,0.5904529,train,42,weighted,False
Breast_MRI_666_z010,Breast_MRI_666,4,0,duke,0.5729675,train,42,weighted,False
Breast_MRI_666_z011,Breast_MRI_666,4,0,duke,0.56139606,train,42,weighted,False
Breast_MRI_666_z012,Breast_MRI_666,4,0,duke,0.56309056,train,42,weighted,False
Breast_MRI_666_z013,Breast_MRI_666,4,0,duke,0.55511564,train,42,weighted,False
Breast_MRI_666_z014,Breast_MRI_666,4,0,duke,0.54514766,train,42,weighted,False
Breast_MRI_666_z015,Breast_MRI_666,4,0,duke,0.5290984,train,42,weighted,False
Breast_MRI_666_z016,Breast_MRI_666,4,0,duke,0.5202807,train,42,weighted,False
Breast_MRI_666_z017,Breast_MRI_666,4,0,duke,0.5081084,train,42,weighted,False
Breast_MRI_666_z018,Breast_MRI_666,4,0,duke,0.48766497,train,42,weighted,False
Breast_MRI_666_z019,Breast_MRI_666,4,0,duke,0.48953813,train,42,weighted,False
Breast_MRI_685_z019,Breast_MRI_685,4,0,duke,0.15001309,train,42,weighted,False
Breast_MRI_685_z020,Breast_MRI_685,4,0,duke,0.14755094,train,42,weighted,False
Breast_MRI_685_z021,Breast_MRI_685,4,0,duke,0.1541373,train,42,weighted,False
Breast_MRI_685_z022,Breast_MRI_685,4,0,duke,0.14501038,train,42,weighted,False
Breast_MRI_685_z023,Breast_MRI_685,4,0,duke,0.14179178,train,42,weighted,False
Breast_MRI_685_z024,Breast_MRI_685,4,0,duke,0.14286065,train,42,weighted,False
Breast_MRI_685_z025,Breast_MRI_685,4,0,duke,0.14888881,train,42,weighted,False
Breast_MRI_685_z026,Breast_MRI_685,4,0,duke,0.15181905,train,42,weighted,False
Breast_MRI_685_z027,Breast_MRI_685,4,0,duke,0.15563864,train,42,weighted,False
Breast_MRI_685_z028,Breast_MRI_685,4,0,duke,0.14682359,train,42,weighted,False
Breast_MRI_717_z032,Breast_MRI_717,4,0,duke,0.36680073,train,42,weighted,False
Breast_MRI_717_z033,Breast_MRI_717,4,0,duke,0.3656211,train,42,weighted,False
Breast_MRI_717_z034,Breast_MRI_717,4,0,duke,0.36519524,train,42,weighted,False
Breast_MRI_717_z035,Breast_MRI_717,4,0,duke,0.36571077,train,42,weighted,False
Breast_MRI_717_z036,Breast_MRI_717,4,0,duke,0.36652252,train,42,weighted,False
Breast_MRI_717_z037,Breast_MRI_717,4,0,duke,0.3665521,train,42,weighted,False
Breast_MRI_717_z038,Breast_MRI_717,4,0,duke,0.36630565,train,42,weighted,False
Breast_MRI_717_z039,Breast_MRI_717,4,0,duke,0.36673957,train,42,weighted,False
Breast_MRI_717_z040,Breast_MRI_717,4,0,duke,0.36620998,train,42,weighted,False
Breast_MRI_717_z041,Breast_MRI_717,4,0,duke,0.36589625,train,42,weighted,False
Breast_MRI_758_z003,Breast_MRI_758,4,0,duke,0.8539828,train,42,weighted,False
Breast_MRI_758_z004,Breast_MRI_758,4,0,duke,0.8538004,train,42,weighted,False
Breast_MRI_758_z005,Breast_MRI_758,4,0,duke,0.8536084,train,42,weighted,False
Breast_MRI_758_z006,Breast_MRI_758,4,0,duke,0.8534116,train,42,weighted,False
Breast_MRI_758_z007,Breast_MRI_758,4,0,duke,0.85327536,train,42,weighted,False
Breast_MRI_758_z008,Breast_MRI_758,4,0,duke,0.85289,train,42,weighted,False
Breast_MRI_758_z009,Breast_MRI_758,4,0,duke,0.8526581,train,42,weighted,False
Breast_MRI_758_z010,Breast_MRI_758,4,0,duke,0.852756,train,42,weighted,False
Breast_MRI_758_z011,Breast_MRI_758,4,0,duke,0.85313237,train,42,weighted,False
Breast_MRI_758_z012,Breast_MRI_758,4,0,duke,0.85341257,train,42,weighted,False
Breast_MRI_789_z009,Breast_MRI_789,4,0,duke,0.26166934,train,42,weighted,False
Breast_MRI_789_z010,Breast_MRI_789,4,0,duke,0.24776302,train,42,weighted,False
Breast_MRI_789_z011,Breast_MRI_789,4,0,duke,0.24258496,train,42,weighted,False
Breast_MRI_789_z012,Breast_MRI_789,4,0,duke,0.24844345,train,42,weighted,False
Breast_MRI_789_z013,Breast_MRI_789,4,0,duke,0.26115087,train,42,weighted,False
Breast_MRI_789_z014,Breast_MRI_789,4,0,duke,0.27153996,train,42,weighted,False
Breast_MRI_789_z015,Breast_MRI_789,4,0,duke,0.266161,train,42,weighted,False
Breast_MRI_789_z016,Breast_MRI_789,4,0,duke,0.2561685,train,42,weighted,False
Breast_MRI_789_z017,Breast_MRI_789,4,0,duke,0.2560535,train,42,weighted,False
Breast_MRI_789_z018,Breast_MRI_789,4,0,duke,0.26677904,train,42,weighted,False
Breast_MRI_816_z003,Breast_MRI_816,4,0,duke,0.39482725,train,42,weighted,False
Breast_MRI_816_z004,Breast_MRI_816,4,0,duke,0.39568755,train,42,weighted,False
Breast_MRI_816_z005,Breast_MRI_816,4,0,duke,0.3963885,train,42,weighted,False
Breast_MRI_816_z006,Breast_MRI_816,4,0,duke,0.39641374,train,42,weighted,False
Breast_MRI_816_z007,Breast_MRI_816,4,0,duke,0.39609846,train,42,weighted,False
Breast_MRI_816_z008,Breast_MRI_816,4,0,duke,0.39577666,train,42,weighted,False
Breast_MRI_816_z009,Breast_MRI_816,4,0,duke,0.39612457,train,42,weighted,False
Breast_MRI_816_z010,Breast_MRI_816,4,0,duke,0.39672607,train,42,weighted,False
Breast_MRI_816_z011,Breast_MRI_816,4,0,duke,0.39643642,train,42,weighted,False
Breast_MRI_816_z012,Breast_MRI_816,4,0,duke,0.3955624,train,42,weighted,False
Breast_MRI_851_z008,Breast_MRI_851,4,0,duke,0.18438916,train,42,weighted,False
Breast_MRI_851_z009,Breast_MRI_851,4,0,duke,0.18594143,train,42,weighted,False
Breast_MRI_851_z010,Breast_MRI_851,4,0,duke,0.18943696,train,42,weighted,False
Breast_MRI_851_z011,Breast_MRI_851,4,0,duke,0.19673833,train,42,weighted,False
Breast_MRI_851_z012,Breast_MRI_851,4,0,duke,0.19505894,train,42,weighted,False
Breast_MRI_851_z013,Breast_MRI_851,4,0,duke,0.1942255,train,42,weighted,False
Breast_MRI_851_z014,Breast_MRI_851,4,0,duke,0.19821697,train,42,weighted,False
Breast_MRI_851_z015,Breast_MRI_851,4,0,duke,0.18979868,train,42,weighted,False
Breast_MRI_851_z016,Breast_MRI_851,4,0,duke,0.18861194,train,42,weighted,False
Breast_MRI_851_z017,Breast_MRI_851,4,0,duke,0.18283917,train,42,weighted,False
Breast_MRI_865_z008,Breast_MRI_865,4,0,duke,0.33251667,train,42,weighted,False
Breast_MRI_865_z009,Breast_MRI_865,4,0,duke,0.3325478,train,42,weighted,False
Breast_MRI_865_z010,Breast_MRI_865,4,0,duke,0.33249295,train,42,weighted,False
Breast_MRI_865_z011,Breast_MRI_865,4,0,duke,0.3324034,train,42,weighted,False
Breast_MRI_865_z012,Breast_MRI_865,4,0,duke,0.3323133,train,42,weighted,False
Breast_MRI_865_z013,Breast_MRI_865,4,0,duke,0.33233938,train,42,weighted,False
Breast_MRI_865_z014,Breast_MRI_865,4,0,duke,0.33239,train,42,weighted,False
Breast_MRI_865_z015,Breast_MRI_865,4,0,duke,0.3323172,train,42,weighted,False
Breast_MRI_865_z016,Breast_MRI_865,4,0,duke,0.33230522,train,42,weighted,False
Breast_MRI_865_z017,Breast_MRI_865,4,0,duke,0.33229488,train,42,weighted,False
Breast_MRI_891_z004,Breast_MRI_891,4,0,duke,0.70812094,train,42,weighted,False
Breast_MRI_891_z005,Breast_MRI_891,4,0,duke,0.7083448,train,42,weighted,False
Breast_MRI_891_z006,Breast_MRI_891,4,0,duke,0.70840687,train,42,weighted,False
Breast_MRI_891_z007,Breast_MRI_891,4,0,duke,0.70817715,train,42,weighted,False
Breast_MRI_891_z008,Breast_MRI_891,4,0,duke,0.7080738,train,42,weighted,False
Breast_MRI_891_z009,Breast_MRI_891,4,0,duke,0.70769817,train,42,weighted,False
Breast_MRI_891_z010,Breast_MRI_891,4,0,duke,0.7073103,train,42,weighted,False
Breast_MRI_891_z011,Breast_MRI_891,4,0,duke,0.70710075,train,42,weighted,False
Breast_MRI_891_z012,Breast_MRI_891,4,0,duke,0.7071309,train,42,weighted,False
Breast_MRI_891_z013,Breast_MRI_891,4,0,duke,0.7072925,train,42,weighted,False
Breast_MRI_901_z010,Breast_MRI_901,4,0,duke,0.19964881,train,42,weighted,False
Breast_MRI_901_z011,Breast_MRI_901,4,0,duke,0.19949742,train,42,weighted,False
Breast_MRI_901_z012,Breast_MRI_901,4,0,duke,0.19945434,train,42,weighted,False
Breast_MRI_901_z013,Breast_MRI_901,4,0,duke,0.1996547,train,42,weighted,False
Breast_MRI_901_z014,Breast_MRI_901,4,0,duke,0.19945572,train,42,weighted,False
Breast_MRI_901_z015,Breast_MRI_901,4,0,duke,0.1994443,train,42,weighted,False
Breast_MRI_901_z016,Breast_MRI_901,4,0,duke,0.19962351,train,42,weighted,False
Breast_MRI_901_z017,Breast_MRI_901,4,0,duke,0.19983703,train,42,weighted,False
Breast_MRI_901_z018,Breast_MRI_901,4,0,duke,0.19986401,train,42,weighted,False
Breast_MRI_901_z019,Breast_MRI_901,4,0,duke,0.19980624,train,42,weighted,False
ISPY2-111881_z016,ISPY2-111881,4,1,spy2,0.5459404,train,42,weighted,False
ISPY2-111881_z017,ISPY2-111881,4,1,spy2,0.54408824,train,42,weighted,False
ISPY2-111881_z018,ISPY2-111881,4,1,spy2,0.5471981,train,42,weighted,False
ISPY2-111881_z019,ISPY2-111881,4,1,spy2,0.55103815,train,42,weighted,False
ISPY2-111881_z020,ISPY2-111881,4,1,spy2,0.55182606,train,42,weighted,False
ISPY2-111881_z021,ISPY2-111881,4,1,spy2,0.5536672,train,42,weighted,False
ISPY2-111881_z022,ISPY2-111881,4,1,spy2,0.5556308,train,42,weighted,False
ISPY2-111881_z023,ISPY2-111881,4,1,spy2,0.56042874,train,42,weighted,False
ISPY2-111881_z024,ISPY2-111881,4,1,spy2,0.575166,train,42,weighted,False
ISPY2-111881_z025,ISPY2-111881,4,1,spy2,0.5991288,train,42,weighted,False
ISPY2-243836_z007,ISPY2-243836,4,1,spy2,0.35724643,train,42,weighted,False
ISPY2-243836_z008,ISPY2-243836,4,1,spy2,0.3572578,train,42,weighted,False
ISPY2-243836_z009,ISPY2-243836,4,1,spy2,0.35717303,train,42,weighted,False
ISPY2-243836_z010,ISPY2-243836,4,1,spy2,0.35716343,train,42,weighted,False
ISPY2-243836_z011,ISPY2-243836,4,1,spy2,0.3572134,train,42,weighted,False
ISPY2-243836_z012,ISPY2-243836,4,1,spy2,0.35732356,train,42,weighted,False
ISPY2-243836_z013,ISPY2-243836,4,1,spy2,0.35748157,train,42,weighted,False
ISPY2-243836_z014,ISPY2-243836,4,1,spy2,0.35752568,train,42,weighted,False
ISPY2-243836_z015,ISPY2-243836,4,1,spy2,0.3573619,train,42,weighted,False
ISPY2-243836_z016,ISPY2-243836,4,1,spy2,0.35744902,train,42,weighted,False
ISPY2-611662_z008,ISPY2-611662,4,0,spy2,0.71388483,train,42,weighted,False
ISPY2-611662_z009,ISPY2-611662,4,0,spy2,0.71302396,train,42,weighted,False
ISPY2-611662_z010,ISPY2-611662,4,0,spy2,0.71160614,train,42,weighted,False
ISPY2-611662_z011,ISPY2-611662,4,0,spy2,0.70775706,train,42,weighted,False
ISPY2-611662_z012,ISPY2-611662,4,0,spy2,0.6645997,train,42,weighted,False
ISPY2-611662_z013,ISPY2-611662,4,0,spy2,0.66583085,train,42,weighted,False
ISPY2-611662_z014,ISPY2-611662,4,0,spy2,0.66834867,train,42,weighted,False
ISPY2-611662_z015,ISPY2-611662,4,0,spy2,0.6623628,train,42,weighted,False
ISPY2-611662_z016,ISPY2-611662,4,0,spy2,0.66641235,train,42,weighted,False
ISPY2-611662_z017,ISPY2-611662,4,0,spy2,0.68595296,train,42,weighted,False
ISPY2-685753_z005,ISPY2-685753,4,0,spy2,0.2846132,train,42,weighted,False
ISPY2-685753_z006,ISPY2-685753,4,0,spy2,0.28542268,train,42,weighted,False
ISPY2-685753_z007,ISPY2-685753,4,0,spy2,0.28521556,train,42,weighted,False
ISPY2-685753_z008,ISPY2-685753,4,0,spy2,0.28468156,train,42,weighted,False
ISPY2-685753_z009,ISPY2-685753,4,0,spy2,0.28467512,train,42,weighted,False
ISPY2-685753_z010,ISPY2-685753,4,0,spy2,0.28445318,train,42,weighted,False
ISPY2-685753_z011,ISPY2-685753,4,0,spy2,0.28417125,train,42,weighted,False
ISPY2-685753_z012,ISPY2-685753,4,0,spy2,0.2842275,train,42,weighted,False
ISPY2-685753_z013,ISPY2-685753,4,0,spy2,0.28483173,train,42,weighted,False
ISPY2-685753_z014,ISPY2-685753,4,0,spy2,0.28584978,train,42,weighted,False
ISPY2-629210_z011,ISPY2-629210,4,0,spy2,0.19587727,train,42,weighted,False
ISPY2-629210_z012,ISPY2-629210,4,0,spy2,0.19598119,train,42,weighted,False
ISPY2-629210_z013,ISPY2-629210,4,0,spy2,0.19600423,train,42,weighted,False
ISPY2-629210_z014,ISPY2-629210,4,0,spy2,0.1958742,train,42,weighted,False
ISPY2-629210_z015,ISPY2-629210,4,0,spy2,0.1959125,train,42,weighted,False
ISPY2-629210_z016,ISPY2-629210,4,0,spy2,0.19603288,train,42,weighted,False
ISPY2-629210_z017,ISPY2-629210,4,0,spy2,0.19616747,train,42,weighted,False
ISPY2-629210_z024,ISPY2-629210,4,0,spy2,0.19570693,train,42,weighted,False
ISPY2-629210_z025,ISPY2-629210,4,0,spy2,0.19556926,train,42,weighted,False
ISPY2-629210_z026,ISPY2-629210,4,0,spy2,0.19552724,train,42,weighted,False
ISPY2-373672_z033,ISPY2-373672,4,0,spy2,0.30291533,train,42,weighted,False
ISPY2-373672_z034,ISPY2-373672,4,0,spy2,0.30291533,train,42,weighted,False
ISPY2-373672_z035,ISPY2-373672,4,0,spy2,0.30291533,train,42,weighted,False
ISPY2-373672_z036,ISPY2-373672,4,0,spy2,0.30291533,train,42,weighted,False
ISPY2-373672_z037,ISPY2-373672,4,0,spy2,0.30291533,train,42,weighted,False
ISPY2-373672_z038,ISPY2-373672,4,0,spy2,0.30291533,train,42,weighted,False
ISPY2-373672_z039,ISPY2-373672,4,0,spy2,0.30291533,train,42,weighted,False
ISPY2-373672_z040,ISPY2-373672,4,0,spy2,0.30291533,train,42,weighted,False
ISPY2-373672_z041,ISPY2-373672,4,0,spy2,0.30294552,train,42,weighted,False
ISPY2-373672_z042,ISPY2-373672,4,0,spy2,0.30298895,train,42,weighted,False
ACRIN-6698-326433_z012,ACRIN-6698-326433,4,1,spy2,0.7376839,train,42,weighted,False
ACRIN-6698-326433_z013,ACRIN-6698-326433,4,1,spy2,0.73691416,train,42,weighted,False
ACRIN-6698-326433_z017,ACRIN-6698-326433,4,1,spy2,0.73475784,train,42,weighted,False
ACRIN-6698-326433_z018,ACRIN-6698-326433,4,1,spy2,0.734581,train,42,weighted,False
ACRIN-6698-326433_z019,ACRIN-6698-326433,4,1,spy2,0.73452836,train,42,weighted,False
ACRIN-6698-326433_z020,ACRIN-6698-326433,4,1,spy2,0.73455274,train,42,weighted,False
ACRIN-6698-326433_z021,ACRIN-6698-326433,4,1,spy2,0.7347364,train,42,weighted,False
ACRIN-6698-326433_z022,ACRIN-6698-326433,4,1,spy2,0.7351507,train,42,weighted,False
ACRIN-6698-326433_z023,ACRIN-6698-326433,4,1,spy2,0.735824,train,42,weighted,False
ACRIN-6698-326433_z024,ACRIN-6698-326433,4,1,spy2,0.7365064,train,42,weighted,False
ISPY2-574091_z003,ISPY2-574091,4,1,spy2,0.65022606,train,42,weighted,False
ISPY2-574091_z004,ISPY2-574091,4,1,spy2,0.6500143,train,42,weighted,False
ISPY2-574091_z005,ISPY2-574091,4,1,spy2,0.64939845,train,42,weighted,False
ISPY2-574091_z006,ISPY2-574091,4,1,spy2,0.64947593,train,42,weighted,False
ISPY2-574091_z007,ISPY2-574091,4,1,spy2,0.6496108,train,42,weighted,False
ISPY2-574091_z008,ISPY2-574091,4,1,spy2,0.64942175,train,42,weighted,False
ISPY2-574091_z009,ISPY2-574091,4,1,spy2,0.64992356,train,42,weighted,False
ISPY2-574091_z010,ISPY2-574091,4,1,spy2,0.6501458,train,42,weighted,False
ISPY2-574091_z011,ISPY2-574091,4,1,spy2,0.65022355,train,42,weighted,False
ISPY2-574091_z012,ISPY2-574091,4,1,spy2,0.65032035,train,42,weighted,False
ISPY2-221375_z013,ISPY2-221375,4,0,spy2,0.17141104,train,42,weighted,False
ISPY2-221375_z014,ISPY2-221375,4,0,spy2,0.16142021,train,42,weighted,False
ISPY2-221375_z015,ISPY2-221375,4,0,spy2,0.17393692,train,42,weighted,False
ISPY2-221375_z018,ISPY2-221375,4,0,spy2,0.20131072,train,42,weighted,False
ISPY2-221375_z019,ISPY2-221375,4,0,spy2,0.20259109,train,42,weighted,False
ISPY2-221375_z020,ISPY2-221375,4,0,spy2,0.20101303,train,42,weighted,False
ISPY2-221375_z021,ISPY2-221375,4,0,spy2,0.20505732,train,42,weighted,False
ISPY2-221375_z022,ISPY2-221375,4,0,spy2,0.20586704,train,42,weighted,False
ISPY2-221375_z025,ISPY2-221375,4,0,spy2,0.20636381,train,42,weighted,False
ISPY2-221375_z026,ISPY2-221375,4,0,spy2,0.20534286,train,42,weighted,False
ISPY2-847272_z018,ISPY2-847272,4,0,spy2,0.39048663,train,42,weighted,False
ISPY2-847272_z019,ISPY2-847272,4,0,spy2,0.3900239,train,42,weighted,False
ISPY2-847272_z020,ISPY2-847272,4,0,spy2,0.389754,train,42,weighted,False
ISPY2-847272_z021,ISPY2-847272,4,0,spy2,0.38975054,train,42,weighted,False
ISPY2-847272_z022,ISPY2-847272,4,0,spy2,0.39023066,train,42,weighted,False
ISPY2-847272_z023,ISPY2-847272,4,0,spy2,0.39012936,train,42,weighted,False
ISPY2-847272_z024,ISPY2-847272,4,0,spy2,0.38966143,train,42,weighted,False
ISPY2-847272_z025,ISPY2-847272,4,0,spy2,0.38950223,train,42,weighted,False
ISPY2-847272_z026,ISPY2-847272,4,0,spy2,0.3894636,train,42,weighted,False
ISPY2-847272_z027,ISPY2-847272,4,0,spy2,0.38925475,train,42,weighted,False
ACRIN-6698-949444_z037,ACRIN-6698-949444,4,0,spy2,0.54677397,train,42,weighted,False
ACRIN-6698-949444_z038,ACRIN-6698-949444,4,0,spy2,0.54662997,train,42,weighted,False
ACRIN-6698-949444_z039,ACRIN-6698-949444,4,0,spy2,0.54714274,train,42,weighted,False
ACRIN-6698-949444_z040,ACRIN-6698-949444,4,0,spy2,0.54817826,train,42,weighted,False
ACRIN-6698-949444_z041,ACRIN-6698-949444,4,0,spy2,0.54880244,train,42,weighted,False
ACRIN-6698-949444_z042,ACRIN-6698-949444,4,0,spy2,0.54940253,train,42,weighted,False
ACRIN-6698-949444_z043,ACRIN-6698-949444,4,0,spy2,0.54986036,train,42,weighted,False
ACRIN-6698-949444_z044,ACRIN-6698-949444,4,0,spy2,0.54987776,train,42,weighted,False
ACRIN-6698-949444_z046,ACRIN-6698-949444,4,0,spy2,0.54956806,train,42,weighted,False
ACRIN-6698-949444_z047,ACRIN-6698-949444,4,0,spy2,0.5494335,train,42,weighted,False
ACRIN-6698-753109_z008,ACRIN-6698-753109,4,1,spy2,0.5382625,train,42,weighted,False
ACRIN-6698-753109_z009,ACRIN-6698-753109,4,1,spy2,0.538481,train,42,weighted,False
ACRIN-6698-753109_z010,ACRIN-6698-753109,4,1,spy2,0.5290381,train,42,weighted,False
ACRIN-6698-753109_z011,ACRIN-6698-753109,4,1,spy2,0.5277253,train,42,weighted,False
ACRIN-6698-753109_z012,ACRIN-6698-753109,4,1,spy2,0.5573587,train,42,weighted,False
ACRIN-6698-753109_z013,ACRIN-6698-753109,4,1,spy2,0.5397691,train,42,weighted,False
ACRIN-6698-753109_z014,ACRIN-6698-753109,4,1,spy2,0.5453678,train,42,weighted,False
ACRIN-6698-753109_z015,ACRIN-6698-753109,4,1,spy2,0.5336564,train,42,weighted,False
ACRIN-6698-753109_z028,ACRIN-6698-753109,4,1,spy2,0.5178646,train,42,weighted,False
ACRIN-6698-753109_z029,ACRIN-6698-753109,4,1,spy2,0.50648785,train,42,weighted,False
ISPY2-494946_z016,ISPY2-494946,4,1,spy2,0.5314051,train,42,weighted,False
ISPY2-494946_z017,ISPY2-494946,4,1,spy2,0.53136855,train,42,weighted,False
ISPY2-494946_z018,ISPY2-494946,4,1,spy2,0.5312165,train,42,weighted,False
ISPY2-494946_z019,ISPY2-494946,4,1,spy2,0.5311161,train,42,weighted,False
ISPY2-494946_z020,ISPY2-494946,4,1,spy2,0.53110176,train,42,weighted,False
ISPY2-494946_z021,ISPY2-494946,4,1,spy2,0.5311336,train,42,weighted,False
ISPY2-494946_z022,ISPY2-494946,4,1,spy2,0.5312887,train,42,weighted,False
ISPY2-494946_z023,ISPY2-494946,4,1,spy2,0.53137565,train,42,weighted,False
ISPY2-494946_z024,ISPY2-494946,4,1,spy2,0.531306,train,42,weighted,False
ISPY2-494946_z025,ISPY2-494946,4,1,spy2,0.5313622,train,42,weighted,False
ACRIN-6698-220925_z017,ACRIN-6698-220925,4,0,spy2,0.7913824,train,42,weighted,False
ACRIN-6698-220925_z018,ACRIN-6698-220925,4,0,spy2,0.79114985,train,42,weighted,False
ACRIN-6698-220925_z019,ACRIN-6698-220925,4,0,spy2,0.79058516,train,42,weighted,False
ACRIN-6698-220925_z027,ACRIN-6698-220925,4,0,spy2,0.79125226,train,42,weighted,False
ACRIN-6698-220925_z028,ACRIN-6698-220925,4,0,spy2,0.7912924,train,42,weighted,False
ACRIN-6698-220925_z029,ACRIN-6698-220925,4,0,spy2,0.7910837,train,42,weighted,False
ACRIN-6698-220925_z030,ACRIN-6698-220925,4,0,spy2,0.7912863,train,42,weighted,False
ACRIN-6698-220925_z031,ACRIN-6698-220925,4,0,spy2,0.79133743,train,42,weighted,False
ACRIN-6698-220925_z032,ACRIN-6698-220925,4,0,spy2,0.7915091,train,42,weighted,False
ACRIN-6698-220925_z033,ACRIN-6698-220925,4,0,spy2,0.7914241,train,42,weighted,False
ISPY2-167271_z004,ISPY2-167271,4,0,spy2,0.5882704,train,42,weighted,False
ISPY2-167271_z005,ISPY2-167271,4,0,spy2,0.5712349,train,42,weighted,False
ISPY2-167271_z006,ISPY2-167271,4,0,spy2,0.5473337,train,42,weighted,False
ISPY2-167271_z007,ISPY2-167271,4,0,spy2,0.5507484,train,42,weighted,False
ISPY2-167271_z008,ISPY2-167271,4,0,spy2,0.5852332,train,42,weighted,False
ISPY2-167271_z009,ISPY2-167271,4,0,spy2,0.61191016,train,42,weighted,False
ISPY2-167271_z010,ISPY2-167271,4,0,spy2,0.6091701,train,42,weighted,False
ISPY2-167271_z011,ISPY2-167271,4,0,spy2,0.5984558,train,42,weighted,False
ISPY2-167271_z012,ISPY2-167271,4,0,spy2,0.5884675,train,42,weighted,False
ISPY2-167271_z013,ISPY2-167271,4,0,spy2,0.56920564,train,42,weighted,False
ISPY2-884266_z016,ISPY2-884266,4,0,spy2,0.189048,train,42,weighted,False
ISPY2-884266_z017,ISPY2-884266,4,0,spy2,0.19030364,train,42,weighted,False
ISPY2-884266_z018,ISPY2-884266,4,0,spy2,0.1904923,train,42,weighted,False
ISPY2-884266_z019,ISPY2-884266,4,0,spy2,0.19111204,train,42,weighted,False
ISPY2-884266_z020,ISPY2-884266,4,0,spy2,0.1910112,train,42,weighted,False
ISPY2-884266_z021,ISPY2-884266,4,0,spy2,0.19056326,train,42,weighted,False
ISPY2-884266_z022,ISPY2-884266,4,0,spy2,0.19086353,train,42,weighted,False
ISPY2-884266_z023,ISPY2-884266,4,0,spy2,0.19084755,train,42,weighted,False
ISPY2-884266_z024,ISPY2-884266,4,0,spy2,0.19038713,train,42,weighted,False
ISPY2-884266_z025,ISPY2-884266,4,0,spy2,0.1901981,train,42,weighted,False
ACRIN-6698-641697_z014,ACRIN-6698-641697,4,0,spy2,0.37834945,train,42,weighted,False
ACRIN-6698-641697_z015,ACRIN-6698-641697,4,0,spy2,0.37837294,train,42,weighted,False
ACRIN-6698-641697_z016,ACRIN-6698-641697,4,0,spy2,0.3792935,train,42,weighted,False
ACRIN-6698-641697_z017,ACRIN-6698-641697,4,0,spy2,0.3810385,train,42,weighted,False
ACRIN-6698-641697_z018,ACRIN-6698-641697,4,0,spy2,0.38158065,train,42,weighted,False
ACRIN-6698-641697_z019,ACRIN-6698-641697,4,0,spy2,0.38210124,train,42,weighted,False
ACRIN-6698-641697_z020,ACRIN-6698-641697,4,0,spy2,0.38259158,train,42,weighted,False
ACRIN-6698-641697_z021,ACRIN-6698-641697,4,0,spy2,0.38312602,train,42,weighted,False
ACRIN-6698-641697_z022,ACRIN-6698-641697,4,0,spy2,0.38372517,train,42,weighted,False
ACRIN-6698-641697_z023,ACRIN-6698-641697,4,0,spy2,0.38397065,train,42,weighted,False
ISPY2-672734_z011,ISPY2-672734,4,0,spy2,0.25158796,train,42,weighted,False
ISPY2-672734_z012,ISPY2-672734,4,0,spy2,0.2553528,train,42,weighted,False
ISPY2-672734_z013,ISPY2-672734,4,0,spy2,0.25767317,train,42,weighted,False
ISPY2-672734_z014,ISPY2-672734,4,0,spy2,0.27573007,train,42,weighted,False
ISPY2-672734_z015,ISPY2-672734,4,0,spy2,0.28802258,train,42,weighted,False
ISPY2-672734_z016,ISPY2-672734,4,0,spy2,0.2915012,train,42,weighted,False
ISPY2-672734_z017,ISPY2-672734,4,0,spy2,0.31381133,train,42,weighted,False
ISPY2-672734_z018,ISPY2-672734,4,0,spy2,0.31430253,train,42,weighted,False
ISPY2-672734_z019,ISPY2-672734,4,0,spy2,0.31402665,train,42,weighted,False
ISPY2-672734_z020,ISPY2-672734,4,0,spy2,0.3160829,train,42,weighted,False
ISPY2-828199_z039,ISPY2-828199,4,0,spy2,0.27561742,train,42,weighted,False
ISPY2-828199_z040,ISPY2-828199,4,0,spy2,0.2755113,train,42,weighted,False
ISPY2-828199_z041,ISPY2-828199,4,0,spy2,0.27559566,train,42,weighted,False
ISPY2-828199_z049,ISPY2-828199,4,0,spy2,0.27725637,train,42,weighted,False
ISPY2-828199_z050,ISPY2-828199,4,0,spy2,0.27637222,train,42,weighted,False
ISPY2-828199_z051,ISPY2-828199,4,0,spy2,0.2755906,train,42,weighted,False
ISPY2-828199_z052,ISPY2-828199,4,0,spy2,0.2751438,train,42,weighted,False
ISPY2-828199_z053,ISPY2-828199,4,0,spy2,0.2748507,train,42,weighted,False
ISPY2-828199_z054,ISPY2-828199,4,0,spy2,0.27474147,train,42,weighted,False
ISPY2-828199_z055,ISPY2-828199,4,0,spy2,0.27551258,train,42,weighted,False
ISPY2-986734_z047,ISPY2-986734,4,0,spy2,0.2639546,train,42,weighted,False
ISPY2-986734_z048,ISPY2-986734,4,0,spy2,0.2579259,train,42,weighted,False
ISPY2-986734_z049,ISPY2-986734,4,0,spy2,0.26090255,train,42,weighted,False
ISPY2-986734_z050,ISPY2-986734,4,0,spy2,0.26481622,train,42,weighted,False
ISPY2-986734_z051,ISPY2-986734,4,0,spy2,0.26088715,train,42,weighted,False
ISPY2-986734_z052,ISPY2-986734,4,0,spy2,0.25639728,train,42,weighted,False
ISPY2-986734_z053,ISPY2-986734,4,0,spy2,0.2558806,train,42,weighted,False
ISPY2-986734_z054,ISPY2-986734,4,0,spy2,0.25866485,train,42,weighted,False
ISPY2-986734_z055,ISPY2-986734,4,0,spy2,0.25834724,train,42,weighted,False
ISPY2-986734_z056,ISPY2-986734,4,0,spy2,0.26404795,train,42,weighted,False
ISPY2-802105_z017,ISPY2-802105,4,0,spy2,0.20040701,train,42,weighted,False
ISPY2-802105_z018,ISPY2-802105,4,0,spy2,0.19912735,train,42,weighted,False
ISPY2-802105_z019,ISPY2-802105,4,0,spy2,0.19857982,train,42,weighted,False
ISPY2-802105_z020,ISPY2-802105,4,0,spy2,0.19900933,train,42,weighted,False
ISPY2-802105_z021,ISPY2-802105,4,0,spy2,0.19890858,train,42,weighted,False
ISPY2-802105_z022,ISPY2-802105,4,0,spy2,0.19833916,train,42,weighted,False
ISPY2-802105_z023,ISPY2-802105,4,0,spy2,0.19892606,train,42,weighted,False
ISPY2-802105_z024,ISPY2-802105,4,0,spy2,0.19987838,train,42,weighted,False
ISPY2-802105_z025,ISPY2-802105,4,0,spy2,0.20086208,train,42,weighted,False
ISPY2-802105_z028,ISPY2-802105,4,0,spy2,0.20083246,train,42,weighted,False
ISPY2-257735_z004,ISPY2-257735,4,0,spy2,0.47782224,train,42,weighted,False
ISPY2-257735_z005,ISPY2-257735,4,0,spy2,0.47440523,train,42,weighted,False
ISPY2-257735_z006,ISPY2-257735,4,0,spy2,0.48333403,train,42,weighted,False
ISPY2-257735_z007,ISPY2-257735,4,0,spy2,0.50255877,train,42,weighted,False
ISPY2-257735_z008,ISPY2-257735,4,0,spy2,0.5164797,train,42,weighted,False
ISPY2-257735_z009,ISPY2-257735,4,0,spy2,0.52956116,train,42,weighted,False
ISPY2-257735_z010,ISPY2-257735,4,0,spy2,0.550423,train,42,weighted,False
ISPY2-257735_z011,ISPY2-257735,4,0,spy2,0.5542177,train,42,weighted,False
ISPY2-257735_z012,ISPY2-257735,4,0,spy2,0.5540786,train,42,weighted,False
ISPY2-257735_z013,ISPY2-257735,4,0,spy2,0.561118,train,42,weighted,False
ISPY2-229824_z052,ISPY2-229824,4,0,spy2,0.19552593,train,42,weighted,False
ISPY2-229824_z053,ISPY2-229824,4,0,spy2,0.19574879,train,42,weighted,False
ISPY2-229824_z054,ISPY2-229824,4,0,spy2,0.19604473,train,42,weighted,False
ISPY2-229824_z055,ISPY2-229824,4,0,spy2,0.19591513,train,42,weighted,False
ISPY2-229824_z056,ISPY2-229824,4,0,spy2,0.19600962,train,42,weighted,False
ISPY2-229824_z057,ISPY2-229824,4,0,spy2,0.1960544,train,42,weighted,False
ISPY2-229824_z058,ISPY2-229824,4,0,spy2,0.19621912,train,42,weighted,False
ISPY2-229824_z059,ISPY2-229824,4,0,spy2,0.19648334,train,42,weighted,False
ISPY2-229824_z060,ISPY2-229824,4,0,spy2,0.19655207,train,42,weighted,False
ISPY2-229824_z061,ISPY2-229824,4,0,spy2,0.19646771,train,42,weighted,False
ACRIN-6698-152090_z010,ACRIN-6698-152090,4,1,spy2,0.3322923,train,42,weighted,False
ACRIN-6698-152090_z011,ACRIN-6698-152090,4,1,spy2,0.33312422,train,42,weighted,False
ACRIN-6698-152090_z012,ACRIN-6698-152090,4,1,spy2,0.33324504,train,42,weighted,False
ACRIN-6698-152090_z013,ACRIN-6698-152090,4,1,spy2,0.335239,train,42,weighted,False
ACRIN-6698-152090_z014,ACRIN-6698-152090,4,1,spy2,0.33676633,train,42,weighted,False
ACRIN-6698-152090_z015,ACRIN-6698-152090,4,1,spy2,0.3375704,train,42,weighted,False
ACRIN-6698-152090_z021,ACRIN-6698-152090,4,1,spy2,0.33384842,train,42,weighted,False
ACRIN-6698-152090_z022,ACRIN-6698-152090,4,1,spy2,0.33421844,train,42,weighted,False
ACRIN-6698-152090_z023,ACRIN-6698-152090,4,1,spy2,0.33528727,train,42,weighted,False
ACRIN-6698-152090_z024,ACRIN-6698-152090,4,1,spy2,0.3356708,train,42,weighted,False
ISPY2-515281_z012,ISPY2-515281,4,0,spy2,0.2102109,train,42,weighted,False
ISPY2-515281_z013,ISPY2-515281,4,0,spy2,0.21013401,train,42,weighted,False
ISPY2-515281_z014,ISPY2-515281,4,0,spy2,0.2102701,train,42,weighted,False
ISPY2-515281_z015,ISPY2-515281,4,0,spy2,0.21018927,train,42,weighted,False
ISPY2-515281_z016,ISPY2-515281,4,0,spy2,0.20990326,train,42,weighted,False
ISPY2-515281_z017,ISPY2-515281,4,0,spy2,0.20975707,train,42,weighted,False
ISPY2-515281_z018,ISPY2-515281,4,0,spy2,0.20977405,train,42,weighted,False
ISPY2-515281_z019,ISPY2-515281,4,0,spy2,0.2098989,train,42,weighted,False
ISPY2-515281_z021,ISPY2-515281,4,0,spy2,0.20994492,train,42,weighted,False
ISPY2-515281_z022,ISPY2-515281,4,0,spy2,0.20977734,train,42,weighted,False
ISPY2-105513_z018,ISPY2-105513,4,1,spy2,0.15367755,train,42,weighted,False
ISPY2-105513_z019,ISPY2-105513,4,1,spy2,0.15575355,train,42,weighted,False
ISPY2-105513_z020,ISPY2-105513,4,1,spy2,0.15845962,train,42,weighted,False
ISPY2-105513_z021,ISPY2-105513,4,1,spy2,0.15968549,train,42,weighted,False
ISPY2-105513_z022,ISPY2-105513,4,1,spy2,0.155663,train,42,weighted,False
ISPY2-105513_z023,ISPY2-105513,4,1,spy2,0.14869484,train,42,weighted,False
ISPY2-105513_z024,ISPY2-105513,4,1,spy2,0.14722055,train,42,weighted,False
ISPY2-105513_z025,ISPY2-105513,4,1,spy2,0.15072137,train,42,weighted,False
ISPY2-105513_z026,ISPY2-105513,4,1,spy2,0.1534513,train,42,weighted,False
ISPY2-105513_z027,ISPY2-105513,4,1,spy2,0.15690778,train,42,weighted,False
ISPY2-501303_z012,ISPY2-501303,4,1,spy2,0.78933376,train,42,weighted,False
ISPY2-501303_z013,ISPY2-501303,4,1,spy2,0.78936857,train,42,weighted,False
ISPY2-501303_z014,ISPY2-501303,4,1,spy2,0.7894591,train,42,weighted,False
ISPY2-501303_z015,ISPY2-501303,4,1,spy2,0.78950447,train,42,weighted,False
ISPY2-501303_z016,ISPY2-501303,4,1,spy2,0.7894731,train,42,weighted,False
ISPY2-501303_z017,ISPY2-501303,4,1,spy2,0.78945005,train,42,weighted,False
ISPY2-501303_z018,ISPY2-501303,4,1,spy2,0.789544,train,42,weighted,False
ISPY2-501303_z019,ISPY2-501303,4,1,spy2,0.78965104,train,42,weighted,False
ISPY2-501303_z020,ISPY2-501303,4,1,spy2,0.7896342,train,42,weighted,False
ISPY2-501303_z021,ISPY2-501303,4,1,spy2,0.7895844,train,42,weighted,False
ISPY2-431061_z008,ISPY2-431061,4,0,spy2,0.25366923,train,42,weighted,False
ISPY2-431061_z009,ISPY2-431061,4,0,spy2,0.2561165,train,42,weighted,False
ISPY2-431061_z010,ISPY2-431061,4,0,spy2,0.2562236,train,42,weighted,False
ISPY2-431061_z011,ISPY2-431061,4,0,spy2,0.25685948,train,42,weighted,False
ISPY2-431061_z012,ISPY2-431061,4,0,spy2,0.25703606,train,42,weighted,False
ISPY2-431061_z013,ISPY2-431061,4,0,spy2,0.25757545,train,42,weighted,False
ISPY2-431061_z014,ISPY2-431061,4,0,spy2,0.25811863,train,42,weighted,False
ISPY2-431061_z015,ISPY2-431061,4,0,spy2,0.2575106,train,42,weighted,False
ISPY2-431061_z016,ISPY2-431061,4,0,spy2,0.25673145,train,42,weighted,False
ISPY2-431061_z017,ISPY2-431061,4,0,spy2,0.25556824,train,42,weighted,False
ISPY2-568953_z010,ISPY2-568953,4,0,spy2,0.17767382,train,42,weighted,False
ISPY2-568953_z011,ISPY2-568953,4,0,spy2,0.1773978,train,42,weighted,False
ISPY2-568953_z012,ISPY2-568953,4,0,spy2,0.17716028,train,42,weighted,False
ISPY2-568953_z013,ISPY2-568953,4,0,spy2,0.17681801,train,42,weighted,False
ISPY2-568953_z014,ISPY2-568953,4,0,spy2,0.17654093,train,42,weighted,False
ISPY2-568953_z015,ISPY2-568953,4,0,spy2,0.17618509,train,42,weighted,False
ISPY2-568953_z016,ISPY2-568953,4,0,spy2,0.17607766,train,42,weighted,False
ISPY2-568953_z017,ISPY2-568953,4,0,spy2,0.17607766,train,42,weighted,False
ISPY2-568953_z018,ISPY2-568953,4,0,spy2,0.17607766,train,42,weighted,False
ISPY2-568953_z019,ISPY2-568953,4,0,spy2,0.1757267,train,42,weighted,False
ACRIN-6698-863161_z019,ACRIN-6698-863161,4,1,spy2,0.78164256,train,42,weighted,False
ACRIN-6698-863161_z020,ACRIN-6698-863161,4,1,spy2,0.7815805,train,42,weighted,False
ACRIN-6698-863161_z021,ACRIN-6698-863161,4,1,spy2,0.7816476,train,42,weighted,False
ACRIN-6698-863161_z022,ACRIN-6698-863161,4,1,spy2,0.7817616,train,42,weighted,False
ACRIN-6698-863161_z023,ACRIN-6698-863161,4,1,spy2,0.78174686,train,42,weighted,False
ACRIN-6698-863161_z024,ACRIN-6698-863161,4,1,spy2,0.78193754,train,42,weighted,False
ACRIN-6698-863161_z025,ACRIN-6698-863161,4,1,spy2,0.78263277,train,42,weighted,False
ACRIN-6698-863161_z026,ACRIN-6698-863161,4,1,spy2,0.7839697,train,42,weighted,False
ACRIN-6698-863161_z027,ACRIN-6698-863161,4,1,spy2,0.7842575,train,42,weighted,False
ACRIN-6698-863161_z028,ACRIN-6698-863161,4,1,spy2,0.7842309,train,42,weighted,False
ACRIN-6698-401215_z005,ACRIN-6698-401215,4,0,spy2,0.33216837,train,42,weighted,False
ACRIN-6698-401215_z006,ACRIN-6698-401215,4,0,spy2,0.33186993,train,42,weighted,False
ACRIN-6698-401215_z007,ACRIN-6698-401215,4,0,spy2,0.3306815,train,42,weighted,False
ACRIN-6698-401215_z008,ACRIN-6698-401215,4,0,spy2,0.32681713,train,42,weighted,False
ACRIN-6698-401215_z009,ACRIN-6698-401215,4,0,spy2,0.31893712,train,42,weighted,False
ACRIN-6698-401215_z010,ACRIN-6698-401215,4,0,spy2,0.3150332,train,42,weighted,False
ACRIN-6698-401215_z011,ACRIN-6698-401215,4,0,spy2,0.32197964,train,42,weighted,False
ACRIN-6698-401215_z012,ACRIN-6698-401215,4,0,spy2,0.31752425,train,42,weighted,False
ACRIN-6698-401215_z013,ACRIN-6698-401215,4,0,spy2,0.3249531,train,42,weighted,False
ACRIN-6698-401215_z014,ACRIN-6698-401215,4,0,spy2,0.32635912,train,42,weighted,False
ISPY2-473365_z005,ISPY2-473365,4,0,spy2,0.15417601,train,42,weighted,False
ISPY2-473365_z006,ISPY2-473365,4,0,spy2,0.15393957,train,42,weighted,False
ISPY2-473365_z007,ISPY2-473365,4,0,spy2,0.13756238,train,42,weighted,False
ISPY2-473365_z008,ISPY2-473365,4,0,spy2,0.1313185,train,42,weighted,False
ISPY2-473365_z009,ISPY2-473365,4,0,spy2,0.12079523,train,42,weighted,False
ISPY2-473365_z010,ISPY2-473365,4,0,spy2,0.10128252,train,42,weighted,False
ISPY2-473365_z011,ISPY2-473365,4,0,spy2,0.08644288,train,42,weighted,False
ISPY2-473365_z012,ISPY2-473365,4,0,spy2,0.082818635,train,42,weighted,False
ISPY2-473365_z013,ISPY2-473365,4,0,spy2,0.08680057,train,42,weighted,False
ISPY2-473365_z014,ISPY2-473365,4,0,spy2,0.089628406,train,42,weighted,False
ACRIN-6698-432114_z008,ACRIN-6698-432114,4,1,spy2,0.48802334,train,42,weighted,False
ACRIN-6698-432114_z012,ACRIN-6698-432114,4,1,spy2,0.5193171,train,42,weighted,False
ACRIN-6698-432114_z013,ACRIN-6698-432114,4,1,spy2,0.5121776,train,42,weighted,False
ACRIN-6698-432114_z014,ACRIN-6698-432114,4,1,spy2,0.50742596,train,42,weighted,False
ACRIN-6698-432114_z015,ACRIN-6698-432114,4,1,spy2,0.5066167,train,42,weighted,False
ACRIN-6698-432114_z016,ACRIN-6698-432114,4,1,spy2,0.5152485,train,42,weighted,False
ACRIN-6698-432114_z017,ACRIN-6698-432114,4,1,spy2,0.52777094,train,42,weighted,False
ACRIN-6698-432114_z018,ACRIN-6698-432114,4,1,spy2,0.5346468,train,42,weighted,False
ACRIN-6698-432114_z019,ACRIN-6698-432114,4,1,spy2,0.53681594,train,42,weighted,False
ACRIN-6698-432114_z020,ACRIN-6698-432114,4,1,spy2,0.5371973,train,42,weighted,False
ISPY2-614434_z003,ISPY2-614434,4,1,spy2,0.55702096,train,42,weighted,False
ISPY2-614434_z004,ISPY2-614434,4,1,spy2,0.5560458,train,42,weighted,False
ISPY2-614434_z005,ISPY2-614434,4,1,spy2,0.54829067,train,42,weighted,False
ISPY2-614434_z006,ISPY2-614434,4,1,spy2,0.5501457,train,42,weighted,False
ISPY2-614434_z007,ISPY2-614434,4,1,spy2,0.5517055,train,42,weighted,False
ISPY2-614434_z008,ISPY2-614434,4,1,spy2,0.5540808,train,42,weighted,False
ISPY2-614434_z009,ISPY2-614434,4,1,spy2,0.5561043,train,42,weighted,False
ISPY2-614434_z010,ISPY2-614434,4,1,spy2,0.55078864,train,42,weighted,False
ISPY2-614434_z011,ISPY2-614434,4,1,spy2,0.541472,train,42,weighted,False
ISPY2-614434_z012,ISPY2-614434,4,1,spy2,0.5300659,train,42,weighted,False
ISPY2-521860_z040,ISPY2-521860,4,0,spy2,0.49310097,train,42,weighted,False
ISPY2-521860_z041,ISPY2-521860,4,0,spy2,0.4927116,train,42,weighted,False
ISPY2-521860_z042,ISPY2-521860,4,0,spy2,0.4925523,train,42,weighted,False
ISPY2-521860_z043,ISPY2-521860,4,0,spy2,0.4924107,train,42,weighted,False
ISPY2-521860_z044,ISPY2-521860,4,0,spy2,0.49225894,train,42,weighted,False
ISPY2-521860_z046,ISPY2-521860,4,0,spy2,0.49278834,train,42,weighted,False
ISPY2-521860_z047,ISPY2-521860,4,0,spy2,0.49276832,train,42,weighted,False
ISPY2-521860_z048,ISPY2-521860,4,0,spy2,0.49241138,train,42,weighted,False
ISPY2-521860_z059,ISPY2-521860,4,0,spy2,0.49157664,train,42,weighted,False
ISPY2-521860_z060,ISPY2-521860,4,0,spy2,0.49164566,train,42,weighted,False
ACRIN-6698-239910_z018,ACRIN-6698-239910,4,0,spy2,0.58686185,train,42,weighted,False
ACRIN-6698-239910_z019,ACRIN-6698-239910,4,0,spy2,0.58611363,train,42,weighted,False
ACRIN-6698-239910_z020,ACRIN-6698-239910,4,0,spy2,0.5856272,train,42,weighted,False
ACRIN-6698-239910_z021,ACRIN-6698-239910,4,0,spy2,0.58579904,train,42,weighted,False
ACRIN-6698-239910_z022,ACRIN-6698-239910,4,0,spy2,0.58654886,train,42,weighted,False
ACRIN-6698-239910_z023,ACRIN-6698-239910,4,0,spy2,0.58686876,train,42,weighted,False
ACRIN-6698-239910_z024,ACRIN-6698-239910,4,0,spy2,0.5867848,train,42,weighted,False
ACRIN-6698-239910_z025,ACRIN-6698-239910,4,0,spy2,0.5870501,train,42,weighted,False
ACRIN-6698-239910_z026,ACRIN-6698-239910,4,0,spy2,0.5880693,train,42,weighted,False
ACRIN-6698-239910_z027,ACRIN-6698-239910,4,0,spy2,0.58869195,train,42,weighted,False
ISPY2-356399_z015,ISPY2-356399,4,0,spy2,0.18580478,train,42,weighted,False
ISPY2-356399_z016,ISPY2-356399,4,0,spy2,0.18009959,train,42,weighted,False
ISPY2-356399_z017,ISPY2-356399,4,0,spy2,0.17888543,train,42,weighted,False
ISPY2-356399_z018,ISPY2-356399,4,0,spy2,0.18058865,train,42,weighted,False
ISPY2-356399_z019,ISPY2-356399,4,0,spy2,0.18131085,train,42,weighted,False
ISPY2-356399_z020,ISPY2-356399,4,0,spy2,0.18132626,train,42,weighted,False
ISPY2-356399_z034,ISPY2-356399,4,0,spy2,0.21750876,train,42,weighted,False
ISPY2-356399_z035,ISPY2-356399,4,0,spy2,0.22330244,train,42,weighted,False
ISPY2-356399_z036,ISPY2-356399,4,0,spy2,0.23203039,train,42,weighted,False
ISPY2-356399_z037,ISPY2-356399,4,0,spy2,0.24509294,train,42,weighted,False
ISPY2-972307_z022,ISPY2-972307,4,0,spy2,0.18671972,train,42,weighted,False
ISPY2-972307_z023,ISPY2-972307,4,0,spy2,0.20724529,train,42,weighted,False
ISPY2-972307_z024,ISPY2-972307,4,0,spy2,0.22664556,train,42,weighted,False
ISPY2-972307_z025,ISPY2-972307,4,0,spy2,0.24102704,train,42,weighted,False
ISPY2-972307_z026,ISPY2-972307,4,0,spy2,0.2461111,train,42,weighted,False
ISPY2-972307_z027,ISPY2-972307,4,0,spy2,0.24696721,train,42,weighted,False
ISPY2-972307_z028,ISPY2-972307,4,0,spy2,0.24656735,train,42,weighted,False
ISPY2-972307_z029,ISPY2-972307,4,0,spy2,0.24812761,train,42,weighted,False
ISPY2-972307_z030,ISPY2-972307,4,0,spy2,0.25215748,train,42,weighted,False
ISPY2-972307_z031,ISPY2-972307,4,0,spy2,0.2553448,train,42,weighted,False
ACRIN-6698-786753_z046,ACRIN-6698-786753,4,0,spy2,0.6918974,train,42,weighted,False
ACRIN-6698-786753_z047,ACRIN-6698-786753,4,0,spy2,0.69598675,train,42,weighted,False
ACRIN-6698-786753_z048,ACRIN-6698-786753,4,0,spy2,0.6881647,train,42,weighted,False
ACRIN-6698-786753_z049,ACRIN-6698-786753,4,0,spy2,0.68520814,train,42,weighted,False
ACRIN-6698-786753_z050,ACRIN-6698-786753,4,0,spy2,0.68632716,train,42,weighted,False
ACRIN-6698-786753_z051,ACRIN-6698-786753,4,0,spy2,0.6788943,train,42,weighted,False
ACRIN-6698-786753_z052,ACRIN-6698-786753,4,0,spy2,0.6722487,train,42,weighted,False
ACRIN-6698-786753_z053,ACRIN-6698-786753,4,0,spy2,0.6596808,train,42,weighted,False
ACRIN-6698-786753_z054,ACRIN-6698-786753,4,0,spy2,0.66538066,train,42,weighted,False
ACRIN-6698-786753_z055,ACRIN-6698-786753,4,0,spy2,0.6971952,train,42,weighted,False
ISPY2-766301_z021,ISPY2-766301,4,0,spy2,0.17527556,train,42,weighted,False
ISPY2-766301_z022,ISPY2-766301,4,0,spy2,0.17337954,train,42,weighted,False
ISPY2-766301_z029,ISPY2-766301,4,0,spy2,0.17777961,train,42,weighted,False
ISPY2-766301_z030,ISPY2-766301,4,0,spy2,0.17769429,train,42,weighted,False
ISPY2-766301_z031,ISPY2-766301,4,0,spy2,0.17720012,train,42,weighted,False
ISPY2-766301_z032,ISPY2-766301,4,0,spy2,0.17529663,train,42,weighted,False
ISPY2-766301_z033,ISPY2-766301,4,0,spy2,0.16582334,train,42,weighted,False
ISPY2-766301_z035,ISPY2-766301,4,0,spy2,0.16960886,train,42,weighted,False
ISPY2-766301_z036,ISPY2-766301,4,0,spy2,0.16395439,train,42,weighted,False
ISPY2-766301_z037,ISPY2-766301,4,0,spy2,0.15842743,train,42,weighted,False
ACRIN-6698-654064_z021,ACRIN-6698-654064,4,0,spy2,0.2953434,train,42,weighted,False
ACRIN-6698-654064_z031,ACRIN-6698-654064,4,0,spy2,0.29923904,train,42,weighted,False
ACRIN-6698-654064_z032,ACRIN-6698-654064,4,0,spy2,0.29882616,train,42,weighted,False
ACRIN-6698-654064_z033,ACRIN-6698-654064,4,0,spy2,0.2973328,train,42,weighted,False
ACRIN-6698-654064_z034,ACRIN-6698-654064,4,0,spy2,0.2957482,train,42,weighted,False
ACRIN-6698-654064_z035,ACRIN-6698-654064,4,0,spy2,0.29597065,train,42,weighted,False
ACRIN-6698-654064_z036,ACRIN-6698-654064,4,0,spy2,0.2971692,train,42,weighted,False
ACRIN-6698-654064_z037,ACRIN-6698-654064,4,0,spy2,0.2974887,train,42,weighted,False
ACRIN-6698-654064_z038,ACRIN-6698-654064,4,0,spy2,0.29827532,train,42,weighted,False
ACRIN-6698-654064_z039,ACRIN-6698-654064,4,0,spy2,0.2993821,train,42,weighted,False
ACRIN-6698-929391_z003,ACRIN-6698-929391,4,0,spy2,0.39527252,train,42,weighted,False
ACRIN-6698-929391_z009,ACRIN-6698-929391,4,0,spy2,0.5615835,train,42,weighted,False
ACRIN-6698-929391_z010,ACRIN-6698-929391,4,0,spy2,0.57727253,train,42,weighted,False
ACRIN-6698-929391_z011,ACRIN-6698-929391,4,0,spy2,0.5674614,train,42,weighted,False
ACRIN-6698-929391_z012,ACRIN-6698-929391,4,0,spy2,0.57364076,train,42,weighted,False
ACRIN-6698-929391_z013,ACRIN-6698-929391,4,0,spy2,0.57921624,train,42,weighted,False
ACRIN-6698-929391_z014,ACRIN-6698-929391,4,0,spy2,0.5849633,train,42,weighted,False
ACRIN-6698-929391_z015,ACRIN-6698-929391,4,0,spy2,0.5859569,train,42,weighted,False
ACRIN-6698-929391_z016,ACRIN-6698-929391,4,0,spy2,0.5871471,train,42,weighted,False
ACRIN-6698-929391_z017,ACRIN-6698-929391,4,0,spy2,0.58662736,train,42,weighted,False
ACRIN-6698-894673_z044,ACRIN-6698-894673,4,0,spy2,0.5241303,train,42,weighted,False
ACRIN-6698-894673_z045,ACRIN-6698-894673,4,0,spy2,0.51537985,train,42,weighted,False
ACRIN-6698-894673_z046,ACRIN-6698-894673,4,0,spy2,0.511581,train,42,weighted,False
ACRIN-6698-894673_z047,ACRIN-6698-894673,4,0,spy2,0.51711124,train,42,weighted,False
ACRIN-6698-894673_z048,ACRIN-6698-894673,4,0,spy2,0.53133774,train,42,weighted,False
ACRIN-6698-894673_z049,ACRIN-6698-894673,4,0,spy2,0.538885,train,42,weighted,False
ACRIN-6698-894673_z050,ACRIN-6698-894673,4,0,spy2,0.54663396,train,42,weighted,False
ACRIN-6698-894673_z051,ACRIN-6698-894673,4,0,spy2,0.5525296,train,42,weighted,False
ACRIN-6698-894673_z052,ACRIN-6698-894673,4,0,spy2,0.55823606,train,42,weighted,False
ACRIN-6698-894673_z053,ACRIN-6698-894673,4,0,spy2,0.56227386,train,42,weighted,False
ISPY2-177795_z007,ISPY2-177795,4,1,spy2,0.534117,train,42,weighted,False
ISPY2-177795_z008,ISPY2-177795,4,1,spy2,0.53406376,train,42,weighted,False
ISPY2-177795_z009,ISPY2-177795,4,1,spy2,0.53400165,train,42,weighted,False
ISPY2-177795_z010,ISPY2-177795,4,1,spy2,0.5340341,train,42,weighted,False
ISPY2-177795_z011,ISPY2-177795,4,1,spy2,0.5340271,train,42,weighted,False
ISPY2-177795_z012,ISPY2-177795,4,1,spy2,0.53395575,train,42,weighted,False
ISPY2-177795_z013,ISPY2-177795,4,1,spy2,0.53411555,train,42,weighted,False
ISPY2-177795_z014,ISPY2-177795,4,1,spy2,0.53406346,train,42,weighted,False
ISPY2-177795_z015,ISPY2-177795,4,1,spy2,0.5339083,train,42,weighted,False
ISPY2-177795_z016,ISPY2-177795,4,1,spy2,0.53387654,train,42,weighted,False
ACRIN-6698-802308_z004,ACRIN-6698-802308,4,0,spy2,0.6314355,train,42,weighted,False
ACRIN-6698-802308_z005,ACRIN-6698-802308,4,0,spy2,0.6313377,train,42,weighted,False
ACRIN-6698-802308_z006,ACRIN-6698-802308,4,0,spy2,0.63082427,train,42,weighted,False
ACRIN-6698-802308_z007,ACRIN-6698-802308,4,0,spy2,0.6298694,train,42,weighted,False
ACRIN-6698-802308_z008,ACRIN-6698-802308,4,0,spy2,0.6287446,train,42,weighted,False
ACRIN-6698-802308_z009,ACRIN-6698-802308,4,0,spy2,0.6291991,train,42,weighted,False
ACRIN-6698-802308_z010,ACRIN-6698-802308,4,0,spy2,0.6302401,train,42,weighted,False
ACRIN-6698-802308_z011,ACRIN-6698-802308,4,0,spy2,0.6304503,train,42,weighted,False
ACRIN-6698-802308_z012,ACRIN-6698-802308,4,0,spy2,0.6302442,train,42,weighted,False
ACRIN-6698-802308_z014,ACRIN-6698-802308,4,0,spy2,0.6287865,train,42,weighted,False
ISPY2-130892_z011,ISPY2-130892,4,1,spy2,0.163701,train,42,weighted,False
ISPY2-130892_z012,ISPY2-130892,4,1,spy2,0.15883641,train,42,weighted,False
ISPY2-130892_z013,ISPY2-130892,4,1,spy2,0.15577252,train,42,weighted,False
ISPY2-130892_z014,ISPY2-130892,4,1,spy2,0.1547478,train,42,weighted,False
ISPY2-130892_z015,ISPY2-130892,4,1,spy2,0.15614195,train,42,weighted,False
ISPY2-130892_z016,ISPY2-130892,4,1,spy2,0.16176121,train,42,weighted,False
ISPY2-130892_z017,ISPY2-130892,4,1,spy2,0.17662975,train,42,weighted,False
ISPY2-130892_z018,ISPY2-130892,4,1,spy2,0.18572976,train,42,weighted,False
ISPY2-130892_z019,ISPY2-130892,4,1,spy2,0.19194514,train,42,weighted,False
ISPY2-130892_z020,ISPY2-130892,4,1,spy2,0.19887683,train,42,weighted,False
ACRIN-6698-342959_z031,ACRIN-6698-342959,4,1,spy2,0.5013932,train,42,weighted,False
ACRIN-6698-342959_z032,ACRIN-6698-342959,4,1,spy2,0.49872214,train,42,weighted,False
ACRIN-6698-342959_z033,ACRIN-6698-342959,4,1,spy2,0.50178015,train,42,weighted,False
ACRIN-6698-342959_z034,ACRIN-6698-342959,4,1,spy2,0.49924338,train,42,weighted,False
ACRIN-6698-342959_z035,ACRIN-6698-342959,4,1,spy2,0.5048556,train,42,weighted,False
ACRIN-6698-342959_z036,ACRIN-6698-342959,4,1,spy2,0.50817895,train,42,weighted,False
ACRIN-6698-342959_z037,ACRIN-6698-342959,4,1,spy2,0.5093408,train,42,weighted,False
ACRIN-6698-342959_z038,ACRIN-6698-342959,4,1,spy2,0.50924146,train,42,weighted,False
ACRIN-6698-342959_z039,ACRIN-6698-342959,4,1,spy2,0.5116487,train,42,weighted,False
ACRIN-6698-342959_z040,ACRIN-6698-342959,4,1,spy2,0.51146764,train,42,weighted,False
ACRIN-6698-587604_z018,ACRIN-6698-587604,4,0,spy2,0.51337606,train,42,weighted,False
ACRIN-6698-587604_z019,ACRIN-6698-587604,4,0,spy2,0.5146311,train,42,weighted,False
ACRIN-6698-587604_z020,ACRIN-6698-587604,4,0,spy2,0.5219268,train,42,weighted,False
ACRIN-6698-587604_z021,ACRIN-6698-587604,4,0,spy2,0.52996725,train,42,weighted,False
ACRIN-6698-587604_z022,ACRIN-6698-587604,4,0,spy2,0.539889,train,42,weighted,False
ACRIN-6698-587604_z023,ACRIN-6698-587604,4,0,spy2,0.5545637,train,42,weighted,False
ACRIN-6698-587604_z024,ACRIN-6698-587604,4,0,spy2,0.56622326,train,42,weighted,False
ACRIN-6698-587604_z025,ACRIN-6698-587604,4,0,spy2,0.5621897,train,42,weighted,False
ACRIN-6698-587604_z026,ACRIN-6698-587604,4,0,spy2,0.5616406,train,42,weighted,False
ACRIN-6698-587604_z027,ACRIN-6698-587604,4,0,spy2,0.5678766,train,42,weighted,False
ACRIN-6698-516834_z008,ACRIN-6698-516834,4,0,spy2,0.39878142,train,42,weighted,False
ACRIN-6698-516834_z009,ACRIN-6698-516834,4,0,spy2,0.40068176,train,42,weighted,False
ACRIN-6698-516834_z010,ACRIN-6698-516834,4,0,spy2,0.4013918,train,42,weighted,False
ACRIN-6698-516834_z011,ACRIN-6698-516834,4,0,spy2,0.4032096,train,42,weighted,False
ACRIN-6698-516834_z012,ACRIN-6698-516834,4,0,spy2,0.40423766,train,42,weighted,False
ACRIN-6698-516834_z013,ACRIN-6698-516834,4,0,spy2,0.4051281,train,42,weighted,False
ACRIN-6698-516834_z014,ACRIN-6698-516834,4,0,spy2,0.4057803,train,42,weighted,False
ACRIN-6698-516834_z015,ACRIN-6698-516834,4,0,spy2,0.4063807,train,42,weighted,False
ACRIN-6698-516834_z016,ACRIN-6698-516834,4,0,spy2,0.40715888,train,42,weighted,False
ACRIN-6698-516834_z017,ACRIN-6698-516834,4,0,spy2,0.4072355,train,42,weighted,False
ISPY2-318407_z016,ISPY2-318407,4,0,spy2,0.5546955,train,42,weighted,False
ISPY2-318407_z017,ISPY2-318407,4,0,spy2,0.55437446,train,42,weighted,False
ISPY2-318407_z018,ISPY2-318407,4,0,spy2,0.5539213,train,42,weighted,False
ISPY2-318407_z019,ISPY2-318407,4,0,spy2,0.55419874,train,42,weighted,False
ISPY2-318407_z020,ISPY2-318407,4,0,spy2,0.55431867,train,42,weighted,False
ISPY2-318407_z021,ISPY2-318407,4,0,spy2,0.55501145,train,42,weighted,False
ISPY2-318407_z022,ISPY2-318407,4,0,spy2,0.5561225,train,42,weighted,False
ISPY2-318407_z023,ISPY2-318407,4,0,spy2,0.5557211,train,42,weighted,False
ISPY2-318407_z024,ISPY2-318407,4,0,spy2,0.55493206,train,42,weighted,False
ISPY2-318407_z025,ISPY2-318407,4,0,spy2,0.5543071,train,42,weighted,False
ACRIN-6698-609151_z010,ACRIN-6698-609151,4,1,spy2,0.86826164,train,42,weighted,False
ACRIN-6698-609151_z012,ACRIN-6698-609151,4,1,spy2,0.8699662,train,42,weighted,False
ACRIN-6698-609151_z013,ACRIN-6698-609151,4,1,spy2,0.86999035,train,42,weighted,False
ACRIN-6698-609151_z014,ACRIN-6698-609151,4,1,spy2,0.87095445,train,42,weighted,False
ACRIN-6698-609151_z015,ACRIN-6698-609151,4,1,spy2,0.8715884,train,42,weighted,False
ACRIN-6698-609151_z016,ACRIN-6698-609151,4,1,spy2,0.87149495,train,42,weighted,False
ACRIN-6698-609151_z017,ACRIN-6698-609151,4,1,spy2,0.87142026,train,42,weighted,False
ACRIN-6698-609151_z018,ACRIN-6698-609151,4,1,spy2,0.87173617,train,42,weighted,False
ACRIN-6698-609151_z019,ACRIN-6698-609151,4,1,spy2,0.8718217,train,42,weighted,False
ACRIN-6698-609151_z020,ACRIN-6698-609151,4,1,spy2,0.8720218,train,42,weighted,False
ACRIN-6698-145777_z007,ACRIN-6698-145777,4,0,spy2,0.44379178,train,42,weighted,False
ACRIN-6698-145777_z008,ACRIN-6698-145777,4,0,spy2,0.44396752,train,42,weighted,False
ACRIN-6698-145777_z009,ACRIN-6698-145777,4,0,spy2,0.44360828,train,42,weighted,False
ACRIN-6698-145777_z010,ACRIN-6698-145777,4,0,spy2,0.44354066,train,42,weighted,False
ACRIN-6698-145777_z011,ACRIN-6698-145777,4,0,spy2,0.4440334,train,42,weighted,False
ACRIN-6698-145777_z012,ACRIN-6698-145777,4,0,spy2,0.44488096,train,42,weighted,False
ACRIN-6698-145777_z014,ACRIN-6698-145777,4,0,spy2,0.44660583,train,42,weighted,False
ACRIN-6698-145777_z015,ACRIN-6698-145777,4,0,spy2,0.4468949,train,42,weighted,False
ACRIN-6698-145777_z016,ACRIN-6698-145777,4,0,spy2,0.44656008,train,42,weighted,False
ACRIN-6698-145777_z017,ACRIN-6698-145777,4,0,spy2,0.44657093,train,42,weighted,False
ISPY2-575457_z013,ISPY2-575457,4,1,spy2,0.77285755,train,42,weighted,False
ISPY2-575457_z014,ISPY2-575457,4,1,spy2,0.771115,train,42,weighted,False
ISPY2-575457_z015,ISPY2-575457,4,1,spy2,0.77138895,train,42,weighted,False
ISPY2-575457_z016,ISPY2-575457,4,1,spy2,0.7724659,train,42,weighted,False
ISPY2-575457_z017,ISPY2-575457,4,1,spy2,0.77287364,train,42,weighted,False
ISPY2-575457_z018,ISPY2-575457,4,1,spy2,0.7726479,train,42,weighted,False
ISPY2-575457_z019,ISPY2-575457,4,1,spy2,0.7725169,train,42,weighted,False
ISPY2-575457_z020,ISPY2-575457,4,1,spy2,0.7730707,train,42,weighted,False
ISPY2-575457_z021,ISPY2-575457,4,1,spy2,0.773816,train,42,weighted,False
ISPY2-575457_z022,ISPY2-575457,4,1,spy2,0.7737515,train,42,weighted,False
ACRIN-6698-293142_z013,ACRIN-6698-293142,4,0,spy2,0.17989601,train,42,weighted,False
ACRIN-6698-293142_z014,ACRIN-6698-293142,4,0,spy2,0.18012159,train,42,weighted,False
ACRIN-6698-293142_z015,ACRIN-6698-293142,4,0,spy2,0.18026988,train,42,weighted,False
ACRIN-6698-293142_z016,ACRIN-6698-293142,4,0,spy2,0.18005729,train,42,weighted,False
ACRIN-6698-293142_z017,ACRIN-6698-293142,4,0,spy2,0.17959493,train,42,weighted,False
ACRIN-6698-293142_z018,ACRIN-6698-293142,4,0,spy2,0.17979139,train,42,weighted,False
ACRIN-6698-293142_z019,ACRIN-6698-293142,4,0,spy2,0.17978568,train,42,weighted,False
ACRIN-6698-293142_z020,ACRIN-6698-293142,4,0,spy2,0.17960769,train,42,weighted,False
ACRIN-6698-293142_z021,ACRIN-6698-293142,4,0,spy2,0.17961152,train,42,weighted,False
ACRIN-6698-293142_z022,ACRIN-6698-293142,4,0,spy2,0.1799196,train,42,weighted,False
ACRIN-6698-706639_z006,ACRIN-6698-706639,4,0,spy2,0.58209735,train,42,weighted,False
ACRIN-6698-706639_z007,ACRIN-6698-706639,4,0,spy2,0.57400256,train,42,weighted,False
ACRIN-6698-706639_z008,ACRIN-6698-706639,4,0,spy2,0.5672185,train,42,weighted,False
ACRIN-6698-706639_z009,ACRIN-6698-706639,4,0,spy2,0.58408004,train,42,weighted,False
ACRIN-6698-706639_z010,ACRIN-6698-706639,4,0,spy2,0.5736579,train,42,weighted,False
ACRIN-6698-706639_z011,ACRIN-6698-706639,4,0,spy2,0.5724199,train,42,weighted,False
ACRIN-6698-706639_z012,ACRIN-6698-706639,4,0,spy2,0.5686053,train,42,weighted,False
ACRIN-6698-706639_z013,ACRIN-6698-706639,4,0,spy2,0.5699197,train,42,weighted,False
ACRIN-6698-706639_z014,ACRIN-6698-706639,4,0,spy2,0.5611621,train,42,weighted,False
ACRIN-6698-706639_z015,ACRIN-6698-706639,4,0,spy2,0.5550726,train,42,weighted,False
ACRIN-6698-563681_z015,ACRIN-6698-563681,4,0,spy2,0.25547534,train,42,weighted,False
ACRIN-6698-563681_z016,ACRIN-6698-563681,4,0,spy2,0.25474736,train,42,weighted,False
ACRIN-6698-563681_z017,ACRIN-6698-563681,4,0,spy2,0.25398436,train,42,weighted,False
ACRIN-6698-563681_z018,ACRIN-6698-563681,4,0,spy2,0.25407442,train,42,weighted,False
ACRIN-6698-563681_z019,ACRIN-6698-563681,4,0,spy2,0.25344375,train,42,weighted,False
ACRIN-6698-563681_z020,ACRIN-6698-563681,4,0,spy2,0.2527916,train,42,weighted,False
ACRIN-6698-563681_z021,ACRIN-6698-563681,4,0,spy2,0.25264195,train,42,weighted,False
ACRIN-6698-563681_z022,ACRIN-6698-563681,4,0,spy2,0.25257057,train,42,weighted,False
ACRIN-6698-563681_z023,ACRIN-6698-563681,4,0,spy2,0.2523613,train,42,weighted,False
ACRIN-6698-563681_z024,ACRIN-6698-563681,4,0,spy2,0.25296664,train,42,weighted,False
ISPY2-282777_z004,ISPY2-282777,4,0,spy2,0.24832653,train,42,weighted,False
ISPY2-282777_z005,ISPY2-282777,4,0,spy2,0.24563761,train,42,weighted,False
ISPY2-282777_z006,ISPY2-282777,4,0,spy2,0.24064694,train,42,weighted,False
ISPY2-282777_z007,ISPY2-282777,4,0,spy2,0.23636109,train,42,weighted,False
ISPY2-282777_z008,ISPY2-282777,4,0,spy2,0.23808394,train,42,weighted,False
ISPY2-282777_z009,ISPY2-282777,4,0,spy2,0.24243416,train,42,weighted,False
ISPY2-282777_z010,ISPY2-282777,4,0,spy2,0.24621335,train,42,weighted,False
ISPY2-282777_z011,ISPY2-282777,4,0,spy2,0.24643217,train,42,weighted,False
ISPY2-282777_z012,ISPY2-282777,4,0,spy2,0.24643217,train,42,weighted,False
ISPY2-282777_z013,ISPY2-282777,4,0,spy2,0.24636598,train,42,weighted,False
ACRIN-6698-301665_z022,ACRIN-6698-301665,4,0,spy2,0.41780272,train,42,weighted,False
ACRIN-6698-301665_z023,ACRIN-6698-301665,4,0,spy2,0.41842842,train,42,weighted,False
ACRIN-6698-301665_z024,ACRIN-6698-301665,4,0,spy2,0.41991934,train,42,weighted,False
ACRIN-6698-301665_z025,ACRIN-6698-301665,4,0,spy2,0.42116222,train,42,weighted,False
ACRIN-6698-301665_z027,ACRIN-6698-301665,4,0,spy2,0.4209755,train,42,weighted,False
ACRIN-6698-301665_z028,ACRIN-6698-301665,4,0,spy2,0.42094472,train,42,weighted,False
ACRIN-6698-301665_z029,ACRIN-6698-301665,4,0,spy2,0.42040238,train,42,weighted,False
ACRIN-6698-301665_z030,ACRIN-6698-301665,4,0,spy2,0.41954383,train,42,weighted,False
ACRIN-6698-301665_z031,ACRIN-6698-301665,4,0,spy2,0.41916883,train,42,weighted,False
ACRIN-6698-301665_z032,ACRIN-6698-301665,4,0,spy2,0.41887325,train,42,weighted,False
ISPY2-930903_z012,ISPY2-930903,4,0,spy2,0.24354205,train,42,weighted,False
ISPY2-930903_z013,ISPY2-930903,4,0,spy2,0.24449553,train,42,weighted,False
ISPY2-930903_z014,ISPY2-930903,4,0,spy2,0.2458233,train,42,weighted,False
ISPY2-930903_z015,ISPY2-930903,4,0,spy2,0.2532717,train,42,weighted,False
ISPY2-930903_z016,ISPY2-930903,4,0,spy2,0.26416007,train,42,weighted,False
ISPY2-930903_z017,ISPY2-930903,4,0,spy2,0.26573813,train,42,weighted,False
ISPY2-930903_z018,ISPY2-930903,4,0,spy2,0.2642867,train,42,weighted,False
ISPY2-930903_z019,ISPY2-930903,4,0,spy2,0.26614693,train,42,weighted,False
ISPY2-930903_z020,ISPY2-930903,4,0,spy2,0.27554742,train,42,weighted,False
ISPY2-930903_z021,ISPY2-930903,4,0,spy2,0.28981993,train,42,weighted,False
ISPY2-333145_z014,ISPY2-333145,4,1,spy2,0.19901513,train,42,weighted,False
ISPY2-333145_z015,ISPY2-333145,4,1,spy2,0.1990805,train,42,weighted,False
ISPY2-333145_z016,ISPY2-333145,4,1,spy2,0.19922261,train,42,weighted,False
ISPY2-333145_z017,ISPY2-333145,4,1,spy2,0.19962962,train,42,weighted,False
ISPY2-333145_z018,ISPY2-333145,4,1,spy2,0.19962746,train,42,weighted,False
ISPY2-333145_z019,ISPY2-333145,4,1,spy2,0.1995019,train,42,weighted,False
ISPY2-333145_z020,ISPY2-333145,4,1,spy2,0.19912249,train,42,weighted,False
ISPY2-333145_z021,ISPY2-333145,4,1,spy2,0.19895601,train,42,weighted,False
ISPY2-333145_z022,ISPY2-333145,4,1,spy2,0.19894075,train,42,weighted,False
ISPY2-333145_z023,ISPY2-333145,4,1,spy2,0.19885552,train,42,weighted,False
ISPY2-912836_z003,ISPY2-912836,4,0,spy2,0.6174758,train,42,weighted,False
ISPY2-912836_z004,ISPY2-912836,4,0,spy2,0.5861763,train,42,weighted,False
ISPY2-912836_z005,ISPY2-912836,4,0,spy2,0.5315061,train,42,weighted,False
ISPY2-912836_z006,ISPY2-912836,4,0,spy2,0.4887786,train,42,weighted,False
ISPY2-912836_z007,ISPY2-912836,4,0,spy2,0.46219978,train,42,weighted,False
ISPY2-912836_z008,ISPY2-912836,4,0,spy2,0.46502385,train,42,weighted,False
ISPY2-912836_z009,ISPY2-912836,4,0,spy2,0.4878037,train,42,weighted,False
ISPY2-912836_z010,ISPY2-912836,4,0,spy2,0.5106051,train,42,weighted,False
ISPY2-912836_z011,ISPY2-912836,4,0,spy2,0.52576905,train,42,weighted,False
ISPY2-912836_z012,ISPY2-912836,4,0,spy2,0.54786676,train,42,weighted,False
ISPY2-572016_z016,ISPY2-572016,4,1,spy2,0.63907915,train,42,weighted,False
ISPY2-572016_z017,ISPY2-572016,4,1,spy2,0.63983023,train,42,weighted,False
ISPY2-572016_z018,ISPY2-572016,4,1,spy2,0.63995147,train,42,weighted,False
ISPY2-572016_z019,ISPY2-572016,4,1,spy2,0.63940495,train,42,weighted,False
ISPY2-572016_z020,ISPY2-572016,4,1,spy2,0.6378025,train,42,weighted,False
ISPY2-572016_z021,ISPY2-572016,4,1,spy2,0.6371421,train,42,weighted,False
ISPY2-572016_z022,ISPY2-572016,4,1,spy2,0.63709104,train,42,weighted,False
ISPY2-572016_z023,ISPY2-572016,4,1,spy2,0.6366118,train,42,weighted,False
ISPY2-572016_z024,ISPY2-572016,4,1,spy2,0.6375932,train,42,weighted,False
ISPY2-572016_z026,ISPY2-572016,4,1,spy2,0.6392692,train,42,weighted,False
ISPY2-200222_z020,ISPY2-200222,4,0,spy2,0.13515115,train,42,weighted,False
ISPY2-200222_z021,ISPY2-200222,4,0,spy2,0.14261799,train,42,weighted,False
ISPY2-200222_z022,ISPY2-200222,4,0,spy2,0.15697877,train,42,weighted,False
ISPY2-200222_z023,ISPY2-200222,4,0,spy2,0.17056647,train,42,weighted,False
ISPY2-200222_z024,ISPY2-200222,4,0,spy2,0.18321027,train,42,weighted,False
ISPY2-200222_z025,ISPY2-200222,4,0,spy2,0.18697718,train,42,weighted,False
ISPY2-200222_z026,ISPY2-200222,4,0,spy2,0.187287,train,42,weighted,False
ISPY2-200222_z027,ISPY2-200222,4,0,spy2,0.1870161,train,42,weighted,False
ISPY2-200222_z028,ISPY2-200222,4,0,spy2,0.1869176,train,42,weighted,False
ISPY2-200222_z029,ISPY2-200222,4,0,spy2,0.18712425,train,42,weighted,False
ISPY2-555214_z009,ISPY2-555214,4,1,spy2,0.80695945,train,42,weighted,False
ISPY2-555214_z010,ISPY2-555214,4,1,spy2,0.80686426,train,42,weighted,False
ISPY2-555214_z011,ISPY2-555214,4,1,spy2,0.80728257,train,42,weighted,False
ISPY2-555214_z012,ISPY2-555214,4,1,spy2,0.806578,train,42,weighted,False
ISPY2-555214_z013,ISPY2-555214,4,1,spy2,0.8085483,train,42,weighted,False
ISPY2-555214_z014,ISPY2-555214,4,1,spy2,0.80900574,train,42,weighted,False
ISPY2-555214_z015,ISPY2-555214,4,1,spy2,0.8089494,train,42,weighted,False
ISPY2-555214_z016,ISPY2-555214,4,1,spy2,0.8089719,train,42,weighted,False
ISPY2-555214_z017,ISPY2-555214,4,1,spy2,0.81020623,train,42,weighted,False
ISPY2-555214_z018,ISPY2-555214,4,1,spy2,0.8107451,train,42,weighted,False
ISPY2-604380_z009,ISPY2-604380,4,1,spy2,0.5418378,train,42,weighted,False
ISPY2-604380_z010,ISPY2-604380,4,1,spy2,0.54192793,train,42,weighted,False
ISPY2-604380_z011,ISPY2-604380,4,1,spy2,0.54213953,train,42,weighted,False
ISPY2-604380_z012,ISPY2-604380,4,1,spy2,0.5438757,train,42,weighted,False
ISPY2-604380_z013,ISPY2-604380,4,1,spy2,0.54460794,train,42,weighted,False
ISPY2-604380_z014,ISPY2-604380,4,1,spy2,0.54427135,train,42,weighted,False
ISPY2-604380_z015,ISPY2-604380,4,1,spy2,0.5437204,train,42,weighted,False
ISPY2-604380_z016,ISPY2-604380,4,1,spy2,0.5429592,train,42,weighted,False
ISPY2-604380_z017,ISPY2-604380,4,1,spy2,0.5424498,train,42,weighted,False
ISPY2-604380_z018,ISPY2-604380,4,1,spy2,0.54212254,train,42,weighted,False
ACRIN-6698-683896_z010,ACRIN-6698-683896,4,0,spy2,0.23954132,train,42,weighted,False
ACRIN-6698-683896_z011,ACRIN-6698-683896,4,0,spy2,0.23757404,train,42,weighted,False
ACRIN-6698-683896_z012,ACRIN-6698-683896,4,0,spy2,0.23751847,train,42,weighted,False
ACRIN-6698-683896_z013,ACRIN-6698-683896,4,0,spy2,0.23957308,train,42,weighted,False
ACRIN-6698-683896_z014,ACRIN-6698-683896,4,0,spy2,0.24146375,train,42,weighted,False
ACRIN-6698-683896_z015,ACRIN-6698-683896,4,0,spy2,0.24156713,train,42,weighted,False
ACRIN-6698-683896_z016,ACRIN-6698-683896,4,0,spy2,0.2414972,train,42,weighted,False
ACRIN-6698-683896_z017,ACRIN-6698-683896,4,0,spy2,0.24198331,train,42,weighted,False
ACRIN-6698-683896_z018,ACRIN-6698-683896,4,0,spy2,0.24362434,train,42,weighted,False
ACRIN-6698-683896_z019,ACRIN-6698-683896,4,0,spy2,0.2441291,train,42,weighted,False
ISPY2-899381_z003,ISPY2-899381,4,1,spy2,0.3681138,train,42,weighted,False
ISPY2-899381_z004,ISPY2-899381,4,1,spy2,0.36760744,train,42,weighted,False
ISPY2-899381_z005,ISPY2-899381,4,1,spy2,0.3663172,train,42,weighted,False
ISPY2-899381_z006,ISPY2-899381,4,1,spy2,0.365072,train,42,weighted,False
ISPY2-899381_z007,ISPY2-899381,4,1,spy2,0.3629381,train,42,weighted,False
ISPY2-899381_z008,ISPY2-899381,4,1,spy2,0.36209828,train,42,weighted,False
ISPY2-899381_z009,ISPY2-899381,4,1,spy2,0.3621198,train,42,weighted,False
ISPY2-899381_z010,ISPY2-899381,4,1,spy2,0.36418885,train,42,weighted,False
ISPY2-899381_z011,ISPY2-899381,4,1,spy2,0.36695156,train,42,weighted,False
ISPY2-899381_z012,ISPY2-899381,4,1,spy2,0.3683041,train,42,weighted,False
ISPY2-646233_z003,ISPY2-646233,4,0,spy2,0.108633764,train,42,weighted,False
ISPY2-646233_z006,ISPY2-646233,4,0,spy2,0.12038629,train,42,weighted,False
ISPY2-646233_z007,ISPY2-646233,4,0,spy2,0.12882973,train,42,weighted,False
ISPY2-646233_z008,ISPY2-646233,4,0,spy2,0.14352953,train,42,weighted,False
ISPY2-646233_z009,ISPY2-646233,4,0,spy2,0.18186566,train,42,weighted,False
ISPY2-646233_z010,ISPY2-646233,4,0,spy2,0.24788345,train,42,weighted,False
ISPY2-646233_z011,ISPY2-646233,4,0,spy2,0.3141151,train,42,weighted,False
ISPY2-646233_z012,ISPY2-646233,4,0,spy2,0.32236153,train,42,weighted,False
ISPY2-646233_z013,ISPY2-646233,4,0,spy2,0.32319254,train,42,weighted,False
ISPY2-646233_z014,ISPY2-646233,4,0,spy2,0.32357106,train,42,weighted,False
ISPY2-473468_z010,ISPY2-473468,4,0,spy2,0.57778394,train,42,weighted,False
ISPY2-473468_z011,ISPY2-473468,4,0,spy2,0.5774513,train,42,weighted,False
ISPY2-473468_z012,ISPY2-473468,4,0,spy2,0.577301,train,42,weighted,False
ISPY2-473468_z013,ISPY2-473468,4,0,spy2,0.57702816,train,42,weighted,False
ISPY2-473468_z014,ISPY2-473468,4,0,spy2,0.5763813,train,42,weighted,False
ISPY2-473468_z015,ISPY2-473468,4,0,spy2,0.57438624,train,42,weighted,False
ISPY2-473468_z016,ISPY2-473468,4,0,spy2,0.5712876,train,42,weighted,False
ISPY2-473468_z017,ISPY2-473468,4,0,spy2,0.56532705,train,42,weighted,False
ISPY2-473468_z018,ISPY2-473468,4,0,spy2,0.55686826,train,42,weighted,False
ISPY2-473468_z019,ISPY2-473468,4,0,spy2,0.5614436,train,42,weighted,False
ACRIN-6698-992609_z012,ACRIN-6698-992609,4,1,spy2,0.50431204,train,42,weighted,False
ACRIN-6698-992609_z013,ACRIN-6698-992609,4,1,spy2,0.50438315,train,42,weighted,False
ACRIN-6698-992609_z014,ACRIN-6698-992609,4,1,spy2,0.5048903,train,42,weighted,False
ACRIN-6698-992609_z015,ACRIN-6698-992609,4,1,spy2,0.5045742,train,42,weighted,False
ACRIN-6698-992609_z016,ACRIN-6698-992609,4,1,spy2,0.5042684,train,42,weighted,False
ACRIN-6698-992609_z017,ACRIN-6698-992609,4,1,spy2,0.5037247,train,42,weighted,False
ACRIN-6698-992609_z018,ACRIN-6698-992609,4,1,spy2,0.5037294,train,42,weighted,False
ACRIN-6698-992609_z019,ACRIN-6698-992609,4,1,spy2,0.50415033,train,42,weighted,False
ACRIN-6698-992609_z020,ACRIN-6698-992609,4,1,spy2,0.504229,train,42,weighted,False
ACRIN-6698-992609_z021,ACRIN-6698-992609,4,1,spy2,0.5042646,train,42,weighted,False
ISPY2-423979_z017,ISPY2-423979,4,0,spy2,0.30706054,train,42,weighted,False
ISPY2-423979_z018,ISPY2-423979,4,0,spy2,0.3074076,train,42,weighted,False
ISPY2-423979_z019,ISPY2-423979,4,0,spy2,0.3075672,train,42,weighted,False
ISPY2-423979_z020,ISPY2-423979,4,0,spy2,0.30733684,train,42,weighted,False
ISPY2-423979_z021,ISPY2-423979,4,0,spy2,0.30702522,train,42,weighted,False
ISPY2-423979_z022,ISPY2-423979,4,0,spy2,0.30719832,train,42,weighted,False
ISPY2-423979_z023,ISPY2-423979,4,0,spy2,0.3073398,train,42,weighted,False
ISPY2-423979_z024,ISPY2-423979,4,0,spy2,0.30748144,train,42,weighted,False
ISPY2-423979_z025,ISPY2-423979,4,0,spy2,0.30743426,train,42,weighted,False
ISPY2-423979_z026,ISPY2-423979,4,0,spy2,0.30752146,train,42,weighted,False
ISPY2-639663_z009,ISPY2-639663,4,0,spy2,0.65053177,train,42,weighted,False
ISPY2-639663_z010,ISPY2-639663,4,0,spy2,0.65051526,train,42,weighted,False
ISPY2-639663_z013,ISPY2-639663,4,0,spy2,0.6520235,train,42,weighted,False
ISPY2-639663_z014,ISPY2-639663,4,0,spy2,0.65147173,train,42,weighted,False
ISPY2-639663_z015,ISPY2-639663,4,0,spy2,0.65082973,train,42,weighted,False
ISPY2-639663_z016,ISPY2-639663,4,0,spy2,0.65058655,train,42,weighted,False
ISPY2-639663_z017,ISPY2-639663,4,0,spy2,0.65041167,train,42,weighted,False
ISPY2-639663_z018,ISPY2-639663,4,0,spy2,0.65088385,train,42,weighted,False
ISPY2-639663_z019,ISPY2-639663,4,0,spy2,0.6520268,train,42,weighted,False
ISPY2-639663_z020,ISPY2-639663,4,0,spy2,0.6539909,train,42,weighted,False
ISPY2-789497_z010,ISPY2-789497,4,0,spy2,0.26693594,train,42,weighted,False
ISPY2-789497_z011,ISPY2-789497,4,0,spy2,0.2670316,train,42,weighted,False
ISPY2-789497_z012,ISPY2-789497,4,0,spy2,0.27185872,train,42,weighted,False
ISPY2-789497_z013,ISPY2-789497,4,0,spy2,0.2757877,train,42,weighted,False
ISPY2-789497_z014,ISPY2-789497,4,0,spy2,0.28173485,train,42,weighted,False
ISPY2-789497_z015,ISPY2-789497,4,0,spy2,0.28536767,train,42,weighted,False
ISPY2-789497_z016,ISPY2-789497,4,0,spy2,0.2885379,train,42,weighted,False
ISPY2-789497_z017,ISPY2-789497,4,0,spy2,0.2885924,train,42,weighted,False
ISPY2-789497_z018,ISPY2-789497,4,0,spy2,0.28797963,train,42,weighted,False
ISPY2-789497_z019,ISPY2-789497,4,0,spy2,0.2991706,train,42,weighted,False
ISPY2-484867_z024,ISPY2-484867,4,0,spy2,0.4233502,train,42,weighted,False
ISPY2-484867_z025,ISPY2-484867,4,0,spy2,0.41784886,train,42,weighted,False
ISPY2-484867_z026,ISPY2-484867,4,0,spy2,0.4130486,train,42,weighted,False
ISPY2-484867_z027,ISPY2-484867,4,0,spy2,0.41225412,train,42,weighted,False
ISPY2-484867_z028,ISPY2-484867,4,0,spy2,0.41007262,train,42,weighted,False
ISPY2-484867_z029,ISPY2-484867,4,0,spy2,0.42270383,train,42,weighted,False
ISPY2-484867_z030,ISPY2-484867,4,0,spy2,0.40266302,train,42,weighted,False
ISPY2-484867_z031,ISPY2-484867,4,0,spy2,0.3913016,train,42,weighted,False
ISPY2-484867_z032,ISPY2-484867,4,0,spy2,0.40719426,train,42,weighted,False
ISPY2-484867_z033,ISPY2-484867,4,0,spy2,0.40861645,train,42,weighted,False
ISPY2-342996_z020,ISPY2-342996,4,0,spy2,0.369064,train,42,weighted,False
ISPY2-342996_z021,ISPY2-342996,4,0,spy2,0.36921078,train,42,weighted,False
ISPY2-342996_z022,ISPY2-342996,4,0,spy2,0.369164,train,42,weighted,False
ISPY2-342996_z023,ISPY2-342996,4,0,spy2,0.36897537,train,42,weighted,False
ISPY2-342996_z024,ISPY2-342996,4,0,spy2,0.36868387,train,42,weighted,False
ISPY2-342996_z025,ISPY2-342996,4,0,spy2,0.3683309,train,42,weighted,False
ISPY2-342996_z026,ISPY2-342996,4,0,spy2,0.3682538,train,42,weighted,False
ISPY2-342996_z027,ISPY2-342996,4,0,spy2,0.36859748,train,42,weighted,False
ISPY2-342996_z028,ISPY2-342996,4,0,spy2,0.36849797,train,42,weighted,False
ISPY2-342996_z029,ISPY2-342996,4,0,spy2,0.3684358,train,42,weighted,False
ISPY2-139771_z019,ISPY2-139771,4,1,spy2,0.4105325,train,42,weighted,False
ISPY2-139771_z020,ISPY2-139771,4,1,spy2,0.4105126,train,42,weighted,False
ISPY2-139771_z021,ISPY2-139771,4,1,spy2,0.4112231,train,42,weighted,False
ISPY2-139771_z022,ISPY2-139771,4,1,spy2,0.41054448,train,42,weighted,False
ISPY2-139771_z023,ISPY2-139771,4,1,spy2,0.4100501,train,42,weighted,False
ISPY2-139771_z024,ISPY2-139771,4,1,spy2,0.41024262,train,42,weighted,False
ISPY2-139771_z025,ISPY2-139771,4,1,spy2,0.4109547,train,42,weighted,False
ISPY2-139771_z026,ISPY2-139771,4,1,spy2,0.4107197,train,42,weighted,False
ISPY2-139771_z028,ISPY2-139771,4,1,spy2,0.41060174,train,42,weighted,False
ISPY2-139771_z029,ISPY2-139771,4,1,spy2,0.4100044,train,42,weighted,False
ISPY2-780272_z016,ISPY2-780272,4,0,spy2,0.5083525,train,42,weighted,False
ISPY2-780272_z017,ISPY2-780272,4,0,spy2,0.5134695,train,42,weighted,False
ISPY2-780272_z018,ISPY2-780272,4,0,spy2,0.5203557,train,42,weighted,False
ISPY2-780272_z022,ISPY2-780272,4,0,spy2,0.525896,train,42,weighted,False
ISPY2-780272_z023,ISPY2-780272,4,0,spy2,0.51855713,train,42,weighted,False
ISPY2-780272_z024,ISPY2-780272,4,0,spy2,0.5225402,train,42,weighted,False
ISPY2-780272_z025,ISPY2-780272,4,0,spy2,0.5327497,train,42,weighted,False
ISPY2-780272_z026,ISPY2-780272,4,0,spy2,0.5348996,train,42,weighted,False
ISPY2-780272_z027,ISPY2-780272,4,0,spy2,0.53506905,train,42,weighted,False
ISPY2-780272_z028,ISPY2-780272,4,0,spy2,0.53399485,train,42,weighted,False
ISPY2-924868_z007,ISPY2-924868,4,1,spy2,0.55331284,train,42,weighted,False
ISPY2-924868_z008,ISPY2-924868,4,1,spy2,0.5533356,train,42,weighted,False
ISPY2-924868_z009,ISPY2-924868,4,1,spy2,0.5532956,train,42,weighted,False
ISPY2-924868_z010,ISPY2-924868,4,1,spy2,0.55320454,train,42,weighted,False
ISPY2-924868_z011,ISPY2-924868,4,1,spy2,0.55306244,train,42,weighted,False
ISPY2-924868_z012,ISPY2-924868,4,1,spy2,0.5529333,train,42,weighted,False
ISPY2-924868_z013,ISPY2-924868,4,1,spy2,0.5528591,train,42,weighted,False
ISPY2-924868_z014,ISPY2-924868,4,1,spy2,0.55276126,train,42,weighted,False
ISPY2-924868_z015,ISPY2-924868,4,1,spy2,0.5525532,train,42,weighted,False
ISPY2-924868_z016,ISPY2-924868,4,1,spy2,0.5523508,train,42,weighted,False
ISPY2-125130_z002,ISPY2-125130,4,1,spy2,0.80710775,train,42,weighted,False
ISPY2-125130_z003,ISPY2-125130,4,1,spy2,0.80713546,train,42,weighted,False
ISPY2-125130_z004,ISPY2-125130,4,1,spy2,0.80744,train,42,weighted,False
ISPY2-125130_z005,ISPY2-125130,4,1,spy2,0.80720323,train,42,weighted,False
ISPY2-125130_z006,ISPY2-125130,4,1,spy2,0.8066039,train,42,weighted,False
ISPY2-125130_z007,ISPY2-125130,4,1,spy2,0.8065655,train,42,weighted,False
ISPY2-125130_z008,ISPY2-125130,4,1,spy2,0.80573,train,42,weighted,False
ISPY2-125130_z009,ISPY2-125130,4,1,spy2,0.8054644,train,42,weighted,False
ISPY2-125130_z010,ISPY2-125130,4,1,spy2,0.80617905,train,42,weighted,False
ISPY2-125130_z011,ISPY2-125130,4,1,spy2,0.8065655,train,42,weighted,False
ISPY2-402384_z033,ISPY2-402384,4,0,spy2,0.39306778,train,42,weighted,False
ISPY2-402384_z034,ISPY2-402384,4,0,spy2,0.37866944,train,42,weighted,False
ISPY2-402384_z035,ISPY2-402384,4,0,spy2,0.37432766,train,42,weighted,False
ISPY2-402384_z036,ISPY2-402384,4,0,spy2,0.37117282,train,42,weighted,False
ISPY2-402384_z037,ISPY2-402384,4,0,spy2,0.36838788,train,42,weighted,False
ISPY2-402384_z038,ISPY2-402384,4,0,spy2,0.36451104,train,42,weighted,False
ISPY2-402384_z039,ISPY2-402384,4,0,spy2,0.36677212,train,42,weighted,False
ISPY2-402384_z040,ISPY2-402384,4,0,spy2,0.3743961,train,42,weighted,False
ISPY2-402384_z041,ISPY2-402384,4,0,spy2,0.38804314,train,42,weighted,False
ISPY2-402384_z043,ISPY2-402384,4,0,spy2,0.39082673,train,42,weighted,False
ISPY2-833536_z028,ISPY2-833536,4,1,spy2,0.37102756,train,42,weighted,False
ISPY2-833536_z033,ISPY2-833536,4,1,spy2,0.33427984,train,42,weighted,False
ISPY2-833536_z037,ISPY2-833536,4,1,spy2,0.3192928,train,42,weighted,False
ISPY2-833536_z039,ISPY2-833536,4,1,spy2,0.3151411,train,42,weighted,False
ISPY2-833536_z040,ISPY2-833536,4,1,spy2,0.32058662,train,42,weighted,False
ISPY2-833536_z041,ISPY2-833536,4,1,spy2,0.320926,train,42,weighted,False
ISPY2-833536_z042,ISPY2-833536,4,1,spy2,0.32089263,train,42,weighted,False
ISPY2-833536_z043,ISPY2-833536,4,1,spy2,0.3202197,train,42,weighted,False
ISPY2-833536_z044,ISPY2-833536,4,1,spy2,0.31811523,train,42,weighted,False
ISPY2-833536_z045,ISPY2-833536,4,1,spy2,0.31459472,train,42,weighted,False
ISPY2-877463_z031,ISPY2-877463,4,0,spy2,0.48709625,train,42,weighted,False
ISPY2-877463_z036,ISPY2-877463,4,0,spy2,0.48299667,train,42,weighted,False
ISPY2-877463_z037,ISPY2-877463,4,0,spy2,0.48177695,train,42,weighted,False
ISPY2-877463_z038,ISPY2-877463,4,0,spy2,0.48112214,train,42,weighted,False
ISPY2-877463_z039,ISPY2-877463,4,0,spy2,0.48064175,train,42,weighted,False
ISPY2-877463_z040,ISPY2-877463,4,0,spy2,0.48008475,train,42,weighted,False
ISPY2-877463_z041,ISPY2-877463,4,0,spy2,0.48032197,train,42,weighted,False
ISPY2-877463_z042,ISPY2-877463,4,0,spy2,0.48111868,train,42,weighted,False
ISPY2-877463_z043,ISPY2-877463,4,0,spy2,0.48188004,train,42,weighted,False
ISPY2-877463_z045,ISPY2-877463,4,0,spy2,0.48385584,train,42,weighted,False
ISPY2-209397_z017,ISPY2-209397,4,0,spy2,0.25567666,train,42,weighted,False
ISPY2-209397_z018,ISPY2-209397,4,0,spy2,0.25583807,train,42,weighted,False
ISPY2-209397_z019,ISPY2-209397,4,0,spy2,0.2564243,train,42,weighted,False
ISPY2-209397_z020,ISPY2-209397,4,0,spy2,0.25720507,train,42,weighted,False
ISPY2-209397_z021,ISPY2-209397,4,0,spy2,0.25758097,train,42,weighted,False
ISPY2-209397_z022,ISPY2-209397,4,0,spy2,0.25753292,train,42,weighted,False
ISPY2-209397_z023,ISPY2-209397,4,0,spy2,0.25755373,train,42,weighted,False
ISPY2-209397_z024,ISPY2-209397,4,0,spy2,0.25776115,train,42,weighted,False
ISPY2-209397_z025,ISPY2-209397,4,0,spy2,0.25799876,train,42,weighted,False
ISPY2-209397_z026,ISPY2-209397,4,0,spy2,0.25810656,train,42,weighted,False
ISPY2-797427_z001,ISPY2-797427,4,0,spy2,0.29808336,train,42,weighted,False
ISPY2-797427_z002,ISPY2-797427,4,0,spy2,0.28130037,train,42,weighted,False
ISPY2-797427_z003,ISPY2-797427,4,0,spy2,0.31506383,train,42,weighted,False
ISPY2-797427_z004,ISPY2-797427,4,0,spy2,0.35612205,train,42,weighted,False
ISPY2-797427_z005,ISPY2-797427,4,0,spy2,0.35972342,train,42,weighted,False
ISPY2-797427_z006,ISPY2-797427,4,0,spy2,0.3562984,train,42,weighted,False
ISPY2-797427_z007,ISPY2-797427,4,0,spy2,0.3707584,train,42,weighted,False
ISPY2-797427_z008,ISPY2-797427,4,0,spy2,0.4092962,train,42,weighted,False
ISPY2-797427_z009,ISPY2-797427,4,0,spy2,0.4320519,train,42,weighted,False
ISPY2-797427_z010,ISPY2-797427,4,0,spy2,0.43519083,train,42,weighted,False
ACRIN-6698-690089_z005,ACRIN-6698-690089,4,0,spy2,0.33469307,train,42,weighted,False
ACRIN-6698-690089_z006,ACRIN-6698-690089,4,0,spy2,0.3553357,train,42,weighted,False
ACRIN-6698-690089_z007,ACRIN-6698-690089,4,0,spy2,0.37118602,train,42,weighted,False
ACRIN-6698-690089_z008,ACRIN-6698-690089,4,0,spy2,0.38930735,train,42,weighted,False
ACRIN-6698-690089_z009,ACRIN-6698-690089,4,0,spy2,0.43242985,train,42,weighted,False
ACRIN-6698-690089_z010,ACRIN-6698-690089,4,0,spy2,0.4995392,train,42,weighted,False
ACRIN-6698-690089_z011,ACRIN-6698-690089,4,0,spy2,0.4994895,train,42,weighted,False
ACRIN-6698-690089_z012,ACRIN-6698-690089,4,0,spy2,0.4906203,train,42,weighted,False
ACRIN-6698-690089_z013,ACRIN-6698-690089,4,0,spy2,0.52127886,train,42,weighted,False
ACRIN-6698-690089_z014,ACRIN-6698-690089,4,0,spy2,0.5521556,train,42,weighted,False
ISPY2-491526_z020,ISPY2-491526,4,0,spy2,0.20213054,train,42,weighted,False
ISPY2-491526_z021,ISPY2-491526,4,0,spy2,0.20205748,train,42,weighted,False
ISPY2-491526_z022,ISPY2-491526,4,0,spy2,0.20209584,train,42,weighted,False
ISPY2-491526_z023,ISPY2-491526,4,0,spy2,0.20200248,train,42,weighted,False
ISPY2-491526_z024,ISPY2-491526,4,0,spy2,0.20134729,train,42,weighted,False
ISPY2-491526_z025,ISPY2-491526,4,0,spy2,0.20075521,train,42,weighted,False
ISPY2-491526_z026,ISPY2-491526,4,0,spy2,0.20034242,train,42,weighted,False
ISPY2-491526_z027,ISPY2-491526,4,0,spy2,0.2003134,train,42,weighted,False
ISPY2-491526_z028,ISPY2-491526,4,0,spy2,0.20100586,train,42,weighted,False
ISPY2-491526_z029,ISPY2-491526,4,0,spy2,0.20157628,train,42,weighted,False
ISPY2-377460_z021,ISPY2-377460,4,1,spy2,0.8548173,train,42,weighted,False
ISPY2-377460_z022,ISPY2-377460,4,1,spy2,0.8548134,train,42,weighted,False
ISPY2-377460_z024,ISPY2-377460,4,1,spy2,0.8548747,train,42,weighted,False
ISPY2-377460_z025,ISPY2-377460,4,1,spy2,0.8547903,train,42,weighted,False
ISPY2-377460_z026,ISPY2-377460,4,1,spy2,0.8543448,train,42,weighted,False
ISPY2-377460_z027,ISPY2-377460,4,1,spy2,0.853777,train,42,weighted,False
ISPY2-377460_z028,ISPY2-377460,4,1,spy2,0.8531641,train,42,weighted,False
ISPY2-377460_z030,ISPY2-377460,4,1,spy2,0.8530829,train,42,weighted,False
ISPY2-377460_z031,ISPY2-377460,4,1,spy2,0.8527134,train,42,weighted,False
ISPY2-377460_z032,ISPY2-377460,4,1,spy2,0.8524551,train,42,weighted,False
ISPY2-151980_z015,ISPY2-151980,4,1,spy2,0.28682345,train,42,weighted,False
ISPY2-151980_z016,ISPY2-151980,4,1,spy2,0.28749514,train,42,weighted,False
ISPY2-151980_z017,ISPY2-151980,4,1,spy2,0.28810453,train,42,weighted,False
ISPY2-151980_z018,ISPY2-151980,4,1,spy2,0.2887279,train,42,weighted,False
ISPY2-151980_z019,ISPY2-151980,4,1,spy2,0.28946477,train,42,weighted,False
ISPY2-151980_z020,ISPY2-151980,4,1,spy2,0.29064566,train,42,weighted,False
ISPY2-151980_z021,ISPY2-151980,4,1,spy2,0.29125944,train,42,weighted,False
ISPY2-151980_z022,ISPY2-151980,4,1,spy2,0.2916446,train,42,weighted,False
ISPY2-151980_z023,ISPY2-151980,4,1,spy2,0.2919714,train,42,weighted,False
ISPY2-151980_z024,ISPY2-151980,4,1,spy2,0.2919263,train,42,weighted,False
ACRIN-6698-115987_z008,ACRIN-6698-115987,4,0,spy2,0.61496454,train,42,weighted,False
ACRIN-6698-115987_z011,ACRIN-6698-115987,4,0,spy2,0.6176114,train,42,weighted,False
ACRIN-6698-115987_z012,ACRIN-6698-115987,4,0,spy2,0.6193466,train,42,weighted,False
ACRIN-6698-115987_z013,ACRIN-6698-115987,4,0,spy2,0.62018687,train,42,weighted,False
ACRIN-6698-115987_z014,ACRIN-6698-115987,4,0,spy2,0.6206659,train,42,weighted,False
ACRIN-6698-115987_z015,ACRIN-6698-115987,4,0,spy2,0.6206659,train,42,weighted,False
ACRIN-6698-115987_z016,ACRIN-6698-115987,4,0,spy2,0.62002087,train,42,weighted,False
ACRIN-6698-115987_z017,ACRIN-6698-115987,4,0,spy2,0.6196083,train,42,weighted,False
ACRIN-6698-115987_z018,ACRIN-6698-115987,4,0,spy2,0.6191519,train,42,weighted,False
ACRIN-6698-115987_z019,ACRIN-6698-115987,4,0,spy2,0.61871743,train,42,weighted,False
ISPY2-114087_z005,ISPY2-114087,4,0,spy2,0.2743487,train,42,weighted,False
ISPY2-114087_z006,ISPY2-114087,4,0,spy2,0.27515656,train,42,weighted,False
ISPY2-114087_z007,ISPY2-114087,4,0,spy2,0.2752046,train,42,weighted,False
ISPY2-114087_z008,ISPY2-114087,4,0,spy2,0.2748792,train,42,weighted,False
ISPY2-114087_z009,ISPY2-114087,4,0,spy2,0.27439058,train,42,weighted,False
ISPY2-114087_z010,ISPY2-114087,4,0,spy2,0.27434286,train,42,weighted,False
ISPY2-114087_z011,ISPY2-114087,4,0,spy2,0.27481034,train,42,weighted,False
ISPY2-114087_z012,ISPY2-114087,4,0,spy2,0.27464494,train,42,weighted,False
ISPY2-114087_z013,ISPY2-114087,4,0,spy2,0.2744871,train,42,weighted,False
ISPY2-114087_z014,ISPY2-114087,4,0,spy2,0.2742466,train,42,weighted,False
ISPY2-414286_z019,ISPY2-414286,4,0,spy2,0.18712221,train,42,weighted,False
ISPY2-414286_z020,ISPY2-414286,4,0,spy2,0.18616179,train,42,weighted,False
ISPY2-414286_z021,ISPY2-414286,4,0,spy2,0.18515818,train,42,weighted,False
ISPY2-414286_z022,ISPY2-414286,4,0,spy2,0.18527825,train,42,weighted,False
ISPY2-414286_z023,ISPY2-414286,4,0,spy2,0.18555221,train,42,weighted,False
ISPY2-414286_z024,ISPY2-414286,4,0,spy2,0.18480821,train,42,weighted,False
ISPY2-414286_z025,ISPY2-414286,4,0,spy2,0.18350096,train,42,weighted,False
ISPY2-414286_z026,ISPY2-414286,4,0,spy2,0.18033858,train,42,weighted,False
ISPY2-414286_z032,ISPY2-414286,4,0,spy2,0.18648374,train,42,weighted,False
ISPY2-414286_z033,ISPY2-414286,4,0,spy2,0.18724205,train,42,weighted,False
ISPY2-462605_z017,ISPY2-462605,4,1,spy2,0.5993509,train,42,weighted,False
ISPY2-462605_z018,ISPY2-462605,4,1,spy2,0.6143304,train,42,weighted,False
ISPY2-462605_z019,ISPY2-462605,4,1,spy2,0.6456465,train,42,weighted,False
ISPY2-462605_z020,ISPY2-462605,4,1,spy2,0.68346095,train,42,weighted,False
ISPY2-462605_z021,ISPY2-462605,4,1,spy2,0.7153285,train,42,weighted,False
ISPY2-462605_z024,ISPY2-462605,4,1,spy2,0.75758094,train,42,weighted,False
ISPY2-462605_z025,ISPY2-462605,4,1,spy2,0.76594573,train,42,weighted,False
ISPY2-462605_z026,ISPY2-462605,4,1,spy2,0.77609974,train,42,weighted,False
ISPY2-462605_z027,ISPY2-462605,4,1,spy2,0.78259516,train,42,weighted,False
ISPY2-462605_z028,ISPY2-462605,4,1,spy2,0.78731984,train,42,weighted,False
ISPY2-442669_z007,ISPY2-442669,4,0,spy2,0.5643015,train,42,weighted,False
ISPY2-442669_z008,ISPY2-442669,4,0,spy2,0.5645809,train,42,weighted,False
ISPY2-442669_z009,ISPY2-442669,4,0,spy2,0.56470805,train,42,weighted,False
ISPY2-442669_z010,ISPY2-442669,4,0,spy2,0.5639624,train,42,weighted,False
ISPY2-442669_z011,ISPY2-442669,4,0,spy2,0.5634697,train,42,weighted,False
ISPY2-442669_z012,ISPY2-442669,4,0,spy2,0.5640754,train,42,weighted,False
ISPY2-442669_z013,ISPY2-442669,4,0,spy2,0.56383014,train,42,weighted,False
ISPY2-442669_z014,ISPY2-442669,4,0,spy2,0.5639749,train,42,weighted,False
ISPY2-442669_z015,ISPY2-442669,4,0,spy2,0.5644411,train,42,weighted,False
ISPY2-442669_z016,ISPY2-442669,4,0,spy2,0.56491834,train,42,weighted,False
ISPY2-147139_z022,ISPY2-147139,4,1,spy2,0.41532224,train,42,weighted,False
ISPY2-147139_z023,ISPY2-147139,4,1,spy2,0.3895596,train,42,weighted,False
ISPY2-147139_z024,ISPY2-147139,4,1,spy2,0.38443106,train,42,weighted,False
ISPY2-147139_z025,ISPY2-147139,4,1,spy2,0.3937164,train,42,weighted,False
ISPY2-147139_z026,ISPY2-147139,4,1,spy2,0.41216877,train,42,weighted,False
ISPY2-147139_z027,ISPY2-147139,4,1,spy2,0.43498087,train,42,weighted,False
ISPY2-147139_z028,ISPY2-147139,4,1,spy2,0.46467295,train,42,weighted,False
ISPY2-147139_z029,ISPY2-147139,4,1,spy2,0.4847855,train,42,weighted,False
ISPY2-147139_z030,ISPY2-147139,4,1,spy2,0.4864193,train,42,weighted,False
ISPY2-147139_z036,ISPY2-147139,4,1,spy2,0.46841437,train,42,weighted,False
ACRIN-6698-860243_z017,ACRIN-6698-860243,4,0,spy2,0.18373787,train,42,weighted,False
ACRIN-6698-860243_z018,ACRIN-6698-860243,4,0,spy2,0.1857497,train,42,weighted,False
ACRIN-6698-860243_z019,ACRIN-6698-860243,4,0,spy2,0.18976064,train,42,weighted,False
ACRIN-6698-860243_z020,ACRIN-6698-860243,4,0,spy2,0.1865889,train,42,weighted,False
ACRIN-6698-860243_z021,ACRIN-6698-860243,4,0,spy2,0.18893822,train,42,weighted,False
ACRIN-6698-860243_z022,ACRIN-6698-860243,4,0,spy2,0.19447224,train,42,weighted,False
ACRIN-6698-860243_z023,ACRIN-6698-860243,4,0,spy2,0.19661574,train,42,weighted,False
ACRIN-6698-860243_z024,ACRIN-6698-860243,4,0,spy2,0.19683076,train,42,weighted,False
ACRIN-6698-860243_z025,ACRIN-6698-860243,4,0,spy2,0.19723733,train,42,weighted,False
ACRIN-6698-860243_z026,ACRIN-6698-860243,4,0,spy2,0.19647288,train,42,weighted,False
ISPY2-248255_z011,ISPY2-248255,4,0,spy2,0.37722284,train,42,weighted,False
ISPY2-248255_z012,ISPY2-248255,4,0,spy2,0.3815124,train,42,weighted,False
ISPY2-248255_z013,ISPY2-248255,4,0,spy2,0.38270885,train,42,weighted,False
ISPY2-248255_z014,ISPY2-248255,4,0,spy2,0.3825779,train,42,weighted,False
ISPY2-248255_z015,ISPY2-248255,4,0,spy2,0.38174644,train,42,weighted,False
ISPY2-248255_z016,ISPY2-248255,4,0,spy2,0.3816567,train,42,weighted,False
ISPY2-248255_z017,ISPY2-248255,4,0,spy2,0.38342556,train,42,weighted,False
ISPY2-248255_z018,ISPY2-248255,4,0,spy2,0.38529432,train,42,weighted,False
ISPY2-248255_z019,ISPY2-248255,4,0,spy2,0.38576207,train,42,weighted,False
ISPY2-248255_z020,ISPY2-248255,4,0,spy2,0.38673812,train,42,weighted,False
ACRIN-6698-771443_z028,ACRIN-6698-771443,4,0,spy2,0.36468968,train,42,weighted,False
ACRIN-6698-771443_z029,ACRIN-6698-771443,4,0,spy2,0.40818825,train,42,weighted,False
ACRIN-6698-771443_z030,ACRIN-6698-771443,4,0,spy2,0.41958007,train,42,weighted,False
ACRIN-6698-771443_z031,ACRIN-6698-771443,4,0,spy2,0.42135334,train,42,weighted,False
ACRIN-6698-771443_z032,ACRIN-6698-771443,4,0,spy2,0.42441773,train,42,weighted,False
ACRIN-6698-771443_z033,ACRIN-6698-771443,4,0,spy2,0.4282057,train,42,weighted,False
ACRIN-6698-771443_z034,ACRIN-6698-771443,4,0,spy2,0.43159476,train,42,weighted,False
ACRIN-6698-771443_z035,ACRIN-6698-771443,4,0,spy2,0.43336204,train,42,weighted,False
ACRIN-6698-771443_z036,ACRIN-6698-771443,4,0,spy2,0.4338535,train,42,weighted,False
ACRIN-6698-771443_z037,ACRIN-6698-771443,4,0,spy2,0.4333441,train,42,weighted,False
ISPY2-781335_z039,ISPY2-781335,4,0,spy2,0.35056493,train,42,weighted,False
ISPY2-781335_z040,ISPY2-781335,4,0,spy2,0.3508382,train,42,weighted,False
ISPY2-781335_z041,ISPY2-781335,4,0,spy2,0.350678,train,42,weighted,False
ISPY2-781335_z042,ISPY2-781335,4,0,spy2,0.35037345,train,42,weighted,False
ISPY2-781335_z043,ISPY2-781335,4,0,spy2,0.35032973,train,42,weighted,False
ISPY2-781335_z044,ISPY2-781335,4,0,spy2,0.3502061,train,42,weighted,False
ISPY2-781335_z045,ISPY2-781335,4,0,spy2,0.35018507,train,42,weighted,False
ISPY2-781335_z046,ISPY2-781335,4,0,spy2,0.35009488,train,42,weighted,False
ISPY2-781335_z047,ISPY2-781335,4,0,spy2,0.35015482,train,42,weighted,False
ISPY2-781335_z049,ISPY2-781335,4,0,spy2,0.35017923,train,42,weighted,False
ISPY2-910706_z013,ISPY2-910706,4,1,spy2,0.58328545,train,42,weighted,False
ISPY2-910706_z014,ISPY2-910706,4,1,spy2,0.5842586,train,42,weighted,False
ISPY2-910706_z015,ISPY2-910706,4,1,spy2,0.5845805,train,42,weighted,False
ISPY2-910706_z016,ISPY2-910706,4,1,spy2,0.5847612,train,42,weighted,False
ISPY2-910706_z017,ISPY2-910706,4,1,spy2,0.58548295,train,42,weighted,False
ISPY2-910706_z018,ISPY2-910706,4,1,spy2,0.58747774,train,42,weighted,False
ISPY2-910706_z019,ISPY2-910706,4,1,spy2,0.58769244,train,42,weighted,False
ISPY2-910706_z020,ISPY2-910706,4,1,spy2,0.5878783,train,42,weighted,False
ISPY2-910706_z021,ISPY2-910706,4,1,spy2,0.58824295,train,42,weighted,False
ISPY2-910706_z022,ISPY2-910706,4,1,spy2,0.5886905,train,42,weighted,False
ISPY2-553012_z000,ISPY2-553012,4,0,spy2,0.24105772,train,42,weighted,False
ISPY2-553012_z001,ISPY2-553012,4,0,spy2,0.2692193,train,42,weighted,False
ISPY2-553012_z002,ISPY2-553012,4,0,spy2,0.2620873,train,42,weighted,False
ISPY2-553012_z003,ISPY2-553012,4,0,spy2,0.2600282,train,42,weighted,False
ISPY2-553012_z004,ISPY2-553012,4,0,spy2,0.2709148,train,42,weighted,False
ISPY2-159352_z013,ISPY2-159352,4,0,spy2,0.46953732,train,42,weighted,False
ISPY2-159352_z014,ISPY2-159352,4,0,spy2,0.47202158,train,42,weighted,False
ISPY2-159352_z015,ISPY2-159352,4,0,spy2,0.47264227,train,42,weighted,False
ISPY2-159352_z016,ISPY2-159352,4,0,spy2,0.47427246,train,42,weighted,False
ISPY2-159352_z017,ISPY2-159352,4,0,spy2,0.47557664,train,42,weighted,False
ISPY2-159352_z018,ISPY2-159352,4,0,spy2,0.476359,train,42,weighted,False
ISPY2-159352_z019,ISPY2-159352,4,0,spy2,0.4758643,train,42,weighted,False
ISPY2-159352_z020,ISPY2-159352,4,0,spy2,0.47467196,train,42,weighted,False
ISPY2-159352_z021,ISPY2-159352,4,0,spy2,0.47259796,train,42,weighted,False
ISPY2-159352_z024,ISPY2-159352,4,0,spy2,0.46842194,train,42,weighted,False
ISPY2-712276_z004,ISPY2-712276,4,1,spy2,0.18605694,train,42,weighted,False
ISPY2-712276_z005,ISPY2-712276,4,1,spy2,0.16221593,train,42,weighted,False
ISPY2-712276_z006,ISPY2-712276,4,1,spy2,0.15063547,train,42,weighted,False
ISPY2-712276_z007,ISPY2-712276,4,1,spy2,0.14985903,train,42,weighted,False
ISPY2-712276_z008,ISPY2-712276,4,1,spy2,0.14417464,train,42,weighted,False
ISPY2-712276_z009,ISPY2-712276,4,1,spy2,0.15009646,train,42,weighted,False
ISPY2-712276_z010,ISPY2-712276,4,1,spy2,0.1612794,train,42,weighted,False
ISPY2-712276_z011,ISPY2-712276,4,1,spy2,0.16899012,train,42,weighted,False
ISPY2-712276_z012,ISPY2-712276,4,1,spy2,0.18819448,train,42,weighted,False
ISPY2-712276_z013,ISPY2-712276,4,1,spy2,0.20758489,train,42,weighted,False
ISPY2-350331_z024,ISPY2-350331,4,0,spy2,0.7284499,train,42,weighted,False
ISPY2-350331_z025,ISPY2-350331,4,0,spy2,0.7230326,train,42,weighted,False
ISPY2-350331_z026,ISPY2-350331,4,0,spy2,0.71950185,train,42,weighted,False
ISPY2-350331_z027,ISPY2-350331,4,0,spy2,0.71674895,train,42,weighted,False
ISPY2-350331_z028,ISPY2-350331,4,0,spy2,0.71413875,train,42,weighted,False
ISPY2-350331_z029,ISPY2-350331,4,0,spy2,0.7146027,train,42,weighted,False
ISPY2-350331_z030,ISPY2-350331,4,0,spy2,0.7150695,train,42,weighted,False
ISPY2-350331_z031,ISPY2-350331,4,0,spy2,0.7158727,train,42,weighted,False
ISPY2-350331_z032,ISPY2-350331,4,0,spy2,0.7162996,train,42,weighted,False
ISPY2-350331_z033,ISPY2-350331,4,0,spy2,0.7188461,train,42,weighted,False
ISPY2-535779_z028,ISPY2-535779,4,0,spy2,0.56107163,train,42,weighted,False
ISPY2-535779_z029,ISPY2-535779,4,0,spy2,0.56106234,train,42,weighted,False
ISPY2-535779_z030,ISPY2-535779,4,0,spy2,0.560825,train,42,weighted,False
ISPY2-535779_z031,ISPY2-535779,4,0,spy2,0.5608865,train,42,weighted,False
ISPY2-535779_z032,ISPY2-535779,4,0,spy2,0.56027025,train,42,weighted,False
ISPY2-535779_z033,ISPY2-535779,4,0,spy2,0.56011295,train,42,weighted,False
ISPY2-535779_z034,ISPY2-535779,4,0,spy2,0.5594297,train,42,weighted,False
ISPY2-535779_z035,ISPY2-535779,4,0,spy2,0.5594576,train,42,weighted,False
ISPY2-535779_z036,ISPY2-535779,4,0,spy2,0.5603628,train,42,weighted,False
ISPY2-535779_z037,ISPY2-535779,4,0,spy2,0.5606197,train,42,weighted,False
ACRIN-6698-263143_z036,ACRIN-6698-263143,4,0,spy2,0.3233916,train,42,weighted,False
ACRIN-6698-263143_z037,ACRIN-6698-263143,4,0,spy2,0.36665273,train,42,weighted,False
ACRIN-6698-263143_z038,ACRIN-6698-263143,4,0,spy2,0.41764563,train,42,weighted,False
ACRIN-6698-263143_z039,ACRIN-6698-263143,4,0,spy2,0.5002859,train,42,weighted,False
ACRIN-6698-263143_z040,ACRIN-6698-263143,4,0,spy2,0.574047,train,42,weighted,False
ACRIN-6698-263143_z041,ACRIN-6698-263143,4,0,spy2,0.63671255,train,42,weighted,False
ACRIN-6698-263143_z042,ACRIN-6698-263143,4,0,spy2,0.6680145,train,42,weighted,False
ACRIN-6698-263143_z043,ACRIN-6698-263143,4,0,spy2,0.657275,train,42,weighted,False
ACRIN-6698-263143_z044,ACRIN-6698-263143,4,0,spy2,0.66178894,train,42,weighted,False
ACRIN-6698-263143_z045,ACRIN-6698-263143,4,0,spy2,0.66396755,train,42,weighted,False
ISPY2-791944_z010,ISPY2-791944,4,0,spy2,0.513766,train,42,weighted,False
ISPY2-791944_z012,ISPY2-791944,4,0,spy2,0.48392674,train,42,weighted,False
ISPY2-791944_z013,ISPY2-791944,4,0,spy2,0.48122668,train,42,weighted,False
ISPY2-791944_z014,ISPY2-791944,4,0,spy2,0.4809921,train,42,weighted,False
ISPY2-791944_z015,ISPY2-791944,4,0,spy2,0.48531333,train,42,weighted,False
ISPY2-791944_z016,ISPY2-791944,4,0,spy2,0.49416068,train,42,weighted,False
ISPY2-791944_z017,ISPY2-791944,4,0,spy2,0.50497085,train,42,weighted,False
ISPY2-791944_z018,ISPY2-791944,4,0,spy2,0.5118381,train,42,weighted,False
ISPY2-791944_z019,ISPY2-791944,4,0,spy2,0.5195704,train,42,weighted,False
ISPY2-791944_z020,ISPY2-791944,4,0,spy2,0.52792335,train,42,weighted,False
ACRIN-6698-629606_z021,ACRIN-6698-629606,4,0,spy2,0.6185627,train,42,weighted,False
ACRIN-6698-629606_z022,ACRIN-6698-629606,4,0,spy2,0.61881644,train,42,weighted,False
ACRIN-6698-629606_z023,ACRIN-6698-629606,4,0,spy2,0.6191138,train,42,weighted,False
ACRIN-6698-629606_z024,ACRIN-6698-629606,4,0,spy2,0.6195803,train,42,weighted,False
ACRIN-6698-629606_z025,ACRIN-6698-629606,4,0,spy2,0.6199713,train,42,weighted,False
ACRIN-6698-629606_z028,ACRIN-6698-629606,4,0,spy2,0.6205966,train,42,weighted,False
ACRIN-6698-629606_z029,ACRIN-6698-629606,4,0,spy2,0.6205515,train,42,weighted,False
ACRIN-6698-629606_z030,ACRIN-6698-629606,4,0,spy2,0.62087405,train,42,weighted,False
ACRIN-6698-629606_z031,ACRIN-6698-629606,4,0,spy2,0.62083274,train,42,weighted,False
ACRIN-6698-629606_z032,ACRIN-6698-629606,4,0,spy2,0.62065905,train,42,weighted,False
ACRIN-6698-209967_z008,ACRIN-6698-209967,4,0,spy2,0.19993272,train,42,weighted,False
ACRIN-6698-209967_z009,ACRIN-6698-209967,4,0,spy2,0.1946855,train,42,weighted,False
ACRIN-6698-209967_z010,ACRIN-6698-209967,4,0,spy2,0.1991126,train,42,weighted,False
ACRIN-6698-209967_z011,ACRIN-6698-209967,4,0,spy2,0.20068486,train,42,weighted,False
ACRIN-6698-209967_z012,ACRIN-6698-209967,4,0,spy2,0.21862198,train,42,weighted,False
ACRIN-6698-209967_z013,ACRIN-6698-209967,4,0,spy2,0.22978547,train,42,weighted,False
ACRIN-6698-209967_z014,ACRIN-6698-209967,4,0,spy2,0.24121748,train,42,weighted,False
ACRIN-6698-209967_z015,ACRIN-6698-209967,4,0,spy2,0.27203482,train,42,weighted,False
ACRIN-6698-209967_z016,ACRIN-6698-209967,4,0,spy2,0.29112718,train,42,weighted,False
ACRIN-6698-209967_z017,ACRIN-6698-209967,4,0,spy2,0.301581,train,42,weighted,False
ISPY2-264678_z017,ISPY2-264678,4,0,spy2,0.33076766,train,42,weighted,False
ISPY2-264678_z018,ISPY2-264678,4,0,spy2,0.33147615,train,42,weighted,False
ISPY2-264678_z019,ISPY2-264678,4,0,spy2,0.332186,train,42,weighted,False
ISPY2-264678_z020,ISPY2-264678,4,0,spy2,0.33295646,train,42,weighted,False
ISPY2-264678_z021,ISPY2-264678,4,0,spy2,0.3333698,train,42,weighted,False
ISPY2-264678_z022,ISPY2-264678,4,0,spy2,0.3333603,train,42,weighted,False
ISPY2-264678_z026,ISPY2-264678,4,0,spy2,0.33083743,train,42,weighted,False
ISPY2-264678_z027,ISPY2-264678,4,0,spy2,0.3179677,train,42,weighted,False
ISPY2-264678_z029,ISPY2-264678,4,0,spy2,0.2976979,train,42,weighted,False
ISPY2-264678_z030,ISPY2-264678,4,0,spy2,0.2888589,train,42,weighted,False
ISPY2-235995_z004,ISPY2-235995,4,1,spy2,0.51114154,train,42,weighted,False
ISPY2-235995_z005,ISPY2-235995,4,1,spy2,0.50060374,train,42,weighted,False
ISPY2-235995_z006,ISPY2-235995,4,1,spy2,0.49626926,train,42,weighted,False
ISPY2-235995_z007,ISPY2-235995,4,1,spy2,0.5010571,train,42,weighted,False
ISPY2-235995_z008,ISPY2-235995,4,1,spy2,0.50641936,train,42,weighted,False
ISPY2-235995_z009,ISPY2-235995,4,1,spy2,0.51029336,train,42,weighted,False
ISPY2-235995_z011,ISPY2-235995,4,1,spy2,0.49740624,train,42,weighted,False
ISPY2-235995_z012,ISPY2-235995,4,1,spy2,0.49210912,train,42,weighted,False
ISPY2-235995_z013,ISPY2-235995,4,1,spy2,0.4942426,train,42,weighted,False
ISPY2-235995_z014,ISPY2-235995,4,1,spy2,0.49670586,train,42,weighted,False
ISPY2-624777_z014,ISPY2-624777,4,0,spy2,0.53826576,train,42,weighted,False
ISPY2-624777_z015,ISPY2-624777,4,0,spy2,0.52511775,train,42,weighted,False
ISPY2-624777_z016,ISPY2-624777,4,0,spy2,0.5076142,train,42,weighted,False
ISPY2-624777_z018,ISPY2-624777,4,0,spy2,0.4819153,train,42,weighted,False
ISPY2-624777_z019,ISPY2-624777,4,0,spy2,0.4806464,train,42,weighted,False
ISPY2-624777_z020,ISPY2-624777,4,0,spy2,0.48817256,train,42,weighted,False
ISPY2-624777_z021,ISPY2-624777,4,0,spy2,0.5032179,train,42,weighted,False
ISPY2-624777_z022,ISPY2-624777,4,0,spy2,0.5266751,train,42,weighted,False
ISPY2-624777_z023,ISPY2-624777,4,0,spy2,0.54584247,train,42,weighted,False
ISPY2-624777_z024,ISPY2-624777,4,0,spy2,0.55520123,train,42,weighted,False
ISPY2-411684_z023,ISPY2-411684,4,0,spy2,0.5890781,train,42,weighted,False
ISPY2-411684_z024,ISPY2-411684,4,0,spy2,0.5896277,train,42,weighted,False
ISPY2-411684_z025,ISPY2-411684,4,0,spy2,0.59023076,train,42,weighted,False
ISPY2-411684_z026,ISPY2-411684,4,0,spy2,0.59060615,train,42,weighted,False
ISPY2-411684_z027,ISPY2-411684,4,0,spy2,0.59145063,train,42,weighted,False
ISPY2-411684_z028,ISPY2-411684,4,0,spy2,0.59239686,train,42,weighted,False
ISPY2-411684_z029,ISPY2-411684,4,0,spy2,0.5918754,train,42,weighted,False
ISPY2-411684_z030,ISPY2-411684,4,0,spy2,0.5911653,train,42,weighted,False
ISPY2-411684_z031,ISPY2-411684,4,0,spy2,0.5898984,train,42,weighted,False
ISPY2-411684_z032,ISPY2-411684,4,0,spy2,0.5901336,train,42,weighted,False
ACRIN-6698-755914_z013,ACRIN-6698-755914,4,1,spy2,0.6601016,train,42,weighted,False
ACRIN-6698-755914_z014,ACRIN-6698-755914,4,1,spy2,0.65997386,train,42,weighted,False
ACRIN-6698-755914_z016,ACRIN-6698-755914,4,1,spy2,0.65978587,train,42,weighted,False
ACRIN-6698-755914_z018,ACRIN-6698-755914,4,1,spy2,0.6599395,train,42,weighted,False
ACRIN-6698-755914_z019,ACRIN-6698-755914,4,1,spy2,0.66000676,train,42,weighted,False
ACRIN-6698-755914_z020,ACRIN-6698-755914,4,1,spy2,0.6600585,train,42,weighted,False
ACRIN-6698-755914_z021,ACRIN-6698-755914,4,1,spy2,0.66011226,train,42,weighted,False
ACRIN-6698-755914_z022,ACRIN-6698-755914,4,1,spy2,0.660171,train,42,weighted,False
ACRIN-6698-755914_z023,ACRIN-6698-755914,4,1,spy2,0.6601577,train,42,weighted,False
ACRIN-6698-755914_z024,ACRIN-6698-755914,4,1,spy2,0.6601535,train,42,weighted,False
ISPY2-727804_z007,ISPY2-727804,4,1,spy2,0.5700027,train,42,weighted,False
ISPY2-727804_z008,ISPY2-727804,4,1,spy2,0.5710074,train,42,weighted,False
ISPY2-727804_z009,ISPY2-727804,4,1,spy2,0.5712145,train,42,weighted,False
ISPY2-727804_z010,ISPY2-727804,4,1,spy2,0.570579,train,42,weighted,False
ISPY2-727804_z011,ISPY2-727804,4,1,spy2,0.57024693,train,42,weighted,False
ISPY2-727804_z012,ISPY2-727804,4,1,spy2,0.5692651,train,42,weighted,False
ISPY2-727804_z013,ISPY2-727804,4,1,spy2,0.5701042,train,42,weighted,False
ISPY2-727804_z014,ISPY2-727804,4,1,spy2,0.5705608,train,42,weighted,False
ISPY2-727804_z015,ISPY2-727804,4,1,spy2,0.5705137,train,42,weighted,False
ISPY2-727804_z016,ISPY2-727804,4,1,spy2,0.5714314,train,42,weighted,False
ISPY2-273745_z021,ISPY2-273745,4,0,spy2,0.29870933,train,42,weighted,False
ISPY2-273745_z022,ISPY2-273745,4,0,spy2,0.29861155,train,42,weighted,False
ISPY2-273745_z023,ISPY2-273745,4,0,spy2,0.29866198,train,42,weighted,False
ISPY2-273745_z024,ISPY2-273745,4,0,spy2,0.29909256,train,42,weighted,False
ISPY2-273745_z025,ISPY2-273745,4,0,spy2,0.29944384,train,42,weighted,False
ISPY2-273745_z026,ISPY2-273745,4,0,spy2,0.29953957,train,42,weighted,False
ISPY2-273745_z027,ISPY2-273745,4,0,spy2,0.2995105,train,42,weighted,False
ISPY2-273745_z028,ISPY2-273745,4,0,spy2,0.29957366,train,42,weighted,False
ISPY2-273745_z029,ISPY2-273745,4,0,spy2,0.2996459,train,42,weighted,False
ISPY2-273745_z030,ISPY2-273745,4,0,spy2,0.29963973,train,42,weighted,False
ISPY2-705381_z019,ISPY2-705381,4,1,spy2,0.51005757,train,42,weighted,False
ISPY2-705381_z020,ISPY2-705381,4,1,spy2,0.51005757,train,42,weighted,False
ISPY2-705381_z024,ISPY2-705381,4,1,spy2,0.50793517,train,42,weighted,False
ISPY2-705381_z025,ISPY2-705381,4,1,spy2,0.50719905,train,42,weighted,False
ISPY2-705381_z029,ISPY2-705381,4,1,spy2,0.505228,train,42,weighted,False
ISPY2-705381_z030,ISPY2-705381,4,1,spy2,0.5043586,train,42,weighted,False
ISPY2-705381_z031,ISPY2-705381,4,1,spy2,0.50403935,train,42,weighted,False
ISPY2-705381_z032,ISPY2-705381,4,1,spy2,0.504568,train,42,weighted,False
ISPY2-705381_z033,ISPY2-705381,4,1,spy2,0.50541764,train,42,weighted,False
ISPY2-705381_z034,ISPY2-705381,4,1,spy2,0.50683177,train,42,weighted,False
ISPY2-386664_z012,ISPY2-386664,4,0,spy2,0.09283356,train,42,weighted,False
ISPY2-386664_z013,ISPY2-386664,4,0,spy2,0.0942397,train,42,weighted,False
ISPY2-386664_z014,ISPY2-386664,4,0,spy2,0.086641595,train,42,weighted,False
ISPY2-386664_z015,ISPY2-386664,4,0,spy2,0.08429117,train,42,weighted,False
ISPY2-386664_z016,ISPY2-386664,4,0,spy2,0.0805213,train,42,weighted,False
ISPY2-386664_z017,ISPY2-386664,4,0,spy2,0.07994512,train,42,weighted,False
ISPY2-386664_z018,ISPY2-386664,4,0,spy2,0.079745784,train,42,weighted,False
ISPY2-386664_z019,ISPY2-386664,4,0,spy2,0.07725165,train,42,weighted,False
ISPY2-386664_z020,ISPY2-386664,4,0,spy2,0.08591723,train,42,weighted,False
ISPY2-386664_z021,ISPY2-386664,4,0,spy2,0.09329717,train,42,weighted,False
ISPY2-651541_z005,ISPY2-651541,4,1,spy2,0.55770236,train,42,weighted,False
ISPY2-651541_z006,ISPY2-651541,4,1,spy2,0.5626962,train,42,weighted,False
ISPY2-651541_z007,ISPY2-651541,4,1,spy2,0.5645806,train,42,weighted,False
ISPY2-651541_z008,ISPY2-651541,4,1,spy2,0.5645583,train,42,weighted,False
ISPY2-651541_z009,ISPY2-651541,4,1,spy2,0.56457835,train,42,weighted,False
ISPY2-651541_z010,ISPY2-651541,4,1,spy2,0.5645281,train,42,weighted,False
ISPY2-651541_z011,ISPY2-651541,4,1,spy2,0.56474423,train,42,weighted,False
ISPY2-651541_z012,ISPY2-651541,4,1,spy2,0.5655847,train,42,weighted,False
ISPY2-651541_z013,ISPY2-651541,4,1,spy2,0.56638336,train,42,weighted,False
ISPY2-651541_z014,ISPY2-651541,4,1,spy2,0.5660736,train,42,weighted,False
ISPY2-313672_z005,ISPY2-313672,4,0,spy2,0.15284833,train,42,weighted,False
ISPY2-313672_z006,ISPY2-313672,4,0,spy2,0.15162712,train,42,weighted,False
ISPY2-313672_z007,ISPY2-313672,4,0,spy2,0.15337941,train,42,weighted,False
ISPY2-313672_z008,ISPY2-313672,4,0,spy2,0.1659734,train,42,weighted,False
ISPY2-313672_z009,ISPY2-313672,4,0,spy2,0.15555495,train,42,weighted,False
ISPY2-313672_z010,ISPY2-313672,4,0,spy2,0.14535318,train,42,weighted,False
ISPY2-313672_z011,ISPY2-313672,4,0,spy2,0.12641062,train,42,weighted,False
ISPY2-313672_z012,ISPY2-313672,4,0,spy2,0.12446724,train,42,weighted,False
ISPY2-313672_z013,ISPY2-313672,4,0,spy2,0.14693622,train,42,weighted,False
ISPY2-313672_z014,ISPY2-313672,4,0,spy2,0.16521274,train,42,weighted,False
ISPY2-500826_z006,ISPY2-500826,4,0,spy2,0.19676179,train,42,weighted,False
ISPY2-500826_z007,ISPY2-500826,4,0,spy2,0.19971277,train,42,weighted,False
ISPY2-500826_z008,ISPY2-500826,4,0,spy2,0.19977802,train,42,weighted,False
ISPY2-500826_z009,ISPY2-500826,4,0,spy2,0.19957632,train,42,weighted,False
ISPY2-500826_z010,ISPY2-500826,4,0,spy2,0.1994391,train,42,weighted,False
ISPY2-500826_z011,ISPY2-500826,4,0,spy2,0.19892602,train,42,weighted,False
ISPY2-500826_z012,ISPY2-500826,4,0,spy2,0.19854304,train,42,weighted,False
ISPY2-500826_z013,ISPY2-500826,4,0,spy2,0.19918622,train,42,weighted,False
ISPY2-500826_z014,ISPY2-500826,4,0,spy2,0.19998348,train,42,weighted,False
ISPY2-500826_z015,ISPY2-500826,4,0,spy2,0.19939807,train,42,weighted,False
ISPY2-729270_z025,ISPY2-729270,4,1,spy2,0.8059526,train,42,weighted,False
ISPY2-729270_z026,ISPY2-729270,4,1,spy2,0.805206,train,42,weighted,False
ISPY2-729270_z027,ISPY2-729270,4,1,spy2,0.8046918,train,42,weighted,False
ISPY2-729270_z028,ISPY2-729270,4,1,spy2,0.8040632,train,42,weighted,False
ISPY2-729270_z029,ISPY2-729270,4,1,spy2,0.80306476,train,42,weighted,False
ISPY2-729270_z030,ISPY2-729270,4,1,spy2,0.8026367,train,42,weighted,False
ISPY2-729270_z031,ISPY2-729270,4,1,spy2,0.80254,train,42,weighted,False
ISPY2-729270_z032,ISPY2-729270,4,1,spy2,0.8025376,train,42,weighted,False
ISPY2-729270_z033,ISPY2-729270,4,1,spy2,0.80280846,train,42,weighted,False
ISPY2-729270_z034,ISPY2-729270,4,1,spy2,0.8035035,train,42,weighted,False
ACRIN-6698-375954_z043,ACRIN-6698-375954,4,0,spy2,0.76066685,train,42,weighted,False
ACRIN-6698-375954_z044,ACRIN-6698-375954,4,0,spy2,0.7641294,train,42,weighted,False
ACRIN-6698-375954_z045,ACRIN-6698-375954,4,0,spy2,0.7718106,train,42,weighted,False
ACRIN-6698-375954_z046,ACRIN-6698-375954,4,0,spy2,0.77939874,train,42,weighted,False
ACRIN-6698-375954_z047,ACRIN-6698-375954,4,0,spy2,0.78464377,train,42,weighted,False
ACRIN-6698-375954_z053,ACRIN-6698-375954,4,0,spy2,0.7798954,train,42,weighted,False
ACRIN-6698-375954_z067,ACRIN-6698-375954,4,0,spy2,0.7584476,train,42,weighted,False
ACRIN-6698-375954_z068,ACRIN-6698-375954,4,0,spy2,0.76137924,train,42,weighted,False
ACRIN-6698-375954_z069,ACRIN-6698-375954,4,0,spy2,0.7535856,train,42,weighted,False
ACRIN-6698-375954_z070,ACRIN-6698-375954,4,0,spy2,0.74201113,train,42,weighted,False
ISPY2-307659_z011,ISPY2-307659,4,0,spy2,0.41736326,train,42,weighted,False
ISPY2-307659_z012,ISPY2-307659,4,0,spy2,0.42103267,train,42,weighted,False
ISPY2-307659_z013,ISPY2-307659,4,0,spy2,0.41762048,train,42,weighted,False
ISPY2-307659_z014,ISPY2-307659,4,0,spy2,0.4046298,train,42,weighted,False
ISPY2-307659_z015,ISPY2-307659,4,0,spy2,0.38936067,train,42,weighted,False
ISPY2-307659_z016,ISPY2-307659,4,0,spy2,0.39359522,train,42,weighted,False
ISPY2-307659_z017,ISPY2-307659,4,0,spy2,0.4029154,train,42,weighted,False
ISPY2-307659_z018,ISPY2-307659,4,0,spy2,0.40637574,train,42,weighted,False
ISPY2-307659_z019,ISPY2-307659,4,0,spy2,0.40698022,train,42,weighted,False
ISPY2-307659_z020,ISPY2-307659,4,0,spy2,0.4219465,train,42,weighted,False
ISPY2-677915_z013,ISPY2-677915,4,0,spy2,0.24179663,train,42,weighted,False
ISPY2-677915_z014,ISPY2-677915,4,0,spy2,0.24544117,train,42,weighted,False
ISPY2-677915_z015,ISPY2-677915,4,0,spy2,0.23922347,train,42,weighted,False
ISPY2-677915_z016,ISPY2-677915,4,0,spy2,0.24570444,train,42,weighted,False
ISPY2-677915_z017,ISPY2-677915,4,0,spy2,0.24390791,train,42,weighted,False
ISPY2-677915_z018,ISPY2-677915,4,0,spy2,0.24338888,train,42,weighted,False
ISPY2-677915_z019,ISPY2-677915,4,0,spy2,0.24506287,train,42,weighted,False
ISPY2-677915_z020,ISPY2-677915,4,0,spy2,0.24347982,train,42,weighted,False
ISPY2-677915_z021,ISPY2-677915,4,0,spy2,0.23915753,train,42,weighted,False
ISPY2-677915_z022,ISPY2-677915,4,0,spy2,0.23858841,train,42,weighted,False
ISPY2-100899_z008,ISPY2-100899,4,0,spy2,0.5675578,train,42,weighted,False
ISPY2-100899_z022,ISPY2-100899,4,0,spy2,0.61450446,train,42,weighted,False
ISPY2-100899_z023,ISPY2-100899,4,0,spy2,0.5915503,train,42,weighted,False
ISPY2-100899_z024,ISPY2-100899,4,0,spy2,0.56846327,train,42,weighted,False
ISPY2-100899_z025,ISPY2-100899,4,0,spy2,0.5810159,train,42,weighted,False
ISPY2-100899_z026,ISPY2-100899,4,0,spy2,0.57830065,train,42,weighted,False
ISPY2-100899_z027,ISPY2-100899,4,0,spy2,0.5713391,train,42,weighted,False
ISPY2-100899_z028,ISPY2-100899,4,0,spy2,0.5371693,train,42,weighted,False
ISPY2-100899_z029,ISPY2-100899,4,0,spy2,0.5077651,train,42,weighted,False
ISPY2-100899_z030,ISPY2-100899,4,0,spy2,0.5019382,train,42,weighted,False
ISPY2-590220_z017,ISPY2-590220,4,1,spy2,0.48418123,train,42,weighted,False
ISPY2-590220_z018,ISPY2-590220,4,1,spy2,0.4815304,train,42,weighted,False
ISPY2-590220_z019,ISPY2-590220,4,1,spy2,0.48387277,train,42,weighted,False
ISPY2-590220_z020,ISPY2-590220,4,1,spy2,0.49385035,train,42,weighted,False
ISPY2-590220_z021,ISPY2-590220,4,1,spy2,0.5051773,train,42,weighted,False
ISPY2-590220_z026,ISPY2-590220,4,1,spy2,0.5406036,train,42,weighted,False
ISPY2-590220_z027,ISPY2-590220,4,1,spy2,0.5429048,train,42,weighted,False
ISPY2-590220_z028,ISPY2-590220,4,1,spy2,0.5465269,train,42,weighted,False
ISPY2-590220_z029,ISPY2-590220,4,1,spy2,0.54904586,train,42,weighted,False
ISPY2-590220_z030,ISPY2-590220,4,1,spy2,0.5492399,train,42,weighted,False
ISPY2-291515_z013,ISPY2-291515,4,0,spy2,0.5903264,train,42,weighted,False
ISPY2-291515_z014,ISPY2-291515,4,0,spy2,0.5909825,train,42,weighted,False
ISPY2-291515_z015,ISPY2-291515,4,0,spy2,0.5900776,train,42,weighted,False
ISPY2-291515_z016,ISPY2-291515,4,0,spy2,0.58885497,train,42,weighted,False
ISPY2-291515_z017,ISPY2-291515,4,0,spy2,0.587596,train,42,weighted,False
ISPY2-291515_z018,ISPY2-291515,4,0,spy2,0.58648735,train,42,weighted,False
ISPY2-291515_z019,ISPY2-291515,4,0,spy2,0.58598685,train,42,weighted,False
ISPY2-291515_z020,ISPY2-291515,4,0,spy2,0.5866325,train,42,weighted,False
ISPY2-291515_z021,ISPY2-291515,4,0,spy2,0.58647496,train,42,weighted,False
ISPY2-291515_z022,ISPY2-291515,4,0,spy2,0.58787686,train,42,weighted,False
ISPY2-182346_z035,ISPY2-182346,4,0,spy2,0.16741568,train,42,weighted,False
ISPY2-182346_z036,ISPY2-182346,4,0,spy2,0.16719311,train,42,weighted,False
ISPY2-182346_z037,ISPY2-182346,4,0,spy2,0.1670181,train,42,weighted,False
ISPY2-182346_z038,ISPY2-182346,4,0,spy2,0.16836216,train,42,weighted,False
ISPY2-182346_z039,ISPY2-182346,4,0,spy2,0.16949077,train,42,weighted,False
ISPY2-182346_z040,ISPY2-182346,4,0,spy2,0.17028296,train,42,weighted,False
ISPY2-182346_z041,ISPY2-182346,4,0,spy2,0.17088275,train,42,weighted,False
ISPY2-182346_z042,ISPY2-182346,4,0,spy2,0.17115189,train,42,weighted,False
ISPY2-182346_z043,ISPY2-182346,4,0,spy2,0.17134535,train,42,weighted,False
ISPY2-182346_z044,ISPY2-182346,4,0,spy2,0.17142753,train,42,weighted,False
ISPY2-857165_z020,ISPY2-857165,4,0,spy2,0.20423561,train,42,weighted,False
ISPY2-857165_z025,ISPY2-857165,4,0,spy2,0.20237134,train,42,weighted,False
ISPY2-857165_z026,ISPY2-857165,4,0,spy2,0.20295843,train,42,weighted,False
ISPY2-857165_z027,ISPY2-857165,4,0,spy2,0.20317101,train,42,weighted,False
ISPY2-857165_z028,ISPY2-857165,4,0,spy2,0.20322788,train,42,weighted,False
ISPY2-857165_z029,ISPY2-857165,4,0,spy2,0.20318337,train,42,weighted,False
ISPY2-857165_z030,ISPY2-857165,4,0,spy2,0.20302673,train,42,weighted,False
ISPY2-857165_z031,ISPY2-857165,4,0,spy2,0.20266365,train,42,weighted,False
ISPY2-857165_z032,ISPY2-857165,4,0,spy2,0.20257387,train,42,weighted,False
ISPY2-857165_z033,ISPY2-857165,4,0,spy2,0.20231657,train,42,weighted,False
ISPY2-745633_z006,ISPY2-745633,4,0,spy2,0.24983768,train,42,weighted,False
ISPY2-745633_z013,ISPY2-745633,4,0,spy2,0.2607139,train,42,weighted,False
ISPY2-745633_z014,ISPY2-745633,4,0,spy2,0.26034603,train,42,weighted,False
ISPY2-745633_z015,ISPY2-745633,4,0,spy2,0.26013544,train,42,weighted,False
ISPY2-745633_z016,ISPY2-745633,4,0,spy2,0.26014817,train,42,weighted,False
ISPY2-745633_z017,ISPY2-745633,4,0,spy2,0.25985715,train,42,weighted,False
ISPY2-745633_z018,ISPY2-745633,4,0,spy2,0.25913823,train,42,weighted,False
ISPY2-745633_z019,ISPY2-745633,4,0,spy2,0.25866637,train,42,weighted,False
ISPY2-745633_z020,ISPY2-745633,4,0,spy2,0.2555133,train,42,weighted,False
ISPY2-745633_z021,ISPY2-745633,4,0,spy2,0.2313753,train,42,weighted,False
ISPY2-725455_z019,ISPY2-725455,4,0,spy2,0.62762016,train,42,weighted,False
ISPY2-725455_z020,ISPY2-725455,4,0,spy2,0.62563396,train,42,weighted,False
ISPY2-725455_z021,ISPY2-725455,4,0,spy2,0.6291512,train,42,weighted,False
ISPY2-725455_z022,ISPY2-725455,4,0,spy2,0.65104175,train,42,weighted,False
ISPY2-725455_z023,ISPY2-725455,4,0,spy2,0.64677495,train,42,weighted,False
ISPY2-725455_z024,ISPY2-725455,4,0,spy2,0.6548105,train,42,weighted,False
ISPY2-725455_z025,ISPY2-725455,4,0,spy2,0.6739987,train,42,weighted,False
ISPY2-725455_z026,ISPY2-725455,4,0,spy2,0.6847631,train,42,weighted,False
ISPY2-725455_z027,ISPY2-725455,4,0,spy2,0.6894301,train,42,weighted,False
ISPY2-725455_z028,ISPY2-725455,4,0,spy2,0.69768983,train,42,weighted,False
ISPY2-456432_z018,ISPY2-456432,4,0,spy2,0.65029204,train,42,weighted,False
ISPY2-456432_z027,ISPY2-456432,4,0,spy2,0.648844,train,42,weighted,False
ISPY2-456432_z028,ISPY2-456432,4,0,spy2,0.6489263,train,42,weighted,False
ISPY2-456432_z029,ISPY2-456432,4,0,spy2,0.64969265,train,42,weighted,False
ISPY2-456432_z030,ISPY2-456432,4,0,spy2,0.65003777,train,42,weighted,False
ISPY2-456432_z031,ISPY2-456432,4,0,spy2,0.64961296,train,42,weighted,False
ISPY2-456432_z032,ISPY2-456432,4,0,spy2,0.64905673,train,42,weighted,False
ISPY2-456432_z033,ISPY2-456432,4,0,spy2,0.6486731,train,42,weighted,False
ISPY2-456432_z034,ISPY2-456432,4,0,spy2,0.6484785,train,42,weighted,False
ISPY2-456432_z035,ISPY2-456432,4,0,spy2,0.6482516,train,42,weighted,False
ISPY2-202539_z032,ISPY2-202539,4,1,spy2,0.14991121,train,42,weighted,False
ISPY2-202539_z033,ISPY2-202539,4,1,spy2,0.14991027,train,42,weighted,False
ISPY2-202539_z034,ISPY2-202539,4,1,spy2,0.15004846,train,42,weighted,False
ISPY2-202539_z035,ISPY2-202539,4,1,spy2,0.1502921,train,42,weighted,False
ISPY2-202539_z036,ISPY2-202539,4,1,spy2,0.15034391,train,42,weighted,False
ISPY2-202539_z037,ISPY2-202539,4,1,spy2,0.15026203,train,42,weighted,False
ISPY2-202539_z038,ISPY2-202539,4,1,spy2,0.1502103,train,42,weighted,False
ISPY2-202539_z039,ISPY2-202539,4,1,spy2,0.15019253,train,42,weighted,False
ISPY2-202539_z040,ISPY2-202539,4,1,spy2,0.15027624,train,42,weighted,False
ISPY2-202539_z041,ISPY2-202539,4,1,spy2,0.15039611,train,42,weighted,False
ISPY2-759015_z004,ISPY2-759015,4,0,spy2,0.40004086,train,42,weighted,False
ISPY2-759015_z005,ISPY2-759015,4,0,spy2,0.3931282,train,42,weighted,False
ISPY2-759015_z006,ISPY2-759015,4,0,spy2,0.3710192,train,42,weighted,False
ISPY2-759015_z007,ISPY2-759015,4,0,spy2,0.35203895,train,42,weighted,False
ISPY2-759015_z008,ISPY2-759015,4,0,spy2,0.33162314,train,42,weighted,False
ISPY2-759015_z009,ISPY2-759015,4,0,spy2,0.30025786,train,42,weighted,False
ISPY2-759015_z010,ISPY2-759015,4,0,spy2,0.31205282,train,42,weighted,False
ISPY2-759015_z011,ISPY2-759015,4,0,spy2,0.35005865,train,42,weighted,False
ISPY2-759015_z012,ISPY2-759015,4,0,spy2,0.36805862,train,42,weighted,False
ISPY2-759015_z013,ISPY2-759015,4,0,spy2,0.35976043,train,42,weighted,False
ISPY2-950131_z014,ISPY2-950131,4,1,spy2,0.34347516,train,42,weighted,False
ISPY2-950131_z015,ISPY2-950131,4,1,spy2,0.34305784,train,42,weighted,False
ISPY2-950131_z016,ISPY2-950131,4,1,spy2,0.34205887,train,42,weighted,False
ISPY2-950131_z017,ISPY2-950131,4,1,spy2,0.34080696,train,42,weighted,False
ISPY2-950131_z019,ISPY2-950131,4,1,spy2,0.3421323,train,42,weighted,False
ISPY2-950131_z020,ISPY2-950131,4,1,spy2,0.34137067,train,42,weighted,False
ISPY2-950131_z021,ISPY2-950131,4,1,spy2,0.34230542,train,42,weighted,False
ISPY2-950131_z022,ISPY2-950131,4,1,spy2,0.34132984,train,42,weighted,False
ISPY2-950131_z023,ISPY2-950131,4,1,spy2,0.34366187,train,42,weighted,False
ISPY2-950131_z024,ISPY2-950131,4,1,spy2,0.34627917,train,42,weighted,False
ISPY2-889721_z007,ISPY2-889721,4,1,spy2,0.75271714,train,42,weighted,False
ISPY2-889721_z008,ISPY2-889721,4,1,spy2,0.75276726,train,42,weighted,False
ISPY2-889721_z009,ISPY2-889721,4,1,spy2,0.75277835,train,42,weighted,False
ISPY2-889721_z010,ISPY2-889721,4,1,spy2,0.7528903,train,42,weighted,False
ISPY2-889721_z011,ISPY2-889721,4,1,spy2,0.7530941,train,42,weighted,False
ISPY2-889721_z012,ISPY2-889721,4,1,spy2,0.75334334,train,42,weighted,False
ISPY2-889721_z013,ISPY2-889721,4,1,spy2,0.7534657,train,42,weighted,False
ISPY2-889721_z014,ISPY2-889721,4,1,spy2,0.75351185,train,42,weighted,False
ISPY2-889721_z015,ISPY2-889721,4,1,spy2,0.75359917,train,42,weighted,False
ISPY2-889721_z016,ISPY2-889721,4,1,spy2,0.7536616,train,42,weighted,False
ISPY2-835658_z002,ISPY2-835658,4,1,spy2,0.3212773,train,42,weighted,False
ISPY2-835658_z003,ISPY2-835658,4,1,spy2,0.3215472,train,42,weighted,False
ISPY2-835658_z004,ISPY2-835658,4,1,spy2,0.32140943,train,42,weighted,False
ISPY2-835658_z005,ISPY2-835658,4,1,spy2,0.3212246,train,42,weighted,False
ISPY2-835658_z006,ISPY2-835658,4,1,spy2,0.32129198,train,42,weighted,False
ISPY2-835658_z007,ISPY2-835658,4,1,spy2,0.32179084,train,42,weighted,False
ISPY2-835658_z008,ISPY2-835658,4,1,spy2,0.3215449,train,42,weighted,False
ISPY2-835658_z009,ISPY2-835658,4,1,spy2,0.32173097,train,42,weighted,False
ISPY2-835658_z010,ISPY2-835658,4,1,spy2,0.321687,train,42,weighted,False
ISPY2-835658_z011,ISPY2-835658,4,1,spy2,0.32160157,train,42,weighted,False
ISPY2-660915_z012,ISPY2-660915,4,0,spy2,0.2126615,train,42,weighted,False
ISPY2-660915_z013,ISPY2-660915,4,0,spy2,0.21209891,train,42,weighted,False
ISPY2-660915_z014,ISPY2-660915,4,0,spy2,0.2115013,train,42,weighted,False
ISPY2-660915_z015,ISPY2-660915,4,0,spy2,0.21083726,train,42,weighted,False
ISPY2-660915_z016,ISPY2-660915,4,0,spy2,0.21012044,train,42,weighted,False
ISPY2-660915_z017,ISPY2-660915,4,0,spy2,0.20871358,train,42,weighted,False
ISPY2-660915_z018,ISPY2-660915,4,0,spy2,0.20903404,train,42,weighted,False
ISPY2-660915_z019,ISPY2-660915,4,0,spy2,0.20974042,train,42,weighted,False
ISPY2-660915_z020,ISPY2-660915,4,0,spy2,0.21109715,train,42,weighted,False
ISPY2-660915_z021,ISPY2-660915,4,0,spy2,0.21228242,train,42,weighted,False
ISPY2-819622_z021,ISPY2-819622,4,0,spy2,0.23212725,train,42,weighted,False
ISPY2-819622_z022,ISPY2-819622,4,0,spy2,0.2350045,train,42,weighted,False
ISPY2-819622_z023,ISPY2-819622,4,0,spy2,0.24259241,train,42,weighted,False
ISPY2-819622_z024,ISPY2-819622,4,0,spy2,0.24215297,train,42,weighted,False
ISPY2-819622_z025,ISPY2-819622,4,0,spy2,0.22244157,train,42,weighted,False
ISPY2-819622_z026,ISPY2-819622,4,0,spy2,0.20919576,train,42,weighted,False
ISPY2-819622_z027,ISPY2-819622,4,0,spy2,0.21286406,train,42,weighted,False
ISPY2-819622_z028,ISPY2-819622,4,0,spy2,0.2320458,train,42,weighted,False
ISPY2-819622_z029,ISPY2-819622,4,0,spy2,0.2564301,train,42,weighted,False
ISPY2-819622_z030,ISPY2-819622,4,0,spy2,0.2634623,train,42,weighted,False
ISPY2-692885_z010,ISPY2-692885,4,0,spy2,0.6890532,train,42,weighted,False
ISPY2-692885_z011,ISPY2-692885,4,0,spy2,0.6888161,train,42,weighted,False
ISPY2-692885_z012,ISPY2-692885,4,0,spy2,0.6891327,train,42,weighted,False
ISPY2-692885_z013,ISPY2-692885,4,0,spy2,0.6895525,train,42,weighted,False
ISPY2-692885_z014,ISPY2-692885,4,0,spy2,0.6897795,train,42,weighted,False
ISPY2-692885_z015,ISPY2-692885,4,0,spy2,0.69018734,train,42,weighted,False
ISPY2-692885_z016,ISPY2-692885,4,0,spy2,0.6910911,train,42,weighted,False
ISPY2-692885_z017,ISPY2-692885,4,0,spy2,0.6920654,train,42,weighted,False
ISPY2-692885_z018,ISPY2-692885,4,0,spy2,0.6922707,train,42,weighted,False
ISPY2-692885_z019,ISPY2-692885,4,0,spy2,0.69189125,train,42,weighted,False
ISPY2-188091_z004,ISPY2-188091,4,1,spy2,0.8448981,train,42,weighted,False
ISPY2-188091_z005,ISPY2-188091,4,1,spy2,0.8451159,train,42,weighted,False
ISPY2-188091_z006,ISPY2-188091,4,1,spy2,0.8457627,train,42,weighted,False
ISPY2-188091_z007,ISPY2-188091,4,1,spy2,0.846528,train,42,weighted,False
ISPY2-188091_z008,ISPY2-188091,4,1,spy2,0.8469307,train,42,weighted,False
ISPY2-188091_z009,ISPY2-188091,4,1,spy2,0.8474036,train,42,weighted,False
ISPY2-188091_z010,ISPY2-188091,4,1,spy2,0.84776974,train,42,weighted,False
ISPY2-188091_z011,ISPY2-188091,4,1,spy2,0.8479745,train,42,weighted,False
ISPY2-188091_z012,ISPY2-188091,4,1,spy2,0.84808964,train,42,weighted,False
ISPY2-188091_z013,ISPY2-188091,4,1,spy2,0.84809726,train,42,weighted,False
ACRIN-6698-283070_z019,ACRIN-6698-283070,4,0,spy2,0.41130358,train,42,weighted,False
ACRIN-6698-283070_z030,ACRIN-6698-283070,4,0,spy2,0.3650087,train,42,weighted,False
ACRIN-6698-283070_z031,ACRIN-6698-283070,4,0,spy2,0.36190572,train,42,weighted,False
ACRIN-6698-283070_z032,ACRIN-6698-283070,4,0,spy2,0.36724097,train,42,weighted,False
ACRIN-6698-283070_z033,ACRIN-6698-283070,4,0,spy2,0.3785099,train,42,weighted,False
ACRIN-6698-283070_z034,ACRIN-6698-283070,4,0,spy2,0.38680935,train,42,weighted,False
ACRIN-6698-283070_z035,ACRIN-6698-283070,4,0,spy2,0.38296112,train,42,weighted,False
ACRIN-6698-283070_z036,ACRIN-6698-283070,4,0,spy2,0.37730289,train,42,weighted,False
ACRIN-6698-283070_z037,ACRIN-6698-283070,4,0,spy2,0.3773881,train,42,weighted,False
ACRIN-6698-283070_z038,ACRIN-6698-283070,4,0,spy2,0.36918736,train,42,weighted,False
ISPY2-542392_z018,ISPY2-542392,4,0,spy2,0.59272647,train,42,weighted,False
ISPY2-542392_z019,ISPY2-542392,4,0,spy2,0.592582,train,42,weighted,False
ISPY2-542392_z020,ISPY2-542392,4,0,spy2,0.5923274,train,42,weighted,False
ISPY2-542392_z021,ISPY2-542392,4,0,spy2,0.592443,train,42,weighted,False
ISPY2-542392_z022,ISPY2-542392,4,0,spy2,0.5925303,train,42,weighted,False
ISPY2-542392_z023,ISPY2-542392,4,0,spy2,0.5923115,train,42,weighted,False
ISPY2-542392_z024,ISPY2-542392,4,0,spy2,0.5920844,train,42,weighted,False
ISPY2-542392_z025,ISPY2-542392,4,0,spy2,0.59202397,train,42,weighted,False
ISPY2-542392_z026,ISPY2-542392,4,0,spy2,0.5913043,train,42,weighted,False
ISPY2-542392_z027,ISPY2-542392,4,0,spy2,0.59153026,train,42,weighted,False
ISPY2-294176_z012,ISPY2-294176,4,1,spy2,0.37086895,train,42,weighted,False
ISPY2-294176_z013,ISPY2-294176,4,1,spy2,0.37675664,train,42,weighted,False
ISPY2-294176_z014,ISPY2-294176,4,1,spy2,0.38583434,train,42,weighted,False
ISPY2-294176_z015,ISPY2-294176,4,1,spy2,0.38711017,train,42,weighted,False
ISPY2-294176_z016,ISPY2-294176,4,1,spy2,0.38621128,train,42,weighted,False
ISPY2-294176_z017,ISPY2-294176,4,1,spy2,0.41410083,train,42,weighted,False
ISPY2-294176_z018,ISPY2-294176,4,1,spy2,0.44484907,train,42,weighted,False
ISPY2-294176_z019,ISPY2-294176,4,1,spy2,0.4673877,train,42,weighted,False
ISPY2-294176_z020,ISPY2-294176,4,1,spy2,0.45626196,train,42,weighted,False
ISPY2-294176_z021,ISPY2-294176,4,1,spy2,0.4371823,train,42,weighted,False
ACRIN-6698-490023_z012,ACRIN-6698-490023,4,1,spy2,0.8283857,train,42,weighted,False
ACRIN-6698-490023_z013,ACRIN-6698-490023,4,1,spy2,0.8267798,train,42,weighted,False
ACRIN-6698-490023_z014,ACRIN-6698-490023,4,1,spy2,0.8209695,train,42,weighted,False
ACRIN-6698-490023_z016,ACRIN-6698-490023,4,1,spy2,0.82713956,train,42,weighted,False
ACRIN-6698-490023_z017,ACRIN-6698-490023,4,1,spy2,0.8302071,train,42,weighted,False
ACRIN-6698-490023_z018,ACRIN-6698-490023,4,1,spy2,0.8314689,train,42,weighted,False
ACRIN-6698-490023_z019,ACRIN-6698-490023,4,1,spy2,0.8351084,train,42,weighted,False
ACRIN-6698-490023_z023,ACRIN-6698-490023,4,1,spy2,0.8397373,train,42,weighted,False
ACRIN-6698-490023_z024,ACRIN-6698-490023,4,1,spy2,0.83965695,train,42,weighted,False
ACRIN-6698-490023_z026,ACRIN-6698-490023,4,1,spy2,0.84051174,train,42,weighted,False
ISPY2-940186_z019,ISPY2-940186,4,1,spy2,0.22844455,train,42,weighted,False
ISPY2-940186_z022,ISPY2-940186,4,1,spy2,0.24965979,train,42,weighted,False
ISPY2-940186_z025,ISPY2-940186,4,1,spy2,0.22219807,train,42,weighted,False
ISPY2-940186_z026,ISPY2-940186,4,1,spy2,0.21968164,train,42,weighted,False
ISPY2-940186_z028,ISPY2-940186,4,1,spy2,0.22137818,train,42,weighted,False
ISPY2-940186_z029,ISPY2-940186,4,1,spy2,0.2130842,train,42,weighted,False
ISPY2-940186_z030,ISPY2-940186,4,1,spy2,0.21701539,train,42,weighted,False
ISPY2-940186_z031,ISPY2-940186,4,1,spy2,0.20548472,train,42,weighted,False
ISPY2-940186_z032,ISPY2-940186,4,1,spy2,0.21164839,train,42,weighted,False
ISPY2-940186_z033,ISPY2-940186,4,1,spy2,0.24035437,train,42,weighted,False
ISPY2-515565_z012,ISPY2-515565,4,0,spy2,0.21887428,train,42,weighted,False
ISPY2-515565_z013,ISPY2-515565,4,0,spy2,0.21363166,train,42,weighted,False
ISPY2-515565_z014,ISPY2-515565,4,0,spy2,0.21203825,train,42,weighted,False
ISPY2-515565_z015,ISPY2-515565,4,0,spy2,0.21523674,train,42,weighted,False
ISPY2-515565_z016,ISPY2-515565,4,0,spy2,0.21747506,train,42,weighted,False
ISPY2-515565_z017,ISPY2-515565,4,0,spy2,0.21409829,train,42,weighted,False
ISPY2-515565_z018,ISPY2-515565,4,0,spy2,0.20928341,train,42,weighted,False
ISPY2-515565_z019,ISPY2-515565,4,0,spy2,0.21167424,train,42,weighted,False
ISPY2-515565_z020,ISPY2-515565,4,0,spy2,0.22232006,train,42,weighted,False
ISPY2-515565_z021,ISPY2-515565,4,0,spy2,0.23259719,train,42,weighted,False
ISPY2-327142_z012,ISPY2-327142,4,0,spy2,0.14693408,train,42,weighted,False
ISPY2-327142_z013,ISPY2-327142,4,0,spy2,0.1428029,train,42,weighted,False
ISPY2-327142_z014,ISPY2-327142,4,0,spy2,0.14584297,train,42,weighted,False
ISPY2-327142_z015,ISPY2-327142,4,0,spy2,0.15492609,train,42,weighted,False
ISPY2-327142_z016,ISPY2-327142,4,0,spy2,0.16723785,train,42,weighted,False
ISPY2-327142_z017,ISPY2-327142,4,0,spy2,0.17901154,train,42,weighted,False
ISPY2-327142_z018,ISPY2-327142,4,0,spy2,0.18187459,train,42,weighted,False
ISPY2-327142_z019,ISPY2-327142,4,0,spy2,0.18180747,train,42,weighted,False
ISPY2-327142_z020,ISPY2-327142,4,0,spy2,0.17670861,train,42,weighted,False
ISPY2-327142_z021,ISPY2-327142,4,0,spy2,0.17218615,train,42,weighted,False
ISPY2-808714_z019,ISPY2-808714,4,0,spy2,0.46397507,train,42,weighted,False
ISPY2-808714_z020,ISPY2-808714,4,0,spy2,0.46627325,train,42,weighted,False
ISPY2-808714_z021,ISPY2-808714,4,0,spy2,0.4708122,train,42,weighted,False
ISPY2-808714_z022,ISPY2-808714,4,0,spy2,0.4744894,train,42,weighted,False
ISPY2-808714_z023,ISPY2-808714,4,0,spy2,0.4713647,train,42,weighted,False
ISPY2-808714_z024,ISPY2-808714,4,0,spy2,0.46808127,train,42,weighted,False
ISPY2-808714_z025,ISPY2-808714,4,0,spy2,0.47432166,train,42,weighted,False
ISPY2-808714_z026,ISPY2-808714,4,0,spy2,0.4830538,train,42,weighted,False
ISPY2-808714_z027,ISPY2-808714,4,0,spy2,0.48633474,train,42,weighted,False
ISPY2-808714_z028,ISPY2-808714,4,0,spy2,0.48205677,train,42,weighted,False
ISPY2-128675_z012,ISPY2-128675,4,1,spy2,0.16330948,train,42,weighted,False
ISPY2-128675_z013,ISPY2-128675,4,1,spy2,0.16355912,train,42,weighted,False
ISPY2-128675_z014,ISPY2-128675,4,1,spy2,0.16443877,train,42,weighted,False
ISPY2-128675_z016,ISPY2-128675,4,1,spy2,0.16447778,train,42,weighted,False
ISPY2-128675_z019,ISPY2-128675,4,1,spy2,0.16437955,train,42,weighted,False
ISPY2-128675_z020,ISPY2-128675,4,1,spy2,0.16455352,train,42,weighted,False
ISPY2-128675_z021,ISPY2-128675,4,1,spy2,0.16473547,train,42,weighted,False
ISPY2-128675_z022,ISPY2-128675,4,1,spy2,0.16476314,train,42,weighted,False
ISPY2-128675_z023,ISPY2-128675,4,1,spy2,0.16470696,train,42,weighted,False
ISPY2-128675_z024,ISPY2-128675,4,1,spy2,0.1641328,train,42,weighted,False
ISPY2-451482_z025,ISPY2-451482,4,0,spy2,0.25509995,train,42,weighted,False
ISPY2-451482_z026,ISPY2-451482,4,0,spy2,0.25618428,train,42,weighted,False
ISPY2-451482_z027,ISPY2-451482,4,0,spy2,0.25667655,train,42,weighted,False
ISPY2-451482_z028,ISPY2-451482,4,0,spy2,0.25643018,train,42,weighted,False
ISPY2-451482_z029,ISPY2-451482,4,0,spy2,0.25601453,train,42,weighted,False
ISPY2-451482_z030,ISPY2-451482,4,0,spy2,0.25579473,train,42,weighted,False
ISPY2-451482_z031,ISPY2-451482,4,0,spy2,0.25640637,train,42,weighted,False
ISPY2-451482_z032,ISPY2-451482,4,0,spy2,0.2569484,train,42,weighted,False
ISPY2-451482_z033,ISPY2-451482,4,0,spy2,0.25760037,train,42,weighted,False
ISPY2-451482_z034,ISPY2-451482,4,0,spy2,0.25791645,train,42,weighted,False
ACRIN-6698-970839_z005,ACRIN-6698-970839,4,0,spy2,0.2788661,train,42,weighted,False
ACRIN-6698-970839_z006,ACRIN-6698-970839,4,0,spy2,0.27868992,train,42,weighted,False
ACRIN-6698-970839_z007,ACRIN-6698-970839,4,0,spy2,0.27874196,train,42,weighted,False
ACRIN-6698-970839_z008,ACRIN-6698-970839,4,0,spy2,0.27898988,train,42,weighted,False
ACRIN-6698-970839_z009,ACRIN-6698-970839,4,0,spy2,0.27923304,train,42,weighted,False
ACRIN-6698-970839_z010,ACRIN-6698-970839,4,0,spy2,0.27953067,train,42,weighted,False
ACRIN-6698-970839_z011,ACRIN-6698-970839,4,0,spy2,0.27954885,train,42,weighted,False
ACRIN-6698-970839_z012,ACRIN-6698-970839,4,0,spy2,0.27930236,train,42,weighted,False
ACRIN-6698-970839_z013,ACRIN-6698-970839,4,0,spy2,0.27910167,train,42,weighted,False
ACRIN-6698-970839_z014,ACRIN-6698-970839,4,0,spy2,0.27907673,train,42,weighted,False
ISPY2-990443_z019,ISPY2-990443,4,0,spy2,0.2120484,train,42,weighted,False
ISPY2-990443_z020,ISPY2-990443,4,0,spy2,0.23135236,train,42,weighted,False
ISPY2-990443_z021,ISPY2-990443,4,0,spy2,0.23672035,train,42,weighted,False
ISPY2-990443_z022,ISPY2-990443,4,0,spy2,0.2399567,train,42,weighted,False
ISPY2-990443_z023,ISPY2-990443,4,0,spy2,0.23757191,train,42,weighted,False
ISPY2-990443_z024,ISPY2-990443,4,0,spy2,0.23483695,train,42,weighted,False
ISPY2-990443_z025,ISPY2-990443,4,0,spy2,0.23527619,train,42,weighted,False
ISPY2-990443_z026,ISPY2-990443,4,0,spy2,0.23485771,train,42,weighted,False
ISPY2-990443_z027,ISPY2-990443,4,0,spy2,0.2254607,train,42,weighted,False
ISPY2-990443_z028,ISPY2-990443,4,0,spy2,0.22324525,train,42,weighted,False
ACRIN-6698-361701_z004,ACRIN-6698-361701,4,0,spy2,0.16895652,train,42,weighted,False
ACRIN-6698-361701_z005,ACRIN-6698-361701,4,0,spy2,0.21146657,train,42,weighted,False
ACRIN-6698-361701_z006,ACRIN-6698-361701,4,0,spy2,0.26490015,train,42,weighted,False
ACRIN-6698-361701_z007,ACRIN-6698-361701,4,0,spy2,0.2769249,train,42,weighted,False
ACRIN-6698-361701_z008,ACRIN-6698-361701,4,0,spy2,0.30642304,train,42,weighted,False
ACRIN-6698-361701_z009,ACRIN-6698-361701,4,0,spy2,0.27455926,train,42,weighted,False
ACRIN-6698-361701_z010,ACRIN-6698-361701,4,0,spy2,0.2681555,train,42,weighted,False
ACRIN-6698-361701_z011,ACRIN-6698-361701,4,0,spy2,0.25373068,train,42,weighted,False
ACRIN-6698-361701_z012,ACRIN-6698-361701,4,0,spy2,0.25255078,train,42,weighted,False
ACRIN-6698-361701_z013,ACRIN-6698-361701,4,0,spy2,0.26622728,train,42,weighted,False
ACRIN-6698-924071_z003,ACRIN-6698-924071,4,0,spy2,0.12108346,train,42,weighted,False
ACRIN-6698-924071_z004,ACRIN-6698-924071,4,0,spy2,0.12763536,train,42,weighted,False
ACRIN-6698-924071_z005,ACRIN-6698-924071,4,0,spy2,0.14948894,train,42,weighted,False
ACRIN-6698-924071_z006,ACRIN-6698-924071,4,0,spy2,0.15702122,train,42,weighted,False
ACRIN-6698-924071_z007,ACRIN-6698-924071,4,0,spy2,0.17276844,train,42,weighted,False
ACRIN-6698-924071_z008,ACRIN-6698-924071,4,0,spy2,0.17476955,train,42,weighted,False
ACRIN-6698-924071_z009,ACRIN-6698-924071,4,0,spy2,0.1671265,train,42,weighted,False
ACRIN-6698-924071_z011,ACRIN-6698-924071,4,0,spy2,0.14679885,train,42,weighted,False
ACRIN-6698-924071_z012,ACRIN-6698-924071,4,0,spy2,0.14207473,train,42,weighted,False
ACRIN-6698-924071_z013,ACRIN-6698-924071,4,0,spy2,0.15992902,train,42,weighted,False
ISPY2-598798_z075,ISPY2-598798,4,0,spy2,0.29172242,train,42,weighted,False
ISPY2-598798_z076,ISPY2-598798,4,0,spy2,0.29199702,train,42,weighted,False
ISPY2-598798_z077,ISPY2-598798,4,0,spy2,0.292665,train,42,weighted,False
ISPY2-598798_z078,ISPY2-598798,4,0,spy2,0.29277116,train,42,weighted,False
ISPY2-598798_z079,ISPY2-598798,4,0,spy2,0.29311275,train,42,weighted,False
ISPY2-598798_z080,ISPY2-598798,4,0,spy2,0.29394183,train,42,weighted,False
ISPY2-598798_z081,ISPY2-598798,4,0,spy2,0.29447496,train,42,weighted,False
ISPY2-598798_z082,ISPY2-598798,4,0,spy2,0.29416433,train,42,weighted,False
ISPY2-598798_z083,ISPY2-598798,4,0,spy2,0.29380804,train,42,weighted,False
ISPY2-598798_z084,ISPY2-598798,4,0,spy2,0.29205686,train,42,weighted,False
ISPY2-960963_z006,ISPY2-960963,4,0,spy2,0.48230493,train,42,weighted,False
ISPY2-960963_z007,ISPY2-960963,4,0,spy2,0.4823372,train,42,weighted,False
ISPY2-960963_z008,ISPY2-960963,4,0,spy2,0.48235118,train,42,weighted,False
ISPY2-960963_z009,ISPY2-960963,4,0,spy2,0.4823342,train,42,weighted,False
ISPY2-960963_z010,ISPY2-960963,4,0,spy2,0.48232988,train,42,weighted,False
ISPY2-960963_z011,ISPY2-960963,4,0,spy2,0.4823269,train,42,weighted,False
ISPY2-960963_z012,ISPY2-960963,4,0,spy2,0.4824051,train,42,weighted,False
ISPY2-960963_z013,ISPY2-960963,4,0,spy2,0.4823544,train,42,weighted,False
ISPY2-960963_z014,ISPY2-960963,4,0,spy2,0.48225206,train,42,weighted,False
ISPY2-960963_z015,ISPY2-960963,4,0,spy2,0.48219934,train,42,weighted,False
