sample_id,patient_id,fold,pCR,dataset,prob,split,seed,loss,smoke
ISPY1_1003_z010,ISPY1_1003,2,0,spy1,0.2571504,train,42,weighted,False
ISPY1_1003_z011,ISPY1_1003,2,0,spy1,0.25598735,train,42,weighted,False
ISPY1_1003_z012,ISPY1_1003,2,0,spy1,0.25524977,train,42,weighted,False
ISPY1_1003_z013,ISPY1_1003,2,0,spy1,0.25573683,train,42,weighted,False
ISPY1_1003_z014,ISPY1_1003,2,0,spy1,0.25797936,train,42,weighted,False
ISPY1_1003_z015,ISPY1_1003,2,0,spy1,0.2623444,train,42,weighted,False
ISPY1_1003_z016,ISPY1_1003,2,0,spy1,0.267327,train,42,weighted,False
ISPY1_1003_z017,ISPY1_1003,2,0,spy1,0.27012512,train,42,weighted,False
ISPY1_1003_z018,ISPY1_1003,2,0,spy1,0.2701977,train,42,weighted,False
ISPY1_1003_z019,ISPY1_1003,2,0,spy1,0.2701977,train,42,weighted,False
ISPY1_1011_z003,ISPY1_1011,2,1,spy1,0.70181125,train,42,weighted,False
ISPY1_1011_z004,ISPY1_1011,2,1,spy1,0.7014669,train,42,weighted,False
ISPY1_1011_z005,ISPY1_1011,2,1,spy1,0.6989938,train,42,weighted,False
ISPY1_1011_z006,ISPY1_1011,2,1,spy1,0.69632745,train,42,weighted,False
ISPY1_1011_z007,ISPY1_1011,2,1,spy1,0.69127077,train,42,weighted,False
ISPY1_1011_z008,ISPY1_1011,2,1,spy1,0.68493015,train,42,weighted,False
ISPY1_1011_z009,ISPY1_1011,2,1,spy1,0.6802043,train,42,weighted,False
ISPY1_1011_z010,ISPY1_1011,2,1,spy1,0.67745763,train,42,weighted,False
ISPY1_1011_z011,ISPY1_1011,2,1,spy1,0.6742577,train,42,weighted,False
ISPY1_1011_z015,ISPY1_1011,2,1,spy1,0.6714028,train,42,weighted,False
ISPY1_1031_z006,ISPY1_1031,2,0,spy1,0.23243183,train,42,weighted,False
ISPY1_1031_z007,ISPY1_1031,2,0,spy1,0.23193325,train,42,weighted,False
ISPY1_1031_z008,ISPY1_1031,2,0,spy1,0.22970308,train,42,weighted,False
ISPY1_1031_z009,ISPY1_1031,2,0,spy1,0.23006995,train,42,weighted,False
ISPY1_1031_z010,ISPY1_1031,2,0,spy1,0.22863296,train,42,weighted,False
ISPY1_1031_z011,ISPY1_1031,2,0,spy1,0.22821991,train,42,weighted,False
ISPY1_1031_z012,ISPY1_1031,2,0,spy1,0.22823074,train,42,weighted,False
ISPY1_1031_z013,ISPY1_1031,2,0,spy1,0.22742236,train,42,weighted,False
ISPY1_1031_z014,ISPY1_1031,2,0,spy1,0.22945632,train,42,weighted,False
ISPY1_1031_z016,ISPY1_1031,2,0,spy1,0.22940704,train,42,weighted,False
ISPY1_1038_z004,ISPY1_1038,2,0,spy1,0.65129817,train,42,weighted,False
ISPY1_1038_z005,ISPY1_1038,2,0,spy1,0.6523183,train,42,weighted,False
ISPY1_1038_z006,ISPY1_1038,2,0,spy1,0.6548881,train,42,weighted,False
ISPY1_1038_z007,ISPY1_1038,2,0,spy1,0.6599484,train,42,weighted,False
ISPY1_1038_z008,ISPY1_1038,2,0,spy1,0.65913284,train,42,weighted,False
ISPY1_1038_z009,ISPY1_1038,2,0,spy1,0.6586436,train,42,weighted,False
ISPY1_1038_z010,ISPY1_1038,2,0,spy1,0.657712,train,42,weighted,False
ISPY1_1038_z011,ISPY1_1038,2,0,spy1,0.65668464,train,42,weighted,False
ISPY1_1038_z012,ISPY1_1038,2,0,spy1,0.65933365,train,42,weighted,False
ISPY1_1038_z013,ISPY1_1038,2,0,spy1,0.6560871,train,42,weighted,False
ISPY1_1062_z010,ISPY1_1062,2,0,spy1,0.2943439,train,42,weighted,False
ISPY1_1062_z011,ISPY1_1062,2,0,spy1,0.29423216,train,42,weighted,False
ISPY1_1062_z012,ISPY1_1062,2,0,spy1,0.29253572,train,42,weighted,False
ISPY1_1062_z013,ISPY1_1062,2,0,spy1,0.28605896,train,42,weighted,False
ISPY1_1062_z014,ISPY1_1062,2,0,spy1,0.27912694,train,42,weighted,False
ISPY1_1062_z015,ISPY1_1062,2,0,spy1,0.27798292,train,42,weighted,False
ISPY1_1062_z016,ISPY1_1062,2,0,spy1,0.2789688,train,42,weighted,False
ISPY1_1062_z017,ISPY1_1062,2,0,spy1,0.2822142,train,42,weighted,False
ISPY1_1062_z018,ISPY1_1062,2,0,spy1,0.28169236,train,42,weighted,False
ISPY1_1062_z019,ISPY1_1062,2,0,spy1,0.27962458,train,42,weighted,False
ISPY1_1074_z007,ISPY1_1074,2,0,spy1,0.29411486,train,42,weighted,False
ISPY1_1074_z008,ISPY1_1074,2,0,spy1,0.29786688,train,42,weighted,False
ISPY1_1074_z009,ISPY1_1074,2,0,spy1,0.29999176,train,42,weighted,False
ISPY1_1074_z013,ISPY1_1074,2,0,spy1,0.30104095,train,42,weighted,False
ISPY1_1074_z014,ISPY1_1074,2,0,spy1,0.30098122,train,42,weighted,False
ISPY1_1074_z015,ISPY1_1074,2,0,spy1,0.29978773,train,42,weighted,False
ISPY1_1074_z016,ISPY1_1074,2,0,spy1,0.2963576,train,42,weighted,False
ISPY1_1074_z017,ISPY1_1074,2,0,spy1,0.2932975,train,42,weighted,False
ISPY1_1074_z018,ISPY1_1074,2,0,spy1,0.29726338,train,42,weighted,False
ISPY1_1074_z024,ISPY1_1074,2,0,spy1,0.29659033,train,42,weighted,False
ISPY1_1087_z004,ISPY1_1087,2,1,spy1,0.81227994,train,42,weighted,False
ISPY1_1087_z005,ISPY1_1087,2,1,spy1,0.81515783,train,42,weighted,False
ISPY1_1087_z006,ISPY1_1087,2,1,spy1,0.8174277,train,42,weighted,False
ISPY1_1087_z007,ISPY1_1087,2,1,spy1,0.81902486,train,42,weighted,False
ISPY1_1087_z008,ISPY1_1087,2,1,spy1,0.81914914,train,42,weighted,False
ISPY1_1087_z009,ISPY1_1087,2,1,spy1,0.8187367,train,42,weighted,False
ISPY1_1087_z010,ISPY1_1087,2,1,spy1,0.82018566,train,42,weighted,False
ISPY1_1087_z011,ISPY1_1087,2,1,spy1,0.81778586,train,42,weighted,False
ISPY1_1087_z012,ISPY1_1087,2,1,spy1,0.82035756,train,42,weighted,False
ISPY1_1087_z013,ISPY1_1087,2,1,spy1,0.82090265,train,42,weighted,False
ISPY1_1099_z017,ISPY1_1099,2,1,spy1,0.55593836,train,42,weighted,False
ISPY1_1099_z018,ISPY1_1099,2,1,spy1,0.5557286,train,42,weighted,False
ISPY1_1099_z019,ISPY1_1099,2,1,spy1,0.5554026,train,42,weighted,False
ISPY1_1099_z020,ISPY1_1099,2,1,spy1,0.55247426,train,42,weighted,False
ISPY1_1099_z021,ISPY1_1099,2,1,spy1,0.54825026,train,42,weighted,False
ISPY1_1099_z022,ISPY1_1099,2,1,spy1,0.54681355,train,42,weighted,False
ISPY1_1099_z023,ISPY1_1099,2,1,spy1,0.5504765,train,42,weighted,False
ISPY1_1099_z024,ISPY1_1099,2,1,spy1,0.55050755,train,42,weighted,False
ISPY1_1099_z025,ISPY1_1099,2,1,spy1,0.54997855,train,42,weighted,False
ISPY1_1099_z026,ISPY1_1099,2,1,spy1,0.5478628,train,42,weighted,False
ISPY1_1114_z006,ISPY1_1114,2,0,spy1,0.2637015,train,42,weighted,False
ISPY1_1114_z007,ISPY1_1114,2,0,spy1,0.2648855,train,42,weighted,False
ISPY1_1114_z008,ISPY1_1114,2,0,spy1,0.26756424,train,42,weighted,False
ISPY1_1114_z009,ISPY1_1114,2,0,spy1,0.27195272,train,42,weighted,False
ISPY1_1114_z010,ISPY1_1114,2,0,spy1,0.2719461,train,42,weighted,False
ISPY1_1114_z011,ISPY1_1114,2,0,spy1,0.26715037,train,42,weighted,False
ISPY1_1114_z012,ISPY1_1114,2,0,spy1,0.2647869,train,42,weighted,False
ISPY1_1114_z013,ISPY1_1114,2,0,spy1,0.264733,train,42,weighted,False
ISPY1_1114_z014,ISPY1_1114,2,0,spy1,0.26246104,train,42,weighted,False
ISPY1_1114_z016,ISPY1_1114,2,0,spy1,0.2592772,train,42,weighted,False
ISPY1_1124_z014,ISPY1_1124,2,0,spy1,0.70418984,train,42,weighted,False
ISPY1_1124_z015,ISPY1_1124,2,0,spy1,0.70438874,train,42,weighted,False
ISPY1_1124_z017,ISPY1_1124,2,0,spy1,0.7116402,train,42,weighted,False
ISPY1_1124_z018,ISPY1_1124,2,0,spy1,0.7155675,train,42,weighted,False
ISPY1_1124_z019,ISPY1_1124,2,0,spy1,0.7209731,train,42,weighted,False
ISPY1_1124_z020,ISPY1_1124,2,0,spy1,0.7211079,train,42,weighted,False
ISPY1_1124_z021,ISPY1_1124,2,0,spy1,0.72080714,train,42,weighted,False
ISPY1_1124_z022,ISPY1_1124,2,0,spy1,0.7220456,train,42,weighted,False
ISPY1_1124_z023,ISPY1_1124,2,0,spy1,0.7225563,train,42,weighted,False
ISPY1_1124_z024,ISPY1_1124,2,0,spy1,0.7226257,train,42,weighted,False
ISPY1_1139_z003,ISPY1_1139,2,1,spy1,0.49285808,train,42,weighted,False
ISPY1_1139_z006,ISPY1_1139,2,1,spy1,0.49298295,train,42,weighted,False
ISPY1_1139_z007,ISPY1_1139,2,1,spy1,0.49297068,train,42,weighted,False
ISPY1_1139_z008,ISPY1_1139,2,1,spy1,0.49296576,train,42,weighted,False
ISPY1_1139_z009,ISPY1_1139,2,1,spy1,0.4930497,train,42,weighted,False
ISPY1_1139_z010,ISPY1_1139,2,1,spy1,0.4930176,train,42,weighted,False
ISPY1_1139_z011,ISPY1_1139,2,1,spy1,0.49300736,train,42,weighted,False
ISPY1_1139_z012,ISPY1_1139,2,1,spy1,0.49307093,train,42,weighted,False
ISPY1_1139_z013,ISPY1_1139,2,1,spy1,0.49315292,train,42,weighted,False
ISPY1_1139_z014,ISPY1_1139,2,1,spy1,0.49318781,train,42,weighted,False
ISPY1_1152_z006,ISPY1_1152,2,0,spy1,0.5349316,train,42,weighted,False
ISPY1_1152_z007,ISPY1_1152,2,0,spy1,0.53315437,train,42,weighted,False
ISPY1_1152_z008,ISPY1_1152,2,0,spy1,0.534702,train,42,weighted,False
ISPY1_1152_z009,ISPY1_1152,2,0,spy1,0.5334811,train,42,weighted,False
ISPY1_1152_z010,ISPY1_1152,2,0,spy1,0.53107667,train,42,weighted,False
ISPY1_1152_z013,ISPY1_1152,2,0,spy1,0.52244616,train,42,weighted,False
ISPY1_1152_z016,ISPY1_1152,2,0,spy1,0.5335006,train,42,weighted,False
ISPY1_1152_z017,ISPY1_1152,2,0,spy1,0.53852814,train,42,weighted,False
ISPY1_1152_z019,ISPY1_1152,2,0,spy1,0.5504005,train,42,weighted,False
ISPY1_1152_z020,ISPY1_1152,2,0,spy1,0.5481885,train,42,weighted,False
ISPY1_1164_z004,ISPY1_1164,2,0,spy1,0.22298609,train,42,weighted,False
ISPY1_1164_z005,ISPY1_1164,2,0,spy1,0.2230899,train,42,weighted,False
ISPY1_1164_z006,ISPY1_1164,2,0,spy1,0.22383209,train,42,weighted,False
ISPY1_1164_z007,ISPY1_1164,2,0,spy1,0.22353522,train,42,weighted,False
ISPY1_1164_z008,ISPY1_1164,2,0,spy1,0.22220558,train,42,weighted,False
ISPY1_1164_z009,ISPY1_1164,2,0,spy1,0.22478627,train,42,weighted,False
ISPY1_1164_z010,ISPY1_1164,2,0,spy1,0.22479537,train,42,weighted,False
ISPY1_1164_z011,ISPY1_1164,2,0,spy1,0.22508502,train,42,weighted,False
ISPY1_1164_z012,ISPY1_1164,2,0,spy1,0.22517475,train,42,weighted,False
ISPY1_1164_z013,ISPY1_1164,2,0,spy1,0.22091259,train,42,weighted,False
ISPY1_1177_z007,ISPY1_1177,2,1,spy1,0.879536,train,42,weighted,False
ISPY1_1177_z008,ISPY1_1177,2,1,spy1,0.87663895,train,42,weighted,False
ISPY1_1177_z009,ISPY1_1177,2,1,spy1,0.87607837,train,42,weighted,False
ISPY1_1177_z010,ISPY1_1177,2,1,spy1,0.8743666,train,42,weighted,False
ISPY1_1177_z011,ISPY1_1177,2,1,spy1,0.87548697,train,42,weighted,False
ISPY1_1177_z012,ISPY1_1177,2,1,spy1,0.8772726,train,42,weighted,False
ISPY1_1177_z013,ISPY1_1177,2,1,spy1,0.87823635,train,42,weighted,False
ISPY1_1177_z014,ISPY1_1177,2,1,spy1,0.8764743,train,42,weighted,False
ISPY1_1177_z015,ISPY1_1177,2,1,spy1,0.8757154,train,42,weighted,False
ISPY1_1177_z016,ISPY1_1177,2,1,spy1,0.87486845,train,42,weighted,False
ISPY1_1181_z008,ISPY1_1181,2,0,spy1,0.28071555,train,42,weighted,False
ISPY1_1181_z009,ISPY1_1181,2,0,spy1,0.2807263,train,42,weighted,False
ISPY1_1181_z010,ISPY1_1181,2,0,spy1,0.2807527,train,42,weighted,False
ISPY1_1181_z019,ISPY1_1181,2,0,spy1,0.2808546,train,42,weighted,False
ISPY1_1181_z020,ISPY1_1181,2,0,spy1,0.28085843,train,42,weighted,False
ISPY1_1181_z021,ISPY1_1181,2,0,spy1,0.28086063,train,42,weighted,False
ISPY1_1181_z022,ISPY1_1181,2,0,spy1,0.28087184,train,42,weighted,False
ISPY1_1181_z023,ISPY1_1181,2,0,spy1,0.2808893,train,42,weighted,False
ISPY1_1181_z024,ISPY1_1181,2,0,spy1,0.28090796,train,42,weighted,False
ISPY1_1181_z025,ISPY1_1181,2,0,spy1,0.28088805,train,42,weighted,False
ISPY1_1194_z023,ISPY1_1194,2,0,spy1,0.19329149,train,42,weighted,False
ISPY1_1194_z024,ISPY1_1194,2,0,spy1,0.19329149,train,42,weighted,False
ISPY1_1194_z025,ISPY1_1194,2,0,spy1,0.19447637,train,42,weighted,False
ISPY1_1194_z026,ISPY1_1194,2,0,spy1,0.20002902,train,42,weighted,False
ISPY1_1194_z027,ISPY1_1194,2,0,spy1,0.20202221,train,42,weighted,False
ISPY1_1194_z028,ISPY1_1194,2,0,spy1,0.2018906,train,42,weighted,False
ISPY1_1194_z029,ISPY1_1194,2,0,spy1,0.20190592,train,42,weighted,False
ISPY1_1194_z030,ISPY1_1194,2,0,spy1,0.20189734,train,42,weighted,False
ISPY1_1194_z031,ISPY1_1194,2,0,spy1,0.2018585,train,42,weighted,False
ISPY1_1194_z032,ISPY1_1194,2,0,spy1,0.201858,train,42,weighted,False
ISPY1_1197_z016,ISPY1_1197,2,0,spy1,0.25184757,train,42,weighted,False
ISPY1_1197_z017,ISPY1_1197,2,0,spy1,0.25000703,train,42,weighted,False
ISPY1_1197_z018,ISPY1_1197,2,0,spy1,0.24844608,train,42,weighted,False
ISPY1_1197_z019,ISPY1_1197,2,0,spy1,0.25084025,train,42,weighted,False
ISPY1_1197_z020,ISPY1_1197,2,0,spy1,0.2510801,train,42,weighted,False
ISPY1_1197_z021,ISPY1_1197,2,0,spy1,0.25080067,train,42,weighted,False
ISPY1_1197_z022,ISPY1_1197,2,0,spy1,0.24715894,train,42,weighted,False
ISPY1_1197_z023,ISPY1_1197,2,0,spy1,0.24681836,train,42,weighted,False
ISPY1_1197_z036,ISPY1_1197,2,0,spy1,0.22820367,train,42,weighted,False
ISPY1_1197_z037,ISPY1_1197,2,0,spy1,0.22663133,train,42,weighted,False
ISPY1_1212_z006,ISPY1_1212,2,1,spy1,0.74390584,train,42,weighted,False
ISPY1_1212_z007,ISPY1_1212,2,1,spy1,0.74432784,train,42,weighted,False
ISPY1_1212_z008,ISPY1_1212,2,1,spy1,0.74432784,train,42,weighted,False
ISPY1_1212_z009,ISPY1_1212,2,1,spy1,0.74432784,train,42,weighted,False
ISPY1_1212_z010,ISPY1_1212,2,1,spy1,0.7435031,train,42,weighted,False
ISPY1_1212_z011,ISPY1_1212,2,1,spy1,0.7416021,train,42,weighted,False
ISPY1_1212_z012,ISPY1_1212,2,1,spy1,0.72724074,train,42,weighted,False
ISPY1_1212_z013,ISPY1_1212,2,1,spy1,0.71327645,train,42,weighted,False
ISPY1_1212_z014,ISPY1_1212,2,1,spy1,0.7151527,train,42,weighted,False
ISPY1_1212_z015,ISPY1_1212,2,1,spy1,0.7229025,train,42,weighted,False
ISPY1_1225_z008,ISPY1_1225,2,0,spy1,0.34845123,train,42,weighted,False
ISPY1_1225_z009,ISPY1_1225,2,0,spy1,0.34845123,train,42,weighted,False
ISPY1_1225_z010,ISPY1_1225,2,0,spy1,0.34845123,train,42,weighted,False
ISPY1_1225_z011,ISPY1_1225,2,0,spy1,0.34856242,train,42,weighted,False
ISPY1_1225_z012,ISPY1_1225,2,0,spy1,0.34845123,train,42,weighted,False
ISPY1_1225_z013,ISPY1_1225,2,0,spy1,0.34845123,train,42,weighted,False
ISPY1_1225_z014,ISPY1_1225,2,0,spy1,0.34845123,train,42,weighted,False
ISPY1_1225_z015,ISPY1_1225,2,0,spy1,0.34845123,train,42,weighted,False
ISPY1_1225_z016,ISPY1_1225,2,0,spy1,0.34845123,train,42,weighted,False
ISPY1_1225_z017,ISPY1_1225,2,0,spy1,0.34845123,train,42,weighted,False
ISPY1_1228_z026,ISPY1_1228,2,1,spy1,0.6760936,train,42,weighted,False
ISPY1_1228_z027,ISPY1_1228,2,1,spy1,0.67628336,train,42,weighted,False
ISPY1_1228_z028,ISPY1_1228,2,1,spy1,0.6749223,train,42,weighted,False
ISPY1_1228_z029,ISPY1_1228,2,1,spy1,0.67259496,train,42,weighted,False
ISPY1_1228_z030,ISPY1_1228,2,1,spy1,0.6730058,train,42,weighted,False
ISPY1_1228_z031,ISPY1_1228,2,1,spy1,0.6743657,train,42,weighted,False
ISPY1_1228_z032,ISPY1_1228,2,1,spy1,0.6758095,train,42,weighted,False
ISPY1_1228_z033,ISPY1_1228,2,1,spy1,0.67389554,train,42,weighted,False
ISPY1_1228_z034,ISPY1_1228,2,1,spy1,0.6721327,train,42,weighted,False
ISPY1_1228_z035,ISPY1_1228,2,1,spy1,0.67319125,train,42,weighted,False
ISPY1_1236_z002,ISPY1_1236,2,0,spy1,0.35963893,train,42,weighted,False
ISPY1_1236_z003,ISPY1_1236,2,0,spy1,0.36191487,train,42,weighted,False
ISPY1_1236_z006,ISPY1_1236,2,0,spy1,0.382176,train,42,weighted,False
ISPY1_1236_z007,ISPY1_1236,2,0,spy1,0.38207135,train,42,weighted,False
ISPY1_1236_z008,ISPY1_1236,2,0,spy1,0.38642797,train,42,weighted,False
ISPY1_1236_z009,ISPY1_1236,2,0,spy1,0.38656273,train,42,weighted,False
ISPY1_1236_z010,ISPY1_1236,2,0,spy1,0.3843017,train,42,weighted,False
ISPY1_1236_z011,ISPY1_1236,2,0,spy1,0.38494113,train,42,weighted,False
ISPY1_1236_z012,ISPY1_1236,2,0,spy1,0.3828972,train,42,weighted,False
ISPY1_1236_z013,ISPY1_1236,2,0,spy1,0.38047674,train,42,weighted,False
Breast_MRI_021_z006,Breast_MRI_021,2,0,duke,0.32240826,train,42,weighted,False
Breast_MRI_021_z007,Breast_MRI_021,2,0,duke,0.32785925,train,42,weighted,False
Breast_MRI_021_z008,Breast_MRI_021,2,0,duke,0.32667133,train,42,weighted,False
Breast_MRI_021_z009,Breast_MRI_021,2,0,duke,0.3221565,train,42,weighted,False
Breast_MRI_021_z010,Breast_MRI_021,2,0,duke,0.31853452,train,42,weighted,False
Breast_MRI_021_z011,Breast_MRI_021,2,0,duke,0.320484,train,42,weighted,False
Breast_MRI_021_z012,Breast_MRI_021,2,0,duke,0.31821424,train,42,weighted,False
Breast_MRI_021_z013,Breast_MRI_021,2,0,duke,0.31356573,train,42,weighted,False
Breast_MRI_021_z014,Breast_MRI_021,2,0,duke,0.3124576,train,42,weighted,False
Breast_MRI_021_z015,Breast_MRI_021,2,0,duke,0.31251067,train,42,weighted,False
Breast_MRI_056_z015,Breast_MRI_056,2,0,duke,0.40651318,train,42,weighted,False
Breast_MRI_056_z016,Breast_MRI_056,2,0,duke,0.38552403,train,42,weighted,False
Breast_MRI_056_z017,Breast_MRI_056,2,0,duke,0.37518448,train,42,weighted,False
Breast_MRI_056_z018,Breast_MRI_056,2,0,duke,0.3744554,train,42,weighted,False
Breast_MRI_056_z019,Breast_MRI_056,2,0,duke,0.37153774,train,42,weighted,False
Breast_MRI_056_z020,Breast_MRI_056,2,0,duke,0.35974813,train,42,weighted,False
Breast_MRI_056_z021,Breast_MRI_056,2,0,duke,0.3433504,train,42,weighted,False
Breast_MRI_056_z022,Breast_MRI_056,2,0,duke,0.3306291,train,42,weighted,False
Breast_MRI_056_z023,Breast_MRI_056,2,0,duke,0.31324401,train,42,weighted,False
Breast_MRI_056_z024,Breast_MRI_056,2,0,duke,0.29617196,train,42,weighted,False
Breast_MRI_061_z018,Breast_MRI_061,2,1,duke,0.49216974,train,42,weighted,False
Breast_MRI_061_z019,Breast_MRI_061,2,1,duke,0.49119952,train,42,weighted,False
Breast_MRI_061_z020,Breast_MRI_061,2,1,duke,0.49127355,train,42,weighted,False
Breast_MRI_061_z021,Breast_MRI_061,2,1,duke,0.4900168,train,42,weighted,False
Breast_MRI_061_z022,Breast_MRI_061,2,1,duke,0.4899803,train,42,weighted,False
Breast_MRI_061_z023,Breast_MRI_061,2,1,duke,0.49000412,train,42,weighted,False
Breast_MRI_061_z024,Breast_MRI_061,2,1,duke,0.49087074,train,42,weighted,False
Breast_MRI_061_z025,Breast_MRI_061,2,1,duke,0.49646306,train,42,weighted,False
Breast_MRI_061_z026,Breast_MRI_061,2,1,duke,0.4966137,train,42,weighted,False
Breast_MRI_061_z027,Breast_MRI_061,2,1,duke,0.49708185,train,42,weighted,False
Breast_MRI_097_z016,Breast_MRI_097,2,0,duke,0.522002,train,42,weighted,False
Breast_MRI_097_z017,Breast_MRI_097,2,0,duke,0.52213454,train,42,weighted,False
Breast_MRI_097_z018,Breast_MRI_097,2,0,duke,0.5215719,train,42,weighted,False
Breast_MRI_097_z019,Breast_MRI_097,2,0,duke,0.5209324,train,42,weighted,False
Breast_MRI_097_z020,Breast_MRI_097,2,0,duke,0.52169114,train,42,weighted,False
Breast_MRI_097_z021,Breast_MRI_097,2,0,duke,0.52068555,train,42,weighted,False
Breast_MRI_097_z022,Breast_MRI_097,2,0,duke,0.52141273,train,42,weighted,False
Breast_MRI_097_z023,Breast_MRI_097,2,0,duke,0.52067006,train,42,weighted,False
Breast_MRI_097_z024,Breast_MRI_097,2,0,duke,0.52000713,train,42,weighted,False
Breast_MRI_097_z025,Breast_MRI_097,2,0,duke,0.51958364,train,42,weighted,False
Breast_MRI_104_z006,Breast_MRI_104,2,0,duke,0.24803934,train,42,weighted,False
Breast_MRI_104_z007,Breast_MRI_104,2,0,duke,0.24855904,train,42,weighted,False
Breast_MRI_104_z008,Breast_MRI_104,2,0,duke,0.24782358,train,42,weighted,False
Breast_MRI_104_z009,Breast_MRI_104,2,0,duke,0.2471947,train,42,weighted,False
Breast_MRI_104_z010,Breast_MRI_104,2,0,duke,0.24819782,train,42,weighted,False
Breast_MRI_104_z011,Breast_MRI_104,2,0,duke,0.24912882,train,42,weighted,False
Breast_MRI_104_z012,Breast_MRI_104,2,0,duke,0.24828751,train,42,weighted,False
Breast_MRI_104_z013,Breast_MRI_104,2,0,duke,0.24726349,train,42,weighted,False
Breast_MRI_104_z014,Breast_MRI_104,2,0,duke,0.24749829,train,42,weighted,False
Breast_MRI_104_z015,Breast_MRI_104,2,0,duke,0.24822706,train,42,weighted,False
Breast_MRI_119_z029,Breast_MRI_119,2,0,duke,0.41071945,train,42,weighted,False
Breast_MRI_119_z030,Breast_MRI_119,2,0,duke,0.4114664,train,42,weighted,False
Breast_MRI_119_z031,Breast_MRI_119,2,0,duke,0.41129836,train,42,weighted,False
Breast_MRI_119_z032,Breast_MRI_119,2,0,duke,0.4135445,train,42,weighted,False
Breast_MRI_119_z033,Breast_MRI_119,2,0,duke,0.41413805,train,42,weighted,False
Breast_MRI_119_z034,Breast_MRI_119,2,0,duke,0.4150889,train,42,weighted,False
Breast_MRI_119_z035,Breast_MRI_119,2,0,duke,0.412103,train,42,weighted,False
Breast_MRI_119_z036,Breast_MRI_119,2,0,duke,0.40974006,train,42,weighted,False
Breast_MRI_119_z037,Breast_MRI_119,2,0,duke,0.4084408,train,42,weighted,False
Breast_MRI_119_z038,Breast_MRI_119,2,0,duke,0.40809974,train,42,weighted,False
Breast_MRI_137_z007,Breast_MRI_137,2,0,duke,0.27134642,train,42,weighted,False
Breast_MRI_137_z008,Breast_MRI_137,2,0,duke,0.27502897,train,42,weighted,False
Breast_MRI_137_z009,Breast_MRI_137,2,0,duke,0.27690586,train,42,weighted,False
Breast_MRI_137_z010,Breast_MRI_137,2,0,duke,0.27576864,train,42,weighted,False
Breast_MRI_137_z011,Breast_MRI_137,2,0,duke,0.27518782,train,42,weighted,False
Breast_MRI_137_z012,Breast_MRI_137,2,0,duke,0.27827975,train,42,weighted,False
Breast_MRI_137_z013,Breast_MRI_137,2,0,duke,0.27668637,train,42,weighted,False
Breast_MRI_137_z014,Breast_MRI_137,2,0,duke,0.27791888,train,42,weighted,False
Breast_MRI_137_z015,Breast_MRI_137,2,0,duke,0.27812436,train,42,weighted,False
Breast_MRI_137_z016,Breast_MRI_137,2,0,duke,0.27919382,train,42,weighted,False
Breast_MRI_150_z021,Breast_MRI_150,2,0,duke,0.16824734,train,42,weighted,False
Breast_MRI_150_z022,Breast_MRI_150,2,0,duke,0.16855012,train,42,weighted,False
Breast_MRI_150_z023,Breast_MRI_150,2,0,duke,0.16842185,train,42,weighted,False
Breast_MRI_150_z024,Breast_MRI_150,2,0,duke,0.16849767,train,42,weighted,False
Breast_MRI_150_z025,Breast_MRI_150,2,0,duke,0.16889127,train,42,weighted,False
Breast_MRI_150_z026,Breast_MRI_150,2,0,duke,0.17147551,train,42,weighted,False
Breast_MRI_150_z027,Breast_MRI_150,2,0,duke,0.1694212,train,42,weighted,False
Breast_MRI_150_z028,Breast_MRI_150,2,0,duke,0.17050943,train,42,weighted,False
Breast_MRI_150_z029,Breast_MRI_150,2,0,duke,0.16978939,train,42,weighted,False
Breast_MRI_150_z030,Breast_MRI_150,2,0,duke,0.16961053,train,42,weighted,False
Breast_MRI_167_z013,Breast_MRI_167,2,0,duke,0.31759813,train,42,weighted,False
Breast_MRI_167_z014,Breast_MRI_167,2,0,duke,0.31604245,train,42,weighted,False
Breast_MRI_167_z015,Breast_MRI_167,2,0,duke,0.31455657,train,42,weighted,False
Breast_MRI_167_z016,Breast_MRI_167,2,0,duke,0.31200626,train,42,weighted,False
Breast_MRI_167_z017,Breast_MRI_167,2,0,duke,0.31104484,train,42,weighted,False
Breast_MRI_167_z018,Breast_MRI_167,2,0,duke,0.30926207,train,42,weighted,False
Breast_MRI_167_z019,Breast_MRI_167,2,0,duke,0.3102332,train,42,weighted,False
Breast_MRI_167_z020,Breast_MRI_167,2,0,duke,0.3132636,train,42,weighted,False
Breast_MRI_167_z021,Breast_MRI_167,2,0,duke,0.31294188,train,42,weighted,False
Breast_MRI_167_z022,Breast_MRI_167,2,0,duke,0.31115225,train,42,weighted,False
Breast_MRI_198_z022,Breast_MRI_198,2,0,duke,0.24528472,train,42,weighted,False
Breast_MRI_198_z023,Breast_MRI_198,2,0,duke,0.24385174,train,42,weighted,False
Breast_MRI_198_z024,Breast_MRI_198,2,0,duke,0.24506399,train,42,weighted,False
Breast_MRI_198_z025,Breast_MRI_198,2,0,duke,0.24692096,train,42,weighted,False
Breast_MRI_198_z026,Breast_MRI_198,2,0,duke,0.24681261,train,42,weighted,False
Breast_MRI_198_z027,Breast_MRI_198,2,0,duke,0.24650061,train,42,weighted,False
Breast_MRI_198_z028,Breast_MRI_198,2,0,duke,0.24569117,train,42,weighted,False
Breast_MRI_198_z029,Breast_MRI_198,2,0,duke,0.24735962,train,42,weighted,False
Breast_MRI_198_z030,Breast_MRI_198,2,0,duke,0.24770479,train,42,weighted,False
Breast_MRI_198_z031,Breast_MRI_198,2,0,duke,0.24562953,train,42,weighted,False
Breast_MRI_237_z013,Breast_MRI_237,2,0,duke,0.29482874,train,42,weighted,False
Breast_MRI_237_z014,Breast_MRI_237,2,0,duke,0.2932668,train,42,weighted,False
Breast_MRI_237_z015,Breast_MRI_237,2,0,duke,0.29555103,train,42,weighted,False
Breast_MRI_237_z016,Breast_MRI_237,2,0,duke,0.295194,train,42,weighted,False
Breast_MRI_237_z017,Breast_MRI_237,2,0,duke,0.29438356,train,42,weighted,False
Breast_MRI_237_z018,Breast_MRI_237,2,0,duke,0.29145247,train,42,weighted,False
Breast_MRI_237_z019,Breast_MRI_237,2,0,duke,0.29359627,train,42,weighted,False
Breast_MRI_237_z020,Breast_MRI_237,2,0,duke,0.2914842,train,42,weighted,False
Breast_MRI_237_z021,Breast_MRI_237,2,0,duke,0.2916108,train,42,weighted,False
Breast_MRI_237_z022,Breast_MRI_237,2,0,duke,0.29054007,train,42,weighted,False
Breast_MRI_244_z011,Breast_MRI_244,2,0,duke,0.5912241,train,42,weighted,False
Breast_MRI_244_z012,Breast_MRI_244,2,0,duke,0.5936481,train,42,weighted,False
Breast_MRI_244_z013,Breast_MRI_244,2,0,duke,0.5917638,train,42,weighted,False
Breast_MRI_244_z014,Breast_MRI_244,2,0,duke,0.59498703,train,42,weighted,False
Breast_MRI_244_z015,Breast_MRI_244,2,0,duke,0.59742314,train,42,weighted,False
Breast_MRI_244_z016,Breast_MRI_244,2,0,duke,0.5973252,train,42,weighted,False
Breast_MRI_244_z017,Breast_MRI_244,2,0,duke,0.60036623,train,42,weighted,False
Breast_MRI_244_z018,Breast_MRI_244,2,0,duke,0.5990509,train,42,weighted,False
Breast_MRI_244_z019,Breast_MRI_244,2,0,duke,0.59982795,train,42,weighted,False
Breast_MRI_244_z020,Breast_MRI_244,2,0,duke,0.5982135,train,42,weighted,False
Breast_MRI_287_z037,Breast_MRI_287,2,0,duke,0.3003508,train,42,weighted,False
Breast_MRI_287_z038,Breast_MRI_287,2,0,duke,0.30042744,train,42,weighted,False
Breast_MRI_287_z039,Breast_MRI_287,2,0,duke,0.30098802,train,42,weighted,False
Breast_MRI_287_z040,Breast_MRI_287,2,0,duke,0.30125296,train,42,weighted,False
Breast_MRI_287_z041,Breast_MRI_287,2,0,duke,0.301409,train,42,weighted,False
Breast_MRI_287_z042,Breast_MRI_287,2,0,duke,0.30131686,train,42,weighted,False
Breast_MRI_287_z043,Breast_MRI_287,2,0,duke,0.30147317,train,42,weighted,False
Breast_MRI_287_z044,Breast_MRI_287,2,0,duke,0.30158687,train,42,weighted,False
Breast_MRI_287_z045,Breast_MRI_287,2,0,duke,0.30155465,train,42,weighted,False
Breast_MRI_287_z046,Breast_MRI_287,2,0,duke,0.30016008,train,42,weighted,False
Breast_MRI_303_z008,Breast_MRI_303,2,0,duke,0.3008733,train,42,weighted,False
Breast_MRI_303_z009,Breast_MRI_303,2,0,duke,0.3011817,train,42,weighted,False
Breast_MRI_303_z010,Breast_MRI_303,2,0,duke,0.30110148,train,42,weighted,False
Breast_MRI_303_z011,Breast_MRI_303,2,0,duke,0.30170453,train,42,weighted,False
Breast_MRI_303_z012,Breast_MRI_303,2,0,duke,0.30207005,train,42,weighted,False
Breast_MRI_303_z013,Breast_MRI_303,2,0,duke,0.30203208,train,42,weighted,False
Breast_MRI_303_z014,Breast_MRI_303,2,0,duke,0.3014696,train,42,weighted,False
Breast_MRI_303_z015,Breast_MRI_303,2,0,duke,0.3017898,train,42,weighted,False
Breast_MRI_303_z016,Breast_MRI_303,2,0,duke,0.30167532,train,42,weighted,False
Breast_MRI_303_z017,Breast_MRI_303,2,0,duke,0.3003348,train,42,weighted,False
Breast_MRI_307_z011,Breast_MRI_307,2,0,duke,0.5177084,train,42,weighted,False
Breast_MRI_307_z012,Breast_MRI_307,2,0,duke,0.5177108,train,42,weighted,False
Breast_MRI_307_z013,Breast_MRI_307,2,0,duke,0.5179132,train,42,weighted,False
Breast_MRI_307_z014,Breast_MRI_307,2,0,duke,0.5216949,train,42,weighted,False
Breast_MRI_307_z015,Breast_MRI_307,2,0,duke,0.5238288,train,42,weighted,False
Breast_MRI_307_z016,Breast_MRI_307,2,0,duke,0.52376145,train,42,weighted,False
Breast_MRI_307_z017,Breast_MRI_307,2,0,duke,0.5252748,train,42,weighted,False
Breast_MRI_307_z018,Breast_MRI_307,2,0,duke,0.52877396,train,42,weighted,False
Breast_MRI_307_z019,Breast_MRI_307,2,0,duke,0.536333,train,42,weighted,False
Breast_MRI_307_z020,Breast_MRI_307,2,0,duke,0.5369956,train,42,weighted,False
Breast_MRI_368_z008,Breast_MRI_368,2,0,duke,0.62344646,train,42,weighted,False
Breast_MRI_368_z009,Breast_MRI_368,2,0,duke,0.6258782,train,42,weighted,False
Breast_MRI_368_z010,Breast_MRI_368,2,0,duke,0.6277515,train,42,weighted,False
Breast_MRI_368_z011,Breast_MRI_368,2,0,duke,0.6277515,train,42,weighted,False
Breast_MRI_368_z012,Breast_MRI_368,2,0,duke,0.6277515,train,42,weighted,False
Breast_MRI_368_z013,Breast_MRI_368,2,0,duke,0.6277515,train,42,weighted,False
Breast_MRI_368_z014,Breast_MRI_368,2,0,duke,0.6279144,train,42,weighted,False
Breast_MRI_368_z015,Breast_MRI_368,2,0,duke,0.6279486,train,42,weighted,False
Breast_MRI_368_z016,Breast_MRI_368,2,0,duke,0.62791145,train,42,weighted,False
Breast_MRI_368_z017,Breast_MRI_368,2,0,duke,0.62863094,train,42,weighted,False
Breast_MRI_385_z062,Breast_MRI_385,2,0,duke,0.25988474,train,42,weighted,False
Breast_MRI_385_z063,Breast_MRI_385,2,0,duke,0.2599325,train,42,weighted,False
Breast_MRI_385_z064,Breast_MRI_385,2,0,duke,0.26104698,train,42,weighted,False
Breast_MRI_385_z065,Breast_MRI_385,2,0,duke,0.26196232,train,42,weighted,False
Breast_MRI_385_z066,Breast_MRI_385,2,0,duke,0.2629256,train,42,weighted,False
Breast_MRI_385_z067,Breast_MRI_385,2,0,duke,0.2615794,train,42,weighted,False
Breast_MRI_385_z068,Breast_MRI_385,2,0,duke,0.2643284,train,42,weighted,False
Breast_MRI_385_z069,Breast_MRI_385,2,0,duke,0.2651628,train,42,weighted,False
Breast_MRI_385_z070,Breast_MRI_385,2,0,duke,0.26135665,train,42,weighted,False
Breast_MRI_385_z071,Breast_MRI_385,2,0,duke,0.26169443,train,42,weighted,False
Breast_MRI_408_z002,Breast_MRI_408,2,1,duke,0.45104882,train,42,weighted,False
Breast_MRI_408_z003,Breast_MRI_408,2,1,duke,0.45213836,train,42,weighted,False
Breast_MRI_408_z004,Breast_MRI_408,2,1,duke,0.45100287,train,42,weighted,False
Breast_MRI_408_z005,Breast_MRI_408,2,1,duke,0.44944873,train,42,weighted,False
Breast_MRI_408_z006,Breast_MRI_408,2,1,duke,0.44759494,train,42,weighted,False
Breast_MRI_408_z007,Breast_MRI_408,2,1,duke,0.45015505,train,42,weighted,False
Breast_MRI_414_z019,Breast_MRI_414,2,0,duke,0.4650603,train,42,weighted,False
Breast_MRI_414_z020,Breast_MRI_414,2,0,duke,0.4653306,train,42,weighted,False
Breast_MRI_414_z021,Breast_MRI_414,2,0,duke,0.4706087,train,42,weighted,False
Breast_MRI_414_z022,Breast_MRI_414,2,0,duke,0.4641855,train,42,weighted,False
Breast_MRI_414_z023,Breast_MRI_414,2,0,duke,0.47195226,train,42,weighted,False
Breast_MRI_414_z024,Breast_MRI_414,2,0,duke,0.4842526,train,42,weighted,False
Breast_MRI_414_z025,Breast_MRI_414,2,0,duke,0.49377936,train,42,weighted,False
Breast_MRI_414_z026,Breast_MRI_414,2,0,duke,0.50893205,train,42,weighted,False
Breast_MRI_414_z027,Breast_MRI_414,2,0,duke,0.51343757,train,42,weighted,False
Breast_MRI_414_z028,Breast_MRI_414,2,0,duke,0.50602794,train,42,weighted,False
Breast_MRI_444_z012,Breast_MRI_444,2,1,duke,0.74077153,train,42,weighted,False
Breast_MRI_444_z013,Breast_MRI_444,2,1,duke,0.7383917,train,42,weighted,False
Breast_MRI_444_z014,Breast_MRI_444,2,1,duke,0.73687583,train,42,weighted,False
Breast_MRI_444_z015,Breast_MRI_444,2,1,duke,0.7371578,train,42,weighted,False
Breast_MRI_444_z016,Breast_MRI_444,2,1,duke,0.74009025,train,42,weighted,False
Breast_MRI_444_z017,Breast_MRI_444,2,1,duke,0.73862004,train,42,weighted,False
Breast_MRI_444_z018,Breast_MRI_444,2,1,duke,0.7371233,train,42,weighted,False
Breast_MRI_444_z019,Breast_MRI_444,2,1,duke,0.7379423,train,42,weighted,False
Breast_MRI_444_z020,Breast_MRI_444,2,1,duke,0.7409792,train,42,weighted,False
Breast_MRI_444_z021,Breast_MRI_444,2,1,duke,0.74014646,train,42,weighted,False
Breast_MRI_473_z006,Breast_MRI_473,2,0,duke,0.62955314,train,42,weighted,False
Breast_MRI_473_z007,Breast_MRI_473,2,0,duke,0.6275631,train,42,weighted,False
Breast_MRI_473_z008,Breast_MRI_473,2,0,duke,0.62668145,train,42,weighted,False
Breast_MRI_473_z009,Breast_MRI_473,2,0,duke,0.62825286,train,42,weighted,False
Breast_MRI_473_z010,Breast_MRI_473,2,0,duke,0.6274843,train,42,weighted,False
Breast_MRI_473_z011,Breast_MRI_473,2,0,duke,0.625241,train,42,weighted,False
Breast_MRI_473_z012,Breast_MRI_473,2,0,duke,0.61586136,train,42,weighted,False
Breast_MRI_473_z013,Breast_MRI_473,2,0,duke,0.6070885,train,42,weighted,False
Breast_MRI_473_z014,Breast_MRI_473,2,0,duke,0.60358477,train,42,weighted,False
Breast_MRI_473_z015,Breast_MRI_473,2,0,duke,0.60457027,train,42,weighted,False
Breast_MRI_501_z012,Breast_MRI_501,2,1,duke,0.28521523,train,42,weighted,False
Breast_MRI_501_z013,Breast_MRI_501,2,1,duke,0.2843045,train,42,weighted,False
Breast_MRI_501_z014,Breast_MRI_501,2,1,duke,0.2818924,train,42,weighted,False
Breast_MRI_501_z015,Breast_MRI_501,2,1,duke,0.28067458,train,42,weighted,False
Breast_MRI_501_z016,Breast_MRI_501,2,1,duke,0.2797008,train,42,weighted,False
Breast_MRI_501_z017,Breast_MRI_501,2,1,duke,0.27750677,train,42,weighted,False
Breast_MRI_501_z018,Breast_MRI_501,2,1,duke,0.27711198,train,42,weighted,False
Breast_MRI_501_z019,Breast_MRI_501,2,1,duke,0.27892357,train,42,weighted,False
Breast_MRI_501_z020,Breast_MRI_501,2,1,duke,0.28184378,train,42,weighted,False
Breast_MRI_501_z021,Breast_MRI_501,2,1,duke,0.2847512,train,42,weighted,False
Breast_MRI_512_z016,Breast_MRI_512,2,1,duke,0.2553285,train,42,weighted,False
Breast_MRI_512_z017,Breast_MRI_512,2,1,duke,0.25377485,train,42,weighted,False
Breast_MRI_512_z018,Breast_MRI_512,2,1,duke,0.2526435,train,42,weighted,False
Breast_MRI_512_z019,Breast_MRI_512,2,1,duke,0.25193068,train,42,weighted,False
Breast_MRI_512_z020,Breast_MRI_512,2,1,duke,0.25224018,train,42,weighted,False
Breast_MRI_512_z021,Breast_MRI_512,2,1,duke,0.2561773,train,42,weighted,False
Breast_MRI_512_z022,Breast_MRI_512,2,1,duke,0.25700992,train,42,weighted,False
Breast_MRI_512_z023,Breast_MRI_512,2,1,duke,0.25653398,train,42,weighted,False
Breast_MRI_512_z024,Breast_MRI_512,2,1,duke,0.25638917,train,42,weighted,False
Breast_MRI_512_z025,Breast_MRI_512,2,1,duke,0.25809842,train,42,weighted,False
Breast_MRI_534_z015,Breast_MRI_534,2,0,duke,0.39646417,train,42,weighted,False
Breast_MRI_534_z016,Breast_MRI_534,2,0,duke,0.3968173,train,42,weighted,False
Breast_MRI_534_z017,Breast_MRI_534,2,0,duke,0.3972039,train,42,weighted,False
Breast_MRI_534_z018,Breast_MRI_534,2,0,duke,0.39575058,train,42,weighted,False
Breast_MRI_534_z019,Breast_MRI_534,2,0,duke,0.39491013,train,42,weighted,False
Breast_MRI_534_z020,Breast_MRI_534,2,0,duke,0.39268842,train,42,weighted,False
Breast_MRI_534_z021,Breast_MRI_534,2,0,duke,0.3912897,train,42,weighted,False
Breast_MRI_534_z022,Breast_MRI_534,2,0,duke,0.39024565,train,42,weighted,False
Breast_MRI_534_z023,Breast_MRI_534,2,0,duke,0.3899648,train,42,weighted,False
Breast_MRI_534_z024,Breast_MRI_534,2,0,duke,0.3885452,train,42,weighted,False
Breast_MRI_560_z010,Breast_MRI_560,2,0,duke,0.27166474,train,42,weighted,False
Breast_MRI_560_z011,Breast_MRI_560,2,0,duke,0.267011,train,42,weighted,False
Breast_MRI_560_z012,Breast_MRI_560,2,0,duke,0.2586625,train,42,weighted,False
Breast_MRI_560_z013,Breast_MRI_560,2,0,duke,0.2511556,train,42,weighted,False
Breast_MRI_560_z014,Breast_MRI_560,2,0,duke,0.24015845,train,42,weighted,False
Breast_MRI_560_z015,Breast_MRI_560,2,0,duke,0.22805487,train,42,weighted,False
Breast_MRI_560_z016,Breast_MRI_560,2,0,duke,0.21917444,train,42,weighted,False
Breast_MRI_560_z017,Breast_MRI_560,2,0,duke,0.21329881,train,42,weighted,False
Breast_MRI_560_z018,Breast_MRI_560,2,0,duke,0.2087573,train,42,weighted,False
Breast_MRI_560_z019,Breast_MRI_560,2,0,duke,0.20782429,train,42,weighted,False
Breast_MRI_573_z010,Breast_MRI_573,2,0,duke,0.23565248,train,42,weighted,False
Breast_MRI_573_z011,Breast_MRI_573,2,0,duke,0.22886465,train,42,weighted,False
Breast_MRI_573_z012,Breast_MRI_573,2,0,duke,0.21944189,train,42,weighted,False
Breast_MRI_573_z013,Breast_MRI_573,2,0,duke,0.2131242,train,42,weighted,False
Breast_MRI_573_z014,Breast_MRI_573,2,0,duke,0.2187392,train,42,weighted,False
Breast_MRI_573_z015,Breast_MRI_573,2,0,duke,0.22037438,train,42,weighted,False
Breast_MRI_573_z016,Breast_MRI_573,2,0,duke,0.2225891,train,42,weighted,False
Breast_MRI_573_z017,Breast_MRI_573,2,0,duke,0.22486076,train,42,weighted,False
Breast_MRI_573_z018,Breast_MRI_573,2,0,duke,0.2267522,train,42,weighted,False
Breast_MRI_573_z019,Breast_MRI_573,2,0,duke,0.22948715,train,42,weighted,False
Breast_MRI_596_z003,Breast_MRI_596,2,0,duke,0.17634973,train,42,weighted,False
Breast_MRI_596_z004,Breast_MRI_596,2,0,duke,0.17594476,train,42,weighted,False
Breast_MRI_596_z005,Breast_MRI_596,2,0,duke,0.17521612,train,42,weighted,False
Breast_MRI_596_z006,Breast_MRI_596,2,0,duke,0.17180772,train,42,weighted,False
Breast_MRI_596_z007,Breast_MRI_596,2,0,duke,0.17059015,train,42,weighted,False
Breast_MRI_596_z008,Breast_MRI_596,2,0,duke,0.17333126,train,42,weighted,False
Breast_MRI_596_z009,Breast_MRI_596,2,0,duke,0.17331614,train,42,weighted,False
Breast_MRI_596_z010,Breast_MRI_596,2,0,duke,0.17239596,train,42,weighted,False
Breast_MRI_596_z011,Breast_MRI_596,2,0,duke,0.17074122,train,42,weighted,False
Breast_MRI_596_z012,Breast_MRI_596,2,0,duke,0.17234556,train,42,weighted,False
Breast_MRI_610_z002,Breast_MRI_610,2,0,duke,0.62158823,train,42,weighted,False
Breast_MRI_610_z003,Breast_MRI_610,2,0,duke,0.62280285,train,42,weighted,False
Breast_MRI_610_z004,Breast_MRI_610,2,0,duke,0.6227993,train,42,weighted,False
Breast_MRI_610_z005,Breast_MRI_610,2,0,duke,0.6244258,train,42,weighted,False
Breast_MRI_610_z006,Breast_MRI_610,2,0,duke,0.6261938,train,42,weighted,False
Breast_MRI_610_z007,Breast_MRI_610,2,0,duke,0.62557995,train,42,weighted,False
Breast_MRI_610_z008,Breast_MRI_610,2,0,duke,0.62562156,train,42,weighted,False
Breast_MRI_610_z009,Breast_MRI_610,2,0,duke,0.62429714,train,42,weighted,False
Breast_MRI_610_z010,Breast_MRI_610,2,0,duke,0.6233888,train,42,weighted,False
Breast_MRI_610_z011,Breast_MRI_610,2,0,duke,0.6213793,train,42,weighted,False
Breast_MRI_615_z009,Breast_MRI_615,2,1,duke,0.41931504,train,42,weighted,False
Breast_MRI_615_z010,Breast_MRI_615,2,1,duke,0.41858143,train,42,weighted,False
Breast_MRI_615_z011,Breast_MRI_615,2,1,duke,0.41874632,train,42,weighted,False
Breast_MRI_615_z012,Breast_MRI_615,2,1,duke,0.41857943,train,42,weighted,False
Breast_MRI_615_z013,Breast_MRI_615,2,1,duke,0.4197177,train,42,weighted,False
Breast_MRI_615_z014,Breast_MRI_615,2,1,duke,0.42196515,train,42,weighted,False
Breast_MRI_615_z015,Breast_MRI_615,2,1,duke,0.42338952,train,42,weighted,False
Breast_MRI_615_z016,Breast_MRI_615,2,1,duke,0.42148972,train,42,weighted,False
Breast_MRI_615_z017,Breast_MRI_615,2,1,duke,0.42286217,train,42,weighted,False
Breast_MRI_615_z018,Breast_MRI_615,2,1,duke,0.42006108,train,42,weighted,False
Breast_MRI_642_z007,Breast_MRI_642,2,0,duke,0.48350313,train,42,weighted,False
Breast_MRI_642_z008,Breast_MRI_642,2,0,duke,0.47785115,train,42,weighted,False
Breast_MRI_642_z009,Breast_MRI_642,2,0,duke,0.48521003,train,42,weighted,False
Breast_MRI_642_z010,Breast_MRI_642,2,0,duke,0.49350035,train,42,weighted,False
Breast_MRI_642_z011,Breast_MRI_642,2,0,duke,0.49750814,train,42,weighted,False
Breast_MRI_642_z012,Breast_MRI_642,2,0,duke,0.5052563,train,42,weighted,False
Breast_MRI_642_z013,Breast_MRI_642,2,0,duke,0.50460196,train,42,weighted,False
Breast_MRI_642_z014,Breast_MRI_642,2,0,duke,0.5012519,train,42,weighted,False
Breast_MRI_642_z015,Breast_MRI_642,2,0,duke,0.50540215,train,42,weighted,False
Breast_MRI_642_z016,Breast_MRI_642,2,0,duke,0.5081091,train,42,weighted,False
Breast_MRI_650_z008,Breast_MRI_650,2,0,duke,0.34094018,train,42,weighted,False
Breast_MRI_650_z009,Breast_MRI_650,2,0,duke,0.3426894,train,42,weighted,False
Breast_MRI_650_z010,Breast_MRI_650,2,0,duke,0.3426853,train,42,weighted,False
Breast_MRI_650_z011,Breast_MRI_650,2,0,duke,0.34131005,train,42,weighted,False
Breast_MRI_650_z012,Breast_MRI_650,2,0,duke,0.34227416,train,42,weighted,False
Breast_MRI_650_z013,Breast_MRI_650,2,0,duke,0.34227702,train,42,weighted,False
Breast_MRI_650_z014,Breast_MRI_650,2,0,duke,0.34432608,train,42,weighted,False
Breast_MRI_650_z015,Breast_MRI_650,2,0,duke,0.3455728,train,42,weighted,False
Breast_MRI_650_z016,Breast_MRI_650,2,0,duke,0.34056467,train,42,weighted,False
Breast_MRI_650_z017,Breast_MRI_650,2,0,duke,0.33803087,train,42,weighted,False
Breast_MRI_662_z003,Breast_MRI_662,2,0,duke,0.50826186,train,42,weighted,False
Breast_MRI_662_z004,Breast_MRI_662,2,0,duke,0.5030126,train,42,weighted,False
Breast_MRI_662_z005,Breast_MRI_662,2,0,duke,0.5034352,train,42,weighted,False
Breast_MRI_662_z006,Breast_MRI_662,2,0,duke,0.5144434,train,42,weighted,False
Breast_MRI_662_z007,Breast_MRI_662,2,0,duke,0.5180754,train,42,weighted,False
Breast_MRI_662_z008,Breast_MRI_662,2,0,duke,0.5133464,train,42,weighted,False
Breast_MRI_662_z009,Breast_MRI_662,2,0,duke,0.5075836,train,42,weighted,False
Breast_MRI_662_z010,Breast_MRI_662,2,0,duke,0.5060234,train,42,weighted,False
Breast_MRI_662_z011,Breast_MRI_662,2,0,duke,0.4963484,train,42,weighted,False
Breast_MRI_662_z012,Breast_MRI_662,2,0,duke,0.491428,train,42,weighted,False
Breast_MRI_684_z004,Breast_MRI_684,2,0,duke,0.29356194,train,42,weighted,False
Breast_MRI_684_z005,Breast_MRI_684,2,0,duke,0.2912216,train,42,weighted,False
Breast_MRI_684_z006,Breast_MRI_684,2,0,duke,0.29022592,train,42,weighted,False
Breast_MRI_684_z007,Breast_MRI_684,2,0,duke,0.28825808,train,42,weighted,False
Breast_MRI_684_z008,Breast_MRI_684,2,0,duke,0.29070044,train,42,weighted,False
Breast_MRI_684_z009,Breast_MRI_684,2,0,duke,0.2930065,train,42,weighted,False
Breast_MRI_684_z010,Breast_MRI_684,2,0,duke,0.29288203,train,42,weighted,False
Breast_MRI_684_z011,Breast_MRI_684,2,0,duke,0.29204366,train,42,weighted,False
Breast_MRI_684_z012,Breast_MRI_684,2,0,duke,0.29265803,train,42,weighted,False
Breast_MRI_684_z013,Breast_MRI_684,2,0,duke,0.29675534,train,42,weighted,False
Breast_MRI_705_z008,Breast_MRI_705,2,0,duke,0.21769698,train,42,weighted,False
Breast_MRI_705_z009,Breast_MRI_705,2,0,duke,0.21825019,train,42,weighted,False
Breast_MRI_705_z010,Breast_MRI_705,2,0,duke,0.21779437,train,42,weighted,False
Breast_MRI_705_z011,Breast_MRI_705,2,0,duke,0.21697582,train,42,weighted,False
Breast_MRI_705_z012,Breast_MRI_705,2,0,duke,0.21692061,train,42,weighted,False
Breast_MRI_705_z013,Breast_MRI_705,2,0,duke,0.21841434,train,42,weighted,False
Breast_MRI_705_z014,Breast_MRI_705,2,0,duke,0.21817727,train,42,weighted,False
Breast_MRI_705_z015,Breast_MRI_705,2,0,duke,0.21911204,train,42,weighted,False
Breast_MRI_705_z016,Breast_MRI_705,2,0,duke,0.21866018,train,42,weighted,False
Breast_MRI_705_z017,Breast_MRI_705,2,0,duke,0.2172419,train,42,weighted,False
Breast_MRI_757_z010,Breast_MRI_757,2,0,duke,0.6727805,train,42,weighted,False
Breast_MRI_757_z011,Breast_MRI_757,2,0,duke,0.67204297,train,42,weighted,False
Breast_MRI_757_z012,Breast_MRI_757,2,0,duke,0.6725137,train,42,weighted,False
Breast_MRI_757_z013,Breast_MRI_757,2,0,duke,0.67154175,train,42,weighted,False
Breast_MRI_757_z014,Breast_MRI_757,2,0,duke,0.6710862,train,42,weighted,False
Breast_MRI_757_z015,Breast_MRI_757,2,0,duke,0.67153853,train,42,weighted,False
Breast_MRI_757_z016,Breast_MRI_757,2,0,duke,0.67179567,train,42,weighted,False
Breast_MRI_757_z017,Breast_MRI_757,2,0,duke,0.67363447,train,42,weighted,False
Breast_MRI_757_z018,Breast_MRI_757,2,0,duke,0.67428124,train,42,weighted,False
Breast_MRI_757_z019,Breast_MRI_757,2,0,duke,0.67269796,train,42,weighted,False
Breast_MRI_762_z016,Breast_MRI_762,2,0,duke,0.5799499,train,42,weighted,False
Breast_MRI_762_z017,Breast_MRI_762,2,0,duke,0.57724065,train,42,weighted,False
Breast_MRI_762_z018,Breast_MRI_762,2,0,duke,0.5760869,train,42,weighted,False
Breast_MRI_762_z019,Breast_MRI_762,2,0,duke,0.5723118,train,42,weighted,False
Breast_MRI_762_z020,Breast_MRI_762,2,0,duke,0.5753096,train,42,weighted,False
Breast_MRI_762_z021,Breast_MRI_762,2,0,duke,0.57903594,train,42,weighted,False
Breast_MRI_762_z022,Breast_MRI_762,2,0,duke,0.57911026,train,42,weighted,False
Breast_MRI_762_z023,Breast_MRI_762,2,0,duke,0.5772739,train,42,weighted,False
Breast_MRI_762_z024,Breast_MRI_762,2,0,duke,0.58488935,train,42,weighted,False
Breast_MRI_762_z025,Breast_MRI_762,2,0,duke,0.59124005,train,42,weighted,False
Breast_MRI_812_z007,Breast_MRI_812,2,1,duke,0.5492091,train,42,weighted,False
Breast_MRI_812_z008,Breast_MRI_812,2,1,duke,0.54857844,train,42,weighted,False
Breast_MRI_812_z009,Breast_MRI_812,2,1,duke,0.5484942,train,42,weighted,False
Breast_MRI_812_z010,Breast_MRI_812,2,1,duke,0.5484942,train,42,weighted,False
Breast_MRI_812_z011,Breast_MRI_812,2,1,duke,0.5484942,train,42,weighted,False
Breast_MRI_812_z012,Breast_MRI_812,2,1,duke,0.5493195,train,42,weighted,False
Breast_MRI_812_z013,Breast_MRI_812,2,1,duke,0.5513418,train,42,weighted,False
Breast_MRI_812_z014,Breast_MRI_812,2,1,duke,0.5533283,train,42,weighted,False
Breast_MRI_812_z015,Breast_MRI_812,2,1,duke,0.5505427,train,42,weighted,False
Breast_MRI_812_z016,Breast_MRI_812,2,1,duke,0.5493903,train,42,weighted,False
Breast_MRI_836_z002,Breast_MRI_836,2,0,duke,0.3730054,train,42,weighted,False
Breast_MRI_836_z003,Breast_MRI_836,2,0,duke,0.37716725,train,42,weighted,False
Breast_MRI_836_z004,Breast_MRI_836,2,0,duke,0.37991303,train,42,weighted,False
Breast_MRI_836_z005,Breast_MRI_836,2,0,duke,0.38253826,train,42,weighted,False
Breast_MRI_836_z006,Breast_MRI_836,2,0,duke,0.38287523,train,42,weighted,False
Breast_MRI_836_z007,Breast_MRI_836,2,0,duke,0.38229948,train,42,weighted,False
Breast_MRI_857_z016,Breast_MRI_857,2,0,duke,0.19622469,train,42,weighted,False
Breast_MRI_857_z017,Breast_MRI_857,2,0,duke,0.19640659,train,42,weighted,False
Breast_MRI_857_z018,Breast_MRI_857,2,0,duke,0.19454327,train,42,weighted,False
Breast_MRI_857_z019,Breast_MRI_857,2,0,duke,0.19556211,train,42,weighted,False
Breast_MRI_857_z020,Breast_MRI_857,2,0,duke,0.19414762,train,42,weighted,False
Breast_MRI_857_z021,Breast_MRI_857,2,0,duke,0.19231279,train,42,weighted,False
Breast_MRI_857_z022,Breast_MRI_857,2,0,duke,0.19488603,train,42,weighted,False
Breast_MRI_857_z023,Breast_MRI_857,2,0,duke,0.19147116,train,42,weighted,False
Breast_MRI_857_z024,Breast_MRI_857,2,0,duke,0.19393548,train,42,weighted,False
Breast_MRI_857_z025,Breast_MRI_857,2,0,duke,0.19541065,train,42,weighted,False
Breast_MRI_879_z024,Breast_MRI_879,2,0,duke,0.42931467,train,42,weighted,False
Breast_MRI_879_z025,Breast_MRI_879,2,0,duke,0.4281077,train,42,weighted,False
Breast_MRI_879_z026,Breast_MRI_879,2,0,duke,0.4304145,train,42,weighted,False
Breast_MRI_879_z027,Breast_MRI_879,2,0,duke,0.43520474,train,42,weighted,False
Breast_MRI_879_z028,Breast_MRI_879,2,0,duke,0.43959248,train,42,weighted,False
Breast_MRI_879_z029,Breast_MRI_879,2,0,duke,0.44153938,train,42,weighted,False
Breast_MRI_879_z030,Breast_MRI_879,2,0,duke,0.44548437,train,42,weighted,False
Breast_MRI_879_z031,Breast_MRI_879,2,0,duke,0.44864073,train,42,weighted,False
Breast_MRI_879_z032,Breast_MRI_879,2,0,duke,0.44804144,train,42,weighted,False
Breast_MRI_879_z033,Breast_MRI_879,2,0,duke,0.44654337,train,42,weighted,False
Breast_MRI_900_z007,Breast_MRI_900,2,0,duke,0.22238883,train,42,weighted,False
Breast_MRI_900_z008,Breast_MRI_900,2,0,duke,0.21876444,train,42,weighted,False
Breast_MRI_900_z009,Breast_MRI_900,2,0,duke,0.21956548,train,42,weighted,False
Breast_MRI_900_z010,Breast_MRI_900,2,0,duke,0.22024922,train,42,weighted,False
Breast_MRI_900_z011,Breast_MRI_900,2,0,duke,0.21881805,train,42,weighted,False
Breast_MRI_900_z012,Breast_MRI_900,2,0,duke,0.21969779,train,42,weighted,False
Breast_MRI_900_z013,Breast_MRI_900,2,0,duke,0.22205855,train,42,weighted,False
Breast_MRI_900_z014,Breast_MRI_900,2,0,duke,0.22396976,train,42,weighted,False
Breast_MRI_900_z015,Breast_MRI_900,2,0,duke,0.22428179,train,42,weighted,False
Breast_MRI_900_z016,Breast_MRI_900,2,0,duke,0.22539988,train,42,weighted,False
ISPY2-809037_z006,ISPY2-809037,2,0,spy2,0.25866887,train,42,weighted,False
ISPY2-809037_z007,ISPY2-809037,2,0,spy2,0.25989372,train,42,weighted,False
ISPY2-809037_z008,ISPY2-809037,2,0,spy2,0.26046625,train,42,weighted,False
ISPY2-809037_z009,ISPY2-809037,2,0,spy2,0.2597695,train,42,weighted,False
ISPY2-809037_z010,ISPY2-809037,2,0,spy2,0.26001728,train,42,weighted,False
ISPY2-809037_z011,ISPY2-809037,2,0,spy2,0.25954404,train,42,weighted,False
ISPY2-809037_z012,ISPY2-809037,2,0,spy2,0.25755695,train,42,weighted,False
ISPY2-809037_z013,ISPY2-809037,2,0,spy2,0.2573363,train,42,weighted,False
ISPY2-809037_z014,ISPY2-809037,2,0,spy2,0.25919327,train,42,weighted,False
ISPY2-809037_z015,ISPY2-809037,2,0,spy2,0.26177529,train,42,weighted,False
ACRIN-6698-107700_z013,ACRIN-6698-107700,2,0,spy2,0.45472762,train,42,weighted,False
ACRIN-6698-107700_z014,ACRIN-6698-107700,2,0,spy2,0.46029627,train,42,weighted,False
ACRIN-6698-107700_z015,ACRIN-6698-107700,2,0,spy2,0.45831463,train,42,weighted,False
ACRIN-6698-107700_z016,ACRIN-6698-107700,2,0,spy2,0.4548893,train,42,weighted,False
ACRIN-6698-107700_z017,ACRIN-6698-107700,2,0,spy2,0.4485772,train,42,weighted,False
ACRIN-6698-107700_z018,ACRIN-6698-107700,2,0,spy2,0.44681308,train,42,weighted,False
ACRIN-6698-107700_z019,ACRIN-6698-107700,2,0,spy2,0.44751492,train,42,weighted,False
ACRIN-6698-107700_z020,ACRIN-6698-107700,2,0,spy2,0.4533066,train,42,weighted,False
ACRIN-6698-107700_z021,ACRIN-6698-107700,2,0,spy2,0.45654434,train,42,weighted,False
ACRIN-6698-107700_z022,ACRIN-6698-107700,2,0,spy2,0.45462614,train,42,weighted,False
ISPY2-815421_z019,ISPY2-815421,2,0,spy2,0.34606823,train,42,weighted,False
ISPY2-815421_z020,ISPY2-815421,2,0,spy2,0.34721202,train,42,weighted,False
ISPY2-815421_z021,ISPY2-815421,2,0,spy2,0.34801927,train,42,weighted,False
ISPY2-815421_z022,ISPY2-815421,2,0,spy2,0.34868267,train,42,weighted,False
ISPY2-815421_z023,ISPY2-815421,2,0,spy2,0.3479277,train,42,weighted,False
ISPY2-815421_z024,ISPY2-815421,2,0,spy2,0.3468396,train,42,weighted,False
ISPY2-815421_z025,ISPY2-815421,2,0,spy2,0.3478947,train,42,weighted,False
ISPY2-815421_z026,ISPY2-815421,2,0,spy2,0.34993342,train,42,weighted,False
ISPY2-815421_z027,ISPY2-815421,2,0,spy2,0.3503196,train,42,weighted,False
ISPY2-815421_z028,ISPY2-815421,2,0,spy2,0.35063592,train,42,weighted,False
ISPY2-609897_z005,ISPY2-609897,2,0,spy2,0.3277423,train,42,weighted,False
ISPY2-609897_z006,ISPY2-609897,2,0,spy2,0.33110937,train,42,weighted,False
ISPY2-609897_z007,ISPY2-609897,2,0,spy2,0.33168352,train,42,weighted,False
ISPY2-609897_z008,ISPY2-609897,2,0,spy2,0.3326664,train,42,weighted,False
ISPY2-609897_z009,ISPY2-609897,2,0,spy2,0.3322601,train,42,weighted,False
ISPY2-609897_z010,ISPY2-609897,2,0,spy2,0.32994327,train,42,weighted,False
ISPY2-609897_z011,ISPY2-609897,2,0,spy2,0.33048669,train,42,weighted,False
ISPY2-609897_z012,ISPY2-609897,2,0,spy2,0.3306267,train,42,weighted,False
ISPY2-609897_z013,ISPY2-609897,2,0,spy2,0.32898998,train,42,weighted,False
ISPY2-609897_z014,ISPY2-609897,2,0,spy2,0.32812044,train,42,weighted,False
ISPY2-331192_z018,ISPY2-331192,2,1,spy2,0.22578546,train,42,weighted,False
ISPY2-331192_z019,ISPY2-331192,2,1,spy2,0.2264632,train,42,weighted,False
ISPY2-331192_z020,ISPY2-331192,2,1,spy2,0.22582428,train,42,weighted,False
ISPY2-331192_z021,ISPY2-331192,2,1,spy2,0.22554663,train,42,weighted,False
ISPY2-331192_z022,ISPY2-331192,2,1,spy2,0.22634147,train,42,weighted,False
ISPY2-331192_z025,ISPY2-331192,2,1,spy2,0.22617216,train,42,weighted,False
ISPY2-331192_z026,ISPY2-331192,2,1,spy2,0.2257792,train,42,weighted,False
ISPY2-331192_z027,ISPY2-331192,2,1,spy2,0.22489761,train,42,weighted,False
ISPY2-331192_z028,ISPY2-331192,2,1,spy2,0.22344078,train,42,weighted,False
ISPY2-331192_z029,ISPY2-331192,2,1,spy2,0.22283535,train,42,weighted,False
ISPY2-541165_z010,ISPY2-541165,2,0,spy2,0.6269733,train,42,weighted,False
ISPY2-541165_z011,ISPY2-541165,2,0,spy2,0.6247677,train,42,weighted,False
ISPY2-541165_z012,ISPY2-541165,2,0,spy2,0.62413025,train,42,weighted,False
ISPY2-541165_z013,ISPY2-541165,2,0,spy2,0.62290704,train,42,weighted,False
ISPY2-541165_z014,ISPY2-541165,2,0,spy2,0.6200177,train,42,weighted,False
ISPY2-541165_z015,ISPY2-541165,2,0,spy2,0.6178611,train,42,weighted,False
ISPY2-541165_z016,ISPY2-541165,2,0,spy2,0.614868,train,42,weighted,False
ISPY2-541165_z017,ISPY2-541165,2,0,spy2,0.61258364,train,42,weighted,False
ISPY2-541165_z018,ISPY2-541165,2,0,spy2,0.6121595,train,42,weighted,False
ISPY2-541165_z019,ISPY2-541165,2,0,spy2,0.6103773,train,42,weighted,False
ISPY2-802778_z006,ISPY2-802778,2,0,spy2,0.22472219,train,42,weighted,False
ISPY2-802778_z007,ISPY2-802778,2,0,spy2,0.22642696,train,42,weighted,False
ISPY2-802778_z008,ISPY2-802778,2,0,spy2,0.22563681,train,42,weighted,False
ISPY2-802778_z009,ISPY2-802778,2,0,spy2,0.22966531,train,42,weighted,False
ISPY2-802778_z010,ISPY2-802778,2,0,spy2,0.22827038,train,42,weighted,False
ISPY2-802778_z011,ISPY2-802778,2,0,spy2,0.22499263,train,42,weighted,False
ISPY2-802778_z012,ISPY2-802778,2,0,spy2,0.22790167,train,42,weighted,False
ISPY2-802778_z013,ISPY2-802778,2,0,spy2,0.23140004,train,42,weighted,False
ISPY2-802778_z014,ISPY2-802778,2,0,spy2,0.23197126,train,42,weighted,False
ISPY2-802778_z015,ISPY2-802778,2,0,spy2,0.23238923,train,42,weighted,False
ISPY2-794428_z017,ISPY2-794428,2,0,spy2,0.50756276,train,42,weighted,False
ISPY2-794428_z018,ISPY2-794428,2,0,spy2,0.5127574,train,42,weighted,False
ISPY2-794428_z019,ISPY2-794428,2,0,spy2,0.5176414,train,42,weighted,False
ISPY2-794428_z020,ISPY2-794428,2,0,spy2,0.5185736,train,42,weighted,False
ISPY2-794428_z021,ISPY2-794428,2,0,spy2,0.5238644,train,42,weighted,False
ISPY2-794428_z022,ISPY2-794428,2,0,spy2,0.5261261,train,42,weighted,False
ISPY2-794428_z023,ISPY2-794428,2,0,spy2,0.52654284,train,42,weighted,False
ISPY2-794428_z024,ISPY2-794428,2,0,spy2,0.52654284,train,42,weighted,False
ISPY2-794428_z025,ISPY2-794428,2,0,spy2,0.52634156,train,42,weighted,False
ISPY2-794428_z026,ISPY2-794428,2,0,spy2,0.52654284,train,42,weighted,False
ISPY2-159284_z033,ISPY2-159284,2,0,spy2,0.5320102,train,42,weighted,False
ISPY2-159284_z034,ISPY2-159284,2,0,spy2,0.53213644,train,42,weighted,False
ISPY2-159284_z035,ISPY2-159284,2,0,spy2,0.53221387,train,42,weighted,False
ISPY2-159284_z036,ISPY2-159284,2,0,spy2,0.5322377,train,42,weighted,False
ISPY2-159284_z037,ISPY2-159284,2,0,spy2,0.53203684,train,42,weighted,False
ISPY2-159284_z038,ISPY2-159284,2,0,spy2,0.53206813,train,42,weighted,False
ISPY2-159284_z039,ISPY2-159284,2,0,spy2,0.5319955,train,42,weighted,False
ISPY2-159284_z040,ISPY2-159284,2,0,spy2,0.53199095,train,42,weighted,False
ISPY2-159284_z041,ISPY2-159284,2,0,spy2,0.53200215,train,42,weighted,False
ISPY2-159284_z042,ISPY2-159284,2,0,spy2,0.5320352,train,42,weighted,False
ISPY2-111646_z010,ISPY2-111646,2,0,spy2,0.2064091,train,42,weighted,False
ISPY2-111646_z011,ISPY2-111646,2,0,spy2,0.20289874,train,42,weighted,False
ISPY2-111646_z012,ISPY2-111646,2,0,spy2,0.19805798,train,42,weighted,False
ISPY2-111646_z013,ISPY2-111646,2,0,spy2,0.19774269,train,42,weighted,False
ISPY2-111646_z014,ISPY2-111646,2,0,spy2,0.19774269,train,42,weighted,False
ISPY2-111646_z020,ISPY2-111646,2,0,spy2,0.19774269,train,42,weighted,False
ISPY2-111646_z021,ISPY2-111646,2,0,spy2,0.19639973,train,42,weighted,False
ISPY2-111646_z025,ISPY2-111646,2,0,spy2,0.19027522,train,42,weighted,False
ISPY2-111646_z026,ISPY2-111646,2,0,spy2,0.19186653,train,42,weighted,False
ISPY2-111646_z027,ISPY2-111646,2,0,spy2,0.19309896,train,42,weighted,False
ISPY2-515284_z021,ISPY2-515284,2,0,spy2,0.6580084,train,42,weighted,False
ISPY2-515284_z022,ISPY2-515284,2,0,spy2,0.6580084,train,42,weighted,False
ISPY2-515284_z023,ISPY2-515284,2,0,spy2,0.658318,train,42,weighted,False
ISPY2-515284_z025,ISPY2-515284,2,0,spy2,0.6580084,train,42,weighted,False
ISPY2-515284_z027,ISPY2-515284,2,0,spy2,0.6580084,train,42,weighted,False
ISPY2-515284_z028,ISPY2-515284,2,0,spy2,0.6580084,train,42,weighted,False
ISPY2-515284_z029,ISPY2-515284,2,0,spy2,0.6580084,train,42,weighted,False
ISPY2-515284_z030,ISPY2-515284,2,0,spy2,0.6580084,train,42,weighted,False
ISPY2-515284_z031,ISPY2-515284,2,0,spy2,0.6580084,train,42,weighted,False
ISPY2-515284_z032,ISPY2-515284,2,0,spy2,0.6580084,train,42,weighted,False
ACRIN-6698-845783_z005,ACRIN-6698-845783,2,1,spy2,0.37065482,train,42,weighted,False
ACRIN-6698-845783_z006,ACRIN-6698-845783,2,1,spy2,0.3715464,train,42,weighted,False
ACRIN-6698-845783_z007,ACRIN-6698-845783,2,1,spy2,0.37030762,train,42,weighted,False
ACRIN-6698-845783_z008,ACRIN-6698-845783,2,1,spy2,0.3629696,train,42,weighted,False
ACRIN-6698-845783_z009,ACRIN-6698-845783,2,1,spy2,0.35796383,train,42,weighted,False
ACRIN-6698-845783_z010,ACRIN-6698-845783,2,1,spy2,0.3555805,train,42,weighted,False
ACRIN-6698-845783_z011,ACRIN-6698-845783,2,1,spy2,0.3458149,train,42,weighted,False
ACRIN-6698-845783_z012,ACRIN-6698-845783,2,1,spy2,0.33332196,train,42,weighted,False
ACRIN-6698-845783_z013,ACRIN-6698-845783,2,1,spy2,0.32806072,train,42,weighted,False
ACRIN-6698-845783_z014,ACRIN-6698-845783,2,1,spy2,0.32776234,train,42,weighted,False
ISPY2-483910_z026,ISPY2-483910,2,0,spy2,0.52066183,train,42,weighted,False
ISPY2-483910_z027,ISPY2-483910,2,0,spy2,0.52066183,train,42,weighted,False
ISPY2-483910_z050,ISPY2-483910,2,0,spy2,0.5224225,train,42,weighted,False
ISPY2-483910_z051,ISPY2-483910,2,0,spy2,0.5224069,train,42,weighted,False
ISPY2-483910_z052,ISPY2-483910,2,0,spy2,0.522859,train,42,weighted,False
ISPY2-483910_z053,ISPY2-483910,2,0,spy2,0.5232032,train,42,weighted,False
ISPY2-483910_z054,ISPY2-483910,2,0,spy2,0.52364457,train,42,weighted,False
ISPY2-483910_z055,ISPY2-483910,2,0,spy2,0.52433836,train,42,weighted,False
ISPY2-483910_z056,ISPY2-483910,2,0,spy2,0.5245788,train,42,weighted,False
ISPY2-483910_z057,ISPY2-483910,2,0,spy2,0.52499664,train,42,weighted,False
ISPY2-425173_z010,ISPY2-425173,2,1,spy2,0.2408679,train,42,weighted,False
ISPY2-425173_z011,ISPY2-425173,2,1,spy2,0.24312255,train,42,weighted,False
ISPY2-425173_z012,ISPY2-425173,2,1,spy2,0.24551824,train,42,weighted,False
ISPY2-425173_z013,ISPY2-425173,2,1,spy2,0.2483075,train,42,weighted,False
ISPY2-425173_z014,ISPY2-425173,2,1,spy2,0.2432563,train,42,weighted,False
ISPY2-425173_z015,ISPY2-425173,2,1,spy2,0.2454005,train,42,weighted,False
ISPY2-425173_z016,ISPY2-425173,2,1,spy2,0.24776857,train,42,weighted,False
ISPY2-425173_z017,ISPY2-425173,2,1,spy2,0.24658631,train,42,weighted,False
ISPY2-425173_z018,ISPY2-425173,2,1,spy2,0.24901098,train,42,weighted,False
ISPY2-425173_z019,ISPY2-425173,2,1,spy2,0.2491103,train,42,weighted,False
ACRIN-6698-277888_z014,ACRIN-6698-277888,2,1,spy2,0.28618634,train,42,weighted,False
ACRIN-6698-277888_z015,ACRIN-6698-277888,2,1,spy2,0.28936288,train,42,weighted,False
ACRIN-6698-277888_z016,ACRIN-6698-277888,2,1,spy2,0.29189634,train,42,weighted,False
ACRIN-6698-277888_z017,ACRIN-6698-277888,2,1,spy2,0.29423377,train,42,weighted,False
ACRIN-6698-277888_z018,ACRIN-6698-277888,2,1,spy2,0.29487613,train,42,weighted,False
ACRIN-6698-277888_z019,ACRIN-6698-277888,2,1,spy2,0.2947621,train,42,weighted,False
ACRIN-6698-277888_z020,ACRIN-6698-277888,2,1,spy2,0.29291746,train,42,weighted,False
ACRIN-6698-277888_z021,ACRIN-6698-277888,2,1,spy2,0.2909354,train,42,weighted,False
ACRIN-6698-277888_z022,ACRIN-6698-277888,2,1,spy2,0.29024154,train,42,weighted,False
ACRIN-6698-277888_z023,ACRIN-6698-277888,2,1,spy2,0.2892798,train,42,weighted,False
ACRIN-6698-220471_z013,ACRIN-6698-220471,2,0,spy2,0.8163869,train,42,weighted,False
ACRIN-6698-220471_z014,ACRIN-6698-220471,2,0,spy2,0.81145996,train,42,weighted,False
ACRIN-6698-220471_z015,ACRIN-6698-220471,2,0,spy2,0.81056786,train,42,weighted,False
ACRIN-6698-220471_z016,ACRIN-6698-220471,2,0,spy2,0.8131409,train,42,weighted,False
ACRIN-6698-220471_z017,ACRIN-6698-220471,2,0,spy2,0.81397015,train,42,weighted,False
ACRIN-6698-220471_z018,ACRIN-6698-220471,2,0,spy2,0.81278205,train,42,weighted,False
ACRIN-6698-220471_z019,ACRIN-6698-220471,2,0,spy2,0.81127083,train,42,weighted,False
ACRIN-6698-220471_z020,ACRIN-6698-220471,2,0,spy2,0.8119731,train,42,weighted,False
ACRIN-6698-220471_z021,ACRIN-6698-220471,2,0,spy2,0.81475055,train,42,weighted,False
ACRIN-6698-220471_z022,ACRIN-6698-220471,2,0,spy2,0.82026154,train,42,weighted,False
ISPY2-326202_z012,ISPY2-326202,2,0,spy2,0.2846795,train,42,weighted,False
ISPY2-326202_z013,ISPY2-326202,2,0,spy2,0.28462416,train,42,weighted,False
ISPY2-326202_z014,ISPY2-326202,2,0,spy2,0.28459945,train,42,weighted,False
ISPY2-326202_z015,ISPY2-326202,2,0,spy2,0.28432003,train,42,weighted,False
ISPY2-326202_z016,ISPY2-326202,2,0,spy2,0.2840981,train,42,weighted,False
ISPY2-326202_z017,ISPY2-326202,2,0,spy2,0.2842381,train,42,weighted,False
ISPY2-326202_z018,ISPY2-326202,2,0,spy2,0.2846415,train,42,weighted,False
ISPY2-326202_z019,ISPY2-326202,2,0,spy2,0.28469023,train,42,weighted,False
ISPY2-326202_z020,ISPY2-326202,2,0,spy2,0.28456652,train,42,weighted,False
ISPY2-326202_z021,ISPY2-326202,2,0,spy2,0.2845737,train,42,weighted,False
ISPY2-916586_z021,ISPY2-916586,2,0,spy2,0.26986966,train,42,weighted,False
ISPY2-916586_z022,ISPY2-916586,2,0,spy2,0.2681318,train,42,weighted,False
ISPY2-916586_z023,ISPY2-916586,2,0,spy2,0.26808336,train,42,weighted,False
ISPY2-916586_z024,ISPY2-916586,2,0,spy2,0.27022293,train,42,weighted,False
ISPY2-916586_z025,ISPY2-916586,2,0,spy2,0.27108213,train,42,weighted,False
ISPY2-916586_z026,ISPY2-916586,2,0,spy2,0.27172074,train,42,weighted,False
ISPY2-916586_z027,ISPY2-916586,2,0,spy2,0.27168208,train,42,weighted,False
ISPY2-916586_z028,ISPY2-916586,2,0,spy2,0.26883757,train,42,weighted,False
ISPY2-916586_z029,ISPY2-916586,2,0,spy2,0.2698027,train,42,weighted,False
ISPY2-916586_z034,ISPY2-916586,2,0,spy2,0.2730927,train,42,weighted,False
ISPY2-120001_z003,ISPY2-120001,2,0,spy2,0.6046855,train,42,weighted,False
ISPY2-120001_z004,ISPY2-120001,2,0,spy2,0.6046909,train,42,weighted,False
ISPY2-120001_z005,ISPY2-120001,2,0,spy2,0.602463,train,42,weighted,False
ISPY2-120001_z014,ISPY2-120001,2,0,spy2,0.6015791,train,42,weighted,False
ISPY2-120001_z015,ISPY2-120001,2,0,spy2,0.60312885,train,42,weighted,False
ISPY2-120001_z016,ISPY2-120001,2,0,spy2,0.6014129,train,42,weighted,False
ISPY2-120001_z017,ISPY2-120001,2,0,spy2,0.60225886,train,42,weighted,False
ISPY2-120001_z018,ISPY2-120001,2,0,spy2,0.60164195,train,42,weighted,False
ISPY2-120001_z019,ISPY2-120001,2,0,spy2,0.6014193,train,42,weighted,False
ISPY2-120001_z020,ISPY2-120001,2,0,spy2,0.6035319,train,42,weighted,False
ISPY2-166412_z024,ISPY2-166412,2,0,spy2,0.5762465,train,42,weighted,False
ISPY2-166412_z025,ISPY2-166412,2,0,spy2,0.57581544,train,42,weighted,False
ISPY2-166412_z026,ISPY2-166412,2,0,spy2,0.5756374,train,42,weighted,False
ISPY2-166412_z027,ISPY2-166412,2,0,spy2,0.5747396,train,42,weighted,False
ISPY2-166412_z028,ISPY2-166412,2,0,spy2,0.5731452,train,42,weighted,False
ISPY2-166412_z029,ISPY2-166412,2,0,spy2,0.5721706,train,42,weighted,False
ISPY2-166412_z030,ISPY2-166412,2,0,spy2,0.5702359,train,42,weighted,False
ISPY2-166412_z031,ISPY2-166412,2,0,spy2,0.5688606,train,42,weighted,False
ISPY2-166412_z032,ISPY2-166412,2,0,spy2,0.56999743,train,42,weighted,False
ISPY2-166412_z033,ISPY2-166412,2,0,spy2,0.5744096,train,42,weighted,False
ISPY2-604199_z006,ISPY2-604199,2,0,spy2,0.2045283,train,42,weighted,False
ISPY2-604199_z007,ISPY2-604199,2,0,spy2,0.20272954,train,42,weighted,False
ISPY2-604199_z008,ISPY2-604199,2,0,spy2,0.20178361,train,42,weighted,False
ISPY2-604199_z009,ISPY2-604199,2,0,spy2,0.20012997,train,42,weighted,False
ISPY2-604199_z010,ISPY2-604199,2,0,spy2,0.19965357,train,42,weighted,False
ISPY2-604199_z011,ISPY2-604199,2,0,spy2,0.20015997,train,42,weighted,False
ISPY2-604199_z012,ISPY2-604199,2,0,spy2,0.20044264,train,42,weighted,False
ISPY2-604199_z013,ISPY2-604199,2,0,spy2,0.20110841,train,42,weighted,False
ISPY2-604199_z014,ISPY2-604199,2,0,spy2,0.20166855,train,42,weighted,False
ISPY2-604199_z015,ISPY2-604199,2,0,spy2,0.2019123,train,42,weighted,False
ACRIN-6698-689480_z030,ACRIN-6698-689480,2,0,spy2,0.22237557,train,42,weighted,False
ACRIN-6698-689480_z031,ACRIN-6698-689480,2,0,spy2,0.22297674,train,42,weighted,False
ACRIN-6698-689480_z032,ACRIN-6698-689480,2,0,spy2,0.2222242,train,42,weighted,False
ACRIN-6698-689480_z033,ACRIN-6698-689480,2,0,spy2,0.22300783,train,42,weighted,False
ACRIN-6698-689480_z034,ACRIN-6698-689480,2,0,spy2,0.22316115,train,42,weighted,False
ACRIN-6698-689480_z035,ACRIN-6698-689480,2,0,spy2,0.21975487,train,42,weighted,False
ACRIN-6698-689480_z036,ACRIN-6698-689480,2,0,spy2,0.21881935,train,42,weighted,False
ACRIN-6698-689480_z037,ACRIN-6698-689480,2,0,spy2,0.21947214,train,42,weighted,False
ACRIN-6698-689480_z038,ACRIN-6698-689480,2,0,spy2,0.22067548,train,42,weighted,False
ACRIN-6698-689480_z039,ACRIN-6698-689480,2,0,spy2,0.2222994,train,42,weighted,False
ISPY2-498024_z006,ISPY2-498024,2,0,spy2,0.62629324,train,42,weighted,False
ISPY2-498024_z007,ISPY2-498024,2,0,spy2,0.628846,train,42,weighted,False
ISPY2-498024_z008,ISPY2-498024,2,0,spy2,0.6299152,train,42,weighted,False
ISPY2-498024_z009,ISPY2-498024,2,0,spy2,0.63229036,train,42,weighted,False
ISPY2-498024_z010,ISPY2-498024,2,0,spy2,0.63508666,train,42,weighted,False
ISPY2-498024_z011,ISPY2-498024,2,0,spy2,0.63651466,train,42,weighted,False
ISPY2-498024_z012,ISPY2-498024,2,0,spy2,0.63651466,train,42,weighted,False
ISPY2-498024_z013,ISPY2-498024,2,0,spy2,0.6367738,train,42,weighted,False
ISPY2-498024_z014,ISPY2-498024,2,0,spy2,0.6384432,train,42,weighted,False
ISPY2-498024_z016,ISPY2-498024,2,0,spy2,0.63708705,train,42,weighted,False
ISPY2-172168_z015,ISPY2-172168,2,0,spy2,0.67706245,train,42,weighted,False
ISPY2-172168_z016,ISPY2-172168,2,0,spy2,0.67706245,train,42,weighted,False
ISPY2-172168_z017,ISPY2-172168,2,0,spy2,0.67706245,train,42,weighted,False
ISPY2-172168_z018,ISPY2-172168,2,0,spy2,0.67706245,train,42,weighted,False
ISPY2-172168_z019,ISPY2-172168,2,0,spy2,0.6772539,train,42,weighted,False
ISPY2-172168_z020,ISPY2-172168,2,0,spy2,0.67762613,train,42,weighted,False
ISPY2-172168_z024,ISPY2-172168,2,0,spy2,0.67904145,train,42,weighted,False
ISPY2-172168_z025,ISPY2-172168,2,0,spy2,0.6793308,train,42,weighted,False
ISPY2-172168_z026,ISPY2-172168,2,0,spy2,0.67937034,train,42,weighted,False
ISPY2-172168_z027,ISPY2-172168,2,0,spy2,0.6806936,train,42,weighted,False
ISPY2-104384_z008,ISPY2-104384,2,0,spy2,0.2911863,train,42,weighted,False
ISPY2-104384_z009,ISPY2-104384,2,0,spy2,0.29110497,train,42,weighted,False
ISPY2-104384_z010,ISPY2-104384,2,0,spy2,0.29110497,train,42,weighted,False
ISPY2-104384_z011,ISPY2-104384,2,0,spy2,0.29110497,train,42,weighted,False
ISPY2-104384_z015,ISPY2-104384,2,0,spy2,0.29092458,train,42,weighted,False
ISPY2-104384_z016,ISPY2-104384,2,0,spy2,0.29071522,train,42,weighted,False
ISPY2-104384_z017,ISPY2-104384,2,0,spy2,0.29017392,train,42,weighted,False
ISPY2-104384_z018,ISPY2-104384,2,0,spy2,0.29110497,train,42,weighted,False
ISPY2-104384_z019,ISPY2-104384,2,0,spy2,0.29110497,train,42,weighted,False
ISPY2-104384_z020,ISPY2-104384,2,0,spy2,0.29110497,train,42,weighted,False
ACRIN-6698-960029_z005,ACRIN-6698-960029,2,0,spy2,0.68930674,train,42,weighted,False
ACRIN-6698-960029_z006,ACRIN-6698-960029,2,0,spy2,0.68930674,train,42,weighted,False
ACRIN-6698-960029_z007,ACRIN-6698-960029,2,0,spy2,0.68930674,train,42,weighted,False
ACRIN-6698-960029_z008,ACRIN-6698-960029,2,0,spy2,0.68930674,train,42,weighted,False
ACRIN-6698-960029_z009,ACRIN-6698-960029,2,0,spy2,0.6871219,train,42,weighted,False
ACRIN-6698-960029_z010,ACRIN-6698-960029,2,0,spy2,0.68605304,train,42,weighted,False
ACRIN-6698-960029_z011,ACRIN-6698-960029,2,0,spy2,0.684021,train,42,weighted,False
ACRIN-6698-960029_z012,ACRIN-6698-960029,2,0,spy2,0.6752165,train,42,weighted,False
ACRIN-6698-960029_z013,ACRIN-6698-960029,2,0,spy2,0.6708487,train,42,weighted,False
ACRIN-6698-960029_z024,ACRIN-6698-960029,2,0,spy2,0.6894122,train,42,weighted,False
ISPY2-623569_z009,ISPY2-623569,2,1,spy2,0.65773594,train,42,weighted,False
ISPY2-623569_z010,ISPY2-623569,2,1,spy2,0.6537087,train,42,weighted,False
ISPY2-623569_z011,ISPY2-623569,2,1,spy2,0.6574407,train,42,weighted,False
ISPY2-623569_z012,ISPY2-623569,2,1,spy2,0.665197,train,42,weighted,False
ISPY2-623569_z013,ISPY2-623569,2,1,spy2,0.6513425,train,42,weighted,False
ISPY2-623569_z014,ISPY2-623569,2,1,spy2,0.66289294,train,42,weighted,False
ISPY2-623569_z015,ISPY2-623569,2,1,spy2,0.6549133,train,42,weighted,False
ISPY2-623569_z016,ISPY2-623569,2,1,spy2,0.64139324,train,42,weighted,False
ISPY2-623569_z017,ISPY2-623569,2,1,spy2,0.6453117,train,42,weighted,False
ISPY2-623569_z018,ISPY2-623569,2,1,spy2,0.6583886,train,42,weighted,False
ISPY2-851180_z009,ISPY2-851180,2,0,spy2,0.47463167,train,42,weighted,False
ISPY2-851180_z010,ISPY2-851180,2,0,spy2,0.47493264,train,42,weighted,False
ISPY2-851180_z011,ISPY2-851180,2,0,spy2,0.47567102,train,42,weighted,False
ISPY2-851180_z012,ISPY2-851180,2,0,spy2,0.4733769,train,42,weighted,False
ISPY2-851180_z013,ISPY2-851180,2,0,spy2,0.4714312,train,42,weighted,False
ISPY2-851180_z014,ISPY2-851180,2,0,spy2,0.47564325,train,42,weighted,False
ISPY2-851180_z015,ISPY2-851180,2,0,spy2,0.4807838,train,42,weighted,False
ISPY2-851180_z016,ISPY2-851180,2,0,spy2,0.4795431,train,42,weighted,False
ISPY2-851180_z017,ISPY2-851180,2,0,spy2,0.47846612,train,42,weighted,False
ISPY2-851180_z019,ISPY2-851180,2,0,spy2,0.4847117,train,42,weighted,False
ISPY2-683457_z028,ISPY2-683457,2,0,spy2,0.51069665,train,42,weighted,False
ISPY2-683457_z029,ISPY2-683457,2,0,spy2,0.509505,train,42,weighted,False
ISPY2-683457_z030,ISPY2-683457,2,0,spy2,0.50677913,train,42,weighted,False
ISPY2-683457_z033,ISPY2-683457,2,0,spy2,0.50553864,train,42,weighted,False
ISPY2-683457_z034,ISPY2-683457,2,0,spy2,0.5064341,train,42,weighted,False
ISPY2-683457_z035,ISPY2-683457,2,0,spy2,0.50481874,train,42,weighted,False
ISPY2-683457_z038,ISPY2-683457,2,0,spy2,0.49741372,train,42,weighted,False
ISPY2-683457_z039,ISPY2-683457,2,0,spy2,0.49592727,train,42,weighted,False
ISPY2-683457_z042,ISPY2-683457,2,0,spy2,0.5026823,train,42,weighted,False
ISPY2-683457_z044,ISPY2-683457,2,0,spy2,0.5016958,train,42,weighted,False
ISPY2-122579_z014,ISPY2-122579,2,0,spy2,0.26213706,train,42,weighted,False
ISPY2-122579_z015,ISPY2-122579,2,0,spy2,0.2618558,train,42,weighted,False
ISPY2-122579_z016,ISPY2-122579,2,0,spy2,0.26241928,train,42,weighted,False
ISPY2-122579_z017,ISPY2-122579,2,0,spy2,0.2620457,train,42,weighted,False
ISPY2-122579_z018,ISPY2-122579,2,0,spy2,0.261254,train,42,weighted,False
ISPY2-122579_z019,ISPY2-122579,2,0,spy2,0.2612651,train,42,weighted,False
ISPY2-122579_z020,ISPY2-122579,2,0,spy2,0.25949535,train,42,weighted,False
ISPY2-122579_z021,ISPY2-122579,2,0,spy2,0.2575376,train,42,weighted,False
ISPY2-122579_z022,ISPY2-122579,2,0,spy2,0.25714725,train,42,weighted,False
ISPY2-122579_z023,ISPY2-122579,2,0,spy2,0.25496462,train,42,weighted,False
ISPY2-778527_z005,ISPY2-778527,2,1,spy2,0.7023617,train,42,weighted,False
ISPY2-778527_z006,ISPY2-778527,2,1,spy2,0.7023617,train,42,weighted,False
ISPY2-778527_z007,ISPY2-778527,2,1,spy2,0.7023617,train,42,weighted,False
ISPY2-778527_z008,ISPY2-778527,2,1,spy2,0.7023617,train,42,weighted,False
ISPY2-778527_z009,ISPY2-778527,2,1,spy2,0.7023617,train,42,weighted,False
ISPY2-778527_z010,ISPY2-778527,2,1,spy2,0.7023617,train,42,weighted,False
ISPY2-778527_z011,ISPY2-778527,2,1,spy2,0.7023617,train,42,weighted,False
ISPY2-778527_z012,ISPY2-778527,2,1,spy2,0.7023617,train,42,weighted,False
ISPY2-778527_z013,ISPY2-778527,2,1,spy2,0.7023617,train,42,weighted,False
ISPY2-778527_z014,ISPY2-778527,2,1,spy2,0.7023617,train,42,weighted,False
ISPY2-571276_z014,ISPY2-571276,2,0,spy2,0.5738097,train,42,weighted,False
ISPY2-571276_z015,ISPY2-571276,2,0,spy2,0.5769978,train,42,weighted,False
ISPY2-571276_z016,ISPY2-571276,2,0,spy2,0.5813973,train,42,weighted,False
ISPY2-571276_z017,ISPY2-571276,2,0,spy2,0.5792417,train,42,weighted,False
ISPY2-571276_z018,ISPY2-571276,2,0,spy2,0.57899773,train,42,weighted,False
ISPY2-571276_z019,ISPY2-571276,2,0,spy2,0.57582647,train,42,weighted,False
ISPY2-571276_z020,ISPY2-571276,2,0,spy2,0.5774509,train,42,weighted,False
ISPY2-571276_z021,ISPY2-571276,2,0,spy2,0.5794272,train,42,weighted,False
ISPY2-571276_z022,ISPY2-571276,2,0,spy2,0.57642585,train,42,weighted,False
ISPY2-571276_z023,ISPY2-571276,2,0,spy2,0.5747123,train,42,weighted,False
ACRIN-6698-779739_z004,ACRIN-6698-779739,2,1,spy2,0.58067214,train,42,weighted,False
ACRIN-6698-779739_z005,ACRIN-6698-779739,2,1,spy2,0.58299094,train,42,weighted,False
ACRIN-6698-779739_z006,ACRIN-6698-779739,2,1,spy2,0.58465683,train,42,weighted,False
ACRIN-6698-779739_z007,ACRIN-6698-779739,2,1,spy2,0.5887225,train,42,weighted,False
ACRIN-6698-779739_z008,ACRIN-6698-779739,2,1,spy2,0.58980834,train,42,weighted,False
ACRIN-6698-779739_z009,ACRIN-6698-779739,2,1,spy2,0.5891199,train,42,weighted,False
ACRIN-6698-779739_z010,ACRIN-6698-779739,2,1,spy2,0.5887225,train,42,weighted,False
ACRIN-6698-779739_z011,ACRIN-6698-779739,2,1,spy2,0.5887225,train,42,weighted,False
ACRIN-6698-779739_z012,ACRIN-6698-779739,2,1,spy2,0.5887225,train,42,weighted,False
ACRIN-6698-779739_z013,ACRIN-6698-779739,2,1,spy2,0.5866246,train,42,weighted,False
ISPY2-345460_z008,ISPY2-345460,2,0,spy2,0.3052504,train,42,weighted,False
ISPY2-345460_z009,ISPY2-345460,2,0,spy2,0.30523565,train,42,weighted,False
ISPY2-345460_z010,ISPY2-345460,2,0,spy2,0.30283928,train,42,weighted,False
ISPY2-345460_z011,ISPY2-345460,2,0,spy2,0.30197212,train,42,weighted,False
ISPY2-345460_z012,ISPY2-345460,2,0,spy2,0.3029186,train,42,weighted,False
ISPY2-345460_z013,ISPY2-345460,2,0,spy2,0.3051006,train,42,weighted,False
ISPY2-345460_z014,ISPY2-345460,2,0,spy2,0.3069194,train,42,weighted,False
ISPY2-345460_z015,ISPY2-345460,2,0,spy2,0.30524167,train,42,weighted,False
ISPY2-345460_z016,ISPY2-345460,2,0,spy2,0.30307803,train,42,weighted,False
ISPY2-345460_z017,ISPY2-345460,2,0,spy2,0.30419865,train,42,weighted,False
ISPY2-467622_z009,ISPY2-467622,2,0,spy2,0.28826028,train,42,weighted,False
ISPY2-467622_z010,ISPY2-467622,2,0,spy2,0.2883237,train,42,weighted,False
ISPY2-467622_z011,ISPY2-467622,2,0,spy2,0.28832072,train,42,weighted,False
ISPY2-467622_z012,ISPY2-467622,2,0,spy2,0.2882074,train,42,weighted,False
ISPY2-467622_z013,ISPY2-467622,2,0,spy2,0.28828073,train,42,weighted,False
ISPY2-467622_z014,ISPY2-467622,2,0,spy2,0.28361097,train,42,weighted,False
ISPY2-467622_z015,ISPY2-467622,2,0,spy2,0.28825518,train,42,weighted,False
ISPY2-467622_z016,ISPY2-467622,2,0,spy2,0.28827146,train,42,weighted,False
ISPY2-467622_z017,ISPY2-467622,2,0,spy2,0.28410706,train,42,weighted,False
ISPY2-467622_z018,ISPY2-467622,2,0,spy2,0.28354537,train,42,weighted,False
ACRIN-6698-474874_z018,ACRIN-6698-474874,2,1,spy2,0.77847224,train,42,weighted,False
ACRIN-6698-474874_z019,ACRIN-6698-474874,2,1,spy2,0.7784743,train,42,weighted,False
ACRIN-6698-474874_z020,ACRIN-6698-474874,2,1,spy2,0.7784065,train,42,weighted,False
ACRIN-6698-474874_z021,ACRIN-6698-474874,2,1,spy2,0.7783601,train,42,weighted,False
ACRIN-6698-474874_z022,ACRIN-6698-474874,2,1,spy2,0.7783301,train,42,weighted,False
ACRIN-6698-474874_z023,ACRIN-6698-474874,2,1,spy2,0.7783137,train,42,weighted,False
ACRIN-6698-474874_z024,ACRIN-6698-474874,2,1,spy2,0.77834463,train,42,weighted,False
ACRIN-6698-474874_z025,ACRIN-6698-474874,2,1,spy2,0.7782832,train,42,weighted,False
ACRIN-6698-474874_z026,ACRIN-6698-474874,2,1,spy2,0.778283,train,42,weighted,False
ACRIN-6698-474874_z027,ACRIN-6698-474874,2,1,spy2,0.7782834,train,42,weighted,False
ISPY2-618240_z037,ISPY2-618240,2,0,spy2,0.50673103,train,42,weighted,False
ISPY2-618240_z038,ISPY2-618240,2,0,spy2,0.50507104,train,42,weighted,False
ISPY2-618240_z039,ISPY2-618240,2,0,spy2,0.5053369,train,42,weighted,False
ISPY2-618240_z040,ISPY2-618240,2,0,spy2,0.5092806,train,42,weighted,False
ISPY2-618240_z041,ISPY2-618240,2,0,spy2,0.5077409,train,42,weighted,False
ISPY2-618240_z042,ISPY2-618240,2,0,spy2,0.5043859,train,42,weighted,False
ISPY2-618240_z047,ISPY2-618240,2,0,spy2,0.50767964,train,42,weighted,False
ISPY2-618240_z048,ISPY2-618240,2,0,spy2,0.5066833,train,42,weighted,False
ISPY2-618240_z050,ISPY2-618240,2,0,spy2,0.5072358,train,42,weighted,False
ISPY2-618240_z051,ISPY2-618240,2,0,spy2,0.50641364,train,42,weighted,False
ISPY2-250274_z016,ISPY2-250274,2,0,spy2,0.5343757,train,42,weighted,False
ISPY2-250274_z017,ISPY2-250274,2,0,spy2,0.53789115,train,42,weighted,False
ISPY2-250274_z018,ISPY2-250274,2,0,spy2,0.5470122,train,42,weighted,False
ISPY2-250274_z019,ISPY2-250274,2,0,spy2,0.54661286,train,42,weighted,False
ISPY2-250274_z020,ISPY2-250274,2,0,spy2,0.545691,train,42,weighted,False
ISPY2-250274_z021,ISPY2-250274,2,0,spy2,0.54617614,train,42,weighted,False
ISPY2-250274_z022,ISPY2-250274,2,0,spy2,0.546764,train,42,weighted,False
ISPY2-250274_z023,ISPY2-250274,2,0,spy2,0.5483339,train,42,weighted,False
ISPY2-250274_z024,ISPY2-250274,2,0,spy2,0.548631,train,42,weighted,False
ISPY2-250274_z025,ISPY2-250274,2,0,spy2,0.5550285,train,42,weighted,False
ACRIN-6698-227055_z017,ACRIN-6698-227055,2,0,spy2,0.5153408,train,42,weighted,False
ACRIN-6698-227055_z018,ACRIN-6698-227055,2,0,spy2,0.5163481,train,42,weighted,False
ACRIN-6698-227055_z019,ACRIN-6698-227055,2,0,spy2,0.5126803,train,42,weighted,False
ACRIN-6698-227055_z020,ACRIN-6698-227055,2,0,spy2,0.50826234,train,42,weighted,False
ACRIN-6698-227055_z021,ACRIN-6698-227055,2,0,spy2,0.5062374,train,42,weighted,False
ACRIN-6698-227055_z022,ACRIN-6698-227055,2,0,spy2,0.5054992,train,42,weighted,False
ACRIN-6698-227055_z023,ACRIN-6698-227055,2,0,spy2,0.50690585,train,42,weighted,False
ACRIN-6698-227055_z024,ACRIN-6698-227055,2,0,spy2,0.5120324,train,42,weighted,False
ACRIN-6698-227055_z025,ACRIN-6698-227055,2,0,spy2,0.51781404,train,42,weighted,False
ACRIN-6698-227055_z026,ACRIN-6698-227055,2,0,spy2,0.51781404,train,42,weighted,False
ISPY2-591180_z013,ISPY2-591180,2,0,spy2,0.4922624,train,42,weighted,False
ISPY2-591180_z014,ISPY2-591180,2,0,spy2,0.49393734,train,42,weighted,False
ISPY2-591180_z015,ISPY2-591180,2,0,spy2,0.4934891,train,42,weighted,False
ISPY2-591180_z016,ISPY2-591180,2,0,spy2,0.494112,train,42,weighted,False
ISPY2-591180_z020,ISPY2-591180,2,0,spy2,0.48652434,train,42,weighted,False
ISPY2-591180_z021,ISPY2-591180,2,0,spy2,0.48340744,train,42,weighted,False
ISPY2-591180_z022,ISPY2-591180,2,0,spy2,0.48218542,train,42,weighted,False
ISPY2-591180_z023,ISPY2-591180,2,0,spy2,0.47820652,train,42,weighted,False
ISPY2-591180_z027,ISPY2-591180,2,0,spy2,0.48602682,train,42,weighted,False
ISPY2-591180_z029,ISPY2-591180,2,0,spy2,0.48937273,train,42,weighted,False
ISPY2-690410_z009,ISPY2-690410,2,0,spy2,0.14371657,train,42,weighted,False
ISPY2-690410_z010,ISPY2-690410,2,0,spy2,0.14232863,train,42,weighted,False
ISPY2-690410_z011,ISPY2-690410,2,0,spy2,0.14063913,train,42,weighted,False
ISPY2-690410_z013,ISPY2-690410,2,0,spy2,0.13913612,train,42,weighted,False
ISPY2-690410_z014,ISPY2-690410,2,0,spy2,0.13779275,train,42,weighted,False
ISPY2-690410_z015,ISPY2-690410,2,0,spy2,0.13710263,train,42,weighted,False
ISPY2-690410_z016,ISPY2-690410,2,0,spy2,0.13796379,train,42,weighted,False
ISPY2-690410_z017,ISPY2-690410,2,0,spy2,0.13924095,train,42,weighted,False
ISPY2-690410_z018,ISPY2-690410,2,0,spy2,0.14046742,train,42,weighted,False
ISPY2-690410_z019,ISPY2-690410,2,0,spy2,0.14144973,train,42,weighted,False
ISPY2-676630_z022,ISPY2-676630,2,1,spy2,0.57960737,train,42,weighted,False
ISPY2-676630_z023,ISPY2-676630,2,1,spy2,0.57976896,train,42,weighted,False
ISPY2-676630_z024,ISPY2-676630,2,1,spy2,0.5813033,train,42,weighted,False
ISPY2-676630_z025,ISPY2-676630,2,1,spy2,0.58144444,train,42,weighted,False
ISPY2-676630_z026,ISPY2-676630,2,1,spy2,0.57957894,train,42,weighted,False
ISPY2-676630_z027,ISPY2-676630,2,1,spy2,0.57925403,train,42,weighted,False
ISPY2-676630_z028,ISPY2-676630,2,1,spy2,0.5810924,train,42,weighted,False
ISPY2-676630_z029,ISPY2-676630,2,1,spy2,0.5806639,train,42,weighted,False
ISPY2-676630_z030,ISPY2-676630,2,1,spy2,0.5785316,train,42,weighted,False
ISPY2-676630_z031,ISPY2-676630,2,1,spy2,0.5779832,train,42,weighted,False
ACRIN-6698-870077_z005,ACRIN-6698-870077,2,0,spy2,0.25609294,train,42,weighted,False
ACRIN-6698-870077_z006,ACRIN-6698-870077,2,0,spy2,0.2573285,train,42,weighted,False
ACRIN-6698-870077_z007,ACRIN-6698-870077,2,0,spy2,0.255217,train,42,weighted,False
ACRIN-6698-870077_z008,ACRIN-6698-870077,2,0,spy2,0.25439784,train,42,weighted,False
ACRIN-6698-870077_z009,ACRIN-6698-870077,2,0,spy2,0.25628704,train,42,weighted,False
ACRIN-6698-870077_z010,ACRIN-6698-870077,2,0,spy2,0.25452778,train,42,weighted,False
ACRIN-6698-870077_z011,ACRIN-6698-870077,2,0,spy2,0.2570906,train,42,weighted,False
ACRIN-6698-870077_z012,ACRIN-6698-870077,2,0,spy2,0.25735444,train,42,weighted,False
ACRIN-6698-870077_z013,ACRIN-6698-870077,2,0,spy2,0.25502414,train,42,weighted,False
ACRIN-6698-870077_z014,ACRIN-6698-870077,2,0,spy2,0.25555167,train,42,weighted,False
ACRIN-6698-738041_z003,ACRIN-6698-738041,2,1,spy2,0.642034,train,42,weighted,False
ACRIN-6698-738041_z004,ACRIN-6698-738041,2,1,spy2,0.6504193,train,42,weighted,False
ACRIN-6698-738041_z005,ACRIN-6698-738041,2,1,spy2,0.65176076,train,42,weighted,False
ACRIN-6698-738041_z006,ACRIN-6698-738041,2,1,spy2,0.6517764,train,42,weighted,False
ACRIN-6698-738041_z007,ACRIN-6698-738041,2,1,spy2,0.65181506,train,42,weighted,False
ACRIN-6698-738041_z008,ACRIN-6698-738041,2,1,spy2,0.65181273,train,42,weighted,False
ACRIN-6698-738041_z009,ACRIN-6698-738041,2,1,spy2,0.651844,train,42,weighted,False
ACRIN-6698-738041_z010,ACRIN-6698-738041,2,1,spy2,0.6518387,train,42,weighted,False
ACRIN-6698-738041_z011,ACRIN-6698-738041,2,1,spy2,0.65186554,train,42,weighted,False
ACRIN-6698-738041_z012,ACRIN-6698-738041,2,1,spy2,0.65196955,train,42,weighted,False
ACRIN-6698-794128_z019,ACRIN-6698-794128,2,0,spy2,0.5012508,train,42,weighted,False
ACRIN-6698-794128_z020,ACRIN-6698-794128,2,0,spy2,0.51251704,train,42,weighted,False
ACRIN-6698-794128_z021,ACRIN-6698-794128,2,0,spy2,0.53078336,train,42,weighted,False
ACRIN-6698-794128_z022,ACRIN-6698-794128,2,0,spy2,0.55152255,train,42,weighted,False
ACRIN-6698-794128_z023,ACRIN-6698-794128,2,0,spy2,0.57514846,train,42,weighted,False
ACRIN-6698-794128_z024,ACRIN-6698-794128,2,0,spy2,0.5739008,train,42,weighted,False
ACRIN-6698-794128_z025,ACRIN-6698-794128,2,0,spy2,0.5728697,train,42,weighted,False
ACRIN-6698-794128_z026,ACRIN-6698-794128,2,0,spy2,0.57086307,train,42,weighted,False
ACRIN-6698-794128_z027,ACRIN-6698-794128,2,0,spy2,0.5757494,train,42,weighted,False
ACRIN-6698-794128_z028,ACRIN-6698-794128,2,0,spy2,0.5757494,train,42,weighted,False
ISPY2-535415_z016,ISPY2-535415,2,1,spy2,0.78402424,train,42,weighted,False
ISPY2-535415_z017,ISPY2-535415,2,1,spy2,0.78315,train,42,weighted,False
ISPY2-535415_z018,ISPY2-535415,2,1,spy2,0.7833085,train,42,weighted,False
ISPY2-535415_z019,ISPY2-535415,2,1,spy2,0.7842151,train,42,weighted,False
ISPY2-535415_z020,ISPY2-535415,2,1,spy2,0.78469056,train,42,weighted,False
ISPY2-535415_z021,ISPY2-535415,2,1,spy2,0.7819765,train,42,weighted,False
ISPY2-535415_z022,ISPY2-535415,2,1,spy2,0.7797228,train,42,weighted,False
ISPY2-535415_z023,ISPY2-535415,2,1,spy2,0.7790354,train,42,weighted,False
ISPY2-535415_z024,ISPY2-535415,2,1,spy2,0.77940816,train,42,weighted,False
ISPY2-535415_z025,ISPY2-535415,2,1,spy2,0.7799912,train,42,weighted,False
ACRIN-6698-971492_z008,ACRIN-6698-971492,2,0,spy2,0.34708756,train,42,weighted,False
ACRIN-6698-971492_z009,ACRIN-6698-971492,2,0,spy2,0.34694305,train,42,weighted,False
ACRIN-6698-971492_z010,ACRIN-6698-971492,2,0,spy2,0.34569553,train,42,weighted,False
ACRIN-6698-971492_z011,ACRIN-6698-971492,2,0,spy2,0.3446016,train,42,weighted,False
ACRIN-6698-971492_z012,ACRIN-6698-971492,2,0,spy2,0.3446016,train,42,weighted,False
ACRIN-6698-971492_z013,ACRIN-6698-971492,2,0,spy2,0.3446016,train,42,weighted,False
ACRIN-6698-971492_z014,ACRIN-6698-971492,2,0,spy2,0.3446016,train,42,weighted,False
ACRIN-6698-971492_z015,ACRIN-6698-971492,2,0,spy2,0.3446016,train,42,weighted,False
ACRIN-6698-971492_z016,ACRIN-6698-971492,2,0,spy2,0.3446016,train,42,weighted,False
ACRIN-6698-971492_z017,ACRIN-6698-971492,2,0,spy2,0.3446016,train,42,weighted,False
ISPY2-300724_z027,ISPY2-300724,2,0,spy2,0.21573405,train,42,weighted,False
ISPY2-300724_z028,ISPY2-300724,2,0,spy2,0.2157198,train,42,weighted,False
ISPY2-300724_z029,ISPY2-300724,2,0,spy2,0.21486033,train,42,weighted,False
ISPY2-300724_z030,ISPY2-300724,2,0,spy2,0.21564475,train,42,weighted,False
ISPY2-300724_z031,ISPY2-300724,2,0,spy2,0.2150227,train,42,weighted,False
ISPY2-300724_z032,ISPY2-300724,2,0,spy2,0.21486033,train,42,weighted,False
ISPY2-300724_z033,ISPY2-300724,2,0,spy2,0.21486033,train,42,weighted,False
ISPY2-300724_z034,ISPY2-300724,2,0,spy2,0.21518195,train,42,weighted,False
ISPY2-300724_z035,ISPY2-300724,2,0,spy2,0.21486033,train,42,weighted,False
ISPY2-300724_z036,ISPY2-300724,2,0,spy2,0.21486033,train,42,weighted,False
ISPY2-729732_z011,ISPY2-729732,2,0,spy2,0.40833163,train,42,weighted,False
ISPY2-729732_z012,ISPY2-729732,2,0,spy2,0.40844682,train,42,weighted,False
ISPY2-729732_z013,ISPY2-729732,2,0,spy2,0.40898362,train,42,weighted,False
ISPY2-729732_z014,ISPY2-729732,2,0,spy2,0.4088251,train,42,weighted,False
ISPY2-729732_z015,ISPY2-729732,2,0,spy2,0.4073444,train,42,weighted,False
ISPY2-729732_z016,ISPY2-729732,2,0,spy2,0.40653518,train,42,weighted,False
ISPY2-729732_z017,ISPY2-729732,2,0,spy2,0.40740052,train,42,weighted,False
ISPY2-729732_z018,ISPY2-729732,2,0,spy2,0.4090755,train,42,weighted,False
ISPY2-729732_z019,ISPY2-729732,2,0,spy2,0.41027272,train,42,weighted,False
ISPY2-729732_z020,ISPY2-729732,2,0,spy2,0.41225916,train,42,weighted,False
ISPY2-567201_z016,ISPY2-567201,2,1,spy2,0.59060895,train,42,weighted,False
ISPY2-567201_z017,ISPY2-567201,2,1,spy2,0.59111816,train,42,weighted,False
ISPY2-567201_z018,ISPY2-567201,2,1,spy2,0.59185207,train,42,weighted,False
ISPY2-567201_z019,ISPY2-567201,2,1,spy2,0.59308416,train,42,weighted,False
ISPY2-567201_z020,ISPY2-567201,2,1,spy2,0.59397835,train,42,weighted,False
ISPY2-567201_z021,ISPY2-567201,2,1,spy2,0.5942666,train,42,weighted,False
ISPY2-567201_z022,ISPY2-567201,2,1,spy2,0.5942256,train,42,weighted,False
ISPY2-567201_z023,ISPY2-567201,2,1,spy2,0.5948926,train,42,weighted,False
ISPY2-567201_z024,ISPY2-567201,2,1,spy2,0.59526366,train,42,weighted,False
ISPY2-567201_z025,ISPY2-567201,2,1,spy2,0.5960009,train,42,weighted,False
ISPY2-233962_z005,ISPY2-233962,2,1,spy2,0.71179694,train,42,weighted,False
ISPY2-233962_z006,ISPY2-233962,2,1,spy2,0.71440315,train,42,weighted,False
ISPY2-233962_z007,ISPY2-233962,2,1,spy2,0.7159347,train,42,weighted,False
ISPY2-233962_z008,ISPY2-233962,2,1,spy2,0.7171287,train,42,weighted,False
ISPY2-233962_z009,ISPY2-233962,2,1,spy2,0.71842486,train,42,weighted,False
ISPY2-233962_z010,ISPY2-233962,2,1,spy2,0.7186735,train,42,weighted,False
ISPY2-233962_z011,ISPY2-233962,2,1,spy2,0.7218466,train,42,weighted,False
ISPY2-233962_z012,ISPY2-233962,2,1,spy2,0.7209765,train,42,weighted,False
ISPY2-233962_z013,ISPY2-233962,2,1,spy2,0.7222555,train,42,weighted,False
ISPY2-233962_z014,ISPY2-233962,2,1,spy2,0.72724414,train,42,weighted,False
ISPY2-935460_z007,ISPY2-935460,2,0,spy2,0.45262173,train,42,weighted,False
ISPY2-935460_z008,ISPY2-935460,2,0,spy2,0.45625898,train,42,weighted,False
ISPY2-935460_z009,ISPY2-935460,2,0,spy2,0.45646477,train,42,weighted,False
ISPY2-935460_z010,ISPY2-935460,2,0,spy2,0.45511827,train,42,weighted,False
ISPY2-935460_z011,ISPY2-935460,2,0,spy2,0.4597417,train,42,weighted,False
ISPY2-935460_z012,ISPY2-935460,2,0,spy2,0.46558598,train,42,weighted,False
ISPY2-935460_z013,ISPY2-935460,2,0,spy2,0.4697795,train,42,weighted,False
ISPY2-935460_z014,ISPY2-935460,2,0,spy2,0.47194248,train,42,weighted,False
ISPY2-935460_z015,ISPY2-935460,2,0,spy2,0.4829993,train,42,weighted,False
ISPY2-935460_z016,ISPY2-935460,2,0,spy2,0.48298272,train,42,weighted,False
ISPY2-138425_z010,ISPY2-138425,2,1,spy2,0.71681035,train,42,weighted,False
ISPY2-138425_z011,ISPY2-138425,2,1,spy2,0.71681035,train,42,weighted,False
ISPY2-138425_z012,ISPY2-138425,2,1,spy2,0.71681035,train,42,weighted,False
ISPY2-138425_z013,ISPY2-138425,2,1,spy2,0.71662766,train,42,weighted,False
ISPY2-138425_z014,ISPY2-138425,2,1,spy2,0.71681035,train,42,weighted,False
ISPY2-138425_z015,ISPY2-138425,2,1,spy2,0.71681035,train,42,weighted,False
ISPY2-138425_z016,ISPY2-138425,2,1,spy2,0.71681035,train,42,weighted,False
ISPY2-138425_z017,ISPY2-138425,2,1,spy2,0.71681035,train,42,weighted,False
ISPY2-138425_z018,ISPY2-138425,2,1,spy2,0.71681035,train,42,weighted,False
ISPY2-138425_z019,ISPY2-138425,2,1,spy2,0.7175119,train,42,weighted,False
ISPY2-783771_z008,ISPY2-783771,2,0,spy2,0.29449415,train,42,weighted,False
ISPY2-783771_z009,ISPY2-783771,2,0,spy2,0.2945345,train,42,weighted,False
ISPY2-783771_z010,ISPY2-783771,2,0,spy2,0.29456696,train,42,weighted,False
ISPY2-783771_z011,ISPY2-783771,2,0,spy2,0.29460645,train,42,weighted,False
ISPY2-783771_z012,ISPY2-783771,2,0,spy2,0.29456612,train,42,weighted,False
ISPY2-783771_z013,ISPY2-783771,2,0,spy2,0.29258266,train,42,weighted,False
ISPY2-783771_z014,ISPY2-783771,2,0,spy2,0.29257333,train,42,weighted,False
ISPY2-783771_z015,ISPY2-783771,2,0,spy2,0.29452908,train,42,weighted,False
ISPY2-783771_z016,ISPY2-783771,2,0,spy2,0.29401776,train,42,weighted,False
ISPY2-783771_z017,ISPY2-783771,2,0,spy2,0.2915092,train,42,weighted,False
ISPY2-303685_z005,ISPY2-303685,2,1,spy2,0.25033036,train,42,weighted,False
ISPY2-303685_z006,ISPY2-303685,2,1,spy2,0.24914457,train,42,weighted,False
ISPY2-303685_z007,ISPY2-303685,2,1,spy2,0.24481335,train,42,weighted,False
ISPY2-303685_z008,ISPY2-303685,2,1,spy2,0.24151011,train,42,weighted,False
ISPY2-303685_z009,ISPY2-303685,2,1,spy2,0.24044448,train,42,weighted,False
ISPY2-303685_z010,ISPY2-303685,2,1,spy2,0.24050884,train,42,weighted,False
ISPY2-303685_z011,ISPY2-303685,2,1,spy2,0.2406315,train,42,weighted,False
ISPY2-303685_z012,ISPY2-303685,2,1,spy2,0.24081966,train,42,weighted,False
ISPY2-303685_z013,ISPY2-303685,2,1,spy2,0.24126981,train,42,weighted,False
ISPY2-303685_z014,ISPY2-303685,2,1,spy2,0.24441339,train,42,weighted,False
ISPY2-289107_z005,ISPY2-289107,2,1,spy2,0.6354891,train,42,weighted,False
ISPY2-289107_z006,ISPY2-289107,2,1,spy2,0.633775,train,42,weighted,False
ISPY2-289107_z007,ISPY2-289107,2,1,spy2,0.6362317,train,42,weighted,False
ISPY2-289107_z008,ISPY2-289107,2,1,spy2,0.6369658,train,42,weighted,False
ISPY2-289107_z009,ISPY2-289107,2,1,spy2,0.63583064,train,42,weighted,False
ISPY2-289107_z010,ISPY2-289107,2,1,spy2,0.6347467,train,42,weighted,False
ISPY2-289107_z011,ISPY2-289107,2,1,spy2,0.63414687,train,42,weighted,False
ISPY2-289107_z012,ISPY2-289107,2,1,spy2,0.6357124,train,42,weighted,False
ISPY2-289107_z013,ISPY2-289107,2,1,spy2,0.6352061,train,42,weighted,False
ISPY2-289107_z014,ISPY2-289107,2,1,spy2,0.63033783,train,42,weighted,False
ACRIN-6698-323721_z009,ACRIN-6698-323721,2,0,spy2,0.21504876,train,42,weighted,False
ACRIN-6698-323721_z010,ACRIN-6698-323721,2,0,spy2,0.21504876,train,42,weighted,False
ACRIN-6698-323721_z011,ACRIN-6698-323721,2,0,spy2,0.21550389,train,42,weighted,False
ACRIN-6698-323721_z012,ACRIN-6698-323721,2,0,spy2,0.21662855,train,42,weighted,False
ACRIN-6698-323721_z013,ACRIN-6698-323721,2,0,spy2,0.2191669,train,42,weighted,False
ACRIN-6698-323721_z014,ACRIN-6698-323721,2,0,spy2,0.22074768,train,42,weighted,False
ACRIN-6698-323721_z015,ACRIN-6698-323721,2,0,spy2,0.21504876,train,42,weighted,False
ACRIN-6698-323721_z016,ACRIN-6698-323721,2,0,spy2,0.21398383,train,42,weighted,False
ACRIN-6698-323721_z017,ACRIN-6698-323721,2,0,spy2,0.21316496,train,42,weighted,False
ACRIN-6698-323721_z018,ACRIN-6698-323721,2,0,spy2,0.21379553,train,42,weighted,False
ISPY2-906795_z015,ISPY2-906795,2,0,spy2,0.70390403,train,42,weighted,False
ISPY2-906795_z016,ISPY2-906795,2,0,spy2,0.7051775,train,42,weighted,False
ISPY2-906795_z017,ISPY2-906795,2,0,spy2,0.706266,train,42,weighted,False
ISPY2-906795_z018,ISPY2-906795,2,0,spy2,0.70577544,train,42,weighted,False
ISPY2-906795_z019,ISPY2-906795,2,0,spy2,0.70653,train,42,weighted,False
ISPY2-906795_z020,ISPY2-906795,2,0,spy2,0.7076666,train,42,weighted,False
ISPY2-906795_z021,ISPY2-906795,2,0,spy2,0.7076666,train,42,weighted,False
ISPY2-906795_z022,ISPY2-906795,2,0,spy2,0.7076666,train,42,weighted,False
ISPY2-906795_z023,ISPY2-906795,2,0,spy2,0.7076666,train,42,weighted,False
ISPY2-906795_z024,ISPY2-906795,2,0,spy2,0.7076666,train,42,weighted,False
ISPY2-212307_z029,ISPY2-212307,2,0,spy2,0.29169837,train,42,weighted,False
ISPY2-212307_z030,ISPY2-212307,2,0,spy2,0.2922024,train,42,weighted,False
ISPY2-212307_z031,ISPY2-212307,2,0,spy2,0.29257858,train,42,weighted,False
ISPY2-212307_z032,ISPY2-212307,2,0,spy2,0.29248098,train,42,weighted,False
ISPY2-212307_z035,ISPY2-212307,2,0,spy2,0.29475388,train,42,weighted,False
ISPY2-212307_z036,ISPY2-212307,2,0,spy2,0.29844135,train,42,weighted,False
ISPY2-212307_z038,ISPY2-212307,2,0,spy2,0.2986508,train,42,weighted,False
ISPY2-212307_z039,ISPY2-212307,2,0,spy2,0.29959664,train,42,weighted,False
ISPY2-212307_z040,ISPY2-212307,2,0,spy2,0.2995688,train,42,weighted,False
ISPY2-212307_z041,ISPY2-212307,2,0,spy2,0.29921597,train,42,weighted,False
ACRIN-6698-202535_z022,ACRIN-6698-202535,2,0,spy2,0.59729576,train,42,weighted,False
ACRIN-6698-202535_z023,ACRIN-6698-202535,2,0,spy2,0.5973914,train,42,weighted,False
ACRIN-6698-202535_z024,ACRIN-6698-202535,2,0,spy2,0.59848243,train,42,weighted,False
ACRIN-6698-202535_z025,ACRIN-6698-202535,2,0,spy2,0.5981665,train,42,weighted,False
ACRIN-6698-202535_z026,ACRIN-6698-202535,2,0,spy2,0.5985344,train,42,weighted,False
ACRIN-6698-202535_z027,ACRIN-6698-202535,2,0,spy2,0.597551,train,42,weighted,False
ACRIN-6698-202535_z028,ACRIN-6698-202535,2,0,spy2,0.59769493,train,42,weighted,False
ACRIN-6698-202535_z029,ACRIN-6698-202535,2,0,spy2,0.5979731,train,42,weighted,False
ACRIN-6698-202535_z030,ACRIN-6698-202535,2,0,spy2,0.59886503,train,42,weighted,False
ACRIN-6698-202535_z031,ACRIN-6698-202535,2,0,spy2,0.59976846,train,42,weighted,False
ISPY2-478055_z011,ISPY2-478055,2,0,spy2,0.31052238,train,42,weighted,False
ISPY2-478055_z012,ISPY2-478055,2,0,spy2,0.31044632,train,42,weighted,False
ISPY2-478055_z013,ISPY2-478055,2,0,spy2,0.31096774,train,42,weighted,False
ISPY2-478055_z014,ISPY2-478055,2,0,spy2,0.3104702,train,42,weighted,False
ISPY2-478055_z016,ISPY2-478055,2,0,spy2,0.31145284,train,42,weighted,False
ISPY2-478055_z017,ISPY2-478055,2,0,spy2,0.3100671,train,42,weighted,False
ISPY2-478055_z018,ISPY2-478055,2,0,spy2,0.31003338,train,42,weighted,False
ISPY2-478055_z019,ISPY2-478055,2,0,spy2,0.31000978,train,42,weighted,False
ISPY2-478055_z020,ISPY2-478055,2,0,spy2,0.3093319,train,42,weighted,False
ISPY2-478055_z021,ISPY2-478055,2,0,spy2,0.3093319,train,42,weighted,False
ISPY2-395249_z012,ISPY2-395249,2,0,spy2,0.50275064,train,42,weighted,False
ISPY2-395249_z013,ISPY2-395249,2,0,spy2,0.5031347,train,42,weighted,False
ISPY2-395249_z014,ISPY2-395249,2,0,spy2,0.5068149,train,42,weighted,False
ISPY2-395249_z015,ISPY2-395249,2,0,spy2,0.50826484,train,42,weighted,False
ISPY2-395249_z016,ISPY2-395249,2,0,spy2,0.51455295,train,42,weighted,False
ISPY2-395249_z017,ISPY2-395249,2,0,spy2,0.512914,train,42,weighted,False
ISPY2-395249_z018,ISPY2-395249,2,0,spy2,0.51294243,train,42,weighted,False
ISPY2-395249_z019,ISPY2-395249,2,0,spy2,0.5142472,train,42,weighted,False
ISPY2-395249_z020,ISPY2-395249,2,0,spy2,0.5145068,train,42,weighted,False
ISPY2-395249_z021,ISPY2-395249,2,0,spy2,0.5148017,train,42,weighted,False
ISPY2-924812_z014,ISPY2-924812,2,0,spy2,0.5745457,train,42,weighted,False
ISPY2-924812_z015,ISPY2-924812,2,0,spy2,0.5722287,train,42,weighted,False
ISPY2-924812_z016,ISPY2-924812,2,0,spy2,0.5680088,train,42,weighted,False
ISPY2-924812_z017,ISPY2-924812,2,0,spy2,0.56418353,train,42,weighted,False
ISPY2-924812_z018,ISPY2-924812,2,0,spy2,0.5627414,train,42,weighted,False
ISPY2-924812_z019,ISPY2-924812,2,0,spy2,0.56360334,train,42,weighted,False
ISPY2-924812_z020,ISPY2-924812,2,0,spy2,0.56243086,train,42,weighted,False
ISPY2-924812_z021,ISPY2-924812,2,0,spy2,0.56238985,train,42,weighted,False
ISPY2-924812_z022,ISPY2-924812,2,0,spy2,0.5604283,train,42,weighted,False
ISPY2-924812_z023,ISPY2-924812,2,0,spy2,0.5580674,train,42,weighted,False
ACRIN-6698-879224_z023,ACRIN-6698-879224,2,0,spy2,0.64376116,train,42,weighted,False
ACRIN-6698-879224_z024,ACRIN-6698-879224,2,0,spy2,0.64080346,train,42,weighted,False
ACRIN-6698-879224_z025,ACRIN-6698-879224,2,0,spy2,0.63670415,train,42,weighted,False
ACRIN-6698-879224_z026,ACRIN-6698-879224,2,0,spy2,0.63555276,train,42,weighted,False
ACRIN-6698-879224_z027,ACRIN-6698-879224,2,0,spy2,0.6380789,train,42,weighted,False
ACRIN-6698-879224_z028,ACRIN-6698-879224,2,0,spy2,0.63820827,train,42,weighted,False
ACRIN-6698-879224_z029,ACRIN-6698-879224,2,0,spy2,0.63863456,train,42,weighted,False
ACRIN-6698-879224_z030,ACRIN-6698-879224,2,0,spy2,0.6411302,train,42,weighted,False
ACRIN-6698-879224_z031,ACRIN-6698-879224,2,0,spy2,0.6419843,train,42,weighted,False
ACRIN-6698-879224_z032,ACRIN-6698-879224,2,0,spy2,0.6401173,train,42,weighted,False
ISPY2-752469_z021,ISPY2-752469,2,0,spy2,0.5558914,train,42,weighted,False
ISPY2-752469_z022,ISPY2-752469,2,0,spy2,0.55496114,train,42,weighted,False
ISPY2-752469_z023,ISPY2-752469,2,0,spy2,0.55120695,train,42,weighted,False
ISPY2-752469_z024,ISPY2-752469,2,0,spy2,0.550369,train,42,weighted,False
ISPY2-752469_z025,ISPY2-752469,2,0,spy2,0.55195355,train,42,weighted,False
ISPY2-752469_z026,ISPY2-752469,2,0,spy2,0.55300075,train,42,weighted,False
ISPY2-752469_z028,ISPY2-752469,2,0,spy2,0.5528148,train,42,weighted,False
ISPY2-752469_z030,ISPY2-752469,2,0,spy2,0.55416095,train,42,weighted,False
ISPY2-752469_z031,ISPY2-752469,2,0,spy2,0.5568408,train,42,weighted,False
ISPY2-752469_z032,ISPY2-752469,2,0,spy2,0.55851275,train,42,weighted,False
ACRIN-6698-664111_z005,ACRIN-6698-664111,2,1,spy2,0.62929076,train,42,weighted,False
ACRIN-6698-664111_z006,ACRIN-6698-664111,2,1,spy2,0.62890136,train,42,weighted,False
ACRIN-6698-664111_z007,ACRIN-6698-664111,2,1,spy2,0.62863225,train,42,weighted,False
ACRIN-6698-664111_z008,ACRIN-6698-664111,2,1,spy2,0.62890136,train,42,weighted,False
ACRIN-6698-664111_z009,ACRIN-6698-664111,2,1,spy2,0.62890136,train,42,weighted,False
ACRIN-6698-664111_z010,ACRIN-6698-664111,2,1,spy2,0.62890136,train,42,weighted,False
ACRIN-6698-664111_z011,ACRIN-6698-664111,2,1,spy2,0.62890136,train,42,weighted,False
ACRIN-6698-664111_z012,ACRIN-6698-664111,2,1,spy2,0.62890136,train,42,weighted,False
ACRIN-6698-664111_z013,ACRIN-6698-664111,2,1,spy2,0.62890136,train,42,weighted,False
ACRIN-6698-664111_z014,ACRIN-6698-664111,2,1,spy2,0.62890136,train,42,weighted,False
ISPY2-375455_z008,ISPY2-375455,2,0,spy2,0.5646683,train,42,weighted,False
ISPY2-375455_z009,ISPY2-375455,2,0,spy2,0.5646683,train,42,weighted,False
ISPY2-375455_z010,ISPY2-375455,2,0,spy2,0.56549674,train,42,weighted,False
ISPY2-375455_z011,ISPY2-375455,2,0,spy2,0.5663828,train,42,weighted,False
ISPY2-375455_z012,ISPY2-375455,2,0,spy2,0.56635827,train,42,weighted,False
ISPY2-375455_z013,ISPY2-375455,2,0,spy2,0.56688255,train,42,weighted,False
ISPY2-375455_z014,ISPY2-375455,2,0,spy2,0.5656454,train,42,weighted,False
ISPY2-375455_z015,ISPY2-375455,2,0,spy2,0.5662132,train,42,weighted,False
ISPY2-375455_z016,ISPY2-375455,2,0,spy2,0.57380545,train,42,weighted,False
ISPY2-375455_z017,ISPY2-375455,2,0,spy2,0.57206166,train,42,weighted,False
ISPY2-820348_z007,ISPY2-820348,2,0,spy2,0.3933911,train,42,weighted,False
ISPY2-820348_z008,ISPY2-820348,2,0,spy2,0.3932983,train,42,weighted,False
ISPY2-820348_z009,ISPY2-820348,2,0,spy2,0.3933911,train,42,weighted,False
ISPY2-820348_z010,ISPY2-820348,2,0,spy2,0.3933911,train,42,weighted,False
ISPY2-820348_z011,ISPY2-820348,2,0,spy2,0.3933911,train,42,weighted,False
ISPY2-820348_z012,ISPY2-820348,2,0,spy2,0.3933911,train,42,weighted,False
ISPY2-820348_z013,ISPY2-820348,2,0,spy2,0.39594805,train,42,weighted,False
ISPY2-820348_z014,ISPY2-820348,2,0,spy2,0.3961414,train,42,weighted,False
ISPY2-820348_z015,ISPY2-820348,2,0,spy2,0.39606988,train,42,weighted,False
ISPY2-820348_z016,ISPY2-820348,2,0,spy2,0.39922568,train,42,weighted,False
ISPY2-218249_z006,ISPY2-218249,2,0,spy2,0.25475466,train,42,weighted,False
ISPY2-218249_z007,ISPY2-218249,2,0,spy2,0.2570145,train,42,weighted,False
ISPY2-218249_z008,ISPY2-218249,2,0,spy2,0.25871545,train,42,weighted,False
ISPY2-218249_z009,ISPY2-218249,2,0,spy2,0.25918987,train,42,weighted,False
ISPY2-218249_z010,ISPY2-218249,2,0,spy2,0.2603117,train,42,weighted,False
ISPY2-218249_z011,ISPY2-218249,2,0,spy2,0.2606756,train,42,weighted,False
ISPY2-218249_z012,ISPY2-218249,2,0,spy2,0.26280966,train,42,weighted,False
ISPY2-218249_z013,ISPY2-218249,2,0,spy2,0.26386797,train,42,weighted,False
ISPY2-218249_z014,ISPY2-218249,2,0,spy2,0.26714772,train,42,weighted,False
ISPY2-218249_z015,ISPY2-218249,2,0,spy2,0.2679829,train,42,weighted,False
ACRIN-6698-938719_z019,ACRIN-6698-938719,2,0,spy2,0.20021662,train,42,weighted,False
ACRIN-6698-938719_z020,ACRIN-6698-938719,2,0,spy2,0.19732635,train,42,weighted,False
ACRIN-6698-938719_z021,ACRIN-6698-938719,2,0,spy2,0.19555333,train,42,weighted,False
ACRIN-6698-938719_z022,ACRIN-6698-938719,2,0,spy2,0.19454564,train,42,weighted,False
ACRIN-6698-938719_z023,ACRIN-6698-938719,2,0,spy2,0.19508897,train,42,weighted,False
ACRIN-6698-938719_z024,ACRIN-6698-938719,2,0,spy2,0.19467086,train,42,weighted,False
ACRIN-6698-938719_z025,ACRIN-6698-938719,2,0,spy2,0.19509913,train,42,weighted,False
ACRIN-6698-938719_z026,ACRIN-6698-938719,2,0,spy2,0.19518408,train,42,weighted,False
ACRIN-6698-938719_z027,ACRIN-6698-938719,2,0,spy2,0.19306566,train,42,weighted,False
ACRIN-6698-938719_z028,ACRIN-6698-938719,2,0,spy2,0.19034587,train,42,weighted,False
ISPY2-367682_z007,ISPY2-367682,2,0,spy2,0.5177759,train,42,weighted,False
ISPY2-367682_z008,ISPY2-367682,2,0,spy2,0.5168759,train,42,weighted,False
ISPY2-367682_z009,ISPY2-367682,2,0,spy2,0.5176685,train,42,weighted,False
ISPY2-367682_z010,ISPY2-367682,2,0,spy2,0.51946247,train,42,weighted,False
ISPY2-367682_z011,ISPY2-367682,2,0,spy2,0.52601576,train,42,weighted,False
ISPY2-367682_z012,ISPY2-367682,2,0,spy2,0.52753437,train,42,weighted,False
ISPY2-367682_z013,ISPY2-367682,2,0,spy2,0.5352809,train,42,weighted,False
ISPY2-367682_z014,ISPY2-367682,2,0,spy2,0.5384524,train,42,weighted,False
ISPY2-367682_z015,ISPY2-367682,2,0,spy2,0.53893316,train,42,weighted,False
ISPY2-367682_z016,ISPY2-367682,2,0,spy2,0.54300404,train,42,weighted,False
ACRIN-6698-397505_z014,ACRIN-6698-397505,2,1,spy2,0.6040194,train,42,weighted,False
ACRIN-6698-397505_z015,ACRIN-6698-397505,2,1,spy2,0.6040194,train,42,weighted,False
ACRIN-6698-397505_z016,ACRIN-6698-397505,2,1,spy2,0.6040194,train,42,weighted,False
ACRIN-6698-397505_z017,ACRIN-6698-397505,2,1,spy2,0.6039015,train,42,weighted,False
ACRIN-6698-397505_z018,ACRIN-6698-397505,2,1,spy2,0.6028479,train,42,weighted,False
ACRIN-6698-397505_z019,ACRIN-6698-397505,2,1,spy2,0.60265416,train,42,weighted,False
ACRIN-6698-397505_z020,ACRIN-6698-397505,2,1,spy2,0.6032621,train,42,weighted,False
ACRIN-6698-397505_z021,ACRIN-6698-397505,2,1,spy2,0.6036243,train,42,weighted,False
ACRIN-6698-397505_z022,ACRIN-6698-397505,2,1,spy2,0.60363746,train,42,weighted,False
ACRIN-6698-397505_z023,ACRIN-6698-397505,2,1,spy2,0.6036552,train,42,weighted,False
ISPY2-965265_z008,ISPY2-965265,2,0,spy2,0.51082927,train,42,weighted,False
ISPY2-965265_z009,ISPY2-965265,2,0,spy2,0.5093649,train,42,weighted,False
ISPY2-965265_z010,ISPY2-965265,2,0,spy2,0.5100581,train,42,weighted,False
ISPY2-965265_z011,ISPY2-965265,2,0,spy2,0.5102598,train,42,weighted,False
ISPY2-965265_z012,ISPY2-965265,2,0,spy2,0.5089573,train,42,weighted,False
ISPY2-965265_z013,ISPY2-965265,2,0,spy2,0.51015943,train,42,weighted,False
ISPY2-965265_z014,ISPY2-965265,2,0,spy2,0.5149219,train,42,weighted,False
ISPY2-965265_z015,ISPY2-965265,2,0,spy2,0.5120876,train,42,weighted,False
ISPY2-965265_z016,ISPY2-965265,2,0,spy2,0.5093083,train,42,weighted,False
ISPY2-965265_z017,ISPY2-965265,2,0,spy2,0.50814277,train,42,weighted,False
ACRIN-6698-150547_z007,ACRIN-6698-150547,2,0,spy2,0.28115484,train,42,weighted,False
ACRIN-6698-150547_z008,ACRIN-6698-150547,2,0,spy2,0.28291544,train,42,weighted,False
ACRIN-6698-150547_z009,ACRIN-6698-150547,2,0,spy2,0.28164372,train,42,weighted,False
ACRIN-6698-150547_z010,ACRIN-6698-150547,2,0,spy2,0.28014418,train,42,weighted,False
ACRIN-6698-150547_z011,ACRIN-6698-150547,2,0,spy2,0.27461714,train,42,weighted,False
ACRIN-6698-150547_z012,ACRIN-6698-150547,2,0,spy2,0.27171314,train,42,weighted,False
ACRIN-6698-150547_z013,ACRIN-6698-150547,2,0,spy2,0.26985827,train,42,weighted,False
ACRIN-6698-150547_z014,ACRIN-6698-150547,2,0,spy2,0.26919726,train,42,weighted,False
ACRIN-6698-150547_z015,ACRIN-6698-150547,2,0,spy2,0.26761335,train,42,weighted,False
ACRIN-6698-150547_z016,ACRIN-6698-150547,2,0,spy2,0.26710466,train,42,weighted,False
ACRIN-6698-118307_z013,ACRIN-6698-118307,2,0,spy2,0.5847542,train,42,weighted,False
ACRIN-6698-118307_z014,ACRIN-6698-118307,2,0,spy2,0.5838264,train,42,weighted,False
ACRIN-6698-118307_z015,ACRIN-6698-118307,2,0,spy2,0.58060896,train,42,weighted,False
ACRIN-6698-118307_z016,ACRIN-6698-118307,2,0,spy2,0.584322,train,42,weighted,False
ACRIN-6698-118307_z017,ACRIN-6698-118307,2,0,spy2,0.58209556,train,42,weighted,False
ACRIN-6698-118307_z018,ACRIN-6698-118307,2,0,spy2,0.5842127,train,42,weighted,False
ACRIN-6698-118307_z019,ACRIN-6698-118307,2,0,spy2,0.585906,train,42,weighted,False
ACRIN-6698-118307_z020,ACRIN-6698-118307,2,0,spy2,0.5846365,train,42,weighted,False
ACRIN-6698-118307_z021,ACRIN-6698-118307,2,0,spy2,0.5820961,train,42,weighted,False
ACRIN-6698-118307_z022,ACRIN-6698-118307,2,0,spy2,0.58148944,train,42,weighted,False
ISPY2-706943_z034,ISPY2-706943,2,0,spy2,0.7106945,train,42,weighted,False
ISPY2-706943_z035,ISPY2-706943,2,0,spy2,0.7105715,train,42,weighted,False
ISPY2-706943_z036,ISPY2-706943,2,0,spy2,0.71110904,train,42,weighted,False
ISPY2-706943_z038,ISPY2-706943,2,0,spy2,0.71179,train,42,weighted,False
ISPY2-706943_z040,ISPY2-706943,2,0,spy2,0.7105578,train,42,weighted,False
ISPY2-706943_z041,ISPY2-706943,2,0,spy2,0.7115159,train,42,weighted,False
ISPY2-706943_z042,ISPY2-706943,2,0,spy2,0.71108633,train,42,weighted,False
ISPY2-706943_z043,ISPY2-706943,2,0,spy2,0.71177,train,42,weighted,False
ISPY2-706943_z044,ISPY2-706943,2,0,spy2,0.7107136,train,42,weighted,False
ISPY2-706943_z045,ISPY2-706943,2,0,spy2,0.7100878,train,42,weighted,False
ISPY2-591079_z005,ISPY2-591079,2,1,spy2,0.6807745,train,42,weighted,False
ISPY2-591079_z006,ISPY2-591079,2,1,spy2,0.6853025,train,42,weighted,False
ISPY2-591079_z007,ISPY2-591079,2,1,spy2,0.68554986,train,42,weighted,False
ISPY2-591079_z008,ISPY2-591079,2,1,spy2,0.68386334,train,42,weighted,False
ISPY2-591079_z009,ISPY2-591079,2,1,spy2,0.6851537,train,42,weighted,False
ISPY2-591079_z010,ISPY2-591079,2,1,spy2,0.68353033,train,42,weighted,False
ISPY2-591079_z011,ISPY2-591079,2,1,spy2,0.6834452,train,42,weighted,False
ISPY2-591079_z012,ISPY2-591079,2,1,spy2,0.6836745,train,42,weighted,False
ISPY2-591079_z013,ISPY2-591079,2,1,spy2,0.6873036,train,42,weighted,False
ISPY2-591079_z014,ISPY2-591079,2,1,spy2,0.6898769,train,42,weighted,False
ISPY2-924895_z016,ISPY2-924895,2,0,spy2,0.22512846,train,42,weighted,False
ISPY2-924895_z017,ISPY2-924895,2,0,spy2,0.22483446,train,42,weighted,False
ISPY2-924895_z018,ISPY2-924895,2,0,spy2,0.22193156,train,42,weighted,False
ISPY2-924895_z019,ISPY2-924895,2,0,spy2,0.22357883,train,42,weighted,False
ISPY2-924895_z020,ISPY2-924895,2,0,spy2,0.2250273,train,42,weighted,False
ISPY2-924895_z021,ISPY2-924895,2,0,spy2,0.22501367,train,42,weighted,False
ISPY2-924895_z022,ISPY2-924895,2,0,spy2,0.2249031,train,42,weighted,False
ISPY2-924895_z023,ISPY2-924895,2,0,spy2,0.22494072,train,42,weighted,False
ISPY2-924895_z024,ISPY2-924895,2,0,spy2,0.22488037,train,42,weighted,False
ISPY2-924895_z025,ISPY2-924895,2,0,spy2,0.22488703,train,42,weighted,False
ISPY2-125418_z036,ISPY2-125418,2,0,spy2,0.30896646,train,42,weighted,False
ISPY2-125418_z037,ISPY2-125418,2,0,spy2,0.30896646,train,42,weighted,False
ISPY2-125418_z038,ISPY2-125418,2,0,spy2,0.30896646,train,42,weighted,False
ISPY2-125418_z039,ISPY2-125418,2,0,spy2,0.30896646,train,42,weighted,False
ISPY2-125418_z040,ISPY2-125418,2,0,spy2,0.30921844,train,42,weighted,False
ISPY2-125418_z041,ISPY2-125418,2,0,spy2,0.30943027,train,42,weighted,False
ISPY2-125418_z042,ISPY2-125418,2,0,spy2,0.30958855,train,42,weighted,False
ISPY2-125418_z043,ISPY2-125418,2,0,spy2,0.30997643,train,42,weighted,False
ISPY2-125418_z044,ISPY2-125418,2,0,spy2,0.30951834,train,42,weighted,False
ISPY2-125418_z045,ISPY2-125418,2,0,spy2,0.3090925,train,42,weighted,False
ISPY2-719713_z022,ISPY2-719713,2,0,spy2,0.33396584,train,42,weighted,False
ISPY2-719713_z023,ISPY2-719713,2,0,spy2,0.33207974,train,42,weighted,False
ISPY2-719713_z024,ISPY2-719713,2,0,spy2,0.33325794,train,42,weighted,False
ISPY2-719713_z025,ISPY2-719713,2,0,spy2,0.3360323,train,42,weighted,False
ISPY2-719713_z026,ISPY2-719713,2,0,spy2,0.3373604,train,42,weighted,False
ISPY2-719713_z027,ISPY2-719713,2,0,spy2,0.33719262,train,42,weighted,False
ISPY2-719713_z028,ISPY2-719713,2,0,spy2,0.3389195,train,42,weighted,False
ISPY2-719713_z029,ISPY2-719713,2,0,spy2,0.34054467,train,42,weighted,False
ISPY2-719713_z030,ISPY2-719713,2,0,spy2,0.33969057,train,42,weighted,False
ISPY2-719713_z031,ISPY2-719713,2,0,spy2,0.33616734,train,42,weighted,False
ISPY2-282644_z003,ISPY2-282644,2,0,spy2,0.53098446,train,42,weighted,False
ISPY2-282644_z004,ISPY2-282644,2,0,spy2,0.5358125,train,42,weighted,False
ISPY2-282644_z005,ISPY2-282644,2,0,spy2,0.53837144,train,42,weighted,False
ISPY2-282644_z006,ISPY2-282644,2,0,spy2,0.5374765,train,42,weighted,False
ISPY2-282644_z007,ISPY2-282644,2,0,spy2,0.534193,train,42,weighted,False
ISPY2-282644_z008,ISPY2-282644,2,0,spy2,0.5325379,train,42,weighted,False
ISPY2-282644_z009,ISPY2-282644,2,0,spy2,0.5327394,train,42,weighted,False
ISPY2-282644_z010,ISPY2-282644,2,0,spy2,0.5204849,train,42,weighted,False
ISPY2-282644_z011,ISPY2-282644,2,0,spy2,0.5230824,train,42,weighted,False
ISPY2-282644_z012,ISPY2-282644,2,0,spy2,0.5261466,train,42,weighted,False
ACRIN-6698-355942_z013,ACRIN-6698-355942,2,0,spy2,0.22995615,train,42,weighted,False
ACRIN-6698-355942_z014,ACRIN-6698-355942,2,0,spy2,0.23144251,train,42,weighted,False
ACRIN-6698-355942_z015,ACRIN-6698-355942,2,0,spy2,0.23254864,train,42,weighted,False
ACRIN-6698-355942_z016,ACRIN-6698-355942,2,0,spy2,0.23453902,train,42,weighted,False
ACRIN-6698-355942_z017,ACRIN-6698-355942,2,0,spy2,0.23510578,train,42,weighted,False
ACRIN-6698-355942_z018,ACRIN-6698-355942,2,0,spy2,0.23448928,train,42,weighted,False
ACRIN-6698-355942_z019,ACRIN-6698-355942,2,0,spy2,0.23284365,train,42,weighted,False
ACRIN-6698-355942_z020,ACRIN-6698-355942,2,0,spy2,0.23165466,train,42,weighted,False
ACRIN-6698-355942_z023,ACRIN-6698-355942,2,0,spy2,0.23199382,train,42,weighted,False
ACRIN-6698-355942_z024,ACRIN-6698-355942,2,0,spy2,0.23283444,train,42,weighted,False
ISPY2-420523_z016,ISPY2-420523,2,0,spy2,0.57606745,train,42,weighted,False
ISPY2-420523_z017,ISPY2-420523,2,0,spy2,0.5748538,train,42,weighted,False
ISPY2-420523_z018,ISPY2-420523,2,0,spy2,0.57213926,train,42,weighted,False
ISPY2-420523_z019,ISPY2-420523,2,0,spy2,0.568463,train,42,weighted,False
ISPY2-420523_z020,ISPY2-420523,2,0,spy2,0.5640026,train,42,weighted,False
ISPY2-420523_z021,ISPY2-420523,2,0,spy2,0.55904233,train,42,weighted,False
ISPY2-420523_z022,ISPY2-420523,2,0,spy2,0.5594205,train,42,weighted,False
ISPY2-420523_z023,ISPY2-420523,2,0,spy2,0.5652607,train,42,weighted,False
ISPY2-420523_z024,ISPY2-420523,2,0,spy2,0.57190406,train,42,weighted,False
ISPY2-420523_z025,ISPY2-420523,2,0,spy2,0.57467973,train,42,weighted,False
ISPY2-145513_z018,ISPY2-145513,2,0,spy2,0.6423044,train,42,weighted,False
ISPY2-145513_z019,ISPY2-145513,2,0,spy2,0.64165306,train,42,weighted,False
ISPY2-145513_z020,ISPY2-145513,2,0,spy2,0.6429332,train,42,weighted,False
ISPY2-145513_z021,ISPY2-145513,2,0,spy2,0.64301974,train,42,weighted,False
ISPY2-145513_z022,ISPY2-145513,2,0,spy2,0.64249253,train,42,weighted,False
ISPY2-145513_z023,ISPY2-145513,2,0,spy2,0.64236623,train,42,weighted,False
ISPY2-145513_z024,ISPY2-145513,2,0,spy2,0.6407685,train,42,weighted,False
ISPY2-145513_z025,ISPY2-145513,2,0,spy2,0.6385209,train,42,weighted,False
ISPY2-145513_z027,ISPY2-145513,2,0,spy2,0.63979584,train,42,weighted,False
ISPY2-145513_z029,ISPY2-145513,2,0,spy2,0.63838166,train,42,weighted,False
ISPY2-957408_z004,ISPY2-957408,2,0,spy2,0.38595644,train,42,weighted,False
ISPY2-957408_z005,ISPY2-957408,2,0,spy2,0.39585748,train,42,weighted,False
ISPY2-957408_z006,ISPY2-957408,2,0,spy2,0.40383968,train,42,weighted,False
ISPY2-957408_z007,ISPY2-957408,2,0,spy2,0.4020568,train,42,weighted,False
ISPY2-957408_z013,ISPY2-957408,2,0,spy2,0.4133995,train,42,weighted,False
ISPY2-957408_z014,ISPY2-957408,2,0,spy2,0.41384408,train,42,weighted,False
ISPY2-957408_z015,ISPY2-957408,2,0,spy2,0.41635472,train,42,weighted,False
ISPY2-957408_z016,ISPY2-957408,2,0,spy2,0.42027557,train,42,weighted,False
ISPY2-957408_z017,ISPY2-957408,2,0,spy2,0.42242405,train,42,weighted,False
ISPY2-957408_z018,ISPY2-957408,2,0,spy2,0.42436895,train,42,weighted,False
ISPY2-460776_z001,ISPY2-460776,2,1,spy2,0.3075165,train,42,weighted,False
ISPY2-460776_z002,ISPY2-460776,2,1,spy2,0.3057432,train,42,weighted,False
ISPY2-460776_z003,ISPY2-460776,2,1,spy2,0.3048946,train,42,weighted,False
ISPY2-460776_z004,ISPY2-460776,2,1,spy2,0.30620846,train,42,weighted,False
ISPY2-460776_z005,ISPY2-460776,2,1,spy2,0.3044382,train,42,weighted,False
ISPY2-460776_z006,ISPY2-460776,2,1,spy2,0.30620328,train,42,weighted,False
ISPY2-460776_z007,ISPY2-460776,2,1,spy2,0.3073257,train,42,weighted,False
ISPY2-460776_z008,ISPY2-460776,2,1,spy2,0.30737457,train,42,weighted,False
ISPY2-460776_z009,ISPY2-460776,2,1,spy2,0.30468094,train,42,weighted,False
ISPY2-460776_z010,ISPY2-460776,2,1,spy2,0.30319658,train,42,weighted,False
ISPY2-267306_z042,ISPY2-267306,2,1,spy2,0.4648099,train,42,weighted,False
ISPY2-267306_z049,ISPY2-267306,2,1,spy2,0.45847946,train,42,weighted,False
ISPY2-267306_z050,ISPY2-267306,2,1,spy2,0.4595992,train,42,weighted,False
ISPY2-267306_z051,ISPY2-267306,2,1,spy2,0.46063316,train,42,weighted,False
ISPY2-267306_z052,ISPY2-267306,2,1,spy2,0.46171093,train,42,weighted,False
ISPY2-267306_z053,ISPY2-267306,2,1,spy2,0.46158198,train,42,weighted,False
ISPY2-267306_z054,ISPY2-267306,2,1,spy2,0.4624921,train,42,weighted,False
ISPY2-267306_z055,ISPY2-267306,2,1,spy2,0.4654222,train,42,weighted,False
ISPY2-267306_z056,ISPY2-267306,2,1,spy2,0.46727872,train,42,weighted,False
ISPY2-267306_z057,ISPY2-267306,2,1,spy2,0.46627665,train,42,weighted,False
ISPY2-862244_z015,ISPY2-862244,2,0,spy2,0.68241125,train,42,weighted,False
ISPY2-862244_z016,ISPY2-862244,2,0,spy2,0.6841442,train,42,weighted,False
ISPY2-862244_z017,ISPY2-862244,2,0,spy2,0.6879,train,42,weighted,False
ISPY2-862244_z018,ISPY2-862244,2,0,spy2,0.6901105,train,42,weighted,False
ISPY2-862244_z019,ISPY2-862244,2,0,spy2,0.691985,train,42,weighted,False
ISPY2-862244_z020,ISPY2-862244,2,0,spy2,0.6920904,train,42,weighted,False
ISPY2-862244_z021,ISPY2-862244,2,0,spy2,0.6936923,train,42,weighted,False
ISPY2-862244_z022,ISPY2-862244,2,0,spy2,0.69340384,train,42,weighted,False
ISPY2-862244_z023,ISPY2-862244,2,0,spy2,0.6937115,train,42,weighted,False
ISPY2-862244_z024,ISPY2-862244,2,0,spy2,0.69406027,train,42,weighted,False
ISPY2-455828_z020,ISPY2-455828,2,1,spy2,0.23041044,train,42,weighted,False
ISPY2-455828_z021,ISPY2-455828,2,1,spy2,0.23151252,train,42,weighted,False
ISPY2-455828_z022,ISPY2-455828,2,1,spy2,0.23134406,train,42,weighted,False
ISPY2-455828_z023,ISPY2-455828,2,1,spy2,0.23145892,train,42,weighted,False
ISPY2-455828_z024,ISPY2-455828,2,1,spy2,0.23130347,train,42,weighted,False
ISPY2-455828_z025,ISPY2-455828,2,1,spy2,0.23059787,train,42,weighted,False
ISPY2-455828_z026,ISPY2-455828,2,1,spy2,0.22898076,train,42,weighted,False
ISPY2-455828_z027,ISPY2-455828,2,1,spy2,0.22819033,train,42,weighted,False
ISPY2-455828_z028,ISPY2-455828,2,1,spy2,0.22695905,train,42,weighted,False
ISPY2-455828_z029,ISPY2-455828,2,1,spy2,0.22702819,train,42,weighted,False
ISPY2-439489_z011,ISPY2-439489,2,0,spy2,0.27917668,train,42,weighted,False
ISPY2-439489_z012,ISPY2-439489,2,0,spy2,0.28195205,train,42,weighted,False
ISPY2-439489_z013,ISPY2-439489,2,0,spy2,0.28232414,train,42,weighted,False
ISPY2-439489_z014,ISPY2-439489,2,0,spy2,0.28203803,train,42,weighted,False
ISPY2-439489_z016,ISPY2-439489,2,0,spy2,0.28219968,train,42,weighted,False
ISPY2-439489_z017,ISPY2-439489,2,0,spy2,0.2826456,train,42,weighted,False
ISPY2-439489_z018,ISPY2-439489,2,0,spy2,0.2826456,train,42,weighted,False
ISPY2-439489_z019,ISPY2-439489,2,0,spy2,0.2826456,train,42,weighted,False
ISPY2-439489_z020,ISPY2-439489,2,0,spy2,0.2826456,train,42,weighted,False
ISPY2-439489_z021,ISPY2-439489,2,0,spy2,0.28567058,train,42,weighted,False
ACRIN-6698-255388_z016,ACRIN-6698-255388,2,1,spy2,0.782886,train,42,weighted,False
ACRIN-6698-255388_z017,ACRIN-6698-255388,2,1,spy2,0.78191096,train,42,weighted,False
ACRIN-6698-255388_z018,ACRIN-6698-255388,2,1,spy2,0.78154576,train,42,weighted,False
ACRIN-6698-255388_z019,ACRIN-6698-255388,2,1,spy2,0.78248376,train,42,weighted,False
ACRIN-6698-255388_z020,ACRIN-6698-255388,2,1,spy2,0.7849972,train,42,weighted,False
ACRIN-6698-255388_z021,ACRIN-6698-255388,2,1,spy2,0.7859446,train,42,weighted,False
ACRIN-6698-255388_z022,ACRIN-6698-255388,2,1,spy2,0.7853853,train,42,weighted,False
ACRIN-6698-255388_z023,ACRIN-6698-255388,2,1,spy2,0.7856426,train,42,weighted,False
ACRIN-6698-255388_z024,ACRIN-6698-255388,2,1,spy2,0.78627723,train,42,weighted,False
ACRIN-6698-255388_z026,ACRIN-6698-255388,2,1,spy2,0.7844994,train,42,weighted,False
ISPY2-790722_z023,ISPY2-790722,2,0,spy2,0.4862702,train,42,weighted,False
ISPY2-790722_z024,ISPY2-790722,2,0,spy2,0.48526287,train,42,weighted,False
ISPY2-790722_z025,ISPY2-790722,2,0,spy2,0.48204187,train,42,weighted,False
ISPY2-790722_z026,ISPY2-790722,2,0,spy2,0.48363888,train,42,weighted,False
ISPY2-790722_z027,ISPY2-790722,2,0,spy2,0.48014793,train,42,weighted,False
ISPY2-790722_z028,ISPY2-790722,2,0,spy2,0.47678685,train,42,weighted,False
ISPY2-790722_z029,ISPY2-790722,2,0,spy2,0.47678685,train,42,weighted,False
ISPY2-790722_z030,ISPY2-790722,2,0,spy2,0.47678685,train,42,weighted,False
ISPY2-790722_z031,ISPY2-790722,2,0,spy2,0.47739553,train,42,weighted,False
ISPY2-790722_z032,ISPY2-790722,2,0,spy2,0.477604,train,42,weighted,False
ISPY2-228192_z013,ISPY2-228192,2,0,spy2,0.5404601,train,42,weighted,False
ISPY2-228192_z014,ISPY2-228192,2,0,spy2,0.5387744,train,42,weighted,False
ISPY2-228192_z015,ISPY2-228192,2,0,spy2,0.539177,train,42,weighted,False
ISPY2-228192_z016,ISPY2-228192,2,0,spy2,0.5401922,train,42,weighted,False
ISPY2-228192_z017,ISPY2-228192,2,0,spy2,0.5417822,train,42,weighted,False
ISPY2-228192_z018,ISPY2-228192,2,0,spy2,0.54402083,train,42,weighted,False
ISPY2-228192_z019,ISPY2-228192,2,0,spy2,0.54392856,train,42,weighted,False
ISPY2-228192_z020,ISPY2-228192,2,0,spy2,0.5414401,train,42,weighted,False
ISPY2-228192_z021,ISPY2-228192,2,0,spy2,0.5383899,train,42,weighted,False
ISPY2-228192_z022,ISPY2-228192,2,0,spy2,0.5371361,train,42,weighted,False
ACRIN-6698-641246_z023,ACRIN-6698-641246,2,1,spy2,0.4713006,train,42,weighted,False
ACRIN-6698-641246_z024,ACRIN-6698-641246,2,1,spy2,0.47207195,train,42,weighted,False
ACRIN-6698-641246_z025,ACRIN-6698-641246,2,1,spy2,0.47278723,train,42,weighted,False
ACRIN-6698-641246_z026,ACRIN-6698-641246,2,1,spy2,0.47337326,train,42,weighted,False
ACRIN-6698-641246_z027,ACRIN-6698-641246,2,1,spy2,0.47405815,train,42,weighted,False
ACRIN-6698-641246_z028,ACRIN-6698-641246,2,1,spy2,0.4730446,train,42,weighted,False
ACRIN-6698-641246_z029,ACRIN-6698-641246,2,1,spy2,0.47342414,train,42,weighted,False
ACRIN-6698-641246_z030,ACRIN-6698-641246,2,1,spy2,0.47650763,train,42,weighted,False
ACRIN-6698-641246_z031,ACRIN-6698-641246,2,1,spy2,0.4773327,train,42,weighted,False
ACRIN-6698-641246_z032,ACRIN-6698-641246,2,1,spy2,0.4757599,train,42,weighted,False
ISPY2-894128_z007,ISPY2-894128,2,1,spy2,0.5927409,train,42,weighted,False
ISPY2-894128_z008,ISPY2-894128,2,1,spy2,0.5921066,train,42,weighted,False
ISPY2-894128_z009,ISPY2-894128,2,1,spy2,0.58951914,train,42,weighted,False
ISPY2-894128_z010,ISPY2-894128,2,1,spy2,0.5848249,train,42,weighted,False
ISPY2-894128_z011,ISPY2-894128,2,1,spy2,0.5847009,train,42,weighted,False
ISPY2-894128_z012,ISPY2-894128,2,1,spy2,0.58407885,train,42,weighted,False
ISPY2-894128_z013,ISPY2-894128,2,1,spy2,0.58482903,train,42,weighted,False
ISPY2-894128_z014,ISPY2-894128,2,1,spy2,0.58345777,train,42,weighted,False
ISPY2-894128_z016,ISPY2-894128,2,1,spy2,0.58345777,train,42,weighted,False
ISPY2-894128_z017,ISPY2-894128,2,1,spy2,0.58345777,train,42,weighted,False
ISPY2-628692_z043,ISPY2-628692,2,0,spy2,0.18887831,train,42,weighted,False
ISPY2-628692_z044,ISPY2-628692,2,0,spy2,0.18775184,train,42,weighted,False
ISPY2-628692_z045,ISPY2-628692,2,0,spy2,0.1870313,train,42,weighted,False
ISPY2-628692_z046,ISPY2-628692,2,0,spy2,0.1870313,train,42,weighted,False
ISPY2-628692_z047,ISPY2-628692,2,0,spy2,0.18685527,train,42,weighted,False
ISPY2-628692_z048,ISPY2-628692,2,0,spy2,0.1870313,train,42,weighted,False
ISPY2-628692_z049,ISPY2-628692,2,0,spy2,0.1870313,train,42,weighted,False
ISPY2-628692_z050,ISPY2-628692,2,0,spy2,0.1870313,train,42,weighted,False
ISPY2-628692_z051,ISPY2-628692,2,0,spy2,0.18793344,train,42,weighted,False
ISPY2-628692_z053,ISPY2-628692,2,0,spy2,0.18793674,train,42,weighted,False
ACRIN-6698-580632_z019,ACRIN-6698-580632,2,0,spy2,0.2012935,train,42,weighted,False
ACRIN-6698-580632_z020,ACRIN-6698-580632,2,0,spy2,0.2031618,train,42,weighted,False
ACRIN-6698-580632_z021,ACRIN-6698-580632,2,0,spy2,0.20930104,train,42,weighted,False
ACRIN-6698-580632_z022,ACRIN-6698-580632,2,0,spy2,0.2093955,train,42,weighted,False
ACRIN-6698-580632_z023,ACRIN-6698-580632,2,0,spy2,0.20943406,train,42,weighted,False
ACRIN-6698-580632_z024,ACRIN-6698-580632,2,0,spy2,0.20945609,train,42,weighted,False
ACRIN-6698-580632_z025,ACRIN-6698-580632,2,0,spy2,0.2094407,train,42,weighted,False
ACRIN-6698-580632_z026,ACRIN-6698-580632,2,0,spy2,0.20943062,train,42,weighted,False
ACRIN-6698-580632_z027,ACRIN-6698-580632,2,0,spy2,0.20888992,train,42,weighted,False
ACRIN-6698-580632_z028,ACRIN-6698-580632,2,0,spy2,0.20346671,train,42,weighted,False
ISPY2-944419_z004,ISPY2-944419,2,0,spy2,0.39949906,train,42,weighted,False
ISPY2-944419_z005,ISPY2-944419,2,0,spy2,0.39894646,train,42,weighted,False
ISPY2-944419_z006,ISPY2-944419,2,0,spy2,0.4007189,train,42,weighted,False
ISPY2-944419_z007,ISPY2-944419,2,0,spy2,0.40241268,train,42,weighted,False
ISPY2-944419_z008,ISPY2-944419,2,0,spy2,0.40577215,train,42,weighted,False
ISPY2-944419_z009,ISPY2-944419,2,0,spy2,0.40563524,train,42,weighted,False
ISPY2-944419_z010,ISPY2-944419,2,0,spy2,0.40574196,train,42,weighted,False
ISPY2-944419_z011,ISPY2-944419,2,0,spy2,0.40573084,train,42,weighted,False
ISPY2-944419_z012,ISPY2-944419,2,0,spy2,0.40573633,train,42,weighted,False
ISPY2-944419_z013,ISPY2-944419,2,0,spy2,0.40575156,train,42,weighted,False
ISPY2-443708_z021,ISPY2-443708,2,0,spy2,0.43771407,train,42,weighted,False
ISPY2-443708_z022,ISPY2-443708,2,0,spy2,0.43270868,train,42,weighted,False
ISPY2-443708_z023,ISPY2-443708,2,0,spy2,0.43085265,train,42,weighted,False
ISPY2-443708_z024,ISPY2-443708,2,0,spy2,0.4319169,train,42,weighted,False
ISPY2-443708_z025,ISPY2-443708,2,0,spy2,0.4309693,train,42,weighted,False
ISPY2-443708_z031,ISPY2-443708,2,0,spy2,0.4341971,train,42,weighted,False
ISPY2-443708_z035,ISPY2-443708,2,0,spy2,0.44234335,train,42,weighted,False
ISPY2-443708_z036,ISPY2-443708,2,0,spy2,0.4463566,train,42,weighted,False
ISPY2-443708_z037,ISPY2-443708,2,0,spy2,0.4507087,train,42,weighted,False
ISPY2-443708_z038,ISPY2-443708,2,0,spy2,0.45163548,train,42,weighted,False
ACRIN-6698-899692_z012,ACRIN-6698-899692,2,1,spy2,0.5521988,train,42,weighted,False
ACRIN-6698-899692_z013,ACRIN-6698-899692,2,1,spy2,0.55222464,train,42,weighted,False
ACRIN-6698-899692_z014,ACRIN-6698-899692,2,1,spy2,0.5532325,train,42,weighted,False
ACRIN-6698-899692_z015,ACRIN-6698-899692,2,1,spy2,0.55394286,train,42,weighted,False
ACRIN-6698-899692_z016,ACRIN-6698-899692,2,1,spy2,0.55346406,train,42,weighted,False
ACRIN-6698-899692_z017,ACRIN-6698-899692,2,1,spy2,0.55229664,train,42,weighted,False
ACRIN-6698-899692_z018,ACRIN-6698-899692,2,1,spy2,0.5507436,train,42,weighted,False
ACRIN-6698-899692_z019,ACRIN-6698-899692,2,1,spy2,0.54944104,train,42,weighted,False
ACRIN-6698-899692_z020,ACRIN-6698-899692,2,1,spy2,0.54916835,train,42,weighted,False
ACRIN-6698-899692_z021,ACRIN-6698-899692,2,1,spy2,0.54768384,train,42,weighted,False
ISPY2-581648_z003,ISPY2-581648,2,0,spy2,0.6656432,train,42,weighted,False
ISPY2-581648_z004,ISPY2-581648,2,0,spy2,0.6710606,train,42,weighted,False
ISPY2-581648_z005,ISPY2-581648,2,0,spy2,0.6678441,train,42,weighted,False
ISPY2-581648_z006,ISPY2-581648,2,0,spy2,0.66816896,train,42,weighted,False
ISPY2-581648_z007,ISPY2-581648,2,0,spy2,0.6697914,train,42,weighted,False
ISPY2-581648_z008,ISPY2-581648,2,0,spy2,0.66414005,train,42,weighted,False
ISPY2-581648_z009,ISPY2-581648,2,0,spy2,0.6643186,train,42,weighted,False
ISPY2-581648_z010,ISPY2-581648,2,0,spy2,0.6729302,train,42,weighted,False
ISPY2-581648_z011,ISPY2-581648,2,0,spy2,0.6649624,train,42,weighted,False
ISPY2-581648_z012,ISPY2-581648,2,0,spy2,0.66875124,train,42,weighted,False
ISPY2-345574_z011,ISPY2-345574,2,1,spy2,0.6873881,train,42,weighted,False
ISPY2-345574_z012,ISPY2-345574,2,1,spy2,0.68842626,train,42,weighted,False
ISPY2-345574_z014,ISPY2-345574,2,1,spy2,0.68169683,train,42,weighted,False
ISPY2-345574_z015,ISPY2-345574,2,1,spy2,0.6813173,train,42,weighted,False
ISPY2-345574_z016,ISPY2-345574,2,1,spy2,0.6815218,train,42,weighted,False
ISPY2-345574_z017,ISPY2-345574,2,1,spy2,0.6803977,train,42,weighted,False
ISPY2-345574_z018,ISPY2-345574,2,1,spy2,0.68057567,train,42,weighted,False
ISPY2-345574_z019,ISPY2-345574,2,1,spy2,0.6816692,train,42,weighted,False
ISPY2-345574_z020,ISPY2-345574,2,1,spy2,0.68153846,train,42,weighted,False
ISPY2-345574_z021,ISPY2-345574,2,1,spy2,0.68269527,train,42,weighted,False
ACRIN-6698-929980_z003,ACRIN-6698-929980,2,1,spy2,0.85434514,train,42,weighted,False
ACRIN-6698-929980_z004,ACRIN-6698-929980,2,1,spy2,0.85337585,train,42,weighted,False
ACRIN-6698-929980_z005,ACRIN-6698-929980,2,1,spy2,0.8549664,train,42,weighted,False
ACRIN-6698-929980_z006,ACRIN-6698-929980,2,1,spy2,0.85541236,train,42,weighted,False
ACRIN-6698-929980_z007,ACRIN-6698-929980,2,1,spy2,0.8553382,train,42,weighted,False
ACRIN-6698-929980_z008,ACRIN-6698-929980,2,1,spy2,0.853815,train,42,weighted,False
ACRIN-6698-929980_z009,ACRIN-6698-929980,2,1,spy2,0.8540067,train,42,weighted,False
ACRIN-6698-929980_z010,ACRIN-6698-929980,2,1,spy2,0.85311776,train,42,weighted,False
ACRIN-6698-929980_z011,ACRIN-6698-929980,2,1,spy2,0.85432565,train,42,weighted,False
ACRIN-6698-929980_z012,ACRIN-6698-929980,2,1,spy2,0.85362095,train,42,weighted,False
ISPY2-357017_z067,ISPY2-357017,2,0,spy2,0.15940563,train,42,weighted,False
ISPY2-357017_z068,ISPY2-357017,2,0,spy2,0.16115935,train,42,weighted,False
ISPY2-357017_z069,ISPY2-357017,2,0,spy2,0.1640205,train,42,weighted,False
ISPY2-357017_z070,ISPY2-357017,2,0,spy2,0.16423142,train,42,weighted,False
ISPY2-357017_z071,ISPY2-357017,2,0,spy2,0.16137041,train,42,weighted,False
ISPY2-357017_z072,ISPY2-357017,2,0,spy2,0.16200969,train,42,weighted,False
ISPY2-357017_z073,ISPY2-357017,2,0,spy2,0.16254887,train,42,weighted,False
ISPY2-357017_z074,ISPY2-357017,2,0,spy2,0.16229385,train,42,weighted,False
ISPY2-357017_z075,ISPY2-357017,2,0,spy2,0.16354138,train,42,weighted,False
ISPY2-357017_z076,ISPY2-357017,2,0,spy2,0.1606331,train,42,weighted,False
ACRIN-6698-299962_z018,ACRIN-6698-299962,2,0,spy2,0.46090657,train,42,weighted,False
ACRIN-6698-299962_z019,ACRIN-6698-299962,2,0,spy2,0.461516,train,42,weighted,False
ACRIN-6698-299962_z020,ACRIN-6698-299962,2,0,spy2,0.4621048,train,42,weighted,False
ACRIN-6698-299962_z021,ACRIN-6698-299962,2,0,spy2,0.46303847,train,42,weighted,False
ACRIN-6698-299962_z022,ACRIN-6698-299962,2,0,spy2,0.46003816,train,42,weighted,False
ACRIN-6698-299962_z023,ACRIN-6698-299962,2,0,spy2,0.45959726,train,42,weighted,False
ACRIN-6698-299962_z024,ACRIN-6698-299962,2,0,spy2,0.45763347,train,42,weighted,False
ACRIN-6698-299962_z025,ACRIN-6698-299962,2,0,spy2,0.4596003,train,42,weighted,False
ACRIN-6698-299962_z026,ACRIN-6698-299962,2,0,spy2,0.45805907,train,42,weighted,False
ACRIN-6698-299962_z027,ACRIN-6698-299962,2,0,spy2,0.45520902,train,42,weighted,False
ACRIN-6698-417474_z000,ACRIN-6698-417474,2,1,spy2,0.6541772,train,42,weighted,False
ACRIN-6698-417474_z001,ACRIN-6698-417474,2,1,spy2,0.6539734,train,42,weighted,False
ACRIN-6698-417474_z002,ACRIN-6698-417474,2,1,spy2,0.65401375,train,42,weighted,False
ACRIN-6698-417474_z003,ACRIN-6698-417474,2,1,spy2,0.6529681,train,42,weighted,False
ACRIN-6698-417474_z004,ACRIN-6698-417474,2,1,spy2,0.648192,train,42,weighted,False
ACRIN-6698-417474_z005,ACRIN-6698-417474,2,1,spy2,0.6461248,train,42,weighted,False
ACRIN-6698-417474_z006,ACRIN-6698-417474,2,1,spy2,0.6518448,train,42,weighted,False
ACRIN-6698-417474_z007,ACRIN-6698-417474,2,1,spy2,0.6515216,train,42,weighted,False
ACRIN-6698-417474_z008,ACRIN-6698-417474,2,1,spy2,0.648498,train,42,weighted,False
ACRIN-6698-417474_z009,ACRIN-6698-417474,2,1,spy2,0.65281624,train,42,weighted,False
ACRIN-6698-343898_z024,ACRIN-6698-343898,2,0,spy2,0.5341106,train,42,weighted,False
ACRIN-6698-343898_z025,ACRIN-6698-343898,2,0,spy2,0.53412884,train,42,weighted,False
ACRIN-6698-343898_z026,ACRIN-6698-343898,2,0,spy2,0.5341479,train,42,weighted,False
ACRIN-6698-343898_z027,ACRIN-6698-343898,2,0,spy2,0.5341322,train,42,weighted,False
ACRIN-6698-343898_z028,ACRIN-6698-343898,2,0,spy2,0.53409684,train,42,weighted,False
ACRIN-6698-343898_z029,ACRIN-6698-343898,2,0,spy2,0.53407925,train,42,weighted,False
ACRIN-6698-343898_z030,ACRIN-6698-343898,2,0,spy2,0.5340479,train,42,weighted,False
ACRIN-6698-343898_z031,ACRIN-6698-343898,2,0,spy2,0.53407335,train,42,weighted,False
ACRIN-6698-343898_z032,ACRIN-6698-343898,2,0,spy2,0.5340746,train,42,weighted,False
ACRIN-6698-343898_z033,ACRIN-6698-343898,2,0,spy2,0.5340679,train,42,weighted,False
ACRIN-6698-631299_z004,ACRIN-6698-631299,2,0,spy2,0.6332879,train,42,weighted,False
ACRIN-6698-631299_z005,ACRIN-6698-631299,2,0,spy2,0.6329029,train,42,weighted,False
ACRIN-6698-631299_z007,ACRIN-6698-631299,2,0,spy2,0.63536775,train,42,weighted,False
ACRIN-6698-631299_z008,ACRIN-6698-631299,2,0,spy2,0.63415915,train,42,weighted,False
ACRIN-6698-631299_z009,ACRIN-6698-631299,2,0,spy2,0.63758767,train,42,weighted,False
ACRIN-6698-631299_z010,ACRIN-6698-631299,2,0,spy2,0.6392246,train,42,weighted,False
ACRIN-6698-631299_z011,ACRIN-6698-631299,2,0,spy2,0.6429266,train,42,weighted,False
ACRIN-6698-631299_z012,ACRIN-6698-631299,2,0,spy2,0.6449232,train,42,weighted,False
ACRIN-6698-631299_z013,ACRIN-6698-631299,2,0,spy2,0.6438557,train,42,weighted,False
ACRIN-6698-631299_z014,ACRIN-6698-631299,2,0,spy2,0.6373431,train,42,weighted,False
ISPY2-987995_z017,ISPY2-987995,2,0,spy2,0.3071547,train,42,weighted,False
ISPY2-987995_z018,ISPY2-987995,2,0,spy2,0.30712357,train,42,weighted,False
ISPY2-987995_z019,ISPY2-987995,2,0,spy2,0.30713883,train,42,weighted,False
ISPY2-987995_z020,ISPY2-987995,2,0,spy2,0.30713132,train,42,weighted,False
ISPY2-987995_z021,ISPY2-987995,2,0,spy2,0.30715984,train,42,weighted,False
ISPY2-987995_z022,ISPY2-987995,2,0,spy2,0.30719018,train,42,weighted,False
ISPY2-987995_z023,ISPY2-987995,2,0,spy2,0.30719563,train,42,weighted,False
ISPY2-987995_z024,ISPY2-987995,2,0,spy2,0.30721718,train,42,weighted,False
ISPY2-987995_z025,ISPY2-987995,2,0,spy2,0.3072117,train,42,weighted,False
ISPY2-987995_z026,ISPY2-987995,2,0,spy2,0.30723652,train,42,weighted,False
ISPY2-830958_z018,ISPY2-830958,2,0,spy2,0.21733177,train,42,weighted,False
ISPY2-830958_z019,ISPY2-830958,2,0,spy2,0.21880415,train,42,weighted,False
ISPY2-830958_z020,ISPY2-830958,2,0,spy2,0.21985106,train,42,weighted,False
ISPY2-830958_z021,ISPY2-830958,2,0,spy2,0.22087751,train,42,weighted,False
ISPY2-830958_z022,ISPY2-830958,2,0,spy2,0.22251073,train,42,weighted,False
ISPY2-830958_z023,ISPY2-830958,2,0,spy2,0.2221254,train,42,weighted,False
ISPY2-830958_z024,ISPY2-830958,2,0,spy2,0.22349612,train,42,weighted,False
ISPY2-830958_z025,ISPY2-830958,2,0,spy2,0.22296716,train,42,weighted,False
ISPY2-830958_z026,ISPY2-830958,2,0,spy2,0.2225106,train,42,weighted,False
ISPY2-830958_z027,ISPY2-830958,2,0,spy2,0.22312516,train,42,weighted,False
ISPY2-573586_z061,ISPY2-573586,2,0,spy2,0.34637478,train,42,weighted,False
ISPY2-573586_z062,ISPY2-573586,2,0,spy2,0.34646276,train,42,weighted,False
ISPY2-573586_z063,ISPY2-573586,2,0,spy2,0.34662145,train,42,weighted,False
ISPY2-573586_z064,ISPY2-573586,2,0,spy2,0.34671068,train,42,weighted,False
ISPY2-573586_z065,ISPY2-573586,2,0,spy2,0.3467323,train,42,weighted,False
ISPY2-573586_z066,ISPY2-573586,2,0,spy2,0.3467331,train,42,weighted,False
ISPY2-573586_z067,ISPY2-573586,2,0,spy2,0.34676626,train,42,weighted,False
ISPY2-573586_z068,ISPY2-573586,2,0,spy2,0.34673935,train,42,weighted,False
ISPY2-573586_z069,ISPY2-573586,2,0,spy2,0.34642345,train,42,weighted,False
ISPY2-573586_z070,ISPY2-573586,2,0,spy2,0.3461918,train,42,weighted,False
ISPY2-190224_z020,ISPY2-190224,2,0,spy2,0.19451162,train,42,weighted,False
ISPY2-190224_z021,ISPY2-190224,2,0,spy2,0.19733012,train,42,weighted,False
ISPY2-190224_z022,ISPY2-190224,2,0,spy2,0.19992195,train,42,weighted,False
ISPY2-190224_z023,ISPY2-190224,2,0,spy2,0.19981308,train,42,weighted,False
ISPY2-190224_z024,ISPY2-190224,2,0,spy2,0.19987373,train,42,weighted,False
ISPY2-190224_z025,ISPY2-190224,2,0,spy2,0.20016551,train,42,weighted,False
ISPY2-190224_z026,ISPY2-190224,2,0,spy2,0.20020828,train,42,weighted,False
ISPY2-190224_z027,ISPY2-190224,2,0,spy2,0.19981918,train,42,weighted,False
ISPY2-190224_z028,ISPY2-190224,2,0,spy2,0.19609538,train,42,weighted,False
ISPY2-190224_z029,ISPY2-190224,2,0,spy2,0.19448332,train,42,weighted,False
ISPY2-261304_z004,ISPY2-261304,2,0,spy2,0.32847607,train,42,weighted,False
ISPY2-261304_z005,ISPY2-261304,2,0,spy2,0.33131614,train,42,weighted,False
ISPY2-261304_z006,ISPY2-261304,2,0,spy2,0.333373,train,42,weighted,False
ISPY2-261304_z007,ISPY2-261304,2,0,spy2,0.33656192,train,42,weighted,False
ISPY2-261304_z008,ISPY2-261304,2,0,spy2,0.33656192,train,42,weighted,False
ISPY2-261304_z009,ISPY2-261304,2,0,spy2,0.33656192,train,42,weighted,False
ISPY2-261304_z010,ISPY2-261304,2,0,spy2,0.33656192,train,42,weighted,False
ISPY2-261304_z011,ISPY2-261304,2,0,spy2,0.33656192,train,42,weighted,False
ISPY2-261304_z012,ISPY2-261304,2,0,spy2,0.33656192,train,42,weighted,False
ISPY2-261304_z013,ISPY2-261304,2,0,spy2,0.33656192,train,42,weighted,False
ISPY2-180027_z012,ISPY2-180027,2,1,spy2,0.6582044,train,42,weighted,False
ISPY2-180027_z013,ISPY2-180027,2,1,spy2,0.65868956,train,42,weighted,False
ISPY2-180027_z014,ISPY2-180027,2,1,spy2,0.6623129,train,42,weighted,False
ISPY2-180027_z015,ISPY2-180027,2,1,spy2,0.666072,train,42,weighted,False
ISPY2-180027_z016,ISPY2-180027,2,1,spy2,0.6704658,train,42,weighted,False
ISPY2-180027_z017,ISPY2-180027,2,1,spy2,0.670929,train,42,weighted,False
ISPY2-180027_z018,ISPY2-180027,2,1,spy2,0.670912,train,42,weighted,False
ISPY2-180027_z019,ISPY2-180027,2,1,spy2,0.6709725,train,42,weighted,False
ISPY2-180027_z020,ISPY2-180027,2,1,spy2,0.6729463,train,42,weighted,False
ISPY2-180027_z021,ISPY2-180027,2,1,spy2,0.67064023,train,42,weighted,False
ACRIN-6698-654021_z002,ACRIN-6698-654021,2,0,spy2,0.42786452,train,42,weighted,False
ACRIN-6698-654021_z004,ACRIN-6698-654021,2,0,spy2,0.4302869,train,42,weighted,False
ACRIN-6698-654021_z005,ACRIN-6698-654021,2,0,spy2,0.43103445,train,42,weighted,False
ACRIN-6698-654021_z006,ACRIN-6698-654021,2,0,spy2,0.4334946,train,42,weighted,False
ACRIN-6698-654021_z007,ACRIN-6698-654021,2,0,spy2,0.43767625,train,42,weighted,False
ACRIN-6698-654021_z008,ACRIN-6698-654021,2,0,spy2,0.43946284,train,42,weighted,False
ACRIN-6698-654021_z009,ACRIN-6698-654021,2,0,spy2,0.4399923,train,42,weighted,False
ACRIN-6698-654021_z010,ACRIN-6698-654021,2,0,spy2,0.44074446,train,42,weighted,False
ACRIN-6698-654021_z011,ACRIN-6698-654021,2,0,spy2,0.44079286,train,42,weighted,False
ACRIN-6698-654021_z012,ACRIN-6698-654021,2,0,spy2,0.44093803,train,42,weighted,False
ISPY2-255078_z021,ISPY2-255078,2,0,spy2,0.4387333,train,42,weighted,False
ISPY2-255078_z022,ISPY2-255078,2,0,spy2,0.4393446,train,42,weighted,False
ISPY2-255078_z023,ISPY2-255078,2,0,spy2,0.44409677,train,42,weighted,False
ISPY2-255078_z024,ISPY2-255078,2,0,spy2,0.44533822,train,42,weighted,False
ISPY2-255078_z025,ISPY2-255078,2,0,spy2,0.4453849,train,42,weighted,False
ISPY2-255078_z026,ISPY2-255078,2,0,spy2,0.4468763,train,42,weighted,False
ISPY2-255078_z027,ISPY2-255078,2,0,spy2,0.44494483,train,42,weighted,False
ISPY2-255078_z028,ISPY2-255078,2,0,spy2,0.44579127,train,42,weighted,False
ISPY2-255078_z029,ISPY2-255078,2,0,spy2,0.44492316,train,42,weighted,False
ISPY2-255078_z030,ISPY2-255078,2,0,spy2,0.443714,train,42,weighted,False
ACRIN-6698-530095_z004,ACRIN-6698-530095,2,0,spy2,0.27169725,train,42,weighted,False
ACRIN-6698-530095_z005,ACRIN-6698-530095,2,0,spy2,0.27540606,train,42,weighted,False
ACRIN-6698-530095_z006,ACRIN-6698-530095,2,0,spy2,0.27843833,train,42,weighted,False
ACRIN-6698-530095_z007,ACRIN-6698-530095,2,0,spy2,0.2823752,train,42,weighted,False
ACRIN-6698-530095_z008,ACRIN-6698-530095,2,0,spy2,0.2842273,train,42,weighted,False
ACRIN-6698-530095_z009,ACRIN-6698-530095,2,0,spy2,0.2846854,train,42,weighted,False
ACRIN-6698-530095_z010,ACRIN-6698-530095,2,0,spy2,0.286819,train,42,weighted,False
ACRIN-6698-530095_z011,ACRIN-6698-530095,2,0,spy2,0.28619462,train,42,weighted,False
ACRIN-6698-530095_z012,ACRIN-6698-530095,2,0,spy2,0.28539148,train,42,weighted,False
ACRIN-6698-530095_z013,ACRIN-6698-530095,2,0,spy2,0.28684056,train,42,weighted,False
ISPY2-703455_z012,ISPY2-703455,2,0,spy2,0.5201728,train,42,weighted,False
ISPY2-703455_z013,ISPY2-703455,2,0,spy2,0.5213189,train,42,weighted,False
ISPY2-703455_z014,ISPY2-703455,2,0,spy2,0.52162904,train,42,weighted,False
ISPY2-703455_z015,ISPY2-703455,2,0,spy2,0.5250424,train,42,weighted,False
ISPY2-703455_z016,ISPY2-703455,2,0,spy2,0.5283893,train,42,weighted,False
ISPY2-703455_z017,ISPY2-703455,2,0,spy2,0.52777475,train,42,weighted,False
ISPY2-703455_z018,ISPY2-703455,2,0,spy2,0.5308363,train,42,weighted,False
ISPY2-703455_z019,ISPY2-703455,2,0,spy2,0.533024,train,42,weighted,False
ISPY2-703455_z020,ISPY2-703455,2,0,spy2,0.53353244,train,42,weighted,False
ISPY2-703455_z021,ISPY2-703455,2,0,spy2,0.53347874,train,42,weighted,False
ISPY2-982505_z025,ISPY2-982505,2,0,spy2,0.46281055,train,42,weighted,False
ISPY2-982505_z026,ISPY2-982505,2,0,spy2,0.46419588,train,42,weighted,False
ISPY2-982505_z027,ISPY2-982505,2,0,spy2,0.4685594,train,42,weighted,False
ISPY2-982505_z028,ISPY2-982505,2,0,spy2,0.4690888,train,42,weighted,False
ISPY2-982505_z029,ISPY2-982505,2,0,spy2,0.4701589,train,42,weighted,False
ISPY2-982505_z030,ISPY2-982505,2,0,spy2,0.46853012,train,42,weighted,False
ISPY2-982505_z031,ISPY2-982505,2,0,spy2,0.4718685,train,42,weighted,False
ISPY2-982505_z032,ISPY2-982505,2,0,spy2,0.47633198,train,42,weighted,False
ISPY2-982505_z033,ISPY2-982505,2,0,spy2,0.4794675,train,42,weighted,False
ISPY2-982505_z034,ISPY2-982505,2,0,spy2,0.4817723,train,42,weighted,False
ISPY2-637051_z006,ISPY2-637051,2,0,spy2,0.52610564,train,42,weighted,False
ISPY2-637051_z007,ISPY2-637051,2,0,spy2,0.52402246,train,42,weighted,False
ISPY2-637051_z008,ISPY2-637051,2,0,spy2,0.523249,train,42,weighted,False
ISPY2-637051_z009,ISPY2-637051,2,0,spy2,0.52409023,train,42,weighted,False
ISPY2-637051_z010,ISPY2-637051,2,0,spy2,0.52602565,train,42,weighted,False
ISPY2-637051_z011,ISPY2-637051,2,0,spy2,0.5291533,train,42,weighted,False
ISPY2-637051_z012,ISPY2-637051,2,0,spy2,0.5320411,train,42,weighted,False
ISPY2-637051_z013,ISPY2-637051,2,0,spy2,0.53414625,train,42,weighted,False
ISPY2-637051_z014,ISPY2-637051,2,0,spy2,0.5367002,train,42,weighted,False
ISPY2-637051_z015,ISPY2-637051,2,0,spy2,0.5402283,train,42,weighted,False
ISPY2-650589_z034,ISPY2-650589,2,0,spy2,0.56297857,train,42,weighted,False
ISPY2-650589_z040,ISPY2-650589,2,0,spy2,0.56099963,train,42,weighted,False
ISPY2-650589_z041,ISPY2-650589,2,0,spy2,0.56444114,train,42,weighted,False
ISPY2-650589_z042,ISPY2-650589,2,0,spy2,0.56200415,train,42,weighted,False
ISPY2-650589_z043,ISPY2-650589,2,0,spy2,0.56117344,train,42,weighted,False
ISPY2-650589_z044,ISPY2-650589,2,0,spy2,0.55927384,train,42,weighted,False
ISPY2-650589_z045,ISPY2-650589,2,0,spy2,0.55793,train,42,weighted,False
ISPY2-650589_z046,ISPY2-650589,2,0,spy2,0.5582133,train,42,weighted,False
ISPY2-650589_z047,ISPY2-650589,2,0,spy2,0.56014663,train,42,weighted,False
ISPY2-650589_z048,ISPY2-650589,2,0,spy2,0.5597535,train,42,weighted,False
ISPY2-640927_z002,ISPY2-640927,2,0,spy2,0.48985884,train,42,weighted,False
ISPY2-640927_z016,ISPY2-640927,2,0,spy2,0.47876096,train,42,weighted,False
ISPY2-640927_z017,ISPY2-640927,2,0,spy2,0.47898915,train,42,weighted,False
ISPY2-640927_z018,ISPY2-640927,2,0,spy2,0.4784193,train,42,weighted,False
ISPY2-640927_z019,ISPY2-640927,2,0,spy2,0.47622758,train,42,weighted,False
ISPY2-640927_z020,ISPY2-640927,2,0,spy2,0.4773587,train,42,weighted,False
ISPY2-640927_z021,ISPY2-640927,2,0,spy2,0.4796842,train,42,weighted,False
ISPY2-640927_z022,ISPY2-640927,2,0,spy2,0.48046425,train,42,weighted,False
ISPY2-640927_z023,ISPY2-640927,2,0,spy2,0.4802464,train,42,weighted,False
ISPY2-640927_z024,ISPY2-640927,2,0,spy2,0.47982404,train,42,weighted,False
ISPY2-109980_z022,ISPY2-109980,2,1,spy2,0.44645926,train,42,weighted,False
ISPY2-109980_z023,ISPY2-109980,2,1,spy2,0.44339707,train,42,weighted,False
ISPY2-109980_z024,ISPY2-109980,2,1,spy2,0.44214693,train,42,weighted,False
ISPY2-109980_z025,ISPY2-109980,2,1,spy2,0.4410045,train,42,weighted,False
ISPY2-109980_z026,ISPY2-109980,2,1,spy2,0.4410045,train,42,weighted,False
ISPY2-109980_z027,ISPY2-109980,2,1,spy2,0.4415715,train,42,weighted,False
ISPY2-109980_z028,ISPY2-109980,2,1,spy2,0.4410045,train,42,weighted,False
ISPY2-109980_z029,ISPY2-109980,2,1,spy2,0.4410045,train,42,weighted,False
ISPY2-109980_z030,ISPY2-109980,2,1,spy2,0.440555,train,42,weighted,False
ISPY2-109980_z031,ISPY2-109980,2,1,spy2,0.43715858,train,42,weighted,False
ISPY2-489504_z039,ISPY2-489504,2,1,spy2,0.5494774,train,42,weighted,False
ISPY2-489504_z040,ISPY2-489504,2,1,spy2,0.5481342,train,42,weighted,False
ISPY2-489504_z041,ISPY2-489504,2,1,spy2,0.5472559,train,42,weighted,False
ISPY2-489504_z042,ISPY2-489504,2,1,spy2,0.5472559,train,42,weighted,False
ISPY2-489504_z043,ISPY2-489504,2,1,spy2,0.5472559,train,42,weighted,False
ISPY2-489504_z044,ISPY2-489504,2,1,spy2,0.5472559,train,42,weighted,False
ISPY2-489504_z045,ISPY2-489504,2,1,spy2,0.5472559,train,42,weighted,False
ISPY2-489504_z046,ISPY2-489504,2,1,spy2,0.5489422,train,42,weighted,False
ISPY2-489504_z047,ISPY2-489504,2,1,spy2,0.5553691,train,42,weighted,False
ISPY2-489504_z048,ISPY2-489504,2,1,spy2,0.55984354,train,42,weighted,False
ISPY2-845079_z002,ISPY2-845079,2,1,spy2,0.62947744,train,42,weighted,False
ISPY2-845079_z003,ISPY2-845079,2,1,spy2,0.63447696,train,42,weighted,False
ISPY2-845079_z005,ISPY2-845079,2,1,spy2,0.6455617,train,42,weighted,False
ISPY2-845079_z006,ISPY2-845079,2,1,spy2,0.6455617,train,42,weighted,False
ISPY2-845079_z007,ISPY2-845079,2,1,spy2,0.6455617,train,42,weighted,False
ISPY2-845079_z008,ISPY2-845079,2,1,spy2,0.6455617,train,42,weighted,False
ISPY2-845079_z009,ISPY2-845079,2,1,spy2,0.6455617,train,42,weighted,False
ISPY2-845079_z010,ISPY2-845079,2,1,spy2,0.64541435,train,42,weighted,False
ISPY2-845079_z011,ISPY2-845079,2,1,spy2,0.64213,train,42,weighted,False
ISPY2-845079_z012,ISPY2-845079,2,1,spy2,0.6377319,train,42,weighted,False
ISPY2-149654_z017,ISPY2-149654,2,0,spy2,0.3126456,train,42,weighted,False
ISPY2-149654_z018,ISPY2-149654,2,0,spy2,0.30902702,train,42,weighted,False
ISPY2-149654_z019,ISPY2-149654,2,0,spy2,0.30596918,train,42,weighted,False
ISPY2-149654_z020,ISPY2-149654,2,0,spy2,0.31468496,train,42,weighted,False
ISPY2-149654_z021,ISPY2-149654,2,0,spy2,0.322116,train,42,weighted,False
ISPY2-149654_z022,ISPY2-149654,2,0,spy2,0.32298937,train,42,weighted,False
ISPY2-149654_z023,ISPY2-149654,2,0,spy2,0.33446333,train,42,weighted,False
ISPY2-149654_z024,ISPY2-149654,2,0,spy2,0.33458036,train,42,weighted,False
ISPY2-149654_z025,ISPY2-149654,2,0,spy2,0.3346236,train,42,weighted,False
ISPY2-149654_z026,ISPY2-149654,2,0,spy2,0.334704,train,42,weighted,False
ISPY2-663197_z007,ISPY2-663197,2,0,spy2,0.57933605,train,42,weighted,False
ISPY2-663197_z008,ISPY2-663197,2,0,spy2,0.5943614,train,42,weighted,False
ISPY2-663197_z009,ISPY2-663197,2,0,spy2,0.6054956,train,42,weighted,False
ISPY2-663197_z014,ISPY2-663197,2,0,spy2,0.606195,train,42,weighted,False
ISPY2-663197_z015,ISPY2-663197,2,0,spy2,0.60869586,train,42,weighted,False
ISPY2-663197_z016,ISPY2-663197,2,0,spy2,0.6070824,train,42,weighted,False
ISPY2-663197_z017,ISPY2-663197,2,0,spy2,0.60711825,train,42,weighted,False
ISPY2-663197_z018,ISPY2-663197,2,0,spy2,0.60628885,train,42,weighted,False
ISPY2-663197_z019,ISPY2-663197,2,0,spy2,0.6090395,train,42,weighted,False
ISPY2-663197_z020,ISPY2-663197,2,0,spy2,0.60850257,train,42,weighted,False
ISPY2-507198_z013,ISPY2-507198,2,0,spy2,0.65616196,train,42,weighted,False
ISPY2-507198_z014,ISPY2-507198,2,0,spy2,0.6509731,train,42,weighted,False
ISPY2-507198_z015,ISPY2-507198,2,0,spy2,0.6509685,train,42,weighted,False
ISPY2-507198_z016,ISPY2-507198,2,0,spy2,0.6509731,train,42,weighted,False
ISPY2-507198_z017,ISPY2-507198,2,0,spy2,0.6509731,train,42,weighted,False
ISPY2-507198_z018,ISPY2-507198,2,0,spy2,0.6509731,train,42,weighted,False
ISPY2-507198_z019,ISPY2-507198,2,0,spy2,0.6503651,train,42,weighted,False
ISPY2-507198_z020,ISPY2-507198,2,0,spy2,0.6509731,train,42,weighted,False
ISPY2-507198_z021,ISPY2-507198,2,0,spy2,0.6509731,train,42,weighted,False
ISPY2-507198_z022,ISPY2-507198,2,0,spy2,0.6509731,train,42,weighted,False
ACRIN-6698-287961_z020,ACRIN-6698-287961,2,1,spy2,0.51283914,train,42,weighted,False
ACRIN-6698-287961_z025,ACRIN-6698-287961,2,1,spy2,0.51640564,train,42,weighted,False
ACRIN-6698-287961_z026,ACRIN-6698-287961,2,1,spy2,0.5141727,train,42,weighted,False
ACRIN-6698-287961_z027,ACRIN-6698-287961,2,1,spy2,0.51965815,train,42,weighted,False
ACRIN-6698-287961_z028,ACRIN-6698-287961,2,1,spy2,0.5197003,train,42,weighted,False
ACRIN-6698-287961_z029,ACRIN-6698-287961,2,1,spy2,0.5110043,train,42,weighted,False
ACRIN-6698-287961_z030,ACRIN-6698-287961,2,1,spy2,0.5098382,train,42,weighted,False
ACRIN-6698-287961_z031,ACRIN-6698-287961,2,1,spy2,0.50667375,train,42,weighted,False
ACRIN-6698-287961_z032,ACRIN-6698-287961,2,1,spy2,0.5046364,train,42,weighted,False
ACRIN-6698-287961_z033,ACRIN-6698-287961,2,1,spy2,0.50298434,train,42,weighted,False
ISPY2-520986_z014,ISPY2-520986,2,1,spy2,0.25431088,train,42,weighted,False
ISPY2-520986_z015,ISPY2-520986,2,1,spy2,0.25168177,train,42,weighted,False
ISPY2-520986_z016,ISPY2-520986,2,1,spy2,0.250987,train,42,weighted,False
ISPY2-520986_z017,ISPY2-520986,2,1,spy2,0.25283986,train,42,weighted,False
ISPY2-520986_z018,ISPY2-520986,2,1,spy2,0.25491655,train,42,weighted,False
ISPY2-520986_z019,ISPY2-520986,2,1,spy2,0.25652802,train,42,weighted,False
ISPY2-520986_z020,ISPY2-520986,2,1,spy2,0.25802806,train,42,weighted,False
ISPY2-520986_z021,ISPY2-520986,2,1,spy2,0.259302,train,42,weighted,False
ISPY2-520986_z022,ISPY2-520986,2,1,spy2,0.25964835,train,42,weighted,False
ISPY2-520986_z023,ISPY2-520986,2,1,spy2,0.2605747,train,42,weighted,False
ISPY2-129973_z017,ISPY2-129973,2,1,spy2,0.6220067,train,42,weighted,False
ISPY2-129973_z018,ISPY2-129973,2,1,spy2,0.6240599,train,42,weighted,False
ISPY2-129973_z019,ISPY2-129973,2,1,spy2,0.6270024,train,42,weighted,False
ISPY2-129973_z020,ISPY2-129973,2,1,spy2,0.6262099,train,42,weighted,False
ISPY2-129973_z021,ISPY2-129973,2,1,spy2,0.6254124,train,42,weighted,False
ISPY2-129973_z022,ISPY2-129973,2,1,spy2,0.63046426,train,42,weighted,False
ISPY2-129973_z023,ISPY2-129973,2,1,spy2,0.63388485,train,42,weighted,False
ISPY2-129973_z024,ISPY2-129973,2,1,spy2,0.6321528,train,42,weighted,False
ISPY2-129973_z025,ISPY2-129973,2,1,spy2,0.6311166,train,42,weighted,False
ISPY2-129973_z026,ISPY2-129973,2,1,spy2,0.62987924,train,42,weighted,False
ISPY2-311316_z027,ISPY2-311316,2,0,spy2,0.39082605,train,42,weighted,False
ISPY2-311316_z028,ISPY2-311316,2,0,spy2,0.39071238,train,42,weighted,False
ISPY2-311316_z029,ISPY2-311316,2,0,spy2,0.39082572,train,42,weighted,False
ISPY2-311316_z033,ISPY2-311316,2,0,spy2,0.3908764,train,42,weighted,False
ISPY2-311316_z034,ISPY2-311316,2,0,spy2,0.39092436,train,42,weighted,False
ISPY2-311316_z035,ISPY2-311316,2,0,spy2,0.39094278,train,42,weighted,False
ISPY2-311316_z036,ISPY2-311316,2,0,spy2,0.39088222,train,42,weighted,False
ISPY2-311316_z037,ISPY2-311316,2,0,spy2,0.3908528,train,42,weighted,False
ISPY2-311316_z038,ISPY2-311316,2,0,spy2,0.39080852,train,42,weighted,False
ISPY2-311316_z039,ISPY2-311316,2,0,spy2,0.39095563,train,42,weighted,False
ISPY2-596458_z016,ISPY2-596458,2,1,spy2,0.44599873,train,42,weighted,False
ISPY2-596458_z017,ISPY2-596458,2,1,spy2,0.44761616,train,42,weighted,False
ISPY2-596458_z018,ISPY2-596458,2,1,spy2,0.45290938,train,42,weighted,False
ISPY2-596458_z019,ISPY2-596458,2,1,spy2,0.4567284,train,42,weighted,False
ISPY2-596458_z020,ISPY2-596458,2,1,spy2,0.45621786,train,42,weighted,False
ISPY2-596458_z021,ISPY2-596458,2,1,spy2,0.45557603,train,42,weighted,False
ISPY2-596458_z022,ISPY2-596458,2,1,spy2,0.45781207,train,42,weighted,False
ISPY2-596458_z023,ISPY2-596458,2,1,spy2,0.46038896,train,42,weighted,False
ISPY2-596458_z025,ISPY2-596458,2,1,spy2,0.45824623,train,42,weighted,False
ISPY2-596458_z026,ISPY2-596458,2,1,spy2,0.45830572,train,42,weighted,False
ISPY2-493519_z026,ISPY2-493519,2,0,spy2,0.31984952,train,42,weighted,False
ISPY2-493519_z027,ISPY2-493519,2,0,spy2,0.3198245,train,42,weighted,False
ISPY2-493519_z028,ISPY2-493519,2,0,spy2,0.3198101,train,42,weighted,False
ISPY2-493519_z029,ISPY2-493519,2,0,spy2,0.31975585,train,42,weighted,False
ISPY2-493519_z030,ISPY2-493519,2,0,spy2,0.31974486,train,42,weighted,False
ISPY2-493519_z031,ISPY2-493519,2,0,spy2,0.31979585,train,42,weighted,False
ISPY2-493519_z032,ISPY2-493519,2,0,spy2,0.31976607,train,42,weighted,False
ISPY2-493519_z033,ISPY2-493519,2,0,spy2,0.31973717,train,42,weighted,False
ISPY2-493519_z034,ISPY2-493519,2,0,spy2,0.31976932,train,42,weighted,False
ISPY2-493519_z035,ISPY2-493519,2,0,spy2,0.3198284,train,42,weighted,False
ISPY2-318438_z027,ISPY2-318438,2,0,spy2,0.46354613,train,42,weighted,False
ISPY2-318438_z028,ISPY2-318438,2,0,spy2,0.4680008,train,42,weighted,False
ISPY2-318438_z029,ISPY2-318438,2,0,spy2,0.47173464,train,42,weighted,False
ISPY2-318438_z030,ISPY2-318438,2,0,spy2,0.4733599,train,42,weighted,False
ISPY2-318438_z031,ISPY2-318438,2,0,spy2,0.47676978,train,42,weighted,False
ISPY2-318438_z032,ISPY2-318438,2,0,spy2,0.4780873,train,42,weighted,False
ISPY2-318438_z033,ISPY2-318438,2,0,spy2,0.47908604,train,42,weighted,False
ISPY2-318438_z034,ISPY2-318438,2,0,spy2,0.47903517,train,42,weighted,False
ISPY2-318438_z035,ISPY2-318438,2,0,spy2,0.47890422,train,42,weighted,False
ISPY2-318438_z036,ISPY2-318438,2,0,spy2,0.4798429,train,42,weighted,False
ISPY2-378401_z028,ISPY2-378401,2,1,spy2,0.45368665,train,42,weighted,False
ISPY2-378401_z029,ISPY2-378401,2,1,spy2,0.4585027,train,42,weighted,False
ISPY2-378401_z030,ISPY2-378401,2,1,spy2,0.46232617,train,42,weighted,False
ISPY2-378401_z031,ISPY2-378401,2,1,spy2,0.46251833,train,42,weighted,False
ISPY2-378401_z032,ISPY2-378401,2,1,spy2,0.46310475,train,42,weighted,False
ISPY2-378401_z033,ISPY2-378401,2,1,spy2,0.4627904,train,42,weighted,False
ISPY2-378401_z034,ISPY2-378401,2,1,spy2,0.46880707,train,42,weighted,False
ISPY2-378401_z035,ISPY2-378401,2,1,spy2,0.47502065,train,42,weighted,False
ISPY2-378401_z036,ISPY2-378401,2,1,spy2,0.47938398,train,42,weighted,False
ISPY2-378401_z037,ISPY2-378401,2,1,spy2,0.48369578,train,42,weighted,False
ACRIN-6698-511851_z007,ACRIN-6698-511851,2,0,spy2,0.2347423,train,42,weighted,False
ACRIN-6698-511851_z008,ACRIN-6698-511851,2,0,spy2,0.23432395,train,42,weighted,False
ACRIN-6698-511851_z009,ACRIN-6698-511851,2,0,spy2,0.23415363,train,42,weighted,False
ACRIN-6698-511851_z010,ACRIN-6698-511851,2,0,spy2,0.23114298,train,42,weighted,False
ACRIN-6698-511851_z011,ACRIN-6698-511851,2,0,spy2,0.22717136,train,42,weighted,False
ACRIN-6698-511851_z012,ACRIN-6698-511851,2,0,spy2,0.22724214,train,42,weighted,False
ACRIN-6698-511851_z013,ACRIN-6698-511851,2,0,spy2,0.22882846,train,42,weighted,False
ACRIN-6698-511851_z014,ACRIN-6698-511851,2,0,spy2,0.23065305,train,42,weighted,False
ACRIN-6698-511851_z015,ACRIN-6698-511851,2,0,spy2,0.23003659,train,42,weighted,False
ACRIN-6698-511851_z016,ACRIN-6698-511851,2,0,spy2,0.2312623,train,42,weighted,False
ISPY2-413961_z010,ISPY2-413961,2,0,spy2,0.53482324,train,42,weighted,False
ISPY2-413961_z011,ISPY2-413961,2,0,spy2,0.53067714,train,42,weighted,False
ISPY2-413961_z012,ISPY2-413961,2,0,spy2,0.53253555,train,42,weighted,False
ISPY2-413961_z013,ISPY2-413961,2,0,spy2,0.5344665,train,42,weighted,False
ISPY2-413961_z014,ISPY2-413961,2,0,spy2,0.5335957,train,42,weighted,False
ISPY2-413961_z015,ISPY2-413961,2,0,spy2,0.5313561,train,42,weighted,False
ISPY2-413961_z016,ISPY2-413961,2,0,spy2,0.53129613,train,42,weighted,False
ISPY2-413961_z017,ISPY2-413961,2,0,spy2,0.5383092,train,42,weighted,False
ISPY2-413961_z018,ISPY2-413961,2,0,spy2,0.54084253,train,42,weighted,False
ISPY2-413961_z019,ISPY2-413961,2,0,spy2,0.54002815,train,42,weighted,False
ISPY2-766967_z010,ISPY2-766967,2,1,spy2,0.34317625,train,42,weighted,False
ISPY2-766967_z011,ISPY2-766967,2,1,spy2,0.34308454,train,42,weighted,False
ISPY2-766967_z014,ISPY2-766967,2,1,spy2,0.33671853,train,42,weighted,False
ISPY2-766967_z015,ISPY2-766967,2,1,spy2,0.33395684,train,42,weighted,False
ISPY2-766967_z017,ISPY2-766967,2,1,spy2,0.33381602,train,42,weighted,False
ISPY2-766967_z018,ISPY2-766967,2,1,spy2,0.33514562,train,42,weighted,False
ISPY2-766967_z019,ISPY2-766967,2,1,spy2,0.33792242,train,42,weighted,False
ISPY2-766967_z020,ISPY2-766967,2,1,spy2,0.3403815,train,42,weighted,False
ISPY2-766967_z021,ISPY2-766967,2,1,spy2,0.34190974,train,42,weighted,False
ISPY2-766967_z022,ISPY2-766967,2,1,spy2,0.34283605,train,42,weighted,False
ACRIN-6698-995480_z006,ACRIN-6698-995480,2,0,spy2,0.49618748,train,42,weighted,False
ACRIN-6698-995480_z007,ACRIN-6698-995480,2,0,spy2,0.49674052,train,42,weighted,False
ACRIN-6698-995480_z012,ACRIN-6698-995480,2,0,spy2,0.49696323,train,42,weighted,False
ACRIN-6698-995480_z013,ACRIN-6698-995480,2,0,spy2,0.4970129,train,42,weighted,False
ACRIN-6698-995480_z014,ACRIN-6698-995480,2,0,spy2,0.49700338,train,42,weighted,False
ACRIN-6698-995480_z015,ACRIN-6698-995480,2,0,spy2,0.49703684,train,42,weighted,False
ACRIN-6698-995480_z016,ACRIN-6698-995480,2,0,spy2,0.49704826,train,42,weighted,False
ACRIN-6698-995480_z017,ACRIN-6698-995480,2,0,spy2,0.4970339,train,42,weighted,False
ACRIN-6698-995480_z018,ACRIN-6698-995480,2,0,spy2,0.4970591,train,42,weighted,False
ACRIN-6698-995480_z019,ACRIN-6698-995480,2,0,spy2,0.49699667,train,42,weighted,False
ACRIN-6698-805136_z025,ACRIN-6698-805136,2,0,spy2,0.6835628,train,42,weighted,False
ACRIN-6698-805136_z026,ACRIN-6698-805136,2,0,spy2,0.6887807,train,42,weighted,False
ACRIN-6698-805136_z028,ACRIN-6698-805136,2,0,spy2,0.6841372,train,42,weighted,False
ACRIN-6698-805136_z031,ACRIN-6698-805136,2,0,spy2,0.68243575,train,42,weighted,False
ACRIN-6698-805136_z032,ACRIN-6698-805136,2,0,spy2,0.6792157,train,42,weighted,False
ACRIN-6698-805136_z033,ACRIN-6698-805136,2,0,spy2,0.6779083,train,42,weighted,False
ACRIN-6698-805136_z034,ACRIN-6698-805136,2,0,spy2,0.68010014,train,42,weighted,False
ACRIN-6698-805136_z035,ACRIN-6698-805136,2,0,spy2,0.6817397,train,42,weighted,False
ACRIN-6698-805136_z036,ACRIN-6698-805136,2,0,spy2,0.6818756,train,42,weighted,False
ACRIN-6698-805136_z038,ACRIN-6698-805136,2,0,spy2,0.6817397,train,42,weighted,False
ISPY2-726940_z006,ISPY2-726940,2,0,spy2,0.5651965,train,42,weighted,False
ISPY2-726940_z007,ISPY2-726940,2,0,spy2,0.5607696,train,42,weighted,False
ISPY2-726940_z008,ISPY2-726940,2,0,spy2,0.5612294,train,42,weighted,False
ISPY2-726940_z009,ISPY2-726940,2,0,spy2,0.5584684,train,42,weighted,False
ISPY2-726940_z010,ISPY2-726940,2,0,spy2,0.55824226,train,42,weighted,False
ISPY2-726940_z011,ISPY2-726940,2,0,spy2,0.5623614,train,42,weighted,False
ISPY2-726940_z012,ISPY2-726940,2,0,spy2,0.5668067,train,42,weighted,False
ISPY2-726940_z013,ISPY2-726940,2,0,spy2,0.56854093,train,42,weighted,False
ISPY2-726940_z014,ISPY2-726940,2,0,spy2,0.5694794,train,42,weighted,False
ISPY2-726940_z015,ISPY2-726940,2,0,spy2,0.57115394,train,42,weighted,False
ISPY2-199115_z006,ISPY2-199115,2,0,spy2,0.26702517,train,42,weighted,False
ISPY2-199115_z007,ISPY2-199115,2,0,spy2,0.267083,train,42,weighted,False
ISPY2-199115_z008,ISPY2-199115,2,0,spy2,0.2671154,train,42,weighted,False
ISPY2-199115_z009,ISPY2-199115,2,0,spy2,0.267084,train,42,weighted,False
ISPY2-199115_z010,ISPY2-199115,2,0,spy2,0.2670718,train,42,weighted,False
ISPY2-199115_z011,ISPY2-199115,2,0,spy2,0.26076144,train,42,weighted,False
ISPY2-199115_z012,ISPY2-199115,2,0,spy2,0.25676683,train,42,weighted,False
ISPY2-199115_z013,ISPY2-199115,2,0,spy2,0.25670567,train,42,weighted,False
ISPY2-199115_z014,ISPY2-199115,2,0,spy2,0.25670567,train,42,weighted,False
ISPY2-199115_z017,ISPY2-199115,2,0,spy2,0.25640303,train,42,weighted,False
ISPY2-549172_z008,ISPY2-549172,2,0,spy2,0.6023159,train,42,weighted,False
ISPY2-549172_z009,ISPY2-549172,2,0,spy2,0.6021108,train,42,weighted,False
ISPY2-549172_z010,ISPY2-549172,2,0,spy2,0.6027783,train,42,weighted,False
ISPY2-549172_z011,ISPY2-549172,2,0,spy2,0.60243165,train,42,weighted,False
ISPY2-549172_z012,ISPY2-549172,2,0,spy2,0.60014933,train,42,weighted,False
ISPY2-549172_z013,ISPY2-549172,2,0,spy2,0.59494245,train,42,weighted,False
ISPY2-549172_z014,ISPY2-549172,2,0,spy2,0.59413093,train,42,weighted,False
ISPY2-549172_z015,ISPY2-549172,2,0,spy2,0.5999014,train,42,weighted,False
ISPY2-549172_z016,ISPY2-549172,2,0,spy2,0.6075761,train,42,weighted,False
ISPY2-549172_z017,ISPY2-549172,2,0,spy2,0.6108704,train,42,weighted,False
ISPY2-241705_z004,ISPY2-241705,2,0,spy2,0.3375152,train,42,weighted,False
ISPY2-241705_z006,ISPY2-241705,2,0,spy2,0.33760938,train,42,weighted,False
ISPY2-241705_z007,ISPY2-241705,2,0,spy2,0.33711365,train,42,weighted,False
ISPY2-241705_z008,ISPY2-241705,2,0,spy2,0.33394518,train,42,weighted,False
ISPY2-241705_z009,ISPY2-241705,2,0,spy2,0.32554603,train,42,weighted,False
ISPY2-241705_z010,ISPY2-241705,2,0,spy2,0.3235965,train,42,weighted,False
ISPY2-241705_z011,ISPY2-241705,2,0,spy2,0.31989652,train,42,weighted,False
ISPY2-241705_z012,ISPY2-241705,2,0,spy2,0.31808913,train,42,weighted,False
ISPY2-241705_z016,ISPY2-241705,2,0,spy2,0.32167566,train,42,weighted,False
ISPY2-241705_z017,ISPY2-241705,2,0,spy2,0.31980807,train,42,weighted,False
ACRIN-6698-591810_z012,ACRIN-6698-591810,2,1,spy2,0.4034076,train,42,weighted,False
ACRIN-6698-591810_z013,ACRIN-6698-591810,2,1,spy2,0.4040893,train,42,weighted,False
ACRIN-6698-591810_z017,ACRIN-6698-591810,2,1,spy2,0.40529627,train,42,weighted,False
ACRIN-6698-591810_z018,ACRIN-6698-591810,2,1,spy2,0.40529627,train,42,weighted,False
ACRIN-6698-591810_z019,ACRIN-6698-591810,2,1,spy2,0.40604445,train,42,weighted,False
ACRIN-6698-591810_z020,ACRIN-6698-591810,2,1,spy2,0.40621886,train,42,weighted,False
ACRIN-6698-591810_z021,ACRIN-6698-591810,2,1,spy2,0.4057035,train,42,weighted,False
ACRIN-6698-591810_z022,ACRIN-6698-591810,2,1,spy2,0.40529627,train,42,weighted,False
ACRIN-6698-591810_z023,ACRIN-6698-591810,2,1,spy2,0.40529627,train,42,weighted,False
ACRIN-6698-591810_z024,ACRIN-6698-591810,2,1,spy2,0.40544358,train,42,weighted,False
ISPY2-411008_z030,ISPY2-411008,2,0,spy2,0.5469171,train,42,weighted,False
ISPY2-411008_z031,ISPY2-411008,2,0,spy2,0.5459603,train,42,weighted,False
ISPY2-411008_z032,ISPY2-411008,2,0,spy2,0.54440606,train,42,weighted,False
ISPY2-411008_z033,ISPY2-411008,2,0,spy2,0.542455,train,42,weighted,False
ISPY2-411008_z034,ISPY2-411008,2,0,spy2,0.5404767,train,42,weighted,False
ISPY2-411008_z035,ISPY2-411008,2,0,spy2,0.54524785,train,42,weighted,False
ISPY2-411008_z036,ISPY2-411008,2,0,spy2,0.546224,train,42,weighted,False
ISPY2-411008_z037,ISPY2-411008,2,0,spy2,0.5448526,train,42,weighted,False
ISPY2-411008_z038,ISPY2-411008,2,0,spy2,0.5391253,train,42,weighted,False
ISPY2-411008_z039,ISPY2-411008,2,0,spy2,0.5359198,train,42,weighted,False
ISPY2-742477_z007,ISPY2-742477,2,0,spy2,0.61264765,train,42,weighted,False
ISPY2-742477_z010,ISPY2-742477,2,0,spy2,0.612452,train,42,weighted,False
ISPY2-742477_z011,ISPY2-742477,2,0,spy2,0.6124376,train,42,weighted,False
ISPY2-742477_z012,ISPY2-742477,2,0,spy2,0.6124405,train,42,weighted,False
ISPY2-742477_z013,ISPY2-742477,2,0,spy2,0.6121415,train,42,weighted,False
ISPY2-742477_z014,ISPY2-742477,2,0,spy2,0.6124235,train,42,weighted,False
ISPY2-742477_z015,ISPY2-742477,2,0,spy2,0.6107158,train,42,weighted,False
ISPY2-742477_z016,ISPY2-742477,2,0,spy2,0.60786,train,42,weighted,False
ISPY2-742477_z017,ISPY2-742477,2,0,spy2,0.6118536,train,42,weighted,False
ISPY2-742477_z018,ISPY2-742477,2,0,spy2,0.6127511,train,42,weighted,False
ISPY2-203254_z017,ISPY2-203254,2,0,spy2,0.68130934,train,42,weighted,False
ISPY2-203254_z018,ISPY2-203254,2,0,spy2,0.68143773,train,42,weighted,False
ISPY2-203254_z019,ISPY2-203254,2,0,spy2,0.6814918,train,42,weighted,False
ISPY2-203254_z020,ISPY2-203254,2,0,spy2,0.6814959,train,42,weighted,False
ISPY2-203254_z021,ISPY2-203254,2,0,spy2,0.6815456,train,42,weighted,False
ISPY2-203254_z022,ISPY2-203254,2,0,spy2,0.677898,train,42,weighted,False
ISPY2-203254_z023,ISPY2-203254,2,0,spy2,0.67064106,train,42,weighted,False
ISPY2-203254_z024,ISPY2-203254,2,0,spy2,0.6700322,train,42,weighted,False
ISPY2-203254_z025,ISPY2-203254,2,0,spy2,0.6700322,train,42,weighted,False
ISPY2-203254_z026,ISPY2-203254,2,0,spy2,0.6700322,train,42,weighted,False
ACRIN-6698-421917_z011,ACRIN-6698-421917,2,0,spy2,0.6347086,train,42,weighted,False
ACRIN-6698-421917_z012,ACRIN-6698-421917,2,0,spy2,0.6347086,train,42,weighted,False
ACRIN-6698-421917_z013,ACRIN-6698-421917,2,0,spy2,0.6347086,train,42,weighted,False
ACRIN-6698-421917_z014,ACRIN-6698-421917,2,0,spy2,0.6347086,train,42,weighted,False
ACRIN-6698-421917_z015,ACRIN-6698-421917,2,0,spy2,0.6347086,train,42,weighted,False
ACRIN-6698-421917_z016,ACRIN-6698-421917,2,0,spy2,0.6347086,train,42,weighted,False
ACRIN-6698-421917_z017,ACRIN-6698-421917,2,0,spy2,0.6347086,train,42,weighted,False
ACRIN-6698-421917_z018,ACRIN-6698-421917,2,0,spy2,0.6347086,train,42,weighted,False
ACRIN-6698-421917_z019,ACRIN-6698-421917,2,0,spy2,0.6334895,train,42,weighted,False
ACRIN-6698-421917_z020,ACRIN-6698-421917,2,0,spy2,0.63087815,train,42,weighted,False
ISPY2-883886_z012,ISPY2-883886,2,0,spy2,0.5006856,train,42,weighted,False
ISPY2-883886_z013,ISPY2-883886,2,0,spy2,0.5011572,train,42,weighted,False
ISPY2-883886_z014,ISPY2-883886,2,0,spy2,0.5003165,train,42,weighted,False
ISPY2-883886_z015,ISPY2-883886,2,0,spy2,0.5034734,train,42,weighted,False
ISPY2-883886_z016,ISPY2-883886,2,0,spy2,0.49845508,train,42,weighted,False
ISPY2-883886_z017,ISPY2-883886,2,0,spy2,0.4953774,train,42,weighted,False
ISPY2-883886_z018,ISPY2-883886,2,0,spy2,0.4971902,train,42,weighted,False
ISPY2-883886_z019,ISPY2-883886,2,0,spy2,0.49713582,train,42,weighted,False
ISPY2-883886_z020,ISPY2-883886,2,0,spy2,0.49402002,train,42,weighted,False
ISPY2-883886_z021,ISPY2-883886,2,0,spy2,0.4921978,train,42,weighted,False
ISPY2-507249_z013,ISPY2-507249,2,0,spy2,0.5906277,train,42,weighted,False
ISPY2-507249_z014,ISPY2-507249,2,0,spy2,0.5899419,train,42,weighted,False
ISPY2-507249_z015,ISPY2-507249,2,0,spy2,0.5932731,train,42,weighted,False
ISPY2-507249_z016,ISPY2-507249,2,0,spy2,0.5947392,train,42,weighted,False
ISPY2-507249_z017,ISPY2-507249,2,0,spy2,0.59694093,train,42,weighted,False
ISPY2-507249_z018,ISPY2-507249,2,0,spy2,0.59448385,train,42,weighted,False
ISPY2-507249_z019,ISPY2-507249,2,0,spy2,0.59096277,train,42,weighted,False
ISPY2-507249_z020,ISPY2-507249,2,0,spy2,0.587083,train,42,weighted,False
ISPY2-507249_z021,ISPY2-507249,2,0,spy2,0.59009737,train,42,weighted,False
ISPY2-507249_z022,ISPY2-507249,2,0,spy2,0.59064436,train,42,weighted,False
ACRIN-6698-724293_z005,ACRIN-6698-724293,2,1,spy2,0.6252668,train,42,weighted,False
ACRIN-6698-724293_z006,ACRIN-6698-724293,2,1,spy2,0.62467116,train,42,weighted,False
ACRIN-6698-724293_z007,ACRIN-6698-724293,2,1,spy2,0.6228719,train,42,weighted,False
ACRIN-6698-724293_z008,ACRIN-6698-724293,2,1,spy2,0.6203826,train,42,weighted,False
ACRIN-6698-724293_z009,ACRIN-6698-724293,2,1,spy2,0.61920476,train,42,weighted,False
ACRIN-6698-724293_z010,ACRIN-6698-724293,2,1,spy2,0.62058294,train,42,weighted,False
ACRIN-6698-724293_z011,ACRIN-6698-724293,2,1,spy2,0.62295514,train,42,weighted,False
ACRIN-6698-724293_z012,ACRIN-6698-724293,2,1,spy2,0.62417805,train,42,weighted,False
ACRIN-6698-724293_z013,ACRIN-6698-724293,2,1,spy2,0.624291,train,42,weighted,False
ACRIN-6698-724293_z014,ACRIN-6698-724293,2,1,spy2,0.62438864,train,42,weighted,False
ACRIN-6698-765671_z002,ACRIN-6698-765671,2,1,spy2,0.5658445,train,42,weighted,False
ACRIN-6698-765671_z003,ACRIN-6698-765671,2,1,spy2,0.5675847,train,42,weighted,False
ACRIN-6698-765671_z004,ACRIN-6698-765671,2,1,spy2,0.56970936,train,42,weighted,False
ACRIN-6698-765671_z005,ACRIN-6698-765671,2,1,spy2,0.5703322,train,42,weighted,False
ACRIN-6698-765671_z006,ACRIN-6698-765671,2,1,spy2,0.56981665,train,42,weighted,False
ACRIN-6698-765671_z007,ACRIN-6698-765671,2,1,spy2,0.57118154,train,42,weighted,False
ACRIN-6698-765671_z008,ACRIN-6698-765671,2,1,spy2,0.573249,train,42,weighted,False
ACRIN-6698-765671_z009,ACRIN-6698-765671,2,1,spy2,0.5757341,train,42,weighted,False
ACRIN-6698-765671_z010,ACRIN-6698-765671,2,1,spy2,0.5764071,train,42,weighted,False
ACRIN-6698-765671_z011,ACRIN-6698-765671,2,1,spy2,0.5761573,train,42,weighted,False
ISPY2-836983_z022,ISPY2-836983,2,1,spy2,0.47400957,train,42,weighted,False
ISPY2-836983_z023,ISPY2-836983,2,1,spy2,0.4672884,train,42,weighted,False
ISPY2-836983_z024,ISPY2-836983,2,1,spy2,0.4642086,train,42,weighted,False
ISPY2-836983_z025,ISPY2-836983,2,1,spy2,0.46833393,train,42,weighted,False
ISPY2-836983_z028,ISPY2-836983,2,1,spy2,0.48296738,train,42,weighted,False
ISPY2-836983_z029,ISPY2-836983,2,1,spy2,0.48609874,train,42,weighted,False
ISPY2-836983_z030,ISPY2-836983,2,1,spy2,0.48531243,train,42,weighted,False
ISPY2-836983_z031,ISPY2-836983,2,1,spy2,0.4843542,train,42,weighted,False
ISPY2-836983_z032,ISPY2-836983,2,1,spy2,0.486719,train,42,weighted,False
ISPY2-836983_z033,ISPY2-836983,2,1,spy2,0.491052,train,42,weighted,False
ISPY2-559021_z072,ISPY2-559021,2,1,spy2,0.18175715,train,42,weighted,False
ISPY2-559021_z077,ISPY2-559021,2,1,spy2,0.18185952,train,42,weighted,False
ISPY2-559021_z078,ISPY2-559021,2,1,spy2,0.18185405,train,42,weighted,False
ISPY2-559021_z079,ISPY2-559021,2,1,spy2,0.18184638,train,42,weighted,False
ISPY2-559021_z080,ISPY2-559021,2,1,spy2,0.18186197,train,42,weighted,False
ISPY2-559021_z081,ISPY2-559021,2,1,spy2,0.18192706,train,42,weighted,False
ISPY2-559021_z082,ISPY2-559021,2,1,spy2,0.18180789,train,42,weighted,False
ISPY2-559021_z083,ISPY2-559021,2,1,spy2,0.18178993,train,42,weighted,False
ISPY2-559021_z084,ISPY2-559021,2,1,spy2,0.18179731,train,42,weighted,False
ISPY2-559021_z085,ISPY2-559021,2,1,spy2,0.18178253,train,42,weighted,False
ISPY2-892390_z032,ISPY2-892390,2,1,spy2,0.47439858,train,42,weighted,False
ISPY2-892390_z033,ISPY2-892390,2,1,spy2,0.47442675,train,42,weighted,False
ISPY2-892390_z034,ISPY2-892390,2,1,spy2,0.47462797,train,42,weighted,False
ISPY2-892390_z035,ISPY2-892390,2,1,spy2,0.47485673,train,42,weighted,False
ISPY2-892390_z036,ISPY2-892390,2,1,spy2,0.47551998,train,42,weighted,False
ISPY2-892390_z037,ISPY2-892390,2,1,spy2,0.47740814,train,42,weighted,False
ISPY2-892390_z038,ISPY2-892390,2,1,spy2,0.4821085,train,42,weighted,False
ISPY2-892390_z039,ISPY2-892390,2,1,spy2,0.48603305,train,42,weighted,False
ISPY2-892390_z040,ISPY2-892390,2,1,spy2,0.48625362,train,42,weighted,False
ISPY2-892390_z041,ISPY2-892390,2,1,spy2,0.4861506,train,42,weighted,False
ISPY2-666715_z013,ISPY2-666715,2,0,spy2,0.40997794,train,42,weighted,False
ISPY2-666715_z014,ISPY2-666715,2,0,spy2,0.40977728,train,42,weighted,False
ISPY2-666715_z015,ISPY2-666715,2,0,spy2,0.40960443,train,42,weighted,False
ISPY2-666715_z016,ISPY2-666715,2,0,spy2,0.40888357,train,42,weighted,False
ISPY2-666715_z017,ISPY2-666715,2,0,spy2,0.40762857,train,42,weighted,False
ISPY2-666715_z018,ISPY2-666715,2,0,spy2,0.40560475,train,42,weighted,False
ISPY2-666715_z019,ISPY2-666715,2,0,spy2,0.403307,train,42,weighted,False
ISPY2-666715_z020,ISPY2-666715,2,0,spy2,0.40358067,train,42,weighted,False
ISPY2-666715_z021,ISPY2-666715,2,0,spy2,0.40455008,train,42,weighted,False
ISPY2-666715_z022,ISPY2-666715,2,0,spy2,0.40507668,train,42,weighted,False
