sample_id,patient_id,fold,pCR,dataset,prob,split,seed,loss,smoke
ISPY1_1002_z008,ISPY1_1002,1,0,spy1,0.22031479,train,42,weighted,False
ISPY1_1002_z009,ISPY1_1002,1,0,spy1,0.19120035,train,42,weighted,False
ISPY1_1002_z010,ISPY1_1002,1,0,spy1,0.17189763,train,42,weighted,False
ISPY1_1002_z011,ISPY1_1002,1,0,spy1,0.16977148,train,42,weighted,False
ISPY1_1002_z012,ISPY1_1002,1,0,spy1,0.18085726,train,42,weighted,False
ISPY1_1002_z013,ISPY1_1002,1,0,spy1,0.18700765,train,42,weighted,False
ISPY1_1002_z014,ISPY1_1002,1,0,spy1,0.18974885,train,42,weighted,False
ISPY1_1002_z015,ISPY1_1002,1,0,spy1,0.19034722,train,42,weighted,False
ISPY1_1002_z016,ISPY1_1002,1,0,spy1,0.20943883,train,42,weighted,False
ISPY1_1002_z017,ISPY1_1002,1,0,spy1,0.22492132,train,42,weighted,False
ISPY1_1008_z016,ISPY1_1008,1,0,spy1,0.1282945,train,42,weighted,False
ISPY1_1008_z017,ISPY1_1008,1,0,spy1,0.13459124,train,42,weighted,False
ISPY1_1008_z018,ISPY1_1008,1,0,spy1,0.13565977,train,42,weighted,False
ISPY1_1008_z019,ISPY1_1008,1,0,spy1,0.13101923,train,42,weighted,False
ISPY1_1008_z020,ISPY1_1008,1,0,spy1,0.12976316,train,42,weighted,False
ISPY1_1008_z021,ISPY1_1008,1,0,spy1,0.12007274,train,42,weighted,False
ISPY1_1008_z022,ISPY1_1008,1,0,spy1,0.11494987,train,42,weighted,False
ISPY1_1008_z023,ISPY1_1008,1,0,spy1,0.1175561,train,42,weighted,False
ISPY1_1008_z024,ISPY1_1008,1,0,spy1,0.12813324,train,42,weighted,False
ISPY1_1008_z025,ISPY1_1008,1,0,spy1,0.16108954,train,42,weighted,False
ISPY1_1029_z004,ISPY1_1029,1,0,spy1,0.4930328,train,42,weighted,False
ISPY1_1029_z005,ISPY1_1029,1,0,spy1,0.49562526,train,42,weighted,False
ISPY1_1029_z006,ISPY1_1029,1,0,spy1,0.49730733,train,42,weighted,False
ISPY1_1029_z007,ISPY1_1029,1,0,spy1,0.4972183,train,42,weighted,False
ISPY1_1029_z008,ISPY1_1029,1,0,spy1,0.49818593,train,42,weighted,False
ISPY1_1029_z009,ISPY1_1029,1,0,spy1,0.49375355,train,42,weighted,False
ISPY1_1029_z010,ISPY1_1029,1,0,spy1,0.47821072,train,42,weighted,False
ISPY1_1029_z011,ISPY1_1029,1,0,spy1,0.46993992,train,42,weighted,False
ISPY1_1029_z012,ISPY1_1029,1,0,spy1,0.45866045,train,42,weighted,False
ISPY1_1029_z013,ISPY1_1029,1,0,spy1,0.45285803,train,42,weighted,False
ISPY1_1037_z009,ISPY1_1037,1,0,spy1,0.4921895,train,42,weighted,False
ISPY1_1037_z010,ISPY1_1037,1,0,spy1,0.49184906,train,42,weighted,False
ISPY1_1037_z011,ISPY1_1037,1,0,spy1,0.49221352,train,42,weighted,False
ISPY1_1037_z012,ISPY1_1037,1,0,spy1,0.49224287,train,42,weighted,False
ISPY1_1037_z013,ISPY1_1037,1,0,spy1,0.49227324,train,42,weighted,False
ISPY1_1037_z014,ISPY1_1037,1,0,spy1,0.49223974,train,42,weighted,False
ISPY1_1037_z015,ISPY1_1037,1,0,spy1,0.49225926,train,42,weighted,False
ISPY1_1037_z016,ISPY1_1037,1,0,spy1,0.49233815,train,42,weighted,False
ISPY1_1037_z017,ISPY1_1037,1,0,spy1,0.49223283,train,42,weighted,False
ISPY1_1037_z018,ISPY1_1037,1,0,spy1,0.4920588,train,42,weighted,False
ISPY1_1060_z026,ISPY1_1060,1,0,spy1,0.15720466,train,42,weighted,False
ISPY1_1060_z027,ISPY1_1060,1,0,spy1,0.15689087,train,42,weighted,False
ISPY1_1060_z028,ISPY1_1060,1,0,spy1,0.15644221,train,42,weighted,False
ISPY1_1060_z029,ISPY1_1060,1,0,spy1,0.15635392,train,42,weighted,False
ISPY1_1060_z030,ISPY1_1060,1,0,spy1,0.15579842,train,42,weighted,False
ISPY1_1060_z031,ISPY1_1060,1,0,spy1,0.15667142,train,42,weighted,False
ISPY1_1060_z032,ISPY1_1060,1,0,spy1,0.15646613,train,42,weighted,False
ISPY1_1060_z034,ISPY1_1060,1,0,spy1,0.15617667,train,42,weighted,False
ISPY1_1060_z035,ISPY1_1060,1,0,spy1,0.15608075,train,42,weighted,False
ISPY1_1060_z036,ISPY1_1060,1,0,spy1,0.15588091,train,42,weighted,False
ISPY1_1070_z009,ISPY1_1070,1,1,spy1,0.30668592,train,42,weighted,False
ISPY1_1070_z010,ISPY1_1070,1,1,spy1,0.29371318,train,42,weighted,False
ISPY1_1070_z011,ISPY1_1070,1,1,spy1,0.26773214,train,42,weighted,False
ISPY1_1070_z012,ISPY1_1070,1,1,spy1,0.24917583,train,42,weighted,False
ISPY1_1070_z013,ISPY1_1070,1,1,spy1,0.26358736,train,42,weighted,False
ISPY1_1070_z014,ISPY1_1070,1,1,spy1,0.27102846,train,42,weighted,False
ISPY1_1070_z015,ISPY1_1070,1,1,spy1,0.27793634,train,42,weighted,False
ISPY1_1070_z016,ISPY1_1070,1,1,spy1,0.28161675,train,42,weighted,False
ISPY1_1070_z017,ISPY1_1070,1,1,spy1,0.29453173,train,42,weighted,False
ISPY1_1070_z018,ISPY1_1070,1,1,spy1,0.31420153,train,42,weighted,False
ISPY1_1077_z007,ISPY1_1077,1,1,spy1,0.39365762,train,42,weighted,False
ISPY1_1077_z008,ISPY1_1077,1,1,spy1,0.39183196,train,42,weighted,False
ISPY1_1077_z009,ISPY1_1077,1,1,spy1,0.39239475,train,42,weighted,False
ISPY1_1077_z010,ISPY1_1077,1,1,spy1,0.40616152,train,42,weighted,False
ISPY1_1077_z011,ISPY1_1077,1,1,spy1,0.4173828,train,42,weighted,False
ISPY1_1077_z012,ISPY1_1077,1,1,spy1,0.39824486,train,42,weighted,False
ISPY1_1077_z013,ISPY1_1077,1,1,spy1,0.3618432,train,42,weighted,False
ISPY1_1077_z014,ISPY1_1077,1,1,spy1,0.35039046,train,42,weighted,False
ISPY1_1077_z015,ISPY1_1077,1,1,spy1,0.3638929,train,42,weighted,False
ISPY1_1077_z016,ISPY1_1077,1,1,spy1,0.38787362,train,42,weighted,False
ISPY1_1097_z007,ISPY1_1097,1,0,spy1,0.58689255,train,42,weighted,False
ISPY1_1097_z008,ISPY1_1097,1,0,spy1,0.5868568,train,42,weighted,False
ISPY1_1097_z009,ISPY1_1097,1,0,spy1,0.5867907,train,42,weighted,False
ISPY1_1097_z010,ISPY1_1097,1,0,spy1,0.586622,train,42,weighted,False
ISPY1_1097_z011,ISPY1_1097,1,0,spy1,0.5862856,train,42,weighted,False
ISPY1_1097_z012,ISPY1_1097,1,0,spy1,0.58662784,train,42,weighted,False
ISPY1_1097_z013,ISPY1_1097,1,0,spy1,0.5870545,train,42,weighted,False
ISPY1_1097_z014,ISPY1_1097,1,0,spy1,0.5862419,train,42,weighted,False
ISPY1_1097_z016,ISPY1_1097,1,0,spy1,0.5840717,train,42,weighted,False
ISPY1_1097_z017,ISPY1_1097,1,0,spy1,0.5841612,train,42,weighted,False
ISPY1_1112_z010,ISPY1_1112,1,1,spy1,0.82666177,train,42,weighted,False
ISPY1_1112_z011,ISPY1_1112,1,1,spy1,0.8222714,train,42,weighted,False
ISPY1_1112_z012,ISPY1_1112,1,1,spy1,0.79067516,train,42,weighted,False
ISPY1_1112_z013,ISPY1_1112,1,1,spy1,0.77255154,train,42,weighted,False
ISPY1_1112_z014,ISPY1_1112,1,1,spy1,0.7484718,train,42,weighted,False
ISPY1_1112_z015,ISPY1_1112,1,1,spy1,0.7900662,train,42,weighted,False
ISPY1_1112_z016,ISPY1_1112,1,1,spy1,0.78221357,train,42,weighted,False
ISPY1_1112_z017,ISPY1_1112,1,1,spy1,0.7739301,train,42,weighted,False
ISPY1_1112_z018,ISPY1_1112,1,1,spy1,0.7926248,train,42,weighted,False
ISPY1_1112_z019,ISPY1_1112,1,1,spy1,0.7853028,train,42,weighted,False
ISPY1_1122_z012,ISPY1_1122,1,0,spy1,0.7692489,train,42,weighted,False
ISPY1_1122_z013,ISPY1_1122,1,0,spy1,0.76794374,train,42,weighted,False
ISPY1_1122_z014,ISPY1_1122,1,0,spy1,0.7751258,train,42,weighted,False
ISPY1_1122_z015,ISPY1_1122,1,0,spy1,0.77585113,train,42,weighted,False
ISPY1_1122_z016,ISPY1_1122,1,0,spy1,0.77509063,train,42,weighted,False
ISPY1_1122_z017,ISPY1_1122,1,0,spy1,0.7713405,train,42,weighted,False
ISPY1_1122_z018,ISPY1_1122,1,0,spy1,0.76700276,train,42,weighted,False
ISPY1_1122_z019,ISPY1_1122,1,0,spy1,0.762511,train,42,weighted,False
ISPY1_1122_z020,ISPY1_1122,1,0,spy1,0.7554287,train,42,weighted,False
ISPY1_1122_z021,ISPY1_1122,1,0,spy1,0.7454153,train,42,weighted,False
ISPY1_1135_z010,ISPY1_1135,1,0,spy1,0.59901315,train,42,weighted,False
ISPY1_1135_z011,ISPY1_1135,1,0,spy1,0.5952564,train,42,weighted,False
ISPY1_1135_z012,ISPY1_1135,1,0,spy1,0.59154147,train,42,weighted,False
ISPY1_1135_z013,ISPY1_1135,1,0,spy1,0.58550674,train,42,weighted,False
ISPY1_1135_z014,ISPY1_1135,1,0,spy1,0.5741763,train,42,weighted,False
ISPY1_1135_z015,ISPY1_1135,1,0,spy1,0.56984913,train,42,weighted,False
ISPY1_1135_z016,ISPY1_1135,1,0,spy1,0.544153,train,42,weighted,False
ISPY1_1135_z017,ISPY1_1135,1,0,spy1,0.5409544,train,42,weighted,False
ISPY1_1135_z018,ISPY1_1135,1,0,spy1,0.5400474,train,42,weighted,False
ISPY1_1135_z019,ISPY1_1135,1,0,spy1,0.53895545,train,42,weighted,False
ISPY1_1148_z008,ISPY1_1148,1,1,spy1,0.7515413,train,42,weighted,False
ISPY1_1148_z009,ISPY1_1148,1,1,spy1,0.75814664,train,42,weighted,False
ISPY1_1148_z010,ISPY1_1148,1,1,spy1,0.7712766,train,42,weighted,False
ISPY1_1148_z011,ISPY1_1148,1,1,spy1,0.774806,train,42,weighted,False
ISPY1_1148_z012,ISPY1_1148,1,1,spy1,0.7699749,train,42,weighted,False
ISPY1_1148_z013,ISPY1_1148,1,1,spy1,0.7619641,train,42,weighted,False
ISPY1_1148_z014,ISPY1_1148,1,1,spy1,0.7801398,train,42,weighted,False
ISPY1_1148_z015,ISPY1_1148,1,1,spy1,0.7893486,train,42,weighted,False
ISPY1_1148_z016,ISPY1_1148,1,1,spy1,0.78591305,train,42,weighted,False
ISPY1_1148_z017,ISPY1_1148,1,1,spy1,0.7753746,train,42,weighted,False
ISPY1_1161_z008,ISPY1_1161,1,0,spy1,0.7173586,train,42,weighted,False
ISPY1_1161_z009,ISPY1_1161,1,0,spy1,0.69962656,train,42,weighted,False
ISPY1_1161_z010,ISPY1_1161,1,0,spy1,0.6822371,train,42,weighted,False
ISPY1_1161_z011,ISPY1_1161,1,0,spy1,0.67778325,train,42,weighted,False
ISPY1_1161_z012,ISPY1_1161,1,0,spy1,0.6865742,train,42,weighted,False
ISPY1_1161_z013,ISPY1_1161,1,0,spy1,0.70428884,train,42,weighted,False
ISPY1_1161_z014,ISPY1_1161,1,0,spy1,0.7153005,train,42,weighted,False
ISPY1_1161_z015,ISPY1_1161,1,0,spy1,0.7109448,train,42,weighted,False
ISPY1_1161_z016,ISPY1_1161,1,0,spy1,0.70690966,train,42,weighted,False
ISPY1_1161_z017,ISPY1_1161,1,0,spy1,0.7076235,train,42,weighted,False
ISPY1_1176_z008,ISPY1_1176,1,1,spy1,0.80948853,train,42,weighted,False
ISPY1_1176_z009,ISPY1_1176,1,1,spy1,0.8053784,train,42,weighted,False
ISPY1_1176_z010,ISPY1_1176,1,1,spy1,0.8039371,train,42,weighted,False
ISPY1_1176_z011,ISPY1_1176,1,1,spy1,0.8056413,train,42,weighted,False
ISPY1_1176_z012,ISPY1_1176,1,1,spy1,0.8055633,train,42,weighted,False
ISPY1_1176_z013,ISPY1_1176,1,1,spy1,0.80535364,train,42,weighted,False
ISPY1_1176_z014,ISPY1_1176,1,1,spy1,0.7976463,train,42,weighted,False
ISPY1_1176_z015,ISPY1_1176,1,1,spy1,0.79417,train,42,weighted,False
ISPY1_1176_z016,ISPY1_1176,1,1,spy1,0.78774244,train,42,weighted,False
ISPY1_1176_z017,ISPY1_1176,1,1,spy1,0.7855058,train,42,weighted,False
ISPY1_1184_z006,ISPY1_1184,1,1,spy1,0.56463766,train,42,weighted,False
ISPY1_1184_z007,ISPY1_1184,1,1,spy1,0.5656338,train,42,weighted,False
ISPY1_1184_z008,ISPY1_1184,1,1,spy1,0.56541103,train,42,weighted,False
ISPY1_1184_z009,ISPY1_1184,1,1,spy1,0.562687,train,42,weighted,False
ISPY1_1184_z010,ISPY1_1184,1,1,spy1,0.56212527,train,42,weighted,False
ISPY1_1184_z011,ISPY1_1184,1,1,spy1,0.5621559,train,42,weighted,False
ISPY1_1184_z012,ISPY1_1184,1,1,spy1,0.56216025,train,42,weighted,False
ISPY1_1184_z013,ISPY1_1184,1,1,spy1,0.5620839,train,42,weighted,False
ISPY1_1184_z014,ISPY1_1184,1,1,spy1,0.5621972,train,42,weighted,False
ISPY1_1184_z015,ISPY1_1184,1,1,spy1,0.5638295,train,42,weighted,False
ISPY1_1193_z005,ISPY1_1193,1,0,spy1,0.10139142,train,42,weighted,False
ISPY1_1193_z006,ISPY1_1193,1,0,spy1,0.10052649,train,42,weighted,False
ISPY1_1193_z007,ISPY1_1193,1,0,spy1,0.10052084,train,42,weighted,False
ISPY1_1193_z008,ISPY1_1193,1,0,spy1,0.10112059,train,42,weighted,False
ISPY1_1193_z009,ISPY1_1193,1,0,spy1,0.10135735,train,42,weighted,False
ISPY1_1193_z010,ISPY1_1193,1,0,spy1,0.101713866,train,42,weighted,False
ISPY1_1193_z011,ISPY1_1193,1,0,spy1,0.101905905,train,42,weighted,False
ISPY1_1193_z012,ISPY1_1193,1,0,spy1,0.10220803,train,42,weighted,False
ISPY1_1193_z013,ISPY1_1193,1,0,spy1,0.102288425,train,42,weighted,False
ISPY1_1193_z014,ISPY1_1193,1,0,spy1,0.102254026,train,42,weighted,False
ISPY1_1199_z025,ISPY1_1199,1,0,spy1,0.65626514,train,42,weighted,False
ISPY1_1199_z026,ISPY1_1199,1,0,spy1,0.65550566,train,42,weighted,False
ISPY1_1199_z027,ISPY1_1199,1,0,spy1,0.6548062,train,42,weighted,False
ISPY1_1199_z028,ISPY1_1199,1,0,spy1,0.6544441,train,42,weighted,False
ISPY1_1199_z029,ISPY1_1199,1,0,spy1,0.65417224,train,42,weighted,False
ISPY1_1199_z030,ISPY1_1199,1,0,spy1,0.65387905,train,42,weighted,False
ISPY1_1199_z031,ISPY1_1199,1,0,spy1,0.65387905,train,42,weighted,False
ISPY1_1199_z032,ISPY1_1199,1,0,spy1,0.65387905,train,42,weighted,False
ISPY1_1199_z033,ISPY1_1199,1,0,spy1,0.65387905,train,42,weighted,False
ISPY1_1199_z036,ISPY1_1199,1,0,spy1,0.62957066,train,42,weighted,False
ISPY1_1215_z012,ISPY1_1215,1,1,spy1,0.4520539,train,42,weighted,False
ISPY1_1215_z013,ISPY1_1215,1,1,spy1,0.4521356,train,42,weighted,False
ISPY1_1215_z017,ISPY1_1215,1,1,spy1,0.45221362,train,42,weighted,False
ISPY1_1215_z018,ISPY1_1215,1,1,spy1,0.45228004,train,42,weighted,False
ISPY1_1215_z019,ISPY1_1215,1,1,spy1,0.45215195,train,42,weighted,False
ISPY1_1215_z020,ISPY1_1215,1,1,spy1,0.45204452,train,42,weighted,False
ISPY1_1215_z021,ISPY1_1215,1,1,spy1,0.4521997,train,42,weighted,False
ISPY1_1215_z022,ISPY1_1215,1,1,spy1,0.45231086,train,42,weighted,False
ISPY1_1215_z023,ISPY1_1215,1,1,spy1,0.45231584,train,42,weighted,False
ISPY1_1215_z024,ISPY1_1215,1,1,spy1,0.4522464,train,42,weighted,False
ISPY1_1223_z004,ISPY1_1223,1,0,spy1,0.2436949,train,42,weighted,False
ISPY1_1223_z005,ISPY1_1223,1,0,spy1,0.23203333,train,42,weighted,False
ISPY1_1223_z006,ISPY1_1223,1,0,spy1,0.23003149,train,42,weighted,False
ISPY1_1223_z007,ISPY1_1223,1,0,spy1,0.23222099,train,42,weighted,False
ISPY1_1223_z008,ISPY1_1223,1,0,spy1,0.23290196,train,42,weighted,False
ISPY1_1223_z009,ISPY1_1223,1,0,spy1,0.23576152,train,42,weighted,False
ISPY1_1223_z010,ISPY1_1223,1,0,spy1,0.23624486,train,42,weighted,False
ISPY1_1223_z011,ISPY1_1223,1,0,spy1,0.24164571,train,42,weighted,False
ISPY1_1223_z012,ISPY1_1223,1,0,spy1,0.24677001,train,42,weighted,False
ISPY1_1223_z013,ISPY1_1223,1,0,spy1,0.25042602,train,42,weighted,False
ISPY1_1231_z016,ISPY1_1231,1,0,spy1,0.21178113,train,42,weighted,False
ISPY1_1231_z017,ISPY1_1231,1,0,spy1,0.20928068,train,42,weighted,False
ISPY1_1231_z018,ISPY1_1231,1,0,spy1,0.20750462,train,42,weighted,False
ISPY1_1231_z019,ISPY1_1231,1,0,spy1,0.20506363,train,42,weighted,False
ISPY1_1231_z020,ISPY1_1231,1,0,spy1,0.20355824,train,42,weighted,False
ISPY1_1231_z021,ISPY1_1231,1,0,spy1,0.20400354,train,42,weighted,False
ISPY1_1231_z022,ISPY1_1231,1,0,spy1,0.20865552,train,42,weighted,False
ISPY1_1231_z023,ISPY1_1231,1,0,spy1,0.2172486,train,42,weighted,False
ISPY1_1231_z024,ISPY1_1231,1,0,spy1,0.22958565,train,42,weighted,False
ISPY1_1231_z025,ISPY1_1231,1,0,spy1,0.2389742,train,42,weighted,False
ISPY1_1238_z016,ISPY1_1238,1,0,spy1,0.4631774,train,42,weighted,False
ISPY1_1238_z017,ISPY1_1238,1,0,spy1,0.46300787,train,42,weighted,False
ISPY1_1238_z018,ISPY1_1238,1,0,spy1,0.46233153,train,42,weighted,False
ISPY1_1238_z019,ISPY1_1238,1,0,spy1,0.46054935,train,42,weighted,False
ISPY1_1238_z020,ISPY1_1238,1,0,spy1,0.45941523,train,42,weighted,False
ISPY1_1238_z021,ISPY1_1238,1,0,spy1,0.4589002,train,42,weighted,False
ISPY1_1238_z022,ISPY1_1238,1,0,spy1,0.4563111,train,42,weighted,False
ISPY1_1238_z023,ISPY1_1238,1,0,spy1,0.44521418,train,42,weighted,False
ISPY1_1238_z024,ISPY1_1238,1,0,spy1,0.4310542,train,42,weighted,False
ISPY1_1238_z025,ISPY1_1238,1,0,spy1,0.41176847,train,42,weighted,False
Breast_MRI_010_z011,Breast_MRI_010,1,0,duke,0.55090463,train,42,weighted,False
Breast_MRI_010_z012,Breast_MRI_010,1,0,duke,0.5516335,train,42,weighted,False
Breast_MRI_010_z013,Breast_MRI_010,1,0,duke,0.55167454,train,42,weighted,False
Breast_MRI_010_z014,Breast_MRI_010,1,0,duke,0.5515361,train,42,weighted,False
Breast_MRI_010_z015,Breast_MRI_010,1,0,duke,0.55171144,train,42,weighted,False
Breast_MRI_010_z016,Breast_MRI_010,1,0,duke,0.55164534,train,42,weighted,False
Breast_MRI_010_z017,Breast_MRI_010,1,0,duke,0.55153626,train,42,weighted,False
Breast_MRI_010_z018,Breast_MRI_010,1,0,duke,0.55182976,train,42,weighted,False
Breast_MRI_010_z019,Breast_MRI_010,1,0,duke,0.5520744,train,42,weighted,False
Breast_MRI_010_z020,Breast_MRI_010,1,0,duke,0.55211544,train,42,weighted,False
Breast_MRI_019_z014,Breast_MRI_019,1,0,duke,0.29092783,train,42,weighted,False
Breast_MRI_019_z015,Breast_MRI_019,1,0,duke,0.29035985,train,42,weighted,False
Breast_MRI_019_z016,Breast_MRI_019,1,0,duke,0.28667942,train,42,weighted,False
Breast_MRI_019_z017,Breast_MRI_019,1,0,duke,0.28960204,train,42,weighted,False
Breast_MRI_019_z018,Breast_MRI_019,1,0,duke,0.29024214,train,42,weighted,False
Breast_MRI_019_z019,Breast_MRI_019,1,0,duke,0.2916136,train,42,weighted,False
Breast_MRI_019_z020,Breast_MRI_019,1,0,duke,0.29074034,train,42,weighted,False
Breast_MRI_019_z021,Breast_MRI_019,1,0,duke,0.28764093,train,42,weighted,False
Breast_MRI_019_z022,Breast_MRI_019,1,0,duke,0.28768852,train,42,weighted,False
Breast_MRI_019_z023,Breast_MRI_019,1,0,duke,0.28556323,train,42,weighted,False
Breast_MRI_046_z041,Breast_MRI_046,1,0,duke,0.2161351,train,42,weighted,False
Breast_MRI_046_z042,Breast_MRI_046,1,0,duke,0.21788923,train,42,weighted,False
Breast_MRI_046_z043,Breast_MRI_046,1,0,duke,0.21744408,train,42,weighted,False
Breast_MRI_046_z044,Breast_MRI_046,1,0,duke,0.21658523,train,42,weighted,False
Breast_MRI_046_z045,Breast_MRI_046,1,0,duke,0.21680926,train,42,weighted,False
Breast_MRI_046_z046,Breast_MRI_046,1,0,duke,0.21582785,train,42,weighted,False
Breast_MRI_046_z047,Breast_MRI_046,1,0,duke,0.21549726,train,42,weighted,False
Breast_MRI_046_z048,Breast_MRI_046,1,0,duke,0.2140864,train,42,weighted,False
Breast_MRI_046_z049,Breast_MRI_046,1,0,duke,0.21612938,train,42,weighted,False
Breast_MRI_046_z050,Breast_MRI_046,1,0,duke,0.21738002,train,42,weighted,False
Breast_MRI_064_z005,Breast_MRI_064,1,0,duke,0.63775873,train,42,weighted,False
Breast_MRI_064_z006,Breast_MRI_064,1,0,duke,0.6410582,train,42,weighted,False
Breast_MRI_064_z007,Breast_MRI_064,1,0,duke,0.6451009,train,42,weighted,False
Breast_MRI_064_z008,Breast_MRI_064,1,0,duke,0.64931357,train,42,weighted,False
Breast_MRI_064_z009,Breast_MRI_064,1,0,duke,0.647133,train,42,weighted,False
Breast_MRI_064_z010,Breast_MRI_064,1,0,duke,0.64435583,train,42,weighted,False
Breast_MRI_064_z011,Breast_MRI_064,1,0,duke,0.646402,train,42,weighted,False
Breast_MRI_064_z012,Breast_MRI_064,1,0,duke,0.6469002,train,42,weighted,False
Breast_MRI_064_z013,Breast_MRI_064,1,0,duke,0.6508162,train,42,weighted,False
Breast_MRI_064_z014,Breast_MRI_064,1,0,duke,0.6535932,train,42,weighted,False
Breast_MRI_091_z020,Breast_MRI_091,1,0,duke,0.20703422,train,42,weighted,False
Breast_MRI_091_z021,Breast_MRI_091,1,0,duke,0.20840836,train,42,weighted,False
Breast_MRI_091_z022,Breast_MRI_091,1,0,duke,0.20566116,train,42,weighted,False
Breast_MRI_091_z023,Breast_MRI_091,1,0,duke,0.20613116,train,42,weighted,False
Breast_MRI_091_z024,Breast_MRI_091,1,0,duke,0.20613271,train,42,weighted,False
Breast_MRI_091_z025,Breast_MRI_091,1,0,duke,0.20581245,train,42,weighted,False
Breast_MRI_091_z026,Breast_MRI_091,1,0,duke,0.21035096,train,42,weighted,False
Breast_MRI_091_z027,Breast_MRI_091,1,0,duke,0.21164432,train,42,weighted,False
Breast_MRI_091_z028,Breast_MRI_091,1,0,duke,0.21140027,train,42,weighted,False
Breast_MRI_091_z029,Breast_MRI_091,1,0,duke,0.20975447,train,42,weighted,False
Breast_MRI_103_z006,Breast_MRI_103,1,0,duke,0.6170292,train,42,weighted,False
Breast_MRI_103_z007,Breast_MRI_103,1,0,duke,0.61686957,train,42,weighted,False
Breast_MRI_103_z008,Breast_MRI_103,1,0,duke,0.61663914,train,42,weighted,False
Breast_MRI_103_z009,Breast_MRI_103,1,0,duke,0.61672145,train,42,weighted,False
Breast_MRI_103_z010,Breast_MRI_103,1,0,duke,0.61696714,train,42,weighted,False
Breast_MRI_103_z011,Breast_MRI_103,1,0,duke,0.6169671,train,42,weighted,False
Breast_MRI_103_z012,Breast_MRI_103,1,0,duke,0.6169539,train,42,weighted,False
Breast_MRI_103_z013,Breast_MRI_103,1,0,duke,0.61692846,train,42,weighted,False
Breast_MRI_103_z014,Breast_MRI_103,1,0,duke,0.616847,train,42,weighted,False
Breast_MRI_103_z015,Breast_MRI_103,1,0,duke,0.61665046,train,42,weighted,False
Breast_MRI_115_z009,Breast_MRI_115,1,1,duke,0.6124735,train,42,weighted,False
Breast_MRI_115_z010,Breast_MRI_115,1,1,duke,0.6133264,train,42,weighted,False
Breast_MRI_115_z011,Breast_MRI_115,1,1,duke,0.6137886,train,42,weighted,False
Breast_MRI_115_z012,Breast_MRI_115,1,1,duke,0.61381394,train,42,weighted,False
Breast_MRI_115_z013,Breast_MRI_115,1,1,duke,0.613697,train,42,weighted,False
Breast_MRI_115_z014,Breast_MRI_115,1,1,duke,0.61355406,train,42,weighted,False
Breast_MRI_115_z015,Breast_MRI_115,1,1,duke,0.6131102,train,42,weighted,False
Breast_MRI_115_z016,Breast_MRI_115,1,1,duke,0.6124013,train,42,weighted,False
Breast_MRI_115_z017,Breast_MRI_115,1,1,duke,0.6124843,train,42,weighted,False
Breast_MRI_115_z018,Breast_MRI_115,1,1,duke,0.6122507,train,42,weighted,False
Breast_MRI_134_z010,Breast_MRI_134,1,1,duke,0.70644444,train,42,weighted,False
Breast_MRI_134_z011,Breast_MRI_134,1,1,duke,0.70644104,train,42,weighted,False
Breast_MRI_134_z012,Breast_MRI_134,1,1,duke,0.70639324,train,42,weighted,False
Breast_MRI_134_z013,Breast_MRI_134,1,1,duke,0.706445,train,42,weighted,False
Breast_MRI_134_z014,Breast_MRI_134,1,1,duke,0.70640826,train,42,weighted,False
Breast_MRI_134_z015,Breast_MRI_134,1,1,duke,0.70639324,train,42,weighted,False
Breast_MRI_134_z016,Breast_MRI_134,1,1,duke,0.70639324,train,42,weighted,False
Breast_MRI_134_z017,Breast_MRI_134,1,1,duke,0.7054309,train,42,weighted,False
Breast_MRI_134_z018,Breast_MRI_134,1,1,duke,0.70212984,train,42,weighted,False
Breast_MRI_134_z019,Breast_MRI_134,1,1,duke,0.7009252,train,42,weighted,False
Breast_MRI_148_z025,Breast_MRI_148,1,0,duke,0.5231085,train,42,weighted,False
Breast_MRI_148_z026,Breast_MRI_148,1,0,duke,0.5231104,train,42,weighted,False
Breast_MRI_148_z027,Breast_MRI_148,1,0,duke,0.52298295,train,42,weighted,False
Breast_MRI_148_z028,Breast_MRI_148,1,0,duke,0.52299625,train,42,weighted,False
Breast_MRI_148_z029,Breast_MRI_148,1,0,duke,0.52316195,train,42,weighted,False
Breast_MRI_148_z030,Breast_MRI_148,1,0,duke,0.52311444,train,42,weighted,False
Breast_MRI_148_z031,Breast_MRI_148,1,0,duke,0.5232055,train,42,weighted,False
Breast_MRI_148_z032,Breast_MRI_148,1,0,duke,0.52315307,train,42,weighted,False
Breast_MRI_148_z033,Breast_MRI_148,1,0,duke,0.5231157,train,42,weighted,False
Breast_MRI_148_z034,Breast_MRI_148,1,0,duke,0.523176,train,42,weighted,False
Breast_MRI_168_z005,Breast_MRI_168,1,0,duke,0.37432352,train,42,weighted,False
Breast_MRI_168_z006,Breast_MRI_168,1,0,duke,0.37368023,train,42,weighted,False
Breast_MRI_168_z007,Breast_MRI_168,1,0,duke,0.37328154,train,42,weighted,False
Breast_MRI_168_z008,Breast_MRI_168,1,0,duke,0.37298083,train,42,weighted,False
Breast_MRI_168_z009,Breast_MRI_168,1,0,duke,0.3729465,train,42,weighted,False
Breast_MRI_168_z010,Breast_MRI_168,1,0,duke,0.3732149,train,42,weighted,False
Breast_MRI_168_z011,Breast_MRI_168,1,0,duke,0.37341663,train,42,weighted,False
Breast_MRI_168_z012,Breast_MRI_168,1,0,duke,0.37357718,train,42,weighted,False
Breast_MRI_168_z013,Breast_MRI_168,1,0,duke,0.37327734,train,42,weighted,False
Breast_MRI_168_z014,Breast_MRI_168,1,0,duke,0.37308815,train,42,weighted,False
Breast_MRI_189_z013,Breast_MRI_189,1,0,duke,0.46744743,train,42,weighted,False
Breast_MRI_189_z014,Breast_MRI_189,1,0,duke,0.47265568,train,42,weighted,False
Breast_MRI_189_z015,Breast_MRI_189,1,0,duke,0.4719615,train,42,weighted,False
Breast_MRI_189_z016,Breast_MRI_189,1,0,duke,0.47281244,train,42,weighted,False
Breast_MRI_189_z017,Breast_MRI_189,1,0,duke,0.47989178,train,42,weighted,False
Breast_MRI_189_z018,Breast_MRI_189,1,0,duke,0.47220093,train,42,weighted,False
Breast_MRI_189_z019,Breast_MRI_189,1,0,duke,0.4723307,train,42,weighted,False
Breast_MRI_189_z020,Breast_MRI_189,1,0,duke,0.46680433,train,42,weighted,False
Breast_MRI_189_z021,Breast_MRI_189,1,0,duke,0.46210364,train,42,weighted,False
Breast_MRI_189_z022,Breast_MRI_189,1,0,duke,0.4630512,train,42,weighted,False
Breast_MRI_234_z021,Breast_MRI_234,1,0,duke,0.5176581,train,42,weighted,False
Breast_MRI_234_z022,Breast_MRI_234,1,0,duke,0.5140761,train,42,weighted,False
Breast_MRI_234_z023,Breast_MRI_234,1,0,duke,0.5110441,train,42,weighted,False
Breast_MRI_234_z024,Breast_MRI_234,1,0,duke,0.5113045,train,42,weighted,False
Breast_MRI_234_z025,Breast_MRI_234,1,0,duke,0.51210135,train,42,weighted,False
Breast_MRI_234_z026,Breast_MRI_234,1,0,duke,0.51053226,train,42,weighted,False
Breast_MRI_234_z027,Breast_MRI_234,1,0,duke,0.5089767,train,42,weighted,False
Breast_MRI_234_z028,Breast_MRI_234,1,0,duke,0.50657207,train,42,weighted,False
Breast_MRI_234_z029,Breast_MRI_234,1,0,duke,0.5066511,train,42,weighted,False
Breast_MRI_234_z030,Breast_MRI_234,1,0,duke,0.5074514,train,42,weighted,False
Breast_MRI_260_z004,Breast_MRI_260,1,0,duke,0.5824923,train,42,weighted,False
Breast_MRI_260_z005,Breast_MRI_260,1,0,duke,0.58241916,train,42,weighted,False
Breast_MRI_260_z006,Breast_MRI_260,1,0,duke,0.58242965,train,42,weighted,False
Breast_MRI_260_z007,Breast_MRI_260,1,0,duke,0.58249176,train,42,weighted,False
Breast_MRI_260_z008,Breast_MRI_260,1,0,duke,0.5825968,train,42,weighted,False
Breast_MRI_260_z009,Breast_MRI_260,1,0,duke,0.58280367,train,42,weighted,False
Breast_MRI_260_z010,Breast_MRI_260,1,0,duke,0.5828598,train,42,weighted,False
Breast_MRI_260_z011,Breast_MRI_260,1,0,duke,0.5827597,train,42,weighted,False
Breast_MRI_260_z012,Breast_MRI_260,1,0,duke,0.5826806,train,42,weighted,False
Breast_MRI_260_z013,Breast_MRI_260,1,0,duke,0.5826909,train,42,weighted,False
Breast_MRI_269_z033,Breast_MRI_269,1,0,duke,0.21320364,train,42,weighted,False
Breast_MRI_269_z034,Breast_MRI_269,1,0,duke,0.21360338,train,42,weighted,False
Breast_MRI_269_z035,Breast_MRI_269,1,0,duke,0.21364947,train,42,weighted,False
Breast_MRI_269_z036,Breast_MRI_269,1,0,duke,0.21295951,train,42,weighted,False
Breast_MRI_269_z037,Breast_MRI_269,1,0,duke,0.2084858,train,42,weighted,False
Breast_MRI_269_z038,Breast_MRI_269,1,0,duke,0.20900592,train,42,weighted,False
Breast_MRI_269_z039,Breast_MRI_269,1,0,duke,0.20567295,train,42,weighted,False
Breast_MRI_269_z040,Breast_MRI_269,1,0,duke,0.20163678,train,42,weighted,False
Breast_MRI_269_z041,Breast_MRI_269,1,0,duke,0.20422697,train,42,weighted,False
Breast_MRI_269_z042,Breast_MRI_269,1,0,duke,0.20412117,train,42,weighted,False
Breast_MRI_298_z010,Breast_MRI_298,1,0,duke,0.30954736,train,42,weighted,False
Breast_MRI_298_z011,Breast_MRI_298,1,0,duke,0.30954736,train,42,weighted,False
Breast_MRI_298_z012,Breast_MRI_298,1,0,duke,0.3091247,train,42,weighted,False
Breast_MRI_298_z013,Breast_MRI_298,1,0,duke,0.30817136,train,42,weighted,False
Breast_MRI_298_z014,Breast_MRI_298,1,0,duke,0.3082964,train,42,weighted,False
Breast_MRI_298_z015,Breast_MRI_298,1,0,duke,0.30954736,train,42,weighted,False
Breast_MRI_298_z016,Breast_MRI_298,1,0,duke,0.30954736,train,42,weighted,False
Breast_MRI_298_z017,Breast_MRI_298,1,0,duke,0.30954736,train,42,weighted,False
Breast_MRI_298_z018,Breast_MRI_298,1,0,duke,0.30971548,train,42,weighted,False
Breast_MRI_298_z019,Breast_MRI_298,1,0,duke,0.31159443,train,42,weighted,False
Breast_MRI_323_z005,Breast_MRI_323,1,0,duke,0.38414982,train,42,weighted,False
Breast_MRI_323_z006,Breast_MRI_323,1,0,duke,0.38264418,train,42,weighted,False
Breast_MRI_323_z007,Breast_MRI_323,1,0,duke,0.38299242,train,42,weighted,False
Breast_MRI_323_z008,Breast_MRI_323,1,0,duke,0.38147944,train,42,weighted,False
Breast_MRI_323_z009,Breast_MRI_323,1,0,duke,0.38009796,train,42,weighted,False
Breast_MRI_323_z010,Breast_MRI_323,1,0,duke,0.37487394,train,42,weighted,False
Breast_MRI_323_z011,Breast_MRI_323,1,0,duke,0.37090564,train,42,weighted,False
Breast_MRI_323_z012,Breast_MRI_323,1,0,duke,0.36882263,train,42,weighted,False
Breast_MRI_323_z013,Breast_MRI_323,1,0,duke,0.36380762,train,42,weighted,False
Breast_MRI_323_z014,Breast_MRI_323,1,0,duke,0.36079985,train,42,weighted,False
Breast_MRI_356_z029,Breast_MRI_356,1,0,duke,0.3081793,train,42,weighted,False
Breast_MRI_356_z030,Breast_MRI_356,1,0,duke,0.30813512,train,42,weighted,False
Breast_MRI_356_z031,Breast_MRI_356,1,0,duke,0.30815053,train,42,weighted,False
Breast_MRI_356_z032,Breast_MRI_356,1,0,duke,0.3083311,train,42,weighted,False
Breast_MRI_356_z033,Breast_MRI_356,1,0,duke,0.30916554,train,42,weighted,False
Breast_MRI_356_z034,Breast_MRI_356,1,0,duke,0.3091024,train,42,weighted,False
Breast_MRI_356_z035,Breast_MRI_356,1,0,duke,0.3087364,train,42,weighted,False
Breast_MRI_356_z036,Breast_MRI_356,1,0,duke,0.30876288,train,42,weighted,False
Breast_MRI_356_z037,Breast_MRI_356,1,0,duke,0.30876294,train,42,weighted,False
Breast_MRI_356_z038,Breast_MRI_356,1,0,duke,0.30908316,train,42,weighted,False
Breast_MRI_383_z045,Breast_MRI_383,1,0,duke,0.5044212,train,42,weighted,False
Breast_MRI_383_z046,Breast_MRI_383,1,0,duke,0.50468594,train,42,weighted,False
Breast_MRI_383_z047,Breast_MRI_383,1,0,duke,0.50468594,train,42,weighted,False
Breast_MRI_383_z048,Breast_MRI_383,1,0,duke,0.503937,train,42,weighted,False
Breast_MRI_383_z049,Breast_MRI_383,1,0,duke,0.5023311,train,42,weighted,False
Breast_MRI_383_z050,Breast_MRI_383,1,0,duke,0.50103,train,42,weighted,False
Breast_MRI_383_z051,Breast_MRI_383,1,0,duke,0.49981147,train,42,weighted,False
Breast_MRI_383_z052,Breast_MRI_383,1,0,duke,0.50004315,train,42,weighted,False
Breast_MRI_383_z053,Breast_MRI_383,1,0,duke,0.4972848,train,42,weighted,False
Breast_MRI_383_z054,Breast_MRI_383,1,0,duke,0.49637628,train,42,weighted,False
Breast_MRI_398_z005,Breast_MRI_398,1,1,duke,0.7471942,train,42,weighted,False
Breast_MRI_398_z006,Breast_MRI_398,1,1,duke,0.7460045,train,42,weighted,False
Breast_MRI_398_z007,Breast_MRI_398,1,1,duke,0.7448837,train,42,weighted,False
Breast_MRI_398_z008,Breast_MRI_398,1,1,duke,0.7424618,train,42,weighted,False
Breast_MRI_398_z009,Breast_MRI_398,1,1,duke,0.73907113,train,42,weighted,False
Breast_MRI_398_z010,Breast_MRI_398,1,1,duke,0.7428127,train,42,weighted,False
Breast_MRI_398_z011,Breast_MRI_398,1,1,duke,0.73279417,train,42,weighted,False
Breast_MRI_398_z012,Breast_MRI_398,1,1,duke,0.72350866,train,42,weighted,False
Breast_MRI_398_z013,Breast_MRI_398,1,1,duke,0.72345734,train,42,weighted,False
Breast_MRI_398_z014,Breast_MRI_398,1,1,duke,0.71606797,train,42,weighted,False
Breast_MRI_424_z010,Breast_MRI_424,1,1,duke,0.63902617,train,42,weighted,False
Breast_MRI_424_z011,Breast_MRI_424,1,1,duke,0.63873905,train,42,weighted,False
Breast_MRI_424_z012,Breast_MRI_424,1,1,duke,0.6406443,train,42,weighted,False
Breast_MRI_424_z013,Breast_MRI_424,1,1,duke,0.6428933,train,42,weighted,False
Breast_MRI_424_z014,Breast_MRI_424,1,1,duke,0.644985,train,42,weighted,False
Breast_MRI_424_z015,Breast_MRI_424,1,1,duke,0.644985,train,42,weighted,False
Breast_MRI_424_z016,Breast_MRI_424,1,1,duke,0.644985,train,42,weighted,False
Breast_MRI_424_z017,Breast_MRI_424,1,1,duke,0.644985,train,42,weighted,False
Breast_MRI_424_z018,Breast_MRI_424,1,1,duke,0.644985,train,42,weighted,False
Breast_MRI_424_z019,Breast_MRI_424,1,1,duke,0.6414159,train,42,weighted,False
Breast_MRI_441_z021,Breast_MRI_441,1,0,duke,0.2571896,train,42,weighted,False
Breast_MRI_441_z022,Breast_MRI_441,1,0,duke,0.25969502,train,42,weighted,False
Breast_MRI_441_z023,Breast_MRI_441,1,0,duke,0.26166812,train,42,weighted,False
Breast_MRI_441_z024,Breast_MRI_441,1,0,duke,0.2663764,train,42,weighted,False
Breast_MRI_441_z025,Breast_MRI_441,1,0,duke,0.2682732,train,42,weighted,False
Breast_MRI_441_z026,Breast_MRI_441,1,0,duke,0.27370504,train,42,weighted,False
Breast_MRI_441_z027,Breast_MRI_441,1,0,duke,0.27436042,train,42,weighted,False
Breast_MRI_441_z028,Breast_MRI_441,1,0,duke,0.27436042,train,42,weighted,False
Breast_MRI_441_z029,Breast_MRI_441,1,0,duke,0.2743424,train,42,weighted,False
Breast_MRI_441_z030,Breast_MRI_441,1,0,duke,0.27102968,train,42,weighted,False
Breast_MRI_468_z005,Breast_MRI_468,1,0,duke,0.8399332,train,42,weighted,False
Breast_MRI_468_z006,Breast_MRI_468,1,0,duke,0.8385562,train,42,weighted,False
Breast_MRI_468_z007,Breast_MRI_468,1,0,duke,0.83736527,train,42,weighted,False
Breast_MRI_468_z008,Breast_MRI_468,1,0,duke,0.8342472,train,42,weighted,False
Breast_MRI_468_z009,Breast_MRI_468,1,0,duke,0.8335215,train,42,weighted,False
Breast_MRI_468_z010,Breast_MRI_468,1,0,duke,0.8350408,train,42,weighted,False
Breast_MRI_468_z011,Breast_MRI_468,1,0,duke,0.835426,train,42,weighted,False
Breast_MRI_468_z012,Breast_MRI_468,1,0,duke,0.8354057,train,42,weighted,False
Breast_MRI_468_z013,Breast_MRI_468,1,0,duke,0.8338462,train,42,weighted,False
Breast_MRI_468_z014,Breast_MRI_468,1,0,duke,0.83370316,train,42,weighted,False
Breast_MRI_491_z012,Breast_MRI_491,1,0,duke,0.46552,train,42,weighted,False
Breast_MRI_491_z013,Breast_MRI_491,1,0,duke,0.44803932,train,42,weighted,False
Breast_MRI_491_z014,Breast_MRI_491,1,0,duke,0.433477,train,42,weighted,False
Breast_MRI_491_z015,Breast_MRI_491,1,0,duke,0.432109,train,42,weighted,False
Breast_MRI_491_z016,Breast_MRI_491,1,0,duke,0.44804057,train,42,weighted,False
Breast_MRI_491_z017,Breast_MRI_491,1,0,duke,0.46363765,train,42,weighted,False
Breast_MRI_491_z018,Breast_MRI_491,1,0,duke,0.47397465,train,42,weighted,False
Breast_MRI_491_z019,Breast_MRI_491,1,0,duke,0.4784632,train,42,weighted,False
Breast_MRI_491_z020,Breast_MRI_491,1,0,duke,0.48232478,train,42,weighted,False
Breast_MRI_491_z021,Breast_MRI_491,1,0,duke,0.485309,train,42,weighted,False
Breast_MRI_508_z017,Breast_MRI_508,1,0,duke,0.54471517,train,42,weighted,False
Breast_MRI_508_z018,Breast_MRI_508,1,0,duke,0.54457545,train,42,weighted,False
Breast_MRI_508_z019,Breast_MRI_508,1,0,duke,0.544756,train,42,weighted,False
Breast_MRI_508_z020,Breast_MRI_508,1,0,duke,0.5450902,train,42,weighted,False
Breast_MRI_508_z021,Breast_MRI_508,1,0,duke,0.5455905,train,42,weighted,False
Breast_MRI_508_z022,Breast_MRI_508,1,0,duke,0.5456379,train,42,weighted,False
Breast_MRI_508_z023,Breast_MRI_508,1,0,duke,0.5457224,train,42,weighted,False
Breast_MRI_508_z024,Breast_MRI_508,1,0,duke,0.5456638,train,42,weighted,False
Breast_MRI_508_z025,Breast_MRI_508,1,0,duke,0.54638493,train,42,weighted,False
Breast_MRI_508_z026,Breast_MRI_508,1,0,duke,0.54708755,train,42,weighted,False
Breast_MRI_530_z013,Breast_MRI_530,1,0,duke,0.30043092,train,42,weighted,False
Breast_MRI_530_z014,Breast_MRI_530,1,0,duke,0.30143043,train,42,weighted,False
Breast_MRI_530_z015,Breast_MRI_530,1,0,duke,0.30347773,train,42,weighted,False
Breast_MRI_530_z016,Breast_MRI_530,1,0,duke,0.30156064,train,42,weighted,False
Breast_MRI_530_z017,Breast_MRI_530,1,0,duke,0.30012634,train,42,weighted,False
Breast_MRI_530_z018,Breast_MRI_530,1,0,duke,0.29775515,train,42,weighted,False
Breast_MRI_530_z019,Breast_MRI_530,1,0,duke,0.29758334,train,42,weighted,False
Breast_MRI_530_z020,Breast_MRI_530,1,0,duke,0.29211143,train,42,weighted,False
Breast_MRI_530_z021,Breast_MRI_530,1,0,duke,0.28897724,train,42,weighted,False
Breast_MRI_530_z022,Breast_MRI_530,1,0,duke,0.2888421,train,42,weighted,False
Breast_MRI_558_z005,Breast_MRI_558,1,0,duke,0.8145699,train,42,weighted,False
Breast_MRI_558_z006,Breast_MRI_558,1,0,duke,0.8171813,train,42,weighted,False
Breast_MRI_558_z007,Breast_MRI_558,1,0,duke,0.8185041,train,42,weighted,False
Breast_MRI_558_z008,Breast_MRI_558,1,0,duke,0.81979483,train,42,weighted,False
Breast_MRI_558_z009,Breast_MRI_558,1,0,duke,0.8204946,train,42,weighted,False
Breast_MRI_558_z010,Breast_MRI_558,1,0,duke,0.8204621,train,42,weighted,False
Breast_MRI_558_z011,Breast_MRI_558,1,0,duke,0.8192252,train,42,weighted,False
Breast_MRI_558_z012,Breast_MRI_558,1,0,duke,0.816876,train,42,weighted,False
Breast_MRI_558_z013,Breast_MRI_558,1,0,duke,0.81789243,train,42,weighted,False
Breast_MRI_558_z014,Breast_MRI_558,1,0,duke,0.82364565,train,42,weighted,False
Breast_MRI_568_z008,Breast_MRI_568,1,0,duke,0.5932513,train,42,weighted,False
Breast_MRI_568_z009,Breast_MRI_568,1,0,duke,0.5935322,train,42,weighted,False
Breast_MRI_568_z010,Breast_MRI_568,1,0,duke,0.5979628,train,42,weighted,False
Breast_MRI_568_z011,Breast_MRI_568,1,0,duke,0.5914522,train,42,weighted,False
Breast_MRI_568_z012,Breast_MRI_568,1,0,duke,0.59205145,train,42,weighted,False
Breast_MRI_568_z013,Breast_MRI_568,1,0,duke,0.5937197,train,42,weighted,False
Breast_MRI_568_z014,Breast_MRI_568,1,0,duke,0.5957147,train,42,weighted,False
Breast_MRI_568_z015,Breast_MRI_568,1,0,duke,0.5865278,train,42,weighted,False
Breast_MRI_568_z016,Breast_MRI_568,1,0,duke,0.5894295,train,42,weighted,False
Breast_MRI_568_z017,Breast_MRI_568,1,0,duke,0.5883256,train,42,weighted,False
Breast_MRI_595_z011,Breast_MRI_595,1,0,duke,0.2902188,train,42,weighted,False
Breast_MRI_595_z012,Breast_MRI_595,1,0,duke,0.27957416,train,42,weighted,False
Breast_MRI_595_z013,Breast_MRI_595,1,0,duke,0.2734264,train,42,weighted,False
Breast_MRI_595_z014,Breast_MRI_595,1,0,duke,0.26769766,train,42,weighted,False
Breast_MRI_595_z015,Breast_MRI_595,1,0,duke,0.2613304,train,42,weighted,False
Breast_MRI_595_z016,Breast_MRI_595,1,0,duke,0.25035006,train,42,weighted,False
Breast_MRI_595_z017,Breast_MRI_595,1,0,duke,0.2418079,train,42,weighted,False
Breast_MRI_595_z018,Breast_MRI_595,1,0,duke,0.23947906,train,42,weighted,False
Breast_MRI_595_z019,Breast_MRI_595,1,0,duke,0.23406683,train,42,weighted,False
Breast_MRI_595_z020,Breast_MRI_595,1,0,duke,0.231853,train,42,weighted,False
Breast_MRI_600_z010,Breast_MRI_600,1,0,duke,0.2892568,train,42,weighted,False
Breast_MRI_600_z011,Breast_MRI_600,1,0,duke,0.2892568,train,42,weighted,False
Breast_MRI_600_z012,Breast_MRI_600,1,0,duke,0.2892568,train,42,weighted,False
Breast_MRI_600_z013,Breast_MRI_600,1,0,duke,0.2892568,train,42,weighted,False
Breast_MRI_600_z014,Breast_MRI_600,1,0,duke,0.2892568,train,42,weighted,False
Breast_MRI_600_z015,Breast_MRI_600,1,0,duke,0.2892568,train,42,weighted,False
Breast_MRI_600_z016,Breast_MRI_600,1,0,duke,0.28520408,train,42,weighted,False
Breast_MRI_600_z017,Breast_MRI_600,1,0,duke,0.28484586,train,42,weighted,False
Breast_MRI_600_z018,Breast_MRI_600,1,0,duke,0.28701174,train,42,weighted,False
Breast_MRI_600_z019,Breast_MRI_600,1,0,duke,0.28334495,train,42,weighted,False
Breast_MRI_614_z005,Breast_MRI_614,1,1,duke,0.6294975,train,42,weighted,False
Breast_MRI_614_z006,Breast_MRI_614,1,1,duke,0.64134884,train,42,weighted,False
Breast_MRI_614_z007,Breast_MRI_614,1,1,duke,0.64392036,train,42,weighted,False
Breast_MRI_614_z008,Breast_MRI_614,1,1,duke,0.64399433,train,42,weighted,False
Breast_MRI_614_z009,Breast_MRI_614,1,1,duke,0.64671654,train,42,weighted,False
Breast_MRI_614_z010,Breast_MRI_614,1,1,duke,0.64802474,train,42,weighted,False
Breast_MRI_614_z011,Breast_MRI_614,1,1,duke,0.64382356,train,42,weighted,False
Breast_MRI_614_z012,Breast_MRI_614,1,1,duke,0.6481332,train,42,weighted,False
Breast_MRI_614_z013,Breast_MRI_614,1,1,duke,0.6493193,train,42,weighted,False
Breast_MRI_614_z014,Breast_MRI_614,1,1,duke,0.6442926,train,42,weighted,False
Breast_MRI_633_z025,Breast_MRI_633,1,1,duke,0.2840136,train,42,weighted,False
Breast_MRI_633_z026,Breast_MRI_633,1,1,duke,0.2840136,train,42,weighted,False
Breast_MRI_633_z027,Breast_MRI_633,1,1,duke,0.2840136,train,42,weighted,False
Breast_MRI_633_z028,Breast_MRI_633,1,1,duke,0.2840136,train,42,weighted,False
Breast_MRI_633_z029,Breast_MRI_633,1,1,duke,0.2840136,train,42,weighted,False
Breast_MRI_633_z030,Breast_MRI_633,1,1,duke,0.28403667,train,42,weighted,False
Breast_MRI_633_z031,Breast_MRI_633,1,1,duke,0.2840136,train,42,weighted,False
Breast_MRI_633_z032,Breast_MRI_633,1,1,duke,0.2840136,train,42,weighted,False
Breast_MRI_633_z033,Breast_MRI_633,1,1,duke,0.2840136,train,42,weighted,False
Breast_MRI_633_z034,Breast_MRI_633,1,1,duke,0.28127155,train,42,weighted,False
Breast_MRI_652_z038,Breast_MRI_652,1,1,duke,0.80050063,train,42,weighted,False
Breast_MRI_652_z039,Breast_MRI_652,1,1,duke,0.8005241,train,42,weighted,False
Breast_MRI_652_z040,Breast_MRI_652,1,1,duke,0.800515,train,42,weighted,False
Breast_MRI_652_z041,Breast_MRI_652,1,1,duke,0.8006438,train,42,weighted,False
Breast_MRI_652_z042,Breast_MRI_652,1,1,duke,0.8006692,train,42,weighted,False
Breast_MRI_652_z043,Breast_MRI_652,1,1,duke,0.80064714,train,42,weighted,False
Breast_MRI_652_z044,Breast_MRI_652,1,1,duke,0.80069596,train,42,weighted,False
Breast_MRI_652_z045,Breast_MRI_652,1,1,duke,0.8007322,train,42,weighted,False
Breast_MRI_652_z046,Breast_MRI_652,1,1,duke,0.8007545,train,42,weighted,False
Breast_MRI_652_z047,Breast_MRI_652,1,1,duke,0.80075496,train,42,weighted,False
Breast_MRI_677_z009,Breast_MRI_677,1,0,duke,0.3473168,train,42,weighted,False
Breast_MRI_677_z010,Breast_MRI_677,1,0,duke,0.34200585,train,42,weighted,False
Breast_MRI_677_z011,Breast_MRI_677,1,0,duke,0.33695352,train,42,weighted,False
Breast_MRI_677_z012,Breast_MRI_677,1,0,duke,0.33587316,train,42,weighted,False
Breast_MRI_677_z013,Breast_MRI_677,1,0,duke,0.3363967,train,42,weighted,False
Breast_MRI_677_z014,Breast_MRI_677,1,0,duke,0.33261365,train,42,weighted,False
Breast_MRI_677_z015,Breast_MRI_677,1,0,duke,0.3265655,train,42,weighted,False
Breast_MRI_677_z016,Breast_MRI_677,1,0,duke,0.3210566,train,42,weighted,False
Breast_MRI_677_z017,Breast_MRI_677,1,0,duke,0.31346083,train,42,weighted,False
Breast_MRI_677_z018,Breast_MRI_677,1,0,duke,0.3120956,train,42,weighted,False
Breast_MRI_687_z006,Breast_MRI_687,1,0,duke,0.84361684,train,42,weighted,False
Breast_MRI_687_z007,Breast_MRI_687,1,0,duke,0.8436124,train,42,weighted,False
Breast_MRI_687_z008,Breast_MRI_687,1,0,duke,0.8436124,train,42,weighted,False
Breast_MRI_687_z009,Breast_MRI_687,1,0,duke,0.8436124,train,42,weighted,False
Breast_MRI_687_z010,Breast_MRI_687,1,0,duke,0.8436124,train,42,weighted,False
Breast_MRI_687_z011,Breast_MRI_687,1,0,duke,0.8436124,train,42,weighted,False
Breast_MRI_687_z012,Breast_MRI_687,1,0,duke,0.8435983,train,42,weighted,False
Breast_MRI_687_z013,Breast_MRI_687,1,0,duke,0.8435936,train,42,weighted,False
Breast_MRI_687_z014,Breast_MRI_687,1,0,duke,0.8435977,train,42,weighted,False
Breast_MRI_687_z015,Breast_MRI_687,1,0,duke,0.84369797,train,42,weighted,False
Breast_MRI_694_z025,Breast_MRI_694,1,0,duke,0.24710983,train,42,weighted,False
Breast_MRI_694_z026,Breast_MRI_694,1,0,duke,0.24738793,train,42,weighted,False
Breast_MRI_694_z027,Breast_MRI_694,1,0,duke,0.24905734,train,42,weighted,False
Breast_MRI_694_z028,Breast_MRI_694,1,0,duke,0.24915405,train,42,weighted,False
Breast_MRI_694_z029,Breast_MRI_694,1,0,duke,0.24915405,train,42,weighted,False
Breast_MRI_694_z030,Breast_MRI_694,1,0,duke,0.24915405,train,42,weighted,False
Breast_MRI_694_z031,Breast_MRI_694,1,0,duke,0.24915405,train,42,weighted,False
Breast_MRI_694_z032,Breast_MRI_694,1,0,duke,0.24915405,train,42,weighted,False
Breast_MRI_694_z033,Breast_MRI_694,1,0,duke,0.24915405,train,42,weighted,False
Breast_MRI_694_z034,Breast_MRI_694,1,0,duke,0.24915405,train,42,weighted,False
Breast_MRI_735_z013,Breast_MRI_735,1,1,duke,0.5465324,train,42,weighted,False
Breast_MRI_735_z014,Breast_MRI_735,1,1,duke,0.54148585,train,42,weighted,False
Breast_MRI_735_z015,Breast_MRI_735,1,1,duke,0.5370424,train,42,weighted,False
Breast_MRI_735_z016,Breast_MRI_735,1,1,duke,0.53679776,train,42,weighted,False
Breast_MRI_735_z017,Breast_MRI_735,1,1,duke,0.53415227,train,42,weighted,False
Breast_MRI_735_z018,Breast_MRI_735,1,1,duke,0.53342545,train,42,weighted,False
Breast_MRI_735_z019,Breast_MRI_735,1,1,duke,0.53449905,train,42,weighted,False
Breast_MRI_735_z020,Breast_MRI_735,1,1,duke,0.53739065,train,42,weighted,False
Breast_MRI_735_z021,Breast_MRI_735,1,1,duke,0.5388441,train,42,weighted,False
Breast_MRI_735_z022,Breast_MRI_735,1,1,duke,0.53825206,train,42,weighted,False
Breast_MRI_776_z052,Breast_MRI_776,1,0,duke,0.19295084,train,42,weighted,False
Breast_MRI_776_z053,Breast_MRI_776,1,0,duke,0.19295084,train,42,weighted,False
Breast_MRI_776_z054,Breast_MRI_776,1,0,duke,0.19295084,train,42,weighted,False
Breast_MRI_776_z055,Breast_MRI_776,1,0,duke,0.19295084,train,42,weighted,False
Breast_MRI_776_z056,Breast_MRI_776,1,0,duke,0.19295084,train,42,weighted,False
Breast_MRI_776_z057,Breast_MRI_776,1,0,duke,0.19295084,train,42,weighted,False
Breast_MRI_776_z058,Breast_MRI_776,1,0,duke,0.19304667,train,42,weighted,False
Breast_MRI_776_z059,Breast_MRI_776,1,0,duke,0.19333886,train,42,weighted,False
Breast_MRI_776_z060,Breast_MRI_776,1,0,duke,0.19347228,train,42,weighted,False
Breast_MRI_776_z061,Breast_MRI_776,1,0,duke,0.19356827,train,42,weighted,False
Breast_MRI_805_z005,Breast_MRI_805,1,0,duke,0.34623408,train,42,weighted,False
Breast_MRI_805_z006,Breast_MRI_805,1,0,duke,0.3458006,train,42,weighted,False
Breast_MRI_805_z007,Breast_MRI_805,1,0,duke,0.3453632,train,42,weighted,False
Breast_MRI_805_z008,Breast_MRI_805,1,0,duke,0.34463462,train,42,weighted,False
Breast_MRI_805_z009,Breast_MRI_805,1,0,duke,0.34428057,train,42,weighted,False
Breast_MRI_805_z010,Breast_MRI_805,1,0,duke,0.3436064,train,42,weighted,False
Breast_MRI_805_z011,Breast_MRI_805,1,0,duke,0.34205854,train,42,weighted,False
Breast_MRI_805_z012,Breast_MRI_805,1,0,duke,0.34228733,train,42,weighted,False
Breast_MRI_805_z013,Breast_MRI_805,1,0,duke,0.3438147,train,42,weighted,False
Breast_MRI_805_z014,Breast_MRI_805,1,0,duke,0.34380952,train,42,weighted,False
Breast_MRI_831_z030,Breast_MRI_831,1,0,duke,0.24262315,train,42,weighted,False
Breast_MRI_831_z031,Breast_MRI_831,1,0,duke,0.24251176,train,42,weighted,False
Breast_MRI_831_z032,Breast_MRI_831,1,0,duke,0.24250585,train,42,weighted,False
Breast_MRI_831_z033,Breast_MRI_831,1,0,duke,0.24232312,train,42,weighted,False
Breast_MRI_831_z034,Breast_MRI_831,1,0,duke,0.2422401,train,42,weighted,False
Breast_MRI_831_z035,Breast_MRI_831,1,0,duke,0.24217884,train,42,weighted,False
Breast_MRI_831_z036,Breast_MRI_831,1,0,duke,0.24128675,train,42,weighted,False
Breast_MRI_831_z037,Breast_MRI_831,1,0,duke,0.24057126,train,42,weighted,False
Breast_MRI_831_z038,Breast_MRI_831,1,0,duke,0.24029054,train,42,weighted,False
Breast_MRI_831_z039,Breast_MRI_831,1,0,duke,0.24032941,train,42,weighted,False
Breast_MRI_874_z044,Breast_MRI_874,1,0,duke,0.26885667,train,42,weighted,False
Breast_MRI_874_z045,Breast_MRI_874,1,0,duke,0.26883408,train,42,weighted,False
Breast_MRI_874_z046,Breast_MRI_874,1,0,duke,0.26873618,train,42,weighted,False
Breast_MRI_874_z047,Breast_MRI_874,1,0,duke,0.26864398,train,42,weighted,False
Breast_MRI_874_z048,Breast_MRI_874,1,0,duke,0.26886672,train,42,weighted,False
Breast_MRI_874_z049,Breast_MRI_874,1,0,duke,0.26904342,train,42,weighted,False
Breast_MRI_874_z050,Breast_MRI_874,1,0,duke,0.26897284,train,42,weighted,False
Breast_MRI_874_z051,Breast_MRI_874,1,0,duke,0.2690187,train,42,weighted,False
Breast_MRI_874_z052,Breast_MRI_874,1,0,duke,0.26912266,train,42,weighted,False
Breast_MRI_874_z053,Breast_MRI_874,1,0,duke,0.26911455,train,42,weighted,False
Breast_MRI_883_z007,Breast_MRI_883,1,1,duke,0.42051658,train,42,weighted,False
Breast_MRI_883_z008,Breast_MRI_883,1,1,duke,0.41391188,train,42,weighted,False
Breast_MRI_883_z009,Breast_MRI_883,1,1,duke,0.41573584,train,42,weighted,False
Breast_MRI_883_z010,Breast_MRI_883,1,1,duke,0.41495487,train,42,weighted,False
Breast_MRI_883_z011,Breast_MRI_883,1,1,duke,0.4180664,train,42,weighted,False
Breast_MRI_883_z012,Breast_MRI_883,1,1,duke,0.41839764,train,42,weighted,False
Breast_MRI_883_z013,Breast_MRI_883,1,1,duke,0.41932997,train,42,weighted,False
Breast_MRI_883_z014,Breast_MRI_883,1,1,duke,0.41644287,train,42,weighted,False
Breast_MRI_883_z015,Breast_MRI_883,1,1,duke,0.42942628,train,42,weighted,False
Breast_MRI_883_z016,Breast_MRI_883,1,1,duke,0.42727312,train,42,weighted,False
Breast_MRI_914_z013,Breast_MRI_914,1,0,duke,0.5814303,train,42,weighted,False
Breast_MRI_914_z014,Breast_MRI_914,1,0,duke,0.5814539,train,42,weighted,False
Breast_MRI_914_z015,Breast_MRI_914,1,0,duke,0.5814177,train,42,weighted,False
Breast_MRI_914_z016,Breast_MRI_914,1,0,duke,0.58137786,train,42,weighted,False
Breast_MRI_914_z017,Breast_MRI_914,1,0,duke,0.5814066,train,42,weighted,False
Breast_MRI_914_z018,Breast_MRI_914,1,0,duke,0.58147305,train,42,weighted,False
Breast_MRI_914_z019,Breast_MRI_914,1,0,duke,0.58146024,train,42,weighted,False
Breast_MRI_914_z020,Breast_MRI_914,1,0,duke,0.5814029,train,42,weighted,False
Breast_MRI_914_z021,Breast_MRI_914,1,0,duke,0.5814707,train,42,weighted,False
Breast_MRI_914_z022,Breast_MRI_914,1,0,duke,0.5814489,train,42,weighted,False
ISPY2-615873_z040,ISPY2-615873,1,1,spy2,0.5806601,train,42,weighted,False
ISPY2-615873_z041,ISPY2-615873,1,1,spy2,0.58969814,train,42,weighted,False
ISPY2-615873_z042,ISPY2-615873,1,1,spy2,0.5951762,train,42,weighted,False
ISPY2-615873_z043,ISPY2-615873,1,1,spy2,0.59931016,train,42,weighted,False
ISPY2-615873_z044,ISPY2-615873,1,1,spy2,0.60044146,train,42,weighted,False
ISPY2-615873_z045,ISPY2-615873,1,1,spy2,0.60050815,train,42,weighted,False
ISPY2-615873_z046,ISPY2-615873,1,1,spy2,0.60284853,train,42,weighted,False
ISPY2-615873_z047,ISPY2-615873,1,1,spy2,0.6066319,train,42,weighted,False
ISPY2-615873_z048,ISPY2-615873,1,1,spy2,0.6100532,train,42,weighted,False
ISPY2-615873_z049,ISPY2-615873,1,1,spy2,0.6156036,train,42,weighted,False
ISPY2-607047_z027,ISPY2-607047,1,1,spy2,0.23927985,train,42,weighted,False
ISPY2-607047_z028,ISPY2-607047,1,1,spy2,0.23662062,train,42,weighted,False
ISPY2-607047_z029,ISPY2-607047,1,1,spy2,0.23515621,train,42,weighted,False
ISPY2-607047_z030,ISPY2-607047,1,1,spy2,0.23560745,train,42,weighted,False
ISPY2-607047_z031,ISPY2-607047,1,1,spy2,0.23526841,train,42,weighted,False
ISPY2-607047_z033,ISPY2-607047,1,1,spy2,0.23360698,train,42,weighted,False
ISPY2-607047_z034,ISPY2-607047,1,1,spy2,0.23178314,train,42,weighted,False
ISPY2-607047_z035,ISPY2-607047,1,1,spy2,0.23080328,train,42,weighted,False
ISPY2-607047_z036,ISPY2-607047,1,1,spy2,0.2308573,train,42,weighted,False
ISPY2-607047_z037,ISPY2-607047,1,1,spy2,0.22953504,train,42,weighted,False
ACRIN-6698-373346_z014,ACRIN-6698-373346,1,0,spy2,0.24889967,train,42,weighted,False
ACRIN-6698-373346_z016,ACRIN-6698-373346,1,0,spy2,0.26221916,train,42,weighted,False
ACRIN-6698-373346_z019,ACRIN-6698-373346,1,0,spy2,0.26154754,train,42,weighted,False
ACRIN-6698-373346_z020,ACRIN-6698-373346,1,0,spy2,0.26342478,train,42,weighted,False
ACRIN-6698-373346_z021,ACRIN-6698-373346,1,0,spy2,0.25936052,train,42,weighted,False
ACRIN-6698-373346_z022,ACRIN-6698-373346,1,0,spy2,0.25381604,train,42,weighted,False
ACRIN-6698-373346_z023,ACRIN-6698-373346,1,0,spy2,0.24748766,train,42,weighted,False
ACRIN-6698-373346_z024,ACRIN-6698-373346,1,0,spy2,0.2429278,train,42,weighted,False
ACRIN-6698-373346_z025,ACRIN-6698-373346,1,0,spy2,0.23632053,train,42,weighted,False
ACRIN-6698-373346_z026,ACRIN-6698-373346,1,0,spy2,0.22863086,train,42,weighted,False
ISPY2-395076_z011,ISPY2-395076,1,1,spy2,0.6259836,train,42,weighted,False
ISPY2-395076_z012,ISPY2-395076,1,1,spy2,0.6257964,train,42,weighted,False
ISPY2-395076_z013,ISPY2-395076,1,1,spy2,0.625781,train,42,weighted,False
ISPY2-395076_z014,ISPY2-395076,1,1,spy2,0.62648195,train,42,weighted,False
ISPY2-395076_z015,ISPY2-395076,1,1,spy2,0.62736875,train,42,weighted,False
ISPY2-395076_z022,ISPY2-395076,1,1,spy2,0.62375224,train,42,weighted,False
ISPY2-395076_z023,ISPY2-395076,1,1,spy2,0.62375224,train,42,weighted,False
ISPY2-395076_z024,ISPY2-395076,1,1,spy2,0.62375224,train,42,weighted,False
ISPY2-395076_z025,ISPY2-395076,1,1,spy2,0.623854,train,42,weighted,False
ISPY2-395076_z026,ISPY2-395076,1,1,spy2,0.62535554,train,42,weighted,False
ISPY2-625800_z023,ISPY2-625800,1,0,spy2,0.41230106,train,42,weighted,False
ISPY2-625800_z024,ISPY2-625800,1,0,spy2,0.41256398,train,42,weighted,False
ISPY2-625800_z025,ISPY2-625800,1,0,spy2,0.41326946,train,42,weighted,False
ISPY2-625800_z026,ISPY2-625800,1,0,spy2,0.414453,train,42,weighted,False
ISPY2-625800_z027,ISPY2-625800,1,0,spy2,0.41451177,train,42,weighted,False
ISPY2-625800_z028,ISPY2-625800,1,0,spy2,0.41448912,train,42,weighted,False
ISPY2-625800_z029,ISPY2-625800,1,0,spy2,0.4146977,train,42,weighted,False
ISPY2-625800_z030,ISPY2-625800,1,0,spy2,0.41450122,train,42,weighted,False
ISPY2-625800_z031,ISPY2-625800,1,0,spy2,0.41435996,train,42,weighted,False
ISPY2-625800_z032,ISPY2-625800,1,0,spy2,0.41396123,train,42,weighted,False
ISPY2-109623_z011,ISPY2-109623,1,0,spy2,0.33083743,train,42,weighted,False
ISPY2-109623_z012,ISPY2-109623,1,0,spy2,0.33521387,train,42,weighted,False
ISPY2-109623_z013,ISPY2-109623,1,0,spy2,0.33939385,train,42,weighted,False
ISPY2-109623_z014,ISPY2-109623,1,0,spy2,0.34358138,train,42,weighted,False
ISPY2-109623_z015,ISPY2-109623,1,0,spy2,0.34501225,train,42,weighted,False
ISPY2-109623_z016,ISPY2-109623,1,0,spy2,0.34674042,train,42,weighted,False
ISPY2-109623_z017,ISPY2-109623,1,0,spy2,0.34603223,train,42,weighted,False
ISPY2-109623_z018,ISPY2-109623,1,0,spy2,0.3479332,train,42,weighted,False
ISPY2-109623_z019,ISPY2-109623,1,0,spy2,0.3505033,train,42,weighted,False
ISPY2-109623_z020,ISPY2-109623,1,0,spy2,0.35095242,train,42,weighted,False
ISPY2-153327_z004,ISPY2-153327,1,1,spy2,0.6142791,train,42,weighted,False
ISPY2-153327_z005,ISPY2-153327,1,1,spy2,0.6142294,train,42,weighted,False
ISPY2-153327_z006,ISPY2-153327,1,1,spy2,0.6108784,train,42,weighted,False
ISPY2-153327_z007,ISPY2-153327,1,1,spy2,0.60780823,train,42,weighted,False
ISPY2-153327_z008,ISPY2-153327,1,1,spy2,0.60391885,train,42,weighted,False
ISPY2-153327_z009,ISPY2-153327,1,1,spy2,0.6028837,train,42,weighted,False
ISPY2-153327_z010,ISPY2-153327,1,1,spy2,0.6044076,train,42,weighted,False
ISPY2-153327_z011,ISPY2-153327,1,1,spy2,0.60328996,train,42,weighted,False
ISPY2-153327_z012,ISPY2-153327,1,1,spy2,0.6069473,train,42,weighted,False
ISPY2-153327_z013,ISPY2-153327,1,1,spy2,0.6143924,train,42,weighted,False
ISPY2-494296_z020,ISPY2-494296,1,0,spy2,0.24299361,train,42,weighted,False
ISPY2-494296_z021,ISPY2-494296,1,0,spy2,0.24296992,train,42,weighted,False
ISPY2-494296_z023,ISPY2-494296,1,0,spy2,0.243475,train,42,weighted,False
ISPY2-494296_z024,ISPY2-494296,1,0,spy2,0.24361333,train,42,weighted,False
ISPY2-494296_z025,ISPY2-494296,1,0,spy2,0.24366191,train,42,weighted,False
ISPY2-494296_z026,ISPY2-494296,1,0,spy2,0.24352488,train,42,weighted,False
ISPY2-494296_z027,ISPY2-494296,1,0,spy2,0.24296935,train,42,weighted,False
ISPY2-494296_z028,ISPY2-494296,1,0,spy2,0.24327764,train,42,weighted,False
ISPY2-494296_z029,ISPY2-494296,1,0,spy2,0.24271478,train,42,weighted,False
ISPY2-494296_z030,ISPY2-494296,1,0,spy2,0.24225235,train,42,weighted,False
ISPY2-196024_z025,ISPY2-196024,1,0,spy2,0.38236853,train,42,weighted,False
ISPY2-196024_z026,ISPY2-196024,1,0,spy2,0.38239554,train,42,weighted,False
ISPY2-196024_z027,ISPY2-196024,1,0,spy2,0.382395,train,42,weighted,False
ISPY2-196024_z028,ISPY2-196024,1,0,spy2,0.38239554,train,42,weighted,False
ISPY2-196024_z029,ISPY2-196024,1,0,spy2,0.38239235,train,42,weighted,False
ISPY2-196024_z030,ISPY2-196024,1,0,spy2,0.38249835,train,42,weighted,False
ISPY2-196024_z031,ISPY2-196024,1,0,spy2,0.38281164,train,42,weighted,False
ISPY2-196024_z032,ISPY2-196024,1,0,spy2,0.38332152,train,42,weighted,False
ISPY2-196024_z033,ISPY2-196024,1,0,spy2,0.3836817,train,42,weighted,False
ISPY2-196024_z034,ISPY2-196024,1,0,spy2,0.38442144,train,42,weighted,False
ACRIN-6698-884011_z006,ACRIN-6698-884011,1,0,spy2,0.26293695,train,42,weighted,False
ACRIN-6698-884011_z007,ACRIN-6698-884011,1,0,spy2,0.26270986,train,42,weighted,False
ACRIN-6698-884011_z008,ACRIN-6698-884011,1,0,spy2,0.26258063,train,42,weighted,False
ACRIN-6698-884011_z009,ACRIN-6698-884011,1,0,spy2,0.26187134,train,42,weighted,False
ACRIN-6698-884011_z010,ACRIN-6698-884011,1,0,spy2,0.2612438,train,42,weighted,False
ACRIN-6698-884011_z011,ACRIN-6698-884011,1,0,spy2,0.26095945,train,42,weighted,False
ACRIN-6698-884011_z012,ACRIN-6698-884011,1,0,spy2,0.26107863,train,42,weighted,False
ACRIN-6698-884011_z013,ACRIN-6698-884011,1,0,spy2,0.26183864,train,42,weighted,False
ACRIN-6698-884011_z014,ACRIN-6698-884011,1,0,spy2,0.26224616,train,42,weighted,False
ACRIN-6698-884011_z015,ACRIN-6698-884011,1,0,spy2,0.26228535,train,42,weighted,False
ISPY2-213328_z006,ISPY2-213328,1,1,spy2,0.69768226,train,42,weighted,False
ISPY2-213328_z007,ISPY2-213328,1,1,spy2,0.700727,train,42,weighted,False
ISPY2-213328_z008,ISPY2-213328,1,1,spy2,0.69621557,train,42,weighted,False
ISPY2-213328_z009,ISPY2-213328,1,1,spy2,0.6937827,train,42,weighted,False
ISPY2-213328_z010,ISPY2-213328,1,1,spy2,0.6923542,train,42,weighted,False
ISPY2-213328_z011,ISPY2-213328,1,1,spy2,0.6923796,train,42,weighted,False
ISPY2-213328_z012,ISPY2-213328,1,1,spy2,0.685534,train,42,weighted,False
ISPY2-213328_z013,ISPY2-213328,1,1,spy2,0.67117596,train,42,weighted,False
ISPY2-213328_z014,ISPY2-213328,1,1,spy2,0.6774398,train,42,weighted,False
ISPY2-213328_z015,ISPY2-213328,1,1,spy2,0.6847489,train,42,weighted,False
ISPY2-131595_z007,ISPY2-131595,1,0,spy2,0.22332095,train,42,weighted,False
ISPY2-131595_z008,ISPY2-131595,1,0,spy2,0.2512411,train,42,weighted,False
ISPY2-131595_z009,ISPY2-131595,1,0,spy2,0.2679963,train,42,weighted,False
ISPY2-131595_z010,ISPY2-131595,1,0,spy2,0.283033,train,42,weighted,False
ISPY2-131595_z011,ISPY2-131595,1,0,spy2,0.2974071,train,42,weighted,False
ISPY2-131595_z012,ISPY2-131595,1,0,spy2,0.32400882,train,42,weighted,False
ISPY2-131595_z013,ISPY2-131595,1,0,spy2,0.3265943,train,42,weighted,False
ISPY2-131595_z014,ISPY2-131595,1,0,spy2,0.3272301,train,42,weighted,False
ISPY2-131595_z015,ISPY2-131595,1,0,spy2,0.3286831,train,42,weighted,False
ISPY2-131595_z016,ISPY2-131595,1,0,spy2,0.32900867,train,42,weighted,False
ISPY2-279902_z006,ISPY2-279902,1,1,spy2,0.2539203,train,42,weighted,False
ISPY2-279902_z007,ISPY2-279902,1,1,spy2,0.2559451,train,42,weighted,False
ISPY2-279902_z008,ISPY2-279902,1,1,spy2,0.2622523,train,42,weighted,False
ISPY2-279902_z009,ISPY2-279902,1,1,spy2,0.26995176,train,42,weighted,False
ISPY2-279902_z010,ISPY2-279902,1,1,spy2,0.26725814,train,42,weighted,False
ISPY2-279902_z011,ISPY2-279902,1,1,spy2,0.2597974,train,42,weighted,False
ISPY2-279902_z012,ISPY2-279902,1,1,spy2,0.2663071,train,42,weighted,False
ISPY2-279902_z013,ISPY2-279902,1,1,spy2,0.27945104,train,42,weighted,False
ISPY2-279902_z014,ISPY2-279902,1,1,spy2,0.28773388,train,42,weighted,False
ISPY2-279902_z019,ISPY2-279902,1,1,spy2,0.3141229,train,42,weighted,False
ACRIN-6698-638126_z036,ACRIN-6698-638126,1,0,spy2,0.18047568,train,42,weighted,False
ACRIN-6698-638126_z037,ACRIN-6698-638126,1,0,spy2,0.18047568,train,42,weighted,False
ACRIN-6698-638126_z038,ACRIN-6698-638126,1,0,spy2,0.17826462,train,42,weighted,False
ACRIN-6698-638126_z039,ACRIN-6698-638126,1,0,spy2,0.17591813,train,42,weighted,False
ACRIN-6698-638126_z040,ACRIN-6698-638126,1,0,spy2,0.1743397,train,42,weighted,False
ACRIN-6698-638126_z041,ACRIN-6698-638126,1,0,spy2,0.1727117,train,42,weighted,False
ACRIN-6698-638126_z042,ACRIN-6698-638126,1,0,spy2,0.17453213,train,42,weighted,False
ACRIN-6698-638126_z043,ACRIN-6698-638126,1,0,spy2,0.17675261,train,42,weighted,False
ACRIN-6698-638126_z046,ACRIN-6698-638126,1,0,spy2,0.17424333,train,42,weighted,False
ACRIN-6698-638126_z047,ACRIN-6698-638126,1,0,spy2,0.17457767,train,42,weighted,False
ISPY2-311455_z007,ISPY2-311455,1,0,spy2,0.28218728,train,42,weighted,False
ISPY2-311455_z008,ISPY2-311455,1,0,spy2,0.281246,train,42,weighted,False
ISPY2-311455_z009,ISPY2-311455,1,0,spy2,0.28162766,train,42,weighted,False
ISPY2-311455_z010,ISPY2-311455,1,0,spy2,0.28173223,train,42,weighted,False
ISPY2-311455_z011,ISPY2-311455,1,0,spy2,0.28177565,train,42,weighted,False
ISPY2-311455_z012,ISPY2-311455,1,0,spy2,0.28240663,train,42,weighted,False
ISPY2-311455_z013,ISPY2-311455,1,0,spy2,0.28214815,train,42,weighted,False
ISPY2-311455_z014,ISPY2-311455,1,0,spy2,0.28169286,train,42,weighted,False
ISPY2-311455_z015,ISPY2-311455,1,0,spy2,0.28221312,train,42,weighted,False
ISPY2-311455_z016,ISPY2-311455,1,0,spy2,0.28281698,train,42,weighted,False
ACRIN-6698-663144_z014,ACRIN-6698-663144,1,0,spy2,0.25396866,train,42,weighted,False
ACRIN-6698-663144_z015,ACRIN-6698-663144,1,0,spy2,0.2531554,train,42,weighted,False
ACRIN-6698-663144_z016,ACRIN-6698-663144,1,0,spy2,0.25149193,train,42,weighted,False
ACRIN-6698-663144_z017,ACRIN-6698-663144,1,0,spy2,0.25158027,train,42,weighted,False
ACRIN-6698-663144_z018,ACRIN-6698-663144,1,0,spy2,0.26090163,train,42,weighted,False
ACRIN-6698-663144_z019,ACRIN-6698-663144,1,0,spy2,0.26653758,train,42,weighted,False
ACRIN-6698-663144_z020,ACRIN-6698-663144,1,0,spy2,0.26884314,train,42,weighted,False
ACRIN-6698-663144_z021,ACRIN-6698-663144,1,0,spy2,0.26883212,train,42,weighted,False
ACRIN-6698-663144_z022,ACRIN-6698-663144,1,0,spy2,0.2688138,train,42,weighted,False
ACRIN-6698-663144_z023,ACRIN-6698-663144,1,0,spy2,0.2687709,train,42,weighted,False
ISPY2-355292_z007,ISPY2-355292,1,0,spy2,0.30316955,train,42,weighted,False
ISPY2-355292_z008,ISPY2-355292,1,0,spy2,0.30316994,train,42,weighted,False
ISPY2-355292_z009,ISPY2-355292,1,0,spy2,0.30413434,train,42,weighted,False
ISPY2-355292_z010,ISPY2-355292,1,0,spy2,0.30472487,train,42,weighted,False
ISPY2-355292_z011,ISPY2-355292,1,0,spy2,0.30482158,train,42,weighted,False
ISPY2-355292_z012,ISPY2-355292,1,0,spy2,0.30501273,train,42,weighted,False
ISPY2-355292_z013,ISPY2-355292,1,0,spy2,0.30511567,train,42,weighted,False
ISPY2-355292_z014,ISPY2-355292,1,0,spy2,0.3052492,train,42,weighted,False
ISPY2-355292_z015,ISPY2-355292,1,0,spy2,0.30539063,train,42,weighted,False
ISPY2-355292_z016,ISPY2-355292,1,0,spy2,0.30560392,train,42,weighted,False
ISPY2-708387_z016,ISPY2-708387,1,1,spy2,0.66236246,train,42,weighted,False
ISPY2-708387_z017,ISPY2-708387,1,1,spy2,0.66236246,train,42,weighted,False
ISPY2-708387_z018,ISPY2-708387,1,1,spy2,0.66236246,train,42,weighted,False
ISPY2-708387_z019,ISPY2-708387,1,1,spy2,0.66236246,train,42,weighted,False
ISPY2-708387_z020,ISPY2-708387,1,1,spy2,0.66236246,train,42,weighted,False
ISPY2-708387_z021,ISPY2-708387,1,1,spy2,0.66236246,train,42,weighted,False
ISPY2-708387_z022,ISPY2-708387,1,1,spy2,0.66220546,train,42,weighted,False
ISPY2-708387_z023,ISPY2-708387,1,1,spy2,0.66236246,train,42,weighted,False
ISPY2-708387_z024,ISPY2-708387,1,1,spy2,0.66236246,train,42,weighted,False
ISPY2-708387_z026,ISPY2-708387,1,1,spy2,0.66236246,train,42,weighted,False
ISPY2-735673_z014,ISPY2-735673,1,0,spy2,0.19434586,train,42,weighted,False
ISPY2-735673_z015,ISPY2-735673,1,0,spy2,0.19434838,train,42,weighted,False
ISPY2-735673_z016,ISPY2-735673,1,0,spy2,0.19445126,train,42,weighted,False
ISPY2-735673_z017,ISPY2-735673,1,0,spy2,0.194607,train,42,weighted,False
ISPY2-735673_z018,ISPY2-735673,1,0,spy2,0.19463347,train,42,weighted,False
ISPY2-735673_z019,ISPY2-735673,1,0,spy2,0.19387329,train,42,weighted,False
ISPY2-735673_z020,ISPY2-735673,1,0,spy2,0.19371621,train,42,weighted,False
ISPY2-735673_z021,ISPY2-735673,1,0,spy2,0.19381586,train,42,weighted,False
ISPY2-735673_z022,ISPY2-735673,1,0,spy2,0.1939642,train,42,weighted,False
ISPY2-735673_z023,ISPY2-735673,1,0,spy2,0.19401419,train,42,weighted,False
ACRIN-6698-139973_z009,ACRIN-6698-139973,1,0,spy2,0.32488436,train,42,weighted,False
ACRIN-6698-139973_z010,ACRIN-6698-139973,1,0,spy2,0.3254596,train,42,weighted,False
ACRIN-6698-139973_z011,ACRIN-6698-139973,1,0,spy2,0.32487002,train,42,weighted,False
ACRIN-6698-139973_z012,ACRIN-6698-139973,1,0,spy2,0.32477757,train,42,weighted,False
ACRIN-6698-139973_z013,ACRIN-6698-139973,1,0,spy2,0.32477757,train,42,weighted,False
ACRIN-6698-139973_z014,ACRIN-6698-139973,1,0,spy2,0.32561165,train,42,weighted,False
ACRIN-6698-139973_z015,ACRIN-6698-139973,1,0,spy2,0.32611498,train,42,weighted,False
ACRIN-6698-139973_z016,ACRIN-6698-139973,1,0,spy2,0.32539183,train,42,weighted,False
ACRIN-6698-139973_z018,ACRIN-6698-139973,1,0,spy2,0.32846162,train,42,weighted,False
ACRIN-6698-139973_z019,ACRIN-6698-139973,1,0,spy2,0.32834148,train,42,weighted,False
ACRIN-6698-963604_z021,ACRIN-6698-963604,1,0,spy2,0.18548687,train,42,weighted,False
ACRIN-6698-963604_z022,ACRIN-6698-963604,1,0,spy2,0.1880236,train,42,weighted,False
ACRIN-6698-963604_z023,ACRIN-6698-963604,1,0,spy2,0.1834838,train,42,weighted,False
ACRIN-6698-963604_z024,ACRIN-6698-963604,1,0,spy2,0.18830436,train,42,weighted,False
ACRIN-6698-963604_z025,ACRIN-6698-963604,1,0,spy2,0.19166176,train,42,weighted,False
ACRIN-6698-963604_z026,ACRIN-6698-963604,1,0,spy2,0.19505154,train,42,weighted,False
ACRIN-6698-963604_z027,ACRIN-6698-963604,1,0,spy2,0.20961888,train,42,weighted,False
ACRIN-6698-963604_z028,ACRIN-6698-963604,1,0,spy2,0.22195171,train,42,weighted,False
ACRIN-6698-963604_z029,ACRIN-6698-963604,1,0,spy2,0.22260307,train,42,weighted,False
ACRIN-6698-963604_z030,ACRIN-6698-963604,1,0,spy2,0.22545968,train,42,weighted,False
ISPY2-227832_z029,ISPY2-227832,1,0,spy2,0.42383274,train,42,weighted,False
ISPY2-227832_z030,ISPY2-227832,1,0,spy2,0.4199934,train,42,weighted,False
ISPY2-227832_z031,ISPY2-227832,1,0,spy2,0.4167168,train,42,weighted,False
ISPY2-227832_z032,ISPY2-227832,1,0,spy2,0.41326135,train,42,weighted,False
ISPY2-227832_z033,ISPY2-227832,1,0,spy2,0.41147175,train,42,weighted,False
ISPY2-227832_z034,ISPY2-227832,1,0,spy2,0.41113847,train,42,weighted,False
ISPY2-227832_z035,ISPY2-227832,1,0,spy2,0.41161612,train,42,weighted,False
ISPY2-227832_z036,ISPY2-227832,1,0,spy2,0.41201466,train,42,weighted,False
ISPY2-227832_z037,ISPY2-227832,1,0,spy2,0.41253635,train,42,weighted,False
ISPY2-227832_z038,ISPY2-227832,1,0,spy2,0.4137377,train,42,weighted,False
ISPY2-247641_z004,ISPY2-247641,1,0,spy2,0.5754656,train,42,weighted,False
ISPY2-247641_z005,ISPY2-247641,1,0,spy2,0.57547396,train,42,weighted,False
ISPY2-247641_z006,ISPY2-247641,1,0,spy2,0.57549673,train,42,weighted,False
ISPY2-247641_z007,ISPY2-247641,1,0,spy2,0.5755157,train,42,weighted,False
ISPY2-247641_z008,ISPY2-247641,1,0,spy2,0.5752248,train,42,weighted,False
ISPY2-247641_z009,ISPY2-247641,1,0,spy2,0.5717244,train,42,weighted,False
ISPY2-247641_z010,ISPY2-247641,1,0,spy2,0.57143503,train,42,weighted,False
ISPY2-247641_z011,ISPY2-247641,1,0,spy2,0.57143503,train,42,weighted,False
ISPY2-247641_z012,ISPY2-247641,1,0,spy2,0.5714645,train,42,weighted,False
ISPY2-247641_z013,ISPY2-247641,1,0,spy2,0.5746577,train,42,weighted,False
ISPY2-703401_z006,ISPY2-703401,1,0,spy2,0.37583992,train,42,weighted,False
ISPY2-703401_z007,ISPY2-703401,1,0,spy2,0.37635425,train,42,weighted,False
ISPY2-703401_z008,ISPY2-703401,1,0,spy2,0.37545678,train,42,weighted,False
ISPY2-703401_z009,ISPY2-703401,1,0,spy2,0.3754743,train,42,weighted,False
ISPY2-703401_z010,ISPY2-703401,1,0,spy2,0.37492293,train,42,weighted,False
ISPY2-703401_z011,ISPY2-703401,1,0,spy2,0.36594123,train,42,weighted,False
ISPY2-703401_z012,ISPY2-703401,1,0,spy2,0.36202088,train,42,weighted,False
ISPY2-703401_z013,ISPY2-703401,1,0,spy2,0.3524672,train,42,weighted,False
ISPY2-703401_z014,ISPY2-703401,1,0,spy2,0.3595381,train,42,weighted,False
ISPY2-703401_z015,ISPY2-703401,1,0,spy2,0.37646127,train,42,weighted,False
ACRIN-6698-285339_z020,ACRIN-6698-285339,1,1,spy2,0.76665306,train,42,weighted,False
ACRIN-6698-285339_z021,ACRIN-6698-285339,1,1,spy2,0.7665967,train,42,weighted,False
ACRIN-6698-285339_z022,ACRIN-6698-285339,1,1,spy2,0.7665434,train,42,weighted,False
ACRIN-6698-285339_z023,ACRIN-6698-285339,1,1,spy2,0.766376,train,42,weighted,False
ACRIN-6698-285339_z024,ACRIN-6698-285339,1,1,spy2,0.76637006,train,42,weighted,False
ACRIN-6698-285339_z025,ACRIN-6698-285339,1,1,spy2,0.7664172,train,42,weighted,False
ACRIN-6698-285339_z026,ACRIN-6698-285339,1,1,spy2,0.7663824,train,42,weighted,False
ACRIN-6698-285339_z027,ACRIN-6698-285339,1,1,spy2,0.7663594,train,42,weighted,False
ACRIN-6698-285339_z028,ACRIN-6698-285339,1,1,spy2,0.76627004,train,42,weighted,False
ACRIN-6698-285339_z029,ACRIN-6698-285339,1,1,spy2,0.76632047,train,42,weighted,False
ISPY2-164468_z030,ISPY2-164468,1,0,spy2,0.44171017,train,42,weighted,False
ISPY2-164468_z031,ISPY2-164468,1,0,spy2,0.43956485,train,42,weighted,False
ISPY2-164468_z032,ISPY2-164468,1,0,spy2,0.43852413,train,42,weighted,False
ISPY2-164468_z033,ISPY2-164468,1,0,spy2,0.42682272,train,42,weighted,False
ISPY2-164468_z034,ISPY2-164468,1,0,spy2,0.4250444,train,42,weighted,False
ISPY2-164468_z035,ISPY2-164468,1,0,spy2,0.41949183,train,42,weighted,False
ISPY2-164468_z036,ISPY2-164468,1,0,spy2,0.43991745,train,42,weighted,False
ISPY2-164468_z037,ISPY2-164468,1,0,spy2,0.45247468,train,42,weighted,False
ISPY2-164468_z038,ISPY2-164468,1,0,spy2,0.45862564,train,42,weighted,False
ISPY2-164468_z039,ISPY2-164468,1,0,spy2,0.46319425,train,42,weighted,False
ISPY2-483667_z027,ISPY2-483667,1,0,spy2,0.4014829,train,42,weighted,False
ISPY2-483667_z028,ISPY2-483667,1,0,spy2,0.39862,train,42,weighted,False
ISPY2-483667_z029,ISPY2-483667,1,0,spy2,0.3994894,train,42,weighted,False
ISPY2-483667_z031,ISPY2-483667,1,0,spy2,0.4036264,train,42,weighted,False
ISPY2-483667_z032,ISPY2-483667,1,0,spy2,0.40430316,train,42,weighted,False
ISPY2-483667_z033,ISPY2-483667,1,0,spy2,0.39751244,train,42,weighted,False
ISPY2-483667_z034,ISPY2-483667,1,0,spy2,0.3872345,train,42,weighted,False
ISPY2-483667_z035,ISPY2-483667,1,0,spy2,0.37699553,train,42,weighted,False
ISPY2-483667_z037,ISPY2-483667,1,0,spy2,0.38229614,train,42,weighted,False
ISPY2-483667_z038,ISPY2-483667,1,0,spy2,0.3847755,train,42,weighted,False
ACRIN-6698-793155_z006,ACRIN-6698-793155,1,0,spy2,0.18171479,train,42,weighted,False
ACRIN-6698-793155_z007,ACRIN-6698-793155,1,0,spy2,0.18733895,train,42,weighted,False
ACRIN-6698-793155_z008,ACRIN-6698-793155,1,0,spy2,0.19385488,train,42,weighted,False
ACRIN-6698-793155_z009,ACRIN-6698-793155,1,0,spy2,0.19894844,train,42,weighted,False
ACRIN-6698-793155_z010,ACRIN-6698-793155,1,0,spy2,0.20302531,train,42,weighted,False
ACRIN-6698-793155_z011,ACRIN-6698-793155,1,0,spy2,0.21208362,train,42,weighted,False
ACRIN-6698-793155_z012,ACRIN-6698-793155,1,0,spy2,0.21551019,train,42,weighted,False
ACRIN-6698-793155_z013,ACRIN-6698-793155,1,0,spy2,0.22387932,train,42,weighted,False
ACRIN-6698-793155_z014,ACRIN-6698-793155,1,0,spy2,0.22984886,train,42,weighted,False
ACRIN-6698-793155_z015,ACRIN-6698-793155,1,0,spy2,0.2338552,train,42,weighted,False
ACRIN-6698-490805_z003,ACRIN-6698-490805,1,1,spy2,0.6341341,train,42,weighted,False
ACRIN-6698-490805_z004,ACRIN-6698-490805,1,1,spy2,0.63629866,train,42,weighted,False
ACRIN-6698-490805_z005,ACRIN-6698-490805,1,1,spy2,0.64008695,train,42,weighted,False
ACRIN-6698-490805_z006,ACRIN-6698-490805,1,1,spy2,0.64008695,train,42,weighted,False
ACRIN-6698-490805_z007,ACRIN-6698-490805,1,1,spy2,0.6382713,train,42,weighted,False
ACRIN-6698-490805_z008,ACRIN-6698-490805,1,1,spy2,0.6373654,train,42,weighted,False
ACRIN-6698-490805_z009,ACRIN-6698-490805,1,1,spy2,0.6379744,train,42,weighted,False
ACRIN-6698-490805_z010,ACRIN-6698-490805,1,1,spy2,0.6320368,train,42,weighted,False
ACRIN-6698-490805_z011,ACRIN-6698-490805,1,1,spy2,0.6352982,train,42,weighted,False
ACRIN-6698-490805_z012,ACRIN-6698-490805,1,1,spy2,0.64008695,train,42,weighted,False
ISPY2-891645_z009,ISPY2-891645,1,0,spy2,0.8693194,train,42,weighted,False
ISPY2-891645_z010,ISPY2-891645,1,0,spy2,0.864651,train,42,weighted,False
ISPY2-891645_z011,ISPY2-891645,1,0,spy2,0.86121935,train,42,weighted,False
ISPY2-891645_z012,ISPY2-891645,1,0,spy2,0.85998493,train,42,weighted,False
ISPY2-891645_z013,ISPY2-891645,1,0,spy2,0.8616466,train,42,weighted,False
ISPY2-891645_z014,ISPY2-891645,1,0,spy2,0.8672933,train,42,weighted,False
ISPY2-891645_z015,ISPY2-891645,1,0,spy2,0.8704616,train,42,weighted,False
ISPY2-891645_z016,ISPY2-891645,1,0,spy2,0.8704616,train,42,weighted,False
ISPY2-891645_z017,ISPY2-891645,1,0,spy2,0.8704616,train,42,weighted,False
ISPY2-891645_z018,ISPY2-891645,1,0,spy2,0.8704924,train,42,weighted,False
ISPY2-527581_z014,ISPY2-527581,1,0,spy2,0.526366,train,42,weighted,False
ISPY2-527581_z015,ISPY2-527581,1,0,spy2,0.5245741,train,42,weighted,False
ISPY2-527581_z016,ISPY2-527581,1,0,spy2,0.51947457,train,42,weighted,False
ISPY2-527581_z017,ISPY2-527581,1,0,spy2,0.51721627,train,42,weighted,False
ISPY2-527581_z018,ISPY2-527581,1,0,spy2,0.5197459,train,42,weighted,False
ISPY2-527581_z019,ISPY2-527581,1,0,spy2,0.5224306,train,42,weighted,False
ISPY2-527581_z020,ISPY2-527581,1,0,spy2,0.5235131,train,42,weighted,False
ISPY2-527581_z021,ISPY2-527581,1,0,spy2,0.526099,train,42,weighted,False
ISPY2-527581_z022,ISPY2-527581,1,0,spy2,0.52536964,train,42,weighted,False
ISPY2-527581_z023,ISPY2-527581,1,0,spy2,0.5237602,train,42,weighted,False
ISPY2-410083_z005,ISPY2-410083,1,1,spy2,0.82968795,train,42,weighted,False
ISPY2-410083_z006,ISPY2-410083,1,1,spy2,0.8293957,train,42,weighted,False
ISPY2-410083_z007,ISPY2-410083,1,1,spy2,0.82787055,train,42,weighted,False
ISPY2-410083_z008,ISPY2-410083,1,1,spy2,0.8271979,train,42,weighted,False
ISPY2-410083_z009,ISPY2-410083,1,1,spy2,0.8270846,train,42,weighted,False
ISPY2-410083_z010,ISPY2-410083,1,1,spy2,0.82758355,train,42,weighted,False
ISPY2-410083_z011,ISPY2-410083,1,1,spy2,0.82760227,train,42,weighted,False
ISPY2-410083_z012,ISPY2-410083,1,1,spy2,0.82825524,train,42,weighted,False
ISPY2-410083_z013,ISPY2-410083,1,1,spy2,0.8287069,train,42,weighted,False
ISPY2-410083_z017,ISPY2-410083,1,1,spy2,0.82957405,train,42,weighted,False
ISPY2-830486_z025,ISPY2-830486,1,0,spy2,0.65476847,train,42,weighted,False
ISPY2-830486_z026,ISPY2-830486,1,0,spy2,0.65527344,train,42,weighted,False
ISPY2-830486_z027,ISPY2-830486,1,0,spy2,0.6569178,train,42,weighted,False
ISPY2-830486_z028,ISPY2-830486,1,0,spy2,0.6579726,train,42,weighted,False
ISPY2-830486_z029,ISPY2-830486,1,0,spy2,0.6580574,train,42,weighted,False
ISPY2-830486_z030,ISPY2-830486,1,0,spy2,0.6581167,train,42,weighted,False
ISPY2-830486_z031,ISPY2-830486,1,0,spy2,0.6581982,train,42,weighted,False
ISPY2-830486_z032,ISPY2-830486,1,0,spy2,0.65821755,train,42,weighted,False
ISPY2-830486_z033,ISPY2-830486,1,0,spy2,0.65825796,train,42,weighted,False
ISPY2-830486_z034,ISPY2-830486,1,0,spy2,0.6582836,train,42,weighted,False
ISPY2-510543_z014,ISPY2-510543,1,0,spy2,0.24613865,train,42,weighted,False
ISPY2-510543_z015,ISPY2-510543,1,0,spy2,0.24732001,train,42,weighted,False
ISPY2-510543_z016,ISPY2-510543,1,0,spy2,0.24677022,train,42,weighted,False
ISPY2-510543_z017,ISPY2-510543,1,0,spy2,0.24434237,train,42,weighted,False
ISPY2-510543_z018,ISPY2-510543,1,0,spy2,0.24270672,train,42,weighted,False
ISPY2-510543_z019,ISPY2-510543,1,0,spy2,0.23928228,train,42,weighted,False
ISPY2-510543_z020,ISPY2-510543,1,0,spy2,0.23656115,train,42,weighted,False
ISPY2-510543_z021,ISPY2-510543,1,0,spy2,0.23364873,train,42,weighted,False
ISPY2-510543_z022,ISPY2-510543,1,0,spy2,0.23133749,train,42,weighted,False
ISPY2-510543_z023,ISPY2-510543,1,0,spy2,0.23162386,train,42,weighted,False
ISPY2-477994_z014,ISPY2-477994,1,1,spy2,0.5835572,train,42,weighted,False
ISPY2-477994_z015,ISPY2-477994,1,1,spy2,0.5835572,train,42,weighted,False
ISPY2-477994_z016,ISPY2-477994,1,1,spy2,0.5835572,train,42,weighted,False
ISPY2-477994_z017,ISPY2-477994,1,1,spy2,0.5835572,train,42,weighted,False
ISPY2-477994_z018,ISPY2-477994,1,1,spy2,0.5835572,train,42,weighted,False
ISPY2-477994_z019,ISPY2-477994,1,1,spy2,0.58374065,train,42,weighted,False
ISPY2-477994_z025,ISPY2-477994,1,1,spy2,0.58318865,train,42,weighted,False
ISPY2-477994_z026,ISPY2-477994,1,1,spy2,0.5773221,train,42,weighted,False
ISPY2-477994_z027,ISPY2-477994,1,1,spy2,0.573867,train,42,weighted,False
ISPY2-477994_z028,ISPY2-477994,1,1,spy2,0.57301265,train,42,weighted,False
ACRIN-6698-913527_z012,ACRIN-6698-913527,1,0,spy2,0.62342006,train,42,weighted,False
ACRIN-6698-913527_z013,ACRIN-6698-913527,1,0,spy2,0.62344736,train,42,weighted,False
ACRIN-6698-913527_z014,ACRIN-6698-913527,1,0,spy2,0.62360615,train,42,weighted,False
ACRIN-6698-913527_z015,ACRIN-6698-913527,1,0,spy2,0.6236358,train,42,weighted,False
ACRIN-6698-913527_z016,ACRIN-6698-913527,1,0,spy2,0.6235919,train,42,weighted,False
ACRIN-6698-913527_z017,ACRIN-6698-913527,1,0,spy2,0.6235559,train,42,weighted,False
ACRIN-6698-913527_z018,ACRIN-6698-913527,1,0,spy2,0.62347513,train,42,weighted,False
ACRIN-6698-913527_z019,ACRIN-6698-913527,1,0,spy2,0.62359476,train,42,weighted,False
ACRIN-6698-913527_z020,ACRIN-6698-913527,1,0,spy2,0.6236813,train,42,weighted,False
ACRIN-6698-913527_z021,ACRIN-6698-913527,1,0,spy2,0.6239649,train,42,weighted,False
ISPY2-259899_z022,ISPY2-259899,1,0,spy2,0.5829659,train,42,weighted,False
ISPY2-259899_z023,ISPY2-259899,1,0,spy2,0.58292615,train,42,weighted,False
ISPY2-259899_z024,ISPY2-259899,1,0,spy2,0.5829683,train,42,weighted,False
ISPY2-259899_z025,ISPY2-259899,1,0,spy2,0.5829955,train,42,weighted,False
ISPY2-259899_z026,ISPY2-259899,1,0,spy2,0.58295465,train,42,weighted,False
ISPY2-259899_z027,ISPY2-259899,1,0,spy2,0.58297044,train,42,weighted,False
ISPY2-259899_z028,ISPY2-259899,1,0,spy2,0.58298564,train,42,weighted,False
ISPY2-259899_z029,ISPY2-259899,1,0,spy2,0.58298475,train,42,weighted,False
ISPY2-259899_z030,ISPY2-259899,1,0,spy2,0.58298814,train,42,weighted,False
ISPY2-259899_z031,ISPY2-259899,1,0,spy2,0.58299816,train,42,weighted,False
ACRIN-6698-866660_z014,ACRIN-6698-866660,1,0,spy2,0.29019606,train,42,weighted,False
ACRIN-6698-866660_z015,ACRIN-6698-866660,1,0,spy2,0.29093498,train,42,weighted,False
ACRIN-6698-866660_z016,ACRIN-6698-866660,1,0,spy2,0.29119942,train,42,weighted,False
ACRIN-6698-866660_z017,ACRIN-6698-866660,1,0,spy2,0.29141292,train,42,weighted,False
ACRIN-6698-866660_z018,ACRIN-6698-866660,1,0,spy2,0.29161623,train,42,weighted,False
ACRIN-6698-866660_z021,ACRIN-6698-866660,1,0,spy2,0.29153523,train,42,weighted,False
ACRIN-6698-866660_z022,ACRIN-6698-866660,1,0,spy2,0.29139444,train,42,weighted,False
ACRIN-6698-866660_z023,ACRIN-6698-866660,1,0,spy2,0.2914151,train,42,weighted,False
ACRIN-6698-866660_z024,ACRIN-6698-866660,1,0,spy2,0.2915294,train,42,weighted,False
ACRIN-6698-866660_z025,ACRIN-6698-866660,1,0,spy2,0.29144418,train,42,weighted,False
ISPY2-550157_z006,ISPY2-550157,1,1,spy2,0.5427197,train,42,weighted,False
ISPY2-550157_z007,ISPY2-550157,1,1,spy2,0.5429069,train,42,weighted,False
ISPY2-550157_z008,ISPY2-550157,1,1,spy2,0.5428933,train,42,weighted,False
ISPY2-550157_z009,ISPY2-550157,1,1,spy2,0.5427319,train,42,weighted,False
ISPY2-550157_z010,ISPY2-550157,1,1,spy2,0.5425282,train,42,weighted,False
ISPY2-550157_z011,ISPY2-550157,1,1,spy2,0.542088,train,42,weighted,False
ISPY2-550157_z012,ISPY2-550157,1,1,spy2,0.54149556,train,42,weighted,False
ISPY2-550157_z013,ISPY2-550157,1,1,spy2,0.54119843,train,42,weighted,False
ISPY2-550157_z014,ISPY2-550157,1,1,spy2,0.54096794,train,42,weighted,False
ISPY2-550157_z015,ISPY2-550157,1,1,spy2,0.54135793,train,42,weighted,False
ACRIN-6698-188700_z017,ACRIN-6698-188700,1,1,spy2,0.58483917,train,42,weighted,False
ACRIN-6698-188700_z018,ACRIN-6698-188700,1,1,spy2,0.5848351,train,42,weighted,False
ACRIN-6698-188700_z019,ACRIN-6698-188700,1,1,spy2,0.58539873,train,42,weighted,False
ACRIN-6698-188700_z020,ACRIN-6698-188700,1,1,spy2,0.58597237,train,42,weighted,False
ACRIN-6698-188700_z021,ACRIN-6698-188700,1,1,spy2,0.5862408,train,42,weighted,False
ACRIN-6698-188700_z022,ACRIN-6698-188700,1,1,spy2,0.5864859,train,42,weighted,False
ACRIN-6698-188700_z023,ACRIN-6698-188700,1,1,spy2,0.58658123,train,42,weighted,False
ACRIN-6698-188700_z024,ACRIN-6698-188700,1,1,spy2,0.58656126,train,42,weighted,False
ACRIN-6698-188700_z025,ACRIN-6698-188700,1,1,spy2,0.58696634,train,42,weighted,False
ACRIN-6698-188700_z026,ACRIN-6698-188700,1,1,spy2,0.587575,train,42,weighted,False
ISPY2-504838_z032,ISPY2-504838,1,0,spy2,0.51923984,train,42,weighted,False
ISPY2-504838_z033,ISPY2-504838,1,0,spy2,0.5192506,train,42,weighted,False
ISPY2-504838_z034,ISPY2-504838,1,0,spy2,0.5192743,train,42,weighted,False
ISPY2-504838_z035,ISPY2-504838,1,0,spy2,0.5192231,train,42,weighted,False
ISPY2-504838_z036,ISPY2-504838,1,0,spy2,0.519199,train,42,weighted,False
ISPY2-504838_z037,ISPY2-504838,1,0,spy2,0.5192187,train,42,weighted,False
ISPY2-504838_z038,ISPY2-504838,1,0,spy2,0.5192127,train,42,weighted,False
ISPY2-504838_z039,ISPY2-504838,1,0,spy2,0.5191677,train,42,weighted,False
ISPY2-504838_z040,ISPY2-504838,1,0,spy2,0.5191771,train,42,weighted,False
ISPY2-504838_z041,ISPY2-504838,1,0,spy2,0.5193007,train,42,weighted,False
ISPY2-122287_z039,ISPY2-122287,1,1,spy2,0.38042948,train,42,weighted,False
ISPY2-122287_z040,ISPY2-122287,1,1,spy2,0.38045546,train,42,weighted,False
ISPY2-122287_z041,ISPY2-122287,1,1,spy2,0.3804802,train,42,weighted,False
ISPY2-122287_z042,ISPY2-122287,1,1,spy2,0.38046476,train,42,weighted,False
ISPY2-122287_z043,ISPY2-122287,1,1,spy2,0.3803766,train,42,weighted,False
ISPY2-122287_z044,ISPY2-122287,1,1,spy2,0.37969303,train,42,weighted,False
ISPY2-122287_z045,ISPY2-122287,1,1,spy2,0.37913537,train,42,weighted,False
ISPY2-122287_z046,ISPY2-122287,1,1,spy2,0.37922573,train,42,weighted,False
ISPY2-122287_z047,ISPY2-122287,1,1,spy2,0.37922728,train,42,weighted,False
ISPY2-122287_z048,ISPY2-122287,1,1,spy2,0.3791633,train,42,weighted,False
ISPY2-894491_z028,ISPY2-894491,1,0,spy2,0.22993882,train,42,weighted,False
ISPY2-894491_z029,ISPY2-894491,1,0,spy2,0.22993882,train,42,weighted,False
ISPY2-894491_z030,ISPY2-894491,1,0,spy2,0.22993882,train,42,weighted,False
ISPY2-894491_z031,ISPY2-894491,1,0,spy2,0.22993882,train,42,weighted,False
ISPY2-894491_z032,ISPY2-894491,1,0,spy2,0.22993882,train,42,weighted,False
ISPY2-894491_z033,ISPY2-894491,1,0,spy2,0.22993882,train,42,weighted,False
ISPY2-894491_z034,ISPY2-894491,1,0,spy2,0.22993882,train,42,weighted,False
ISPY2-894491_z035,ISPY2-894491,1,0,spy2,0.22948565,train,42,weighted,False
ISPY2-894491_z036,ISPY2-894491,1,0,spy2,0.22793104,train,42,weighted,False
ISPY2-894491_z037,ISPY2-894491,1,0,spy2,0.2273673,train,42,weighted,False
ISPY2-489194_z007,ISPY2-489194,1,1,spy2,0.3723748,train,42,weighted,False
ISPY2-489194_z008,ISPY2-489194,1,1,spy2,0.37850794,train,42,weighted,False
ISPY2-489194_z009,ISPY2-489194,1,1,spy2,0.37850794,train,42,weighted,False
ISPY2-489194_z010,ISPY2-489194,1,1,spy2,0.37850794,train,42,weighted,False
ISPY2-489194_z011,ISPY2-489194,1,1,spy2,0.3784811,train,42,weighted,False
ISPY2-489194_z012,ISPY2-489194,1,1,spy2,0.3751868,train,42,weighted,False
ISPY2-489194_z013,ISPY2-489194,1,1,spy2,0.37220177,train,42,weighted,False
ISPY2-489194_z014,ISPY2-489194,1,1,spy2,0.36807844,train,42,weighted,False
ISPY2-489194_z015,ISPY2-489194,1,1,spy2,0.358237,train,42,weighted,False
ISPY2-489194_z016,ISPY2-489194,1,1,spy2,0.3570974,train,42,weighted,False
ISPY2-674897_z002,ISPY2-674897,1,0,spy2,0.6769225,train,42,weighted,False
ISPY2-674897_z003,ISPY2-674897,1,0,spy2,0.67613363,train,42,weighted,False
ISPY2-674897_z004,ISPY2-674897,1,0,spy2,0.675738,train,42,weighted,False
ISPY2-674897_z005,ISPY2-674897,1,0,spy2,0.6748877,train,42,weighted,False
ISPY2-674897_z006,ISPY2-674897,1,0,spy2,0.67466974,train,42,weighted,False
ISPY2-674897_z007,ISPY2-674897,1,0,spy2,0.6743254,train,42,weighted,False
ISPY2-674897_z008,ISPY2-674897,1,0,spy2,0.67415905,train,42,weighted,False
ISPY2-674897_z009,ISPY2-674897,1,0,spy2,0.67415905,train,42,weighted,False
ISPY2-674897_z010,ISPY2-674897,1,0,spy2,0.6745026,train,42,weighted,False
ISPY2-674897_z011,ISPY2-674897,1,0,spy2,0.674818,train,42,weighted,False
ACRIN-6698-991818_z011,ACRIN-6698-991818,1,1,spy2,0.52827066,train,42,weighted,False
ACRIN-6698-991818_z012,ACRIN-6698-991818,1,1,spy2,0.52758825,train,42,weighted,False
ACRIN-6698-991818_z013,ACRIN-6698-991818,1,1,spy2,0.52758825,train,42,weighted,False
ACRIN-6698-991818_z014,ACRIN-6698-991818,1,1,spy2,0.5278366,train,42,weighted,False
ACRIN-6698-991818_z015,ACRIN-6698-991818,1,1,spy2,0.53001297,train,42,weighted,False
ACRIN-6698-991818_z016,ACRIN-6698-991818,1,1,spy2,0.5309902,train,42,weighted,False
ACRIN-6698-991818_z017,ACRIN-6698-991818,1,1,spy2,0.53009063,train,42,weighted,False
ACRIN-6698-991818_z018,ACRIN-6698-991818,1,1,spy2,0.53128177,train,42,weighted,False
ACRIN-6698-991818_z019,ACRIN-6698-991818,1,1,spy2,0.5321218,train,42,weighted,False
ACRIN-6698-991818_z020,ACRIN-6698-991818,1,1,spy2,0.53228307,train,42,weighted,False
ISPY2-157270_z023,ISPY2-157270,1,0,spy2,0.5102108,train,42,weighted,False
ISPY2-157270_z024,ISPY2-157270,1,0,spy2,0.5101788,train,42,weighted,False
ISPY2-157270_z025,ISPY2-157270,1,0,spy2,0.51016325,train,42,weighted,False
ISPY2-157270_z030,ISPY2-157270,1,0,spy2,0.5105268,train,42,weighted,False
ISPY2-157270_z031,ISPY2-157270,1,0,spy2,0.51037574,train,42,weighted,False
ISPY2-157270_z032,ISPY2-157270,1,0,spy2,0.510473,train,42,weighted,False
ISPY2-157270_z033,ISPY2-157270,1,0,spy2,0.51051456,train,42,weighted,False
ISPY2-157270_z034,ISPY2-157270,1,0,spy2,0.5104297,train,42,weighted,False
ISPY2-157270_z035,ISPY2-157270,1,0,spy2,0.510495,train,42,weighted,False
ISPY2-157270_z036,ISPY2-157270,1,0,spy2,0.51057684,train,42,weighted,False
ISPY2-943879_z018,ISPY2-943879,1,1,spy2,0.6014272,train,42,weighted,False
ISPY2-943879_z019,ISPY2-943879,1,1,spy2,0.6008628,train,42,weighted,False
ISPY2-943879_z020,ISPY2-943879,1,1,spy2,0.6008628,train,42,weighted,False
ISPY2-943879_z021,ISPY2-943879,1,1,spy2,0.6008628,train,42,weighted,False
ISPY2-943879_z022,ISPY2-943879,1,1,spy2,0.59998304,train,42,weighted,False
ISPY2-943879_z023,ISPY2-943879,1,1,spy2,0.6008628,train,42,weighted,False
ISPY2-943879_z024,ISPY2-943879,1,1,spy2,0.6008628,train,42,weighted,False
ISPY2-943879_z025,ISPY2-943879,1,1,spy2,0.6008628,train,42,weighted,False
ISPY2-943879_z026,ISPY2-943879,1,1,spy2,0.6008628,train,42,weighted,False
ISPY2-943879_z027,ISPY2-943879,1,1,spy2,0.6013746,train,42,weighted,False
ISPY2-601489_z067,ISPY2-601489,1,0,spy2,0.6389456,train,42,weighted,False
ISPY2-601489_z068,ISPY2-601489,1,0,spy2,0.63916415,train,42,weighted,False
ISPY2-601489_z069,ISPY2-601489,1,0,spy2,0.638964,train,42,weighted,False
ISPY2-601489_z070,ISPY2-601489,1,0,spy2,0.6384761,train,42,weighted,False
ISPY2-601489_z071,ISPY2-601489,1,0,spy2,0.6381143,train,42,weighted,False
ISPY2-601489_z072,ISPY2-601489,1,0,spy2,0.63806367,train,42,weighted,False
ISPY2-601489_z073,ISPY2-601489,1,0,spy2,0.63807464,train,42,weighted,False
ISPY2-601489_z074,ISPY2-601489,1,0,spy2,0.63821495,train,42,weighted,False
ISPY2-601489_z076,ISPY2-601489,1,0,spy2,0.6392817,train,42,weighted,False
ISPY2-601489_z077,ISPY2-601489,1,0,spy2,0.6403554,train,42,weighted,False
ISPY2-415039_z044,ISPY2-415039,1,0,spy2,0.44713894,train,42,weighted,False
ISPY2-415039_z045,ISPY2-415039,1,0,spy2,0.4474077,train,42,weighted,False
ISPY2-415039_z046,ISPY2-415039,1,0,spy2,0.4474625,train,42,weighted,False
ISPY2-415039_z047,ISPY2-415039,1,0,spy2,0.44756106,train,42,weighted,False
ISPY2-415039_z048,ISPY2-415039,1,0,spy2,0.44762853,train,42,weighted,False
ISPY2-415039_z049,ISPY2-415039,1,0,spy2,0.44760638,train,42,weighted,False
ISPY2-415039_z050,ISPY2-415039,1,0,spy2,0.44761768,train,42,weighted,False
ISPY2-415039_z051,ISPY2-415039,1,0,spy2,0.44755942,train,42,weighted,False
ISPY2-415039_z052,ISPY2-415039,1,0,spy2,0.44752914,train,42,weighted,False
ISPY2-415039_z053,ISPY2-415039,1,0,spy2,0.44736952,train,42,weighted,False
ISPY2-930853_z021,ISPY2-930853,1,1,spy2,0.37130108,train,42,weighted,False
ISPY2-930853_z022,ISPY2-930853,1,1,spy2,0.3773535,train,42,weighted,False
ISPY2-930853_z023,ISPY2-930853,1,1,spy2,0.37788007,train,42,weighted,False
ISPY2-930853_z024,ISPY2-930853,1,1,spy2,0.37800786,train,42,weighted,False
ISPY2-930853_z025,ISPY2-930853,1,1,spy2,0.3781182,train,42,weighted,False
ISPY2-930853_z026,ISPY2-930853,1,1,spy2,0.37886876,train,42,weighted,False
ISPY2-930853_z027,ISPY2-930853,1,1,spy2,0.38001344,train,42,weighted,False
ISPY2-930853_z028,ISPY2-930853,1,1,spy2,0.3808496,train,42,weighted,False
ISPY2-930853_z029,ISPY2-930853,1,1,spy2,0.381168,train,42,weighted,False
ISPY2-930853_z030,ISPY2-930853,1,1,spy2,0.38140002,train,42,weighted,False
ACRIN-6698-409288_z008,ACRIN-6698-409288,1,0,spy2,0.5364117,train,42,weighted,False
ACRIN-6698-409288_z009,ACRIN-6698-409288,1,0,spy2,0.53851014,train,42,weighted,False
ACRIN-6698-409288_z010,ACRIN-6698-409288,1,0,spy2,0.5381972,train,42,weighted,False
ACRIN-6698-409288_z011,ACRIN-6698-409288,1,0,spy2,0.5370322,train,42,weighted,False
ACRIN-6698-409288_z012,ACRIN-6698-409288,1,0,spy2,0.5355456,train,42,weighted,False
ACRIN-6698-409288_z013,ACRIN-6698-409288,1,0,spy2,0.53445596,train,42,weighted,False
ACRIN-6698-409288_z014,ACRIN-6698-409288,1,0,spy2,0.5357319,train,42,weighted,False
ACRIN-6698-409288_z015,ACRIN-6698-409288,1,0,spy2,0.5345476,train,42,weighted,False
ACRIN-6698-409288_z016,ACRIN-6698-409288,1,0,spy2,0.53544515,train,42,weighted,False
ACRIN-6698-409288_z017,ACRIN-6698-409288,1,0,spy2,0.53607684,train,42,weighted,False
ISPY2-714205_z014,ISPY2-714205,1,1,spy2,0.5310417,train,42,weighted,False
ISPY2-714205_z015,ISPY2-714205,1,1,spy2,0.52367604,train,42,weighted,False
ISPY2-714205_z016,ISPY2-714205,1,1,spy2,0.51725894,train,42,weighted,False
ISPY2-714205_z017,ISPY2-714205,1,1,spy2,0.5109641,train,42,weighted,False
ISPY2-714205_z018,ISPY2-714205,1,1,spy2,0.5064045,train,42,weighted,False
ISPY2-714205_z019,ISPY2-714205,1,1,spy2,0.50922227,train,42,weighted,False
ISPY2-714205_z020,ISPY2-714205,1,1,spy2,0.5168473,train,42,weighted,False
ISPY2-714205_z021,ISPY2-714205,1,1,spy2,0.5241594,train,42,weighted,False
ISPY2-714205_z022,ISPY2-714205,1,1,spy2,0.5293173,train,42,weighted,False
ISPY2-714205_z023,ISPY2-714205,1,1,spy2,0.5307818,train,42,weighted,False
ACRIN-6698-296123_z019,ACRIN-6698-296123,1,1,spy2,0.6029144,train,42,weighted,False
ACRIN-6698-296123_z021,ACRIN-6698-296123,1,1,spy2,0.5965592,train,42,weighted,False
ACRIN-6698-296123_z022,ACRIN-6698-296123,1,1,spy2,0.5958055,train,42,weighted,False
ACRIN-6698-296123_z023,ACRIN-6698-296123,1,1,spy2,0.5965431,train,42,weighted,False
ACRIN-6698-296123_z024,ACRIN-6698-296123,1,1,spy2,0.59732926,train,42,weighted,False
ACRIN-6698-296123_z025,ACRIN-6698-296123,1,1,spy2,0.5934707,train,42,weighted,False
ACRIN-6698-296123_z026,ACRIN-6698-296123,1,1,spy2,0.5864749,train,42,weighted,False
ACRIN-6698-296123_z027,ACRIN-6698-296123,1,1,spy2,0.5778786,train,42,weighted,False
ACRIN-6698-296123_z028,ACRIN-6698-296123,1,1,spy2,0.577613,train,42,weighted,False
ACRIN-6698-296123_z029,ACRIN-6698-296123,1,1,spy2,0.58548874,train,42,weighted,False
ISPY2-759418_z006,ISPY2-759418,1,0,spy2,0.30635604,train,42,weighted,False
ISPY2-759418_z007,ISPY2-759418,1,0,spy2,0.3062318,train,42,weighted,False
ISPY2-759418_z008,ISPY2-759418,1,0,spy2,0.30626032,train,42,weighted,False
ISPY2-759418_z009,ISPY2-759418,1,0,spy2,0.3063132,train,42,weighted,False
ISPY2-759418_z010,ISPY2-759418,1,0,spy2,0.306507,train,42,weighted,False
ISPY2-759418_z011,ISPY2-759418,1,0,spy2,0.30705017,train,42,weighted,False
ISPY2-759418_z012,ISPY2-759418,1,0,spy2,0.3080656,train,42,weighted,False
ISPY2-759418_z013,ISPY2-759418,1,0,spy2,0.30890703,train,42,weighted,False
ISPY2-759418_z014,ISPY2-759418,1,0,spy2,0.31000516,train,42,weighted,False
ISPY2-759418_z015,ISPY2-759418,1,0,spy2,0.31043756,train,42,weighted,False
ACRIN-6698-760901_z011,ACRIN-6698-760901,1,1,spy2,0.607873,train,42,weighted,False
ACRIN-6698-760901_z012,ACRIN-6698-760901,1,1,spy2,0.6135977,train,42,weighted,False
ACRIN-6698-760901_z013,ACRIN-6698-760901,1,1,spy2,0.61845833,train,42,weighted,False
ACRIN-6698-760901_z014,ACRIN-6698-760901,1,1,spy2,0.62109154,train,42,weighted,False
ACRIN-6698-760901_z015,ACRIN-6698-760901,1,1,spy2,0.6230226,train,42,weighted,False
ACRIN-6698-760901_z016,ACRIN-6698-760901,1,1,spy2,0.6268674,train,42,weighted,False
ACRIN-6698-760901_z017,ACRIN-6698-760901,1,1,spy2,0.63064533,train,42,weighted,False
ACRIN-6698-760901_z018,ACRIN-6698-760901,1,1,spy2,0.63251054,train,42,weighted,False
ACRIN-6698-760901_z019,ACRIN-6698-760901,1,1,spy2,0.63251054,train,42,weighted,False
ACRIN-6698-760901_z020,ACRIN-6698-760901,1,1,spy2,0.63251054,train,42,weighted,False
ACRIN-6698-748583_z003,ACRIN-6698-748583,1,0,spy2,0.2728452,train,42,weighted,False
ACRIN-6698-748583_z004,ACRIN-6698-748583,1,0,spy2,0.2728452,train,42,weighted,False
ACRIN-6698-748583_z005,ACRIN-6698-748583,1,0,spy2,0.2728452,train,42,weighted,False
ACRIN-6698-748583_z006,ACRIN-6698-748583,1,0,spy2,0.26978093,train,42,weighted,False
ACRIN-6698-748583_z007,ACRIN-6698-748583,1,0,spy2,0.25922358,train,42,weighted,False
ACRIN-6698-748583_z008,ACRIN-6698-748583,1,0,spy2,0.25836453,train,42,weighted,False
ACRIN-6698-748583_z009,ACRIN-6698-748583,1,0,spy2,0.2583407,train,42,weighted,False
ACRIN-6698-748583_z010,ACRIN-6698-748583,1,0,spy2,0.26385078,train,42,weighted,False
ACRIN-6698-748583_z011,ACRIN-6698-748583,1,0,spy2,0.26931828,train,42,weighted,False
ACRIN-6698-748583_z012,ACRIN-6698-748583,1,0,spy2,0.2728452,train,42,weighted,False
ISPY2-655703_z013,ISPY2-655703,1,0,spy2,0.3051903,train,42,weighted,False
ISPY2-655703_z014,ISPY2-655703,1,0,spy2,0.30424243,train,42,weighted,False
ISPY2-655703_z015,ISPY2-655703,1,0,spy2,0.3046316,train,42,weighted,False
ISPY2-655703_z016,ISPY2-655703,1,0,spy2,0.30764684,train,42,weighted,False
ISPY2-655703_z017,ISPY2-655703,1,0,spy2,0.31157678,train,42,weighted,False
ISPY2-655703_z018,ISPY2-655703,1,0,spy2,0.3205144,train,42,weighted,False
ISPY2-655703_z019,ISPY2-655703,1,0,spy2,0.32462472,train,42,weighted,False
ISPY2-655703_z020,ISPY2-655703,1,0,spy2,0.3246059,train,42,weighted,False
ISPY2-655703_z021,ISPY2-655703,1,0,spy2,0.32502654,train,42,weighted,False
ISPY2-655703_z022,ISPY2-655703,1,0,spy2,0.32525796,train,42,weighted,False
ISPY2-201831_z009,ISPY2-201831,1,1,spy2,0.675581,train,42,weighted,False
ISPY2-201831_z010,ISPY2-201831,1,1,spy2,0.6787717,train,42,weighted,False
ISPY2-201831_z011,ISPY2-201831,1,1,spy2,0.6762455,train,42,weighted,False
ISPY2-201831_z012,ISPY2-201831,1,1,spy2,0.67350173,train,42,weighted,False
ISPY2-201831_z013,ISPY2-201831,1,1,spy2,0.67282456,train,42,weighted,False
ISPY2-201831_z014,ISPY2-201831,1,1,spy2,0.67230654,train,42,weighted,False
ISPY2-201831_z015,ISPY2-201831,1,1,spy2,0.66814214,train,42,weighted,False
ISPY2-201831_z016,ISPY2-201831,1,1,spy2,0.65797627,train,42,weighted,False
ISPY2-201831_z017,ISPY2-201831,1,1,spy2,0.6547512,train,42,weighted,False
ISPY2-201831_z018,ISPY2-201831,1,1,spy2,0.66307414,train,42,weighted,False
ISPY2-687733_z006,ISPY2-687733,1,0,spy2,0.26131564,train,42,weighted,False
ISPY2-687733_z007,ISPY2-687733,1,0,spy2,0.2612536,train,42,weighted,False
ISPY2-687733_z008,ISPY2-687733,1,0,spy2,0.26118937,train,42,weighted,False
ISPY2-687733_z009,ISPY2-687733,1,0,spy2,0.26102865,train,42,weighted,False
ISPY2-687733_z010,ISPY2-687733,1,0,spy2,0.2608535,train,42,weighted,False
ISPY2-687733_z011,ISPY2-687733,1,0,spy2,0.2607611,train,42,weighted,False
ISPY2-687733_z012,ISPY2-687733,1,0,spy2,0.2607408,train,42,weighted,False
ISPY2-687733_z013,ISPY2-687733,1,0,spy2,0.26072928,train,42,weighted,False
ISPY2-687733_z014,ISPY2-687733,1,0,spy2,0.26068535,train,42,weighted,False
ISPY2-687733_z015,ISPY2-687733,1,0,spy2,0.26107177,train,42,weighted,False
ACRIN-6698-275034_z008,ACRIN-6698-275034,1,1,spy2,0.6697945,train,42,weighted,False
ACRIN-6698-275034_z009,ACRIN-6698-275034,1,1,spy2,0.6687195,train,42,weighted,False
ACRIN-6698-275034_z010,ACRIN-6698-275034,1,1,spy2,0.6675736,train,42,weighted,False
ACRIN-6698-275034_z011,ACRIN-6698-275034,1,1,spy2,0.66651064,train,42,weighted,False
ACRIN-6698-275034_z012,ACRIN-6698-275034,1,1,spy2,0.6660842,train,42,weighted,False
ACRIN-6698-275034_z013,ACRIN-6698-275034,1,1,spy2,0.663575,train,42,weighted,False
ACRIN-6698-275034_z014,ACRIN-6698-275034,1,1,spy2,0.6601102,train,42,weighted,False
ACRIN-6698-275034_z015,ACRIN-6698-275034,1,1,spy2,0.656391,train,42,weighted,False
ACRIN-6698-275034_z016,ACRIN-6698-275034,1,1,spy2,0.65354246,train,42,weighted,False
ACRIN-6698-275034_z017,ACRIN-6698-275034,1,1,spy2,0.6518796,train,42,weighted,False
ACRIN-6698-219545_z024,ACRIN-6698-219545,1,0,spy2,0.5228836,train,42,weighted,False
ACRIN-6698-219545_z025,ACRIN-6698-219545,1,0,spy2,0.52146006,train,42,weighted,False
ACRIN-6698-219545_z026,ACRIN-6698-219545,1,0,spy2,0.5217363,train,42,weighted,False
ACRIN-6698-219545_z027,ACRIN-6698-219545,1,0,spy2,0.5207823,train,42,weighted,False
ACRIN-6698-219545_z028,ACRIN-6698-219545,1,0,spy2,0.5183271,train,42,weighted,False
ACRIN-6698-219545_z029,ACRIN-6698-219545,1,0,spy2,0.5245879,train,42,weighted,False
ACRIN-6698-219545_z030,ACRIN-6698-219545,1,0,spy2,0.52542335,train,42,weighted,False
ACRIN-6698-219545_z031,ACRIN-6698-219545,1,0,spy2,0.5191015,train,42,weighted,False
ACRIN-6698-219545_z032,ACRIN-6698-219545,1,0,spy2,0.51630056,train,42,weighted,False
ACRIN-6698-219545_z033,ACRIN-6698-219545,1,0,spy2,0.5190007,train,42,weighted,False
ACRIN-6698-721099_z015,ACRIN-6698-721099,1,0,spy2,0.55527145,train,42,weighted,False
ACRIN-6698-721099_z016,ACRIN-6698-721099,1,0,spy2,0.55543643,train,42,weighted,False
ACRIN-6698-721099_z017,ACRIN-6698-721099,1,0,spy2,0.55099785,train,42,weighted,False
ACRIN-6698-721099_z018,ACRIN-6698-721099,1,0,spy2,0.5433164,train,42,weighted,False
ACRIN-6698-721099_z019,ACRIN-6698-721099,1,0,spy2,0.5419002,train,42,weighted,False
ACRIN-6698-721099_z020,ACRIN-6698-721099,1,0,spy2,0.547253,train,42,weighted,False
ACRIN-6698-721099_z021,ACRIN-6698-721099,1,0,spy2,0.55386317,train,42,weighted,False
ACRIN-6698-721099_z022,ACRIN-6698-721099,1,0,spy2,0.55903494,train,42,weighted,False
ACRIN-6698-721099_z023,ACRIN-6698-721099,1,0,spy2,0.5618672,train,42,weighted,False
ACRIN-6698-721099_z024,ACRIN-6698-721099,1,0,spy2,0.5651725,train,42,weighted,False
ACRIN-6698-653927_z006,ACRIN-6698-653927,1,1,spy2,0.5909562,train,42,weighted,False
ACRIN-6698-653927_z007,ACRIN-6698-653927,1,1,spy2,0.58983904,train,42,weighted,False
ACRIN-6698-653927_z008,ACRIN-6698-653927,1,1,spy2,0.5899814,train,42,weighted,False
ACRIN-6698-653927_z009,ACRIN-6698-653927,1,1,spy2,0.59318775,train,42,weighted,False
ACRIN-6698-653927_z010,ACRIN-6698-653927,1,1,spy2,0.59188,train,42,weighted,False
ACRIN-6698-653927_z011,ACRIN-6698-653927,1,1,spy2,0.5995067,train,42,weighted,False
ACRIN-6698-653927_z013,ACRIN-6698-653927,1,1,spy2,0.60851854,train,42,weighted,False
ACRIN-6698-653927_z014,ACRIN-6698-653927,1,1,spy2,0.61073947,train,42,weighted,False
ACRIN-6698-653927_z015,ACRIN-6698-653927,1,1,spy2,0.6132593,train,42,weighted,False
ACRIN-6698-653927_z016,ACRIN-6698-653927,1,1,spy2,0.61233914,train,42,weighted,False
ISPY2-318293_z007,ISPY2-318293,1,0,spy2,0.34450272,train,42,weighted,False
ISPY2-318293_z008,ISPY2-318293,1,0,spy2,0.3443951,train,42,weighted,False
ISPY2-318293_z009,ISPY2-318293,1,0,spy2,0.34432346,train,42,weighted,False
ISPY2-318293_z010,ISPY2-318293,1,0,spy2,0.34436175,train,42,weighted,False
ISPY2-318293_z011,ISPY2-318293,1,0,spy2,0.34446225,train,42,weighted,False
ISPY2-318293_z012,ISPY2-318293,1,0,spy2,0.34434682,train,42,weighted,False
ISPY2-318293_z013,ISPY2-318293,1,0,spy2,0.34428063,train,42,weighted,False
ISPY2-318293_z014,ISPY2-318293,1,0,spy2,0.34425372,train,42,weighted,False
ISPY2-318293_z015,ISPY2-318293,1,0,spy2,0.34419003,train,42,weighted,False
ISPY2-318293_z016,ISPY2-318293,1,0,spy2,0.34412256,train,42,weighted,False
ISPY2-539904_z002,ISPY2-539904,1,0,spy2,0.5075677,train,42,weighted,False
ISPY2-539904_z004,ISPY2-539904,1,0,spy2,0.507085,train,42,weighted,False
ISPY2-539904_z010,ISPY2-539904,1,0,spy2,0.52915657,train,42,weighted,False
ISPY2-539904_z011,ISPY2-539904,1,0,spy2,0.52829725,train,42,weighted,False
ISPY2-539904_z012,ISPY2-539904,1,0,spy2,0.5293838,train,42,weighted,False
ISPY2-539904_z013,ISPY2-539904,1,0,spy2,0.5293838,train,42,weighted,False
ISPY2-539904_z014,ISPY2-539904,1,0,spy2,0.5293838,train,42,weighted,False
ISPY2-539904_z015,ISPY2-539904,1,0,spy2,0.5296017,train,42,weighted,False
ISPY2-539904_z016,ISPY2-539904,1,0,spy2,0.530442,train,42,weighted,False
ISPY2-539904_z017,ISPY2-539904,1,0,spy2,0.5321067,train,42,weighted,False
ACRIN-6698-104268_z009,ACRIN-6698-104268,1,0,spy2,0.5179012,train,42,weighted,False
ACRIN-6698-104268_z010,ACRIN-6698-104268,1,0,spy2,0.5215871,train,42,weighted,False
ACRIN-6698-104268_z011,ACRIN-6698-104268,1,0,spy2,0.5262885,train,42,weighted,False
ACRIN-6698-104268_z012,ACRIN-6698-104268,1,0,spy2,0.52913743,train,42,weighted,False
ACRIN-6698-104268_z013,ACRIN-6698-104268,1,0,spy2,0.5295365,train,42,weighted,False
ACRIN-6698-104268_z014,ACRIN-6698-104268,1,0,spy2,0.52944124,train,42,weighted,False
ACRIN-6698-104268_z015,ACRIN-6698-104268,1,0,spy2,0.5318687,train,42,weighted,False
ACRIN-6698-104268_z016,ACRIN-6698-104268,1,0,spy2,0.53320384,train,42,weighted,False
ACRIN-6698-104268_z017,ACRIN-6698-104268,1,0,spy2,0.5361499,train,42,weighted,False
ACRIN-6698-104268_z019,ACRIN-6698-104268,1,0,spy2,0.5420971,train,42,weighted,False
ISPY2-846156_z022,ISPY2-846156,1,0,spy2,0.5585154,train,42,weighted,False
ISPY2-846156_z023,ISPY2-846156,1,0,spy2,0.55844104,train,42,weighted,False
ISPY2-846156_z024,ISPY2-846156,1,0,spy2,0.5585638,train,42,weighted,False
ISPY2-846156_z025,ISPY2-846156,1,0,spy2,0.55866545,train,42,weighted,False
ISPY2-846156_z026,ISPY2-846156,1,0,spy2,0.5585926,train,42,weighted,False
ISPY2-846156_z027,ISPY2-846156,1,0,spy2,0.55866027,train,42,weighted,False
ISPY2-846156_z028,ISPY2-846156,1,0,spy2,0.5588046,train,42,weighted,False
ISPY2-846156_z029,ISPY2-846156,1,0,spy2,0.5588197,train,42,weighted,False
ISPY2-846156_z030,ISPY2-846156,1,0,spy2,0.5587983,train,42,weighted,False
ISPY2-846156_z031,ISPY2-846156,1,0,spy2,0.5587026,train,42,weighted,False
ISPY2-683374_z028,ISPY2-683374,1,0,spy2,0.37606505,train,42,weighted,False
ISPY2-683374_z029,ISPY2-683374,1,0,spy2,0.37620807,train,42,weighted,False
ISPY2-683374_z030,ISPY2-683374,1,0,spy2,0.37613344,train,42,weighted,False
ISPY2-683374_z031,ISPY2-683374,1,0,spy2,0.37580642,train,42,weighted,False
ISPY2-683374_z032,ISPY2-683374,1,0,spy2,0.3756388,train,42,weighted,False
ISPY2-683374_z033,ISPY2-683374,1,0,spy2,0.3757878,train,42,weighted,False
ISPY2-683374_z034,ISPY2-683374,1,0,spy2,0.37604383,train,42,weighted,False
ISPY2-683374_z035,ISPY2-683374,1,0,spy2,0.37582028,train,42,weighted,False
ISPY2-683374_z036,ISPY2-683374,1,0,spy2,0.37557733,train,42,weighted,False
ISPY2-683374_z037,ISPY2-683374,1,0,spy2,0.37575385,train,42,weighted,False
ISPY2-301968_z014,ISPY2-301968,1,0,spy2,0.28172344,train,42,weighted,False
ISPY2-301968_z015,ISPY2-301968,1,0,spy2,0.28173965,train,42,weighted,False
ISPY2-301968_z016,ISPY2-301968,1,0,spy2,0.28176397,train,42,weighted,False
ISPY2-301968_z017,ISPY2-301968,1,0,spy2,0.28190163,train,42,weighted,False
ISPY2-301968_z018,ISPY2-301968,1,0,spy2,0.2818916,train,42,weighted,False
ISPY2-301968_z019,ISPY2-301968,1,0,spy2,0.28178647,train,42,weighted,False
ISPY2-301968_z020,ISPY2-301968,1,0,spy2,0.28185186,train,42,weighted,False
ISPY2-301968_z021,ISPY2-301968,1,0,spy2,0.28190118,train,42,weighted,False
ISPY2-301968_z022,ISPY2-301968,1,0,spy2,0.27931076,train,42,weighted,False
ISPY2-301968_z023,ISPY2-301968,1,0,spy2,0.2764464,train,42,weighted,False
ISPY2-299840_z009,ISPY2-299840,1,0,spy2,0.644097,train,42,weighted,False
ISPY2-299840_z010,ISPY2-299840,1,0,spy2,0.6424949,train,42,weighted,False
ISPY2-299840_z011,ISPY2-299840,1,0,spy2,0.6493501,train,42,weighted,False
ISPY2-299840_z018,ISPY2-299840,1,0,spy2,0.6493362,train,42,weighted,False
ISPY2-299840_z019,ISPY2-299840,1,0,spy2,0.6493501,train,42,weighted,False
ISPY2-299840_z020,ISPY2-299840,1,0,spy2,0.6493501,train,42,weighted,False
ISPY2-299840_z021,ISPY2-299840,1,0,spy2,0.6493501,train,42,weighted,False
ISPY2-299840_z022,ISPY2-299840,1,0,spy2,0.6502672,train,42,weighted,False
ISPY2-299840_z023,ISPY2-299840,1,0,spy2,0.6513838,train,42,weighted,False
ISPY2-299840_z024,ISPY2-299840,1,0,spy2,0.6514996,train,42,weighted,False
ISPY2-466267_z009,ISPY2-466267,1,1,spy2,0.64384454,train,42,weighted,False
ISPY2-466267_z010,ISPY2-466267,1,1,spy2,0.63851714,train,42,weighted,False
ISPY2-466267_z011,ISPY2-466267,1,1,spy2,0.6354481,train,42,weighted,False
ISPY2-466267_z012,ISPY2-466267,1,1,spy2,0.63260216,train,42,weighted,False
ISPY2-466267_z013,ISPY2-466267,1,1,spy2,0.63568276,train,42,weighted,False
ISPY2-466267_z014,ISPY2-466267,1,1,spy2,0.6375515,train,42,weighted,False
ISPY2-466267_z015,ISPY2-466267,1,1,spy2,0.6412146,train,42,weighted,False
ISPY2-466267_z016,ISPY2-466267,1,1,spy2,0.63887817,train,42,weighted,False
ISPY2-466267_z017,ISPY2-466267,1,1,spy2,0.63706994,train,42,weighted,False
ISPY2-466267_z018,ISPY2-466267,1,1,spy2,0.6373853,train,42,weighted,False
ISPY2-254273_z010,ISPY2-254273,1,0,spy2,0.46118224,train,42,weighted,False
ISPY2-254273_z011,ISPY2-254273,1,0,spy2,0.46044713,train,42,weighted,False
ISPY2-254273_z012,ISPY2-254273,1,0,spy2,0.46859553,train,42,weighted,False
ISPY2-254273_z013,ISPY2-254273,1,0,spy2,0.48213676,train,42,weighted,False
ISPY2-254273_z014,ISPY2-254273,1,0,spy2,0.49462974,train,42,weighted,False
ISPY2-254273_z015,ISPY2-254273,1,0,spy2,0.5125689,train,42,weighted,False
ISPY2-254273_z016,ISPY2-254273,1,0,spy2,0.51600474,train,42,weighted,False
ISPY2-254273_z017,ISPY2-254273,1,0,spy2,0.51710284,train,42,weighted,False
ISPY2-254273_z018,ISPY2-254273,1,0,spy2,0.52735484,train,42,weighted,False
ISPY2-254273_z019,ISPY2-254273,1,0,spy2,0.5397215,train,42,weighted,False
ACRIN-6698-598835_z014,ACRIN-6698-598835,1,0,spy2,0.81026274,train,42,weighted,False
ACRIN-6698-598835_z015,ACRIN-6698-598835,1,0,spy2,0.81029874,train,42,weighted,False
ACRIN-6698-598835_z016,ACRIN-6698-598835,1,0,spy2,0.8103305,train,42,weighted,False
ACRIN-6698-598835_z017,ACRIN-6698-598835,1,0,spy2,0.8103395,train,42,weighted,False
ACRIN-6698-598835_z018,ACRIN-6698-598835,1,0,spy2,0.8103822,train,42,weighted,False
ACRIN-6698-598835_z019,ACRIN-6698-598835,1,0,spy2,0.81039494,train,42,weighted,False
ACRIN-6698-598835_z020,ACRIN-6698-598835,1,0,spy2,0.8103407,train,42,weighted,False
ACRIN-6698-598835_z021,ACRIN-6698-598835,1,0,spy2,0.81034553,train,42,weighted,False
ACRIN-6698-598835_z022,ACRIN-6698-598835,1,0,spy2,0.8103412,train,42,weighted,False
ACRIN-6698-598835_z023,ACRIN-6698-598835,1,0,spy2,0.8103362,train,42,weighted,False
ACRIN-6698-839274_z033,ACRIN-6698-839274,1,0,spy2,0.30362076,train,42,weighted,False
ACRIN-6698-839274_z034,ACRIN-6698-839274,1,0,spy2,0.30545285,train,42,weighted,False
ACRIN-6698-839274_z035,ACRIN-6698-839274,1,0,spy2,0.3113935,train,42,weighted,False
ACRIN-6698-839274_z036,ACRIN-6698-839274,1,0,spy2,0.3132806,train,42,weighted,False
ACRIN-6698-839274_z037,ACRIN-6698-839274,1,0,spy2,0.31322068,train,42,weighted,False
ACRIN-6698-839274_z038,ACRIN-6698-839274,1,0,spy2,0.31165165,train,42,weighted,False
ACRIN-6698-839274_z039,ACRIN-6698-839274,1,0,spy2,0.31209734,train,42,weighted,False
ACRIN-6698-839274_z040,ACRIN-6698-839274,1,0,spy2,0.3135581,train,42,weighted,False
ACRIN-6698-839274_z041,ACRIN-6698-839274,1,0,spy2,0.3154427,train,42,weighted,False
ACRIN-6698-839274_z042,ACRIN-6698-839274,1,0,spy2,0.31798065,train,42,weighted,False
ISPY2-570148_z023,ISPY2-570148,1,0,spy2,0.49316788,train,42,weighted,False
ISPY2-570148_z024,ISPY2-570148,1,0,spy2,0.49321845,train,42,weighted,False
ISPY2-570148_z025,ISPY2-570148,1,0,spy2,0.4938596,train,42,weighted,False
ISPY2-570148_z026,ISPY2-570148,1,0,spy2,0.49515235,train,42,weighted,False
ISPY2-570148_z027,ISPY2-570148,1,0,spy2,0.49545792,train,42,weighted,False
ISPY2-570148_z028,ISPY2-570148,1,0,spy2,0.4962537,train,42,weighted,False
ISPY2-570148_z029,ISPY2-570148,1,0,spy2,0.49686596,train,42,weighted,False
ISPY2-570148_z030,ISPY2-570148,1,0,spy2,0.49697024,train,42,weighted,False
ISPY2-570148_z031,ISPY2-570148,1,0,spy2,0.49691164,train,42,weighted,False
ISPY2-570148_z032,ISPY2-570148,1,0,spy2,0.4959926,train,42,weighted,False
ISPY2-380972_z008,ISPY2-380972,1,0,spy2,0.3283583,train,42,weighted,False
ISPY2-380972_z009,ISPY2-380972,1,0,spy2,0.32901937,train,42,weighted,False
ISPY2-380972_z010,ISPY2-380972,1,0,spy2,0.32557642,train,42,weighted,False
ISPY2-380972_z011,ISPY2-380972,1,0,spy2,0.32222953,train,42,weighted,False
ISPY2-380972_z012,ISPY2-380972,1,0,spy2,0.31906334,train,42,weighted,False
ISPY2-380972_z013,ISPY2-380972,1,0,spy2,0.3141685,train,42,weighted,False
ISPY2-380972_z014,ISPY2-380972,1,0,spy2,0.31265697,train,42,weighted,False
ISPY2-380972_z015,ISPY2-380972,1,0,spy2,0.31661814,train,42,weighted,False
ISPY2-380972_z016,ISPY2-380972,1,0,spy2,0.32240614,train,42,weighted,False
ISPY2-380972_z017,ISPY2-380972,1,0,spy2,0.33374244,train,42,weighted,False
ISPY2-437162_z010,ISPY2-437162,1,0,spy2,0.56055146,train,42,weighted,False
ISPY2-437162_z011,ISPY2-437162,1,0,spy2,0.5605407,train,42,weighted,False
ISPY2-437162_z012,ISPY2-437162,1,0,spy2,0.5604638,train,42,weighted,False
ISPY2-437162_z013,ISPY2-437162,1,0,spy2,0.56040895,train,42,weighted,False
ISPY2-437162_z014,ISPY2-437162,1,0,spy2,0.5604487,train,42,weighted,False
ISPY2-437162_z015,ISPY2-437162,1,0,spy2,0.5604923,train,42,weighted,False
ISPY2-437162_z016,ISPY2-437162,1,0,spy2,0.5605336,train,42,weighted,False
ISPY2-437162_z017,ISPY2-437162,1,0,spy2,0.5605336,train,42,weighted,False
ISPY2-437162_z018,ISPY2-437162,1,0,spy2,0.5604932,train,42,weighted,False
ISPY2-437162_z019,ISPY2-437162,1,0,spy2,0.5604394,train,42,weighted,False
ISPY2-923968_z030,ISPY2-923968,1,1,spy2,0.24812824,train,42,weighted,False
ISPY2-923968_z031,ISPY2-923968,1,1,spy2,0.24828199,train,42,weighted,False
ISPY2-923968_z032,ISPY2-923968,1,1,spy2,0.24830955,train,42,weighted,False
ISPY2-923968_z033,ISPY2-923968,1,1,spy2,0.24817544,train,42,weighted,False
ISPY2-923968_z034,ISPY2-923968,1,1,spy2,0.24812292,train,42,weighted,False
ISPY2-923968_z035,ISPY2-923968,1,1,spy2,0.24822268,train,42,weighted,False
ISPY2-923968_z036,ISPY2-923968,1,1,spy2,0.24828468,train,42,weighted,False
ISPY2-923968_z037,ISPY2-923968,1,1,spy2,0.24845271,train,42,weighted,False
ISPY2-923968_z038,ISPY2-923968,1,1,spy2,0.24854442,train,42,weighted,False
ISPY2-923968_z039,ISPY2-923968,1,1,spy2,0.24898632,train,42,weighted,False
ISPY2-105286_z013,ISPY2-105286,1,0,spy2,0.26592636,train,42,weighted,False
ISPY2-105286_z016,ISPY2-105286,1,0,spy2,0.26195577,train,42,weighted,False
ISPY2-105286_z017,ISPY2-105286,1,0,spy2,0.25884056,train,42,weighted,False
ISPY2-105286_z018,ISPY2-105286,1,0,spy2,0.25914013,train,42,weighted,False
ISPY2-105286_z019,ISPY2-105286,1,0,spy2,0.2590583,train,42,weighted,False
ISPY2-105286_z020,ISPY2-105286,1,0,spy2,0.25652817,train,42,weighted,False
ISPY2-105286_z021,ISPY2-105286,1,0,spy2,0.25810087,train,42,weighted,False
ISPY2-105286_z022,ISPY2-105286,1,0,spy2,0.25727895,train,42,weighted,False
ISPY2-105286_z023,ISPY2-105286,1,0,spy2,0.25785223,train,42,weighted,False
ISPY2-105286_z024,ISPY2-105286,1,0,spy2,0.25811157,train,42,weighted,False
ISPY2-411950_z016,ISPY2-411950,1,0,spy2,0.24033545,train,42,weighted,False
ISPY2-411950_z017,ISPY2-411950,1,0,spy2,0.2404183,train,42,weighted,False
ISPY2-411950_z018,ISPY2-411950,1,0,spy2,0.24033198,train,42,weighted,False
ISPY2-411950_z019,ISPY2-411950,1,0,spy2,0.24031942,train,42,weighted,False
ISPY2-411950_z020,ISPY2-411950,1,0,spy2,0.24023144,train,42,weighted,False
ISPY2-411950_z021,ISPY2-411950,1,0,spy2,0.24007493,train,42,weighted,False
ISPY2-411950_z022,ISPY2-411950,1,0,spy2,0.23997822,train,42,weighted,False
ISPY2-411950_z023,ISPY2-411950,1,0,spy2,0.23995472,train,42,weighted,False
ISPY2-411950_z024,ISPY2-411950,1,0,spy2,0.23976426,train,42,weighted,False
ISPY2-411950_z025,ISPY2-411950,1,0,spy2,0.23953104,train,42,weighted,False
ISPY2-204939_z010,ISPY2-204939,1,1,spy2,0.48260525,train,42,weighted,False
ISPY2-204939_z011,ISPY2-204939,1,1,spy2,0.4830765,train,42,weighted,False
ISPY2-204939_z012,ISPY2-204939,1,1,spy2,0.4830636,train,42,weighted,False
ISPY2-204939_z013,ISPY2-204939,1,1,spy2,0.48294806,train,42,weighted,False
ISPY2-204939_z014,ISPY2-204939,1,1,spy2,0.4830864,train,42,weighted,False
ISPY2-204939_z015,ISPY2-204939,1,1,spy2,0.48303944,train,42,weighted,False
ISPY2-204939_z016,ISPY2-204939,1,1,spy2,0.48246726,train,42,weighted,False
ISPY2-204939_z017,ISPY2-204939,1,1,spy2,0.48135525,train,42,weighted,False
ISPY2-204939_z018,ISPY2-204939,1,1,spy2,0.48094803,train,42,weighted,False
ISPY2-204939_z019,ISPY2-204939,1,1,spy2,0.4816197,train,42,weighted,False
ACRIN-6698-688955_z006,ACRIN-6698-688955,1,0,spy2,0.34995824,train,42,weighted,False
ACRIN-6698-688955_z007,ACRIN-6698-688955,1,0,spy2,0.35002458,train,42,weighted,False
ACRIN-6698-688955_z008,ACRIN-6698-688955,1,0,spy2,0.34995824,train,42,weighted,False
ACRIN-6698-688955_z009,ACRIN-6698-688955,1,0,spy2,0.34995824,train,42,weighted,False
ACRIN-6698-688955_z010,ACRIN-6698-688955,1,0,spy2,0.34995824,train,42,weighted,False
ACRIN-6698-688955_z011,ACRIN-6698-688955,1,0,spy2,0.34995824,train,42,weighted,False
ACRIN-6698-688955_z012,ACRIN-6698-688955,1,0,spy2,0.34995824,train,42,weighted,False
ACRIN-6698-688955_z013,ACRIN-6698-688955,1,0,spy2,0.34995824,train,42,weighted,False
ACRIN-6698-688955_z014,ACRIN-6698-688955,1,0,spy2,0.34995824,train,42,weighted,False
ACRIN-6698-688955_z015,ACRIN-6698-688955,1,0,spy2,0.34995824,train,42,weighted,False
ACRIN-6698-328160_z002,ACRIN-6698-328160,1,0,spy2,0.3645832,train,42,weighted,False
ACRIN-6698-328160_z003,ACRIN-6698-328160,1,0,spy2,0.36458844,train,42,weighted,False
ACRIN-6698-328160_z004,ACRIN-6698-328160,1,0,spy2,0.36452278,train,42,weighted,False
ACRIN-6698-328160_z005,ACRIN-6698-328160,1,0,spy2,0.36467078,train,42,weighted,False
ACRIN-6698-328160_z006,ACRIN-6698-328160,1,0,spy2,0.364573,train,42,weighted,False
ACRIN-6698-328160_z007,ACRIN-6698-328160,1,0,spy2,0.36467513,train,42,weighted,False
ACRIN-6698-328160_z008,ACRIN-6698-328160,1,0,spy2,0.36480242,train,42,weighted,False
ACRIN-6698-328160_z009,ACRIN-6698-328160,1,0,spy2,0.36480886,train,42,weighted,False
ACRIN-6698-328160_z010,ACRIN-6698-328160,1,0,spy2,0.3648627,train,42,weighted,False
ACRIN-6698-328160_z011,ACRIN-6698-328160,1,0,spy2,0.36474118,train,42,weighted,False
ISPY2-531672_z014,ISPY2-531672,1,0,spy2,0.4105981,train,42,weighted,False
ISPY2-531672_z015,ISPY2-531672,1,0,spy2,0.41035065,train,42,weighted,False
ISPY2-531672_z016,ISPY2-531672,1,0,spy2,0.4109834,train,42,weighted,False
ISPY2-531672_z017,ISPY2-531672,1,0,spy2,0.4117212,train,42,weighted,False
ISPY2-531672_z018,ISPY2-531672,1,0,spy2,0.41071752,train,42,weighted,False
ISPY2-531672_z019,ISPY2-531672,1,0,spy2,0.41251102,train,42,weighted,False
ISPY2-531672_z020,ISPY2-531672,1,0,spy2,0.41238838,train,42,weighted,False
ISPY2-531672_z021,ISPY2-531672,1,0,spy2,0.41180646,train,42,weighted,False
ISPY2-531672_z022,ISPY2-531672,1,0,spy2,0.4116451,train,42,weighted,False
ISPY2-531672_z023,ISPY2-531672,1,0,spy2,0.41246438,train,42,weighted,False
ACRIN-6698-801641_z016,ACRIN-6698-801641,1,0,spy2,0.5707427,train,42,weighted,False
ACRIN-6698-801641_z017,ACRIN-6698-801641,1,0,spy2,0.56840664,train,42,weighted,False
ACRIN-6698-801641_z018,ACRIN-6698-801641,1,0,spy2,0.56762904,train,42,weighted,False
ACRIN-6698-801641_z019,ACRIN-6698-801641,1,0,spy2,0.56759447,train,42,weighted,False
ACRIN-6698-801641_z020,ACRIN-6698-801641,1,0,spy2,0.56759447,train,42,weighted,False
ACRIN-6698-801641_z021,ACRIN-6698-801641,1,0,spy2,0.56759447,train,42,weighted,False
ACRIN-6698-801641_z022,ACRIN-6698-801641,1,0,spy2,0.56759447,train,42,weighted,False
ACRIN-6698-801641_z023,ACRIN-6698-801641,1,0,spy2,0.5631169,train,42,weighted,False
ACRIN-6698-801641_z024,ACRIN-6698-801641,1,0,spy2,0.55999047,train,42,weighted,False
ACRIN-6698-801641_z025,ACRIN-6698-801641,1,0,spy2,0.5591047,train,42,weighted,False
ISPY2-783578_z027,ISPY2-783578,1,1,spy2,0.65875566,train,42,weighted,False
ISPY2-783578_z028,ISPY2-783578,1,1,spy2,0.66831225,train,42,weighted,False
ISPY2-783578_z029,ISPY2-783578,1,1,spy2,0.6729757,train,42,weighted,False
ISPY2-783578_z030,ISPY2-783578,1,1,spy2,0.67448515,train,42,weighted,False
ISPY2-783578_z031,ISPY2-783578,1,1,spy2,0.6770449,train,42,weighted,False
ISPY2-783578_z032,ISPY2-783578,1,1,spy2,0.67646724,train,42,weighted,False
ISPY2-783578_z034,ISPY2-783578,1,1,spy2,0.6789128,train,42,weighted,False
ISPY2-783578_z035,ISPY2-783578,1,1,spy2,0.6818022,train,42,weighted,False
ISPY2-783578_z036,ISPY2-783578,1,1,spy2,0.6804024,train,42,weighted,False
ISPY2-783578_z037,ISPY2-783578,1,1,spy2,0.6819727,train,42,weighted,False
ISPY2-847753_z007,ISPY2-847753,1,1,spy2,0.32757187,train,42,weighted,False
ISPY2-847753_z008,ISPY2-847753,1,1,spy2,0.32826352,train,42,weighted,False
ISPY2-847753_z009,ISPY2-847753,1,1,spy2,0.32890013,train,42,weighted,False
ISPY2-847753_z010,ISPY2-847753,1,1,spy2,0.3274165,train,42,weighted,False
ISPY2-847753_z011,ISPY2-847753,1,1,spy2,0.32642332,train,42,weighted,False
ISPY2-847753_z012,ISPY2-847753,1,1,spy2,0.3269684,train,42,weighted,False
ISPY2-847753_z013,ISPY2-847753,1,1,spy2,0.32926372,train,42,weighted,False
ISPY2-847753_z014,ISPY2-847753,1,1,spy2,0.3297374,train,42,weighted,False
ISPY2-847753_z015,ISPY2-847753,1,1,spy2,0.32984018,train,42,weighted,False
ISPY2-847753_z016,ISPY2-847753,1,1,spy2,0.32985464,train,42,weighted,False
ISPY2-836114_z011,ISPY2-836114,1,0,spy2,0.24256304,train,42,weighted,False
ISPY2-836114_z012,ISPY2-836114,1,0,spy2,0.24281293,train,42,weighted,False
ISPY2-836114_z013,ISPY2-836114,1,0,spy2,0.24284612,train,42,weighted,False
ISPY2-836114_z014,ISPY2-836114,1,0,spy2,0.24265802,train,42,weighted,False
ISPY2-836114_z015,ISPY2-836114,1,0,spy2,0.24263023,train,42,weighted,False
ISPY2-836114_z016,ISPY2-836114,1,0,spy2,0.24283329,train,42,weighted,False
ISPY2-836114_z017,ISPY2-836114,1,0,spy2,0.24330688,train,42,weighted,False
ISPY2-836114_z018,ISPY2-836114,1,0,spy2,0.24348174,train,42,weighted,False
ISPY2-836114_z019,ISPY2-836114,1,0,spy2,0.24378765,train,42,weighted,False
ISPY2-836114_z020,ISPY2-836114,1,0,spy2,0.24406143,train,42,weighted,False
ISPY2-374121_z014,ISPY2-374121,1,0,spy2,0.5255796,train,42,weighted,False
ISPY2-374121_z015,ISPY2-374121,1,0,spy2,0.51935667,train,42,weighted,False
ISPY2-374121_z016,ISPY2-374121,1,0,spy2,0.52375257,train,42,weighted,False
ISPY2-374121_z017,ISPY2-374121,1,0,spy2,0.5399618,train,42,weighted,False
ISPY2-374121_z018,ISPY2-374121,1,0,spy2,0.5482432,train,42,weighted,False
ISPY2-374121_z019,ISPY2-374121,1,0,spy2,0.54886913,train,42,weighted,False
ISPY2-374121_z020,ISPY2-374121,1,0,spy2,0.55049235,train,42,weighted,False
ISPY2-374121_z021,ISPY2-374121,1,0,spy2,0.55047363,train,42,weighted,False
ISPY2-374121_z022,ISPY2-374121,1,0,spy2,0.5509183,train,42,weighted,False
ISPY2-374121_z023,ISPY2-374121,1,0,spy2,0.5513645,train,42,weighted,False
ACRIN-6698-928446_z035,ACRIN-6698-928446,1,0,spy2,0.2797739,train,42,weighted,False
ACRIN-6698-928446_z045,ACRIN-6698-928446,1,0,spy2,0.25591925,train,42,weighted,False
ACRIN-6698-928446_z046,ACRIN-6698-928446,1,0,spy2,0.2589721,train,42,weighted,False
ACRIN-6698-928446_z047,ACRIN-6698-928446,1,0,spy2,0.26345313,train,42,weighted,False
ACRIN-6698-928446_z048,ACRIN-6698-928446,1,0,spy2,0.27039662,train,42,weighted,False
ACRIN-6698-928446_z049,ACRIN-6698-928446,1,0,spy2,0.27547577,train,42,weighted,False
ACRIN-6698-928446_z064,ACRIN-6698-928446,1,0,spy2,0.2826642,train,42,weighted,False
ACRIN-6698-928446_z065,ACRIN-6698-928446,1,0,spy2,0.2827755,train,42,weighted,False
ACRIN-6698-928446_z066,ACRIN-6698-928446,1,0,spy2,0.2924798,train,42,weighted,False
ACRIN-6698-928446_z071,ACRIN-6698-928446,1,0,spy2,0.31976765,train,42,weighted,False
ISPY2-117707_z009,ISPY2-117707,1,1,spy2,0.5313892,train,42,weighted,False
ISPY2-117707_z010,ISPY2-117707,1,1,spy2,0.5313945,train,42,weighted,False
ISPY2-117707_z011,ISPY2-117707,1,1,spy2,0.5312717,train,42,weighted,False
ISPY2-117707_z012,ISPY2-117707,1,1,spy2,0.53117764,train,42,weighted,False
ISPY2-117707_z013,ISPY2-117707,1,1,spy2,0.5312148,train,42,weighted,False
ISPY2-117707_z014,ISPY2-117707,1,1,spy2,0.5313169,train,42,weighted,False
ISPY2-117707_z015,ISPY2-117707,1,1,spy2,0.53136075,train,42,weighted,False
ISPY2-117707_z016,ISPY2-117707,1,1,spy2,0.53131735,train,42,weighted,False
ISPY2-117707_z017,ISPY2-117707,1,1,spy2,0.5314101,train,42,weighted,False
ISPY2-117707_z018,ISPY2-117707,1,1,spy2,0.53119546,train,42,weighted,False
ISPY2-553141_z006,ISPY2-553141,1,1,spy2,0.25067458,train,42,weighted,False
ISPY2-553141_z007,ISPY2-553141,1,1,spy2,0.24085937,train,42,weighted,False
ISPY2-553141_z008,ISPY2-553141,1,1,spy2,0.24059273,train,42,weighted,False
ISPY2-553141_z009,ISPY2-553141,1,1,spy2,0.2422931,train,42,weighted,False
ISPY2-553141_z010,ISPY2-553141,1,1,spy2,0.24335532,train,42,weighted,False
ISPY2-553141_z011,ISPY2-553141,1,1,spy2,0.24271977,train,42,weighted,False
ISPY2-553141_z012,ISPY2-553141,1,1,spy2,0.24636453,train,42,weighted,False
ISPY2-553141_z013,ISPY2-553141,1,1,spy2,0.25170287,train,42,weighted,False
ISPY2-553141_z014,ISPY2-553141,1,1,spy2,0.26292688,train,42,weighted,False
ISPY2-553141_z015,ISPY2-553141,1,1,spy2,0.26965216,train,42,weighted,False
ISPY2-778020_z016,ISPY2-778020,1,0,spy2,0.2589582,train,42,weighted,False
ISPY2-778020_z017,ISPY2-778020,1,0,spy2,0.2589582,train,42,weighted,False
ISPY2-778020_z018,ISPY2-778020,1,0,spy2,0.2589582,train,42,weighted,False
ISPY2-778020_z019,ISPY2-778020,1,0,spy2,0.2589582,train,42,weighted,False
ISPY2-778020_z020,ISPY2-778020,1,0,spy2,0.2589582,train,42,weighted,False
ISPY2-778020_z021,ISPY2-778020,1,0,spy2,0.2589582,train,42,weighted,False
ISPY2-778020_z022,ISPY2-778020,1,0,spy2,0.2589582,train,42,weighted,False
ISPY2-778020_z023,ISPY2-778020,1,0,spy2,0.2589582,train,42,weighted,False
ISPY2-778020_z024,ISPY2-778020,1,0,spy2,0.2589582,train,42,weighted,False
ISPY2-778020_z025,ISPY2-778020,1,0,spy2,0.2589582,train,42,weighted,False
ISPY2-885590_z015,ISPY2-885590,1,0,spy2,0.30375573,train,42,weighted,False
ISPY2-885590_z016,ISPY2-885590,1,0,spy2,0.30230892,train,42,weighted,False
ISPY2-885590_z017,ISPY2-885590,1,0,spy2,0.30142522,train,42,weighted,False
ISPY2-885590_z018,ISPY2-885590,1,0,spy2,0.29698667,train,42,weighted,False
ISPY2-885590_z019,ISPY2-885590,1,0,spy2,0.29293406,train,42,weighted,False
ISPY2-885590_z020,ISPY2-885590,1,0,spy2,0.29252967,train,42,weighted,False
ISPY2-885590_z021,ISPY2-885590,1,0,spy2,0.2923982,train,42,weighted,False
ISPY2-885590_z022,ISPY2-885590,1,0,spy2,0.29303697,train,42,weighted,False
ISPY2-885590_z023,ISPY2-885590,1,0,spy2,0.29214054,train,42,weighted,False
ISPY2-885590_z024,ISPY2-885590,1,0,spy2,0.28930566,train,42,weighted,False
ISPY2-427321_z016,ISPY2-427321,1,1,spy2,0.15976676,train,42,weighted,False
ISPY2-427321_z017,ISPY2-427321,1,1,spy2,0.15978713,train,42,weighted,False
ISPY2-427321_z018,ISPY2-427321,1,1,spy2,0.15995307,train,42,weighted,False
ISPY2-427321_z019,ISPY2-427321,1,1,spy2,0.16004243,train,42,weighted,False
ISPY2-427321_z020,ISPY2-427321,1,1,spy2,0.16000639,train,42,weighted,False
ISPY2-427321_z021,ISPY2-427321,1,1,spy2,0.16000485,train,42,weighted,False
ISPY2-427321_z022,ISPY2-427321,1,1,spy2,0.16000843,train,42,weighted,False
ISPY2-427321_z023,ISPY2-427321,1,1,spy2,0.16013585,train,42,weighted,False
ISPY2-427321_z024,ISPY2-427321,1,1,spy2,0.16028515,train,42,weighted,False
ISPY2-427321_z025,ISPY2-427321,1,1,spy2,0.16027254,train,42,weighted,False
ISPY2-905264_z002,ISPY2-905264,1,0,spy2,0.7563253,train,42,weighted,False
ISPY2-905264_z003,ISPY2-905264,1,0,spy2,0.75554025,train,42,weighted,False
ISPY2-905264_z004,ISPY2-905264,1,0,spy2,0.7573013,train,42,weighted,False
ISPY2-905264_z005,ISPY2-905264,1,0,spy2,0.7550447,train,42,weighted,False
ISPY2-905264_z006,ISPY2-905264,1,0,spy2,0.76005095,train,42,weighted,False
ISPY2-905264_z007,ISPY2-905264,1,0,spy2,0.7588146,train,42,weighted,False
ISPY2-905264_z008,ISPY2-905264,1,0,spy2,0.761905,train,42,weighted,False
ISPY2-905264_z009,ISPY2-905264,1,0,spy2,0.76541823,train,42,weighted,False
ISPY2-905264_z010,ISPY2-905264,1,0,spy2,0.7649371,train,42,weighted,False
ISPY2-905264_z011,ISPY2-905264,1,0,spy2,0.76417077,train,42,weighted,False
ISPY2-142688_z010,ISPY2-142688,1,0,spy2,0.6394152,train,42,weighted,False
ISPY2-142688_z011,ISPY2-142688,1,0,spy2,0.6393869,train,42,weighted,False
ISPY2-142688_z012,ISPY2-142688,1,0,spy2,0.63930875,train,42,weighted,False
ISPY2-142688_z013,ISPY2-142688,1,0,spy2,0.6393252,train,42,weighted,False
ISPY2-142688_z014,ISPY2-142688,1,0,spy2,0.63932425,train,42,weighted,False
ISPY2-142688_z015,ISPY2-142688,1,0,spy2,0.63930154,train,42,weighted,False
ISPY2-142688_z016,ISPY2-142688,1,0,spy2,0.63926727,train,42,weighted,False
ISPY2-142688_z020,ISPY2-142688,1,0,spy2,0.6396106,train,42,weighted,False
ISPY2-142688_z021,ISPY2-142688,1,0,spy2,0.6395398,train,42,weighted,False
ISPY2-142688_z022,ISPY2-142688,1,0,spy2,0.6393727,train,42,weighted,False
ISPY2-178815_z029,ISPY2-178815,1,0,spy2,0.28366616,train,42,weighted,False
ISPY2-178815_z030,ISPY2-178815,1,0,spy2,0.28437558,train,42,weighted,False
ISPY2-178815_z031,ISPY2-178815,1,0,spy2,0.2849367,train,42,weighted,False
ISPY2-178815_z032,ISPY2-178815,1,0,spy2,0.28506902,train,42,weighted,False
ISPY2-178815_z033,ISPY2-178815,1,0,spy2,0.285153,train,42,weighted,False
ISPY2-178815_z034,ISPY2-178815,1,0,spy2,0.28498068,train,42,weighted,False
ISPY2-178815_z035,ISPY2-178815,1,0,spy2,0.28594956,train,42,weighted,False
ISPY2-178815_z036,ISPY2-178815,1,0,spy2,0.28651977,train,42,weighted,False
ISPY2-178815_z037,ISPY2-178815,1,0,spy2,0.2864322,train,42,weighted,False
ISPY2-178815_z038,ISPY2-178815,1,0,spy2,0.28546453,train,42,weighted,False
ISPY2-127791_z039,ISPY2-127791,1,0,spy2,0.5634637,train,42,weighted,False
ISPY2-127791_z040,ISPY2-127791,1,0,spy2,0.5633982,train,42,weighted,False
ISPY2-127791_z041,ISPY2-127791,1,0,spy2,0.56382734,train,42,weighted,False
ISPY2-127791_z042,ISPY2-127791,1,0,spy2,0.56388277,train,42,weighted,False
ISPY2-127791_z043,ISPY2-127791,1,0,spy2,0.56320244,train,42,weighted,False
ISPY2-127791_z044,ISPY2-127791,1,0,spy2,0.56338143,train,42,weighted,False
ISPY2-127791_z045,ISPY2-127791,1,0,spy2,0.56385887,train,42,weighted,False
ISPY2-127791_z046,ISPY2-127791,1,0,spy2,0.5632416,train,42,weighted,False
ISPY2-127791_z047,ISPY2-127791,1,0,spy2,0.5627397,train,42,weighted,False
ISPY2-127791_z048,ISPY2-127791,1,0,spy2,0.56242895,train,42,weighted,False
ISPY2-363669_z018,ISPY2-363669,1,0,spy2,0.2655469,train,42,weighted,False
ISPY2-363669_z019,ISPY2-363669,1,0,spy2,0.26562464,train,42,weighted,False
ISPY2-363669_z020,ISPY2-363669,1,0,spy2,0.26578367,train,42,weighted,False
ISPY2-363669_z021,ISPY2-363669,1,0,spy2,0.2658784,train,42,weighted,False
ISPY2-363669_z022,ISPY2-363669,1,0,spy2,0.2657733,train,42,weighted,False
ISPY2-363669_z023,ISPY2-363669,1,0,spy2,0.26536918,train,42,weighted,False
ISPY2-363669_z024,ISPY2-363669,1,0,spy2,0.26397052,train,42,weighted,False
ISPY2-363669_z025,ISPY2-363669,1,0,spy2,0.26401836,train,42,weighted,False
ISPY2-363669_z026,ISPY2-363669,1,0,spy2,0.26508468,train,42,weighted,False
ISPY2-363669_z027,ISPY2-363669,1,0,spy2,0.2656473,train,42,weighted,False
ISPY2-461824_z004,ISPY2-461824,1,0,spy2,0.53776723,train,42,weighted,False
ISPY2-461824_z005,ISPY2-461824,1,0,spy2,0.5384825,train,42,weighted,False
ISPY2-461824_z006,ISPY2-461824,1,0,spy2,0.5355717,train,42,weighted,False
ISPY2-461824_z007,ISPY2-461824,1,0,spy2,0.527534,train,42,weighted,False
ISPY2-461824_z008,ISPY2-461824,1,0,spy2,0.531882,train,42,weighted,False
ISPY2-461824_z009,ISPY2-461824,1,0,spy2,0.5507265,train,42,weighted,False
ISPY2-461824_z010,ISPY2-461824,1,0,spy2,0.54697585,train,42,weighted,False
ISPY2-461824_z011,ISPY2-461824,1,0,spy2,0.5473558,train,42,weighted,False
ISPY2-461824_z012,ISPY2-461824,1,0,spy2,0.53042734,train,42,weighted,False
ISPY2-461824_z013,ISPY2-461824,1,0,spy2,0.5372452,train,42,weighted,False
ISPY2-134526_z004,ISPY2-134526,1,1,spy2,0.56039757,train,42,weighted,False
ISPY2-134526_z005,ISPY2-134526,1,1,spy2,0.5736159,train,42,weighted,False
ISPY2-134526_z006,ISPY2-134526,1,1,spy2,0.58153594,train,42,weighted,False
ISPY2-134526_z007,ISPY2-134526,1,1,spy2,0.58786094,train,42,weighted,False
ISPY2-134526_z008,ISPY2-134526,1,1,spy2,0.5884178,train,42,weighted,False
ISPY2-134526_z009,ISPY2-134526,1,1,spy2,0.5876755,train,42,weighted,False
ISPY2-134526_z010,ISPY2-134526,1,1,spy2,0.58641577,train,42,weighted,False
ISPY2-134526_z011,ISPY2-134526,1,1,spy2,0.5884461,train,42,weighted,False
ISPY2-134526_z012,ISPY2-134526,1,1,spy2,0.5918356,train,42,weighted,False
ISPY2-134526_z013,ISPY2-134526,1,1,spy2,0.59536177,train,42,weighted,False
ISPY2-814299_z004,ISPY2-814299,1,1,spy2,0.8497472,train,42,weighted,False
ISPY2-814299_z005,ISPY2-814299,1,1,spy2,0.854027,train,42,weighted,False
ISPY2-814299_z006,ISPY2-814299,1,1,spy2,0.854502,train,42,weighted,False
ISPY2-814299_z007,ISPY2-814299,1,1,spy2,0.8538757,train,42,weighted,False
ISPY2-814299_z008,ISPY2-814299,1,1,spy2,0.8554005,train,42,weighted,False
ISPY2-814299_z009,ISPY2-814299,1,1,spy2,0.85548425,train,42,weighted,False
ISPY2-814299_z010,ISPY2-814299,1,1,spy2,0.85524225,train,42,weighted,False
ISPY2-814299_z011,ISPY2-814299,1,1,spy2,0.8535807,train,42,weighted,False
ISPY2-814299_z013,ISPY2-814299,1,1,spy2,0.8485254,train,42,weighted,False
ISPY2-814299_z014,ISPY2-814299,1,1,spy2,0.8479727,train,42,weighted,False
ISPY2-914968_z067,ISPY2-914968,1,0,spy2,0.59282005,train,42,weighted,False
ISPY2-914968_z068,ISPY2-914968,1,0,spy2,0.59282005,train,42,weighted,False
ISPY2-914968_z069,ISPY2-914968,1,0,spy2,0.59282005,train,42,weighted,False
ISPY2-914968_z070,ISPY2-914968,1,0,spy2,0.59287095,train,42,weighted,False
ISPY2-914968_z071,ISPY2-914968,1,0,spy2,0.59282005,train,42,weighted,False
ISPY2-914968_z072,ISPY2-914968,1,0,spy2,0.59282005,train,42,weighted,False
ISPY2-914968_z073,ISPY2-914968,1,0,spy2,0.59199905,train,42,weighted,False
ISPY2-914968_z074,ISPY2-914968,1,0,spy2,0.5904002,train,42,weighted,False
ISPY2-914968_z075,ISPY2-914968,1,0,spy2,0.59175426,train,42,weighted,False
ISPY2-914968_z076,ISPY2-914968,1,0,spy2,0.59282005,train,42,weighted,False
ISPY2-636424_z006,ISPY2-636424,1,0,spy2,0.6638968,train,42,weighted,False
ISPY2-636424_z007,ISPY2-636424,1,0,spy2,0.6656595,train,42,weighted,False
ISPY2-636424_z008,ISPY2-636424,1,0,spy2,0.6667381,train,42,weighted,False
ISPY2-636424_z009,ISPY2-636424,1,0,spy2,0.66658515,train,42,weighted,False
ISPY2-636424_z010,ISPY2-636424,1,0,spy2,0.6665766,train,42,weighted,False
ISPY2-636424_z011,ISPY2-636424,1,0,spy2,0.6663816,train,42,weighted,False
ISPY2-636424_z012,ISPY2-636424,1,0,spy2,0.6667478,train,42,weighted,False
ISPY2-636424_z013,ISPY2-636424,1,0,spy2,0.66705996,train,42,weighted,False
ISPY2-636424_z014,ISPY2-636424,1,0,spy2,0.66746986,train,42,weighted,False
ISPY2-636424_z015,ISPY2-636424,1,0,spy2,0.66750664,train,42,weighted,False
ACRIN-6698-222135_z012,ACRIN-6698-222135,1,0,spy2,0.2321686,train,42,weighted,False
ACRIN-6698-222135_z013,ACRIN-6698-222135,1,0,spy2,0.23814283,train,42,weighted,False
ACRIN-6698-222135_z014,ACRIN-6698-222135,1,0,spy2,0.2459843,train,42,weighted,False
ACRIN-6698-222135_z015,ACRIN-6698-222135,1,0,spy2,0.25140354,train,42,weighted,False
ACRIN-6698-222135_z016,ACRIN-6698-222135,1,0,spy2,0.2569692,train,42,weighted,False
ACRIN-6698-222135_z017,ACRIN-6698-222135,1,0,spy2,0.2626555,train,42,weighted,False
ACRIN-6698-222135_z018,ACRIN-6698-222135,1,0,spy2,0.26722273,train,42,weighted,False
ACRIN-6698-222135_z019,ACRIN-6698-222135,1,0,spy2,0.2688996,train,42,weighted,False
ACRIN-6698-222135_z020,ACRIN-6698-222135,1,0,spy2,0.2693691,train,42,weighted,False
ACRIN-6698-222135_z021,ACRIN-6698-222135,1,0,spy2,0.27228746,train,42,weighted,False
ISPY2-981461_z007,ISPY2-981461,1,0,spy2,0.5996795,train,42,weighted,False
ISPY2-981461_z008,ISPY2-981461,1,0,spy2,0.5991583,train,42,weighted,False
ISPY2-981461_z009,ISPY2-981461,1,0,spy2,0.5983258,train,42,weighted,False
ISPY2-981461_z010,ISPY2-981461,1,0,spy2,0.5981791,train,42,weighted,False
ISPY2-981461_z011,ISPY2-981461,1,0,spy2,0.5981791,train,42,weighted,False
ISPY2-981461_z012,ISPY2-981461,1,0,spy2,0.5982415,train,42,weighted,False
ISPY2-981461_z013,ISPY2-981461,1,0,spy2,0.5996131,train,42,weighted,False
ISPY2-981461_z014,ISPY2-981461,1,0,spy2,0.6012592,train,42,weighted,False
ISPY2-981461_z015,ISPY2-981461,1,0,spy2,0.6018366,train,42,weighted,False
ISPY2-981461_z016,ISPY2-981461,1,0,spy2,0.60198647,train,42,weighted,False
ACRIN-6698-396723_z014,ACRIN-6698-396723,1,0,spy2,0.18884692,train,42,weighted,False
ACRIN-6698-396723_z015,ACRIN-6698-396723,1,0,spy2,0.19244976,train,42,weighted,False
ACRIN-6698-396723_z016,ACRIN-6698-396723,1,0,spy2,0.19912632,train,42,weighted,False
ACRIN-6698-396723_z017,ACRIN-6698-396723,1,0,spy2,0.20670906,train,42,weighted,False
ACRIN-6698-396723_z018,ACRIN-6698-396723,1,0,spy2,0.20739892,train,42,weighted,False
ACRIN-6698-396723_z019,ACRIN-6698-396723,1,0,spy2,0.20661743,train,42,weighted,False
ACRIN-6698-396723_z020,ACRIN-6698-396723,1,0,spy2,0.20745699,train,42,weighted,False
ACRIN-6698-396723_z021,ACRIN-6698-396723,1,0,spy2,0.2114811,train,42,weighted,False
ACRIN-6698-396723_z022,ACRIN-6698-396723,1,0,spy2,0.21880038,train,42,weighted,False
ACRIN-6698-396723_z023,ACRIN-6698-396723,1,0,spy2,0.22901051,train,42,weighted,False
ISPY2-666147_z010,ISPY2-666147,1,0,spy2,0.30611977,train,42,weighted,False
ISPY2-666147_z011,ISPY2-666147,1,0,spy2,0.3184329,train,42,weighted,False
ISPY2-666147_z023,ISPY2-666147,1,0,spy2,0.30985245,train,42,weighted,False
ISPY2-666147_z024,ISPY2-666147,1,0,spy2,0.29855883,train,42,weighted,False
ISPY2-666147_z025,ISPY2-666147,1,0,spy2,0.28404963,train,42,weighted,False
ISPY2-666147_z026,ISPY2-666147,1,0,spy2,0.27353963,train,42,weighted,False
ISPY2-666147_z049,ISPY2-666147,1,0,spy2,0.31903887,train,42,weighted,False
ISPY2-666147_z050,ISPY2-666147,1,0,spy2,0.3225422,train,42,weighted,False
ISPY2-666147_z057,ISPY2-666147,1,0,spy2,0.34100938,train,42,weighted,False
ISPY2-666147_z058,ISPY2-666147,1,0,spy2,0.34464958,train,42,weighted,False
ACRIN-6698-320538_z011,ACRIN-6698-320538,1,0,spy2,0.53733784,train,42,weighted,False
ACRIN-6698-320538_z012,ACRIN-6698-320538,1,0,spy2,0.540341,train,42,weighted,False
ACRIN-6698-320538_z013,ACRIN-6698-320538,1,0,spy2,0.5452368,train,42,weighted,False
ACRIN-6698-320538_z014,ACRIN-6698-320538,1,0,spy2,0.54636985,train,42,weighted,False
ACRIN-6698-320538_z015,ACRIN-6698-320538,1,0,spy2,0.54324764,train,42,weighted,False
ACRIN-6698-320538_z016,ACRIN-6698-320538,1,0,spy2,0.5368634,train,42,weighted,False
ACRIN-6698-320538_z017,ACRIN-6698-320538,1,0,spy2,0.5405993,train,42,weighted,False
ACRIN-6698-320538_z018,ACRIN-6698-320538,1,0,spy2,0.549761,train,42,weighted,False
ACRIN-6698-320538_z019,ACRIN-6698-320538,1,0,spy2,0.55594844,train,42,weighted,False
ACRIN-6698-320538_z020,ACRIN-6698-320538,1,0,spy2,0.5481483,train,42,weighted,False
ISPY2-266509_z006,ISPY2-266509,1,1,spy2,0.6156999,train,42,weighted,False
ISPY2-266509_z007,ISPY2-266509,1,1,spy2,0.6159832,train,42,weighted,False
ISPY2-266509_z008,ISPY2-266509,1,1,spy2,0.61691386,train,42,weighted,False
ISPY2-266509_z009,ISPY2-266509,1,1,spy2,0.6187463,train,42,weighted,False
ISPY2-266509_z010,ISPY2-266509,1,1,spy2,0.6191641,train,42,weighted,False
ISPY2-266509_z011,ISPY2-266509,1,1,spy2,0.6186655,train,42,weighted,False
ISPY2-266509_z012,ISPY2-266509,1,1,spy2,0.6192093,train,42,weighted,False
ISPY2-266509_z013,ISPY2-266509,1,1,spy2,0.6197672,train,42,weighted,False
ISPY2-266509_z014,ISPY2-266509,1,1,spy2,0.6203139,train,42,weighted,False
ISPY2-266509_z015,ISPY2-266509,1,1,spy2,0.6207071,train,42,weighted,False
ISPY2-803677_z017,ISPY2-803677,1,0,spy2,0.52831405,train,42,weighted,False
ISPY2-803677_z018,ISPY2-803677,1,0,spy2,0.52480936,train,42,weighted,False
ISPY2-803677_z019,ISPY2-803677,1,0,spy2,0.53082216,train,42,weighted,False
ISPY2-803677_z020,ISPY2-803677,1,0,spy2,0.53924954,train,42,weighted,False
ISPY2-803677_z021,ISPY2-803677,1,0,spy2,0.54443425,train,42,weighted,False
ISPY2-803677_z022,ISPY2-803677,1,0,spy2,0.5453111,train,42,weighted,False
ISPY2-803677_z023,ISPY2-803677,1,0,spy2,0.5467629,train,42,weighted,False
ISPY2-803677_z024,ISPY2-803677,1,0,spy2,0.5436501,train,42,weighted,False
ISPY2-803677_z025,ISPY2-803677,1,0,spy2,0.5450138,train,42,weighted,False
ISPY2-803677_z027,ISPY2-803677,1,0,spy2,0.5572488,train,42,weighted,False
ISPY2-233832_z010,ISPY2-233832,1,0,spy2,0.60706156,train,42,weighted,False
ISPY2-233832_z011,ISPY2-233832,1,0,spy2,0.6068652,train,42,weighted,False
ISPY2-233832_z012,ISPY2-233832,1,0,spy2,0.6066534,train,42,weighted,False
ISPY2-233832_z013,ISPY2-233832,1,0,spy2,0.6066534,train,42,weighted,False
ISPY2-233832_z014,ISPY2-233832,1,0,spy2,0.6066534,train,42,weighted,False
ISPY2-233832_z015,ISPY2-233832,1,0,spy2,0.6054088,train,42,weighted,False
ISPY2-233832_z016,ISPY2-233832,1,0,spy2,0.6066534,train,42,weighted,False
ISPY2-233832_z017,ISPY2-233832,1,0,spy2,0.6066534,train,42,weighted,False
ISPY2-233832_z018,ISPY2-233832,1,0,spy2,0.6066534,train,42,weighted,False
ISPY2-233832_z019,ISPY2-233832,1,0,spy2,0.60172313,train,42,weighted,False
ISPY2-994987_z008,ISPY2-994987,1,0,spy2,0.22947055,train,42,weighted,False
ISPY2-994987_z009,ISPY2-994987,1,0,spy2,0.22929244,train,42,weighted,False
ISPY2-994987_z010,ISPY2-994987,1,0,spy2,0.22921969,train,42,weighted,False
ISPY2-994987_z011,ISPY2-994987,1,0,spy2,0.2292471,train,42,weighted,False
ISPY2-994987_z012,ISPY2-994987,1,0,spy2,0.22909224,train,42,weighted,False
ISPY2-994987_z013,ISPY2-994987,1,0,spy2,0.22890155,train,42,weighted,False
ISPY2-994987_z014,ISPY2-994987,1,0,spy2,0.22895955,train,42,weighted,False
ISPY2-994987_z015,ISPY2-994987,1,0,spy2,0.228788,train,42,weighted,False
ISPY2-994987_z016,ISPY2-994987,1,0,spy2,0.2283281,train,42,weighted,False
ISPY2-994987_z017,ISPY2-994987,1,0,spy2,0.227768,train,42,weighted,False
ISPY2-640463_z022,ISPY2-640463,1,1,spy2,0.2782507,train,42,weighted,False
ISPY2-640463_z023,ISPY2-640463,1,1,spy2,0.2782507,train,42,weighted,False
ISPY2-640463_z024,ISPY2-640463,1,1,spy2,0.2782507,train,42,weighted,False
ISPY2-640463_z025,ISPY2-640463,1,1,spy2,0.277685,train,42,weighted,False
ISPY2-640463_z026,ISPY2-640463,1,1,spy2,0.27660388,train,42,weighted,False
ISPY2-640463_z027,ISPY2-640463,1,1,spy2,0.27742004,train,42,weighted,False
ISPY2-640463_z028,ISPY2-640463,1,1,spy2,0.27711028,train,42,weighted,False
ISPY2-640463_z029,ISPY2-640463,1,1,spy2,0.27636546,train,42,weighted,False
ISPY2-640463_z030,ISPY2-640463,1,1,spy2,0.2782507,train,42,weighted,False
ISPY2-640463_z031,ISPY2-640463,1,1,spy2,0.2782507,train,42,weighted,False
ISPY2-955953_z020,ISPY2-955953,1,1,spy2,0.80629283,train,42,weighted,False
ISPY2-955953_z021,ISPY2-955953,1,1,spy2,0.8016737,train,42,weighted,False
ISPY2-955953_z025,ISPY2-955953,1,1,spy2,0.8077392,train,42,weighted,False
ISPY2-955953_z026,ISPY2-955953,1,1,spy2,0.8061724,train,42,weighted,False
ISPY2-955953_z027,ISPY2-955953,1,1,spy2,0.80510753,train,42,weighted,False
ISPY2-955953_z028,ISPY2-955953,1,1,spy2,0.8072257,train,42,weighted,False
ISPY2-955953_z029,ISPY2-955953,1,1,spy2,0.8058361,train,42,weighted,False
ISPY2-955953_z030,ISPY2-955953,1,1,spy2,0.8058969,train,42,weighted,False
ISPY2-955953_z031,ISPY2-955953,1,1,spy2,0.8072936,train,42,weighted,False
ISPY2-955953_z032,ISPY2-955953,1,1,spy2,0.8086125,train,42,weighted,False
ISPY2-340186_z016,ISPY2-340186,1,0,spy2,0.64321077,train,42,weighted,False
ISPY2-340186_z017,ISPY2-340186,1,0,spy2,0.64286,train,42,weighted,False
ISPY2-340186_z018,ISPY2-340186,1,0,spy2,0.64151824,train,42,weighted,False
ISPY2-340186_z019,ISPY2-340186,1,0,spy2,0.6297875,train,42,weighted,False
ISPY2-340186_z020,ISPY2-340186,1,0,spy2,0.61601084,train,42,weighted,False
ISPY2-340186_z021,ISPY2-340186,1,0,spy2,0.6063819,train,42,weighted,False
ISPY2-340186_z022,ISPY2-340186,1,0,spy2,0.6024004,train,42,weighted,False
ISPY2-340186_z023,ISPY2-340186,1,0,spy2,0.60458744,train,42,weighted,False
ISPY2-340186_z024,ISPY2-340186,1,0,spy2,0.6090301,train,42,weighted,False
ISPY2-340186_z025,ISPY2-340186,1,0,spy2,0.61344904,train,42,weighted,False
ISPY2-324021_z005,ISPY2-324021,1,0,spy2,0.5144724,train,42,weighted,False
ISPY2-324021_z006,ISPY2-324021,1,0,spy2,0.51411635,train,42,weighted,False
ISPY2-324021_z007,ISPY2-324021,1,0,spy2,0.5139188,train,42,weighted,False
ISPY2-324021_z008,ISPY2-324021,1,0,spy2,0.5137545,train,42,weighted,False
ISPY2-324021_z009,ISPY2-324021,1,0,spy2,0.5136284,train,42,weighted,False
ISPY2-324021_z010,ISPY2-324021,1,0,spy2,0.5137717,train,42,weighted,False
ISPY2-324021_z011,ISPY2-324021,1,0,spy2,0.513695,train,42,weighted,False
ISPY2-324021_z012,ISPY2-324021,1,0,spy2,0.5135622,train,42,weighted,False
ISPY2-324021_z013,ISPY2-324021,1,0,spy2,0.5134132,train,42,weighted,False
ISPY2-324021_z014,ISPY2-324021,1,0,spy2,0.5133322,train,42,weighted,False
ACRIN-6698-943633_z006,ACRIN-6698-943633,1,0,spy2,0.6396788,train,42,weighted,False
ACRIN-6698-943633_z007,ACRIN-6698-943633,1,0,spy2,0.6396788,train,42,weighted,False
ACRIN-6698-943633_z008,ACRIN-6698-943633,1,0,spy2,0.6396788,train,42,weighted,False
ACRIN-6698-943633_z009,ACRIN-6698-943633,1,0,spy2,0.6396788,train,42,weighted,False
ACRIN-6698-943633_z010,ACRIN-6698-943633,1,0,spy2,0.6396788,train,42,weighted,False
ACRIN-6698-943633_z011,ACRIN-6698-943633,1,0,spy2,0.63971937,train,42,weighted,False
ACRIN-6698-943633_z012,ACRIN-6698-943633,1,0,spy2,0.642042,train,42,weighted,False
ACRIN-6698-943633_z013,ACRIN-6698-943633,1,0,spy2,0.64303553,train,42,weighted,False
ACRIN-6698-943633_z014,ACRIN-6698-943633,1,0,spy2,0.6418185,train,42,weighted,False
ACRIN-6698-943633_z015,ACRIN-6698-943633,1,0,spy2,0.64015704,train,42,weighted,False
ACRIN-6698-429220_z010,ACRIN-6698-429220,1,0,spy2,0.5779877,train,42,weighted,False
ACRIN-6698-429220_z011,ACRIN-6698-429220,1,0,spy2,0.5779877,train,42,weighted,False
ACRIN-6698-429220_z012,ACRIN-6698-429220,1,0,spy2,0.57664895,train,42,weighted,False
ACRIN-6698-429220_z013,ACRIN-6698-429220,1,0,spy2,0.5779493,train,42,weighted,False
ACRIN-6698-429220_z014,ACRIN-6698-429220,1,0,spy2,0.5779877,train,42,weighted,False
ACRIN-6698-429220_z015,ACRIN-6698-429220,1,0,spy2,0.5779683,train,42,weighted,False
ACRIN-6698-429220_z016,ACRIN-6698-429220,1,0,spy2,0.57792646,train,42,weighted,False
ACRIN-6698-429220_z017,ACRIN-6698-429220,1,0,spy2,0.57789004,train,42,weighted,False
ACRIN-6698-429220_z018,ACRIN-6698-429220,1,0,spy2,0.57790536,train,42,weighted,False
ACRIN-6698-429220_z019,ACRIN-6698-429220,1,0,spy2,0.5778224,train,42,weighted,False
ISPY2-330134_z006,ISPY2-330134,1,0,spy2,0.27205262,train,42,weighted,False
ISPY2-330134_z007,ISPY2-330134,1,0,spy2,0.2711095,train,42,weighted,False
ISPY2-330134_z008,ISPY2-330134,1,0,spy2,0.26637256,train,42,weighted,False
ISPY2-330134_z009,ISPY2-330134,1,0,spy2,0.25616696,train,42,weighted,False
ISPY2-330134_z010,ISPY2-330134,1,0,spy2,0.24953137,train,42,weighted,False
ISPY2-330134_z011,ISPY2-330134,1,0,spy2,0.24665336,train,42,weighted,False
ISPY2-330134_z012,ISPY2-330134,1,0,spy2,0.24381559,train,42,weighted,False
ISPY2-330134_z013,ISPY2-330134,1,0,spy2,0.25452703,train,42,weighted,False
ISPY2-330134_z014,ISPY2-330134,1,0,spy2,0.2613654,train,42,weighted,False
ISPY2-330134_z015,ISPY2-330134,1,0,spy2,0.26246852,train,42,weighted,False
ISPY2-646600_z005,ISPY2-646600,1,0,spy2,0.2574435,train,42,weighted,False
ISPY2-646600_z006,ISPY2-646600,1,0,spy2,0.2573913,train,42,weighted,False
ISPY2-646600_z007,ISPY2-646600,1,0,spy2,0.2577786,train,42,weighted,False
ISPY2-646600_z008,ISPY2-646600,1,0,spy2,0.2575066,train,42,weighted,False
ISPY2-646600_z009,ISPY2-646600,1,0,spy2,0.2578379,train,42,weighted,False
ISPY2-646600_z010,ISPY2-646600,1,0,spy2,0.25792468,train,42,weighted,False
ISPY2-646600_z011,ISPY2-646600,1,0,spy2,0.25767913,train,42,weighted,False
ISPY2-646600_z012,ISPY2-646600,1,0,spy2,0.25789526,train,42,weighted,False
ISPY2-646600_z013,ISPY2-646600,1,0,spy2,0.2579709,train,42,weighted,False
ISPY2-646600_z014,ISPY2-646600,1,0,spy2,0.25791183,train,42,weighted,False
ACRIN-6698-629371_z011,ACRIN-6698-629371,1,1,spy2,0.7772544,train,42,weighted,False
ACRIN-6698-629371_z012,ACRIN-6698-629371,1,1,spy2,0.7772544,train,42,weighted,False
ACRIN-6698-629371_z013,ACRIN-6698-629371,1,1,spy2,0.7772544,train,42,weighted,False
ACRIN-6698-629371_z014,ACRIN-6698-629371,1,1,spy2,0.7772544,train,42,weighted,False
ACRIN-6698-629371_z015,ACRIN-6698-629371,1,1,spy2,0.7772544,train,42,weighted,False
ACRIN-6698-629371_z016,ACRIN-6698-629371,1,1,spy2,0.7772544,train,42,weighted,False
ACRIN-6698-629371_z017,ACRIN-6698-629371,1,1,spy2,0.7773347,train,42,weighted,False
ACRIN-6698-629371_z018,ACRIN-6698-629371,1,1,spy2,0.77738166,train,42,weighted,False
ACRIN-6698-629371_z019,ACRIN-6698-629371,1,1,spy2,0.77745086,train,42,weighted,False
ACRIN-6698-629371_z020,ACRIN-6698-629371,1,1,spy2,0.77750826,train,42,weighted,False
ISPY2-800710_z006,ISPY2-800710,1,0,spy2,0.59293884,train,42,weighted,False
ISPY2-800710_z007,ISPY2-800710,1,0,spy2,0.6025613,train,42,weighted,False
ISPY2-800710_z008,ISPY2-800710,1,0,spy2,0.6067145,train,42,weighted,False
ISPY2-800710_z009,ISPY2-800710,1,0,spy2,0.6058757,train,42,weighted,False
ISPY2-800710_z010,ISPY2-800710,1,0,spy2,0.60168153,train,42,weighted,False
ISPY2-800710_z011,ISPY2-800710,1,0,spy2,0.5919756,train,42,weighted,False
ISPY2-800710_z012,ISPY2-800710,1,0,spy2,0.5876502,train,42,weighted,False
ISPY2-800710_z013,ISPY2-800710,1,0,spy2,0.59651214,train,42,weighted,False
ISPY2-800710_z014,ISPY2-800710,1,0,spy2,0.61105233,train,42,weighted,False
ISPY2-800710_z015,ISPY2-800710,1,0,spy2,0.6201468,train,42,weighted,False
ISPY2-934459_z029,ISPY2-934459,1,0,spy2,0.49156967,train,42,weighted,False
ISPY2-934459_z030,ISPY2-934459,1,0,spy2,0.48925295,train,42,weighted,False
ISPY2-934459_z031,ISPY2-934459,1,0,spy2,0.49064714,train,42,weighted,False
ISPY2-934459_z032,ISPY2-934459,1,0,spy2,0.49254715,train,42,weighted,False
ISPY2-934459_z033,ISPY2-934459,1,0,spy2,0.49258092,train,42,weighted,False
ISPY2-934459_z034,ISPY2-934459,1,0,spy2,0.48945737,train,42,weighted,False
ISPY2-934459_z035,ISPY2-934459,1,0,spy2,0.4902539,train,42,weighted,False
ISPY2-934459_z036,ISPY2-934459,1,0,spy2,0.49258092,train,42,weighted,False
ISPY2-934459_z037,ISPY2-934459,1,0,spy2,0.49258092,train,42,weighted,False
ISPY2-934459_z038,ISPY2-934459,1,0,spy2,0.49258092,train,42,weighted,False
ISPY2-454808_z003,ISPY2-454808,1,0,spy2,0.6606689,train,42,weighted,False
ISPY2-454808_z004,ISPY2-454808,1,0,spy2,0.6610967,train,42,weighted,False
ISPY2-454808_z005,ISPY2-454808,1,0,spy2,0.66201586,train,42,weighted,False
ISPY2-454808_z006,ISPY2-454808,1,0,spy2,0.66205317,train,42,weighted,False
ISPY2-454808_z007,ISPY2-454808,1,0,spy2,0.6626715,train,42,weighted,False
ISPY2-454808_z008,ISPY2-454808,1,0,spy2,0.6630453,train,42,weighted,False
ISPY2-454808_z009,ISPY2-454808,1,0,spy2,0.6634678,train,42,weighted,False
ISPY2-454808_z010,ISPY2-454808,1,0,spy2,0.66372293,train,42,weighted,False
ISPY2-454808_z011,ISPY2-454808,1,0,spy2,0.6637402,train,42,weighted,False
ISPY2-454808_z012,ISPY2-454808,1,0,spy2,0.6636177,train,42,weighted,False
ISPY2-962664_z023,ISPY2-962664,1,1,spy2,0.6253445,train,42,weighted,False
ISPY2-962664_z024,ISPY2-962664,1,1,spy2,0.62612945,train,42,weighted,False
ISPY2-962664_z025,ISPY2-962664,1,1,spy2,0.6274824,train,42,weighted,False
ISPY2-962664_z026,ISPY2-962664,1,1,spy2,0.6277235,train,42,weighted,False
ISPY2-962664_z027,ISPY2-962664,1,1,spy2,0.6290795,train,42,weighted,False
ISPY2-962664_z028,ISPY2-962664,1,1,spy2,0.629429,train,42,weighted,False
ISPY2-962664_z029,ISPY2-962664,1,1,spy2,0.6292861,train,42,weighted,False
ISPY2-962664_z030,ISPY2-962664,1,1,spy2,0.62932533,train,42,weighted,False
ISPY2-962664_z031,ISPY2-962664,1,1,spy2,0.6293359,train,42,weighted,False
ISPY2-962664_z032,ISPY2-962664,1,1,spy2,0.62937325,train,42,weighted,False
ISPY2-228340_z036,ISPY2-228340,1,0,spy2,0.6864654,train,42,weighted,False
ISPY2-228340_z037,ISPY2-228340,1,0,spy2,0.68683004,train,42,weighted,False
ISPY2-228340_z038,ISPY2-228340,1,0,spy2,0.6872248,train,42,weighted,False
ISPY2-228340_z039,ISPY2-228340,1,0,spy2,0.6874011,train,42,weighted,False
ISPY2-228340_z040,ISPY2-228340,1,0,spy2,0.68779075,train,42,weighted,False
ISPY2-228340_z041,ISPY2-228340,1,0,spy2,0.68776786,train,42,weighted,False
ISPY2-228340_z042,ISPY2-228340,1,0,spy2,0.6876631,train,42,weighted,False
ISPY2-228340_z043,ISPY2-228340,1,0,spy2,0.68761224,train,42,weighted,False
ISPY2-228340_z048,ISPY2-228340,1,0,spy2,0.68720114,train,42,weighted,False
ISPY2-228340_z049,ISPY2-228340,1,0,spy2,0.6869371,train,42,weighted,False
ISPY2-790397_z013,ISPY2-790397,1,1,spy2,0.60464466,train,42,weighted,False
ISPY2-790397_z014,ISPY2-790397,1,1,spy2,0.6034035,train,42,weighted,False
ISPY2-790397_z015,ISPY2-790397,1,1,spy2,0.60227334,train,42,weighted,False
ISPY2-790397_z016,ISPY2-790397,1,1,spy2,0.60277313,train,42,weighted,False
ISPY2-790397_z017,ISPY2-790397,1,1,spy2,0.60479784,train,42,weighted,False
ISPY2-790397_z018,ISPY2-790397,1,1,spy2,0.6053921,train,42,weighted,False
ISPY2-790397_z019,ISPY2-790397,1,1,spy2,0.6051575,train,42,weighted,False
ISPY2-790397_z020,ISPY2-790397,1,1,spy2,0.6025913,train,42,weighted,False
ISPY2-790397_z021,ISPY2-790397,1,1,spy2,0.60182583,train,42,weighted,False
ISPY2-790397_z022,ISPY2-790397,1,1,spy2,0.60182583,train,42,weighted,False
ACRIN-6698-465008_z003,ACRIN-6698-465008,1,0,spy2,0.1974671,train,42,weighted,False
ACRIN-6698-465008_z004,ACRIN-6698-465008,1,0,spy2,0.21255904,train,42,weighted,False
ACRIN-6698-465008_z005,ACRIN-6698-465008,1,0,spy2,0.23625308,train,42,weighted,False
ACRIN-6698-465008_z006,ACRIN-6698-465008,1,0,spy2,0.2603795,train,42,weighted,False
ACRIN-6698-465008_z007,ACRIN-6698-465008,1,0,spy2,0.26359865,train,42,weighted,False
ACRIN-6698-465008_z008,ACRIN-6698-465008,1,0,spy2,0.26984605,train,42,weighted,False
ACRIN-6698-465008_z009,ACRIN-6698-465008,1,0,spy2,0.26730427,train,42,weighted,False
ACRIN-6698-465008_z010,ACRIN-6698-465008,1,0,spy2,0.25565177,train,42,weighted,False
ACRIN-6698-465008_z011,ACRIN-6698-465008,1,0,spy2,0.24354072,train,42,weighted,False
ACRIN-6698-465008_z012,ACRIN-6698-465008,1,0,spy2,0.2401908,train,42,weighted,False
ISPY2-865416_z025,ISPY2-865416,1,0,spy2,0.49450198,train,42,weighted,False
ISPY2-865416_z026,ISPY2-865416,1,0,spy2,0.49722832,train,42,weighted,False
ISPY2-865416_z027,ISPY2-865416,1,0,spy2,0.49869367,train,42,weighted,False
ISPY2-865416_z028,ISPY2-865416,1,0,spy2,0.50125647,train,42,weighted,False
ISPY2-865416_z029,ISPY2-865416,1,0,spy2,0.50411063,train,42,weighted,False
ISPY2-865416_z030,ISPY2-865416,1,0,spy2,0.505864,train,42,weighted,False
ISPY2-865416_z031,ISPY2-865416,1,0,spy2,0.50835705,train,42,weighted,False
ISPY2-865416_z032,ISPY2-865416,1,0,spy2,0.5115122,train,42,weighted,False
ISPY2-865416_z033,ISPY2-865416,1,0,spy2,0.5147002,train,42,weighted,False
ISPY2-865416_z034,ISPY2-865416,1,0,spy2,0.5192243,train,42,weighted,False
ISPY2-566011_z014,ISPY2-566011,1,0,spy2,0.5084549,train,42,weighted,False
ISPY2-566011_z015,ISPY2-566011,1,0,spy2,0.50844496,train,42,weighted,False
ISPY2-566011_z016,ISPY2-566011,1,0,spy2,0.50826216,train,42,weighted,False
ISPY2-566011_z017,ISPY2-566011,1,0,spy2,0.50777715,train,42,weighted,False
ISPY2-566011_z018,ISPY2-566011,1,0,spy2,0.5015677,train,42,weighted,False
ISPY2-566011_z019,ISPY2-566011,1,0,spy2,0.49217188,train,42,weighted,False
ISPY2-566011_z020,ISPY2-566011,1,0,spy2,0.48467928,train,42,weighted,False
ISPY2-566011_z021,ISPY2-566011,1,0,spy2,0.47884238,train,42,weighted,False
ISPY2-566011_z022,ISPY2-566011,1,0,spy2,0.4835878,train,42,weighted,False
ISPY2-566011_z043,ISPY2-566011,1,0,spy2,0.50777715,train,42,weighted,False
ISPY2-188511_z020,ISPY2-188511,1,0,spy2,0.23740825,train,42,weighted,False
ISPY2-188511_z021,ISPY2-188511,1,0,spy2,0.23880923,train,42,weighted,False
ISPY2-188511_z022,ISPY2-188511,1,0,spy2,0.23964947,train,42,weighted,False
ISPY2-188511_z023,ISPY2-188511,1,0,spy2,0.24016346,train,42,weighted,False
ISPY2-188511_z024,ISPY2-188511,1,0,spy2,0.23919132,train,42,weighted,False
ISPY2-188511_z025,ISPY2-188511,1,0,spy2,0.23732035,train,42,weighted,False
ISPY2-188511_z026,ISPY2-188511,1,0,spy2,0.23785026,train,42,weighted,False
ISPY2-188511_z027,ISPY2-188511,1,0,spy2,0.23800969,train,42,weighted,False
ISPY2-188511_z028,ISPY2-188511,1,0,spy2,0.23894915,train,42,weighted,False
ISPY2-188511_z029,ISPY2-188511,1,0,spy2,0.2419029,train,42,weighted,False
ACRIN-6698-573919_z020,ACRIN-6698-573919,1,0,spy2,0.70093083,train,42,weighted,False
ACRIN-6698-573919_z021,ACRIN-6698-573919,1,0,spy2,0.7187871,train,42,weighted,False
ACRIN-6698-573919_z022,ACRIN-6698-573919,1,0,spy2,0.7256743,train,42,weighted,False
ACRIN-6698-573919_z023,ACRIN-6698-573919,1,0,spy2,0.7311543,train,42,weighted,False
ACRIN-6698-573919_z024,ACRIN-6698-573919,1,0,spy2,0.748624,train,42,weighted,False
ACRIN-6698-573919_z025,ACRIN-6698-573919,1,0,spy2,0.7601063,train,42,weighted,False
ACRIN-6698-573919_z026,ACRIN-6698-573919,1,0,spy2,0.7633178,train,42,weighted,False
ACRIN-6698-573919_z027,ACRIN-6698-573919,1,0,spy2,0.7636471,train,42,weighted,False
ACRIN-6698-573919_z028,ACRIN-6698-573919,1,0,spy2,0.7688933,train,42,weighted,False
ACRIN-6698-573919_z029,ACRIN-6698-573919,1,0,spy2,0.77449083,train,42,weighted,False
ISPY2-824234_z009,ISPY2-824234,1,1,spy2,0.49050954,train,42,weighted,False
ISPY2-824234_z010,ISPY2-824234,1,1,spy2,0.4907244,train,42,weighted,False
ISPY2-824234_z017,ISPY2-824234,1,1,spy2,0.48654738,train,42,weighted,False
ISPY2-824234_z018,ISPY2-824234,1,1,spy2,0.4865845,train,42,weighted,False
ISPY2-824234_z019,ISPY2-824234,1,1,spy2,0.4865845,train,42,weighted,False
ISPY2-824234_z020,ISPY2-824234,1,1,spy2,0.4865845,train,42,weighted,False
ISPY2-824234_z022,ISPY2-824234,1,1,spy2,0.4868313,train,42,weighted,False
ISPY2-824234_z023,ISPY2-824234,1,1,spy2,0.48891738,train,42,weighted,False
ISPY2-824234_z024,ISPY2-824234,1,1,spy2,0.49071568,train,42,weighted,False
ISPY2-824234_z025,ISPY2-824234,1,1,spy2,0.49104425,train,42,weighted,False
ISPY2-749097_z029,ISPY2-749097,1,0,spy2,0.21809638,train,42,weighted,False
ISPY2-749097_z030,ISPY2-749097,1,0,spy2,0.21936227,train,42,weighted,False
ISPY2-749097_z031,ISPY2-749097,1,0,spy2,0.22223301,train,42,weighted,False
ISPY2-749097_z032,ISPY2-749097,1,0,spy2,0.2272035,train,42,weighted,False
ISPY2-749097_z033,ISPY2-749097,1,0,spy2,0.23093964,train,42,weighted,False
ISPY2-749097_z034,ISPY2-749097,1,0,spy2,0.23093964,train,42,weighted,False
ISPY2-749097_z035,ISPY2-749097,1,0,spy2,0.23093964,train,42,weighted,False
ISPY2-749097_z036,ISPY2-749097,1,0,spy2,0.23093143,train,42,weighted,False
ISPY2-749097_z037,ISPY2-749097,1,0,spy2,0.2311943,train,42,weighted,False
ISPY2-749097_z038,ISPY2-749097,1,0,spy2,0.23154718,train,42,weighted,False
ISPY2-728714_z009,ISPY2-728714,1,0,spy2,0.23745178,train,42,weighted,False
ISPY2-728714_z010,ISPY2-728714,1,0,spy2,0.23973474,train,42,weighted,False
ISPY2-728714_z011,ISPY2-728714,1,0,spy2,0.24191244,train,42,weighted,False
ISPY2-728714_z012,ISPY2-728714,1,0,spy2,0.24373126,train,42,weighted,False
ISPY2-728714_z013,ISPY2-728714,1,0,spy2,0.24104293,train,42,weighted,False
ISPY2-728714_z014,ISPY2-728714,1,0,spy2,0.2415026,train,42,weighted,False
ISPY2-728714_z015,ISPY2-728714,1,0,spy2,0.24314818,train,42,weighted,False
ISPY2-728714_z016,ISPY2-728714,1,0,spy2,0.24495766,train,42,weighted,False
ISPY2-728714_z017,ISPY2-728714,1,0,spy2,0.24840155,train,42,weighted,False
ISPY2-728714_z018,ISPY2-728714,1,0,spy2,0.25133246,train,42,weighted,False
ISPY2-726381_z019,ISPY2-726381,1,0,spy2,0.47149822,train,42,weighted,False
ISPY2-726381_z020,ISPY2-726381,1,0,spy2,0.4713384,train,42,weighted,False
ISPY2-726381_z021,ISPY2-726381,1,0,spy2,0.47101894,train,42,weighted,False
ISPY2-726381_z022,ISPY2-726381,1,0,spy2,0.47071368,train,42,weighted,False
ISPY2-726381_z023,ISPY2-726381,1,0,spy2,0.47075376,train,42,weighted,False
ISPY2-726381_z024,ISPY2-726381,1,0,spy2,0.47094044,train,42,weighted,False
ISPY2-726381_z025,ISPY2-726381,1,0,spy2,0.47095707,train,42,weighted,False
ISPY2-726381_z026,ISPY2-726381,1,0,spy2,0.4708972,train,42,weighted,False
ISPY2-726381_z027,ISPY2-726381,1,0,spy2,0.47083175,train,42,weighted,False
ISPY2-726381_z028,ISPY2-726381,1,0,spy2,0.47068387,train,42,weighted,False
ISPY2-592535_z012,ISPY2-592535,1,0,spy2,0.36672765,train,42,weighted,False
ISPY2-592535_z013,ISPY2-592535,1,0,spy2,0.36739874,train,42,weighted,False
ISPY2-592535_z014,ISPY2-592535,1,0,spy2,0.36643502,train,42,weighted,False
ISPY2-592535_z015,ISPY2-592535,1,0,spy2,0.36585534,train,42,weighted,False
ISPY2-592535_z016,ISPY2-592535,1,0,spy2,0.36575422,train,42,weighted,False
ISPY2-592535_z017,ISPY2-592535,1,0,spy2,0.36580956,train,42,weighted,False
ISPY2-592535_z018,ISPY2-592535,1,0,spy2,0.36561283,train,42,weighted,False
ISPY2-592535_z019,ISPY2-592535,1,0,spy2,0.36545655,train,42,weighted,False
ISPY2-592535_z020,ISPY2-592535,1,0,spy2,0.36544612,train,42,weighted,False
ISPY2-592535_z021,ISPY2-592535,1,0,spy2,0.36517215,train,42,weighted,False
ISPY2-443444_z010,ISPY2-443444,1,0,spy2,0.7581029,train,42,weighted,False
ISPY2-443444_z012,ISPY2-443444,1,0,spy2,0.7578702,train,42,weighted,False
ISPY2-443444_z013,ISPY2-443444,1,0,spy2,0.7580632,train,42,weighted,False
ISPY2-443444_z014,ISPY2-443444,1,0,spy2,0.75830245,train,42,weighted,False
ISPY2-443444_z015,ISPY2-443444,1,0,spy2,0.7584729,train,42,weighted,False
ISPY2-443444_z016,ISPY2-443444,1,0,spy2,0.75812984,train,42,weighted,False
ISPY2-443444_z017,ISPY2-443444,1,0,spy2,0.7578702,train,42,weighted,False
ISPY2-443444_z018,ISPY2-443444,1,0,spy2,0.7578702,train,42,weighted,False
ISPY2-443444_z019,ISPY2-443444,1,0,spy2,0.7578702,train,42,weighted,False
ISPY2-443444_z020,ISPY2-443444,1,0,spy2,0.75823927,train,42,weighted,False
ACRIN-6698-775346_z033,ACRIN-6698-775346,1,0,spy2,0.293815,train,42,weighted,False
ACRIN-6698-775346_z034,ACRIN-6698-775346,1,0,spy2,0.2964655,train,42,weighted,False
ACRIN-6698-775346_z035,ACRIN-6698-775346,1,0,spy2,0.29640678,train,42,weighted,False
ACRIN-6698-775346_z036,ACRIN-6698-775346,1,0,spy2,0.2945907,train,42,weighted,False
ACRIN-6698-775346_z037,ACRIN-6698-775346,1,0,spy2,0.29172978,train,42,weighted,False
ACRIN-6698-775346_z038,ACRIN-6698-775346,1,0,spy2,0.29373306,train,42,weighted,False
ACRIN-6698-775346_z039,ACRIN-6698-775346,1,0,spy2,0.29726326,train,42,weighted,False
ACRIN-6698-775346_z040,ACRIN-6698-775346,1,0,spy2,0.29994303,train,42,weighted,False
ACRIN-6698-775346_z041,ACRIN-6698-775346,1,0,spy2,0.30179837,train,42,weighted,False
ACRIN-6698-775346_z042,ACRIN-6698-775346,1,0,spy2,0.30174828,train,42,weighted,False
ISPY2-497010_z015,ISPY2-497010,1,1,spy2,0.5796736,train,42,weighted,False
ISPY2-497010_z016,ISPY2-497010,1,1,spy2,0.5797585,train,42,weighted,False
ISPY2-497010_z017,ISPY2-497010,1,1,spy2,0.5798075,train,42,weighted,False
ISPY2-497010_z018,ISPY2-497010,1,1,spy2,0.5798528,train,42,weighted,False
ISPY2-497010_z019,ISPY2-497010,1,1,spy2,0.57976186,train,42,weighted,False
ISPY2-497010_z020,ISPY2-497010,1,1,spy2,0.5795936,train,42,weighted,False
ISPY2-497010_z021,ISPY2-497010,1,1,spy2,0.5794166,train,42,weighted,False
ISPY2-497010_z022,ISPY2-497010,1,1,spy2,0.5793735,train,42,weighted,False
ISPY2-497010_z023,ISPY2-497010,1,1,spy2,0.5794603,train,42,weighted,False
ISPY2-497010_z024,ISPY2-497010,1,1,spy2,0.5793416,train,42,weighted,False
ISPY2-238790_z009,ISPY2-238790,1,0,spy2,0.4078434,train,42,weighted,False
ISPY2-238790_z010,ISPY2-238790,1,0,spy2,0.41277498,train,42,weighted,False
ISPY2-238790_z011,ISPY2-238790,1,0,spy2,0.42327726,train,42,weighted,False
ISPY2-238790_z012,ISPY2-238790,1,0,spy2,0.42184436,train,42,weighted,False
ISPY2-238790_z013,ISPY2-238790,1,0,spy2,0.42013404,train,42,weighted,False
ISPY2-238790_z014,ISPY2-238790,1,0,spy2,0.4262201,train,42,weighted,False
ISPY2-238790_z015,ISPY2-238790,1,0,spy2,0.43398085,train,42,weighted,False
ISPY2-238790_z016,ISPY2-238790,1,0,spy2,0.44042605,train,42,weighted,False
ISPY2-238790_z017,ISPY2-238790,1,0,spy2,0.44190732,train,42,weighted,False
ISPY2-238790_z018,ISPY2-238790,1,0,spy2,0.44357225,train,42,weighted,False
ISPY2-517870_z009,ISPY2-517870,1,0,spy2,0.57674134,train,42,weighted,False
ISPY2-517870_z010,ISPY2-517870,1,0,spy2,0.5951118,train,42,weighted,False
ISPY2-517870_z011,ISPY2-517870,1,0,spy2,0.6098796,train,42,weighted,False
ISPY2-517870_z012,ISPY2-517870,1,0,spy2,0.62243205,train,42,weighted,False
ISPY2-517870_z013,ISPY2-517870,1,0,spy2,0.6318278,train,42,weighted,False
ISPY2-517870_z014,ISPY2-517870,1,0,spy2,0.63575613,train,42,weighted,False
ISPY2-517870_z015,ISPY2-517870,1,0,spy2,0.63918865,train,42,weighted,False
ISPY2-517870_z016,ISPY2-517870,1,0,spy2,0.64906526,train,42,weighted,False
ISPY2-517870_z017,ISPY2-517870,1,0,spy2,0.6574639,train,42,weighted,False
ISPY2-517870_z018,ISPY2-517870,1,0,spy2,0.660282,train,42,weighted,False
ISPY2-630758_z027,ISPY2-630758,1,0,spy2,0.53327626,train,42,weighted,False
ISPY2-630758_z028,ISPY2-630758,1,0,spy2,0.5328578,train,42,weighted,False
ISPY2-630758_z029,ISPY2-630758,1,0,spy2,0.52938354,train,42,weighted,False
ISPY2-630758_z030,ISPY2-630758,1,0,spy2,0.5269636,train,42,weighted,False
ISPY2-630758_z031,ISPY2-630758,1,0,spy2,0.51959807,train,42,weighted,False
ISPY2-630758_z032,ISPY2-630758,1,0,spy2,0.51664335,train,42,weighted,False
ISPY2-630758_z033,ISPY2-630758,1,0,spy2,0.5139563,train,42,weighted,False
ISPY2-630758_z034,ISPY2-630758,1,0,spy2,0.5119803,train,42,weighted,False
ISPY2-630758_z035,ISPY2-630758,1,0,spy2,0.5126912,train,42,weighted,False
ISPY2-630758_z036,ISPY2-630758,1,0,spy2,0.5194056,train,42,weighted,False
ISPY2-174903_z009,ISPY2-174903,1,0,spy2,0.24722543,train,42,weighted,False
ISPY2-174903_z010,ISPY2-174903,1,0,spy2,0.25054058,train,42,weighted,False
ISPY2-174903_z011,ISPY2-174903,1,0,spy2,0.25156853,train,42,weighted,False
ISPY2-174903_z012,ISPY2-174903,1,0,spy2,0.25141957,train,42,weighted,False
ISPY2-174903_z013,ISPY2-174903,1,0,spy2,0.25262773,train,42,weighted,False
ISPY2-174903_z014,ISPY2-174903,1,0,spy2,0.25904155,train,42,weighted,False
ISPY2-174903_z015,ISPY2-174903,1,0,spy2,0.25236347,train,42,weighted,False
ISPY2-174903_z016,ISPY2-174903,1,0,spy2,0.23885547,train,42,weighted,False
ISPY2-174903_z017,ISPY2-174903,1,0,spy2,0.22934428,train,42,weighted,False
ISPY2-174903_z019,ISPY2-174903,1,0,spy2,0.23506828,train,42,weighted,False
ACRIN-6698-148357_z013,ACRIN-6698-148357,1,0,spy2,0.18200727,train,42,weighted,False
ACRIN-6698-148357_z014,ACRIN-6698-148357,1,0,spy2,0.18237598,train,42,weighted,False
ACRIN-6698-148357_z015,ACRIN-6698-148357,1,0,spy2,0.18267764,train,42,weighted,False
ACRIN-6698-148357_z016,ACRIN-6698-148357,1,0,spy2,0.18266764,train,42,weighted,False
ACRIN-6698-148357_z017,ACRIN-6698-148357,1,0,spy2,0.1825828,train,42,weighted,False
ACRIN-6698-148357_z018,ACRIN-6698-148357,1,0,spy2,0.18248239,train,42,weighted,False
ACRIN-6698-148357_z019,ACRIN-6698-148357,1,0,spy2,0.18222867,train,42,weighted,False
ACRIN-6698-148357_z020,ACRIN-6698-148357,1,0,spy2,0.18154606,train,42,weighted,False
ACRIN-6698-148357_z021,ACRIN-6698-148357,1,0,spy2,0.18100743,train,42,weighted,False
ACRIN-6698-148357_z022,ACRIN-6698-148357,1,0,spy2,0.18095383,train,42,weighted,False
ISPY2-579881_z007,ISPY2-579881,1,0,spy2,0.26580426,train,42,weighted,False
ISPY2-579881_z008,ISPY2-579881,1,0,spy2,0.2526702,train,42,weighted,False
ISPY2-579881_z009,ISPY2-579881,1,0,spy2,0.24934825,train,42,weighted,False
ISPY2-579881_z010,ISPY2-579881,1,0,spy2,0.24779758,train,42,weighted,False
ISPY2-579881_z011,ISPY2-579881,1,0,spy2,0.25144634,train,42,weighted,False
ISPY2-579881_z012,ISPY2-579881,1,0,spy2,0.25139266,train,42,weighted,False
ISPY2-579881_z013,ISPY2-579881,1,0,spy2,0.24388568,train,42,weighted,False
ISPY2-579881_z014,ISPY2-579881,1,0,spy2,0.24438085,train,42,weighted,False
ISPY2-579881_z015,ISPY2-579881,1,0,spy2,0.24812758,train,42,weighted,False
ISPY2-579881_z016,ISPY2-579881,1,0,spy2,0.25218984,train,42,weighted,False
ISPY2-349330_z009,ISPY2-349330,1,1,spy2,0.6288902,train,42,weighted,False
ISPY2-349330_z010,ISPY2-349330,1,1,spy2,0.6293427,train,42,weighted,False
ISPY2-349330_z011,ISPY2-349330,1,1,spy2,0.63073844,train,42,weighted,False
ISPY2-349330_z012,ISPY2-349330,1,1,spy2,0.6309038,train,42,weighted,False
ISPY2-349330_z013,ISPY2-349330,1,1,spy2,0.6307309,train,42,weighted,False
ISPY2-349330_z014,ISPY2-349330,1,1,spy2,0.63070065,train,42,weighted,False
ISPY2-349330_z015,ISPY2-349330,1,1,spy2,0.63070995,train,42,weighted,False
ISPY2-349330_z016,ISPY2-349330,1,1,spy2,0.63080966,train,42,weighted,False
ISPY2-349330_z017,ISPY2-349330,1,1,spy2,0.6308362,train,42,weighted,False
ISPY2-349330_z018,ISPY2-349330,1,1,spy2,0.63095134,train,42,weighted,False
ACRIN-6698-520471_z017,ACRIN-6698-520471,1,1,spy2,0.34706634,train,42,weighted,False
ACRIN-6698-520471_z018,ACRIN-6698-520471,1,1,spy2,0.34902546,train,42,weighted,False
ACRIN-6698-520471_z019,ACRIN-6698-520471,1,1,spy2,0.35063532,train,42,weighted,False
ACRIN-6698-520471_z020,ACRIN-6698-520471,1,1,spy2,0.35087684,train,42,weighted,False
ACRIN-6698-520471_z021,ACRIN-6698-520471,1,1,spy2,0.34846798,train,42,weighted,False
ACRIN-6698-520471_z022,ACRIN-6698-520471,1,1,spy2,0.3465435,train,42,weighted,False
ACRIN-6698-520471_z023,ACRIN-6698-520471,1,1,spy2,0.34869528,train,42,weighted,False
ACRIN-6698-520471_z024,ACRIN-6698-520471,1,1,spy2,0.35450944,train,42,weighted,False
ACRIN-6698-520471_z025,ACRIN-6698-520471,1,1,spy2,0.3564987,train,42,weighted,False
ACRIN-6698-520471_z026,ACRIN-6698-520471,1,1,spy2,0.35954013,train,42,weighted,False
ISPY2-793684_z007,ISPY2-793684,1,0,spy2,0.47128397,train,42,weighted,False
ISPY2-793684_z008,ISPY2-793684,1,0,spy2,0.49008518,train,42,weighted,False
ISPY2-793684_z009,ISPY2-793684,1,0,spy2,0.5038411,train,42,weighted,False
ISPY2-793684_z010,ISPY2-793684,1,0,spy2,0.51233214,train,42,weighted,False
ISPY2-793684_z011,ISPY2-793684,1,0,spy2,0.52148116,train,42,weighted,False
ISPY2-793684_z012,ISPY2-793684,1,0,spy2,0.5352842,train,42,weighted,False
ISPY2-793684_z013,ISPY2-793684,1,0,spy2,0.5484913,train,42,weighted,False
ISPY2-793684_z014,ISPY2-793684,1,0,spy2,0.55999327,train,42,weighted,False
ISPY2-793684_z015,ISPY2-793684,1,0,spy2,0.56056565,train,42,weighted,False
ISPY2-793684_z016,ISPY2-793684,1,0,spy2,0.5605116,train,42,weighted,False
ISPY2-572444_z021,ISPY2-572444,1,0,spy2,0.18861051,train,42,weighted,False
ISPY2-572444_z022,ISPY2-572444,1,0,spy2,0.19219458,train,42,weighted,False
ISPY2-572444_z023,ISPY2-572444,1,0,spy2,0.19572169,train,42,weighted,False
ISPY2-572444_z024,ISPY2-572444,1,0,spy2,0.20274769,train,42,weighted,False
ISPY2-572444_z025,ISPY2-572444,1,0,spy2,0.20328952,train,42,weighted,False
ISPY2-572444_z026,ISPY2-572444,1,0,spy2,0.19819796,train,42,weighted,False
ISPY2-572444_z027,ISPY2-572444,1,0,spy2,0.19949171,train,42,weighted,False
ISPY2-572444_z028,ISPY2-572444,1,0,spy2,0.20199928,train,42,weighted,False
ISPY2-572444_z029,ISPY2-572444,1,0,spy2,0.19778453,train,42,weighted,False
ISPY2-572444_z030,ISPY2-572444,1,0,spy2,0.20175438,train,42,weighted,False
ISPY2-586207_z014,ISPY2-586207,1,1,spy2,0.59372514,train,42,weighted,False
ISPY2-586207_z015,ISPY2-586207,1,1,spy2,0.5889552,train,42,weighted,False
ISPY2-586207_z016,ISPY2-586207,1,1,spy2,0.5865715,train,42,weighted,False
ISPY2-586207_z017,ISPY2-586207,1,1,spy2,0.5861111,train,42,weighted,False
ISPY2-586207_z018,ISPY2-586207,1,1,spy2,0.5864691,train,42,weighted,False
ISPY2-586207_z019,ISPY2-586207,1,1,spy2,0.58833253,train,42,weighted,False
ISPY2-586207_z020,ISPY2-586207,1,1,spy2,0.5837065,train,42,weighted,False
ISPY2-586207_z021,ISPY2-586207,1,1,spy2,0.58027345,train,42,weighted,False
ISPY2-586207_z026,ISPY2-586207,1,1,spy2,0.56073225,train,42,weighted,False
ISPY2-586207_z027,ISPY2-586207,1,1,spy2,0.55812955,train,42,weighted,False
ISPY2-287300_z011,ISPY2-287300,1,1,spy2,0.4832476,train,42,weighted,False
ISPY2-287300_z012,ISPY2-287300,1,1,spy2,0.482979,train,42,weighted,False
ISPY2-287300_z013,ISPY2-287300,1,1,spy2,0.48199996,train,42,weighted,False
ISPY2-287300_z022,ISPY2-287300,1,1,spy2,0.48192427,train,42,weighted,False
ISPY2-287300_z023,ISPY2-287300,1,1,spy2,0.48236376,train,42,weighted,False
ISPY2-287300_z024,ISPY2-287300,1,1,spy2,0.48218793,train,42,weighted,False
ISPY2-287300_z025,ISPY2-287300,1,1,spy2,0.4826733,train,42,weighted,False
ISPY2-287300_z027,ISPY2-287300,1,1,spy2,0.48321185,train,42,weighted,False
ISPY2-287300_z031,ISPY2-287300,1,1,spy2,0.4828474,train,42,weighted,False
ISPY2-287300_z032,ISPY2-287300,1,1,spy2,0.4822199,train,42,weighted,False
ACRIN-6698-241998_z018,ACRIN-6698-241998,1,0,spy2,0.20160918,train,42,weighted,False
ACRIN-6698-241998_z019,ACRIN-6698-241998,1,0,spy2,0.21321629,train,42,weighted,False
ACRIN-6698-241998_z020,ACRIN-6698-241998,1,0,spy2,0.16537793,train,42,weighted,False
ACRIN-6698-241998_z021,ACRIN-6698-241998,1,0,spy2,0.14922805,train,42,weighted,False
ACRIN-6698-241998_z022,ACRIN-6698-241998,1,0,spy2,0.14999285,train,42,weighted,False
ACRIN-6698-241998_z023,ACRIN-6698-241998,1,0,spy2,0.13234189,train,42,weighted,False
ACRIN-6698-241998_z024,ACRIN-6698-241998,1,0,spy2,0.13844457,train,42,weighted,False
ACRIN-6698-241998_z025,ACRIN-6698-241998,1,0,spy2,0.119902186,train,42,weighted,False
ACRIN-6698-241998_z026,ACRIN-6698-241998,1,0,spy2,0.15792823,train,42,weighted,False
ACRIN-6698-241998_z027,ACRIN-6698-241998,1,0,spy2,0.17116395,train,42,weighted,False
