sample_id,patient_id,fold,pCR,dataset,prob,split,seed,loss,smoke
ISPY1_1001_z012,ISPY1_1001,0,0,spy1,0.33514926,train,2026,weighted,False
ISPY1_1001_z013,ISPY1_1001,0,0,spy1,0.33514926,train,2026,weighted,False
ISPY1_1001_z014,ISPY1_1001,0,0,spy1,0.33514926,train,2026,weighted,False
ISPY1_1001_z015,ISPY1_1001,0,0,spy1,0.33514926,train,2026,weighted,False
ISPY1_1001_z016,ISPY1_1001,0,0,spy1,0.33514926,train,2026,weighted,False
ISPY1_1001_z017,ISPY1_1001,0,0,spy1,0.33514926,train,2026,weighted,False
ISPY1_1001_z018,ISPY1_1001,0,0,spy1,0.33514926,train,2026,weighted,False
ISPY1_1001_z019,ISPY1_1001,0,0,spy1,0.33514926,train,2026,weighted,False
ISPY1_1001_z020,ISPY1_1001,0,0,spy1,0.33514926,train,2026,weighted,False
ISPY1_1001_z021,ISPY1_1001,0,0,spy1,0.33514926,train,2026,weighted,False
ISPY1_1012_z015,ISPY1_1012,0,0,spy1,0.21657746,train,2026,weighted,False
ISPY1_1012_z016,ISPY1_1012,0,0,spy1,0.21657746,train,2026,weighted,False
ISPY1_1012_z017,ISPY1_1012,0,0,spy1,0.21657746,train,2026,weighted,False
ISPY1_1012_z018,ISPY1_1012,0,0,spy1,0.21657746,train,2026,weighted,False
ISPY1_1012_z019,ISPY1_1012,0,0,spy1,0.21657746,train,2026,weighted,False
ISPY1_1012_z020,ISPY1_1012,0,0,spy1,0.21657746,train,2026,weighted,False
ISPY1_1012_z021,ISPY1_1012,0,0,spy1,0.21657746,train,2026,weighted,False
ISPY1_1012_z022,ISPY1_1012,0,0,spy1,0.21657746,train,2026,weighted,False
ISPY1_1012_z023,ISPY1_1012,0,0,spy1,0.21657746,train,2026,weighted,False
ISPY1_1012_z024,ISPY1_1012,0,0,spy1,0.21657746,train,2026,weighted,False
ISPY1_1035_z005,ISPY1_1035,0,0,spy1,0.46480045,train,2026,weighted,False
ISPY1_1035_z006,ISPY1_1035,0,0,spy1,0.46497658,train,2026,weighted,False
ISPY1_1035_z009,ISPY1_1035,0,0,spy1,0.45593125,train,2026,weighted,False
ISPY1_1035_z010,ISPY1_1035,0,0,spy1,0.47159424,train,2026,weighted,False
ISPY1_1035_z011,ISPY1_1035,0,0,spy1,0.47681206,train,2026,weighted,False
ISPY1_1035_z012,ISPY1_1035,0,0,spy1,0.47943583,train,2026,weighted,False
ISPY1_1035_z013,ISPY1_1035,0,0,spy1,0.48284426,train,2026,weighted,False
ISPY1_1035_z014,ISPY1_1035,0,0,spy1,0.47620076,train,2026,weighted,False
ISPY1_1035_z015,ISPY1_1035,0,0,spy1,0.47237232,train,2026,weighted,False
ISPY1_1035_z016,ISPY1_1035,0,0,spy1,0.47056416,train,2026,weighted,False
ISPY1_1040_z014,ISPY1_1040,0,0,spy1,0.46860412,train,2026,weighted,False
ISPY1_1040_z015,ISPY1_1040,0,0,spy1,0.46860412,train,2026,weighted,False
ISPY1_1040_z016,ISPY1_1040,0,0,spy1,0.46080005,train,2026,weighted,False
ISPY1_1040_z017,ISPY1_1040,0,0,spy1,0.4682257,train,2026,weighted,False
ISPY1_1040_z020,ISPY1_1040,0,0,spy1,0.46248814,train,2026,weighted,False
ISPY1_1040_z021,ISPY1_1040,0,0,spy1,0.46860412,train,2026,weighted,False
ISPY1_1040_z022,ISPY1_1040,0,0,spy1,0.46860412,train,2026,weighted,False
ISPY1_1040_z023,ISPY1_1040,0,0,spy1,0.46860412,train,2026,weighted,False
ISPY1_1040_z024,ISPY1_1040,0,0,spy1,0.46860412,train,2026,weighted,False
ISPY1_1040_z025,ISPY1_1040,0,0,spy1,0.46860412,train,2026,weighted,False
ISPY1_1056_z027,ISPY1_1056,0,0,spy1,0.7993672,train,2026,weighted,False
ISPY1_1056_z028,ISPY1_1056,0,0,spy1,0.7993672,train,2026,weighted,False
ISPY1_1056_z029,ISPY1_1056,0,0,spy1,0.7993672,train,2026,weighted,False
ISPY1_1056_z030,ISPY1_1056,0,0,spy1,0.7993672,train,2026,weighted,False
ISPY1_1056_z031,ISPY1_1056,0,0,spy1,0.7993672,train,2026,weighted,False
ISPY1_1056_z032,ISPY1_1056,0,0,spy1,0.7993672,train,2026,weighted,False
ISPY1_1056_z033,ISPY1_1056,0,0,spy1,0.7993672,train,2026,weighted,False
ISPY1_1056_z034,ISPY1_1056,0,0,spy1,0.7993672,train,2026,weighted,False
ISPY1_1056_z035,ISPY1_1056,0,0,spy1,0.7993672,train,2026,weighted,False
ISPY1_1056_z036,ISPY1_1056,0,0,spy1,0.7993672,train,2026,weighted,False
ISPY1_1069_z007,ISPY1_1069,0,0,spy1,0.1048312,train,2026,weighted,False
ISPY1_1069_z008,ISPY1_1069,0,0,spy1,0.10704286,train,2026,weighted,False
ISPY1_1069_z009,ISPY1_1069,0,0,spy1,0.10899121,train,2026,weighted,False
ISPY1_1069_z010,ISPY1_1069,0,0,spy1,0.10694304,train,2026,weighted,False
ISPY1_1069_z011,ISPY1_1069,0,0,spy1,0.10446938,train,2026,weighted,False
ISPY1_1069_z012,ISPY1_1069,0,0,spy1,0.10285464,train,2026,weighted,False
ISPY1_1069_z013,ISPY1_1069,0,0,spy1,0.10271295,train,2026,weighted,False
ISPY1_1069_z014,ISPY1_1069,0,0,spy1,0.10467294,train,2026,weighted,False
ISPY1_1069_z015,ISPY1_1069,0,0,spy1,0.106770195,train,2026,weighted,False
ISPY1_1069_z016,ISPY1_1069,0,0,spy1,0.10880945,train,2026,weighted,False
ISPY1_1075_z010,ISPY1_1075,0,1,spy1,0.6809147,train,2026,weighted,False
ISPY1_1075_z011,ISPY1_1075,0,1,spy1,0.67899555,train,2026,weighted,False
ISPY1_1075_z013,ISPY1_1075,0,1,spy1,0.67061895,train,2026,weighted,False
ISPY1_1075_z014,ISPY1_1075,0,1,spy1,0.67449725,train,2026,weighted,False
ISPY1_1075_z015,ISPY1_1075,0,1,spy1,0.6702247,train,2026,weighted,False
ISPY1_1075_z016,ISPY1_1075,0,1,spy1,0.6648132,train,2026,weighted,False
ISPY1_1075_z017,ISPY1_1075,0,1,spy1,0.6597933,train,2026,weighted,False
ISPY1_1075_z018,ISPY1_1075,0,1,spy1,0.65916336,train,2026,weighted,False
ISPY1_1075_z019,ISPY1_1075,0,1,spy1,0.6607434,train,2026,weighted,False
ISPY1_1075_z020,ISPY1_1075,0,1,spy1,0.6668363,train,2026,weighted,False
ISPY1_1089_z012,ISPY1_1089,0,0,spy1,0.13473934,train,2026,weighted,False
ISPY1_1089_z013,ISPY1_1089,0,0,spy1,0.13473934,train,2026,weighted,False
ISPY1_1089_z014,ISPY1_1089,0,0,spy1,0.13473934,train,2026,weighted,False
ISPY1_1089_z015,ISPY1_1089,0,0,spy1,0.13473934,train,2026,weighted,False
ISPY1_1089_z016,ISPY1_1089,0,0,spy1,0.13473934,train,2026,weighted,False
ISPY1_1089_z017,ISPY1_1089,0,0,spy1,0.134316,train,2026,weighted,False
ISPY1_1089_z022,ISPY1_1089,0,0,spy1,0.1278004,train,2026,weighted,False
ISPY1_1089_z023,ISPY1_1089,0,0,spy1,0.13053289,train,2026,weighted,False
ISPY1_1089_z024,ISPY1_1089,0,0,spy1,0.1321792,train,2026,weighted,False
ISPY1_1089_z025,ISPY1_1089,0,0,spy1,0.13473934,train,2026,weighted,False
ISPY1_1104_z012,ISPY1_1104,0,1,spy1,0.71251225,train,2026,weighted,False
ISPY1_1104_z013,ISPY1_1104,0,1,spy1,0.71251225,train,2026,weighted,False
ISPY1_1104_z014,ISPY1_1104,0,1,spy1,0.71251225,train,2026,weighted,False
ISPY1_1104_z015,ISPY1_1104,0,1,spy1,0.71251225,train,2026,weighted,False
ISPY1_1104_z016,ISPY1_1104,0,1,spy1,0.71251225,train,2026,weighted,False
ISPY1_1104_z017,ISPY1_1104,0,1,spy1,0.71251225,train,2026,weighted,False
ISPY1_1104_z018,ISPY1_1104,0,1,spy1,0.71251225,train,2026,weighted,False
ISPY1_1104_z019,ISPY1_1104,0,1,spy1,0.71251225,train,2026,weighted,False
ISPY1_1104_z020,ISPY1_1104,0,1,spy1,0.71251225,train,2026,weighted,False
ISPY1_1104_z024,ISPY1_1104,0,1,spy1,0.71251225,train,2026,weighted,False
ISPY1_1120_z000,ISPY1_1120,0,0,spy1,0.40741572,train,2026,weighted,False
ISPY1_1120_z001,ISPY1_1120,0,0,spy1,0.4146811,train,2026,weighted,False
ISPY1_1120_z002,ISPY1_1120,0,0,spy1,0.41342548,train,2026,weighted,False
ISPY1_1120_z003,ISPY1_1120,0,0,spy1,0.426557,train,2026,weighted,False
ISPY1_1120_z004,ISPY1_1120,0,0,spy1,0.43299386,train,2026,weighted,False
ISPY1_1120_z005,ISPY1_1120,0,0,spy1,0.43299386,train,2026,weighted,False
ISPY1_1120_z006,ISPY1_1120,0,0,spy1,0.43299386,train,2026,weighted,False
ISPY1_1120_z007,ISPY1_1120,0,0,spy1,0.43299386,train,2026,weighted,False
ISPY1_1120_z009,ISPY1_1120,0,0,spy1,0.43299386,train,2026,weighted,False
ISPY1_1120_z010,ISPY1_1120,0,0,spy1,0.43299386,train,2026,weighted,False
ISPY1_1134_z008,ISPY1_1134,0,0,spy1,0.33784667,train,2026,weighted,False
ISPY1_1134_z009,ISPY1_1134,0,0,spy1,0.33784667,train,2026,weighted,False
ISPY1_1134_z010,ISPY1_1134,0,0,spy1,0.33784667,train,2026,weighted,False
ISPY1_1134_z011,ISPY1_1134,0,0,spy1,0.33784667,train,2026,weighted,False
ISPY1_1134_z012,ISPY1_1134,0,0,spy1,0.33784667,train,2026,weighted,False
ISPY1_1134_z013,ISPY1_1134,0,0,spy1,0.33784667,train,2026,weighted,False
ISPY1_1134_z014,ISPY1_1134,0,0,spy1,0.33784667,train,2026,weighted,False
ISPY1_1134_z015,ISPY1_1134,0,0,spy1,0.33784667,train,2026,weighted,False
ISPY1_1134_z016,ISPY1_1134,0,0,spy1,0.33784667,train,2026,weighted,False
ISPY1_1134_z017,ISPY1_1134,0,0,spy1,0.33784667,train,2026,weighted,False
ISPY1_1147_z017,ISPY1_1147,0,0,spy1,0.44687,train,2026,weighted,False
ISPY1_1147_z018,ISPY1_1147,0,0,spy1,0.44687,train,2026,weighted,False
ISPY1_1147_z019,ISPY1_1147,0,0,spy1,0.44687,train,2026,weighted,False
ISPY1_1147_z020,ISPY1_1147,0,0,spy1,0.44687,train,2026,weighted,False
ISPY1_1147_z021,ISPY1_1147,0,0,spy1,0.44687,train,2026,weighted,False
ISPY1_1147_z022,ISPY1_1147,0,0,spy1,0.44687,train,2026,weighted,False
ISPY1_1147_z023,ISPY1_1147,0,0,spy1,0.44687,train,2026,weighted,False
ISPY1_1147_z024,ISPY1_1147,0,0,spy1,0.44687,train,2026,weighted,False
ISPY1_1147_z025,ISPY1_1147,0,0,spy1,0.44687,train,2026,weighted,False
ISPY1_1147_z026,ISPY1_1147,0,0,spy1,0.44687,train,2026,weighted,False
ISPY1_1159_z021,ISPY1_1159,0,0,spy1,0.40637487,train,2026,weighted,False
ISPY1_1159_z022,ISPY1_1159,0,0,spy1,0.40637487,train,2026,weighted,False
ISPY1_1159_z023,ISPY1_1159,0,0,spy1,0.40637487,train,2026,weighted,False
ISPY1_1159_z024,ISPY1_1159,0,0,spy1,0.40637487,train,2026,weighted,False
ISPY1_1159_z025,ISPY1_1159,0,0,spy1,0.40637487,train,2026,weighted,False
ISPY1_1159_z026,ISPY1_1159,0,0,spy1,0.40637487,train,2026,weighted,False
ISPY1_1159_z027,ISPY1_1159,0,0,spy1,0.40637487,train,2026,weighted,False
ISPY1_1159_z028,ISPY1_1159,0,0,spy1,0.40637487,train,2026,weighted,False
ISPY1_1159_z029,ISPY1_1159,0,0,spy1,0.40637487,train,2026,weighted,False
ISPY1_1159_z030,ISPY1_1159,0,0,spy1,0.40637487,train,2026,weighted,False
ISPY1_1173_z015,ISPY1_1173,0,0,spy1,0.40225902,train,2026,weighted,False
ISPY1_1173_z016,ISPY1_1173,0,0,spy1,0.40225902,train,2026,weighted,False
ISPY1_1173_z017,ISPY1_1173,0,0,spy1,0.40225902,train,2026,weighted,False
ISPY1_1173_z018,ISPY1_1173,0,0,spy1,0.40225902,train,2026,weighted,False
ISPY1_1173_z019,ISPY1_1173,0,0,spy1,0.40225902,train,2026,weighted,False
ISPY1_1173_z020,ISPY1_1173,0,0,spy1,0.40225902,train,2026,weighted,False
ISPY1_1173_z021,ISPY1_1173,0,0,spy1,0.40225902,train,2026,weighted,False
ISPY1_1173_z022,ISPY1_1173,0,0,spy1,0.40225902,train,2026,weighted,False
ISPY1_1173_z023,ISPY1_1173,0,0,spy1,0.40225902,train,2026,weighted,False
ISPY1_1173_z024,ISPY1_1173,0,0,spy1,0.40225902,train,2026,weighted,False
ISPY1_1183_z004,ISPY1_1183,0,0,spy1,0.26157767,train,2026,weighted,False
ISPY1_1183_z005,ISPY1_1183,0,0,spy1,0.26157767,train,2026,weighted,False
ISPY1_1183_z006,ISPY1_1183,0,0,spy1,0.26157767,train,2026,weighted,False
ISPY1_1183_z007,ISPY1_1183,0,0,spy1,0.26157767,train,2026,weighted,False
ISPY1_1183_z008,ISPY1_1183,0,0,spy1,0.26157767,train,2026,weighted,False
ISPY1_1183_z009,ISPY1_1183,0,0,spy1,0.2608593,train,2026,weighted,False
ISPY1_1183_z010,ISPY1_1183,0,0,spy1,0.2615049,train,2026,weighted,False
ISPY1_1183_z011,ISPY1_1183,0,0,spy1,0.26157767,train,2026,weighted,False
ISPY1_1183_z012,ISPY1_1183,0,0,spy1,0.26157767,train,2026,weighted,False
ISPY1_1183_z013,ISPY1_1183,0,0,spy1,0.26157767,train,2026,weighted,False
ISPY1_1189_z005,ISPY1_1189,0,1,spy1,0.70313823,train,2026,weighted,False
ISPY1_1189_z006,ISPY1_1189,0,1,spy1,0.70313823,train,2026,weighted,False
ISPY1_1189_z007,ISPY1_1189,0,1,spy1,0.70313823,train,2026,weighted,False
ISPY1_1189_z008,ISPY1_1189,0,1,spy1,0.70313823,train,2026,weighted,False
ISPY1_1189_z009,ISPY1_1189,0,1,spy1,0.70313823,train,2026,weighted,False
ISPY1_1189_z010,ISPY1_1189,0,1,spy1,0.70313823,train,2026,weighted,False
ISPY1_1189_z011,ISPY1_1189,0,1,spy1,0.7005904,train,2026,weighted,False
ISPY1_1189_z012,ISPY1_1189,0,1,spy1,0.70063376,train,2026,weighted,False
ISPY1_1189_z013,ISPY1_1189,0,1,spy1,0.70313823,train,2026,weighted,False
ISPY1_1189_z014,ISPY1_1189,0,1,spy1,0.70313823,train,2026,weighted,False
ISPY1_1198_z005,ISPY1_1198,0,0,spy1,0.29622287,train,2026,weighted,False
ISPY1_1198_z006,ISPY1_1198,0,0,spy1,0.29622287,train,2026,weighted,False
ISPY1_1198_z007,ISPY1_1198,0,0,spy1,0.29622287,train,2026,weighted,False
ISPY1_1198_z008,ISPY1_1198,0,0,spy1,0.29622287,train,2026,weighted,False
ISPY1_1198_z009,ISPY1_1198,0,0,spy1,0.29622287,train,2026,weighted,False
ISPY1_1198_z010,ISPY1_1198,0,0,spy1,0.29622287,train,2026,weighted,False
ISPY1_1198_z011,ISPY1_1198,0,0,spy1,0.29622287,train,2026,weighted,False
ISPY1_1198_z012,ISPY1_1198,0,0,spy1,0.29622287,train,2026,weighted,False
ISPY1_1198_z013,ISPY1_1198,0,0,spy1,0.29622287,train,2026,weighted,False
ISPY1_1198_z014,ISPY1_1198,0,0,spy1,0.28702533,train,2026,weighted,False
ISPY1_1208_z005,ISPY1_1208,0,1,spy1,0.59887916,train,2026,weighted,False
ISPY1_1208_z011,ISPY1_1208,0,1,spy1,0.59887916,train,2026,weighted,False
ISPY1_1208_z012,ISPY1_1208,0,1,spy1,0.59887916,train,2026,weighted,False
ISPY1_1208_z013,ISPY1_1208,0,1,spy1,0.59887916,train,2026,weighted,False
ISPY1_1208_z014,ISPY1_1208,0,1,spy1,0.59887916,train,2026,weighted,False
ISPY1_1208_z015,ISPY1_1208,0,1,spy1,0.59887916,train,2026,weighted,False
ISPY1_1208_z016,ISPY1_1208,0,1,spy1,0.59887916,train,2026,weighted,False
ISPY1_1208_z017,ISPY1_1208,0,1,spy1,0.59887916,train,2026,weighted,False
ISPY1_1208_z018,ISPY1_1208,0,1,spy1,0.59887916,train,2026,weighted,False
ISPY1_1208_z019,ISPY1_1208,0,1,spy1,0.59887916,train,2026,weighted,False
ISPY1_1222_z005,ISPY1_1222,0,0,spy1,0.7490222,train,2026,weighted,False
ISPY1_1222_z006,ISPY1_1222,0,0,spy1,0.74569434,train,2026,weighted,False
ISPY1_1222_z007,ISPY1_1222,0,0,spy1,0.74902403,train,2026,weighted,False
ISPY1_1222_z008,ISPY1_1222,0,0,spy1,0.75320065,train,2026,weighted,False
ISPY1_1222_z009,ISPY1_1222,0,0,spy1,0.75845146,train,2026,weighted,False
ISPY1_1222_z010,ISPY1_1222,0,0,spy1,0.75903594,train,2026,weighted,False
ISPY1_1222_z011,ISPY1_1222,0,0,spy1,0.75903594,train,2026,weighted,False
ISPY1_1222_z012,ISPY1_1222,0,0,spy1,0.75903594,train,2026,weighted,False
ISPY1_1222_z013,ISPY1_1222,0,0,spy1,0.75903594,train,2026,weighted,False
ISPY1_1222_z014,ISPY1_1222,0,0,spy1,0.75903594,train,2026,weighted,False
ISPY1_1230_z008,ISPY1_1230,0,0,spy1,0.19620478,train,2026,weighted,False
ISPY1_1230_z009,ISPY1_1230,0,0,spy1,0.20740615,train,2026,weighted,False
ISPY1_1230_z010,ISPY1_1230,0,0,spy1,0.20404159,train,2026,weighted,False
ISPY1_1230_z011,ISPY1_1230,0,0,spy1,0.20532566,train,2026,weighted,False
ISPY1_1230_z012,ISPY1_1230,0,0,spy1,0.19902839,train,2026,weighted,False
ISPY1_1230_z013,ISPY1_1230,0,0,spy1,0.20576468,train,2026,weighted,False
ISPY1_1230_z014,ISPY1_1230,0,0,spy1,0.20249455,train,2026,weighted,False
ISPY1_1230_z015,ISPY1_1230,0,0,spy1,0.21269542,train,2026,weighted,False
ISPY1_1230_z016,ISPY1_1230,0,0,spy1,0.21630551,train,2026,weighted,False
ISPY1_1230_z017,ISPY1_1230,0,0,spy1,0.23374613,train,2026,weighted,False
ISPY1_1237_z003,ISPY1_1237,0,0,spy1,0.56492954,train,2026,weighted,False
ISPY1_1237_z004,ISPY1_1237,0,0,spy1,0.56354207,train,2026,weighted,False
ISPY1_1237_z005,ISPY1_1237,0,0,spy1,0.56772757,train,2026,weighted,False
ISPY1_1237_z006,ISPY1_1237,0,0,spy1,0.5735828,train,2026,weighted,False
ISPY1_1237_z007,ISPY1_1237,0,0,spy1,0.58231634,train,2026,weighted,False
ISPY1_1237_z008,ISPY1_1237,0,0,spy1,0.5785361,train,2026,weighted,False
ISPY1_1237_z009,ISPY1_1237,0,0,spy1,0.5792245,train,2026,weighted,False
ISPY1_1237_z010,ISPY1_1237,0,0,spy1,0.58093506,train,2026,weighted,False
ISPY1_1237_z011,ISPY1_1237,0,0,spy1,0.5758199,train,2026,weighted,False
ISPY1_1237_z012,ISPY1_1237,0,0,spy1,0.5697748,train,2026,weighted,False
Breast_MRI_009_z010,Breast_MRI_009,0,1,duke,0.575065,train,2026,weighted,False
Breast_MRI_009_z011,Breast_MRI_009,0,1,duke,0.575065,train,2026,weighted,False
Breast_MRI_009_z012,Breast_MRI_009,0,1,duke,0.575065,train,2026,weighted,False
Breast_MRI_009_z013,Breast_MRI_009,0,1,duke,0.575065,train,2026,weighted,False
Breast_MRI_009_z014,Breast_MRI_009,0,1,duke,0.575065,train,2026,weighted,False
Breast_MRI_009_z015,Breast_MRI_009,0,1,duke,0.575065,train,2026,weighted,False
Breast_MRI_009_z016,Breast_MRI_009,0,1,duke,0.575065,train,2026,weighted,False
Breast_MRI_009_z017,Breast_MRI_009,0,1,duke,0.575065,train,2026,weighted,False
Breast_MRI_009_z018,Breast_MRI_009,0,1,duke,0.575065,train,2026,weighted,False
Breast_MRI_009_z019,Breast_MRI_009,0,1,duke,0.575065,train,2026,weighted,False
Breast_MRI_022_z014,Breast_MRI_022,0,0,duke,0.45729896,train,2026,weighted,False
Breast_MRI_022_z015,Breast_MRI_022,0,0,duke,0.44374806,train,2026,weighted,False
Breast_MRI_022_z016,Breast_MRI_022,0,0,duke,0.45252696,train,2026,weighted,False
Breast_MRI_022_z017,Breast_MRI_022,0,0,duke,0.4620462,train,2026,weighted,False
Breast_MRI_022_z018,Breast_MRI_022,0,0,duke,0.43538138,train,2026,weighted,False
Breast_MRI_022_z019,Breast_MRI_022,0,0,duke,0.4339089,train,2026,weighted,False
Breast_MRI_022_z020,Breast_MRI_022,0,0,duke,0.43669188,train,2026,weighted,False
Breast_MRI_022_z021,Breast_MRI_022,0,0,duke,0.42306632,train,2026,weighted,False
Breast_MRI_022_z022,Breast_MRI_022,0,0,duke,0.4133212,train,2026,weighted,False
Breast_MRI_022_z023,Breast_MRI_022,0,0,duke,0.4274838,train,2026,weighted,False
Breast_MRI_043_z011,Breast_MRI_043,0,0,duke,0.6112724,train,2026,weighted,False
Breast_MRI_043_z012,Breast_MRI_043,0,0,duke,0.6064305,train,2026,weighted,False
Breast_MRI_043_z013,Breast_MRI_043,0,0,duke,0.6034236,train,2026,weighted,False
Breast_MRI_043_z014,Breast_MRI_043,0,0,duke,0.6044267,train,2026,weighted,False
Breast_MRI_043_z015,Breast_MRI_043,0,0,duke,0.6027889,train,2026,weighted,False
Breast_MRI_043_z016,Breast_MRI_043,0,0,duke,0.6003207,train,2026,weighted,False
Breast_MRI_043_z017,Breast_MRI_043,0,0,duke,0.6028888,train,2026,weighted,False
Breast_MRI_043_z018,Breast_MRI_043,0,0,duke,0.6093166,train,2026,weighted,False
Breast_MRI_043_z019,Breast_MRI_043,0,0,duke,0.6137308,train,2026,weighted,False
Breast_MRI_043_z020,Breast_MRI_043,0,0,duke,0.6096318,train,2026,weighted,False
Breast_MRI_057_z025,Breast_MRI_057,0,0,duke,0.26622388,train,2026,weighted,False
Breast_MRI_057_z026,Breast_MRI_057,0,0,duke,0.26786903,train,2026,weighted,False
Breast_MRI_057_z027,Breast_MRI_057,0,0,duke,0.26525,train,2026,weighted,False
Breast_MRI_057_z028,Breast_MRI_057,0,0,duke,0.2643419,train,2026,weighted,False
Breast_MRI_057_z029,Breast_MRI_057,0,0,duke,0.26688853,train,2026,weighted,False
Breast_MRI_057_z030,Breast_MRI_057,0,0,duke,0.26788998,train,2026,weighted,False
Breast_MRI_057_z031,Breast_MRI_057,0,0,duke,0.26653114,train,2026,weighted,False
Breast_MRI_057_z032,Breast_MRI_057,0,0,duke,0.26603606,train,2026,weighted,False
Breast_MRI_057_z033,Breast_MRI_057,0,0,duke,0.26657927,train,2026,weighted,False
Breast_MRI_057_z034,Breast_MRI_057,0,0,duke,0.2688921,train,2026,weighted,False
Breast_MRI_086_z034,Breast_MRI_086,0,0,duke,0.53359365,train,2026,weighted,False
Breast_MRI_086_z035,Breast_MRI_086,0,0,duke,0.54794073,train,2026,weighted,False
Breast_MRI_086_z036,Breast_MRI_086,0,0,duke,0.55325305,train,2026,weighted,False
Breast_MRI_086_z037,Breast_MRI_086,0,0,duke,0.5616278,train,2026,weighted,False
Breast_MRI_086_z038,Breast_MRI_086,0,0,duke,0.56280506,train,2026,weighted,False
Breast_MRI_086_z039,Breast_MRI_086,0,0,duke,0.55154544,train,2026,weighted,False
Breast_MRI_086_z040,Breast_MRI_086,0,0,duke,0.54684466,train,2026,weighted,False
Breast_MRI_086_z041,Breast_MRI_086,0,0,duke,0.5455099,train,2026,weighted,False
Breast_MRI_086_z042,Breast_MRI_086,0,0,duke,0.5564677,train,2026,weighted,False
Breast_MRI_086_z043,Breast_MRI_086,0,0,duke,0.5586313,train,2026,weighted,False
Breast_MRI_101_z006,Breast_MRI_101,0,0,duke,0.37386867,train,2026,weighted,False
Breast_MRI_101_z007,Breast_MRI_101,0,0,duke,0.37386867,train,2026,weighted,False
Breast_MRI_101_z008,Breast_MRI_101,0,0,duke,0.37386867,train,2026,weighted,False
Breast_MRI_101_z009,Breast_MRI_101,0,0,duke,0.37386867,train,2026,weighted,False
Breast_MRI_101_z010,Breast_MRI_101,0,0,duke,0.37284356,train,2026,weighted,False
Breast_MRI_101_z011,Breast_MRI_101,0,0,duke,0.37386867,train,2026,weighted,False
Breast_MRI_101_z012,Breast_MRI_101,0,0,duke,0.37386867,train,2026,weighted,False
Breast_MRI_101_z013,Breast_MRI_101,0,0,duke,0.37386867,train,2026,weighted,False
Breast_MRI_101_z014,Breast_MRI_101,0,0,duke,0.37386867,train,2026,weighted,False
Breast_MRI_101_z015,Breast_MRI_101,0,0,duke,0.37386867,train,2026,weighted,False
Breast_MRI_117_z009,Breast_MRI_117,0,0,duke,0.74289405,train,2026,weighted,False
Breast_MRI_117_z010,Breast_MRI_117,0,0,duke,0.74289405,train,2026,weighted,False
Breast_MRI_117_z011,Breast_MRI_117,0,0,duke,0.74289405,train,2026,weighted,False
Breast_MRI_117_z012,Breast_MRI_117,0,0,duke,0.74289405,train,2026,weighted,False
Breast_MRI_117_z013,Breast_MRI_117,0,0,duke,0.74289405,train,2026,weighted,False
Breast_MRI_117_z014,Breast_MRI_117,0,0,duke,0.74289405,train,2026,weighted,False
Breast_MRI_117_z015,Breast_MRI_117,0,0,duke,0.74289405,train,2026,weighted,False
Breast_MRI_117_z016,Breast_MRI_117,0,0,duke,0.74289405,train,2026,weighted,False
Breast_MRI_117_z017,Breast_MRI_117,0,0,duke,0.74289405,train,2026,weighted,False
Breast_MRI_117_z018,Breast_MRI_117,0,0,duke,0.74289405,train,2026,weighted,False
Breast_MRI_136_z003,Breast_MRI_136,0,0,duke,0.3624359,train,2026,weighted,False
Breast_MRI_136_z004,Breast_MRI_136,0,0,duke,0.35010526,train,2026,weighted,False
Breast_MRI_136_z005,Breast_MRI_136,0,0,duke,0.34585822,train,2026,weighted,False
Breast_MRI_136_z006,Breast_MRI_136,0,0,duke,0.34271228,train,2026,weighted,False
Breast_MRI_136_z007,Breast_MRI_136,0,0,duke,0.3489807,train,2026,weighted,False
Breast_MRI_136_z008,Breast_MRI_136,0,0,duke,0.34056264,train,2026,weighted,False
Breast_MRI_136_z009,Breast_MRI_136,0,0,duke,0.33914724,train,2026,weighted,False
Breast_MRI_136_z010,Breast_MRI_136,0,0,duke,0.33893526,train,2026,weighted,False
Breast_MRI_136_z011,Breast_MRI_136,0,0,duke,0.3377239,train,2026,weighted,False
Breast_MRI_136_z012,Breast_MRI_136,0,0,duke,0.34228972,train,2026,weighted,False
Breast_MRI_144_z009,Breast_MRI_144,0,1,duke,0.8054938,train,2026,weighted,False
Breast_MRI_144_z010,Breast_MRI_144,0,1,duke,0.80564255,train,2026,weighted,False
Breast_MRI_144_z011,Breast_MRI_144,0,1,duke,0.8048459,train,2026,weighted,False
Breast_MRI_144_z012,Breast_MRI_144,0,1,duke,0.8028442,train,2026,weighted,False
Breast_MRI_144_z013,Breast_MRI_144,0,1,duke,0.80270135,train,2026,weighted,False
Breast_MRI_144_z014,Breast_MRI_144,0,1,duke,0.79873294,train,2026,weighted,False
Breast_MRI_144_z015,Breast_MRI_144,0,1,duke,0.7971654,train,2026,weighted,False
Breast_MRI_144_z016,Breast_MRI_144,0,1,duke,0.79991066,train,2026,weighted,False
Breast_MRI_144_z017,Breast_MRI_144,0,1,duke,0.7991769,train,2026,weighted,False
Breast_MRI_144_z018,Breast_MRI_144,0,1,duke,0.8016613,train,2026,weighted,False
Breast_MRI_163_z018,Breast_MRI_163,0,0,duke,0.35407117,train,2026,weighted,False
Breast_MRI_163_z019,Breast_MRI_163,0,0,duke,0.35407117,train,2026,weighted,False
Breast_MRI_163_z020,Breast_MRI_163,0,0,duke,0.35407117,train,2026,weighted,False
Breast_MRI_163_z021,Breast_MRI_163,0,0,duke,0.35407117,train,2026,weighted,False
Breast_MRI_163_z022,Breast_MRI_163,0,0,duke,0.35407117,train,2026,weighted,False
Breast_MRI_163_z023,Breast_MRI_163,0,0,duke,0.35407117,train,2026,weighted,False
Breast_MRI_163_z024,Breast_MRI_163,0,0,duke,0.35407117,train,2026,weighted,False
Breast_MRI_163_z025,Breast_MRI_163,0,0,duke,0.35407117,train,2026,weighted,False
Breast_MRI_163_z026,Breast_MRI_163,0,0,duke,0.35407117,train,2026,weighted,False
Breast_MRI_163_z027,Breast_MRI_163,0,0,duke,0.35407117,train,2026,weighted,False
Breast_MRI_205_z026,Breast_MRI_205,0,0,duke,0.24291511,train,2026,weighted,False
Breast_MRI_205_z027,Breast_MRI_205,0,0,duke,0.2348042,train,2026,weighted,False
Breast_MRI_205_z028,Breast_MRI_205,0,0,duke,0.2317536,train,2026,weighted,False
Breast_MRI_205_z029,Breast_MRI_205,0,0,duke,0.22656664,train,2026,weighted,False
Breast_MRI_205_z030,Breast_MRI_205,0,0,duke,0.2240643,train,2026,weighted,False
Breast_MRI_205_z031,Breast_MRI_205,0,0,duke,0.2180449,train,2026,weighted,False
Breast_MRI_205_z032,Breast_MRI_205,0,0,duke,0.21699733,train,2026,weighted,False
Breast_MRI_205_z033,Breast_MRI_205,0,0,duke,0.21152753,train,2026,weighted,False
Breast_MRI_205_z034,Breast_MRI_205,0,0,duke,0.2154366,train,2026,weighted,False
Breast_MRI_205_z035,Breast_MRI_205,0,0,duke,0.21873258,train,2026,weighted,False
Breast_MRI_233_z005,Breast_MRI_233,0,0,duke,0.5788413,train,2026,weighted,False
Breast_MRI_233_z006,Breast_MRI_233,0,0,duke,0.5720956,train,2026,weighted,False
Breast_MRI_233_z007,Breast_MRI_233,0,0,duke,0.57564145,train,2026,weighted,False
Breast_MRI_233_z008,Breast_MRI_233,0,0,duke,0.5730415,train,2026,weighted,False
Breast_MRI_233_z009,Breast_MRI_233,0,0,duke,0.56952655,train,2026,weighted,False
Breast_MRI_233_z010,Breast_MRI_233,0,0,duke,0.5741569,train,2026,weighted,False
Breast_MRI_233_z011,Breast_MRI_233,0,0,duke,0.572278,train,2026,weighted,False
Breast_MRI_233_z012,Breast_MRI_233,0,0,duke,0.5748594,train,2026,weighted,False
Breast_MRI_233_z013,Breast_MRI_233,0,0,duke,0.57198536,train,2026,weighted,False
Breast_MRI_233_z014,Breast_MRI_233,0,0,duke,0.5687746,train,2026,weighted,False
Breast_MRI_255_z028,Breast_MRI_255,0,1,duke,0.46905077,train,2026,weighted,False
Breast_MRI_255_z029,Breast_MRI_255,0,1,duke,0.46905077,train,2026,weighted,False
Breast_MRI_255_z030,Breast_MRI_255,0,1,duke,0.46905077,train,2026,weighted,False
Breast_MRI_255_z031,Breast_MRI_255,0,1,duke,0.46905077,train,2026,weighted,False
Breast_MRI_255_z032,Breast_MRI_255,0,1,duke,0.46905077,train,2026,weighted,False
Breast_MRI_255_z033,Breast_MRI_255,0,1,duke,0.46905077,train,2026,weighted,False
Breast_MRI_255_z034,Breast_MRI_255,0,1,duke,0.46905077,train,2026,weighted,False
Breast_MRI_255_z035,Breast_MRI_255,0,1,duke,0.46905077,train,2026,weighted,False
Breast_MRI_255_z036,Breast_MRI_255,0,1,duke,0.46905077,train,2026,weighted,False
Breast_MRI_255_z037,Breast_MRI_255,0,1,duke,0.46905077,train,2026,weighted,False
Breast_MRI_268_z016,Breast_MRI_268,0,0,duke,0.33576292,train,2026,weighted,False
Breast_MRI_268_z017,Breast_MRI_268,0,0,duke,0.33576292,train,2026,weighted,False
Breast_MRI_268_z018,Breast_MRI_268,0,0,duke,0.33576292,train,2026,weighted,False
Breast_MRI_268_z019,Breast_MRI_268,0,0,duke,0.33576292,train,2026,weighted,False
Breast_MRI_268_z020,Breast_MRI_268,0,0,duke,0.33576292,train,2026,weighted,False
Breast_MRI_268_z021,Breast_MRI_268,0,0,duke,0.33576292,train,2026,weighted,False
Breast_MRI_268_z022,Breast_MRI_268,0,0,duke,0.33576292,train,2026,weighted,False
Breast_MRI_268_z023,Breast_MRI_268,0,0,duke,0.33576292,train,2026,weighted,False
Breast_MRI_268_z024,Breast_MRI_268,0,0,duke,0.33576292,train,2026,weighted,False
Breast_MRI_268_z025,Breast_MRI_268,0,0,duke,0.33576292,train,2026,weighted,False
Breast_MRI_293_z028,Breast_MRI_293,0,0,duke,0.48226932,train,2026,weighted,False
Breast_MRI_293_z029,Breast_MRI_293,0,0,duke,0.4813392,train,2026,weighted,False
Breast_MRI_293_z030,Breast_MRI_293,0,0,duke,0.47901803,train,2026,weighted,False
Breast_MRI_293_z031,Breast_MRI_293,0,0,duke,0.48125964,train,2026,weighted,False
Breast_MRI_293_z032,Breast_MRI_293,0,0,duke,0.47726837,train,2026,weighted,False
Breast_MRI_293_z033,Breast_MRI_293,0,0,duke,0.47158444,train,2026,weighted,False
Breast_MRI_293_z034,Breast_MRI_293,0,0,duke,0.47376093,train,2026,weighted,False
Breast_MRI_293_z035,Breast_MRI_293,0,0,duke,0.4733084,train,2026,weighted,False
Breast_MRI_293_z036,Breast_MRI_293,0,0,duke,0.46988675,train,2026,weighted,False
Breast_MRI_293_z037,Breast_MRI_293,0,0,duke,0.46698236,train,2026,weighted,False
Breast_MRI_321_z016,Breast_MRI_321,0,0,duke,0.80191296,train,2026,weighted,False
Breast_MRI_321_z017,Breast_MRI_321,0,0,duke,0.8031059,train,2026,weighted,False
Breast_MRI_321_z018,Breast_MRI_321,0,0,duke,0.80426955,train,2026,weighted,False
Breast_MRI_321_z019,Breast_MRI_321,0,0,duke,0.80494225,train,2026,weighted,False
Breast_MRI_321_z020,Breast_MRI_321,0,0,duke,0.80162716,train,2026,weighted,False
Breast_MRI_321_z021,Breast_MRI_321,0,0,duke,0.80417943,train,2026,weighted,False
Breast_MRI_321_z022,Breast_MRI_321,0,0,duke,0.80243915,train,2026,weighted,False
Breast_MRI_321_z023,Breast_MRI_321,0,0,duke,0.8010132,train,2026,weighted,False
Breast_MRI_321_z024,Breast_MRI_321,0,0,duke,0.8001069,train,2026,weighted,False
Breast_MRI_321_z025,Breast_MRI_321,0,0,duke,0.7996895,train,2026,weighted,False
Breast_MRI_350_z012,Breast_MRI_350,0,1,duke,0.26362798,train,2026,weighted,False
Breast_MRI_350_z013,Breast_MRI_350,0,1,duke,0.26362798,train,2026,weighted,False
Breast_MRI_350_z014,Breast_MRI_350,0,1,duke,0.26362798,train,2026,weighted,False
Breast_MRI_350_z015,Breast_MRI_350,0,1,duke,0.26362798,train,2026,weighted,False
Breast_MRI_350_z016,Breast_MRI_350,0,1,duke,0.26362798,train,2026,weighted,False
Breast_MRI_350_z017,Breast_MRI_350,0,1,duke,0.26362798,train,2026,weighted,False
Breast_MRI_350_z018,Breast_MRI_350,0,1,duke,0.26362798,train,2026,weighted,False
Breast_MRI_350_z019,Breast_MRI_350,0,1,duke,0.26362798,train,2026,weighted,False
Breast_MRI_350_z020,Breast_MRI_350,0,1,duke,0.26362798,train,2026,weighted,False
Breast_MRI_350_z021,Breast_MRI_350,0,1,duke,0.26362798,train,2026,weighted,False
Breast_MRI_378_z017,Breast_MRI_378,0,0,duke,0.19605637,train,2026,weighted,False
Breast_MRI_378_z018,Breast_MRI_378,0,0,duke,0.19427347,train,2026,weighted,False
Breast_MRI_378_z019,Breast_MRI_378,0,0,duke,0.19580056,train,2026,weighted,False
Breast_MRI_378_z020,Breast_MRI_378,0,0,duke,0.19352788,train,2026,weighted,False
Breast_MRI_378_z021,Breast_MRI_378,0,0,duke,0.19307423,train,2026,weighted,False
Breast_MRI_378_z022,Breast_MRI_378,0,0,duke,0.19414982,train,2026,weighted,False
Breast_MRI_378_z023,Breast_MRI_378,0,0,duke,0.195856,train,2026,weighted,False
Breast_MRI_378_z024,Breast_MRI_378,0,0,duke,0.19716688,train,2026,weighted,False
Breast_MRI_378_z025,Breast_MRI_378,0,0,duke,0.19797471,train,2026,weighted,False
Breast_MRI_378_z026,Breast_MRI_378,0,0,duke,0.19748902,train,2026,weighted,False
Breast_MRI_397_z006,Breast_MRI_397,0,0,duke,0.59852403,train,2026,weighted,False
Breast_MRI_397_z007,Breast_MRI_397,0,0,duke,0.60259795,train,2026,weighted,False
Breast_MRI_397_z008,Breast_MRI_397,0,0,duke,0.60259795,train,2026,weighted,False
Breast_MRI_397_z009,Breast_MRI_397,0,0,duke,0.60259795,train,2026,weighted,False
Breast_MRI_397_z010,Breast_MRI_397,0,0,duke,0.60259795,train,2026,weighted,False
Breast_MRI_397_z011,Breast_MRI_397,0,0,duke,0.60259795,train,2026,weighted,False
Breast_MRI_397_z012,Breast_MRI_397,0,0,duke,0.60259795,train,2026,weighted,False
Breast_MRI_397_z013,Breast_MRI_397,0,0,duke,0.60259795,train,2026,weighted,False
Breast_MRI_397_z014,Breast_MRI_397,0,0,duke,0.60259795,train,2026,weighted,False
Breast_MRI_397_z015,Breast_MRI_397,0,0,duke,0.60259795,train,2026,weighted,False
Breast_MRI_420_z038,Breast_MRI_420,0,1,duke,0.63191634,train,2026,weighted,False
Breast_MRI_420_z039,Breast_MRI_420,0,1,duke,0.63191634,train,2026,weighted,False
Breast_MRI_420_z040,Breast_MRI_420,0,1,duke,0.63191634,train,2026,weighted,False
Breast_MRI_420_z041,Breast_MRI_420,0,1,duke,0.63191634,train,2026,weighted,False
Breast_MRI_420_z042,Breast_MRI_420,0,1,duke,0.63191634,train,2026,weighted,False
Breast_MRI_420_z043,Breast_MRI_420,0,1,duke,0.63191634,train,2026,weighted,False
Breast_MRI_420_z044,Breast_MRI_420,0,1,duke,0.63191634,train,2026,weighted,False
Breast_MRI_420_z045,Breast_MRI_420,0,1,duke,0.63191634,train,2026,weighted,False
Breast_MRI_420_z046,Breast_MRI_420,0,1,duke,0.63191634,train,2026,weighted,False
Breast_MRI_420_z047,Breast_MRI_420,0,1,duke,0.63191634,train,2026,weighted,False
Breast_MRI_438_z008,Breast_MRI_438,0,1,duke,0.64603204,train,2026,weighted,False
Breast_MRI_438_z009,Breast_MRI_438,0,1,duke,0.64603204,train,2026,weighted,False
Breast_MRI_438_z010,Breast_MRI_438,0,1,duke,0.64603204,train,2026,weighted,False
Breast_MRI_438_z011,Breast_MRI_438,0,1,duke,0.64603204,train,2026,weighted,False
Breast_MRI_438_z012,Breast_MRI_438,0,1,duke,0.64603204,train,2026,weighted,False
Breast_MRI_438_z013,Breast_MRI_438,0,1,duke,0.64603204,train,2026,weighted,False
Breast_MRI_438_z014,Breast_MRI_438,0,1,duke,0.64603204,train,2026,weighted,False
Breast_MRI_438_z015,Breast_MRI_438,0,1,duke,0.6444256,train,2026,weighted,False
Breast_MRI_438_z016,Breast_MRI_438,0,1,duke,0.64371073,train,2026,weighted,False
Breast_MRI_438_z017,Breast_MRI_438,0,1,duke,0.6418464,train,2026,weighted,False
Breast_MRI_465_z006,Breast_MRI_465,0,0,duke,0.42511913,train,2026,weighted,False
Breast_MRI_465_z007,Breast_MRI_465,0,0,duke,0.42511913,train,2026,weighted,False
Breast_MRI_465_z008,Breast_MRI_465,0,0,duke,0.42511913,train,2026,weighted,False
Breast_MRI_465_z009,Breast_MRI_465,0,0,duke,0.42511913,train,2026,weighted,False
Breast_MRI_465_z010,Breast_MRI_465,0,0,duke,0.42511913,train,2026,weighted,False
Breast_MRI_465_z011,Breast_MRI_465,0,0,duke,0.42511913,train,2026,weighted,False
Breast_MRI_465_z012,Breast_MRI_465,0,0,duke,0.42511913,train,2026,weighted,False
Breast_MRI_465_z013,Breast_MRI_465,0,0,duke,0.42511913,train,2026,weighted,False
Breast_MRI_465_z014,Breast_MRI_465,0,0,duke,0.42511913,train,2026,weighted,False
Breast_MRI_465_z015,Breast_MRI_465,0,0,duke,0.42511913,train,2026,weighted,False
Breast_MRI_489_z023,Breast_MRI_489,0,1,duke,0.65385664,train,2026,weighted,False
Breast_MRI_489_z024,Breast_MRI_489,0,1,duke,0.65385664,train,2026,weighted,False
Breast_MRI_489_z025,Breast_MRI_489,0,1,duke,0.65385664,train,2026,weighted,False
Breast_MRI_489_z026,Breast_MRI_489,0,1,duke,0.65385664,train,2026,weighted,False
Breast_MRI_489_z027,Breast_MRI_489,0,1,duke,0.65385664,train,2026,weighted,False
Breast_MRI_489_z028,Breast_MRI_489,0,1,duke,0.65385664,train,2026,weighted,False
Breast_MRI_489_z029,Breast_MRI_489,0,1,duke,0.65385664,train,2026,weighted,False
Breast_MRI_489_z030,Breast_MRI_489,0,1,duke,0.65385664,train,2026,weighted,False
Breast_MRI_489_z031,Breast_MRI_489,0,1,duke,0.65385664,train,2026,weighted,False
Breast_MRI_489_z032,Breast_MRI_489,0,1,duke,0.65385664,train,2026,weighted,False
Breast_MRI_506_z004,Breast_MRI_506,0,0,duke,0.35662994,train,2026,weighted,False
Breast_MRI_506_z005,Breast_MRI_506,0,0,duke,0.3630317,train,2026,weighted,False
Breast_MRI_506_z006,Breast_MRI_506,0,0,duke,0.36018306,train,2026,weighted,False
Breast_MRI_506_z007,Breast_MRI_506,0,0,duke,0.3611667,train,2026,weighted,False
Breast_MRI_506_z008,Breast_MRI_506,0,0,duke,0.35930336,train,2026,weighted,False
Breast_MRI_506_z009,Breast_MRI_506,0,0,duke,0.35895315,train,2026,weighted,False
Breast_MRI_506_z010,Breast_MRI_506,0,0,duke,0.3605868,train,2026,weighted,False
Breast_MRI_506_z011,Breast_MRI_506,0,0,duke,0.36793742,train,2026,weighted,False
Breast_MRI_506_z012,Breast_MRI_506,0,0,duke,0.36675832,train,2026,weighted,False
Breast_MRI_506_z013,Breast_MRI_506,0,0,duke,0.3635602,train,2026,weighted,False
Breast_MRI_527_z037,Breast_MRI_527,0,0,duke,0.36578402,train,2026,weighted,False
Breast_MRI_527_z038,Breast_MRI_527,0,0,duke,0.36578402,train,2026,weighted,False
Breast_MRI_527_z039,Breast_MRI_527,0,0,duke,0.36578402,train,2026,weighted,False
Breast_MRI_527_z040,Breast_MRI_527,0,0,duke,0.36578402,train,2026,weighted,False
Breast_MRI_527_z041,Breast_MRI_527,0,0,duke,0.36578402,train,2026,weighted,False
Breast_MRI_527_z042,Breast_MRI_527,0,0,duke,0.36578402,train,2026,weighted,False
Breast_MRI_527_z043,Breast_MRI_527,0,0,duke,0.36578402,train,2026,weighted,False
Breast_MRI_527_z044,Breast_MRI_527,0,0,duke,0.36578402,train,2026,weighted,False
Breast_MRI_527_z045,Breast_MRI_527,0,0,duke,0.36578402,train,2026,weighted,False
Breast_MRI_527_z046,Breast_MRI_527,0,0,duke,0.36578402,train,2026,weighted,False
Breast_MRI_541_z008,Breast_MRI_541,0,0,duke,0.5451249,train,2026,weighted,False
Breast_MRI_541_z009,Breast_MRI_541,0,0,duke,0.54842556,train,2026,weighted,False
Breast_MRI_541_z010,Breast_MRI_541,0,0,duke,0.549588,train,2026,weighted,False
Breast_MRI_541_z011,Breast_MRI_541,0,0,duke,0.5615089,train,2026,weighted,False
Breast_MRI_541_z012,Breast_MRI_541,0,0,duke,0.5580847,train,2026,weighted,False
Breast_MRI_541_z013,Breast_MRI_541,0,0,duke,0.54921955,train,2026,weighted,False
Breast_MRI_541_z014,Breast_MRI_541,0,0,duke,0.5533685,train,2026,weighted,False
Breast_MRI_541_z015,Breast_MRI_541,0,0,duke,0.5480783,train,2026,weighted,False
Breast_MRI_541_z016,Breast_MRI_541,0,0,duke,0.5499373,train,2026,weighted,False
Breast_MRI_541_z017,Breast_MRI_541,0,0,duke,0.5534979,train,2026,weighted,False
Breast_MRI_562_z013,Breast_MRI_562,0,1,duke,0.57001483,train,2026,weighted,False
Breast_MRI_562_z014,Breast_MRI_562,0,1,duke,0.57134837,train,2026,weighted,False
Breast_MRI_562_z015,Breast_MRI_562,0,1,duke,0.5716775,train,2026,weighted,False
Breast_MRI_562_z016,Breast_MRI_562,0,1,duke,0.57260454,train,2026,weighted,False
Breast_MRI_562_z017,Breast_MRI_562,0,1,duke,0.5726461,train,2026,weighted,False
Breast_MRI_562_z018,Breast_MRI_562,0,1,duke,0.573268,train,2026,weighted,False
Breast_MRI_562_z019,Breast_MRI_562,0,1,duke,0.5734401,train,2026,weighted,False
Breast_MRI_562_z020,Breast_MRI_562,0,1,duke,0.5751443,train,2026,weighted,False
Breast_MRI_562_z021,Breast_MRI_562,0,1,duke,0.57921094,train,2026,weighted,False
Breast_MRI_562_z022,Breast_MRI_562,0,1,duke,0.5776695,train,2026,weighted,False
Breast_MRI_592_z029,Breast_MRI_592,0,0,duke,0.19663478,train,2026,weighted,False
Breast_MRI_592_z030,Breast_MRI_592,0,0,duke,0.19708014,train,2026,weighted,False
Breast_MRI_592_z031,Breast_MRI_592,0,0,duke,0.19248341,train,2026,weighted,False
Breast_MRI_592_z032,Breast_MRI_592,0,0,duke,0.19129582,train,2026,weighted,False
Breast_MRI_592_z033,Breast_MRI_592,0,0,duke,0.19583172,train,2026,weighted,False
Breast_MRI_592_z034,Breast_MRI_592,0,0,duke,0.19571424,train,2026,weighted,False
Breast_MRI_592_z035,Breast_MRI_592,0,0,duke,0.19682954,train,2026,weighted,False
Breast_MRI_592_z036,Breast_MRI_592,0,0,duke,0.19970243,train,2026,weighted,False
Breast_MRI_592_z037,Breast_MRI_592,0,0,duke,0.19755848,train,2026,weighted,False
Breast_MRI_592_z038,Breast_MRI_592,0,0,duke,0.19932216,train,2026,weighted,False
Breast_MRI_605_z010,Breast_MRI_605,0,0,duke,0.36355945,train,2026,weighted,False
Breast_MRI_605_z011,Breast_MRI_605,0,0,duke,0.3614729,train,2026,weighted,False
Breast_MRI_605_z012,Breast_MRI_605,0,0,duke,0.3610001,train,2026,weighted,False
Breast_MRI_605_z013,Breast_MRI_605,0,0,duke,0.362709,train,2026,weighted,False
Breast_MRI_605_z014,Breast_MRI_605,0,0,duke,0.35627085,train,2026,weighted,False
Breast_MRI_605_z015,Breast_MRI_605,0,0,duke,0.35066992,train,2026,weighted,False
Breast_MRI_605_z016,Breast_MRI_605,0,0,duke,0.35276183,train,2026,weighted,False
Breast_MRI_605_z017,Breast_MRI_605,0,0,duke,0.35514915,train,2026,weighted,False
Breast_MRI_605_z018,Breast_MRI_605,0,0,duke,0.3519426,train,2026,weighted,False
Breast_MRI_605_z019,Breast_MRI_605,0,0,duke,0.34689254,train,2026,weighted,False
Breast_MRI_612_z010,Breast_MRI_612,0,0,duke,0.6547372,train,2026,weighted,False
Breast_MRI_612_z011,Breast_MRI_612,0,0,duke,0.65345496,train,2026,weighted,False
Breast_MRI_612_z012,Breast_MRI_612,0,0,duke,0.6514616,train,2026,weighted,False
Breast_MRI_612_z013,Breast_MRI_612,0,0,duke,0.65111005,train,2026,weighted,False
Breast_MRI_612_z014,Breast_MRI_612,0,0,duke,0.65331525,train,2026,weighted,False
Breast_MRI_612_z015,Breast_MRI_612,0,0,duke,0.65300065,train,2026,weighted,False
Breast_MRI_612_z016,Breast_MRI_612,0,0,duke,0.65484357,train,2026,weighted,False
Breast_MRI_612_z017,Breast_MRI_612,0,0,duke,0.65765345,train,2026,weighted,False
Breast_MRI_612_z018,Breast_MRI_612,0,0,duke,0.6565281,train,2026,weighted,False
Breast_MRI_612_z019,Breast_MRI_612,0,0,duke,0.6595995,train,2026,weighted,False
Breast_MRI_626_z003,Breast_MRI_626,0,0,duke,0.26030296,train,2026,weighted,False
Breast_MRI_626_z004,Breast_MRI_626,0,0,duke,0.26597577,train,2026,weighted,False
Breast_MRI_626_z005,Breast_MRI_626,0,0,duke,0.26867747,train,2026,weighted,False
Breast_MRI_626_z006,Breast_MRI_626,0,0,duke,0.27122152,train,2026,weighted,False
Breast_MRI_626_z007,Breast_MRI_626,0,0,duke,0.2713723,train,2026,weighted,False
Breast_MRI_626_z008,Breast_MRI_626,0,0,duke,0.26806718,train,2026,weighted,False
Breast_MRI_626_z009,Breast_MRI_626,0,0,duke,0.2696583,train,2026,weighted,False
Breast_MRI_626_z010,Breast_MRI_626,0,0,duke,0.26962593,train,2026,weighted,False
Breast_MRI_626_z011,Breast_MRI_626,0,0,duke,0.26979655,train,2026,weighted,False
Breast_MRI_626_z012,Breast_MRI_626,0,0,duke,0.26531234,train,2026,weighted,False
Breast_MRI_651_z002,Breast_MRI_651,0,0,duke,0.27829778,train,2026,weighted,False
Breast_MRI_651_z003,Breast_MRI_651,0,0,duke,0.28331122,train,2026,weighted,False
Breast_MRI_651_z004,Breast_MRI_651,0,0,duke,0.2867743,train,2026,weighted,False
Breast_MRI_651_z005,Breast_MRI_651,0,0,duke,0.28637806,train,2026,weighted,False
Breast_MRI_651_z006,Breast_MRI_651,0,0,duke,0.2797773,train,2026,weighted,False
Breast_MRI_651_z007,Breast_MRI_651,0,0,duke,0.28490123,train,2026,weighted,False
Breast_MRI_670_z003,Breast_MRI_670,0,0,duke,0.1984683,train,2026,weighted,False
Breast_MRI_670_z004,Breast_MRI_670,0,0,duke,0.20285787,train,2026,weighted,False
Breast_MRI_670_z005,Breast_MRI_670,0,0,duke,0.1999647,train,2026,weighted,False
Breast_MRI_670_z006,Breast_MRI_670,0,0,duke,0.19753751,train,2026,weighted,False
Breast_MRI_670_z007,Breast_MRI_670,0,0,duke,0.18982786,train,2026,weighted,False
Breast_MRI_670_z008,Breast_MRI_670,0,0,duke,0.18995875,train,2026,weighted,False
Breast_MRI_670_z009,Breast_MRI_670,0,0,duke,0.18252873,train,2026,weighted,False
Breast_MRI_670_z010,Breast_MRI_670,0,0,duke,0.1814935,train,2026,weighted,False
Breast_MRI_670_z011,Breast_MRI_670,0,0,duke,0.18733853,train,2026,weighted,False
Breast_MRI_670_z012,Breast_MRI_670,0,0,duke,0.19429825,train,2026,weighted,False
Breast_MRI_681_z035,Breast_MRI_681,0,0,duke,0.48049018,train,2026,weighted,False
Breast_MRI_681_z036,Breast_MRI_681,0,0,duke,0.47984654,train,2026,weighted,False
Breast_MRI_681_z037,Breast_MRI_681,0,0,duke,0.4763404,train,2026,weighted,False
Breast_MRI_681_z038,Breast_MRI_681,0,0,duke,0.47428948,train,2026,weighted,False
Breast_MRI_681_z039,Breast_MRI_681,0,0,duke,0.46952736,train,2026,weighted,False
Breast_MRI_681_z040,Breast_MRI_681,0,0,duke,0.4685825,train,2026,weighted,False
Breast_MRI_681_z041,Breast_MRI_681,0,0,duke,0.46834397,train,2026,weighted,False
Breast_MRI_681_z042,Breast_MRI_681,0,0,duke,0.46321383,train,2026,weighted,False
Breast_MRI_681_z043,Breast_MRI_681,0,0,duke,0.46991244,train,2026,weighted,False
Breast_MRI_681_z044,Breast_MRI_681,0,0,duke,0.48183253,train,2026,weighted,False
Breast_MRI_697_z003,Breast_MRI_697,0,0,duke,0.34473193,train,2026,weighted,False
Breast_MRI_697_z004,Breast_MRI_697,0,0,duke,0.34473193,train,2026,weighted,False
Breast_MRI_697_z005,Breast_MRI_697,0,0,duke,0.34473193,train,2026,weighted,False
Breast_MRI_697_z006,Breast_MRI_697,0,0,duke,0.34473193,train,2026,weighted,False
Breast_MRI_697_z007,Breast_MRI_697,0,0,duke,0.34473193,train,2026,weighted,False
Breast_MRI_697_z008,Breast_MRI_697,0,0,duke,0.34473193,train,2026,weighted,False
Breast_MRI_697_z009,Breast_MRI_697,0,0,duke,0.34473193,train,2026,weighted,False
Breast_MRI_697_z010,Breast_MRI_697,0,0,duke,0.34473193,train,2026,weighted,False
Breast_MRI_697_z011,Breast_MRI_697,0,0,duke,0.34473193,train,2026,weighted,False
Breast_MRI_697_z012,Breast_MRI_697,0,0,duke,0.34473193,train,2026,weighted,False
Breast_MRI_724_z017,Breast_MRI_724,0,0,duke,0.15901165,train,2026,weighted,False
Breast_MRI_724_z018,Breast_MRI_724,0,0,duke,0.15901165,train,2026,weighted,False
Breast_MRI_724_z019,Breast_MRI_724,0,0,duke,0.15901165,train,2026,weighted,False
Breast_MRI_724_z020,Breast_MRI_724,0,0,duke,0.15901165,train,2026,weighted,False
Breast_MRI_724_z021,Breast_MRI_724,0,0,duke,0.15901165,train,2026,weighted,False
Breast_MRI_724_z022,Breast_MRI_724,0,0,duke,0.15901165,train,2026,weighted,False
Breast_MRI_724_z023,Breast_MRI_724,0,0,duke,0.15901165,train,2026,weighted,False
Breast_MRI_724_z024,Breast_MRI_724,0,0,duke,0.15901165,train,2026,weighted,False
Breast_MRI_724_z025,Breast_MRI_724,0,0,duke,0.15901165,train,2026,weighted,False
Breast_MRI_724_z026,Breast_MRI_724,0,0,duke,0.15901165,train,2026,weighted,False
Breast_MRI_774_z003,Breast_MRI_774,0,1,duke,0.7284275,train,2026,weighted,False
Breast_MRI_774_z004,Breast_MRI_774,0,1,duke,0.7284275,train,2026,weighted,False
Breast_MRI_774_z005,Breast_MRI_774,0,1,duke,0.7284275,train,2026,weighted,False
Breast_MRI_774_z006,Breast_MRI_774,0,1,duke,0.7284275,train,2026,weighted,False
Breast_MRI_774_z007,Breast_MRI_774,0,1,duke,0.7284275,train,2026,weighted,False
Breast_MRI_774_z008,Breast_MRI_774,0,1,duke,0.7284275,train,2026,weighted,False
Breast_MRI_774_z009,Breast_MRI_774,0,1,duke,0.7284275,train,2026,weighted,False
Breast_MRI_774_z010,Breast_MRI_774,0,1,duke,0.7284275,train,2026,weighted,False
Breast_MRI_774_z011,Breast_MRI_774,0,1,duke,0.7284275,train,2026,weighted,False
Breast_MRI_774_z012,Breast_MRI_774,0,1,duke,0.7284275,train,2026,weighted,False
Breast_MRI_809_z016,Breast_MRI_809,0,0,duke,0.255288,train,2026,weighted,False
Breast_MRI_809_z017,Breast_MRI_809,0,0,duke,0.2561083,train,2026,weighted,False
Breast_MRI_809_z018,Breast_MRI_809,0,0,duke,0.2572868,train,2026,weighted,False
Breast_MRI_809_z019,Breast_MRI_809,0,0,duke,0.2566986,train,2026,weighted,False
Breast_MRI_809_z020,Breast_MRI_809,0,0,duke,0.25809067,train,2026,weighted,False
Breast_MRI_809_z021,Breast_MRI_809,0,0,duke,0.2584426,train,2026,weighted,False
Breast_MRI_809_z022,Breast_MRI_809,0,0,duke,0.26064837,train,2026,weighted,False
Breast_MRI_809_z023,Breast_MRI_809,0,0,duke,0.2589185,train,2026,weighted,False
Breast_MRI_809_z024,Breast_MRI_809,0,0,duke,0.25240773,train,2026,weighted,False
Breast_MRI_809_z025,Breast_MRI_809,0,0,duke,0.25152248,train,2026,weighted,False
Breast_MRI_830_z011,Breast_MRI_830,0,1,duke,0.6844849,train,2026,weighted,False
Breast_MRI_830_z012,Breast_MRI_830,0,1,duke,0.6840383,train,2026,weighted,False
Breast_MRI_830_z013,Breast_MRI_830,0,1,duke,0.6838702,train,2026,weighted,False
Breast_MRI_830_z014,Breast_MRI_830,0,1,duke,0.68562454,train,2026,weighted,False
Breast_MRI_830_z015,Breast_MRI_830,0,1,duke,0.6862457,train,2026,weighted,False
Breast_MRI_830_z016,Breast_MRI_830,0,1,duke,0.6862457,train,2026,weighted,False
Breast_MRI_830_z017,Breast_MRI_830,0,1,duke,0.6862457,train,2026,weighted,False
Breast_MRI_830_z018,Breast_MRI_830,0,1,duke,0.6862457,train,2026,weighted,False
Breast_MRI_830_z019,Breast_MRI_830,0,1,duke,0.6862457,train,2026,weighted,False
Breast_MRI_830_z020,Breast_MRI_830,0,1,duke,0.6862457,train,2026,weighted,False
Breast_MRI_860_z012,Breast_MRI_860,0,0,duke,0.32747602,train,2026,weighted,False
Breast_MRI_860_z013,Breast_MRI_860,0,0,duke,0.3307653,train,2026,weighted,False
Breast_MRI_860_z014,Breast_MRI_860,0,0,duke,0.32970753,train,2026,weighted,False
Breast_MRI_860_z015,Breast_MRI_860,0,0,duke,0.3269736,train,2026,weighted,False
Breast_MRI_860_z016,Breast_MRI_860,0,0,duke,0.32414895,train,2026,weighted,False
Breast_MRI_860_z017,Breast_MRI_860,0,0,duke,0.3214939,train,2026,weighted,False
Breast_MRI_860_z018,Breast_MRI_860,0,0,duke,0.3192711,train,2026,weighted,False
Breast_MRI_860_z019,Breast_MRI_860,0,0,duke,0.31878155,train,2026,weighted,False
Breast_MRI_860_z020,Breast_MRI_860,0,0,duke,0.3223766,train,2026,weighted,False
Breast_MRI_860_z021,Breast_MRI_860,0,0,duke,0.31883338,train,2026,weighted,False
Breast_MRI_882_z011,Breast_MRI_882,0,1,duke,0.62532383,train,2026,weighted,False
Breast_MRI_882_z012,Breast_MRI_882,0,1,duke,0.6243362,train,2026,weighted,False
Breast_MRI_882_z013,Breast_MRI_882,0,1,duke,0.62752956,train,2026,weighted,False
Breast_MRI_882_z014,Breast_MRI_882,0,1,duke,0.6271521,train,2026,weighted,False
Breast_MRI_882_z015,Breast_MRI_882,0,1,duke,0.6214106,train,2026,weighted,False
Breast_MRI_882_z016,Breast_MRI_882,0,1,duke,0.62024045,train,2026,weighted,False
Breast_MRI_882_z017,Breast_MRI_882,0,1,duke,0.61903095,train,2026,weighted,False
Breast_MRI_882_z018,Breast_MRI_882,0,1,duke,0.6187229,train,2026,weighted,False
Breast_MRI_882_z019,Breast_MRI_882,0,1,duke,0.62273794,train,2026,weighted,False
Breast_MRI_882_z020,Breast_MRI_882,0,1,duke,0.61946976,train,2026,weighted,False
Breast_MRI_899_z011,Breast_MRI_899,0,0,duke,0.3470328,train,2026,weighted,False
Breast_MRI_899_z012,Breast_MRI_899,0,0,duke,0.3470328,train,2026,weighted,False
Breast_MRI_899_z013,Breast_MRI_899,0,0,duke,0.34433985,train,2026,weighted,False
Breast_MRI_899_z014,Breast_MRI_899,0,0,duke,0.33078817,train,2026,weighted,False
Breast_MRI_899_z015,Breast_MRI_899,0,0,duke,0.32966325,train,2026,weighted,False
Breast_MRI_899_z016,Breast_MRI_899,0,0,duke,0.33743778,train,2026,weighted,False
Breast_MRI_899_z017,Breast_MRI_899,0,0,duke,0.3348605,train,2026,weighted,False
Breast_MRI_899_z018,Breast_MRI_899,0,0,duke,0.33535594,train,2026,weighted,False
Breast_MRI_899_z019,Breast_MRI_899,0,0,duke,0.33649874,train,2026,weighted,False
Breast_MRI_899_z020,Breast_MRI_899,0,0,duke,0.34034085,train,2026,weighted,False
ISPY2-108939_z010,ISPY2-108939,0,1,spy2,0.70876104,train,2026,weighted,False
ISPY2-108939_z011,ISPY2-108939,0,1,spy2,0.70879096,train,2026,weighted,False
ISPY2-108939_z012,ISPY2-108939,0,1,spy2,0.7080022,train,2026,weighted,False
ISPY2-108939_z013,ISPY2-108939,0,1,spy2,0.7066957,train,2026,weighted,False
ISPY2-108939_z014,ISPY2-108939,0,1,spy2,0.70414084,train,2026,weighted,False
ISPY2-108939_z015,ISPY2-108939,0,1,spy2,0.7028423,train,2026,weighted,False
ISPY2-108939_z016,ISPY2-108939,0,1,spy2,0.7019031,train,2026,weighted,False
ISPY2-108939_z017,ISPY2-108939,0,1,spy2,0.7028652,train,2026,weighted,False
ISPY2-108939_z018,ISPY2-108939,0,1,spy2,0.6999922,train,2026,weighted,False
ISPY2-108939_z019,ISPY2-108939,0,1,spy2,0.6975598,train,2026,weighted,False
ISPY2-155171_z047,ISPY2-155171,0,0,spy2,0.19476213,train,2026,weighted,False
ISPY2-155171_z048,ISPY2-155171,0,0,spy2,0.19476213,train,2026,weighted,False
ISPY2-155171_z049,ISPY2-155171,0,0,spy2,0.19476213,train,2026,weighted,False
ISPY2-155171_z050,ISPY2-155171,0,0,spy2,0.19476213,train,2026,weighted,False
ISPY2-155171_z051,ISPY2-155171,0,0,spy2,0.19476213,train,2026,weighted,False
ISPY2-155171_z052,ISPY2-155171,0,0,spy2,0.19476213,train,2026,weighted,False
ISPY2-155171_z053,ISPY2-155171,0,0,spy2,0.19476213,train,2026,weighted,False
ISPY2-155171_z054,ISPY2-155171,0,0,spy2,0.19476213,train,2026,weighted,False
ISPY2-155171_z055,ISPY2-155171,0,0,spy2,0.19476213,train,2026,weighted,False
ISPY2-155171_z056,ISPY2-155171,0,0,spy2,0.19476213,train,2026,weighted,False
ISPY2-605713_z034,ISPY2-605713,0,0,spy2,0.28372583,train,2026,weighted,False
ISPY2-605713_z035,ISPY2-605713,0,0,spy2,0.28372583,train,2026,weighted,False
ISPY2-605713_z036,ISPY2-605713,0,0,spy2,0.28372583,train,2026,weighted,False
ISPY2-605713_z037,ISPY2-605713,0,0,spy2,0.28372583,train,2026,weighted,False
ISPY2-605713_z038,ISPY2-605713,0,0,spy2,0.28372583,train,2026,weighted,False
ISPY2-605713_z039,ISPY2-605713,0,0,spy2,0.28372583,train,2026,weighted,False
ISPY2-605713_z040,ISPY2-605713,0,0,spy2,0.28372583,train,2026,weighted,False
ISPY2-605713_z041,ISPY2-605713,0,0,spy2,0.28372583,train,2026,weighted,False
ISPY2-605713_z042,ISPY2-605713,0,0,spy2,0.28372583,train,2026,weighted,False
ISPY2-605713_z043,ISPY2-605713,0,0,spy2,0.28372583,train,2026,weighted,False
ISPY2-613188_z005,ISPY2-613188,0,0,spy2,0.5270276,train,2026,weighted,False
ISPY2-613188_z006,ISPY2-613188,0,0,spy2,0.5258287,train,2026,weighted,False
ISPY2-613188_z007,ISPY2-613188,0,0,spy2,0.5337783,train,2026,weighted,False
ISPY2-613188_z008,ISPY2-613188,0,0,spy2,0.53845125,train,2026,weighted,False
ISPY2-613188_z009,ISPY2-613188,0,0,spy2,0.5320123,train,2026,weighted,False
ISPY2-613188_z010,ISPY2-613188,0,0,spy2,0.52550244,train,2026,weighted,False
ISPY2-613188_z011,ISPY2-613188,0,0,spy2,0.5250346,train,2026,weighted,False
ISPY2-613188_z012,ISPY2-613188,0,0,spy2,0.5228757,train,2026,weighted,False
ISPY2-613188_z013,ISPY2-613188,0,0,spy2,0.5233307,train,2026,weighted,False
ISPY2-613188_z014,ISPY2-613188,0,0,spy2,0.5151742,train,2026,weighted,False
ISPY2-539876_z007,ISPY2-539876,0,0,spy2,0.25850782,train,2026,weighted,False
ISPY2-539876_z008,ISPY2-539876,0,0,spy2,0.25850782,train,2026,weighted,False
ISPY2-539876_z009,ISPY2-539876,0,0,spy2,0.25850782,train,2026,weighted,False
ISPY2-539876_z010,ISPY2-539876,0,0,spy2,0.25850782,train,2026,weighted,False
ISPY2-539876_z011,ISPY2-539876,0,0,spy2,0.25850782,train,2026,weighted,False
ISPY2-539876_z012,ISPY2-539876,0,0,spy2,0.25850782,train,2026,weighted,False
ISPY2-539876_z013,ISPY2-539876,0,0,spy2,0.25850782,train,2026,weighted,False
ISPY2-539876_z014,ISPY2-539876,0,0,spy2,0.25850782,train,2026,weighted,False
ISPY2-539876_z015,ISPY2-539876,0,0,spy2,0.25850782,train,2026,weighted,False
ISPY2-539876_z016,ISPY2-539876,0,0,spy2,0.25850782,train,2026,weighted,False
ISPY2-597873_z029,ISPY2-597873,0,0,spy2,0.50716025,train,2026,weighted,False
ISPY2-597873_z030,ISPY2-597873,0,0,spy2,0.50716025,train,2026,weighted,False
ISPY2-597873_z031,ISPY2-597873,0,0,spy2,0.50716025,train,2026,weighted,False
ISPY2-597873_z032,ISPY2-597873,0,0,spy2,0.50716025,train,2026,weighted,False
ISPY2-597873_z033,ISPY2-597873,0,0,spy2,0.50716025,train,2026,weighted,False
ISPY2-597873_z034,ISPY2-597873,0,0,spy2,0.50716025,train,2026,weighted,False
ISPY2-597873_z035,ISPY2-597873,0,0,spy2,0.50716025,train,2026,weighted,False
ISPY2-597873_z038,ISPY2-597873,0,0,spy2,0.50716025,train,2026,weighted,False
ISPY2-597873_z039,ISPY2-597873,0,0,spy2,0.50716025,train,2026,weighted,False
ISPY2-597873_z040,ISPY2-597873,0,0,spy2,0.50716025,train,2026,weighted,False
ISPY2-464547_z016,ISPY2-464547,0,1,spy2,0.55728275,train,2026,weighted,False
ISPY2-464547_z017,ISPY2-464547,0,1,spy2,0.55728275,train,2026,weighted,False
ISPY2-464547_z018,ISPY2-464547,0,1,spy2,0.55728275,train,2026,weighted,False
ISPY2-464547_z019,ISPY2-464547,0,1,spy2,0.55728275,train,2026,weighted,False
ISPY2-464547_z020,ISPY2-464547,0,1,spy2,0.55728275,train,2026,weighted,False
ISPY2-464547_z021,ISPY2-464547,0,1,spy2,0.55728275,train,2026,weighted,False
ISPY2-464547_z022,ISPY2-464547,0,1,spy2,0.55728275,train,2026,weighted,False
ISPY2-464547_z023,ISPY2-464547,0,1,spy2,0.55728275,train,2026,weighted,False
ISPY2-464547_z024,ISPY2-464547,0,1,spy2,0.55728275,train,2026,weighted,False
ISPY2-464547_z025,ISPY2-464547,0,1,spy2,0.55728275,train,2026,weighted,False
ACRIN-6698-266840_z019,ACRIN-6698-266840,0,0,spy2,0.5890696,train,2026,weighted,False
ACRIN-6698-266840_z020,ACRIN-6698-266840,0,0,spy2,0.5890696,train,2026,weighted,False
ACRIN-6698-266840_z021,ACRIN-6698-266840,0,0,spy2,0.5890696,train,2026,weighted,False
ACRIN-6698-266840_z022,ACRIN-6698-266840,0,0,spy2,0.5890696,train,2026,weighted,False
ACRIN-6698-266840_z023,ACRIN-6698-266840,0,0,spy2,0.5890696,train,2026,weighted,False
ACRIN-6698-266840_z024,ACRIN-6698-266840,0,0,spy2,0.5890696,train,2026,weighted,False
ACRIN-6698-266840_z025,ACRIN-6698-266840,0,0,spy2,0.5890696,train,2026,weighted,False
ACRIN-6698-266840_z026,ACRIN-6698-266840,0,0,spy2,0.5890696,train,2026,weighted,False
ACRIN-6698-266840_z027,ACRIN-6698-266840,0,0,spy2,0.5890696,train,2026,weighted,False
ACRIN-6698-266840_z028,ACRIN-6698-266840,0,0,spy2,0.5890696,train,2026,weighted,False
ISPY2-452703_z035,ISPY2-452703,0,0,spy2,0.2223223,train,2026,weighted,False
ISPY2-452703_z044,ISPY2-452703,0,0,spy2,0.2223223,train,2026,weighted,False
ISPY2-452703_z045,ISPY2-452703,0,0,spy2,0.2223223,train,2026,weighted,False
ISPY2-452703_z046,ISPY2-452703,0,0,spy2,0.2223223,train,2026,weighted,False
ISPY2-452703_z047,ISPY2-452703,0,0,spy2,0.2223223,train,2026,weighted,False
ISPY2-452703_z048,ISPY2-452703,0,0,spy2,0.2223223,train,2026,weighted,False
ISPY2-452703_z049,ISPY2-452703,0,0,spy2,0.2223223,train,2026,weighted,False
ISPY2-452703_z050,ISPY2-452703,0,0,spy2,0.2223223,train,2026,weighted,False
ISPY2-452703_z051,ISPY2-452703,0,0,spy2,0.2223223,train,2026,weighted,False
ISPY2-452703_z052,ISPY2-452703,0,0,spy2,0.2223223,train,2026,weighted,False
ACRIN-6698-522140_z007,ACRIN-6698-522140,0,0,spy2,0.27090535,train,2026,weighted,False
ACRIN-6698-522140_z008,ACRIN-6698-522140,0,0,spy2,0.27090535,train,2026,weighted,False
ACRIN-6698-522140_z009,ACRIN-6698-522140,0,0,spy2,0.27090535,train,2026,weighted,False
ACRIN-6698-522140_z010,ACRIN-6698-522140,0,0,spy2,0.27090535,train,2026,weighted,False
ACRIN-6698-522140_z011,ACRIN-6698-522140,0,0,spy2,0.27071556,train,2026,weighted,False
ACRIN-6698-522140_z012,ACRIN-6698-522140,0,0,spy2,0.27090535,train,2026,weighted,False
ACRIN-6698-522140_z013,ACRIN-6698-522140,0,0,spy2,0.27090535,train,2026,weighted,False
ACRIN-6698-522140_z020,ACRIN-6698-522140,0,0,spy2,0.27090535,train,2026,weighted,False
ACRIN-6698-522140_z021,ACRIN-6698-522140,0,0,spy2,0.27090535,train,2026,weighted,False
ACRIN-6698-522140_z022,ACRIN-6698-522140,0,0,spy2,0.25022438,train,2026,weighted,False
ACRIN-6698-571995_z025,ACRIN-6698-571995,0,0,spy2,0.4529035,train,2026,weighted,False
ACRIN-6698-571995_z026,ACRIN-6698-571995,0,0,spy2,0.45535365,train,2026,weighted,False
ACRIN-6698-571995_z027,ACRIN-6698-571995,0,0,spy2,0.45638818,train,2026,weighted,False
ACRIN-6698-571995_z028,ACRIN-6698-571995,0,0,spy2,0.46189907,train,2026,weighted,False
ACRIN-6698-571995_z029,ACRIN-6698-571995,0,0,spy2,0.46916997,train,2026,weighted,False
ACRIN-6698-571995_z030,ACRIN-6698-571995,0,0,spy2,0.46648473,train,2026,weighted,False
ACRIN-6698-571995_z031,ACRIN-6698-571995,0,0,spy2,0.4605125,train,2026,weighted,False
ACRIN-6698-571995_z032,ACRIN-6698-571995,0,0,spy2,0.45914558,train,2026,weighted,False
ACRIN-6698-571995_z033,ACRIN-6698-571995,0,0,spy2,0.46104252,train,2026,weighted,False
ACRIN-6698-571995_z034,ACRIN-6698-571995,0,0,spy2,0.4577645,train,2026,weighted,False
ACRIN-6698-506623_z014,ACRIN-6698-506623,0,0,spy2,0.3827357,train,2026,weighted,False
ACRIN-6698-506623_z036,ACRIN-6698-506623,0,0,spy2,0.3827357,train,2026,weighted,False
ACRIN-6698-506623_z037,ACRIN-6698-506623,0,0,spy2,0.3827357,train,2026,weighted,False
ACRIN-6698-506623_z038,ACRIN-6698-506623,0,0,spy2,0.3827357,train,2026,weighted,False
ACRIN-6698-506623_z039,ACRIN-6698-506623,0,0,spy2,0.3827357,train,2026,weighted,False
ACRIN-6698-506623_z040,ACRIN-6698-506623,0,0,spy2,0.3827357,train,2026,weighted,False
ACRIN-6698-506623_z041,ACRIN-6698-506623,0,0,spy2,0.3827357,train,2026,weighted,False
ACRIN-6698-506623_z042,ACRIN-6698-506623,0,0,spy2,0.3827357,train,2026,weighted,False
ACRIN-6698-506623_z043,ACRIN-6698-506623,0,0,spy2,0.3827357,train,2026,weighted,False
ACRIN-6698-506623_z044,ACRIN-6698-506623,0,0,spy2,0.3827357,train,2026,weighted,False
ISPY2-554577_z021,ISPY2-554577,0,0,spy2,0.23333623,train,2026,weighted,False
ISPY2-554577_z022,ISPY2-554577,0,0,spy2,0.23333623,train,2026,weighted,False
ISPY2-554577_z023,ISPY2-554577,0,0,spy2,0.23333623,train,2026,weighted,False
ISPY2-554577_z024,ISPY2-554577,0,0,spy2,0.23333623,train,2026,weighted,False
ISPY2-554577_z025,ISPY2-554577,0,0,spy2,0.23333623,train,2026,weighted,False
ISPY2-554577_z026,ISPY2-554577,0,0,spy2,0.23333623,train,2026,weighted,False
ISPY2-554577_z027,ISPY2-554577,0,0,spy2,0.23333623,train,2026,weighted,False
ISPY2-554577_z028,ISPY2-554577,0,0,spy2,0.23333623,train,2026,weighted,False
ISPY2-554577_z029,ISPY2-554577,0,0,spy2,0.23333623,train,2026,weighted,False
ISPY2-554577_z030,ISPY2-554577,0,0,spy2,0.23333623,train,2026,weighted,False
ISPY2-277848_z009,ISPY2-277848,0,0,spy2,0.43775737,train,2026,weighted,False
ISPY2-277848_z010,ISPY2-277848,0,0,spy2,0.43775737,train,2026,weighted,False
ISPY2-277848_z011,ISPY2-277848,0,0,spy2,0.43775737,train,2026,weighted,False
ISPY2-277848_z012,ISPY2-277848,0,0,spy2,0.43775737,train,2026,weighted,False
ISPY2-277848_z013,ISPY2-277848,0,0,spy2,0.43775737,train,2026,weighted,False
ISPY2-277848_z014,ISPY2-277848,0,0,spy2,0.43775737,train,2026,weighted,False
ISPY2-277848_z015,ISPY2-277848,0,0,spy2,0.43775737,train,2026,weighted,False
ISPY2-277848_z016,ISPY2-277848,0,0,spy2,0.43775737,train,2026,weighted,False
ISPY2-277848_z017,ISPY2-277848,0,0,spy2,0.43775737,train,2026,weighted,False
ISPY2-277848_z018,ISPY2-277848,0,0,spy2,0.43775737,train,2026,weighted,False
ISPY2-543795_z010,ISPY2-543795,0,0,spy2,0.27381447,train,2026,weighted,False
ISPY2-543795_z011,ISPY2-543795,0,0,spy2,0.27381447,train,2026,weighted,False
ISPY2-543795_z012,ISPY2-543795,0,0,spy2,0.27381447,train,2026,weighted,False
ISPY2-543795_z020,ISPY2-543795,0,0,spy2,0.27381447,train,2026,weighted,False
ISPY2-543795_z021,ISPY2-543795,0,0,spy2,0.27381447,train,2026,weighted,False
ISPY2-543795_z022,ISPY2-543795,0,0,spy2,0.27381447,train,2026,weighted,False
ISPY2-543795_z023,ISPY2-543795,0,0,spy2,0.27381447,train,2026,weighted,False
ISPY2-543795_z024,ISPY2-543795,0,0,spy2,0.27381447,train,2026,weighted,False
ISPY2-543795_z025,ISPY2-543795,0,0,spy2,0.27381447,train,2026,weighted,False
ISPY2-543795_z027,ISPY2-543795,0,0,spy2,0.27381447,train,2026,weighted,False
ACRIN-6698-345907_z007,ACRIN-6698-345907,0,0,spy2,0.53287184,train,2026,weighted,False
ACRIN-6698-345907_z008,ACRIN-6698-345907,0,0,spy2,0.5299903,train,2026,weighted,False
ACRIN-6698-345907_z009,ACRIN-6698-345907,0,0,spy2,0.5363015,train,2026,weighted,False
ACRIN-6698-345907_z010,ACRIN-6698-345907,0,0,spy2,0.5363015,train,2026,weighted,False
ACRIN-6698-345907_z011,ACRIN-6698-345907,0,0,spy2,0.5363015,train,2026,weighted,False
ACRIN-6698-345907_z012,ACRIN-6698-345907,0,0,spy2,0.5363015,train,2026,weighted,False
ACRIN-6698-345907_z013,ACRIN-6698-345907,0,0,spy2,0.5363015,train,2026,weighted,False
ACRIN-6698-345907_z014,ACRIN-6698-345907,0,0,spy2,0.5363015,train,2026,weighted,False
ACRIN-6698-345907_z015,ACRIN-6698-345907,0,0,spy2,0.5363015,train,2026,weighted,False
ACRIN-6698-345907_z016,ACRIN-6698-345907,0,0,spy2,0.5363015,train,2026,weighted,False
ACRIN-6698-861745_z005,ACRIN-6698-861745,0,0,spy2,0.45397773,train,2026,weighted,False
ACRIN-6698-861745_z012,ACRIN-6698-861745,0,0,spy2,0.45397773,train,2026,weighted,False
ACRIN-6698-861745_z021,ACRIN-6698-861745,0,0,spy2,0.45397773,train,2026,weighted,False
ACRIN-6698-861745_z022,ACRIN-6698-861745,0,0,spy2,0.45397773,train,2026,weighted,False
ACRIN-6698-861745_z023,ACRIN-6698-861745,0,0,spy2,0.45397773,train,2026,weighted,False
ACRIN-6698-861745_z024,ACRIN-6698-861745,0,0,spy2,0.45397773,train,2026,weighted,False
ACRIN-6698-861745_z025,ACRIN-6698-861745,0,0,spy2,0.45397773,train,2026,weighted,False
ACRIN-6698-861745_z026,ACRIN-6698-861745,0,0,spy2,0.45397773,train,2026,weighted,False
ACRIN-6698-861745_z027,ACRIN-6698-861745,0,0,spy2,0.45397773,train,2026,weighted,False
ACRIN-6698-861745_z028,ACRIN-6698-861745,0,0,spy2,0.45397773,train,2026,weighted,False
ISPY2-517446_z011,ISPY2-517446,0,0,spy2,0.16893873,train,2026,weighted,False
ISPY2-517446_z012,ISPY2-517446,0,0,spy2,0.16040172,train,2026,weighted,False
ISPY2-517446_z013,ISPY2-517446,0,0,spy2,0.14380994,train,2026,weighted,False
ISPY2-517446_z014,ISPY2-517446,0,0,spy2,0.13447274,train,2026,weighted,False
ISPY2-517446_z015,ISPY2-517446,0,0,spy2,0.13364048,train,2026,weighted,False
ISPY2-517446_z016,ISPY2-517446,0,0,spy2,0.14261405,train,2026,weighted,False
ISPY2-517446_z017,ISPY2-517446,0,0,spy2,0.16688624,train,2026,weighted,False
ISPY2-517446_z018,ISPY2-517446,0,0,spy2,0.19676057,train,2026,weighted,False
ISPY2-517446_z019,ISPY2-517446,0,0,spy2,0.20388187,train,2026,weighted,False
ISPY2-517446_z020,ISPY2-517446,0,0,spy2,0.19568114,train,2026,weighted,False
ACRIN-6698-724384_z007,ACRIN-6698-724384,0,0,spy2,0.37131727,train,2026,weighted,False
ACRIN-6698-724384_z008,ACRIN-6698-724384,0,0,spy2,0.37131727,train,2026,weighted,False
ACRIN-6698-724384_z009,ACRIN-6698-724384,0,0,spy2,0.37131727,train,2026,weighted,False
ACRIN-6698-724384_z010,ACRIN-6698-724384,0,0,spy2,0.37131727,train,2026,weighted,False
ACRIN-6698-724384_z011,ACRIN-6698-724384,0,0,spy2,0.3697211,train,2026,weighted,False
ACRIN-6698-724384_z012,ACRIN-6698-724384,0,0,spy2,0.3709206,train,2026,weighted,False
ACRIN-6698-724384_z013,ACRIN-6698-724384,0,0,spy2,0.37131727,train,2026,weighted,False
ACRIN-6698-724384_z014,ACRIN-6698-724384,0,0,spy2,0.37131727,train,2026,weighted,False
ACRIN-6698-724384_z015,ACRIN-6698-724384,0,0,spy2,0.37131727,train,2026,weighted,False
ACRIN-6698-724384_z016,ACRIN-6698-724384,0,0,spy2,0.36753342,train,2026,weighted,False
ISPY2-495440_z022,ISPY2-495440,0,0,spy2,0.20639914,train,2026,weighted,False
ISPY2-495440_z023,ISPY2-495440,0,0,spy2,0.20639914,train,2026,weighted,False
ISPY2-495440_z024,ISPY2-495440,0,0,spy2,0.20639914,train,2026,weighted,False
ISPY2-495440_z025,ISPY2-495440,0,0,spy2,0.20639914,train,2026,weighted,False
ISPY2-495440_z026,ISPY2-495440,0,0,spy2,0.20639914,train,2026,weighted,False
ISPY2-495440_z027,ISPY2-495440,0,0,spy2,0.20639914,train,2026,weighted,False
ISPY2-495440_z028,ISPY2-495440,0,0,spy2,0.20639914,train,2026,weighted,False
ISPY2-495440_z029,ISPY2-495440,0,0,spy2,0.20639914,train,2026,weighted,False
ISPY2-495440_z030,ISPY2-495440,0,0,spy2,0.20639914,train,2026,weighted,False
ISPY2-495440_z031,ISPY2-495440,0,0,spy2,0.20639914,train,2026,weighted,False
ISPY2-679787_z013,ISPY2-679787,0,0,spy2,0.5966198,train,2026,weighted,False
ISPY2-679787_z014,ISPY2-679787,0,0,spy2,0.5886026,train,2026,weighted,False
ISPY2-679787_z015,ISPY2-679787,0,0,spy2,0.5858763,train,2026,weighted,False
ISPY2-679787_z016,ISPY2-679787,0,0,spy2,0.59476656,train,2026,weighted,False
ISPY2-679787_z017,ISPY2-679787,0,0,spy2,0.60212976,train,2026,weighted,False
ISPY2-679787_z018,ISPY2-679787,0,0,spy2,0.60734457,train,2026,weighted,False
ISPY2-679787_z022,ISPY2-679787,0,0,spy2,0.64573467,train,2026,weighted,False
ISPY2-679787_z023,ISPY2-679787,0,0,spy2,0.6448216,train,2026,weighted,False
ISPY2-679787_z027,ISPY2-679787,0,0,spy2,0.6437344,train,2026,weighted,False
ISPY2-679787_z028,ISPY2-679787,0,0,spy2,0.6479317,train,2026,weighted,False
ISPY2-141782_z021,ISPY2-141782,0,0,spy2,0.5193012,train,2026,weighted,False
ISPY2-141782_z022,ISPY2-141782,0,0,spy2,0.5199553,train,2026,weighted,False
ISPY2-141782_z023,ISPY2-141782,0,0,spy2,0.5230042,train,2026,weighted,False
ISPY2-141782_z024,ISPY2-141782,0,0,spy2,0.52428246,train,2026,weighted,False
ISPY2-141782_z025,ISPY2-141782,0,0,spy2,0.522642,train,2026,weighted,False
ISPY2-141782_z026,ISPY2-141782,0,0,spy2,0.523192,train,2026,weighted,False
ISPY2-141782_z027,ISPY2-141782,0,0,spy2,0.52449924,train,2026,weighted,False
ISPY2-141782_z028,ISPY2-141782,0,0,spy2,0.5242946,train,2026,weighted,False
ISPY2-141782_z029,ISPY2-141782,0,0,spy2,0.5252321,train,2026,weighted,False
ISPY2-141782_z030,ISPY2-141782,0,0,spy2,0.526224,train,2026,weighted,False
ISPY2-664658_z025,ISPY2-664658,0,1,spy2,0.31384313,train,2026,weighted,False
ISPY2-664658_z026,ISPY2-664658,0,1,spy2,0.31384313,train,2026,weighted,False
ISPY2-664658_z027,ISPY2-664658,0,1,spy2,0.31384313,train,2026,weighted,False
ISPY2-664658_z028,ISPY2-664658,0,1,spy2,0.31384313,train,2026,weighted,False
ISPY2-664658_z029,ISPY2-664658,0,1,spy2,0.31384313,train,2026,weighted,False
ISPY2-664658_z030,ISPY2-664658,0,1,spy2,0.31384313,train,2026,weighted,False
ISPY2-664658_z031,ISPY2-664658,0,1,spy2,0.31384313,train,2026,weighted,False
ISPY2-664658_z033,ISPY2-664658,0,1,spy2,0.31384313,train,2026,weighted,False
ISPY2-664658_z034,ISPY2-664658,0,1,spy2,0.31384313,train,2026,weighted,False
ISPY2-664658_z035,ISPY2-664658,0,1,spy2,0.31384313,train,2026,weighted,False
ISPY2-689188_z007,ISPY2-689188,0,1,spy2,0.16181448,train,2026,weighted,False
ISPY2-689188_z008,ISPY2-689188,0,1,spy2,0.16181448,train,2026,weighted,False
ISPY2-689188_z009,ISPY2-689188,0,1,spy2,0.16181448,train,2026,weighted,False
ISPY2-689188_z010,ISPY2-689188,0,1,spy2,0.16181448,train,2026,weighted,False
ISPY2-689188_z011,ISPY2-689188,0,1,spy2,0.16181448,train,2026,weighted,False
ISPY2-689188_z012,ISPY2-689188,0,1,spy2,0.16181448,train,2026,weighted,False
ISPY2-689188_z013,ISPY2-689188,0,1,spy2,0.16181448,train,2026,weighted,False
ISPY2-689188_z014,ISPY2-689188,0,1,spy2,0.16181448,train,2026,weighted,False
ISPY2-689188_z015,ISPY2-689188,0,1,spy2,0.16181448,train,2026,weighted,False
ISPY2-689188_z016,ISPY2-689188,0,1,spy2,0.16181448,train,2026,weighted,False
ISPY2-532183_z044,ISPY2-532183,0,0,spy2,0.51777387,train,2026,weighted,False
ISPY2-532183_z045,ISPY2-532183,0,0,spy2,0.51777387,train,2026,weighted,False
ISPY2-532183_z046,ISPY2-532183,0,0,spy2,0.51777387,train,2026,weighted,False
ISPY2-532183_z047,ISPY2-532183,0,0,spy2,0.51777387,train,2026,weighted,False
ISPY2-532183_z048,ISPY2-532183,0,0,spy2,0.51777387,train,2026,weighted,False
ISPY2-532183_z049,ISPY2-532183,0,0,spy2,0.51777387,train,2026,weighted,False
ISPY2-532183_z050,ISPY2-532183,0,0,spy2,0.51777387,train,2026,weighted,False
ISPY2-532183_z051,ISPY2-532183,0,0,spy2,0.51777387,train,2026,weighted,False
ISPY2-532183_z052,ISPY2-532183,0,0,spy2,0.51777387,train,2026,weighted,False
ISPY2-532183_z053,ISPY2-532183,0,0,spy2,0.51777387,train,2026,weighted,False
ISPY2-294265_z014,ISPY2-294265,0,1,spy2,0.5338853,train,2026,weighted,False
ISPY2-294265_z015,ISPY2-294265,0,1,spy2,0.5338853,train,2026,weighted,False
ISPY2-294265_z016,ISPY2-294265,0,1,spy2,0.5338853,train,2026,weighted,False
ISPY2-294265_z017,ISPY2-294265,0,1,spy2,0.5338853,train,2026,weighted,False
ISPY2-294265_z018,ISPY2-294265,0,1,spy2,0.5338853,train,2026,weighted,False
ISPY2-294265_z019,ISPY2-294265,0,1,spy2,0.5338853,train,2026,weighted,False
ISPY2-294265_z020,ISPY2-294265,0,1,spy2,0.5338853,train,2026,weighted,False
ISPY2-294265_z021,ISPY2-294265,0,1,spy2,0.5338853,train,2026,weighted,False
ISPY2-294265_z022,ISPY2-294265,0,1,spy2,0.5338853,train,2026,weighted,False
ISPY2-294265_z023,ISPY2-294265,0,1,spy2,0.5338853,train,2026,weighted,False
ISPY2-590299_z047,ISPY2-590299,0,0,spy2,0.6245137,train,2026,weighted,False
ISPY2-590299_z048,ISPY2-590299,0,0,spy2,0.6245137,train,2026,weighted,False
ISPY2-590299_z049,ISPY2-590299,0,0,spy2,0.6245137,train,2026,weighted,False
ISPY2-590299_z050,ISPY2-590299,0,0,spy2,0.6245137,train,2026,weighted,False
ISPY2-590299_z051,ISPY2-590299,0,0,spy2,0.6245137,train,2026,weighted,False
ISPY2-590299_z052,ISPY2-590299,0,0,spy2,0.6245137,train,2026,weighted,False
ISPY2-590299_z053,ISPY2-590299,0,0,spy2,0.6245137,train,2026,weighted,False
ISPY2-590299_z056,ISPY2-590299,0,0,spy2,0.6245137,train,2026,weighted,False
ISPY2-590299_z057,ISPY2-590299,0,0,spy2,0.6245137,train,2026,weighted,False
ISPY2-590299_z058,ISPY2-590299,0,0,spy2,0.6245137,train,2026,weighted,False
ISPY2-213672_z032,ISPY2-213672,0,0,spy2,0.31812835,train,2026,weighted,False
ISPY2-213672_z033,ISPY2-213672,0,0,spy2,0.3170209,train,2026,weighted,False
ISPY2-213672_z034,ISPY2-213672,0,0,spy2,0.3147721,train,2026,weighted,False
ISPY2-213672_z035,ISPY2-213672,0,0,spy2,0.31555527,train,2026,weighted,False
ISPY2-213672_z036,ISPY2-213672,0,0,spy2,0.3201775,train,2026,weighted,False
ISPY2-213672_z037,ISPY2-213672,0,0,spy2,0.3235644,train,2026,weighted,False
ISPY2-213672_z038,ISPY2-213672,0,0,spy2,0.32588255,train,2026,weighted,False
ISPY2-213672_z039,ISPY2-213672,0,0,spy2,0.32933992,train,2026,weighted,False
ISPY2-213672_z041,ISPY2-213672,0,0,spy2,0.33375975,train,2026,weighted,False
ISPY2-213672_z042,ISPY2-213672,0,0,spy2,0.33375975,train,2026,weighted,False
ISPY2-622688_z011,ISPY2-622688,0,1,spy2,0.6504455,train,2026,weighted,False
ISPY2-622688_z012,ISPY2-622688,0,1,spy2,0.6504455,train,2026,weighted,False
ISPY2-622688_z013,ISPY2-622688,0,1,spy2,0.6504455,train,2026,weighted,False
ISPY2-622688_z014,ISPY2-622688,0,1,spy2,0.6504455,train,2026,weighted,False
ISPY2-622688_z015,ISPY2-622688,0,1,spy2,0.6504455,train,2026,weighted,False
ISPY2-622688_z016,ISPY2-622688,0,1,spy2,0.6504455,train,2026,weighted,False
ISPY2-622688_z017,ISPY2-622688,0,1,spy2,0.6504455,train,2026,weighted,False
ISPY2-622688_z021,ISPY2-622688,0,1,spy2,0.6504455,train,2026,weighted,False
ISPY2-622688_z029,ISPY2-622688,0,1,spy2,0.6504455,train,2026,weighted,False
ISPY2-622688_z030,ISPY2-622688,0,1,spy2,0.6504455,train,2026,weighted,False
ACRIN-6698-685795_z012,ACRIN-6698-685795,0,0,spy2,0.46198067,train,2026,weighted,False
ACRIN-6698-685795_z013,ACRIN-6698-685795,0,0,spy2,0.46198067,train,2026,weighted,False
ACRIN-6698-685795_z014,ACRIN-6698-685795,0,0,spy2,0.46089348,train,2026,weighted,False
ACRIN-6698-685795_z015,ACRIN-6698-685795,0,0,spy2,0.45300192,train,2026,weighted,False
ACRIN-6698-685795_z016,ACRIN-6698-685795,0,0,spy2,0.45002595,train,2026,weighted,False
ACRIN-6698-685795_z017,ACRIN-6698-685795,0,0,spy2,0.45038974,train,2026,weighted,False
ACRIN-6698-685795_z018,ACRIN-6698-685795,0,0,spy2,0.45334035,train,2026,weighted,False
ACRIN-6698-685795_z019,ACRIN-6698-685795,0,0,spy2,0.46198067,train,2026,weighted,False
ACRIN-6698-685795_z021,ACRIN-6698-685795,0,0,spy2,0.46198067,train,2026,weighted,False
ACRIN-6698-685795_z022,ACRIN-6698-685795,0,0,spy2,0.46198067,train,2026,weighted,False
ACRIN-6698-218503_z005,ACRIN-6698-218503,0,0,spy2,0.29153317,train,2026,weighted,False
ACRIN-6698-218503_z006,ACRIN-6698-218503,0,0,spy2,0.29455227,train,2026,weighted,False
ACRIN-6698-218503_z007,ACRIN-6698-218503,0,0,spy2,0.29455227,train,2026,weighted,False
ACRIN-6698-218503_z008,ACRIN-6698-218503,0,0,spy2,0.29455227,train,2026,weighted,False
ACRIN-6698-218503_z009,ACRIN-6698-218503,0,0,spy2,0.29455227,train,2026,weighted,False
ACRIN-6698-218503_z010,ACRIN-6698-218503,0,0,spy2,0.2856025,train,2026,weighted,False
ACRIN-6698-218503_z011,ACRIN-6698-218503,0,0,spy2,0.26901972,train,2026,weighted,False
ACRIN-6698-218503_z012,ACRIN-6698-218503,0,0,spy2,0.2585796,train,2026,weighted,False
ACRIN-6698-218503_z013,ACRIN-6698-218503,0,0,spy2,0.2614262,train,2026,weighted,False
ACRIN-6698-218503_z014,ACRIN-6698-218503,0,0,spy2,0.26541135,train,2026,weighted,False
ISPY2-893874_z005,ISPY2-893874,0,1,spy2,0.68139344,train,2026,weighted,False
ISPY2-893874_z006,ISPY2-893874,0,1,spy2,0.68139344,train,2026,weighted,False
ISPY2-893874_z007,ISPY2-893874,0,1,spy2,0.68139344,train,2026,weighted,False
ISPY2-893874_z008,ISPY2-893874,0,1,spy2,0.68139344,train,2026,weighted,False
ISPY2-893874_z009,ISPY2-893874,0,1,spy2,0.68139344,train,2026,weighted,False
ISPY2-893874_z010,ISPY2-893874,0,1,spy2,0.68139344,train,2026,weighted,False
ISPY2-893874_z011,ISPY2-893874,0,1,spy2,0.68139344,train,2026,weighted,False
ISPY2-893874_z012,ISPY2-893874,0,1,spy2,0.68139344,train,2026,weighted,False
ISPY2-893874_z013,ISPY2-893874,0,1,spy2,0.68139344,train,2026,weighted,False
ISPY2-893874_z014,ISPY2-893874,0,1,spy2,0.68139344,train,2026,weighted,False
ACRIN-6698-628788_z017,ACRIN-6698-628788,0,0,spy2,0.6531258,train,2026,weighted,False
ACRIN-6698-628788_z018,ACRIN-6698-628788,0,0,spy2,0.654244,train,2026,weighted,False
ACRIN-6698-628788_z020,ACRIN-6698-628788,0,0,spy2,0.6545651,train,2026,weighted,False
ACRIN-6698-628788_z025,ACRIN-6698-628788,0,0,spy2,0.6511925,train,2026,weighted,False
ACRIN-6698-628788_z026,ACRIN-6698-628788,0,0,spy2,0.6472858,train,2026,weighted,False
ACRIN-6698-628788_z027,ACRIN-6698-628788,0,0,spy2,0.64393836,train,2026,weighted,False
ACRIN-6698-628788_z031,ACRIN-6698-628788,0,0,spy2,0.6463817,train,2026,weighted,False
ACRIN-6698-628788_z032,ACRIN-6698-628788,0,0,spy2,0.64463174,train,2026,weighted,False
ACRIN-6698-628788_z033,ACRIN-6698-628788,0,0,spy2,0.6423235,train,2026,weighted,False
ACRIN-6698-628788_z034,ACRIN-6698-628788,0,0,spy2,0.64014995,train,2026,weighted,False
ACRIN-6698-882553_z035,ACRIN-6698-882553,0,0,spy2,0.23854737,train,2026,weighted,False
ACRIN-6698-882553_z036,ACRIN-6698-882553,0,0,spy2,0.23854737,train,2026,weighted,False
ACRIN-6698-882553_z037,ACRIN-6698-882553,0,0,spy2,0.23854737,train,2026,weighted,False
ACRIN-6698-882553_z038,ACRIN-6698-882553,0,0,spy2,0.23854737,train,2026,weighted,False
ACRIN-6698-882553_z039,ACRIN-6698-882553,0,0,spy2,0.23854737,train,2026,weighted,False
ACRIN-6698-882553_z040,ACRIN-6698-882553,0,0,spy2,0.23854737,train,2026,weighted,False
ACRIN-6698-882553_z041,ACRIN-6698-882553,0,0,spy2,0.23854737,train,2026,weighted,False
ACRIN-6698-882553_z042,ACRIN-6698-882553,0,0,spy2,0.23854737,train,2026,weighted,False
ACRIN-6698-882553_z044,ACRIN-6698-882553,0,0,spy2,0.23854737,train,2026,weighted,False
ACRIN-6698-882553_z046,ACRIN-6698-882553,0,0,spy2,0.23854737,train,2026,weighted,False
ACRIN-6698-635632_z004,ACRIN-6698-635632,0,1,spy2,0.8371963,train,2026,weighted,False
ACRIN-6698-635632_z005,ACRIN-6698-635632,0,1,spy2,0.8371963,train,2026,weighted,False
ACRIN-6698-635632_z006,ACRIN-6698-635632,0,1,spy2,0.8371963,train,2026,weighted,False
ACRIN-6698-635632_z007,ACRIN-6698-635632,0,1,spy2,0.8371963,train,2026,weighted,False
ACRIN-6698-635632_z008,ACRIN-6698-635632,0,1,spy2,0.8371963,train,2026,weighted,False
ACRIN-6698-635632_z009,ACRIN-6698-635632,0,1,spy2,0.8371963,train,2026,weighted,False
ACRIN-6698-635632_z010,ACRIN-6698-635632,0,1,spy2,0.8371963,train,2026,weighted,False
ACRIN-6698-635632_z011,ACRIN-6698-635632,0,1,spy2,0.8371963,train,2026,weighted,False
ACRIN-6698-635632_z012,ACRIN-6698-635632,0,1,spy2,0.8371963,train,2026,weighted,False
ACRIN-6698-635632_z015,ACRIN-6698-635632,0,1,spy2,0.8371963,train,2026,weighted,False
ISPY2-509012_z010,ISPY2-509012,0,1,spy2,0.5627213,train,2026,weighted,False
ISPY2-509012_z011,ISPY2-509012,0,1,spy2,0.56309664,train,2026,weighted,False
ISPY2-509012_z012,ISPY2-509012,0,1,spy2,0.5657026,train,2026,weighted,False
ISPY2-509012_z013,ISPY2-509012,0,1,spy2,0.56107104,train,2026,weighted,False
ISPY2-509012_z014,ISPY2-509012,0,1,spy2,0.5602574,train,2026,weighted,False
ISPY2-509012_z015,ISPY2-509012,0,1,spy2,0.5644954,train,2026,weighted,False
ISPY2-509012_z016,ISPY2-509012,0,1,spy2,0.563249,train,2026,weighted,False
ISPY2-509012_z017,ISPY2-509012,0,1,spy2,0.56578875,train,2026,weighted,False
ISPY2-509012_z018,ISPY2-509012,0,1,spy2,0.5680627,train,2026,weighted,False
ISPY2-509012_z019,ISPY2-509012,0,1,spy2,0.5664914,train,2026,weighted,False
ISPY2-319324_z004,ISPY2-319324,0,0,spy2,0.52740884,train,2026,weighted,False
ISPY2-319324_z005,ISPY2-319324,0,0,spy2,0.52740884,train,2026,weighted,False
ISPY2-319324_z006,ISPY2-319324,0,0,spy2,0.52740884,train,2026,weighted,False
ISPY2-319324_z007,ISPY2-319324,0,0,spy2,0.52740884,train,2026,weighted,False
ISPY2-319324_z008,ISPY2-319324,0,0,spy2,0.52740884,train,2026,weighted,False
ISPY2-319324_z009,ISPY2-319324,0,0,spy2,0.52740884,train,2026,weighted,False
ISPY2-319324_z010,ISPY2-319324,0,0,spy2,0.52740884,train,2026,weighted,False
ISPY2-319324_z011,ISPY2-319324,0,0,spy2,0.52740884,train,2026,weighted,False
ISPY2-319324_z012,ISPY2-319324,0,0,spy2,0.52740884,train,2026,weighted,False
ISPY2-319324_z013,ISPY2-319324,0,0,spy2,0.52740884,train,2026,weighted,False
ISPY2-917762_z013,ISPY2-917762,0,0,spy2,0.29049602,train,2026,weighted,False
ISPY2-917762_z014,ISPY2-917762,0,0,spy2,0.29049602,train,2026,weighted,False
ISPY2-917762_z017,ISPY2-917762,0,0,spy2,0.29049602,train,2026,weighted,False
ISPY2-917762_z018,ISPY2-917762,0,0,spy2,0.29049602,train,2026,weighted,False
ISPY2-917762_z019,ISPY2-917762,0,0,spy2,0.29049602,train,2026,weighted,False
ISPY2-917762_z020,ISPY2-917762,0,0,spy2,0.29049602,train,2026,weighted,False
ISPY2-917762_z021,ISPY2-917762,0,0,spy2,0.29049602,train,2026,weighted,False
ISPY2-917762_z022,ISPY2-917762,0,0,spy2,0.29049602,train,2026,weighted,False
ISPY2-917762_z023,ISPY2-917762,0,0,spy2,0.29049602,train,2026,weighted,False
ISPY2-917762_z024,ISPY2-917762,0,0,spy2,0.29049602,train,2026,weighted,False
ISPY2-473505_z028,ISPY2-473505,0,0,spy2,0.2342459,train,2026,weighted,False
ISPY2-473505_z029,ISPY2-473505,0,0,spy2,0.2342459,train,2026,weighted,False
ISPY2-473505_z030,ISPY2-473505,0,0,spy2,0.2342459,train,2026,weighted,False
ISPY2-473505_z031,ISPY2-473505,0,0,spy2,0.2342459,train,2026,weighted,False
ISPY2-473505_z032,ISPY2-473505,0,0,spy2,0.2342459,train,2026,weighted,False
ISPY2-473505_z033,ISPY2-473505,0,0,spy2,0.2342459,train,2026,weighted,False
ISPY2-473505_z034,ISPY2-473505,0,0,spy2,0.2342459,train,2026,weighted,False
ISPY2-473505_z035,ISPY2-473505,0,0,spy2,0.2342459,train,2026,weighted,False
ISPY2-473505_z036,ISPY2-473505,0,0,spy2,0.2342459,train,2026,weighted,False
ISPY2-473505_z037,ISPY2-473505,0,0,spy2,0.2342459,train,2026,weighted,False
ISPY2-712917_z007,ISPY2-712917,0,1,spy2,0.6719208,train,2026,weighted,False
ISPY2-712917_z009,ISPY2-712917,0,1,spy2,0.6719208,train,2026,weighted,False
ISPY2-712917_z010,ISPY2-712917,0,1,spy2,0.6719208,train,2026,weighted,False
ISPY2-712917_z011,ISPY2-712917,0,1,spy2,0.6719208,train,2026,weighted,False
ISPY2-712917_z012,ISPY2-712917,0,1,spy2,0.6719208,train,2026,weighted,False
ISPY2-712917_z013,ISPY2-712917,0,1,spy2,0.6719208,train,2026,weighted,False
ISPY2-712917_z014,ISPY2-712917,0,1,spy2,0.6719208,train,2026,weighted,False
ISPY2-712917_z015,ISPY2-712917,0,1,spy2,0.6719208,train,2026,weighted,False
ISPY2-712917_z016,ISPY2-712917,0,1,spy2,0.6719208,train,2026,weighted,False
ISPY2-712917_z017,ISPY2-712917,0,1,spy2,0.6719208,train,2026,weighted,False
ISPY2-254060_z004,ISPY2-254060,0,1,spy2,0.68079484,train,2026,weighted,False
ISPY2-254060_z005,ISPY2-254060,0,1,spy2,0.68079484,train,2026,weighted,False
ISPY2-254060_z006,ISPY2-254060,0,1,spy2,0.68079484,train,2026,weighted,False
ISPY2-254060_z007,ISPY2-254060,0,1,spy2,0.68079484,train,2026,weighted,False
ISPY2-254060_z008,ISPY2-254060,0,1,spy2,0.68079484,train,2026,weighted,False
ISPY2-254060_z009,ISPY2-254060,0,1,spy2,0.68079484,train,2026,weighted,False
ISPY2-254060_z010,ISPY2-254060,0,1,spy2,0.68079484,train,2026,weighted,False
ISPY2-254060_z011,ISPY2-254060,0,1,spy2,0.68079484,train,2026,weighted,False
ISPY2-254060_z012,ISPY2-254060,0,1,spy2,0.68079484,train,2026,weighted,False
ISPY2-254060_z014,ISPY2-254060,0,1,spy2,0.68079484,train,2026,weighted,False
ISPY2-411806_z024,ISPY2-411806,0,0,spy2,0.30930942,train,2026,weighted,False
ISPY2-411806_z025,ISPY2-411806,0,0,spy2,0.30930942,train,2026,weighted,False
ISPY2-411806_z026,ISPY2-411806,0,0,spy2,0.30930942,train,2026,weighted,False
ISPY2-411806_z027,ISPY2-411806,0,0,spy2,0.30930942,train,2026,weighted,False
ISPY2-411806_z028,ISPY2-411806,0,0,spy2,0.30930942,train,2026,weighted,False
ISPY2-411806_z029,ISPY2-411806,0,0,spy2,0.30930942,train,2026,weighted,False
ISPY2-411806_z030,ISPY2-411806,0,0,spy2,0.30930942,train,2026,weighted,False
ISPY2-411806_z031,ISPY2-411806,0,0,spy2,0.30930942,train,2026,weighted,False
ISPY2-411806_z032,ISPY2-411806,0,0,spy2,0.30930942,train,2026,weighted,False
ISPY2-411806_z033,ISPY2-411806,0,0,spy2,0.30930942,train,2026,weighted,False
ISPY2-810965_z015,ISPY2-810965,0,1,spy2,0.37246323,train,2026,weighted,False
ISPY2-810965_z016,ISPY2-810965,0,1,spy2,0.37246323,train,2026,weighted,False
ISPY2-810965_z017,ISPY2-810965,0,1,spy2,0.37246323,train,2026,weighted,False
ISPY2-810965_z018,ISPY2-810965,0,1,spy2,0.37246323,train,2026,weighted,False
ISPY2-810965_z019,ISPY2-810965,0,1,spy2,0.37246323,train,2026,weighted,False
ISPY2-810965_z020,ISPY2-810965,0,1,spy2,0.37246323,train,2026,weighted,False
ISPY2-810965_z021,ISPY2-810965,0,1,spy2,0.37246323,train,2026,weighted,False
ISPY2-810965_z022,ISPY2-810965,0,1,spy2,0.37246323,train,2026,weighted,False
ISPY2-810965_z023,ISPY2-810965,0,1,spy2,0.37246323,train,2026,weighted,False
ISPY2-810965_z024,ISPY2-810965,0,1,spy2,0.37246323,train,2026,weighted,False
ACRIN-6698-774840_z015,ACRIN-6698-774840,0,1,spy2,0.4718791,train,2026,weighted,False
ACRIN-6698-774840_z016,ACRIN-6698-774840,0,1,spy2,0.4718791,train,2026,weighted,False
ACRIN-6698-774840_z022,ACRIN-6698-774840,0,1,spy2,0.46631974,train,2026,weighted,False
ACRIN-6698-774840_z023,ACRIN-6698-774840,0,1,spy2,0.46989426,train,2026,weighted,False
ACRIN-6698-774840_z024,ACRIN-6698-774840,0,1,spy2,0.4718791,train,2026,weighted,False
ACRIN-6698-774840_z025,ACRIN-6698-774840,0,1,spy2,0.4718791,train,2026,weighted,False
ACRIN-6698-774840_z026,ACRIN-6698-774840,0,1,spy2,0.4718791,train,2026,weighted,False
ACRIN-6698-774840_z027,ACRIN-6698-774840,0,1,spy2,0.4718791,train,2026,weighted,False
ACRIN-6698-774840_z028,ACRIN-6698-774840,0,1,spy2,0.4718791,train,2026,weighted,False
ACRIN-6698-774840_z029,ACRIN-6698-774840,0,1,spy2,0.4718791,train,2026,weighted,False
ACRIN-6698-831848_z008,ACRIN-6698-831848,0,1,spy2,0.85798913,train,2026,weighted,False
ACRIN-6698-831848_z009,ACRIN-6698-831848,0,1,spy2,0.85719967,train,2026,weighted,False
ACRIN-6698-831848_z010,ACRIN-6698-831848,0,1,spy2,0.8549868,train,2026,weighted,False
ACRIN-6698-831848_z011,ACRIN-6698-831848,0,1,spy2,0.853422,train,2026,weighted,False
ACRIN-6698-831848_z012,ACRIN-6698-831848,0,1,spy2,0.8547399,train,2026,weighted,False
ACRIN-6698-831848_z013,ACRIN-6698-831848,0,1,spy2,0.85470814,train,2026,weighted,False
ACRIN-6698-831848_z014,ACRIN-6698-831848,0,1,spy2,0.85444397,train,2026,weighted,False
ACRIN-6698-831848_z015,ACRIN-6698-831848,0,1,spy2,0.8541223,train,2026,weighted,False
ACRIN-6698-831848_z016,ACRIN-6698-831848,0,1,spy2,0.8557888,train,2026,weighted,False
ACRIN-6698-831848_z017,ACRIN-6698-831848,0,1,spy2,0.8581172,train,2026,weighted,False
ACRIN-6698-661730_z009,ACRIN-6698-661730,0,1,spy2,0.6626884,train,2026,weighted,False
ACRIN-6698-661730_z010,ACRIN-6698-661730,0,1,spy2,0.6626884,train,2026,weighted,False
ACRIN-6698-661730_z011,ACRIN-6698-661730,0,1,spy2,0.6626884,train,2026,weighted,False
ACRIN-6698-661730_z012,ACRIN-6698-661730,0,1,spy2,0.6626884,train,2026,weighted,False
ACRIN-6698-661730_z013,ACRIN-6698-661730,0,1,spy2,0.6626884,train,2026,weighted,False
ACRIN-6698-661730_z014,ACRIN-6698-661730,0,1,spy2,0.6626884,train,2026,weighted,False
ACRIN-6698-661730_z015,ACRIN-6698-661730,0,1,spy2,0.6626884,train,2026,weighted,False
ACRIN-6698-661730_z016,ACRIN-6698-661730,0,1,spy2,0.6626884,train,2026,weighted,False
ACRIN-6698-661730_z017,ACRIN-6698-661730,0,1,spy2,0.6626884,train,2026,weighted,False
ACRIN-6698-661730_z018,ACRIN-6698-661730,0,1,spy2,0.6626884,train,2026,weighted,False
ISPY2-347516_z006,ISPY2-347516,0,0,spy2,0.6381117,train,2026,weighted,False
ISPY2-347516_z007,ISPY2-347516,0,0,spy2,0.6381117,train,2026,weighted,False
ISPY2-347516_z008,ISPY2-347516,0,0,spy2,0.6381117,train,2026,weighted,False
ISPY2-347516_z009,ISPY2-347516,0,0,spy2,0.6381117,train,2026,weighted,False
ISPY2-347516_z010,ISPY2-347516,0,0,spy2,0.6381117,train,2026,weighted,False
ISPY2-347516_z011,ISPY2-347516,0,0,spy2,0.6381117,train,2026,weighted,False
ISPY2-347516_z012,ISPY2-347516,0,0,spy2,0.6381117,train,2026,weighted,False
ISPY2-347516_z013,ISPY2-347516,0,0,spy2,0.6381117,train,2026,weighted,False
ISPY2-347516_z014,ISPY2-347516,0,0,spy2,0.6381117,train,2026,weighted,False
ISPY2-347516_z015,ISPY2-347516,0,0,spy2,0.6381117,train,2026,weighted,False
ISPY2-701790_z005,ISPY2-701790,0,0,spy2,0.17263576,train,2026,weighted,False
ISPY2-701790_z006,ISPY2-701790,0,0,spy2,0.16461092,train,2026,weighted,False
ISPY2-701790_z007,ISPY2-701790,0,0,spy2,0.16243939,train,2026,weighted,False
ISPY2-701790_z008,ISPY2-701790,0,0,spy2,0.16841285,train,2026,weighted,False
ISPY2-701790_z009,ISPY2-701790,0,0,spy2,0.17838365,train,2026,weighted,False
ISPY2-701790_z010,ISPY2-701790,0,0,spy2,0.19437082,train,2026,weighted,False
ISPY2-701790_z011,ISPY2-701790,0,0,spy2,0.21899606,train,2026,weighted,False
ISPY2-701790_z012,ISPY2-701790,0,0,spy2,0.25151935,train,2026,weighted,False
ISPY2-701790_z013,ISPY2-701790,0,0,spy2,0.26250887,train,2026,weighted,False
ISPY2-701790_z014,ISPY2-701790,0,0,spy2,0.26250887,train,2026,weighted,False
ISPY2-329941_z003,ISPY2-329941,0,1,spy2,0.5640048,train,2026,weighted,False
ISPY2-329941_z004,ISPY2-329941,0,1,spy2,0.5605853,train,2026,weighted,False
ISPY2-329941_z005,ISPY2-329941,0,1,spy2,0.5528778,train,2026,weighted,False
ISPY2-329941_z006,ISPY2-329941,0,1,spy2,0.5487924,train,2026,weighted,False
ISPY2-329941_z007,ISPY2-329941,0,1,spy2,0.54494256,train,2026,weighted,False
ISPY2-329941_z008,ISPY2-329941,0,1,spy2,0.54719967,train,2026,weighted,False
ISPY2-329941_z009,ISPY2-329941,0,1,spy2,0.5529638,train,2026,weighted,False
ISPY2-329941_z010,ISPY2-329941,0,1,spy2,0.5585507,train,2026,weighted,False
ISPY2-329941_z011,ISPY2-329941,0,1,spy2,0.5616646,train,2026,weighted,False
ISPY2-329941_z012,ISPY2-329941,0,1,spy2,0.5640048,train,2026,weighted,False
ISPY2-728287_z023,ISPY2-728287,0,1,spy2,0.44567788,train,2026,weighted,False
ISPY2-728287_z024,ISPY2-728287,0,1,spy2,0.4466826,train,2026,weighted,False
ISPY2-728287_z025,ISPY2-728287,0,1,spy2,0.45707342,train,2026,weighted,False
ISPY2-728287_z026,ISPY2-728287,0,1,spy2,0.46735805,train,2026,weighted,False
ISPY2-728287_z027,ISPY2-728287,0,1,spy2,0.46735805,train,2026,weighted,False
ISPY2-728287_z028,ISPY2-728287,0,1,spy2,0.46735805,train,2026,weighted,False
ISPY2-728287_z029,ISPY2-728287,0,1,spy2,0.46735805,train,2026,weighted,False
ISPY2-728287_z030,ISPY2-728287,0,1,spy2,0.46735805,train,2026,weighted,False
ISPY2-728287_z031,ISPY2-728287,0,1,spy2,0.46735805,train,2026,weighted,False
ISPY2-728287_z032,ISPY2-728287,0,1,spy2,0.46735805,train,2026,weighted,False
ISPY2-268937_z009,ISPY2-268937,0,1,spy2,0.4899825,train,2026,weighted,False
ISPY2-268937_z010,ISPY2-268937,0,1,spy2,0.48611745,train,2026,weighted,False
ISPY2-268937_z011,ISPY2-268937,0,1,spy2,0.48112795,train,2026,weighted,False
ISPY2-268937_z012,ISPY2-268937,0,1,spy2,0.475615,train,2026,weighted,False
ISPY2-268937_z013,ISPY2-268937,0,1,spy2,0.47071415,train,2026,weighted,False
ISPY2-268937_z014,ISPY2-268937,0,1,spy2,0.47365826,train,2026,weighted,False
ISPY2-268937_z015,ISPY2-268937,0,1,spy2,0.47564033,train,2026,weighted,False
ISPY2-268937_z016,ISPY2-268937,0,1,spy2,0.47078827,train,2026,weighted,False
ISPY2-268937_z017,ISPY2-268937,0,1,spy2,0.47462562,train,2026,weighted,False
ISPY2-268937_z018,ISPY2-268937,0,1,spy2,0.47639775,train,2026,weighted,False
ISPY2-849605_z027,ISPY2-849605,0,0,spy2,0.5828831,train,2026,weighted,False
ISPY2-849605_z030,ISPY2-849605,0,0,spy2,0.57526404,train,2026,weighted,False
ISPY2-849605_z031,ISPY2-849605,0,0,spy2,0.5781666,train,2026,weighted,False
ISPY2-849605_z032,ISPY2-849605,0,0,spy2,0.57827073,train,2026,weighted,False
ISPY2-849605_z033,ISPY2-849605,0,0,spy2,0.5763358,train,2026,weighted,False
ISPY2-849605_z034,ISPY2-849605,0,0,spy2,0.58003527,train,2026,weighted,False
ISPY2-849605_z035,ISPY2-849605,0,0,spy2,0.57595956,train,2026,weighted,False
ISPY2-849605_z036,ISPY2-849605,0,0,spy2,0.5731772,train,2026,weighted,False
ISPY2-849605_z037,ISPY2-849605,0,0,spy2,0.5721682,train,2026,weighted,False
ISPY2-849605_z038,ISPY2-849605,0,0,spy2,0.5672171,train,2026,weighted,False
ISPY2-797499_z004,ISPY2-797499,0,1,spy2,0.8125777,train,2026,weighted,False
ISPY2-797499_z005,ISPY2-797499,0,1,spy2,0.8125777,train,2026,weighted,False
ISPY2-797499_z006,ISPY2-797499,0,1,spy2,0.8125777,train,2026,weighted,False
ISPY2-797499_z007,ISPY2-797499,0,1,spy2,0.8125777,train,2026,weighted,False
ISPY2-797499_z008,ISPY2-797499,0,1,spy2,0.8125777,train,2026,weighted,False
ISPY2-797499_z009,ISPY2-797499,0,1,spy2,0.8125777,train,2026,weighted,False
ISPY2-797499_z010,ISPY2-797499,0,1,spy2,0.8125777,train,2026,weighted,False
ISPY2-797499_z011,ISPY2-797499,0,1,spy2,0.8125777,train,2026,weighted,False
ISPY2-797499_z012,ISPY2-797499,0,1,spy2,0.8125777,train,2026,weighted,False
ISPY2-797499_z013,ISPY2-797499,0,1,spy2,0.8125777,train,2026,weighted,False
ACRIN-6698-691753_z007,ACRIN-6698-691753,0,0,spy2,0.30677202,train,2026,weighted,False
ACRIN-6698-691753_z008,ACRIN-6698-691753,0,0,spy2,0.30677202,train,2026,weighted,False
ACRIN-6698-691753_z009,ACRIN-6698-691753,0,0,spy2,0.30677202,train,2026,weighted,False
ACRIN-6698-691753_z010,ACRIN-6698-691753,0,0,spy2,0.30677202,train,2026,weighted,False
ACRIN-6698-691753_z011,ACRIN-6698-691753,0,0,spy2,0.30677202,train,2026,weighted,False
ACRIN-6698-691753_z012,ACRIN-6698-691753,0,0,spy2,0.30677202,train,2026,weighted,False
ACRIN-6698-691753_z013,ACRIN-6698-691753,0,0,spy2,0.30677202,train,2026,weighted,False
ACRIN-6698-691753_z014,ACRIN-6698-691753,0,0,spy2,0.30677202,train,2026,weighted,False
ACRIN-6698-691753_z015,ACRIN-6698-691753,0,0,spy2,0.30677202,train,2026,weighted,False
ACRIN-6698-691753_z016,ACRIN-6698-691753,0,0,spy2,0.30677202,train,2026,weighted,False
ISPY2-726091_z018,ISPY2-726091,0,1,spy2,0.6517205,train,2026,weighted,False
ISPY2-726091_z019,ISPY2-726091,0,1,spy2,0.6517205,train,2026,weighted,False
ISPY2-726091_z020,ISPY2-726091,0,1,spy2,0.6517205,train,2026,weighted,False
ISPY2-726091_z021,ISPY2-726091,0,1,spy2,0.6517205,train,2026,weighted,False
ISPY2-726091_z022,ISPY2-726091,0,1,spy2,0.6517205,train,2026,weighted,False
ISPY2-726091_z023,ISPY2-726091,0,1,spy2,0.6517205,train,2026,weighted,False
ISPY2-726091_z024,ISPY2-726091,0,1,spy2,0.6517205,train,2026,weighted,False
ISPY2-726091_z025,ISPY2-726091,0,1,spy2,0.6517205,train,2026,weighted,False
ISPY2-726091_z026,ISPY2-726091,0,1,spy2,0.6517205,train,2026,weighted,False
ISPY2-726091_z027,ISPY2-726091,0,1,spy2,0.6517205,train,2026,weighted,False
ACRIN-6698-179568_z006,ACRIN-6698-179568,0,0,spy2,0.29918364,train,2026,weighted,False
ACRIN-6698-179568_z007,ACRIN-6698-179568,0,0,spy2,0.3002682,train,2026,weighted,False
ACRIN-6698-179568_z008,ACRIN-6698-179568,0,0,spy2,0.3057107,train,2026,weighted,False
ACRIN-6698-179568_z009,ACRIN-6698-179568,0,0,spy2,0.3057107,train,2026,weighted,False
ACRIN-6698-179568_z010,ACRIN-6698-179568,0,0,spy2,0.3057107,train,2026,weighted,False
ACRIN-6698-179568_z011,ACRIN-6698-179568,0,0,spy2,0.3057107,train,2026,weighted,False
ACRIN-6698-179568_z012,ACRIN-6698-179568,0,0,spy2,0.3057107,train,2026,weighted,False
ACRIN-6698-179568_z013,ACRIN-6698-179568,0,0,spy2,0.3057107,train,2026,weighted,False
ACRIN-6698-179568_z014,ACRIN-6698-179568,0,0,spy2,0.3057107,train,2026,weighted,False
ACRIN-6698-179568_z015,ACRIN-6698-179568,0,0,spy2,0.3057107,train,2026,weighted,False
ISPY2-160120_z009,ISPY2-160120,0,0,spy2,0.2544403,train,2026,weighted,False
ISPY2-160120_z010,ISPY2-160120,0,0,spy2,0.2544403,train,2026,weighted,False
ISPY2-160120_z011,ISPY2-160120,0,0,spy2,0.2544403,train,2026,weighted,False
ISPY2-160120_z012,ISPY2-160120,0,0,spy2,0.2544403,train,2026,weighted,False
ISPY2-160120_z013,ISPY2-160120,0,0,spy2,0.2544403,train,2026,weighted,False
ISPY2-160120_z014,ISPY2-160120,0,0,spy2,0.2544403,train,2026,weighted,False
ISPY2-160120_z015,ISPY2-160120,0,0,spy2,0.2544403,train,2026,weighted,False
ISPY2-160120_z016,ISPY2-160120,0,0,spy2,0.2544403,train,2026,weighted,False
ISPY2-160120_z017,ISPY2-160120,0,0,spy2,0.2544403,train,2026,weighted,False
ISPY2-160120_z018,ISPY2-160120,0,0,spy2,0.2544403,train,2026,weighted,False
ACRIN-6698-760011_z007,ACRIN-6698-760011,0,1,spy2,0.5644078,train,2026,weighted,False
ACRIN-6698-760011_z009,ACRIN-6698-760011,0,1,spy2,0.52127606,train,2026,weighted,False
ACRIN-6698-760011_z010,ACRIN-6698-760011,0,1,spy2,0.4959572,train,2026,weighted,False
ACRIN-6698-760011_z011,ACRIN-6698-760011,0,1,spy2,0.5606476,train,2026,weighted,False
ACRIN-6698-760011_z013,ACRIN-6698-760011,0,1,spy2,0.5644078,train,2026,weighted,False
ACRIN-6698-760011_z014,ACRIN-6698-760011,0,1,spy2,0.5644078,train,2026,weighted,False
ACRIN-6698-760011_z015,ACRIN-6698-760011,0,1,spy2,0.5644078,train,2026,weighted,False
ACRIN-6698-760011_z016,ACRIN-6698-760011,0,1,spy2,0.5644078,train,2026,weighted,False
ACRIN-6698-760011_z017,ACRIN-6698-760011,0,1,spy2,0.5644078,train,2026,weighted,False
ACRIN-6698-760011_z018,ACRIN-6698-760011,0,1,spy2,0.5644078,train,2026,weighted,False
ISPY2-654956_z010,ISPY2-654956,0,0,spy2,0.8012274,train,2026,weighted,False
ISPY2-654956_z011,ISPY2-654956,0,0,spy2,0.8012274,train,2026,weighted,False
ISPY2-654956_z012,ISPY2-654956,0,0,spy2,0.8012274,train,2026,weighted,False
ISPY2-654956_z013,ISPY2-654956,0,0,spy2,0.8012274,train,2026,weighted,False
ISPY2-654956_z014,ISPY2-654956,0,0,spy2,0.8012274,train,2026,weighted,False
ISPY2-654956_z015,ISPY2-654956,0,0,spy2,0.8012274,train,2026,weighted,False
ISPY2-654956_z016,ISPY2-654956,0,0,spy2,0.8012274,train,2026,weighted,False
ISPY2-654956_z017,ISPY2-654956,0,0,spy2,0.8012274,train,2026,weighted,False
ISPY2-654956_z021,ISPY2-654956,0,0,spy2,0.8012274,train,2026,weighted,False
ISPY2-654956_z022,ISPY2-654956,0,0,spy2,0.8012274,train,2026,weighted,False
ISPY2-388581_z010,ISPY2-388581,0,1,spy2,0.5769174,train,2026,weighted,False
ISPY2-388581_z011,ISPY2-388581,0,1,spy2,0.5769174,train,2026,weighted,False
ISPY2-388581_z012,ISPY2-388581,0,1,spy2,0.5769174,train,2026,weighted,False
ISPY2-388581_z013,ISPY2-388581,0,1,spy2,0.5769174,train,2026,weighted,False
ISPY2-388581_z014,ISPY2-388581,0,1,spy2,0.5769174,train,2026,weighted,False
ISPY2-388581_z015,ISPY2-388581,0,1,spy2,0.5769174,train,2026,weighted,False
ISPY2-388581_z016,ISPY2-388581,0,1,spy2,0.5769174,train,2026,weighted,False
ISPY2-388581_z017,ISPY2-388581,0,1,spy2,0.57314026,train,2026,weighted,False
ISPY2-388581_z018,ISPY2-388581,0,1,spy2,0.5703485,train,2026,weighted,False
ISPY2-388581_z019,ISPY2-388581,0,1,spy2,0.5686905,train,2026,weighted,False
ISPY2-771813_z002,ISPY2-771813,0,0,spy2,0.6128321,train,2026,weighted,False
ISPY2-771813_z003,ISPY2-771813,0,0,spy2,0.6128321,train,2026,weighted,False
ISPY2-771813_z004,ISPY2-771813,0,0,spy2,0.6128321,train,2026,weighted,False
ISPY2-771813_z005,ISPY2-771813,0,0,spy2,0.6128321,train,2026,weighted,False
ISPY2-771813_z006,ISPY2-771813,0,0,spy2,0.6128321,train,2026,weighted,False
ISPY2-771813_z007,ISPY2-771813,0,0,spy2,0.6128321,train,2026,weighted,False
ISPY2-771813_z008,ISPY2-771813,0,0,spy2,0.6128321,train,2026,weighted,False
ISPY2-771813_z009,ISPY2-771813,0,0,spy2,0.6128321,train,2026,weighted,False
ISPY2-771813_z010,ISPY2-771813,0,0,spy2,0.6128321,train,2026,weighted,False
ISPY2-771813_z011,ISPY2-771813,0,0,spy2,0.6128321,train,2026,weighted,False
ISPY2-225836_z011,ISPY2-225836,0,0,spy2,0.4489085,train,2026,weighted,False
ISPY2-225836_z012,ISPY2-225836,0,0,spy2,0.4489085,train,2026,weighted,False
ISPY2-225836_z013,ISPY2-225836,0,0,spy2,0.4489085,train,2026,weighted,False
ISPY2-225836_z014,ISPY2-225836,0,0,spy2,0.43203017,train,2026,weighted,False
ISPY2-225836_z015,ISPY2-225836,0,0,spy2,0.42589748,train,2026,weighted,False
ISPY2-225836_z016,ISPY2-225836,0,0,spy2,0.42738476,train,2026,weighted,False
ISPY2-225836_z017,ISPY2-225836,0,0,spy2,0.4336557,train,2026,weighted,False
ISPY2-225836_z018,ISPY2-225836,0,0,spy2,0.43727493,train,2026,weighted,False
ISPY2-225836_z019,ISPY2-225836,0,0,spy2,0.4404069,train,2026,weighted,False
ISPY2-225836_z020,ISPY2-225836,0,0,spy2,0.4372929,train,2026,weighted,False
ISPY2-932200_z009,ISPY2-932200,0,0,spy2,0.3761267,train,2026,weighted,False
ISPY2-932200_z010,ISPY2-932200,0,0,spy2,0.3761267,train,2026,weighted,False
ISPY2-932200_z011,ISPY2-932200,0,0,spy2,0.3761267,train,2026,weighted,False
ISPY2-932200_z012,ISPY2-932200,0,0,spy2,0.3761267,train,2026,weighted,False
ISPY2-932200_z013,ISPY2-932200,0,0,spy2,0.3761267,train,2026,weighted,False
ISPY2-932200_z014,ISPY2-932200,0,0,spy2,0.3761267,train,2026,weighted,False
ISPY2-932200_z015,ISPY2-932200,0,0,spy2,0.3761267,train,2026,weighted,False
ISPY2-932200_z016,ISPY2-932200,0,0,spy2,0.3761267,train,2026,weighted,False
ISPY2-932200_z017,ISPY2-932200,0,0,spy2,0.3761267,train,2026,weighted,False
ISPY2-932200_z018,ISPY2-932200,0,0,spy2,0.3761267,train,2026,weighted,False
ISPY2-129837_z025,ISPY2-129837,0,0,spy2,0.44529912,train,2026,weighted,False
ISPY2-129837_z026,ISPY2-129837,0,0,spy2,0.44529912,train,2026,weighted,False
ISPY2-129837_z027,ISPY2-129837,0,0,spy2,0.44529912,train,2026,weighted,False
ISPY2-129837_z028,ISPY2-129837,0,0,spy2,0.44529912,train,2026,weighted,False
ISPY2-129837_z029,ISPY2-129837,0,0,spy2,0.44502798,train,2026,weighted,False
ISPY2-129837_z030,ISPY2-129837,0,0,spy2,0.44346115,train,2026,weighted,False
ISPY2-129837_z031,ISPY2-129837,0,0,spy2,0.44529912,train,2026,weighted,False
ISPY2-129837_z032,ISPY2-129837,0,0,spy2,0.44529912,train,2026,weighted,False
ISPY2-129837_z033,ISPY2-129837,0,0,spy2,0.44529912,train,2026,weighted,False
ISPY2-129837_z034,ISPY2-129837,0,0,spy2,0.44529912,train,2026,weighted,False
ISPY2-239061_z031,ISPY2-239061,0,0,spy2,0.41944253,train,2026,weighted,False
ISPY2-239061_z032,ISPY2-239061,0,0,spy2,0.41944253,train,2026,weighted,False
ISPY2-239061_z033,ISPY2-239061,0,0,spy2,0.41944253,train,2026,weighted,False
ISPY2-239061_z034,ISPY2-239061,0,0,spy2,0.41944253,train,2026,weighted,False
ISPY2-239061_z035,ISPY2-239061,0,0,spy2,0.41944253,train,2026,weighted,False
ISPY2-239061_z036,ISPY2-239061,0,0,spy2,0.41944253,train,2026,weighted,False
ISPY2-239061_z037,ISPY2-239061,0,0,spy2,0.41944253,train,2026,weighted,False
ISPY2-239061_z038,ISPY2-239061,0,0,spy2,0.41944253,train,2026,weighted,False
ISPY2-239061_z039,ISPY2-239061,0,0,spy2,0.41944253,train,2026,weighted,False
ISPY2-239061_z040,ISPY2-239061,0,0,spy2,0.41944253,train,2026,weighted,False
ISPY2-103693_z005,ISPY2-103693,0,0,spy2,0.26836148,train,2026,weighted,False
ISPY2-103693_z006,ISPY2-103693,0,0,spy2,0.26836148,train,2026,weighted,False
ISPY2-103693_z007,ISPY2-103693,0,0,spy2,0.26836148,train,2026,weighted,False
ISPY2-103693_z008,ISPY2-103693,0,0,spy2,0.26836148,train,2026,weighted,False
ISPY2-103693_z009,ISPY2-103693,0,0,spy2,0.26836148,train,2026,weighted,False
ISPY2-103693_z010,ISPY2-103693,0,0,spy2,0.26836148,train,2026,weighted,False
ISPY2-103693_z011,ISPY2-103693,0,0,spy2,0.26836148,train,2026,weighted,False
ISPY2-103693_z012,ISPY2-103693,0,0,spy2,0.26836148,train,2026,weighted,False
ISPY2-103693_z013,ISPY2-103693,0,0,spy2,0.26836148,train,2026,weighted,False
ISPY2-103693_z014,ISPY2-103693,0,0,spy2,0.26836148,train,2026,weighted,False
ISPY2-151230_z015,ISPY2-151230,0,0,spy2,0.48634997,train,2026,weighted,False
ISPY2-151230_z016,ISPY2-151230,0,0,spy2,0.48634997,train,2026,weighted,False
ISPY2-151230_z017,ISPY2-151230,0,0,spy2,0.48634997,train,2026,weighted,False
ISPY2-151230_z018,ISPY2-151230,0,0,spy2,0.48634997,train,2026,weighted,False
ISPY2-151230_z019,ISPY2-151230,0,0,spy2,0.48634997,train,2026,weighted,False
ISPY2-151230_z020,ISPY2-151230,0,0,spy2,0.48634997,train,2026,weighted,False
ISPY2-151230_z021,ISPY2-151230,0,0,spy2,0.48634997,train,2026,weighted,False
ISPY2-151230_z022,ISPY2-151230,0,0,spy2,0.48634997,train,2026,weighted,False
ISPY2-151230_z023,ISPY2-151230,0,0,spy2,0.48634997,train,2026,weighted,False
ISPY2-151230_z024,ISPY2-151230,0,0,spy2,0.48634997,train,2026,weighted,False
ISPY2-570380_z038,ISPY2-570380,0,0,spy2,0.5903136,train,2026,weighted,False
ISPY2-570380_z039,ISPY2-570380,0,0,spy2,0.5903136,train,2026,weighted,False
ISPY2-570380_z040,ISPY2-570380,0,0,spy2,0.5903136,train,2026,weighted,False
ISPY2-570380_z041,ISPY2-570380,0,0,spy2,0.5903136,train,2026,weighted,False
ISPY2-570380_z042,ISPY2-570380,0,0,spy2,0.5903136,train,2026,weighted,False
ISPY2-570380_z043,ISPY2-570380,0,0,spy2,0.5903136,train,2026,weighted,False
ISPY2-570380_z044,ISPY2-570380,0,0,spy2,0.5903136,train,2026,weighted,False
ISPY2-570380_z045,ISPY2-570380,0,0,spy2,0.5903136,train,2026,weighted,False
ISPY2-570380_z046,ISPY2-570380,0,0,spy2,0.5903136,train,2026,weighted,False
ISPY2-570380_z048,ISPY2-570380,0,0,spy2,0.5903136,train,2026,weighted,False
ISPY2-133650_z007,ISPY2-133650,0,0,spy2,0.26027402,train,2026,weighted,False
ISPY2-133650_z008,ISPY2-133650,0,0,spy2,0.26027402,train,2026,weighted,False
ISPY2-133650_z009,ISPY2-133650,0,0,spy2,0.26027402,train,2026,weighted,False
ISPY2-133650_z010,ISPY2-133650,0,0,spy2,0.26027402,train,2026,weighted,False
ISPY2-133650_z011,ISPY2-133650,0,0,spy2,0.26027402,train,2026,weighted,False
ISPY2-133650_z012,ISPY2-133650,0,0,spy2,0.26027402,train,2026,weighted,False
ISPY2-133650_z013,ISPY2-133650,0,0,spy2,0.26027402,train,2026,weighted,False
ISPY2-133650_z014,ISPY2-133650,0,0,spy2,0.26027402,train,2026,weighted,False
ISPY2-133650_z015,ISPY2-133650,0,0,spy2,0.26027402,train,2026,weighted,False
ISPY2-133650_z016,ISPY2-133650,0,0,spy2,0.26027402,train,2026,weighted,False
ISPY2-502486_z023,ISPY2-502486,0,0,spy2,0.5951413,train,2026,weighted,False
ISPY2-502486_z024,ISPY2-502486,0,0,spy2,0.59514725,train,2026,weighted,False
ISPY2-502486_z033,ISPY2-502486,0,0,spy2,0.5951413,train,2026,weighted,False
ISPY2-502486_z034,ISPY2-502486,0,0,spy2,0.5951413,train,2026,weighted,False
ISPY2-502486_z035,ISPY2-502486,0,0,spy2,0.5951413,train,2026,weighted,False
ISPY2-502486_z036,ISPY2-502486,0,0,spy2,0.5951413,train,2026,weighted,False
ISPY2-502486_z037,ISPY2-502486,0,0,spy2,0.5951413,train,2026,weighted,False
ISPY2-502486_z038,ISPY2-502486,0,0,spy2,0.5951413,train,2026,weighted,False
ISPY2-502486_z039,ISPY2-502486,0,0,spy2,0.5951413,train,2026,weighted,False
ISPY2-502486_z040,ISPY2-502486,0,0,spy2,0.5951413,train,2026,weighted,False
ACRIN-6698-987914_z006,ACRIN-6698-987914,0,0,spy2,0.5733444,train,2026,weighted,False
ACRIN-6698-987914_z011,ACRIN-6698-987914,0,0,spy2,0.5733444,train,2026,weighted,False
ACRIN-6698-987914_z012,ACRIN-6698-987914,0,0,spy2,0.57041115,train,2026,weighted,False
ACRIN-6698-987914_z013,ACRIN-6698-987914,0,0,spy2,0.5664585,train,2026,weighted,False
ACRIN-6698-987914_z014,ACRIN-6698-987914,0,0,spy2,0.5643355,train,2026,weighted,False
ACRIN-6698-987914_z015,ACRIN-6698-987914,0,0,spy2,0.5672965,train,2026,weighted,False
ACRIN-6698-987914_z016,ACRIN-6698-987914,0,0,spy2,0.5696854,train,2026,weighted,False
ACRIN-6698-987914_z017,ACRIN-6698-987914,0,0,spy2,0.56965065,train,2026,weighted,False
ACRIN-6698-987914_z018,ACRIN-6698-987914,0,0,spy2,0.5733444,train,2026,weighted,False
ACRIN-6698-987914_z019,ACRIN-6698-987914,0,0,spy2,0.5733444,train,2026,weighted,False
ISPY2-127675_z045,ISPY2-127675,0,0,spy2,0.4750363,train,2026,weighted,False
ISPY2-127675_z046,ISPY2-127675,0,0,spy2,0.4750363,train,2026,weighted,False
ISPY2-127675_z047,ISPY2-127675,0,0,spy2,0.4750363,train,2026,weighted,False
ISPY2-127675_z048,ISPY2-127675,0,0,spy2,0.4750363,train,2026,weighted,False
ISPY2-127675_z049,ISPY2-127675,0,0,spy2,0.4750363,train,2026,weighted,False
ISPY2-127675_z050,ISPY2-127675,0,0,spy2,0.4750363,train,2026,weighted,False
ISPY2-127675_z051,ISPY2-127675,0,0,spy2,0.4750363,train,2026,weighted,False
ISPY2-127675_z052,ISPY2-127675,0,0,spy2,0.4750363,train,2026,weighted,False
ISPY2-127675_z053,ISPY2-127675,0,0,spy2,0.4750363,train,2026,weighted,False
ISPY2-127675_z054,ISPY2-127675,0,0,spy2,0.4750363,train,2026,weighted,False
ACRIN-6698-298101_z010,ACRIN-6698-298101,0,0,spy2,0.38102043,train,2026,weighted,False
ACRIN-6698-298101_z011,ACRIN-6698-298101,0,0,spy2,0.38591024,train,2026,weighted,False
ACRIN-6698-298101_z012,ACRIN-6698-298101,0,0,spy2,0.3877856,train,2026,weighted,False
ACRIN-6698-298101_z013,ACRIN-6698-298101,0,0,spy2,0.38777745,train,2026,weighted,False
ACRIN-6698-298101_z014,ACRIN-6698-298101,0,0,spy2,0.38822648,train,2026,weighted,False
ACRIN-6698-298101_z015,ACRIN-6698-298101,0,0,spy2,0.38822648,train,2026,weighted,False
ACRIN-6698-298101_z016,ACRIN-6698-298101,0,0,spy2,0.38822648,train,2026,weighted,False
ACRIN-6698-298101_z017,ACRIN-6698-298101,0,0,spy2,0.38822648,train,2026,weighted,False
ACRIN-6698-298101_z018,ACRIN-6698-298101,0,0,spy2,0.38822648,train,2026,weighted,False
ACRIN-6698-298101_z019,ACRIN-6698-298101,0,0,spy2,0.38822648,train,2026,weighted,False
ACRIN-6698-804979_z014,ACRIN-6698-804979,0,0,spy2,0.3279824,train,2026,weighted,False
ACRIN-6698-804979_z016,ACRIN-6698-804979,0,0,spy2,0.3279824,train,2026,weighted,False
ACRIN-6698-804979_z017,ACRIN-6698-804979,0,0,spy2,0.3279824,train,2026,weighted,False
ACRIN-6698-804979_z018,ACRIN-6698-804979,0,0,spy2,0.3279824,train,2026,weighted,False
ACRIN-6698-804979_z019,ACRIN-6698-804979,0,0,spy2,0.3279824,train,2026,weighted,False
ACRIN-6698-804979_z020,ACRIN-6698-804979,0,0,spy2,0.3279824,train,2026,weighted,False
ACRIN-6698-804979_z021,ACRIN-6698-804979,0,0,spy2,0.3279824,train,2026,weighted,False
ACRIN-6698-804979_z022,ACRIN-6698-804979,0,0,spy2,0.3279824,train,2026,weighted,False
ACRIN-6698-804979_z023,ACRIN-6698-804979,0,0,spy2,0.3279824,train,2026,weighted,False
ACRIN-6698-804979_z024,ACRIN-6698-804979,0,0,spy2,0.3279824,train,2026,weighted,False
ISPY2-632408_z009,ISPY2-632408,0,0,spy2,0.21033472,train,2026,weighted,False
ISPY2-632408_z010,ISPY2-632408,0,0,spy2,0.21033472,train,2026,weighted,False
ISPY2-632408_z011,ISPY2-632408,0,0,spy2,0.21033472,train,2026,weighted,False
ISPY2-632408_z012,ISPY2-632408,0,0,spy2,0.21033472,train,2026,weighted,False
ISPY2-632408_z013,ISPY2-632408,0,0,spy2,0.21033472,train,2026,weighted,False
ISPY2-632408_z014,ISPY2-632408,0,0,spy2,0.21033472,train,2026,weighted,False
ISPY2-632408_z015,ISPY2-632408,0,0,spy2,0.21033472,train,2026,weighted,False
ISPY2-632408_z016,ISPY2-632408,0,0,spy2,0.21033472,train,2026,weighted,False
ISPY2-632408_z017,ISPY2-632408,0,0,spy2,0.21033472,train,2026,weighted,False
ISPY2-632408_z023,ISPY2-632408,0,0,spy2,0.21033472,train,2026,weighted,False
ISPY2-765773_z009,ISPY2-765773,0,1,spy2,0.59980416,train,2026,weighted,False
ISPY2-765773_z010,ISPY2-765773,0,1,spy2,0.59980416,train,2026,weighted,False
ISPY2-765773_z011,ISPY2-765773,0,1,spy2,0.59980416,train,2026,weighted,False
ISPY2-765773_z012,ISPY2-765773,0,1,spy2,0.59980416,train,2026,weighted,False
ISPY2-765773_z013,ISPY2-765773,0,1,spy2,0.59980416,train,2026,weighted,False
ISPY2-765773_z014,ISPY2-765773,0,1,spy2,0.59980416,train,2026,weighted,False
ISPY2-765773_z015,ISPY2-765773,0,1,spy2,0.59980416,train,2026,weighted,False
ISPY2-765773_z016,ISPY2-765773,0,1,spy2,0.59980416,train,2026,weighted,False
ISPY2-765773_z017,ISPY2-765773,0,1,spy2,0.59980416,train,2026,weighted,False
ISPY2-765773_z018,ISPY2-765773,0,1,spy2,0.59980416,train,2026,weighted,False
ISPY2-803514_z036,ISPY2-803514,0,0,spy2,0.2104844,train,2026,weighted,False
ISPY2-803514_z037,ISPY2-803514,0,0,spy2,0.2104844,train,2026,weighted,False
ISPY2-803514_z038,ISPY2-803514,0,0,spy2,0.2104844,train,2026,weighted,False
ISPY2-803514_z039,ISPY2-803514,0,0,spy2,0.2104844,train,2026,weighted,False
ISPY2-803514_z040,ISPY2-803514,0,0,spy2,0.2104844,train,2026,weighted,False
ISPY2-803514_z041,ISPY2-803514,0,0,spy2,0.2104844,train,2026,weighted,False
ISPY2-803514_z042,ISPY2-803514,0,0,spy2,0.2104844,train,2026,weighted,False
ISPY2-803514_z043,ISPY2-803514,0,0,spy2,0.2104844,train,2026,weighted,False
ISPY2-803514_z044,ISPY2-803514,0,0,spy2,0.2104844,train,2026,weighted,False
ISPY2-803514_z045,ISPY2-803514,0,0,spy2,0.2104844,train,2026,weighted,False
ISPY2-202956_z004,ISPY2-202956,0,1,spy2,0.6046113,train,2026,weighted,False
ISPY2-202956_z005,ISPY2-202956,0,1,spy2,0.6046113,train,2026,weighted,False
ISPY2-202956_z006,ISPY2-202956,0,1,spy2,0.6046113,train,2026,weighted,False
ISPY2-202956_z007,ISPY2-202956,0,1,spy2,0.6046113,train,2026,weighted,False
ISPY2-202956_z008,ISPY2-202956,0,1,spy2,0.6046113,train,2026,weighted,False
ISPY2-202956_z009,ISPY2-202956,0,1,spy2,0.6046113,train,2026,weighted,False
ISPY2-202956_z010,ISPY2-202956,0,1,spy2,0.6046113,train,2026,weighted,False
ISPY2-202956_z011,ISPY2-202956,0,1,spy2,0.6046113,train,2026,weighted,False
ISPY2-202956_z012,ISPY2-202956,0,1,spy2,0.6046113,train,2026,weighted,False
ISPY2-202956_z013,ISPY2-202956,0,1,spy2,0.6046113,train,2026,weighted,False
ISPY2-301289_z004,ISPY2-301289,0,0,spy2,0.31156465,train,2026,weighted,False
ISPY2-301289_z005,ISPY2-301289,0,0,spy2,0.31156465,train,2026,weighted,False
ISPY2-301289_z006,ISPY2-301289,0,0,spy2,0.31156465,train,2026,weighted,False
ISPY2-301289_z007,ISPY2-301289,0,0,spy2,0.31156465,train,2026,weighted,False
ISPY2-301289_z008,ISPY2-301289,0,0,spy2,0.31156465,train,2026,weighted,False
ISPY2-301289_z009,ISPY2-301289,0,0,spy2,0.31156465,train,2026,weighted,False
ISPY2-301289_z010,ISPY2-301289,0,0,spy2,0.31156465,train,2026,weighted,False
ISPY2-301289_z011,ISPY2-301289,0,0,spy2,0.31156465,train,2026,weighted,False
ISPY2-301289_z012,ISPY2-301289,0,0,spy2,0.31156465,train,2026,weighted,False
ISPY2-301289_z013,ISPY2-301289,0,0,spy2,0.31156465,train,2026,weighted,False
ISPY2-442981_z020,ISPY2-442981,0,1,spy2,0.36741927,train,2026,weighted,False
ISPY2-442981_z021,ISPY2-442981,0,1,spy2,0.36741927,train,2026,weighted,False
ISPY2-442981_z022,ISPY2-442981,0,1,spy2,0.36741927,train,2026,weighted,False
ISPY2-442981_z023,ISPY2-442981,0,1,spy2,0.36741927,train,2026,weighted,False
ISPY2-442981_z024,ISPY2-442981,0,1,spy2,0.36741927,train,2026,weighted,False
ISPY2-442981_z025,ISPY2-442981,0,1,spy2,0.36741927,train,2026,weighted,False
ISPY2-442981_z026,ISPY2-442981,0,1,spy2,0.36741927,train,2026,weighted,False
ISPY2-442981_z027,ISPY2-442981,0,1,spy2,0.36741927,train,2026,weighted,False
ISPY2-442981_z028,ISPY2-442981,0,1,spy2,0.36741927,train,2026,weighted,False
ISPY2-442981_z029,ISPY2-442981,0,1,spy2,0.36741927,train,2026,weighted,False
ACRIN-6698-284593_z007,ACRIN-6698-284593,0,0,spy2,0.6639965,train,2026,weighted,False
ACRIN-6698-284593_z008,ACRIN-6698-284593,0,0,spy2,0.6639965,train,2026,weighted,False
ACRIN-6698-284593_z009,ACRIN-6698-284593,0,0,spy2,0.6639965,train,2026,weighted,False
ACRIN-6698-284593_z010,ACRIN-6698-284593,0,0,spy2,0.6639965,train,2026,weighted,False
ACRIN-6698-284593_z011,ACRIN-6698-284593,0,0,spy2,0.6639965,train,2026,weighted,False
ACRIN-6698-284593_z012,ACRIN-6698-284593,0,0,spy2,0.6639965,train,2026,weighted,False
ACRIN-6698-284593_z013,ACRIN-6698-284593,0,0,spy2,0.6639965,train,2026,weighted,False
ACRIN-6698-284593_z014,ACRIN-6698-284593,0,0,spy2,0.6639965,train,2026,weighted,False
ACRIN-6698-284593_z015,ACRIN-6698-284593,0,0,spy2,0.6639965,train,2026,weighted,False
ACRIN-6698-284593_z016,ACRIN-6698-284593,0,0,spy2,0.6639965,train,2026,weighted,False
ACRIN-6698-462582_z015,ACRIN-6698-462582,0,0,spy2,0.2756723,train,2026,weighted,False
ACRIN-6698-462582_z016,ACRIN-6698-462582,0,0,spy2,0.26553875,train,2026,weighted,False
ACRIN-6698-462582_z017,ACRIN-6698-462582,0,0,spy2,0.26445407,train,2026,weighted,False
ACRIN-6698-462582_z018,ACRIN-6698-462582,0,0,spy2,0.2705053,train,2026,weighted,False
ACRIN-6698-462582_z023,ACRIN-6698-462582,0,0,spy2,0.2756723,train,2026,weighted,False
ACRIN-6698-462582_z024,ACRIN-6698-462582,0,0,spy2,0.2756723,train,2026,weighted,False
ACRIN-6698-462582_z025,ACRIN-6698-462582,0,0,spy2,0.2756723,train,2026,weighted,False
ACRIN-6698-462582_z026,ACRIN-6698-462582,0,0,spy2,0.2756723,train,2026,weighted,False
ACRIN-6698-462582_z030,ACRIN-6698-462582,0,0,spy2,0.2756723,train,2026,weighted,False
ACRIN-6698-462582_z031,ACRIN-6698-462582,0,0,spy2,0.2756723,train,2026,weighted,False
ISPY2-578975_z005,ISPY2-578975,0,1,spy2,0.62213045,train,2026,weighted,False
ISPY2-578975_z006,ISPY2-578975,0,1,spy2,0.62213045,train,2026,weighted,False
ISPY2-578975_z007,ISPY2-578975,0,1,spy2,0.62213045,train,2026,weighted,False
ISPY2-578975_z008,ISPY2-578975,0,1,spy2,0.62213045,train,2026,weighted,False
ISPY2-578975_z009,ISPY2-578975,0,1,spy2,0.62213045,train,2026,weighted,False
ISPY2-578975_z010,ISPY2-578975,0,1,spy2,0.62213045,train,2026,weighted,False
ISPY2-578975_z011,ISPY2-578975,0,1,spy2,0.62213045,train,2026,weighted,False
ISPY2-578975_z012,ISPY2-578975,0,1,spy2,0.62213045,train,2026,weighted,False
ISPY2-578975_z013,ISPY2-578975,0,1,spy2,0.62213045,train,2026,weighted,False
ISPY2-578975_z014,ISPY2-578975,0,1,spy2,0.62213045,train,2026,weighted,False
ISPY2-335091_z056,ISPY2-335091,0,1,spy2,0.577817,train,2026,weighted,False
ISPY2-335091_z057,ISPY2-335091,0,1,spy2,0.5767833,train,2026,weighted,False
ISPY2-335091_z058,ISPY2-335091,0,1,spy2,0.5759455,train,2026,weighted,False
ISPY2-335091_z059,ISPY2-335091,0,1,spy2,0.57648414,train,2026,weighted,False
ISPY2-335091_z060,ISPY2-335091,0,1,spy2,0.57708204,train,2026,weighted,False
ISPY2-335091_z061,ISPY2-335091,0,1,spy2,0.5776511,train,2026,weighted,False
ISPY2-335091_z062,ISPY2-335091,0,1,spy2,0.5747541,train,2026,weighted,False
ISPY2-335091_z063,ISPY2-335091,0,1,spy2,0.5717169,train,2026,weighted,False
ISPY2-335091_z064,ISPY2-335091,0,1,spy2,0.5716534,train,2026,weighted,False
ISPY2-335091_z065,ISPY2-335091,0,1,spy2,0.5707719,train,2026,weighted,False
ISPY2-829491_z054,ISPY2-829491,0,0,spy2,0.4145609,train,2026,weighted,False
ISPY2-829491_z055,ISPY2-829491,0,0,spy2,0.4145609,train,2026,weighted,False
ISPY2-829491_z056,ISPY2-829491,0,0,spy2,0.4145609,train,2026,weighted,False
ISPY2-829491_z057,ISPY2-829491,0,0,spy2,0.4145609,train,2026,weighted,False
ISPY2-829491_z058,ISPY2-829491,0,0,spy2,0.4145609,train,2026,weighted,False
ISPY2-829491_z059,ISPY2-829491,0,0,spy2,0.4145609,train,2026,weighted,False
ISPY2-829491_z064,ISPY2-829491,0,0,spy2,0.4145609,train,2026,weighted,False
ISPY2-829491_z065,ISPY2-829491,0,0,spy2,0.4145609,train,2026,weighted,False
ISPY2-829491_z066,ISPY2-829491,0,0,spy2,0.4145609,train,2026,weighted,False
ISPY2-829491_z067,ISPY2-829491,0,0,spy2,0.4145609,train,2026,weighted,False
ISPY2-782334_z010,ISPY2-782334,0,0,spy2,0.35804436,train,2026,weighted,False
ISPY2-782334_z011,ISPY2-782334,0,0,spy2,0.35393667,train,2026,weighted,False
ISPY2-782334_z012,ISPY2-782334,0,0,spy2,0.35434267,train,2026,weighted,False
ISPY2-782334_z013,ISPY2-782334,0,0,spy2,0.35465384,train,2026,weighted,False
ISPY2-782334_z014,ISPY2-782334,0,0,spy2,0.3540845,train,2026,weighted,False
ISPY2-782334_z017,ISPY2-782334,0,0,spy2,0.35272753,train,2026,weighted,False
ISPY2-782334_z018,ISPY2-782334,0,0,spy2,0.3520649,train,2026,weighted,False
ISPY2-782334_z019,ISPY2-782334,0,0,spy2,0.34991103,train,2026,weighted,False
ISPY2-782334_z020,ISPY2-782334,0,0,spy2,0.34690785,train,2026,weighted,False
ISPY2-782334_z021,ISPY2-782334,0,0,spy2,0.34636915,train,2026,weighted,False
ACRIN-6698-103939_z006,ACRIN-6698-103939,0,0,spy2,0.27405784,train,2026,weighted,False
ACRIN-6698-103939_z007,ACRIN-6698-103939,0,0,spy2,0.27405784,train,2026,weighted,False
ACRIN-6698-103939_z008,ACRIN-6698-103939,0,0,spy2,0.27405784,train,2026,weighted,False
ACRIN-6698-103939_z009,ACRIN-6698-103939,0,0,spy2,0.27405784,train,2026,weighted,False
ACRIN-6698-103939_z010,ACRIN-6698-103939,0,0,spy2,0.27405784,train,2026,weighted,False
ACRIN-6698-103939_z011,ACRIN-6698-103939,0,0,spy2,0.27405784,train,2026,weighted,False
ACRIN-6698-103939_z012,ACRIN-6698-103939,0,0,spy2,0.27405784,train,2026,weighted,False
ACRIN-6698-103939_z013,ACRIN-6698-103939,0,0,spy2,0.27405784,train,2026,weighted,False
ACRIN-6698-103939_z014,ACRIN-6698-103939,0,0,spy2,0.27405784,train,2026,weighted,False
ACRIN-6698-103939_z015,ACRIN-6698-103939,0,0,spy2,0.27405784,train,2026,weighted,False
ISPY2-676048_z011,ISPY2-676048,0,0,spy2,0.561354,train,2026,weighted,False
ISPY2-676048_z012,ISPY2-676048,0,0,spy2,0.561354,train,2026,weighted,False
ISPY2-676048_z013,ISPY2-676048,0,0,spy2,0.561354,train,2026,weighted,False
ISPY2-676048_z014,ISPY2-676048,0,0,spy2,0.561354,train,2026,weighted,False
ISPY2-676048_z015,ISPY2-676048,0,0,spy2,0.561354,train,2026,weighted,False
ISPY2-676048_z016,ISPY2-676048,0,0,spy2,0.561354,train,2026,weighted,False
ISPY2-676048_z017,ISPY2-676048,0,0,spy2,0.561354,train,2026,weighted,False
ISPY2-676048_z018,ISPY2-676048,0,0,spy2,0.561354,train,2026,weighted,False
ISPY2-676048_z019,ISPY2-676048,0,0,spy2,0.561354,train,2026,weighted,False
ISPY2-676048_z020,ISPY2-676048,0,0,spy2,0.561354,train,2026,weighted,False
ISPY2-416434_z016,ISPY2-416434,0,1,spy2,0.6268905,train,2026,weighted,False
ISPY2-416434_z017,ISPY2-416434,0,1,spy2,0.6268905,train,2026,weighted,False
ISPY2-416434_z018,ISPY2-416434,0,1,spy2,0.6268905,train,2026,weighted,False
ISPY2-416434_z019,ISPY2-416434,0,1,spy2,0.6268905,train,2026,weighted,False
ISPY2-416434_z020,ISPY2-416434,0,1,spy2,0.6268905,train,2026,weighted,False
ISPY2-416434_z021,ISPY2-416434,0,1,spy2,0.6268905,train,2026,weighted,False
ISPY2-416434_z022,ISPY2-416434,0,1,spy2,0.6268905,train,2026,weighted,False
ISPY2-416434_z023,ISPY2-416434,0,1,spy2,0.6268905,train,2026,weighted,False
ISPY2-416434_z024,ISPY2-416434,0,1,spy2,0.6268905,train,2026,weighted,False
ISPY2-416434_z025,ISPY2-416434,0,1,spy2,0.6268905,train,2026,weighted,False
ISPY2-178649_z003,ISPY2-178649,0,1,spy2,0.545922,train,2026,weighted,False
ISPY2-178649_z004,ISPY2-178649,0,1,spy2,0.545922,train,2026,weighted,False
ISPY2-178649_z005,ISPY2-178649,0,1,spy2,0.545922,train,2026,weighted,False
ISPY2-178649_z006,ISPY2-178649,0,1,spy2,0.545922,train,2026,weighted,False
ISPY2-178649_z007,ISPY2-178649,0,1,spy2,0.545922,train,2026,weighted,False
ISPY2-178649_z008,ISPY2-178649,0,1,spy2,0.545922,train,2026,weighted,False
ISPY2-178649_z009,ISPY2-178649,0,1,spy2,0.545922,train,2026,weighted,False
ISPY2-178649_z010,ISPY2-178649,0,1,spy2,0.545922,train,2026,weighted,False
ISPY2-178649_z011,ISPY2-178649,0,1,spy2,0.5443227,train,2026,weighted,False
ISPY2-178649_z012,ISPY2-178649,0,1,spy2,0.5372488,train,2026,weighted,False
ISPY2-245655_z022,ISPY2-245655,0,0,spy2,0.571173,train,2026,weighted,False
ISPY2-245655_z023,ISPY2-245655,0,0,spy2,0.571173,train,2026,weighted,False
ISPY2-245655_z024,ISPY2-245655,0,0,spy2,0.571173,train,2026,weighted,False
ISPY2-245655_z025,ISPY2-245655,0,0,spy2,0.571173,train,2026,weighted,False
ISPY2-245655_z026,ISPY2-245655,0,0,spy2,0.571173,train,2026,weighted,False
ISPY2-245655_z027,ISPY2-245655,0,0,spy2,0.571173,train,2026,weighted,False
ISPY2-245655_z028,ISPY2-245655,0,0,spy2,0.571173,train,2026,weighted,False
ISPY2-245655_z029,ISPY2-245655,0,0,spy2,0.571173,train,2026,weighted,False
ISPY2-245655_z030,ISPY2-245655,0,0,spy2,0.571173,train,2026,weighted,False
ISPY2-245655_z033,ISPY2-245655,0,0,spy2,0.571173,train,2026,weighted,False
ACRIN-6698-317641_z010,ACRIN-6698-317641,0,1,spy2,0.7665244,train,2026,weighted,False
ACRIN-6698-317641_z011,ACRIN-6698-317641,0,1,spy2,0.7665244,train,2026,weighted,False
ACRIN-6698-317641_z012,ACRIN-6698-317641,0,1,spy2,0.7665244,train,2026,weighted,False
ACRIN-6698-317641_z013,ACRIN-6698-317641,0,1,spy2,0.7665244,train,2026,weighted,False
ACRIN-6698-317641_z014,ACRIN-6698-317641,0,1,spy2,0.7665244,train,2026,weighted,False
ACRIN-6698-317641_z015,ACRIN-6698-317641,0,1,spy2,0.7665244,train,2026,weighted,False
ACRIN-6698-317641_z016,ACRIN-6698-317641,0,1,spy2,0.7665244,train,2026,weighted,False
ACRIN-6698-317641_z017,ACRIN-6698-317641,0,1,spy2,0.7665244,train,2026,weighted,False
ACRIN-6698-317641_z018,ACRIN-6698-317641,0,1,spy2,0.7665244,train,2026,weighted,False
ACRIN-6698-317641_z019,ACRIN-6698-317641,0,1,spy2,0.7665244,train,2026,weighted,False
ACRIN-6698-587691_z009,ACRIN-6698-587691,0,1,spy2,0.4612644,train,2026,weighted,False
ACRIN-6698-587691_z010,ACRIN-6698-587691,0,1,spy2,0.4612644,train,2026,weighted,False
ACRIN-6698-587691_z011,ACRIN-6698-587691,0,1,spy2,0.4612644,train,2026,weighted,False
ACRIN-6698-587691_z012,ACRIN-6698-587691,0,1,spy2,0.4612644,train,2026,weighted,False
ACRIN-6698-587691_z013,ACRIN-6698-587691,0,1,spy2,0.4612644,train,2026,weighted,False
ACRIN-6698-587691_z016,ACRIN-6698-587691,0,1,spy2,0.4612644,train,2026,weighted,False
ACRIN-6698-587691_z017,ACRIN-6698-587691,0,1,spy2,0.4612644,train,2026,weighted,False
ACRIN-6698-587691_z018,ACRIN-6698-587691,0,1,spy2,0.4612644,train,2026,weighted,False
ACRIN-6698-587691_z019,ACRIN-6698-587691,0,1,spy2,0.4612644,train,2026,weighted,False
ACRIN-6698-587691_z020,ACRIN-6698-587691,0,1,spy2,0.4612644,train,2026,weighted,False
ISPY2-493472_z009,ISPY2-493472,0,0,spy2,0.21930258,train,2026,weighted,False
ISPY2-493472_z010,ISPY2-493472,0,0,spy2,0.21930258,train,2026,weighted,False
ISPY2-493472_z011,ISPY2-493472,0,0,spy2,0.21930258,train,2026,weighted,False
ISPY2-493472_z012,ISPY2-493472,0,0,spy2,0.21930258,train,2026,weighted,False
ISPY2-493472_z013,ISPY2-493472,0,0,spy2,0.21913879,train,2026,weighted,False
ISPY2-493472_z014,ISPY2-493472,0,0,spy2,0.21892773,train,2026,weighted,False
ISPY2-493472_z015,ISPY2-493472,0,0,spy2,0.21930258,train,2026,weighted,False
ISPY2-493472_z016,ISPY2-493472,0,0,spy2,0.21930258,train,2026,weighted,False
ISPY2-493472_z017,ISPY2-493472,0,0,spy2,0.21923266,train,2026,weighted,False
ISPY2-493472_z018,ISPY2-493472,0,0,spy2,0.21780044,train,2026,weighted,False
ISPY2-627118_z028,ISPY2-627118,0,0,spy2,0.7415889,train,2026,weighted,False
ISPY2-627118_z029,ISPY2-627118,0,0,spy2,0.7415889,train,2026,weighted,False
ISPY2-627118_z030,ISPY2-627118,0,0,spy2,0.7415889,train,2026,weighted,False
ISPY2-627118_z031,ISPY2-627118,0,0,spy2,0.7415889,train,2026,weighted,False
ISPY2-627118_z032,ISPY2-627118,0,0,spy2,0.7415889,train,2026,weighted,False
ISPY2-627118_z033,ISPY2-627118,0,0,spy2,0.7415889,train,2026,weighted,False
ISPY2-627118_z034,ISPY2-627118,0,0,spy2,0.7415889,train,2026,weighted,False
ISPY2-627118_z035,ISPY2-627118,0,0,spy2,0.7415889,train,2026,weighted,False
ISPY2-627118_z036,ISPY2-627118,0,0,spy2,0.7415889,train,2026,weighted,False
ISPY2-627118_z037,ISPY2-627118,0,0,spy2,0.7415889,train,2026,weighted,False
ACRIN-6698-329076_z011,ACRIN-6698-329076,0,0,spy2,0.32873023,train,2026,weighted,False
ACRIN-6698-329076_z012,ACRIN-6698-329076,0,0,spy2,0.32873023,train,2026,weighted,False
ACRIN-6698-329076_z013,ACRIN-6698-329076,0,0,spy2,0.32873023,train,2026,weighted,False
ACRIN-6698-329076_z014,ACRIN-6698-329076,0,0,spy2,0.32873023,train,2026,weighted,False
ACRIN-6698-329076_z015,ACRIN-6698-329076,0,0,spy2,0.32873023,train,2026,weighted,False
ACRIN-6698-329076_z017,ACRIN-6698-329076,0,0,spy2,0.32873023,train,2026,weighted,False
ACRIN-6698-329076_z018,ACRIN-6698-329076,0,0,spy2,0.32873023,train,2026,weighted,False
ACRIN-6698-329076_z019,ACRIN-6698-329076,0,0,spy2,0.32873023,train,2026,weighted,False
ACRIN-6698-329076_z020,ACRIN-6698-329076,0,0,spy2,0.32873023,train,2026,weighted,False
ACRIN-6698-329076_z021,ACRIN-6698-329076,0,0,spy2,0.32873023,train,2026,weighted,False
ISPY2-903880_z002,ISPY2-903880,0,0,spy2,0.50020295,train,2026,weighted,False
ISPY2-903880_z003,ISPY2-903880,0,0,spy2,0.50020295,train,2026,weighted,False
ISPY2-903880_z004,ISPY2-903880,0,0,spy2,0.50020295,train,2026,weighted,False
ISPY2-903880_z005,ISPY2-903880,0,0,spy2,0.50020295,train,2026,weighted,False
ISPY2-903880_z006,ISPY2-903880,0,0,spy2,0.50020295,train,2026,weighted,False
ISPY2-903880_z007,ISPY2-903880,0,0,spy2,0.50020295,train,2026,weighted,False
ISPY2-903880_z008,ISPY2-903880,0,0,spy2,0.50020295,train,2026,weighted,False
ISPY2-903880_z009,ISPY2-903880,0,0,spy2,0.50020295,train,2026,weighted,False
ISPY2-903880_z010,ISPY2-903880,0,0,spy2,0.50020295,train,2026,weighted,False
ISPY2-903880_z011,ISPY2-903880,0,0,spy2,0.50020295,train,2026,weighted,False
ACRIN-6698-146987_z007,ACRIN-6698-146987,0,0,spy2,0.29204354,train,2026,weighted,False
ACRIN-6698-146987_z008,ACRIN-6698-146987,0,0,spy2,0.29204354,train,2026,weighted,False
ACRIN-6698-146987_z009,ACRIN-6698-146987,0,0,spy2,0.29204354,train,2026,weighted,False
ACRIN-6698-146987_z010,ACRIN-6698-146987,0,0,spy2,0.29204354,train,2026,weighted,False
ACRIN-6698-146987_z011,ACRIN-6698-146987,0,0,spy2,0.29204354,train,2026,weighted,False
ACRIN-6698-146987_z012,ACRIN-6698-146987,0,0,spy2,0.29204354,train,2026,weighted,False
ACRIN-6698-146987_z013,ACRIN-6698-146987,0,0,spy2,0.29204354,train,2026,weighted,False
ACRIN-6698-146987_z014,ACRIN-6698-146987,0,0,spy2,0.29204354,train,2026,weighted,False
ACRIN-6698-146987_z015,ACRIN-6698-146987,0,0,spy2,0.29204354,train,2026,weighted,False
ACRIN-6698-146987_z016,ACRIN-6698-146987,0,0,spy2,0.29204354,train,2026,weighted,False
ISPY2-913225_z009,ISPY2-913225,0,1,spy2,0.5315487,train,2026,weighted,False
ISPY2-913225_z010,ISPY2-913225,0,1,spy2,0.5315487,train,2026,weighted,False
ISPY2-913225_z011,ISPY2-913225,0,1,spy2,0.5315487,train,2026,weighted,False
ISPY2-913225_z012,ISPY2-913225,0,1,spy2,0.5315487,train,2026,weighted,False
ISPY2-913225_z013,ISPY2-913225,0,1,spy2,0.5315487,train,2026,weighted,False
ISPY2-913225_z014,ISPY2-913225,0,1,spy2,0.5315487,train,2026,weighted,False
ISPY2-913225_z015,ISPY2-913225,0,1,spy2,0.5315487,train,2026,weighted,False
ISPY2-913225_z016,ISPY2-913225,0,1,spy2,0.5315487,train,2026,weighted,False
ISPY2-913225_z017,ISPY2-913225,0,1,spy2,0.5315487,train,2026,weighted,False
ISPY2-913225_z018,ISPY2-913225,0,1,spy2,0.5315487,train,2026,weighted,False
ISPY2-309830_z045,ISPY2-309830,0,0,spy2,0.5973488,train,2026,weighted,False
ISPY2-309830_z059,ISPY2-309830,0,0,spy2,0.5973488,train,2026,weighted,False
ISPY2-309830_z060,ISPY2-309830,0,0,spy2,0.5973488,train,2026,weighted,False
ISPY2-309830_z061,ISPY2-309830,0,0,spy2,0.5973488,train,2026,weighted,False
ISPY2-309830_z062,ISPY2-309830,0,0,spy2,0.5973488,train,2026,weighted,False
ISPY2-309830_z063,ISPY2-309830,0,0,spy2,0.5973488,train,2026,weighted,False
ISPY2-309830_z064,ISPY2-309830,0,0,spy2,0.5973488,train,2026,weighted,False
ISPY2-309830_z069,ISPY2-309830,0,0,spy2,0.5973488,train,2026,weighted,False
ISPY2-309830_z070,ISPY2-309830,0,0,spy2,0.5973488,train,2026,weighted,False
ISPY2-309830_z071,ISPY2-309830,0,0,spy2,0.5973488,train,2026,weighted,False
ISPY2-953262_z021,ISPY2-953262,0,0,spy2,0.3791717,train,2026,weighted,False
ISPY2-953262_z022,ISPY2-953262,0,0,spy2,0.3791717,train,2026,weighted,False
ISPY2-953262_z023,ISPY2-953262,0,0,spy2,0.3791717,train,2026,weighted,False
ISPY2-953262_z024,ISPY2-953262,0,0,spy2,0.3791717,train,2026,weighted,False
ISPY2-953262_z025,ISPY2-953262,0,0,spy2,0.3791717,train,2026,weighted,False
ISPY2-953262_z026,ISPY2-953262,0,0,spy2,0.3791717,train,2026,weighted,False
ISPY2-953262_z027,ISPY2-953262,0,0,spy2,0.3791717,train,2026,weighted,False
ISPY2-953262_z028,ISPY2-953262,0,0,spy2,0.3791717,train,2026,weighted,False
ISPY2-953262_z029,ISPY2-953262,0,0,spy2,0.3791717,train,2026,weighted,False
ISPY2-953262_z030,ISPY2-953262,0,0,spy2,0.3791717,train,2026,weighted,False
ISPY2-974181_z029,ISPY2-974181,0,1,spy2,0.6668433,train,2026,weighted,False
ISPY2-974181_z030,ISPY2-974181,0,1,spy2,0.6668433,train,2026,weighted,False
ISPY2-974181_z031,ISPY2-974181,0,1,spy2,0.6668433,train,2026,weighted,False
ISPY2-974181_z032,ISPY2-974181,0,1,spy2,0.6668433,train,2026,weighted,False
ISPY2-974181_z033,ISPY2-974181,0,1,spy2,0.6668433,train,2026,weighted,False
ISPY2-974181_z034,ISPY2-974181,0,1,spy2,0.6668433,train,2026,weighted,False
ISPY2-974181_z035,ISPY2-974181,0,1,spy2,0.6668433,train,2026,weighted,False
ISPY2-974181_z036,ISPY2-974181,0,1,spy2,0.6668433,train,2026,weighted,False
ISPY2-974181_z037,ISPY2-974181,0,1,spy2,0.6668433,train,2026,weighted,False
ISPY2-974181_z038,ISPY2-974181,0,1,spy2,0.6668433,train,2026,weighted,False
ISPY2-380239_z006,ISPY2-380239,0,0,spy2,0.59879225,train,2026,weighted,False
ISPY2-380239_z007,ISPY2-380239,0,0,spy2,0.59879225,train,2026,weighted,False
ISPY2-380239_z008,ISPY2-380239,0,0,spy2,0.59879225,train,2026,weighted,False
ISPY2-380239_z009,ISPY2-380239,0,0,spy2,0.59879225,train,2026,weighted,False
ISPY2-380239_z010,ISPY2-380239,0,0,spy2,0.59879225,train,2026,weighted,False
ISPY2-380239_z011,ISPY2-380239,0,0,spy2,0.59879225,train,2026,weighted,False
ISPY2-380239_z012,ISPY2-380239,0,0,spy2,0.59879225,train,2026,weighted,False
ISPY2-380239_z013,ISPY2-380239,0,0,spy2,0.59879225,train,2026,weighted,False
ISPY2-380239_z014,ISPY2-380239,0,0,spy2,0.59879225,train,2026,weighted,False
ISPY2-380239_z015,ISPY2-380239,0,0,spy2,0.59879225,train,2026,weighted,False
ISPY2-527320_z044,ISPY2-527320,0,0,spy2,0.50374985,train,2026,weighted,False
ISPY2-527320_z049,ISPY2-527320,0,0,spy2,0.50374985,train,2026,weighted,False
ISPY2-527320_z050,ISPY2-527320,0,0,spy2,0.50374985,train,2026,weighted,False
ISPY2-527320_z051,ISPY2-527320,0,0,spy2,0.50374985,train,2026,weighted,False
ISPY2-527320_z052,ISPY2-527320,0,0,spy2,0.50374985,train,2026,weighted,False
ISPY2-527320_z053,ISPY2-527320,0,0,spy2,0.50374985,train,2026,weighted,False
ISPY2-527320_z054,ISPY2-527320,0,0,spy2,0.50374985,train,2026,weighted,False
ISPY2-527320_z055,ISPY2-527320,0,0,spy2,0.50374985,train,2026,weighted,False
ISPY2-527320_z056,ISPY2-527320,0,0,spy2,0.50374985,train,2026,weighted,False
ISPY2-527320_z057,ISPY2-527320,0,0,spy2,0.50374985,train,2026,weighted,False
ISPY2-183831_z020,ISPY2-183831,0,1,spy2,0.27805877,train,2026,weighted,False
ISPY2-183831_z021,ISPY2-183831,0,1,spy2,0.27805877,train,2026,weighted,False
ISPY2-183831_z025,ISPY2-183831,0,1,spy2,0.27805877,train,2026,weighted,False
ISPY2-183831_z026,ISPY2-183831,0,1,spy2,0.27805877,train,2026,weighted,False
ISPY2-183831_z027,ISPY2-183831,0,1,spy2,0.27805877,train,2026,weighted,False
ISPY2-183831_z028,ISPY2-183831,0,1,spy2,0.27805877,train,2026,weighted,False
ISPY2-183831_z029,ISPY2-183831,0,1,spy2,0.27805877,train,2026,weighted,False
ISPY2-183831_z030,ISPY2-183831,0,1,spy2,0.27805877,train,2026,weighted,False
ISPY2-183831_z031,ISPY2-183831,0,1,spy2,0.27805877,train,2026,weighted,False
ISPY2-183831_z032,ISPY2-183831,0,1,spy2,0.27805877,train,2026,weighted,False
ISPY2-353318_z006,ISPY2-353318,0,0,spy2,0.5361168,train,2026,weighted,False
ISPY2-353318_z007,ISPY2-353318,0,0,spy2,0.5361168,train,2026,weighted,False
ISPY2-353318_z008,ISPY2-353318,0,0,spy2,0.5361168,train,2026,weighted,False
ISPY2-353318_z009,ISPY2-353318,0,0,spy2,0.5361168,train,2026,weighted,False
ISPY2-353318_z010,ISPY2-353318,0,0,spy2,0.5361168,train,2026,weighted,False
ISPY2-353318_z011,ISPY2-353318,0,0,spy2,0.5361168,train,2026,weighted,False
ISPY2-353318_z012,ISPY2-353318,0,0,spy2,0.5361168,train,2026,weighted,False
ISPY2-353318_z013,ISPY2-353318,0,0,spy2,0.5361168,train,2026,weighted,False
ISPY2-353318_z014,ISPY2-353318,0,0,spy2,0.5361168,train,2026,weighted,False
ISPY2-353318_z015,ISPY2-353318,0,0,spy2,0.5361168,train,2026,weighted,False
ACRIN-6698-963303_z014,ACRIN-6698-963303,0,0,spy2,0.3990375,train,2026,weighted,False
ACRIN-6698-963303_z018,ACRIN-6698-963303,0,0,spy2,0.3990375,train,2026,weighted,False
ACRIN-6698-963303_z019,ACRIN-6698-963303,0,0,spy2,0.3990375,train,2026,weighted,False
ACRIN-6698-963303_z020,ACRIN-6698-963303,0,0,spy2,0.3990375,train,2026,weighted,False
ACRIN-6698-963303_z021,ACRIN-6698-963303,0,0,spy2,0.3990375,train,2026,weighted,False
ACRIN-6698-963303_z022,ACRIN-6698-963303,0,0,spy2,0.3990375,train,2026,weighted,False
ACRIN-6698-963303_z023,ACRIN-6698-963303,0,0,spy2,0.3990375,train,2026,weighted,False
ACRIN-6698-963303_z024,ACRIN-6698-963303,0,0,spy2,0.3990375,train,2026,weighted,False
ACRIN-6698-963303_z025,ACRIN-6698-963303,0,0,spy2,0.3990375,train,2026,weighted,False
ACRIN-6698-963303_z026,ACRIN-6698-963303,0,0,spy2,0.3990375,train,2026,weighted,False
ISPY2-962472_z016,ISPY2-962472,0,0,spy2,0.33269298,train,2026,weighted,False
ISPY2-962472_z017,ISPY2-962472,0,0,spy2,0.33294106,train,2026,weighted,False
ISPY2-962472_z018,ISPY2-962472,0,0,spy2,0.33100897,train,2026,weighted,False
ISPY2-962472_z019,ISPY2-962472,0,0,spy2,0.3298992,train,2026,weighted,False
ISPY2-962472_z020,ISPY2-962472,0,0,spy2,0.33078516,train,2026,weighted,False
ISPY2-962472_z021,ISPY2-962472,0,0,spy2,0.33022454,train,2026,weighted,False
ISPY2-962472_z022,ISPY2-962472,0,0,spy2,0.3312574,train,2026,weighted,False
ISPY2-962472_z023,ISPY2-962472,0,0,spy2,0.3324648,train,2026,weighted,False
ISPY2-962472_z024,ISPY2-962472,0,0,spy2,0.3315001,train,2026,weighted,False
ISPY2-962472_z025,ISPY2-962472,0,0,spy2,0.3326316,train,2026,weighted,False
ISPY2-640043_z008,ISPY2-640043,0,0,spy2,0.4666404,train,2026,weighted,False
ISPY2-640043_z018,ISPY2-640043,0,0,spy2,0.4666404,train,2026,weighted,False
ISPY2-640043_z019,ISPY2-640043,0,0,spy2,0.4666404,train,2026,weighted,False
ISPY2-640043_z020,ISPY2-640043,0,0,spy2,0.4666404,train,2026,weighted,False
ISPY2-640043_z021,ISPY2-640043,0,0,spy2,0.4666404,train,2026,weighted,False
ISPY2-640043_z022,ISPY2-640043,0,0,spy2,0.4666404,train,2026,weighted,False
ISPY2-640043_z023,ISPY2-640043,0,0,spy2,0.4666404,train,2026,weighted,False
ISPY2-640043_z024,ISPY2-640043,0,0,spy2,0.4666404,train,2026,weighted,False
ISPY2-640043_z025,ISPY2-640043,0,0,spy2,0.4666404,train,2026,weighted,False
ISPY2-640043_z026,ISPY2-640043,0,0,spy2,0.4666404,train,2026,weighted,False
ISPY2-316996_z017,ISPY2-316996,0,0,spy2,0.72084343,train,2026,weighted,False
ISPY2-316996_z018,ISPY2-316996,0,0,spy2,0.72084343,train,2026,weighted,False
ISPY2-316996_z019,ISPY2-316996,0,0,spy2,0.72084343,train,2026,weighted,False
ISPY2-316996_z020,ISPY2-316996,0,0,spy2,0.72084343,train,2026,weighted,False
ISPY2-316996_z021,ISPY2-316996,0,0,spy2,0.72084343,train,2026,weighted,False
ISPY2-316996_z022,ISPY2-316996,0,0,spy2,0.72084343,train,2026,weighted,False
ISPY2-316996_z023,ISPY2-316996,0,0,spy2,0.72084343,train,2026,weighted,False
ISPY2-316996_z024,ISPY2-316996,0,0,spy2,0.72084343,train,2026,weighted,False
ISPY2-316996_z025,ISPY2-316996,0,0,spy2,0.72084343,train,2026,weighted,False
ISPY2-316996_z026,ISPY2-316996,0,0,spy2,0.72084343,train,2026,weighted,False
ISPY2-479417_z008,ISPY2-479417,0,1,spy2,0.54824656,train,2026,weighted,False
ISPY2-479417_z020,ISPY2-479417,0,1,spy2,0.54824656,train,2026,weighted,False
ISPY2-479417_z021,ISPY2-479417,0,1,spy2,0.54824656,train,2026,weighted,False
ISPY2-479417_z022,ISPY2-479417,0,1,spy2,0.54824656,train,2026,weighted,False
ISPY2-479417_z023,ISPY2-479417,0,1,spy2,0.54824656,train,2026,weighted,False
ISPY2-479417_z024,ISPY2-479417,0,1,spy2,0.54824656,train,2026,weighted,False
ISPY2-479417_z025,ISPY2-479417,0,1,spy2,0.54824656,train,2026,weighted,False
ISPY2-479417_z026,ISPY2-479417,0,1,spy2,0.54824656,train,2026,weighted,False
ISPY2-479417_z027,ISPY2-479417,0,1,spy2,0.54824656,train,2026,weighted,False
ISPY2-479417_z028,ISPY2-479417,0,1,spy2,0.54824656,train,2026,weighted,False
ISPY2-941926_z018,ISPY2-941926,0,0,spy2,0.20676243,train,2026,weighted,False
ISPY2-941926_z019,ISPY2-941926,0,0,spy2,0.20676243,train,2026,weighted,False
ISPY2-941926_z020,ISPY2-941926,0,0,spy2,0.20676243,train,2026,weighted,False
ISPY2-941926_z021,ISPY2-941926,0,0,spy2,0.20676243,train,2026,weighted,False
ISPY2-941926_z022,ISPY2-941926,0,0,spy2,0.20676243,train,2026,weighted,False
ISPY2-941926_z023,ISPY2-941926,0,0,spy2,0.20676243,train,2026,weighted,False
ISPY2-941926_z024,ISPY2-941926,0,0,spy2,0.20676243,train,2026,weighted,False
ISPY2-941926_z025,ISPY2-941926,0,0,spy2,0.20676243,train,2026,weighted,False
ISPY2-941926_z026,ISPY2-941926,0,0,spy2,0.20676243,train,2026,weighted,False
ISPY2-941926_z027,ISPY2-941926,0,0,spy2,0.20676243,train,2026,weighted,False
ISPY2-988443_z018,ISPY2-988443,0,0,spy2,0.23227572,train,2026,weighted,False
ISPY2-988443_z019,ISPY2-988443,0,0,spy2,0.23227572,train,2026,weighted,False
ISPY2-988443_z021,ISPY2-988443,0,0,spy2,0.23227572,train,2026,weighted,False
ISPY2-988443_z022,ISPY2-988443,0,0,spy2,0.23227572,train,2026,weighted,False
ISPY2-988443_z023,ISPY2-988443,0,0,spy2,0.23227572,train,2026,weighted,False
ISPY2-988443_z024,ISPY2-988443,0,0,spy2,0.23227572,train,2026,weighted,False
ISPY2-988443_z025,ISPY2-988443,0,0,spy2,0.23227572,train,2026,weighted,False
ISPY2-988443_z026,ISPY2-988443,0,0,spy2,0.23227572,train,2026,weighted,False
ISPY2-988443_z027,ISPY2-988443,0,0,spy2,0.23227572,train,2026,weighted,False
ISPY2-988443_z028,ISPY2-988443,0,0,spy2,0.23227572,train,2026,weighted,False
ISPY2-845663_z015,ISPY2-845663,0,0,spy2,0.4490552,train,2026,weighted,False
ISPY2-845663_z016,ISPY2-845663,0,0,spy2,0.4490552,train,2026,weighted,False
ISPY2-845663_z017,ISPY2-845663,0,0,spy2,0.4490552,train,2026,weighted,False
ISPY2-845663_z018,ISPY2-845663,0,0,spy2,0.4490552,train,2026,weighted,False
ISPY2-845663_z019,ISPY2-845663,0,0,spy2,0.4490552,train,2026,weighted,False
ISPY2-845663_z020,ISPY2-845663,0,0,spy2,0.4490552,train,2026,weighted,False
ISPY2-845663_z021,ISPY2-845663,0,0,spy2,0.4490552,train,2026,weighted,False
ISPY2-845663_z022,ISPY2-845663,0,0,spy2,0.4490552,train,2026,weighted,False
ISPY2-845663_z023,ISPY2-845663,0,0,spy2,0.4490552,train,2026,weighted,False
ISPY2-845663_z024,ISPY2-845663,0,0,spy2,0.4490552,train,2026,weighted,False
ISPY2-211408_z020,ISPY2-211408,0,1,spy2,0.7223369,train,2026,weighted,False
ISPY2-211408_z021,ISPY2-211408,0,1,spy2,0.7223369,train,2026,weighted,False
ISPY2-211408_z022,ISPY2-211408,0,1,spy2,0.7223369,train,2026,weighted,False
ISPY2-211408_z023,ISPY2-211408,0,1,spy2,0.7223369,train,2026,weighted,False
ISPY2-211408_z024,ISPY2-211408,0,1,spy2,0.7223369,train,2026,weighted,False
ISPY2-211408_z025,ISPY2-211408,0,1,spy2,0.7223369,train,2026,weighted,False
ISPY2-211408_z026,ISPY2-211408,0,1,spy2,0.7223369,train,2026,weighted,False
ISPY2-211408_z027,ISPY2-211408,0,1,spy2,0.7223369,train,2026,weighted,False
ISPY2-211408_z028,ISPY2-211408,0,1,spy2,0.7223369,train,2026,weighted,False
ISPY2-211408_z029,ISPY2-211408,0,1,spy2,0.7223369,train,2026,weighted,False
ISPY2-286984_z005,ISPY2-286984,0,0,spy2,0.27451956,train,2026,weighted,False
ISPY2-286984_z007,ISPY2-286984,0,0,spy2,0.27451956,train,2026,weighted,False
ISPY2-286984_z008,ISPY2-286984,0,0,spy2,0.27451956,train,2026,weighted,False
ISPY2-286984_z009,ISPY2-286984,0,0,spy2,0.27451956,train,2026,weighted,False
ISPY2-286984_z010,ISPY2-286984,0,0,spy2,0.27451956,train,2026,weighted,False
ISPY2-286984_z011,ISPY2-286984,0,0,spy2,0.27451956,train,2026,weighted,False
ISPY2-286984_z012,ISPY2-286984,0,0,spy2,0.27451956,train,2026,weighted,False
ISPY2-286984_z013,ISPY2-286984,0,0,spy2,0.27451956,train,2026,weighted,False
ISPY2-286984_z014,ISPY2-286984,0,0,spy2,0.27451956,train,2026,weighted,False
ISPY2-286984_z015,ISPY2-286984,0,0,spy2,0.27451956,train,2026,weighted,False
ISPY2-374106_z006,ISPY2-374106,0,0,spy2,0.744441,train,2026,weighted,False
ISPY2-374106_z007,ISPY2-374106,0,0,spy2,0.744441,train,2026,weighted,False
ISPY2-374106_z008,ISPY2-374106,0,0,spy2,0.744441,train,2026,weighted,False
ISPY2-374106_z009,ISPY2-374106,0,0,spy2,0.744441,train,2026,weighted,False
ISPY2-374106_z010,ISPY2-374106,0,0,spy2,0.744441,train,2026,weighted,False
ISPY2-374106_z011,ISPY2-374106,0,0,spy2,0.744441,train,2026,weighted,False
ISPY2-374106_z012,ISPY2-374106,0,0,spy2,0.744441,train,2026,weighted,False
ISPY2-374106_z013,ISPY2-374106,0,0,spy2,0.744441,train,2026,weighted,False
ISPY2-374106_z014,ISPY2-374106,0,0,spy2,0.744441,train,2026,weighted,False
ISPY2-374106_z015,ISPY2-374106,0,0,spy2,0.744441,train,2026,weighted,False
ISPY2-890414_z015,ISPY2-890414,0,1,spy2,0.6064484,train,2026,weighted,False
ISPY2-890414_z016,ISPY2-890414,0,1,spy2,0.6064484,train,2026,weighted,False
ISPY2-890414_z017,ISPY2-890414,0,1,spy2,0.6064484,train,2026,weighted,False
ISPY2-890414_z018,ISPY2-890414,0,1,spy2,0.6064484,train,2026,weighted,False
ISPY2-890414_z019,ISPY2-890414,0,1,spy2,0.6064484,train,2026,weighted,False
ISPY2-890414_z020,ISPY2-890414,0,1,spy2,0.6064484,train,2026,weighted,False
ISPY2-890414_z021,ISPY2-890414,0,1,spy2,0.6064484,train,2026,weighted,False
ISPY2-890414_z022,ISPY2-890414,0,1,spy2,0.6064484,train,2026,weighted,False
ISPY2-890414_z023,ISPY2-890414,0,1,spy2,0.6064484,train,2026,weighted,False
ISPY2-890414_z024,ISPY2-890414,0,1,spy2,0.6064484,train,2026,weighted,False
ISPY2-563856_z005,ISPY2-563856,0,1,spy2,0.6186978,train,2026,weighted,False
ISPY2-563856_z006,ISPY2-563856,0,1,spy2,0.6186978,train,2026,weighted,False
ISPY2-563856_z007,ISPY2-563856,0,1,spy2,0.6186978,train,2026,weighted,False
ISPY2-563856_z008,ISPY2-563856,0,1,spy2,0.6186978,train,2026,weighted,False
ISPY2-563856_z009,ISPY2-563856,0,1,spy2,0.6186978,train,2026,weighted,False
ISPY2-563856_z010,ISPY2-563856,0,1,spy2,0.6186978,train,2026,weighted,False
ISPY2-563856_z011,ISPY2-563856,0,1,spy2,0.6186978,train,2026,weighted,False
ISPY2-563856_z012,ISPY2-563856,0,1,spy2,0.6186978,train,2026,weighted,False
ISPY2-563856_z013,ISPY2-563856,0,1,spy2,0.6186978,train,2026,weighted,False
ISPY2-563856_z014,ISPY2-563856,0,1,spy2,0.6186978,train,2026,weighted,False
ISPY2-426106_z047,ISPY2-426106,0,0,spy2,0.1890858,train,2026,weighted,False
ISPY2-426106_z048,ISPY2-426106,0,0,spy2,0.1890858,train,2026,weighted,False
ISPY2-426106_z049,ISPY2-426106,0,0,spy2,0.1890858,train,2026,weighted,False
ISPY2-426106_z050,ISPY2-426106,0,0,spy2,0.1890858,train,2026,weighted,False
ISPY2-426106_z051,ISPY2-426106,0,0,spy2,0.1890858,train,2026,weighted,False
ISPY2-426106_z052,ISPY2-426106,0,0,spy2,0.1890858,train,2026,weighted,False
ISPY2-426106_z053,ISPY2-426106,0,0,spy2,0.1890858,train,2026,weighted,False
ISPY2-426106_z054,ISPY2-426106,0,0,spy2,0.1890858,train,2026,weighted,False
ISPY2-426106_z055,ISPY2-426106,0,0,spy2,0.1890858,train,2026,weighted,False
ISPY2-426106_z056,ISPY2-426106,0,0,spy2,0.1890858,train,2026,weighted,False
ISPY2-194024_z007,ISPY2-194024,0,1,spy2,0.34732297,train,2026,weighted,False
ISPY2-194024_z008,ISPY2-194024,0,1,spy2,0.34732297,train,2026,weighted,False
ISPY2-194024_z009,ISPY2-194024,0,1,spy2,0.34732297,train,2026,weighted,False
ISPY2-194024_z010,ISPY2-194024,0,1,spy2,0.34550047,train,2026,weighted,False
ISPY2-194024_z011,ISPY2-194024,0,1,spy2,0.33846045,train,2026,weighted,False
ISPY2-194024_z012,ISPY2-194024,0,1,spy2,0.33782876,train,2026,weighted,False
ISPY2-194024_z013,ISPY2-194024,0,1,spy2,0.33820635,train,2026,weighted,False
ISPY2-194024_z014,ISPY2-194024,0,1,spy2,0.34128073,train,2026,weighted,False
ISPY2-194024_z015,ISPY2-194024,0,1,spy2,0.34278724,train,2026,weighted,False
ISPY2-194024_z016,ISPY2-194024,0,1,spy2,0.34608558,train,2026,weighted,False
ACRIN-6698-942017_z018,ACRIN-6698-942017,0,0,spy2,0.22907431,train,2026,weighted,False
ACRIN-6698-942017_z019,ACRIN-6698-942017,0,0,spy2,0.23036066,train,2026,weighted,False
ACRIN-6698-942017_z020,ACRIN-6698-942017,0,0,spy2,0.22740102,train,2026,weighted,False
ACRIN-6698-942017_z022,ACRIN-6698-942017,0,0,spy2,0.22943228,train,2026,weighted,False
ACRIN-6698-942017_z023,ACRIN-6698-942017,0,0,spy2,0.23910634,train,2026,weighted,False
ACRIN-6698-942017_z024,ACRIN-6698-942017,0,0,spy2,0.23344724,train,2026,weighted,False
ACRIN-6698-942017_z025,ACRIN-6698-942017,0,0,spy2,0.23308225,train,2026,weighted,False
ACRIN-6698-942017_z026,ACRIN-6698-942017,0,0,spy2,0.24559881,train,2026,weighted,False
ACRIN-6698-942017_z027,ACRIN-6698-942017,0,0,spy2,0.25324172,train,2026,weighted,False
ACRIN-6698-942017_z028,ACRIN-6698-942017,0,0,spy2,0.24858618,train,2026,weighted,False
ISPY2-733276_z005,ISPY2-733276,0,0,spy2,0.5464742,train,2026,weighted,False
ISPY2-733276_z006,ISPY2-733276,0,0,spy2,0.5464588,train,2026,weighted,False
ISPY2-733276_z007,ISPY2-733276,0,0,spy2,0.5464588,train,2026,weighted,False
ISPY2-733276_z008,ISPY2-733276,0,0,spy2,0.5464588,train,2026,weighted,False
ISPY2-733276_z009,ISPY2-733276,0,0,spy2,0.54647,train,2026,weighted,False
ISPY2-733276_z010,ISPY2-733276,0,0,spy2,0.5464755,train,2026,weighted,False
ISPY2-733276_z011,ISPY2-733276,0,0,spy2,0.5464629,train,2026,weighted,False
ISPY2-733276_z012,ISPY2-733276,0,0,spy2,0.5464588,train,2026,weighted,False
ISPY2-733276_z013,ISPY2-733276,0,0,spy2,0.5464588,train,2026,weighted,False
ISPY2-733276_z014,ISPY2-733276,0,0,spy2,0.5464588,train,2026,weighted,False
ISPY2-360937_z021,ISPY2-360937,0,0,spy2,0.2789437,train,2026,weighted,False
ISPY2-360937_z022,ISPY2-360937,0,0,spy2,0.2789437,train,2026,weighted,False
ISPY2-360937_z023,ISPY2-360937,0,0,spy2,0.2789437,train,2026,weighted,False
ISPY2-360937_z024,ISPY2-360937,0,0,spy2,0.2789437,train,2026,weighted,False
ISPY2-360937_z025,ISPY2-360937,0,0,spy2,0.2789437,train,2026,weighted,False
ISPY2-360937_z026,ISPY2-360937,0,0,spy2,0.2789437,train,2026,weighted,False
ISPY2-360937_z027,ISPY2-360937,0,0,spy2,0.2789437,train,2026,weighted,False
ISPY2-360937_z028,ISPY2-360937,0,0,spy2,0.2789437,train,2026,weighted,False
ISPY2-360937_z029,ISPY2-360937,0,0,spy2,0.2789437,train,2026,weighted,False
ISPY2-360937_z030,ISPY2-360937,0,0,spy2,0.2789437,train,2026,weighted,False
ISPY2-485637_z028,ISPY2-485637,0,0,spy2,0.53080213,train,2026,weighted,False
ISPY2-485637_z030,ISPY2-485637,0,0,spy2,0.53080213,train,2026,weighted,False
ISPY2-485637_z035,ISPY2-485637,0,0,spy2,0.53080213,train,2026,weighted,False
ISPY2-485637_z036,ISPY2-485637,0,0,spy2,0.53080213,train,2026,weighted,False
ISPY2-485637_z037,ISPY2-485637,0,0,spy2,0.53080213,train,2026,weighted,False
ISPY2-485637_z038,ISPY2-485637,0,0,spy2,0.53080213,train,2026,weighted,False
ISPY2-485637_z039,ISPY2-485637,0,0,spy2,0.53080213,train,2026,weighted,False
ISPY2-485637_z040,ISPY2-485637,0,0,spy2,0.53080213,train,2026,weighted,False
ISPY2-485637_z041,ISPY2-485637,0,0,spy2,0.53080213,train,2026,weighted,False
ISPY2-485637_z042,ISPY2-485637,0,0,spy2,0.53080213,train,2026,weighted,False
ISPY2-405717_z009,ISPY2-405717,0,0,spy2,0.5923707,train,2026,weighted,False
ISPY2-405717_z010,ISPY2-405717,0,0,spy2,0.5923707,train,2026,weighted,False
ISPY2-405717_z011,ISPY2-405717,0,0,spy2,0.5923707,train,2026,weighted,False
ISPY2-405717_z012,ISPY2-405717,0,0,spy2,0.5923707,train,2026,weighted,False
ISPY2-405717_z013,ISPY2-405717,0,0,spy2,0.5923707,train,2026,weighted,False
ISPY2-405717_z014,ISPY2-405717,0,0,spy2,0.5923707,train,2026,weighted,False
ISPY2-405717_z015,ISPY2-405717,0,0,spy2,0.5923707,train,2026,weighted,False
ISPY2-405717_z016,ISPY2-405717,0,0,spy2,0.5923707,train,2026,weighted,False
ISPY2-405717_z018,ISPY2-405717,0,0,spy2,0.5923707,train,2026,weighted,False
ISPY2-405717_z019,ISPY2-405717,0,0,spy2,0.5923707,train,2026,weighted,False
ACRIN-6698-901705_z025,ACRIN-6698-901705,0,0,spy2,0.3170492,train,2026,weighted,False
ACRIN-6698-901705_z026,ACRIN-6698-901705,0,0,spy2,0.3170492,train,2026,weighted,False
ACRIN-6698-901705_z027,ACRIN-6698-901705,0,0,spy2,0.3170492,train,2026,weighted,False
ACRIN-6698-901705_z028,ACRIN-6698-901705,0,0,spy2,0.3170492,train,2026,weighted,False
ACRIN-6698-901705_z029,ACRIN-6698-901705,0,0,spy2,0.3170492,train,2026,weighted,False
ACRIN-6698-901705_z030,ACRIN-6698-901705,0,0,spy2,0.3170492,train,2026,weighted,False
ACRIN-6698-901705_z031,ACRIN-6698-901705,0,0,spy2,0.3170492,train,2026,weighted,False
ACRIN-6698-901705_z039,ACRIN-6698-901705,0,0,spy2,0.3170492,train,2026,weighted,False
ACRIN-6698-901705_z040,ACRIN-6698-901705,0,0,spy2,0.3170492,train,2026,weighted,False
ACRIN-6698-901705_z041,ACRIN-6698-901705,0,0,spy2,0.3170492,train,2026,weighted,False
ISPY2-706418_z009,ISPY2-706418,0,1,spy2,0.7008316,train,2026,weighted,False
ISPY2-706418_z010,ISPY2-706418,0,1,spy2,0.7008316,train,2026,weighted,False
ISPY2-706418_z011,ISPY2-706418,0,1,spy2,0.7008316,train,2026,weighted,False
ISPY2-706418_z012,ISPY2-706418,0,1,spy2,0.7008316,train,2026,weighted,False
ISPY2-706418_z013,ISPY2-706418,0,1,spy2,0.7008316,train,2026,weighted,False
ISPY2-706418_z014,ISPY2-706418,0,1,spy2,0.7008316,train,2026,weighted,False
ISPY2-706418_z015,ISPY2-706418,0,1,spy2,0.7008316,train,2026,weighted,False
ISPY2-706418_z016,ISPY2-706418,0,1,spy2,0.7008316,train,2026,weighted,False
ISPY2-706418_z017,ISPY2-706418,0,1,spy2,0.7008316,train,2026,weighted,False
ISPY2-706418_z018,ISPY2-706418,0,1,spy2,0.7008316,train,2026,weighted,False
ISPY2-259206_z010,ISPY2-259206,0,0,spy2,0.4017384,train,2026,weighted,False
ISPY2-259206_z011,ISPY2-259206,0,0,spy2,0.41752306,train,2026,weighted,False
ISPY2-259206_z012,ISPY2-259206,0,0,spy2,0.41591007,train,2026,weighted,False
ISPY2-259206_z013,ISPY2-259206,0,0,spy2,0.41737735,train,2026,weighted,False
ISPY2-259206_z014,ISPY2-259206,0,0,spy2,0.41797635,train,2026,weighted,False
ISPY2-259206_z015,ISPY2-259206,0,0,spy2,0.4221543,train,2026,weighted,False
ISPY2-259206_z016,ISPY2-259206,0,0,spy2,0.4032428,train,2026,weighted,False
ISPY2-259206_z023,ISPY2-259206,0,0,spy2,0.4221543,train,2026,weighted,False
ISPY2-259206_z024,ISPY2-259206,0,0,spy2,0.4221543,train,2026,weighted,False
ISPY2-259206_z027,ISPY2-259206,0,0,spy2,0.4221543,train,2026,weighted,False
ACRIN-6698-792181_z005,ACRIN-6698-792181,0,1,spy2,0.55965245,train,2026,weighted,False
ACRIN-6698-792181_z006,ACRIN-6698-792181,0,1,spy2,0.55965245,train,2026,weighted,False
ACRIN-6698-792181_z007,ACRIN-6698-792181,0,1,spy2,0.55965245,train,2026,weighted,False
ACRIN-6698-792181_z008,ACRIN-6698-792181,0,1,spy2,0.55965245,train,2026,weighted,False
ACRIN-6698-792181_z009,ACRIN-6698-792181,0,1,spy2,0.55965245,train,2026,weighted,False
ACRIN-6698-792181_z010,ACRIN-6698-792181,0,1,spy2,0.55965245,train,2026,weighted,False
ACRIN-6698-792181_z011,ACRIN-6698-792181,0,1,spy2,0.55674374,train,2026,weighted,False
ACRIN-6698-792181_z012,ACRIN-6698-792181,0,1,spy2,0.55954224,train,2026,weighted,False
ACRIN-6698-792181_z013,ACRIN-6698-792181,0,1,spy2,0.55965245,train,2026,weighted,False
ACRIN-6698-792181_z014,ACRIN-6698-792181,0,1,spy2,0.55965245,train,2026,weighted,False
ISPY2-655795_z012,ISPY2-655795,0,1,spy2,0.2632798,train,2026,weighted,False
ISPY2-655795_z013,ISPY2-655795,0,1,spy2,0.2632798,train,2026,weighted,False
ISPY2-655795_z014,ISPY2-655795,0,1,spy2,0.2632798,train,2026,weighted,False
ISPY2-655795_z015,ISPY2-655795,0,1,spy2,0.2632798,train,2026,weighted,False
ISPY2-655795_z016,ISPY2-655795,0,1,spy2,0.2632798,train,2026,weighted,False
ISPY2-655795_z017,ISPY2-655795,0,1,spy2,0.2632798,train,2026,weighted,False
ISPY2-655795_z018,ISPY2-655795,0,1,spy2,0.2632798,train,2026,weighted,False
ISPY2-655795_z026,ISPY2-655795,0,1,spy2,0.2632798,train,2026,weighted,False
ISPY2-655795_z027,ISPY2-655795,0,1,spy2,0.2632798,train,2026,weighted,False
ISPY2-655795_z028,ISPY2-655795,0,1,spy2,0.2632798,train,2026,weighted,False
ISPY2-572235_z022,ISPY2-572235,0,0,spy2,0.45626295,train,2026,weighted,False
ISPY2-572235_z023,ISPY2-572235,0,0,spy2,0.45626295,train,2026,weighted,False
ISPY2-572235_z024,ISPY2-572235,0,0,spy2,0.45626295,train,2026,weighted,False
ISPY2-572235_z025,ISPY2-572235,0,0,spy2,0.45626295,train,2026,weighted,False
ISPY2-572235_z026,ISPY2-572235,0,0,spy2,0.45626295,train,2026,weighted,False
ISPY2-572235_z027,ISPY2-572235,0,0,spy2,0.45626295,train,2026,weighted,False
ISPY2-572235_z029,ISPY2-572235,0,0,spy2,0.45626295,train,2026,weighted,False
ISPY2-572235_z030,ISPY2-572235,0,0,spy2,0.45626295,train,2026,weighted,False
ISPY2-572235_z031,ISPY2-572235,0,0,spy2,0.45626295,train,2026,weighted,False
ISPY2-572235_z034,ISPY2-572235,0,0,spy2,0.45626295,train,2026,weighted,False
ISPY2-600536_z037,ISPY2-600536,0,0,spy2,0.5806744,train,2026,weighted,False
ISPY2-600536_z038,ISPY2-600536,0,0,spy2,0.5806744,train,2026,weighted,False
ISPY2-600536_z039,ISPY2-600536,0,0,spy2,0.5806744,train,2026,weighted,False
ISPY2-600536_z040,ISPY2-600536,0,0,spy2,0.5806744,train,2026,weighted,False
ISPY2-600536_z041,ISPY2-600536,0,0,spy2,0.5806744,train,2026,weighted,False
ISPY2-600536_z042,ISPY2-600536,0,0,spy2,0.5806744,train,2026,weighted,False
ISPY2-600536_z043,ISPY2-600536,0,0,spy2,0.5806744,train,2026,weighted,False
ISPY2-600536_z044,ISPY2-600536,0,0,spy2,0.5806744,train,2026,weighted,False
ISPY2-600536_z045,ISPY2-600536,0,0,spy2,0.5806744,train,2026,weighted,False
ISPY2-600536_z046,ISPY2-600536,0,0,spy2,0.5806744,train,2026,weighted,False
ACRIN-6698-422013_z024,ACRIN-6698-422013,0,0,spy2,0.596659,train,2026,weighted,False
ACRIN-6698-422013_z032,ACRIN-6698-422013,0,0,spy2,0.6059479,train,2026,weighted,False
ACRIN-6698-422013_z033,ACRIN-6698-422013,0,0,spy2,0.6038745,train,2026,weighted,False
ACRIN-6698-422013_z034,ACRIN-6698-422013,0,0,spy2,0.6034226,train,2026,weighted,False
ACRIN-6698-422013_z035,ACRIN-6698-422013,0,0,spy2,0.6095673,train,2026,weighted,False
ACRIN-6698-422013_z036,ACRIN-6698-422013,0,0,spy2,0.6168524,train,2026,weighted,False
ACRIN-6698-422013_z037,ACRIN-6698-422013,0,0,spy2,0.6242706,train,2026,weighted,False
ACRIN-6698-422013_z038,ACRIN-6698-422013,0,0,spy2,0.6283599,train,2026,weighted,False
ACRIN-6698-422013_z039,ACRIN-6698-422013,0,0,spy2,0.6269108,train,2026,weighted,False
ACRIN-6698-422013_z040,ACRIN-6698-422013,0,0,spy2,0.626564,train,2026,weighted,False
ISPY2-823618_z005,ISPY2-823618,0,0,spy2,0.3485483,train,2026,weighted,False
ISPY2-823618_z006,ISPY2-823618,0,0,spy2,0.3455192,train,2026,weighted,False
ISPY2-823618_z007,ISPY2-823618,0,0,spy2,0.34334257,train,2026,weighted,False
ISPY2-823618_z008,ISPY2-823618,0,0,spy2,0.33833855,train,2026,weighted,False
ISPY2-823618_z009,ISPY2-823618,0,0,spy2,0.33295122,train,2026,weighted,False
ISPY2-823618_z010,ISPY2-823618,0,0,spy2,0.33303538,train,2026,weighted,False
ISPY2-823618_z011,ISPY2-823618,0,0,spy2,0.33498555,train,2026,weighted,False
ISPY2-823618_z012,ISPY2-823618,0,0,spy2,0.33972424,train,2026,weighted,False
ISPY2-823618_z013,ISPY2-823618,0,0,spy2,0.34311783,train,2026,weighted,False
ISPY2-823618_z014,ISPY2-823618,0,0,spy2,0.34066755,train,2026,weighted,False
ISPY2-834418_z014,ISPY2-834418,0,0,spy2,0.26300383,train,2026,weighted,False
ISPY2-834418_z015,ISPY2-834418,0,0,spy2,0.26300383,train,2026,weighted,False
ISPY2-834418_z016,ISPY2-834418,0,0,spy2,0.26300383,train,2026,weighted,False
ISPY2-834418_z017,ISPY2-834418,0,0,spy2,0.26300383,train,2026,weighted,False
ISPY2-834418_z018,ISPY2-834418,0,0,spy2,0.26300383,train,2026,weighted,False
ISPY2-834418_z019,ISPY2-834418,0,0,spy2,0.26300383,train,2026,weighted,False
ISPY2-834418_z020,ISPY2-834418,0,0,spy2,0.26300383,train,2026,weighted,False
ISPY2-834418_z021,ISPY2-834418,0,0,spy2,0.26300383,train,2026,weighted,False
ISPY2-834418_z022,ISPY2-834418,0,0,spy2,0.26300383,train,2026,weighted,False
ISPY2-834418_z023,ISPY2-834418,0,0,spy2,0.26300383,train,2026,weighted,False
ISPY2-859699_z033,ISPY2-859699,0,1,spy2,0.46515042,train,2026,weighted,False
ISPY2-859699_z034,ISPY2-859699,0,1,spy2,0.4656383,train,2026,weighted,False
ISPY2-859699_z035,ISPY2-859699,0,1,spy2,0.46455258,train,2026,weighted,False
ISPY2-859699_z036,ISPY2-859699,0,1,spy2,0.46358338,train,2026,weighted,False
ISPY2-859699_z037,ISPY2-859699,0,1,spy2,0.46357867,train,2026,weighted,False
ISPY2-859699_z039,ISPY2-859699,0,1,spy2,0.46233097,train,2026,weighted,False
ISPY2-859699_z040,ISPY2-859699,0,1,spy2,0.46352354,train,2026,weighted,False
ISPY2-859699_z041,ISPY2-859699,0,1,spy2,0.4615051,train,2026,weighted,False
ISPY2-859699_z044,ISPY2-859699,0,1,spy2,0.45866323,train,2026,weighted,False
ISPY2-859699_z045,ISPY2-859699,0,1,spy2,0.45911935,train,2026,weighted,False
ACRIN-6698-233191_z018,ACRIN-6698-233191,0,0,spy2,0.5275548,train,2026,weighted,False
ACRIN-6698-233191_z020,ACRIN-6698-233191,0,0,spy2,0.5275548,train,2026,weighted,False
ACRIN-6698-233191_z022,ACRIN-6698-233191,0,0,spy2,0.5275548,train,2026,weighted,False
ACRIN-6698-233191_z023,ACRIN-6698-233191,0,0,spy2,0.5275548,train,2026,weighted,False
ACRIN-6698-233191_z024,ACRIN-6698-233191,0,0,spy2,0.5275548,train,2026,weighted,False
ACRIN-6698-233191_z025,ACRIN-6698-233191,0,0,spy2,0.5275548,train,2026,weighted,False
ACRIN-6698-233191_z026,ACRIN-6698-233191,0,0,spy2,0.5202392,train,2026,weighted,False
ACRIN-6698-233191_z027,ACRIN-6698-233191,0,0,spy2,0.50244623,train,2026,weighted,False
ACRIN-6698-233191_z028,ACRIN-6698-233191,0,0,spy2,0.49549526,train,2026,weighted,False
ACRIN-6698-233191_z029,ACRIN-6698-233191,0,0,spy2,0.50448865,train,2026,weighted,False
ISPY2-460812_z016,ISPY2-460812,0,0,spy2,0.22150138,train,2026,weighted,False
ISPY2-460812_z017,ISPY2-460812,0,0,spy2,0.22150138,train,2026,weighted,False
ISPY2-460812_z018,ISPY2-460812,0,0,spy2,0.22150138,train,2026,weighted,False
ISPY2-460812_z019,ISPY2-460812,0,0,spy2,0.22150138,train,2026,weighted,False
ISPY2-460812_z020,ISPY2-460812,0,0,spy2,0.22150138,train,2026,weighted,False
ISPY2-460812_z021,ISPY2-460812,0,0,spy2,0.22150138,train,2026,weighted,False
ISPY2-460812_z022,ISPY2-460812,0,0,spy2,0.22150138,train,2026,weighted,False
ISPY2-460812_z023,ISPY2-460812,0,0,spy2,0.22150138,train,2026,weighted,False
ISPY2-460812_z024,ISPY2-460812,0,0,spy2,0.22150138,train,2026,weighted,False
ISPY2-460812_z025,ISPY2-460812,0,0,spy2,0.22150138,train,2026,weighted,False
ACRIN-6698-130580_z025,ACRIN-6698-130580,0,1,spy2,0.44435236,train,2026,weighted,False
ACRIN-6698-130580_z026,ACRIN-6698-130580,0,1,spy2,0.44435236,train,2026,weighted,False
ACRIN-6698-130580_z027,ACRIN-6698-130580,0,1,spy2,0.44435236,train,2026,weighted,False
ACRIN-6698-130580_z028,ACRIN-6698-130580,0,1,spy2,0.44435236,train,2026,weighted,False
ACRIN-6698-130580_z029,ACRIN-6698-130580,0,1,spy2,0.44435236,train,2026,weighted,False
ACRIN-6698-130580_z030,ACRIN-6698-130580,0,1,spy2,0.44435236,train,2026,weighted,False
ACRIN-6698-130580_z031,ACRIN-6698-130580,0,1,spy2,0.44435236,train,2026,weighted,False
ACRIN-6698-130580_z032,ACRIN-6698-130580,0,1,spy2,0.44435236,train,2026,weighted,False
ACRIN-6698-130580_z033,ACRIN-6698-130580,0,1,spy2,0.44435236,train,2026,weighted,False
ACRIN-6698-130580_z039,ACRIN-6698-130580,0,1,spy2,0.44435236,train,2026,weighted,False
ISPY2-528833_z009,ISPY2-528833,0,1,spy2,0.45533758,train,2026,weighted,False
ISPY2-528833_z010,ISPY2-528833,0,1,spy2,0.45533758,train,2026,weighted,False
ISPY2-528833_z011,ISPY2-528833,0,1,spy2,0.45533758,train,2026,weighted,False
ISPY2-528833_z012,ISPY2-528833,0,1,spy2,0.45533758,train,2026,weighted,False
ISPY2-528833_z013,ISPY2-528833,0,1,spy2,0.45533758,train,2026,weighted,False
ISPY2-528833_z014,ISPY2-528833,0,1,spy2,0.45533758,train,2026,weighted,False
ISPY2-528833_z015,ISPY2-528833,0,1,spy2,0.45533758,train,2026,weighted,False
ISPY2-528833_z016,ISPY2-528833,0,1,spy2,0.45533758,train,2026,weighted,False
ISPY2-528833_z017,ISPY2-528833,0,1,spy2,0.4548281,train,2026,weighted,False
ISPY2-528833_z018,ISPY2-528833,0,1,spy2,0.45533758,train,2026,weighted,False
ACRIN-6698-408692_z001,ACRIN-6698-408692,0,1,spy2,0.7826713,train,2026,weighted,False
ACRIN-6698-408692_z002,ACRIN-6698-408692,0,1,spy2,0.7826713,train,2026,weighted,False
ACRIN-6698-408692_z003,ACRIN-6698-408692,0,1,spy2,0.7826713,train,2026,weighted,False
ACRIN-6698-408692_z004,ACRIN-6698-408692,0,1,spy2,0.7826713,train,2026,weighted,False
ACRIN-6698-408692_z005,ACRIN-6698-408692,0,1,spy2,0.7826713,train,2026,weighted,False
ACRIN-6698-408692_z006,ACRIN-6698-408692,0,1,spy2,0.7826713,train,2026,weighted,False
ACRIN-6698-408692_z007,ACRIN-6698-408692,0,1,spy2,0.7826713,train,2026,weighted,False
ACRIN-6698-408692_z008,ACRIN-6698-408692,0,1,spy2,0.7826713,train,2026,weighted,False
ACRIN-6698-408692_z009,ACRIN-6698-408692,0,1,spy2,0.7826713,train,2026,weighted,False
ACRIN-6698-408692_z010,ACRIN-6698-408692,0,1,spy2,0.7826713,train,2026,weighted,False
ISPY2-792412_z027,ISPY2-792412,0,0,spy2,0.61753166,train,2026,weighted,False
ISPY2-792412_z028,ISPY2-792412,0,0,spy2,0.61753166,train,2026,weighted,False
ISPY2-792412_z029,ISPY2-792412,0,0,spy2,0.61753166,train,2026,weighted,False
ISPY2-792412_z030,ISPY2-792412,0,0,spy2,0.61753166,train,2026,weighted,False
ISPY2-792412_z031,ISPY2-792412,0,0,spy2,0.61753166,train,2026,weighted,False
ISPY2-792412_z032,ISPY2-792412,0,0,spy2,0.61753166,train,2026,weighted,False
ISPY2-792412_z033,ISPY2-792412,0,0,spy2,0.61753166,train,2026,weighted,False
ISPY2-792412_z034,ISPY2-792412,0,0,spy2,0.61753166,train,2026,weighted,False
ISPY2-792412_z035,ISPY2-792412,0,0,spy2,0.61753166,train,2026,weighted,False
ISPY2-792412_z036,ISPY2-792412,0,0,spy2,0.61753166,train,2026,weighted,False
ACRIN-6698-652480_z014,ACRIN-6698-652480,0,0,spy2,0.59271145,train,2026,weighted,False
ACRIN-6698-652480_z015,ACRIN-6698-652480,0,0,spy2,0.59271145,train,2026,weighted,False
ACRIN-6698-652480_z016,ACRIN-6698-652480,0,0,spy2,0.59271145,train,2026,weighted,False
ACRIN-6698-652480_z017,ACRIN-6698-652480,0,0,spy2,0.59271145,train,2026,weighted,False
ACRIN-6698-652480_z018,ACRIN-6698-652480,0,0,spy2,0.59271145,train,2026,weighted,False
ACRIN-6698-652480_z019,ACRIN-6698-652480,0,0,spy2,0.59271145,train,2026,weighted,False
ACRIN-6698-652480_z020,ACRIN-6698-652480,0,0,spy2,0.59271145,train,2026,weighted,False
ACRIN-6698-652480_z021,ACRIN-6698-652480,0,0,spy2,0.59271145,train,2026,weighted,False
ACRIN-6698-652480_z022,ACRIN-6698-652480,0,0,spy2,0.59271145,train,2026,weighted,False
ACRIN-6698-652480_z023,ACRIN-6698-652480,0,0,spy2,0.59271145,train,2026,weighted,False
ISPY2-790070_z036,ISPY2-790070,0,0,spy2,0.5061016,train,2026,weighted,False
ISPY2-790070_z037,ISPY2-790070,0,0,spy2,0.5061016,train,2026,weighted,False
ISPY2-790070_z038,ISPY2-790070,0,0,spy2,0.5061016,train,2026,weighted,False
ISPY2-790070_z039,ISPY2-790070,0,0,spy2,0.5061016,train,2026,weighted,False
ISPY2-790070_z040,ISPY2-790070,0,0,spy2,0.5061016,train,2026,weighted,False
ISPY2-790070_z041,ISPY2-790070,0,0,spy2,0.5061016,train,2026,weighted,False
ISPY2-790070_z042,ISPY2-790070,0,0,spy2,0.5061016,train,2026,weighted,False
ISPY2-790070_z043,ISPY2-790070,0,0,spy2,0.5061016,train,2026,weighted,False
ISPY2-790070_z044,ISPY2-790070,0,0,spy2,0.5061016,train,2026,weighted,False
ISPY2-790070_z045,ISPY2-790070,0,0,spy2,0.5061016,train,2026,weighted,False
ISPY2-120422_z015,ISPY2-120422,0,1,spy2,0.2663939,train,2026,weighted,False
ISPY2-120422_z016,ISPY2-120422,0,1,spy2,0.2663939,train,2026,weighted,False
ISPY2-120422_z017,ISPY2-120422,0,1,spy2,0.2663939,train,2026,weighted,False
ISPY2-120422_z018,ISPY2-120422,0,1,spy2,0.2663939,train,2026,weighted,False
ISPY2-120422_z019,ISPY2-120422,0,1,spy2,0.2663939,train,2026,weighted,False
ISPY2-120422_z020,ISPY2-120422,0,1,spy2,0.2663939,train,2026,weighted,False
ISPY2-120422_z021,ISPY2-120422,0,1,spy2,0.2663939,train,2026,weighted,False
ISPY2-120422_z022,ISPY2-120422,0,1,spy2,0.2663939,train,2026,weighted,False
ISPY2-120422_z023,ISPY2-120422,0,1,spy2,0.2663939,train,2026,weighted,False
ISPY2-120422_z024,ISPY2-120422,0,1,spy2,0.2663939,train,2026,weighted,False
ACRIN-6698-240957_z013,ACRIN-6698-240957,0,0,spy2,0.25170535,train,2026,weighted,False
ACRIN-6698-240957_z014,ACRIN-6698-240957,0,0,spy2,0.24829827,train,2026,weighted,False
ACRIN-6698-240957_z015,ACRIN-6698-240957,0,0,spy2,0.24894121,train,2026,weighted,False
ACRIN-6698-240957_z016,ACRIN-6698-240957,0,0,spy2,0.25170535,train,2026,weighted,False
ACRIN-6698-240957_z017,ACRIN-6698-240957,0,0,spy2,0.25170535,train,2026,weighted,False
ACRIN-6698-240957_z018,ACRIN-6698-240957,0,0,spy2,0.25170535,train,2026,weighted,False
ACRIN-6698-240957_z019,ACRIN-6698-240957,0,0,spy2,0.25170535,train,2026,weighted,False
ACRIN-6698-240957_z020,ACRIN-6698-240957,0,0,spy2,0.25170535,train,2026,weighted,False
ACRIN-6698-240957_z021,ACRIN-6698-240957,0,0,spy2,0.25170535,train,2026,weighted,False
ACRIN-6698-240957_z022,ACRIN-6698-240957,0,0,spy2,0.25170535,train,2026,weighted,False
ISPY2-115638_z030,ISPY2-115638,0,0,spy2,0.6491577,train,2026,weighted,False
ISPY2-115638_z031,ISPY2-115638,0,0,spy2,0.6491577,train,2026,weighted,False
ISPY2-115638_z032,ISPY2-115638,0,0,spy2,0.6491577,train,2026,weighted,False
ISPY2-115638_z033,ISPY2-115638,0,0,spy2,0.6491577,train,2026,weighted,False
ISPY2-115638_z034,ISPY2-115638,0,0,spy2,0.6491577,train,2026,weighted,False
ISPY2-115638_z035,ISPY2-115638,0,0,spy2,0.6491577,train,2026,weighted,False
ISPY2-115638_z036,ISPY2-115638,0,0,spy2,0.6491577,train,2026,weighted,False
ISPY2-115638_z037,ISPY2-115638,0,0,spy2,0.6491577,train,2026,weighted,False
ISPY2-115638_z038,ISPY2-115638,0,0,spy2,0.6491577,train,2026,weighted,False
ISPY2-115638_z039,ISPY2-115638,0,0,spy2,0.6491577,train,2026,weighted,False
ISPY2-433144_z030,ISPY2-433144,0,1,spy2,0.46807155,train,2026,weighted,False
ISPY2-433144_z031,ISPY2-433144,0,1,spy2,0.46807155,train,2026,weighted,False
ISPY2-433144_z032,ISPY2-433144,0,1,spy2,0.46807155,train,2026,weighted,False
ISPY2-433144_z033,ISPY2-433144,0,1,spy2,0.46807155,train,2026,weighted,False
ISPY2-433144_z034,ISPY2-433144,0,1,spy2,0.46807155,train,2026,weighted,False
ISPY2-433144_z035,ISPY2-433144,0,1,spy2,0.46807155,train,2026,weighted,False
ISPY2-433144_z036,ISPY2-433144,0,1,spy2,0.46807155,train,2026,weighted,False
ISPY2-433144_z037,ISPY2-433144,0,1,spy2,0.46807155,train,2026,weighted,False
ISPY2-433144_z038,ISPY2-433144,0,1,spy2,0.46807155,train,2026,weighted,False
ISPY2-433144_z039,ISPY2-433144,0,1,spy2,0.46807155,train,2026,weighted,False
ACRIN-6698-928170_z013,ACRIN-6698-928170,0,0,spy2,0.1910402,train,2026,weighted,False
ACRIN-6698-928170_z014,ACRIN-6698-928170,0,0,spy2,0.1910402,train,2026,weighted,False
ACRIN-6698-928170_z015,ACRIN-6698-928170,0,0,spy2,0.1910402,train,2026,weighted,False
ACRIN-6698-928170_z016,ACRIN-6698-928170,0,0,spy2,0.1910402,train,2026,weighted,False
ACRIN-6698-928170_z017,ACRIN-6698-928170,0,0,spy2,0.1910402,train,2026,weighted,False
ACRIN-6698-928170_z018,ACRIN-6698-928170,0,0,spy2,0.1910402,train,2026,weighted,False
ACRIN-6698-928170_z019,ACRIN-6698-928170,0,0,spy2,0.1910402,train,2026,weighted,False
ACRIN-6698-928170_z020,ACRIN-6698-928170,0,0,spy2,0.1910402,train,2026,weighted,False
ACRIN-6698-928170_z022,ACRIN-6698-928170,0,0,spy2,0.1910402,train,2026,weighted,False
ACRIN-6698-928170_z023,ACRIN-6698-928170,0,0,spy2,0.1910402,train,2026,weighted,False
ISPY2-172283_z017,ISPY2-172283,0,0,spy2,0.55257666,train,2026,weighted,False
ISPY2-172283_z018,ISPY2-172283,0,0,spy2,0.55239224,train,2026,weighted,False
ISPY2-172283_z019,ISPY2-172283,0,0,spy2,0.5471537,train,2026,weighted,False
ISPY2-172283_z020,ISPY2-172283,0,0,spy2,0.55311483,train,2026,weighted,False
ISPY2-172283_z021,ISPY2-172283,0,0,spy2,0.5558946,train,2026,weighted,False
ISPY2-172283_z022,ISPY2-172283,0,0,spy2,0.55544037,train,2026,weighted,False
ISPY2-172283_z023,ISPY2-172283,0,0,spy2,0.555329,train,2026,weighted,False
ISPY2-172283_z024,ISPY2-172283,0,0,spy2,0.55622816,train,2026,weighted,False
ISPY2-172283_z025,ISPY2-172283,0,0,spy2,0.55622816,train,2026,weighted,False
ISPY2-172283_z026,ISPY2-172283,0,0,spy2,0.55622816,train,2026,weighted,False
ISPY2-883696_z015,ISPY2-883696,0,0,spy2,0.4040999,train,2026,weighted,False
ISPY2-883696_z016,ISPY2-883696,0,0,spy2,0.4040999,train,2026,weighted,False
ISPY2-883696_z017,ISPY2-883696,0,0,spy2,0.4040999,train,2026,weighted,False
ISPY2-883696_z018,ISPY2-883696,0,0,spy2,0.4040999,train,2026,weighted,False
ISPY2-883696_z019,ISPY2-883696,0,0,spy2,0.4040999,train,2026,weighted,False
ISPY2-883696_z020,ISPY2-883696,0,0,spy2,0.40174118,train,2026,weighted,False
ISPY2-883696_z021,ISPY2-883696,0,0,spy2,0.4040999,train,2026,weighted,False
ISPY2-883696_z022,ISPY2-883696,0,0,spy2,0.4040999,train,2026,weighted,False
ISPY2-883696_z023,ISPY2-883696,0,0,spy2,0.4040999,train,2026,weighted,False
ISPY2-883696_z024,ISPY2-883696,0,0,spy2,0.4040999,train,2026,weighted,False
ISPY2-925691_z008,ISPY2-925691,0,0,spy2,0.6805575,train,2026,weighted,False
ISPY2-925691_z009,ISPY2-925691,0,0,spy2,0.6769859,train,2026,weighted,False
ISPY2-925691_z010,ISPY2-925691,0,0,spy2,0.6755745,train,2026,weighted,False
ISPY2-925691_z011,ISPY2-925691,0,0,spy2,0.6784368,train,2026,weighted,False
ISPY2-925691_z012,ISPY2-925691,0,0,spy2,0.6839152,train,2026,weighted,False
ISPY2-925691_z013,ISPY2-925691,0,0,spy2,0.6888205,train,2026,weighted,False
ISPY2-925691_z014,ISPY2-925691,0,0,spy2,0.68689233,train,2026,weighted,False
ISPY2-925691_z015,ISPY2-925691,0,0,spy2,0.6861667,train,2026,weighted,False
ISPY2-925691_z016,ISPY2-925691,0,0,spy2,0.68563235,train,2026,weighted,False
ISPY2-925691_z017,ISPY2-925691,0,0,spy2,0.6796062,train,2026,weighted,False
ACRIN-6698-384830_z016,ACRIN-6698-384830,0,0,spy2,0.5304436,train,2026,weighted,False
ACRIN-6698-384830_z017,ACRIN-6698-384830,0,0,spy2,0.5304436,train,2026,weighted,False
ACRIN-6698-384830_z018,ACRIN-6698-384830,0,0,spy2,0.5304436,train,2026,weighted,False
ACRIN-6698-384830_z019,ACRIN-6698-384830,0,0,spy2,0.5304436,train,2026,weighted,False
ACRIN-6698-384830_z020,ACRIN-6698-384830,0,0,spy2,0.5304436,train,2026,weighted,False
ACRIN-6698-384830_z021,ACRIN-6698-384830,0,0,spy2,0.5304436,train,2026,weighted,False
ACRIN-6698-384830_z022,ACRIN-6698-384830,0,0,spy2,0.5304436,train,2026,weighted,False
ACRIN-6698-384830_z023,ACRIN-6698-384830,0,0,spy2,0.5304436,train,2026,weighted,False
ACRIN-6698-384830_z024,ACRIN-6698-384830,0,0,spy2,0.5304436,train,2026,weighted,False
ACRIN-6698-384830_z025,ACRIN-6698-384830,0,0,spy2,0.5304436,train,2026,weighted,False
ISPY2-746265_z026,ISPY2-746265,0,0,spy2,0.3038862,train,2026,weighted,False
ISPY2-746265_z027,ISPY2-746265,0,0,spy2,0.3038862,train,2026,weighted,False
ISPY2-746265_z028,ISPY2-746265,0,0,spy2,0.3038862,train,2026,weighted,False
ISPY2-746265_z029,ISPY2-746265,0,0,spy2,0.3038862,train,2026,weighted,False
ISPY2-746265_z030,ISPY2-746265,0,0,spy2,0.3038862,train,2026,weighted,False
ISPY2-746265_z031,ISPY2-746265,0,0,spy2,0.3038862,train,2026,weighted,False
ISPY2-746265_z032,ISPY2-746265,0,0,spy2,0.3038862,train,2026,weighted,False
ISPY2-746265_z033,ISPY2-746265,0,0,spy2,0.3038862,train,2026,weighted,False
ISPY2-746265_z034,ISPY2-746265,0,0,spy2,0.3038862,train,2026,weighted,False
ISPY2-746265_z035,ISPY2-746265,0,0,spy2,0.3038862,train,2026,weighted,False
ISPY2-231633_z007,ISPY2-231633,0,1,spy2,0.5193271,train,2026,weighted,False
ISPY2-231633_z008,ISPY2-231633,0,1,spy2,0.5193271,train,2026,weighted,False
ISPY2-231633_z009,ISPY2-231633,0,1,spy2,0.5193271,train,2026,weighted,False
ISPY2-231633_z010,ISPY2-231633,0,1,spy2,0.5193271,train,2026,weighted,False
ISPY2-231633_z011,ISPY2-231633,0,1,spy2,0.5193271,train,2026,weighted,False
ISPY2-231633_z012,ISPY2-231633,0,1,spy2,0.5193271,train,2026,weighted,False
ISPY2-231633_z013,ISPY2-231633,0,1,spy2,0.5193271,train,2026,weighted,False
ISPY2-231633_z014,ISPY2-231633,0,1,spy2,0.5193271,train,2026,weighted,False
ISPY2-231633_z015,ISPY2-231633,0,1,spy2,0.51876605,train,2026,weighted,False
ISPY2-231633_z016,ISPY2-231633,0,1,spy2,0.51721126,train,2026,weighted,False
