patient_id,label,fold,cohort,clinical,clinical_calibrated_crossfit,clinical_decision_crossfit,previous,previous_calibrated_crossfit,previous_decision_crossfit,new,new_calibrated_crossfit,new_decision_crossfit
ACRIN-6698-103939,0,0,spy2,0.2726817573269953,0.14897863513240003,0,0.3568707925,0.192684097632596,1,0.27217055,0.15519112478163913,1
ACRIN-6698-104268,0,1,spy2,0.535889025252991,0.3275077939142753,1,0.535889,0.33110205470036386,1,0.48870345,0.2980464216705381,1
ACRIN-6698-107700,0,2,spy2,0.4767492352577241,0.28130802741386157,1,0.385176135,0.21046384716183494,1,0.4707576025,0.2928069492195873,1
ACRIN-6698-108969,1,3,spy2,0.6059108150556811,0.3736477552590683,1,0.63755137,0.41944168759133854,1,0.6298914375,0.42197397334082815,1
ACRIN-6698-115987,0,4,spy2,0.6192111201466394,0.41119589647813964,1,0.6873186,0.49175630849206486,1,0.6215189075,0.4358308483610594,1
ACRIN-6698-118307,0,2,spy2,0.5746109706649296,0.36322135809224687,1,0.613471895,0.4060551124420166,1,0.58645504,0.39556486456902085,1
ACRIN-6698-130580,1,0,spy2,0.4455588972771338,0.2559741642795061,1,0.464795955,0.26749332206549314,1,0.44075034,0.26671558699331077,1
ACRIN-6698-139973,0,1,spy2,0.3157078886259056,0.16870402784294053,1,0.3157079,0.16166192500137672,1,0.28947547500000004,0.15413879552773016,0
ACRIN-6698-144302,0,3,spy2,0.6097210079044327,0.3771751512928265,1,0.6696129925000001,0.4546247787826836,1,0.64763288,0.4402488368853766,1
ACRIN-6698-145777,0,4,spy2,0.4475778885098599,0.2538368308349069,1,0.4450707874999999,0.24815239461327893,1,0.449790835,0.2697388128985312,1
ACRIN-6698-146987,0,0,spy2,0.2897008681844299,0.15869095934625274,1,0.3196800275,0.16930923339765352,1,0.28930155999999996,0.16566068681512167,1
ACRIN-6698-148357,0,1,spy2,0.181495003506313,0.09162344587404118,0,0.18149501,0.08326154486819619,0,0.1565704175,0.07711402612388771,0
ACRIN-6698-150547,0,2,spy2,0.2795865996837472,0.14752132331653153,0,0.270403525,0.1354037667294036,0,0.2803025025,0.15546286082486113,1
ACRIN-6698-152090,1,4,spy2,0.3435772551343015,0.1780907806121188,1,0.389653515,0.20556307984757394,1,0.33661118,0.18235966719715707,1
ACRIN-6698-169918,0,3,spy2,0.2600973406518648,0.12949791623064053,0,0.1980675525,0.09051446449027685,0,0.249208815,0.13024974873554923,0
ACRIN-6698-172366,1,3,spy2,0.5166651975085234,0.2976139293638602,1,0.5773930899999999,0.3588866148923231,1,0.53961125,0.33712707289832833,1
ACRIN-6698-179568,0,0,spy2,0.3030298366430813,0.1664010485027223,1,0.2855001675,0.14875033506366306,1,0.301382145,0.1731442362713879,1
ACRIN-6698-188700,1,1,spy2,0.5729979452623813,0.3598371439159704,1,0.572998,0.36615133919886905,1,0.538429975,0.34096383997353813,1
ACRIN-6698-202535,0,2,spy2,0.5876086278963436,0.3751135488786288,1,0.5919377125,0.38427709721564446,1,0.5996278575,0.40844349043963835,1
ACRIN-6698-209967,0,4,spy2,0.3053129993847411,0.15319910674218298,0,0.3205016149999999,0.15778758032930315,1,0.2611343525,0.13204451450048368,0
ACRIN-6698-213913,1,3,spy2,0.7352613393013973,0.5099835369940745,1,0.77127755,0.5822616261461246,1,0.7240175625,0.5261462125858791,1
ACRIN-6698-218503,0,0,spy2,0.2922810201818248,0.1601761386425996,1,0.2158445625,0.10926130965144962,0,0.2844188425,0.1626599238710809,1
ACRIN-6698-219545,0,1,spy2,0.5213709110715176,0.31538164912110933,1,0.5213709,0.31797753949424085,1,0.47152158499999997,0.2839589564130932,1
ACRIN-6698-220471,0,2,spy2,0.8395946625900631,0.6756814898601934,1,0.825628305,0.6741805527619712,1,0.82256895,0.6766992686302759,1
ACRIN-6698-220925,0,4,spy2,0.7899666849414182,0.6240232796036339,1,0.803124425,0.6517217877274615,1,0.794316265,0.6562186791237684,1
ACRIN-6698-222135,0,1,spy2,0.2802762604331353,0.14721653749322605,0,0.28027627,0.1394193830505614,0,0.22886733,0.11745647901066437,0
ACRIN-6698-227055,0,2,spy2,0.5177908789654806,0.31412843783801014,1,0.4723409075,0.2767709707063264,1,0.51968685,0.334139854138559,1
ACRIN-6698-233191,0,0,spy2,0.5288601402732367,0.31629668107350506,1,0.5597448899999999,0.34401211232041407,1,0.523692125,0.3304234577163755,1
ACRIN-6698-234723,0,3,spy2,0.562036315044775,0.334769309636598,1,0.6018008825000001,0.3826482529971725,1,0.5811855875,0.3746130494703063,1
ACRIN-6698-239910,0,4,spy2,0.5894101895116716,0.38042713724750277,1,0.6521246574999999,0.4494665109789959,1,0.592176155,0.4041397807389775,1
ACRIN-6698-240957,0,0,spy2,0.2518439187626394,0.1372746771830771,0,0.27807792,0.14439473737853073,0,0.2493348525,0.1414796367562897,0
ACRIN-6698-241998,0,1,spy2,0.3130693142270296,0.16707222501704602,1,0.3130693,0.15996430567119868,1,0.18885714,0.09470241056327433,0
ACRIN-6698-253531,1,3,spy2,0.5290585454064173,0.3074795893277042,1,0.6048204400000001,0.38566224684986844,1,0.53126928,0.3299029103818304,1
ACRIN-6698-255388,1,2,spy2,0.8030871119544302,0.6213712781781976,1,0.78800352,0.618205300852858,1,0.7978089975,0.6411663440037675,1
ACRIN-6698-263143,0,4,spy2,0.6846152595631151,0.48480352137817395,1,0.6674747249999999,0.46757869528048845,1,0.634333445,0.45014731023371807,1
ACRIN-6698-264305,1,3,spy2,0.5966963804600165,0.36522084360324525,1,0.5281196875,0.31396922652366416,1,0.5847184624999999,0.3779180513403939,1
ACRIN-6698-266840,0,0,spy2,0.5855787734576426,0.3619537991762304,1,0.605567235,0.38546717153433463,1,0.5830932225000001,0.380889755557574,1
ACRIN-6698-275034,1,1,spy2,0.6525959943119691,0.43656902637720163,1,0.652596,0.4493997817910876,1,0.6153962749999999,0.41447084869502576,1
ACRIN-6698-277888,1,2,spy2,0.294482829862728,0.15649386694349676,0,0.31620217,0.16385983088212708,1,0.29625305,0.16574861448122946,1
ACRIN-6698-283070,0,4,spy2,0.4155775152686077,0.22917550654889635,1,0.26491893,0.1232689188506764,0,0.3849577225,0.21781745296607208,1
ACRIN-6698-284443,0,3,spy2,0.4798145522159135,0.26943689653680003,1,0.5223502600000001,0.3089591368552928,1,0.5089207250000001,0.31100805153059563,1
ACRIN-6698-284593,0,0,spy2,0.6628384401606229,0.43186704498002365,1,0.66713131,0.44686292982495485,1,0.6582104,0.4519717085691872,1
ACRIN-6698-285339,1,1,spy2,0.7571995193635804,0.5569036726883594,1,0.7571995,0.578793393755749,1,0.733698875,0.5482335895298449,1
ACRIN-6698-287961,1,2,spy2,0.5084602222399865,0.30648422307473033,1,0.6238141150000001,0.41681065675893647,1,0.5173388075,0.33208915058935146,1
ACRIN-6698-293142,0,4,spy2,0.1805469488534489,0.08146426164268795,0,0.2727108225,0.12791273482180102,0,0.182366755,0.08549454792817386,0
ACRIN-6698-296123,1,1,spy2,0.601982328548246,0.3865325022643477,1,0.6019823,0.39512469401189393,1,0.55138399,0.35270241301945954,1
ACRIN-6698-296841,1,3,spy2,0.4686377038669705,0.2612131920107542,1,0.5612309575,0.3437191585611748,1,0.509221025,0.3112576303643812,1
ACRIN-6698-298101,0,0,spy2,0.3846398827436698,0.21590960229275144,1,0.36717547,0.19935996343715817,1,0.3802880125,0.22432969271411296,1
ACRIN-6698-299962,0,2,spy2,0.4538410183811224,0.26384944394474275,1,0.441041105,0.2519216551424084,1,0.46182119,0.28556217339961054,1
ACRIN-6698-301665,0,4,spy2,0.4216087222953961,0.23372645425248037,1,0.43316412,0.23865578463459586,1,0.42550648,0.24967477081181005,1
ACRIN-6698-317402,0,3,spy2,0.3438902433122151,0.1780743581061171,1,0.37572611,0.19654966004623922,1,0.363501185,0.20215429819634673,1
ACRIN-6698-317641,1,0,spy2,0.7632282351944303,0.5408989800705771,1,0.7685131574999999,0.5660702483074969,1,0.7608316850000001,0.5664018062731445,1
ACRIN-6698-320538,0,1,spy2,0.5489975326452439,0.3387029553255631,1,0.5489975,0.34323108829298216,1,0.498816035,0.30651025398879145,1
ACRIN-6698-323721,0,2,spy2,0.2147375552806566,0.11017219005614817,0,0.2482616275,0.12229733591732174,0,0.219847525,0.11815765559590774,0
ACRIN-6698-326433,1,4,spy2,0.7347157224597317,0.5475321271697242,1,0.76803044,0.5996414163489885,1,0.7377607,0.5772248489066079,1
ACRIN-6698-328160,0,1,spy2,0.3459125781110869,0.1877680028144791,1,0.34591258,0.18158717288793358,1,0.32133470750000004,0.17459259091067958,1
ACRIN-6698-329076,0,0,spy2,0.3267569492491857,0.18036824841633922,1,0.3436431125,0.18424398555713484,1,0.324293975,0.18757961253803782,1
ACRIN-6698-335536,0,3,spy2,0.2742267481580686,0.13735061372095966,0,0.290741145,0.14236282688220714,0,0.2884684375,0.15382243321783534,1
ACRIN-6698-342959,1,4,spy2,0.521780800617553,0.3162689987836394,1,0.3793285275,0.19806646533504377,1,0.5155862525,0.3280960945712258,1
ACRIN-6698-343898,0,2,spy2,0.5208552564877695,0.3166633611339687,1,0.6109939074999999,0.4035070908818536,1,0.5371327699999999,0.34960011120191786,1
ACRIN-6698-345907,0,0,spy2,0.5335841021109637,0.31994317337621475,1,0.5100710399999999,0.30254600101883383,1,0.5289280000000001,0.33469476467093406,1
ACRIN-6698-355942,0,2,spy2,0.2611479359347096,0.13662701152734674,0,0.2237876875,0.10827645696575891,0,0.23945468749999999,0.12997728462851246,0
ACRIN-6698-356431,1,3,spy2,0.7091182171953466,0.4793198486132481,1,0.755450355,0.5605924825553448,1,0.7259209,0.5284520415177429,1
ACRIN-6698-361701,0,4,spy2,0.3676926886450562,0.194557844373978,1,0.3870689324999999,0.20367404974416842,1,0.28740911,0.14889630516154606,1
ACRIN-6698-373346,0,1,spy2,0.2663148960625422,0.13899166165888557,0,0.2663149,0.1309742983479784,0,0.2256407675,0.11558029363901677,0
ACRIN-6698-375954,0,4,spy2,0.8546989794796946,0.7247931877115459,1,0.655519225,0.4534284814338478,1,0.793831535,0.6555109226178562,1
ACRIN-6698-384830,0,0,spy2,0.5287616724714216,0.3162209548013714,1,0.4884778525,0.28552390580062825,1,0.52574915,0.33209768807000534,1
ACRIN-6698-396723,0,1,spy2,0.4241314233558876,0.24075811759328114,1,0.4241314,0.2377121450077075,1,0.2563175375,0.13372448782104027,0
ACRIN-6698-397505,1,2,spy2,0.6020910570414479,0.38867932092706375,1,0.665315815,0.46202790710640934,1,0.6104641925000001,0.4192402856455349,1
ACRIN-6698-399478,1,3,spy2,0.6375968818827455,0.40378086977719513,1,0.6929911750000001,0.4816966254478895,1,0.6578842325,0.45107691284372786,1
ACRIN-6698-401215,0,4,spy2,0.3306615171089871,0.169523170012097,1,0.4166308775,0.2257885707568723,1,0.32815803499999996,0.17642780923999024,1
ACRIN-6698-407539,0,3,spy2,0.2726859453775639,0.13648807079972963,0,0.3403419275,0.17313871857374405,1,0.273238225,0.14454775214853044,1
ACRIN-6698-408692,1,0,spy2,0.7794347497185221,0.5610473813860407,1,0.781189725,0.5829367656037272,1,0.7773595874999999,0.5872215401577694,1
ACRIN-6698-409288,0,1,spy2,0.5234599752797188,0.31710928521626147,1,0.52346,0.31984649803898724,1,0.49427494,0.30269344293684897,1
ACRIN-6698-417474,1,2,spy2,0.6376176534230007,0.4234570246378298,1,0.6771666825,0.47557802299992546,1,0.6558985374999999,0.4666230091269991,1
ACRIN-6698-421917,0,2,spy2,0.6327539852556608,0.4185640350176266,1,0.6517801775000001,0.4469066505790214,1,0.6423670825000001,0.4521406842646703,1
ACRIN-6698-422013,0,0,spy2,0.6254915858733552,0.39682247789007896,1,0.49351495,0.28944371949983905,1,0.60866884,0.4040947858989537,1
ACRIN-6698-429220,0,1,spy2,0.5682610416223909,0.3555985992221879,1,0.568261,0.36155267149846076,1,0.5328362975000001,0.33596890849961353,1
ACRIN-6698-432114,1,4,spy2,0.541947478956225,0.3346249147882432,1,0.597654085,0.3891114416168679,1,0.5350415924999999,0.3465439764379377,1
ACRIN-6698-435279,0,3,spy2,0.2509116308814561,0.12445986845870079,0,0.2769015075,0.1341721635871912,0,0.253695265,0.13288901002736678,0
ACRIN-6698-460642,0,3,spy2,0.2868708962967664,0.14448780728641147,1,0.33241087,0.16806263089737636,1,0.30546351000000005,0.16437541152549026,1
ACRIN-6698-462582,0,0,spy2,0.2736099434888501,0.14950465600968998,0,0.2877152525,0.1500575177983368,1,0.27213057749999997,0.1551668846863382,1
ACRIN-6698-465008,0,1,spy2,0.3193083683594738,0.17093921087041863,1,0.31930837,0.1639893502449994,1,0.238860455,0.12331476015170127,0
ACRIN-6698-474874,1,2,spy2,0.7684504676156041,0.5740145807844639,1,0.7818753224999999,0.6094864373391469,1,0.7804687875,0.6172993966830539,1
ACRIN-6698-490023,1,4,spy2,0.8439340754318408,0.7071313119795831,1,0.7955081575,0.6401377641488245,1,0.8355169899999999,0.7183797893051102,1
ACRIN-6698-490805,1,1,spy2,0.6221616731986502,0.405933490448627,1,0.6221616,0.41618083866181566,1,0.5850009275000001,0.38432979845959825,1
ACRIN-6698-506623,0,0,spy2,0.3833910427903,0.21511862757174857,1,0.331580545,0.17667017329549675,1,0.3767029725,0.2219091881650937,1
ACRIN-6698-511851,0,2,spy2,0.2595728245744262,0.1357069102315193,0,0.20513164,0.09790457020698806,0,0.22187571,0.11936837170620812,0
ACRIN-6698-516763,1,3,spy2,0.6955270312117128,0.4640719028601844,1,0.76660236,0.575784929192768,1,0.715585825,0.5160354600929679,1
ACRIN-6698-516834,0,4,spy2,0.4010425799756611,0.21838727255672075,1,0.4676314475,0.26669256979081607,1,0.40739808499999997,0.23519963871256433,1
ACRIN-6698-520471,1,1,spy2,0.3487438735039234,0.18959236086824477,1,0.34874386,0.18350236662149524,1,0.313581025,0.16953592293967135,1
ACRIN-6698-522140,0,0,spy2,0.269017036614607,0.1469057774075169,0,0.1871935425,0.0938421868491858,0,0.26360710249999997,0.15001756792790294,1
ACRIN-6698-530095,0,2,spy2,0.3317702005616902,0.179667305901976,1,0.3095685025,0.15962123014742668,1,0.25016985,0.13654750728742937,0
ACRIN-6698-531988,1,3,spy2,0.7583619840811767,0.5386689470607944,1,0.6165126249999999,0.39749280180893193,1,0.4857917925,0.2921249061392571,1
ACRIN-6698-563681,0,4,spy2,0.2611843615549043,0.12625590896094901,0,0.18947489,0.08139127412628785,0,0.25905515749999997,0.13074016875460226,0
ACRIN-6698-571995,0,0,spy2,0.473077795880637,0.2751240103743381,1,0.4062947175,0.22555343275132442,1,0.46138639000000004,0.28191652742735496,1
ACRIN-6698-573919,0,1,spy2,0.7729180950308427,0.577391630711765,1,0.77291805,0.6005395367790438,1,0.7169185149999999,0.5274647918742302,1
ACRIN-6698-580632,0,2,spy2,0.2007735048240377,0.10246370484685918,0,0.197246395,0.09360051266594291,0,0.210125325,0.11239140132775242,0
ACRIN-6698-584561,1,3,spy2,0.8074014885280394,0.6052639498802711,1,0.828308175,0.6667896223219179,1,0.8257712975,0.6632640111025221,1
ACRIN-6698-587604,0,4,spy2,0.6520457759450146,0.44705258340730114,1,0.5496714125,0.34062480110744275,1,0.5709684675,0.3821457116976564,1
ACRIN-6698-587691,1,0,spy2,0.4566908028258658,0.2636354334564492,1,0.5062664325,0.2995049254399383,1,0.45763990250000003,0.2791268699390859,1
ACRIN-6698-591810,1,2,spy2,0.4035575653977796,0.22748150739395898,1,0.5446563775,0.3392008037531807,1,0.4000504925,0.23782973727561768,1
ACRIN-6698-598835,0,1,spy2,0.7992911517324333,0.6134630483144795,1,0.7992912,0.6385459137699466,1,0.7773184575,0.6054605628481412,1
ACRIN-6698-609151,1,4,spy2,0.8690895523076921,0.7489976396681008,1,0.9134026875,0.8375337293155173,1,0.8730678775,0.7785236301186849,1
ACRIN-6698-618717,0,3,spy2,0.7103767263881281,0.48075497941130557,1,0.756221755,0.5616318915815789,1,0.7420693875,0.5483738963041492,1
ACRIN-6698-618860,0,3,spy2,0.2575728644490972,0.12810814843095364,0,0.2899503725,0.14189032853875225,0,0.2769409475,0.14678708097612914,1
ACRIN-6698-628788,0,0,spy2,0.6869934337678165,0.4559536633337448,1,0.561895925,0.34588576433015944,1,0.65453115,0.448272202716278,1
ACRIN-6698-629371,1,1,spy2,0.7687103319021722,0.571836166113798,1,0.7687103,0.5946535567523593,1,0.7350639649999999,0.5499523245060509,1
ACRIN-6698-629606,0,4,spy2,0.6198210279583587,0.41184280379576466,1,0.605632905,0.39758572079661936,1,0.6237564725,0.4383094114659714,1
ACRIN-6698-631299,0,2,spy2,0.6679106411550969,0.4549419253551784,1,0.5928733325000001,0.38520643484181777,1,0.6529042250000001,0.4633901594275534,1
ACRIN-6698-635632,1,0,spy2,0.8340818369660888,0.6359322730200911,1,0.8322356125,0.6563699158441505,1,0.8326022750000001,0.6630028167059528,1
ACRIN-6698-638126,0,1,spy2,0.1818150021329616,0.09179454336938188,0,0.18181501,0.08343054593802705,0,0.156051885,0.07683690873569252,0
ACRIN-6698-641246,1,2,spy2,0.5139639952610642,0.3109797847855944,1,0.5226681475,0.3194301053952151,1,0.4974739775,0.3150166395685666,1
ACRIN-6698-641697,0,4,spy2,0.3929655320326705,0.2124997143245112,1,0.424193245,0.23162860063950413,1,0.3786190975,0.2130161425015367,1
ACRIN-6698-641977,0,3,spy2,0.246749167556314,0.12219382095368014,0,0.26680243,0.1282990161104606,0,0.25702517,0.13485677284967013,0
ACRIN-6698-649198,0,3,spy2,0.814317208434741,0.6153579884916092,1,0.8409859625,0.6870781674890271,1,0.8264025850000001,0.6642144216693207,1
ACRIN-6698-652480,0,0,spy2,0.5930680352891478,0.3683105264453093,1,0.498402975,0.2932768522781353,1,0.5822462125000001,0.380137415311051,1
ACRIN-6698-653927,1,1,spy2,0.6207723824084785,0.4045752621344939,1,0.6207724,0.41470712033267826,1,0.5496681775000001,0.35113366429799997,1
ACRIN-6698-654021,0,2,spy2,0.4243515793590511,0.24221021990448646,1,0.447363315,0.2568427836519915,1,0.4411007225,0.26910420866482165,1
ACRIN-6698-654064,0,4,spy2,0.3082019518369133,0.15502743718958178,0,0.266664255,0.12430372144140968,0,0.30286003,0.15913166647070362,1
ACRIN-6698-655128,0,3,spy2,0.2958795023298388,0.14963849386390535,1,0.34304455,0.17488246031856258,1,0.3207269175,0.17404322428000307,1
ACRIN-6698-661730,1,0,spy2,0.6603291380407186,0.42943184453210925,1,0.55351976,0.3386278164345299,1,0.65144661,0.4451893665312213,1
ACRIN-6698-663144,0,1,spy2,0.2639440052357296,0.137607897958773,0,0.263944,0.12955754863038038,0,0.2276838425,0.11676744113374471,0
ACRIN-6698-664111,1,2,spy2,0.6261798515562889,0.41201841499250635,1,0.719671225,0.5267123344486773,1,0.63594382,0.44537857687309423,1
ACRIN-6698-683896,0,4,spy2,0.2463438883134673,0.11759532533679537,0,0.2962614375,0.1423303515782831,0,0.23700429750000002,0.11716461117075484,0
ACRIN-6698-685795,0,0,spy2,0.4571866664314857,0.26397934552657526,1,0.45300108,0.2587491744469887,1,0.4527922125,0.2755371807137549,1
ACRIN-6698-688291,0,3,spy2,0.2352616323452331,0.11599334740337759,0,0.26246325,0.12580193287218172,0,0.2538269825,0.13296670266908106,0
ACRIN-6698-688955,0,1,spy2,0.3386652387120896,0.183127902184235,1,0.33866525,0.17672239877425786,1,0.30722393,0.16542832815069441,1
ACRIN-6698-689480,0,2,spy2,0.2506094078935111,0.13050169369175232,0,0.1750067625,0.08170973664057614,0,0.2061130425,0.11002952568912241,0
ACRIN-6698-690089,0,4,spy2,0.6813392563820969,0.48090300941385256,1,0.665665985,0.4654181067751214,1,0.5447860025,0.35599993059351465,1
ACRIN-6698-691753,0,0,spy2,0.304554471052531,0.16728902760249623,1,0.2451345575,0.12549994364304953,0,0.3011903975,0.17302478340996208,1
ACRIN-6698-698094,0,3,spy2,0.2849948676112699,0.1434221277080474,1,0.3487543025,0.17859007322493112,1,0.2898932375,0.15469879754801616,1
ACRIN-6698-706639,0,4,spy2,0.6346227707462705,0.42776151895184195,1,0.5651438950000001,0.3558086348011047,1,0.606375825,0.41928933379867894,1
ACRIN-6698-721099,0,1,spy2,0.5790265986098139,0.36528086822190114,1,0.5790266,0.3720583829711157,1,0.51206641,0.3178000211675236,1
ACRIN-6698-724293,1,2,spy2,0.6501910869226628,0.43631007432637997,1,0.5624866749999999,0.35577539628855614,1,0.63841006,0.447966483991879,1
ACRIN-6698-724384,0,0,spy2,0.3678283154032243,0.20535532643328355,1,0.334856385,0.17871563025782028,1,0.363854,0.2133129372877695,1
ACRIN-6698-738041,1,2,spy2,0.6377498384010636,0.42359061232924095,1,0.7164468749999999,0.5226879578677379,1,0.6541477499999999,0.46473078657813194,1
ACRIN-6698-748583,0,1,spy2,0.264902102664264,0.13816664178626661,0,0.26490209,0.130129460553925,0,0.2344715625,0.12073296348344403,0
ACRIN-6698-748611,1,3,spy2,0.2270677271568748,0.11161728242802901,0,0.266334725,0.12802910723155453,0,0.224515985,0.1159625517391625,0
ACRIN-6698-753109,1,4,spy2,0.5691482321079506,0.3604112009439549,1,0.6003509149999999,0.3919621490010438,1,0.5571556200000001,0.3682163380565553,1
ACRIN-6698-755914,1,4,spy2,0.6534693732566332,0.44865596640080224,1,0.798349775,0.6444412705556309,1,0.66082688,0.4807015099207553,1
ACRIN-6698-760011,1,0,spy2,0.5593240929361216,0.34029541970821964,1,0.6331535725,0.41210525074251586,1,0.5561958149999999,0.35747683669740865,1
ACRIN-6698-760901,1,1,spy2,0.620248171416746,0.40406365381653664,1,0.62024814,0.4141519062269015,1,0.5810220775,0.38049553947258735,1
ACRIN-6698-765671,1,2,spy2,0.5635468380074329,0.35330112010276277,1,0.5384648375,0.3335603705270715,1,0.5697176075,0.37957758123732777,1
ACRIN-6698-771151,1,3,spy2,0.5896562586446452,0.3588790370445908,1,0.622663365,0.4038202851812208,1,0.573171685,0.3671876271303923,1
ACRIN-6698-771443,0,4,spy2,0.4319169207994462,0.24160789872664315,1,0.4626940424999999,0.26257276196945223,1,0.43322789500000003,0.2559721057404516,1
ACRIN-6698-774840,1,0,spy2,0.4722086879492544,0.2745082104385932,1,0.5026560250000001,0.2966358625018728,1,0.4658083925,0.2852266794774499,1
ACRIN-6698-775346,0,1,spy2,0.2957798279528641,0.15650739879685735,1,0.29577982,0.14900628102308291,0,0.262465615,0.13744510376968933,0
ACRIN-6698-779739,1,2,spy2,0.5864166031311119,0.37401193935354043,1,0.5922652700000001,0.38460228390377754,1,0.596424675,0.4052872911843894,1
ACRIN-6698-783764,0,3,spy2,0.2942441657333823,0.1486993503484847,1,0.3324259775,0.16807224231670378,1,0.31934088000000005,0.17315769986502383,1
ACRIN-6698-786753,0,4,spy2,0.7869026787105807,0.6195636250767879,1,0.5691075425,0.3597660992863588,1,0.7272728525,0.5633486953301763,1
ACRIN-6698-792181,1,0,spy2,0.556406590438037,0.33794623359977,1,0.5996732699999999,0.3799464768601454,1,0.5525592725,0.35438483158039796,1
ACRIN-6698-793155,0,1,spy2,0.3286591732242929,0.17679064757572704,1,0.32865918,0.17009358861170648,1,0.2212060575,0.11301365438577092,0
ACRIN-6698-794128,0,2,spy2,0.5746369004334896,0.3632448233900184,1,0.544632545,0.33917898046826395,1,0.5535768925000001,0.36454410780696606,1
ACRIN-6698-799149,1,3,spy2,0.5921311679567379,0.36109906287110105,1,0.664476475,0.4488409442031998,1,0.61020071,0.40234897073455095,1
ACRIN-6698-801641,0,1,spy2,0.558477838348764,0.3469504694881909,1,0.5584779,0.35217266791097346,1,0.51396681,0.3194381784502675,1
ACRIN-6698-802308,0,4,spy2,0.6243418324315422,0.41665995044063603,1,0.6758595000000001,0.47768803492961137,1,0.629568625,0.4447894672722392,1
ACRIN-6698-804979,0,0,spy2,0.3253403278642413,0.17952521979470612,1,0.3671978824999999,0.19937458159038812,1,0.323906405,0.18733268974962605,1
ACRIN-6698-805136,0,2,spy2,0.6819844484620475,0.470193749776325,1,0.71652393,0.5227838435595453,1,0.6902511499999999,0.5049071985504311,1
ACRIN-6698-820807,1,3,spy2,0.2016129265369607,0.09825848268087337,0,0.22187208,0.10318341977947096,0,0.2112974325,0.10847470576309483,0
ACRIN-6698-831848,1,0,spy2,0.8698575183689016,0.6921493378359366,1,0.842795575,0.6727959814911814,1,0.859315365,0.7036910514280346,1
ACRIN-6698-839274,0,1,spy2,0.3486948353099212,0.1895607068216608,1,0.34869486,0.18346915034934438,1,0.28834793000000003,0.1534303063450533,0
ACRIN-6698-845783,1,2,spy2,0.3800099899429627,0.2112986691340063,1,0.3579859525,0.19152204739501152,1,0.3529751275,0.2039744322663821,1
ACRIN-6698-856159,0,3,spy2,0.6445829144711887,0.41067884557186496,1,0.654962875,0.4382791909684956,1,0.64801615,0.4406500654739069,1
ACRIN-6698-860243,0,4,spy2,0.2002169725989578,0.09189007824293732,0,0.1960891075,0.08484645991368231,0,0.19198335,0.0908702458375896,0
ACRIN-6698-861745,0,0,spy2,0.4498995729959271,0.2589481127477041,1,0.52335157,0.3133064351970286,1,0.44983292750000003,0.2733567731448141,1
ACRIN-6698-863161,1,4,spy2,0.7801658634553068,0.6098513425113382,1,0.7678868525,0.5994350440096148,1,0.7847804975,0.6423947236716833,1
ACRIN-6698-866660,0,1,spy2,0.282693664905582,0.14865415807028476,0,0.28269368,0.14089961966353773,0,0.25626722999999996,0.13369416184946759,0
ACRIN-6698-870077,0,2,spy2,0.2567135480206795,0.13404081595923603,0,0.2737721825,0.1374339641527156,0,0.2607906325,0.1431395241417322,0
ACRIN-6698-875089,0,3,spy2,0.6515614717262751,0.41766615187267275,1,0.695957675,0.48522210668762966,1,0.6675867600000001,0.4615134712277913,1
ACRIN-6698-879224,0,2,spy2,0.6688795833537876,0.45597883792175076,1,0.7108199374999999,0.515723753332883,1,0.6590243625,0.4700151585099597,1
ACRIN-6698-882553,0,0,spy2,0.238952478794738,0.13012939788805958,0,0.3176294575,0.16805176583334314,1,0.23621896,0.13372242411200294,0
ACRIN-6698-884011,0,1,spy2,0.2526354674537457,0.13105821884681587,0,0.25263548,0.12286839237556145,0,0.227500945,0.11666104566206978,0
ACRIN-6698-894673,0,4,spy2,0.5606412774440865,0.3522159874609997,1,0.474074575,0.2721222569995183,1,0.5333080975,0.3448770693532015,1
ACRIN-6698-896852,0,3,spy2,0.464945979401424,0.2585282139141726,1,0.49495695,0.2858364727187221,1,0.4731706375,0.2820944773001515,1
ACRIN-6698-899692,1,2,spy2,0.5523477066871183,0.34344340708170257,1,0.5680509174999999,0.3610508915126029,1,0.55841797,0.36901443989706345,1
ACRIN-6698-900959,0,3,spy2,0.5481782102158567,0.32311160748311923,1,0.6484004349999999,0.4311056336633078,1,0.5541326875,0.34993400682132836,1
ACRIN-6698-901705,0,0,spy2,0.3156545347367894,0.17379275058033644,1,0.37910969,0.20720539904104257,1,0.312346755,0.1800118040744314,1
ACRIN-6698-913527,0,1,spy2,0.608280156800939,0.39251295045160944,1,0.6082802,0.4016161520075461,1,0.5743953924999999,0.37416488434990447,1
ACRIN-6698-924071,0,4,spy2,0.3047379142470862,0.15283612297501395,0,0.219916355,0.09763165482994146,0,0.1943497525,0.09220589233968922,0
ACRIN-6698-928170,0,0,spy2,0.1903431449485928,0.1037507438056961,0,0.2383428825,0.12168940629530654,0,0.1893433,0.10662450877903182,0
ACRIN-6698-928446,0,1,spy2,0.3156477199186798,0.16866675853712204,1,0.31564772,0.16162313093624203,1,0.25787186,0.13466239700547825,0
ACRIN-6698-928815,0,3,spy2,0.510548585320989,0.2928193013607458,1,0.5284783150000001,0.31428230823264186,1,0.5045735225,0.3074079549010339,1
ACRIN-6698-929391,0,4,spy2,0.5781461597498015,0.3692123876588861,1,0.63586159,0.4308200348178195,1,0.5655142375,0.3766087667757145,1
ACRIN-6698-929980,1,2,spy2,0.8473590966794579,0.6878849071016406,1,0.9019961425,0.8022751222218776,1,0.8567283025000001,0.7287849512308319,1
ACRIN-6698-938719,0,2,spy2,0.224338931631096,0.11553740619029312,0,0.1504832725,0.06901079327757859,0,0.2026166275,0.10797970022691586,0
ACRIN-6698-942017,0,0,spy2,0.2601512024170349,0.14191696749735774,0,0.192222395,0.09651716868343876,0,0.240566075,0.1362843148338616,0
ACRIN-6698-943633,0,1,spy2,0.6259183134798452,0.40962323938575573,1,0.6259183,0.4201843226411648,1,0.5933226549999999,0.39243084181408294,1
ACRIN-6698-946927,1,3,spy2,0.7768049056745995,0.5627483727769937,1,0.80699238,0.6339513915729816,1,0.7899020350000001,0.6114513465707827,1
ACRIN-6698-949444,0,4,spy2,0.5488238093402945,0.3410298929279729,1,0.6314976125,0.42590932204526244,1,0.5528998525,0.363986114560788,1
ACRIN-6698-960029,0,2,spy2,0.6856557225060285,0.4742409741302704,1,0.6775487499999999,0.4760198138943178,1,0.6930439424999999,0.5081198974743597,1
ACRIN-6698-962153,0,3,spy2,0.4885383936357081,0.2759571047392804,1,0.5448559225,0.3287902626538915,1,0.5129265375000001,0.3143467903174972,1
ACRIN-6698-963303,0,0,spy2,0.3956876612497748,0.22295707716129395,1,0.3974411675,0.2195031349359029,1,0.39462920749999997,0.23411152920491357,1
ACRIN-6698-963604,0,1,spy2,0.2440014992238652,0.12611267751954572,0,0.24400148,0.11783635669027595,0,0.1829839325,0.09145317215414808,0
ACRIN-6698-970839,0,4,spy2,0.2755033313014513,0.13479988862478612,0,0.40289047,0.2153700580978058,1,0.2810271325,0.1447396352068227,1
ACRIN-6698-971492,0,2,spy2,0.3445402999186928,0.1878517223067392,1,0.3545452625,0.18917938832574882,1,0.3503744,0.20216259155850516,1
ACRIN-6698-982086,1,3,spy2,0.8248269094692388,0.6310671666178822,1,0.8467890225000001,0.6965615183033949,1,0.8405180025000001,0.6858379447763051,1
ACRIN-6698-987914,0,0,spy2,0.5702647091168235,0.3492055238154525,1,0.4450928975,0.25297087328485723,1,0.5605909,0.36123659239697586,1
ACRIN-6698-991818,1,1,spy2,0.517010456799814,0.3117939357683252,1,0.51701045,0.31409751862317403,1,0.4858431575,0.295675919259753,1
ACRIN-6698-992609,1,4,spy2,0.4998145229970702,0.29697602506029025,1,0.5229691175,0.31538089597682295,1,0.50710157,0.32022689042193997,1
ACRIN-6698-995480,0,2,spy2,0.4834865612204477,0.2865563326559969,1,0.5068966475000001,0.30568471196211366,1,0.498427195,0.31582474823554324,1
Breast_MRI_005,1,3,duke,0.6041725656476488,0.3720469170355577,1,0.6564605649999999,0.43992905915592934,1,0.62442752,0.41646050456579603,1
Breast_MRI_009,1,0,duke,0.5721268396283927,0.3507381808134186,1,0.6299162675000001,0.4089088070668254,1,0.5680527000000001,0.36767781985387293,1
Breast_MRI_010,0,1,duke,0.5373850757184577,0.32877347710271443,1,0.5373851,0.332472829221951,1,0.5035773875,0.31054070126733263,1
Breast_MRI_012,0,4,duke,0.4770636578345824,0.2777284615404404,1,0.40737897,0.2187463925765751,1,0.481255605,0.2968944594041123,1
Breast_MRI_019,0,1,duke,0.3198802691043718,0.17129515579443844,1,0.31988028,0.16436021491942907,1,0.259470125,0.13562873471339232,0
Breast_MRI_021,0,2,duke,0.3771469635316477,0.20936558550572237,1,0.2422223925,0.11879282645386022,0,0.31614876999999997,0.17885609124554191,1
Breast_MRI_022,0,0,duke,0.5408538712598218,0.32560739047240045,1,0.3617002375,0.19580167388508096,1,0.4770552425,0.29373270418545394,1
Breast_MRI_040,0,3,duke,0.2929364143813261,0.14794966123792197,1,0.211713125,0.09772460470206369,0,0.1725233025,0.08711385497246293,0
Breast_MRI_041,0,4,duke,0.2348845444471219,0.11104035240124563,0,0.2814805575,0.13321389306933148,0,0.24038072500000002,0.11921303317101456,0
Breast_MRI_043,0,0,duke,0.6149446604125719,0.3873646310598497,1,0.5235074399999999,0.31343408939552275,1,0.60067615,0.39673939672017444,1
Breast_MRI_044,1,4,duke,0.8988173427972623,0.8012183048818564,1,0.911963125,0.8348945649842224,1,0.902677265,0.8282595692082827,1
Breast_MRI_046,0,1,duke,0.220485545667129,0.11287486868847264,0,0.22048554,0.10445277007566188,0,0.18807209,0.094266787062435,0
Breast_MRI_053,0,3,duke,0.3379668702474855,0.17447184402194485,1,0.3150832725,0.15718140177670709,1,0.327161205,0.1781742787272815,1
Breast_MRI_056,0,2,duke,0.5572785861662839,0.34776129658852767,1,0.20870226,0.09986900214345162,0,0.3073201975,0.17300097084899135,1
Breast_MRI_057,0,0,duke,0.2708963802905503,0.14796798516075552,0,0.18494774,0.09265174758459187,0,0.2635700025,0.14999523845739238,1
Breast_MRI_061,1,2,duke,0.4877913813999246,0.28993764064062805,1,0.5774078475,0.3700358055709142,1,0.4963300175,0.31404828062513673,1
Breast_MRI_064,0,1,duke,0.6534945554698317,0.4375000731779576,1,0.6534946,0.450408434435593,1,0.6088601825,0.4078594628921959,1
Breast_MRI_069,0,3,duke,0.4198149131917313,0.2268914375011982,1,0.3501029225,0.1794705180861077,1,0.33487541,0.18317157692857983,1
Breast_MRI_082,0,4,duke,0.3567282569717049,0.18699365345039953,1,0.2931170525,0.14037167483633342,0,0.3151838375,0.16747286945892673,1
Breast_MRI_086,0,0,duke,0.5628220216404911,0.34312673694749035,1,0.5464850250000001,0.33261035812490936,1,0.549971965,0.35219523125848773,1
Breast_MRI_090,0,4,duke,0.6149466332122159,0.4066923610082872,1,0.5980287125,0.3895066192987671,1,0.621793195,0.43613419802702774,1
Breast_MRI_091,0,1,duke,0.2096516859691516,0.1068857511478254,0,0.20965172,0.09844174061412789,0,0.182134065,0.09098486526398276,0
Breast_MRI_097,0,2,duke,0.5180395931852994,0.31433372592886627,1,0.5466860375,0.3410625514265329,1,0.527565445,0.341072522204613,1
Breast_MRI_099,1,3,duke,0.5411778028641698,0.31732867845906915,1,0.4261006575,0.2321869351174118,1,0.466360555,0.2767597205235556,1
Breast_MRI_101,0,0,duke,0.369919227092184,0.20665715095369477,1,0.3691372375,0.20064112405956266,1,0.362761405,0.21258756426816183,1
Breast_MRI_103,0,1,duke,0.598015260089456,0.3827991821454578,1,0.59801525,0.39107233135728836,1,0.57533319,0.3750566307677325,1
Breast_MRI_104,0,2,duke,0.2586438842968525,0.13516503284951933,0,0.1972176425,0.09358490391281338,0,0.22577860249999998,0.12170584669159575,0
Breast_MRI_107,0,3,duke,0.6065678585632057,0.37425422379357975,1,0.6747865799999999,0.4605091383983712,1,0.6342137825,0.4263732823282054,1
Breast_MRI_114,0,4,duke,0.3692071338468651,0.1956129252855489,1,0.264970065,0.12329919280637366,0,0.37128856,0.207521949850593,1
Breast_MRI_115,1,1,duke,0.5954637838566539,0.3804116801907727,1,0.5954638,0.3884808145905503,1,0.5690505275,0.3691083871720738,1
Breast_MRI_117,0,0,duke,0.7395584624310116,0.512899541848954,1,0.8085704075,0.6211608410976189,1,0.7379895,0.5388403608550031,1
Breast_MRI_119,0,2,duke,0.4182087638952965,0.23781497104520516,1,0.3557178325,0.1899764130745461,1,0.4016173675,0.23899243291422448,1
Breast_MRI_123,0,3,duke,0.3658699147550528,0.19168956629490655,1,0.308576775,0.15316788360119682,1,0.3667999575,0.20438767760474996,1
Breast_MRI_129,0,4,duke,0.7121155381825,0.5185024062321815,1,0.69710702,0.5040086926648464,1,0.7182331975,0.5515758433744111,1
Breast_MRI_134,1,1,duke,0.685873609008253,0.4721391724108055,1,0.6858736,0.48787409092178474,1,0.6632458375000001,0.46519545228461706,1
Breast_MRI_136,0,0,duke,0.4062271116101446,0.2297664974251803,1,0.3517821525,0.1894202331682355,1,0.35856,0.20980628048752298,1
Breast_MRI_137,0,2,duke,0.3110532828077526,0.16666271062227087,0,0.253437625,0.12532464116511774,0,0.25745566,0.14106094820518902,0
Breast_MRI_141,0,3,duke,0.4829393835777509,0.27176203824212497,1,0.4517768375,0.2514859782355662,1,0.464590695,0.27538200675548075,1
Breast_MRI_142,1,4,duke,0.4150907605014823,0.22881013946494638,1,0.4524697924999999,0.25415307074561144,1,0.4208838025,0.24594074210150543,1
Breast_MRI_144,1,0,duke,0.8028306086201418,0.5916976231699151,1,0.7619712299999999,0.5575583561692655,1,0.7987254500000001,0.6153308616973355,1
Breast_MRI_148,0,1,duke,0.5155162098260558,0.31057015563640206,1,0.5155162,0.3127743792501499,1,0.48243037749999995,0.2928608919119,1
Breast_MRI_150,0,2,duke,0.1803416642423797,0.09137784961129733,0,0.12007691375,0.05384410289643466,0,0.17166028249999998,0.0901616605260487,0
Breast_MRI_156,0,3,duke,0.6043539074036641,0.37221367913899694,1,0.6028672724999999,0.3837107652876649,1,0.6208977250000001,0.41292667235550184,1
Breast_MRI_157,1,4,duke,0.2932200811437298,0.14563348366425286,0,0.2323242825,0.10450264656545873,0,0.28981302249999996,0.15047270654149225,1
Breast_MRI_160,0,3,duke,0.6913622969540202,0.45948910095345485,1,0.6180665624999999,0.3990845454419595,1,0.6674137425,0.46132572898605234,1
Breast_MRI_163,0,0,duke,0.3531855098622865,0.196321834568725,1,0.39309883,0.2165624114706951,1,0.3503507875,0.20440813927350096,1
Breast_MRI_167,0,2,duke,0.3389586115965324,0.1842582251672791,1,0.245586725,0.12074145570145063,0,0.283839625,0.15772708061121357,1
Breast_MRI_168,0,1,duke,0.358290992591966,0.19579305683681195,1,0.35829097,0.19002206206004768,1,0.3341081,0.1830369271303283,1
Breast_MRI_180,0,4,duke,0.1587926670589055,0.07029175106586646,0,0.08412717875,0.03167435505335926,0,0.11497576000000001,0.05013104687769905,0
Breast_MRI_189,0,1,duke,0.5309575219397922,0.3233571811689553,1,0.5309576,0.32660811222186087,1,0.456063915,0.2715901457555611,1
Breast_MRI_198,0,2,duke,0.2846249191578389,0.150538602791775,0,0.2306690625,0.11217046804503018,0,0.20815912250000002,0.11123268458839979,0
Breast_MRI_205,0,0,duke,0.2798907961319423,0.1530750985305427,0,0.1601127575,0.07965200350777278,0,0.2397626825,0.13581017619000937,0
Breast_MRI_217,1,4,duke,0.5018417196144006,0.29872679752472914,1,0.4485097775,0.2509318905976256,1,0.485916345,0.30103209759420546,1
Breast_MRI_228,0,3,duke,0.2252829020322324,0.11066910510543732,0,0.2147266749999999,0.09933572296695853,0,0.2098132675,0.10764072810575379,0
Breast_MRI_233,0,0,duke,0.6751570171510588,0.4440017485373979,1,0.49154959,0.28791067233246476,1,0.612624215,0.4077707402760092,1
Breast_MRI_234,0,1,duke,0.5272353885192097,0.3202460951402731,1,0.5272354,0.3232406737813159,1,0.46859394499999996,0.2815945078594321,1
Breast_MRI_237,0,2,duke,0.3300433172782365,0.17857054909462503,1,0.2605118724999999,0.12949799979916585,0,0.28017944250000004,0.1553842557593173,1
Breast_MRI_239,0,4,duke,0.5355816863522211,0.32876238018066356,1,0.252281125,0.11586764143334959,0,0.4444000025,0.26521895884151736,1
Breast_MRI_240,0,3,duke,0.4139949723654594,0.2229632586613785,1,0.4619113675,0.25932866443777536,1,0.4182075725,0.2405020483849967,1
Breast_MRI_244,0,2,duke,0.6064475827650396,0.39282718379937104,1,0.5483250074999999,0.34257055996166114,1,0.59859698,0.4074259937984414,1
Breast_MRI_253,1,3,duke,0.6406628455054536,0.4067964130888416,1,0.696092685,0.48538305284779326,1,0.6606814425,0.45406671577115965,1
Breast_MRI_255,1,0,duke,0.4673663658038903,0.27109067808732057,1,0.472763765,0.2734878059642357,1,0.461759955,0.2821954289955308,1
Breast_MRI_260,0,1,duke,0.5643527953807691,0.3521268418403024,1,0.5643528,0.3577866514035602,1,0.5360480525,0.3388314965267267,1
Breast_MRI_265,0,4,duke,0.6343303632697936,0.4274429232826689,1,0.419253605,0.22780536042578448,1,0.5263763575,0.33825720097652345,1
Breast_MRI_268,0,0,duke,0.333717892911954,0.1845281775851166,1,0.362993815,0.19664005718002364,1,0.33001583,0.19123633737099155,1
Breast_MRI_269,0,1,duke,0.2170042665810367,0.11094303170985653,0,0.21700427,0.10251072824334408,0,0.18413121500000001,0.09208611097014421,0
Breast_MRI_283,0,3,duke,0.6636473038932724,0.4300029921375769,1,0.7159574075,0.5095451242002758,1,0.68644259,0.48234065351926314,1
Breast_MRI_287,0,2,duke,0.3038632944195862,0.16222559258024188,0,0.2639689,0.13155262088710204,0,0.3038454825,0.17071359439499006,1
Breast_MRI_290,0,4,duke,0.4159154189216174,0.2294293113818403,1,0.4199060625,0.22830849450197674,1,0.42249564,0.24723967548692677,1
Breast_MRI_293,0,0,duke,0.4860024747815193,0.28437026880382277,1,0.3878815249999999,0.21305202179430435,1,0.473699225,0.2911812999666399,1
Breast_MRI_298,0,1,duke,0.3017548451679488,0.1601337109720554,1,0.30175483,0.15276100024564165,0,0.27467013,0.14491707257514058,0
Breast_MRI_301,1,3,duke,0.3157066114775064,0.1611749633539073,1,0.21931508,0.10180203228780588,0,0.24339578750000002,0.12685026454077866,0
Breast_MRI_303,0,2,duke,0.2992160940003683,0.1593780132482542,0,0.2713112749999999,0.13594988835727145,0,0.3051541875,0.1715739819230447,1
Breast_MRI_306,0,4,duke,0.8386025643492734,0.6985220453636677,1,0.7090810599999999,0.5192978347708462,1,0.8258118674999999,0.7033780680068671,1
Breast_MRI_307,0,2,duke,0.5343621500131593,0.3279839165201347,1,0.54158745,0.3363977492445138,1,0.532166425,0.3451584227898745,1
Breast_MRI_321,0,0,duke,0.8063737926595043,0.59651364920779,1,0.7430737875,0.5336684562980554,1,0.7998428275,0.6168403130527166,1
Breast_MRI_323,0,1,duke,0.369280202350081,0.20302578681401923,1,0.36928022,0.1976461118209859,1,0.3371207,0.18504954292958162,1
Breast_MRI_328,1,4,duke,0.5903381432577828,0.3813609574911703,1,0.6533891549999999,0.45093951453919867,1,0.5959917674999999,0.4081767808783314,1
Breast_MRI_333,0,3,duke,0.4109616472772184,0.22092894540813143,1,0.4450012575,0.24631480350945792,1,0.42616204,0.24632151264716418,1
Breast_MRI_350,1,0,duke,0.2626152868894695,0.1432998848494182,0,0.3102297375,0.16354016469350452,1,0.26051022749999997,0.14815611065318368,1
Breast_MRI_356,0,1,duke,0.2999947562322934,0.15906280609328907,1,0.29999477,0.15165146382139555,0,0.27732927749999997,0.1465605135844914,0
Breast_MRI_368,0,2,duke,0.6255853363002463,0.41143029228157796,1,0.672232925,0.4699009276987315,1,0.62915705,0.43831063298083744,1
Breast_MRI_372,0,3,duke,0.408384536747771,0.21920753697630152,1,0.400152715,0.21347624615680957,1,0.42137583999999995,0.24281217856272985,1
Breast_MRI_377,1,4,duke,0.680294418189904,0.47966396370359027,1,0.6972329325,0.5041677311921847,1,0.6823414975000001,0.5064950457567141,1
Breast_MRI_378,0,0,duke,0.1993028134604648,0.10855318305019747,0,0.2255787299999999,0.1146024721727236,0,0.1951942925,0.10995795261702743,0
Breast_MRI_383,0,1,duke,0.5023286745497619,0.29989275294309214,1,0.5023287,0.3012383317836043,1,0.44880440499999996,0.26587794282922383,1
Breast_MRI_385,0,2,duke,0.2719513909897734,0.14298225010200405,0,0.184510505,0.08674669025345512,0,0.25303585500000003,0.13831846462324907,0
Breast_MRI_386,0,4,duke,0.8206891173195922,0.6702503333239123,1,0.7310438674999999,0.5482258070642216,1,0.8197779224999999,0.6941632321916423,1
Breast_MRI_387,0,3,duke,0.2951636446181565,0.1492271623935133,1,0.21522326,0.09960186924608135,0,0.228888945,0.11846387174381519,0
Breast_MRI_397,0,0,duke,0.5962367063626662,0.37102497302361537,1,0.647784725,0.42679625278686234,1,0.5947394500000001,0.3913377606615031,1
Breast_MRI_398,1,1,duke,0.7642851325236171,0.5660501235977191,1,0.76428515,0.5885147798462405,1,0.716523815,0.5269841208737941,1
Breast_MRI_399,0,3,duke,0.3682936058337794,0.19321546392405314,1,0.3257697324999999,0.16385866516982778,1,0.3756140525,0.21040313461274943,1
Breast_MRI_408,1,2,duke,0.5137219542961798,0.31078127211839285,1,0.38435125,0.20987776635892044,1,0.4553069825,0.28033740595512613,1
Breast_MRI_412,0,4,duke,0.2117734281658717,0.09816223729490575,0,0.1302236865,0.05220861182590334,0,0.188896485,0.08913558126352175,0
Breast_MRI_414,0,2,duke,0.56778280971256,0.35707752928711245,1,0.3546033075,0.18921881038066118,1,0.44951754,0.27573315892725037,1
Breast_MRI_420,1,0,duke,0.6334163116666633,0.40405124142555765,1,0.5797455225,0.36170134709246954,1,0.6245245574999999,0.41897786511186913,1
Breast_MRI_424,1,1,duke,0.6277716293640601,0.41145282066256783,1,0.6277716,0.4221692269748468,1,0.6060199325,0.4050090947940052,1
Breast_MRI_431,0,3,duke,0.8578331409268735,0.6835676668546665,1,0.870194,0.7361199219552818,1,0.8211396599999999,0.6563335015488869,1
Breast_MRI_435,0,4,duke,0.5378696896481765,0.3308621578645399,1,0.5394506775,0.33082113778239985,1,0.5453734174999999,0.3565746487593068,1
Breast_MRI_438,1,0,duke,0.6419822052818919,0.41198709869374417,1,0.57266215,0.35536719902810004,1,0.63797097,0.43191633857338635,1
Breast_MRI_441,0,1,duke,0.2705186761996404,0.141454360347046,0,0.27051866,0.13349862396422457,0,0.2356814475,0.12144328995194094,0
Breast_MRI_444,1,2,duke,0.7327810346403743,0.5289111849559657,1,0.7275117125,0.5366023318282229,1,0.74415141,0.5698086349425466,1
Breast_MRI_450,0,3,duke,0.2898050278614336,0.14615931356654,1,0.293240785,0.14386002462340294,0,0.315696865,0.17083689005859756,1
Breast_MRI_454,0,4,duke,0.2181277842208212,0.1016581554340035,0,0.1507537725,0.06196365872401097,0,0.22041727749999998,0.10725804452855481,0
Breast_MRI_464,0,3,duke,0.2567524406640903,0.12765734117754923,0,0.32395117,0.1627147932715111,1,0.26061631999999996,0.1369874617018466,0
Breast_MRI_465,0,0,duke,0.4214392724781146,0.2397495742967427,1,0.446999585,0.25435793906003573,1,0.4189779675,0.2510980526554956,1
Breast_MRI_468,0,1,duke,0.8351267421779118,0.6662814255543051,1,0.83512676,0.6934373442182468,1,0.810315805,0.652172597481899,1
Breast_MRI_473,0,2,duke,0.6693217638711204,0.45645267328061234,1,0.6121097424999999,0.4046530882867045,1,0.60533239,0.41410405594368066,1
Breast_MRI_480,0,4,duke,0.265105033344081,0.128576806115829,0,0.2406461575,0.10919430227324232,0,0.26697537250000003,0.13573146547447615,0
Breast_MRI_482,1,3,duke,0.7867596112050247,0.5762138868536162,1,0.80833209,0.6359698333328367,1,0.780271995,0.5982306060726441,1
Breast_MRI_486,0,4,duke,0.3598432224894112,0.18912938978322383,1,0.233535275,0.10518118671236948,0,0.266728605,0.13557502221736406,0
Breast_MRI_489,1,0,duke,0.6535479849362934,0.4229111964982064,1,0.6437670875,0.4227216847593264,1,0.6447084700000001,0.4385132893180507,1
Breast_MRI_491,0,1,duke,0.4769382690092617,0.27993542493022266,1,0.47693828,0.2797217474587288,1,0.424447695,0.2471481410261811,1
Breast_MRI_501,1,2,duke,0.2848643820922459,0.15068245022006402,0,0.3217884275,0.1674609435130612,1,0.2895513675,0.16140334077061322,1
Breast_MRI_506,0,0,duke,0.3913406151027355,0.22017320438216165,1,0.403538225,0.22366180247287118,1,0.36630954,0.21494633690296808,1
Breast_MRI_508,0,1,duke,0.5332098099884374,0.3252487448392267,1,0.5332098,0.32865589921046057,1,0.4952942575,0.3035478884508615,1
Breast_MRI_512,1,2,duke,0.2712780166867568,0.14258384241164326,0,0.2274803975,0.11036144029235369,0,0.2331752775,0.12616370893718828,0
Breast_MRI_517,0,3,duke,0.2313313910278532,0.11388958272924546,0,0.25076601,0.11914810107570165,0,0.24786962,0.12946457307966516,0
Breast_MRI_521,0,4,duke,0.2733742291146004,0.13351762488064847,0,0.118690085,0.04689263103081558,0,0.16249497000000002,0.07464895673699844,0
Breast_MRI_525,1,4,duke,0.8560423385174789,0.7270236968879059,1,0.8453378225,0.718836540222591,1,0.847611035,0.7373863723374894,1
Breast_MRI_527,0,0,duke,0.3645071949851644,0.20329374951822457,1,0.42413763,0.23797526743070216,1,0.35855466999999996,0.20980276013402016,1
Breast_MRI_530,0,1,duke,0.3144934553655295,0.16795232084590211,1,0.31449345,0.16087973235145675,1,0.2681675225,0.14092159722882894,0
Breast_MRI_534,0,2,duke,0.4033344999149677,0.22732577980742957,1,0.3420307475,0.18075844753770248,1,0.370018845,0.21599660174377963,1
Breast_MRI_539,1,3,duke,0.3975741390393249,0.21205504172791875,1,0.385385605,0.2031660398787947,1,0.4127100125,0.23651765011377188,1
Breast_MRI_541,0,0,duke,0.6067176404655494,0.38011193045048836,1,0.4995099075,0.29414894926006663,1,0.5653909275,0.3653716393115087,1
Breast_MRI_543,0,3,duke,0.5176417929231758,0.29838395667780837,1,0.5483808,0.3319674975418856,1,0.532296235,0.33078712302817537,1
Breast_MRI_558,0,1,duke,0.8157749740259393,0.6371796962124874,1,0.81577504,0.6633145512475055,1,0.791143865,0.6246517550089044,1
Breast_MRI_559,1,4,duke,0.8453124822641648,0.7093719389460161,1,0.7241203675,0.5389810007969831,1,0.825800225,0.7033602052874659,1
Breast_MRI_560,0,2,duke,0.2918820987384862,0.15491602282078576,0,0.1329679825,0.060197482428212074,0,0.1826740375,0.09643417137881775,0
Breast_MRI_562,1,0,duke,0.5794858965211231,0.3568421895213531,1,0.644154875,0.4231136141170468,1,0.572812295,0.3718252818826134,1
Breast_MRI_568,0,1,duke,0.6616660395007326,0.4460399060739713,1,0.6616661,0.45965632689377095,1,0.58475199,0.3840891713918338,1
Breast_MRI_573,0,2,duke,0.2702944539973178,0.14200246035673392,0,0.206351329,0.09857451194598014,0,0.2089757525,0.11171363709374561,0
Breast_MRI_577,1,3,duke,0.8236215733038855,0.6292422652032508,1,0.803568535,0.62881993315383,1,0.7905886,0.6124045574701424,1
Breast_MRI_585,0,4,duke,0.3877967147689022,0.20877156406016245,1,0.2678592425,0.12501401497971434,0,0.3363063125,0.18214438108366038,1
Breast_MRI_590,0,3,duke,0.3824368388380898,0.20222053694462544,1,0.3017420975,0.14899357768702312,0,0.317402645,0.17192195626259474,1
Breast_MRI_592,0,0,duke,0.2559255029743648,0.13955174103981852,0,0.1269768299999999,0.06273898515873629,0,0.217109195,0.1225631984788049,0
Breast_MRI_595,0,1,duke,0.3208273576870804,0.17188516356838066,1,0.32082736,0.1649750719990278,1,0.24390974,0.12630244232726265,0
Breast_MRI_596,0,2,duke,0.1867364901714893,0.0948236213654593,0,0.1610821435,0.07444703891331923,0,0.15580391999999998,0.08125613410918281,0
Breast_MRI_597,0,4,duke,0.3094159742618552,0.15579818801825374,1,0.17807545125,0.07553066096372363,0,0.226571085,0.11090321266391201,0
Breast_MRI_600,0,1,duke,0.2813011347215106,0.14782553335553417,0,0.2813011,0.140046256887462,0,0.25061917749999996,0.13030157764700206,0
Breast_MRI_605,0,0,duke,0.3618407892413052,0.20164403137095466,1,0.3818712199999999,0.20903860385010084,1,0.35074503749999997,0.20466630319041482,1
Breast_MRI_607,0,3,duke,0.631342001718516,0.3976850922557842,1,0.66637316,0.450969935665498,1,0.5901696425,0.3830561157194685,1
Breast_MRI_609,0,4,duke,0.2279469376612359,0.10712698722822578,0,0.2430486925,0.11056136763791245,0,0.2264924075,0.11085638476084524,0
Breast_MRI_610,0,2,duke,0.6233711946709063,0.4092454691903062,1,0.5968005075,0.38912373305866604,1,0.6265802925,0.4356475147280666,1
Breast_MRI_612,0,0,duke,0.657126377761094,0.42634124495131814,1,0.648190185,0.4272091899953073,1,0.6477702075,0.44153698306344885,1
Breast_MRI_614,1,1,duke,0.6813988848497835,0.4672217346395193,1,0.68139887,0.48256341776521583,1,0.6170715975000001,0.4161772578724501,1
Breast_MRI_615,1,2,duke,0.4478881768114977,0.2594074872586631,1,0.334199205,0.1755670205025178,1,0.4121538175,0.24687359368817102,1
Breast_MRI_618,0,3,duke,0.2447510839164652,0.12110975232121492,0,0.182130125,0.08226639053709651,0,0.2203155875,0.11357134965755417,0
Breast_MRI_623,0,4,duke,0.3529651958032836,0.18442742911355303,1,0.3683318475,0.19022645973598257,1,0.358928375,0.1983980812160371,1
Breast_MRI_626,0,0,duke,0.2674470425499735,0.14601968912697308,0,0.2731210225,0.14150659524008977,0,0.2653538425,0.1510696987905049,1
Breast_MRI_633,1,1,duke,0.2793099668132504,0.1466430133775003,0,0.27930996,0.1388291843364762,0,0.24683474249999998,0.12804176910903534,0
Breast_MRI_640,0,4,duke,0.2762846399830125,0.13527148358873778,0,0.1917628575,0.08258191322316766,0,0.27796679750000003,0.14276095563924832,1
Breast_MRI_642,0,2,duke,0.5298180593074843,0.3241482564292536,1,0.3785241425,0.20575827336649755,1,0.50029676,0.31741291976869396,1
Breast_MRI_648,0,3,duke,0.3120708812353642,0.1590383758677306,1,0.2203850949999999,0.10237948486574712,0,0.29433261,0.1574390796534212,1
Breast_MRI_650,0,2,duke,0.3544571542397319,0.19429934554946332,1,0.2614249875,0.13003971879976034,0,0.33404737,0.19092153332624834,1
Breast_MRI_651,0,0,duke,0.3038351967364763,0.16686994916953027,1,0.3019896425,0.1585635585291846,1,0.28908616750000005,0.1655280270463501,1
Breast_MRI_652,1,1,duke,0.7904497786165623,0.601122588065247,1,0.7904498,0.6255865981287027,1,0.7784878775,0.6070633108106706,1
Breast_MRI_656,1,3,duke,0.6194563904404368,0.3863047617501087,1,0.6348042250000001,0.41652613260887245,1,0.619905725,0.4119374518394374,1
Breast_MRI_660,0,4,duke,0.7448653360265651,0.5609805869839809,1,0.6234529925,0.4169578177570343,1,0.6434542475,0.46051886090890587,1
Breast_MRI_662,0,2,duke,0.5953389697964429,0.3823124178924628,1,0.34358699,0.1817971926363327,1,0.4744731625,0.29584585850130185,1
Breast_MRI_666,0,4,duke,0.6201052755536622,0.41214453628227393,1,0.4035174274999999,0.2158401050159547,1,0.575566615,0.3868512107553381,1
Breast_MRI_670,0,0,duke,0.2455611852104016,0.13378367313804776,0,0.25172739,0.12922595735640482,0,0.21438257249999998,0.12098409397279757,0
Breast_MRI_677,0,1,duke,0.3372816108622421,0.18224685283635025,1,0.3372816,0.1757997279360777,1,0.2966620675,0.15867878331678775,1
Breast_MRI_679,0,3,duke,0.7964825433182655,0.5897017814408996,1,0.6268828725,0.408203318600393,1,0.634989365,0.4271662419531351,1
Breast_MRI_681,0,0,duke,0.5240765556410405,0.312631068695025,1,0.37694062,0.2057702232654251,1,0.4832597775,0.2984798565302722,1
Breast_MRI_684,0,2,duke,0.3268405806518645,0.17654268485818025,1,0.2344809875,0.11434366391056225,0,0.27324383500000005,0.15097238047379838,1
Breast_MRI_685,0,4,duke,0.2470111293463867,0.11798052882443152,0,0.09973397625,0.0384129015894387,0,0.1816112325,0.08507574010163811,0
Breast_MRI_687,0,1,duke,0.8321349309813209,0.6616889000106008,1,0.8321349,0.6887046072441025,1,0.815546415,0.6598718791896623,1
Breast_MRI_693,0,3,duke,0.5579098033697453,0.3312683568740231,1,0.459459825,0.25741952059580514,1,0.44961853249999995,0.2638684310032319,1
Breast_MRI_694,0,1,duke,0.2465603249784637,0.12757348163360616,0,0.24656034,0.11932098779088418,0,0.2191491125,0.11182788273609953,0
Breast_MRI_697,0,0,duke,0.3397043619092811,0.18812940466709896,1,0.350872525,0.18883904803687496,1,0.33805014,0.19640717495146826,1
Breast_MRI_705,0,2,duke,0.2458808558508561,0.12777653240038708,0,0.1349871775,0.06120280036766048,0,0.203409945,0.10844411350780693,0
Breast_MRI_717,0,4,duke,0.3723457590833987,0.19780756973780877,1,0.2106046775,0.09257168973568973,0,0.37248847249999995,0.20841701401151388,1
Breast_MRI_723,0,3,duke,0.5898432096568739,0.35904638152195834,1,0.5913699875,0.37236412278276504,1,0.5883516875,0.38133735788354556,1
Breast_MRI_724,0,0,duke,0.1588337925603481,0.0870316902450295,0,0.1542325075,0.07661630263244996,0,0.15825401,0.08911249083011895,0
Breast_MRI_735,1,1,duke,0.5475123121662787,0.33742247935164543,1,0.5475123,0.34184330806239344,1,0.5029771425,0.31003097987422484,1
Breast_MRI_746,0,3,duke,0.2970111811524671,0.15028948098449404,1,0.3512327749999999,0.18020953818967722,1,0.32173817000000005,0.1746902743620163,1
Breast_MRI_757,0,2,duke,0.6731466834201171,0.4605681519850183,1,0.6890074225,0.489416077182513,1,0.6772308174999999,0.49013218364173666,1
Breast_MRI_758,0,4,duke,0.8476516386537917,0.7131882732215546,1,0.8245230475,0.6851217901720931,1,0.8540670575,0.7476743225346717,1
Breast_MRI_762,0,2,duke,0.6900844011156859,0.4791619197793026,1,0.4396521049999999,0.2508469731021858,1,0.5744252125,0.38403252215748984,1
Breast_MRI_774,1,0,duke,0.7238714356105614,0.4951953129977057,1,0.73434555,0.522968896230347,1,0.7213168649999999,0.5195428840391142,1
Breast_MRI_776,0,1,duke,0.1951322243224304,0.09896229992877792,0,0.19513223,0.09053504325479876,0,0.1699243775,0.0843082911857681,0
Breast_MRI_778,0,3,duke,0.4738743285640111,0.26504829300206834,1,0.53943158,0.3239391363578076,1,0.47763884,0.2856239774114599,1
Breast_MRI_789,0,4,duke,0.3656880152529905,0.19316509547813532,1,0.25580859,0.11791736604617775,0,0.31375648500000003,0.1664986212565191,1
Breast_MRI_805,0,1,duke,0.3340750265346939,0.1802108801417903,1,0.33407503,0.1736689316391669,1,0.30367778,0.16315180509662827,1
Breast_MRI_809,0,0,duke,0.2597382713174189,0.1416854872886507,0,0.2085847225,0.1053124648974666,0,0.254756705,0.14471091490309376,1
Breast_MRI_812,1,2,duke,0.5456087117134742,0.3375981391309887,1,0.5084011675,0.3069806931071726,1,0.552805235,0.36383456408379494,1
Breast_MRI_816,0,4,duke,0.3904876816804903,0.21070867506493351,1,0.3956698325,0.20999285181572094,1,0.3978321825,0.22771587599552928,1
Breast_MRI_817,1,3,duke,0.6653514554095197,0.4317671989486539,1,0.69154596,0.47998660724054487,1,0.6837902375,0.47936632911501154,1
Breast_MRI_830,1,0,duke,0.6833981254561535,0.4522921189655022,1,0.688844675,0.4703107347300306,1,0.67945565,0.4738244553720769,1
Breast_MRI_831,0,1,duke,0.2388691619839752,0.12319494840088893,0,0.23886919,0.11487555928978274,0,0.21462332750000002,0.10922932055362616,0
Breast_MRI_836,0,2,duke,0.3812658065324801,0.21214889783375993,1,0.326536465,0.17054479250552376,1,0.38557887,0.2272028605963015,1
Breast_MRI_847,0,3,duke,0.709410981720256,0.4796533427566095,1,0.71012013,0.5023445174370057,1,0.686937425,0.48289720902426275,1
Breast_MRI_851,0,4,duke,0.2300971822981788,0.10833549296791077,0,0.10663533375,0.041462930254464396,0,0.200403635,0.09564600082626444,0
Breast_MRI_857,0,2,duke,0.2066799957079344,0.1057107918200678,0,0.1564905624999999,0.07208232570406664,0,0.185494895,0.09805241426035942,0
Breast_MRI_860,0,0,duke,0.3322145396221553,0.18362727774883428,1,0.393565285,0.2168774711412543,1,0.3250115425,0.1880370334316241,1
Breast_MRI_865,0,4,duke,0.3289659595143384,0.16841115028691667,1,0.328724515,0.16317780984805408,1,0.334522425,0.1808866979063552,1
Breast_MRI_874,0,1,duke,0.2631105682233784,0.13712234532295053,0,0.26311058,0.1290607188965801,0,0.2481308625,0.12881452331612364,0
Breast_MRI_877,0,3,duke,0.3301019683252337,0.1697308282965869,1,0.2750190675,0.13307085758911893,0,0.2389494425,0.12426520176962053,0
Breast_MRI_879,0,2,duke,0.4474544522356962,0.2590853344179609,1,0.4162440775,0.23308021790913294,1,0.44644677499999996,0.2733058361358434,1
Breast_MRI_882,1,0,duke,0.6262592924200415,0.3975181044145078,1,0.6161563925,0.3955339187719045,1,0.6187530575,0.4135146084336755,1
Breast_MRI_883,1,1,duke,0.5712160820270447,0.35823877516102787,1,0.5712161,0.36441708040848786,1,0.43694344,0.2566745054448694,1
Breast_MRI_884,0,3,duke,0.5176293569767375,0.298374143314185,1,0.564409575,0.34666762574520577,1,0.53046989,0.3292156215142432,1
Breast_MRI_891,0,4,duke,0.7022938621448539,0.5062674264668804,1,0.7662214325000001,0.5970453327383552,1,0.7103847675,0.5414930667000658,1
Breast_MRI_899,0,0,duke,0.3442337686350518,0.19086896666856296,1,0.3798243725,0.20767918251453352,1,0.338143485,0.19646750385630446,1
Breast_MRI_900,0,2,duke,0.2479322503993232,0.12895704800355284,0,0.189741415,0.08954719718793742,0,0.18390266,0.09713840277738192,0
Breast_MRI_901,0,4,duke,0.2028184161050727,0.09329240901722839,0,0.1936630349999999,0.08357441839058351,0,0.1967754675,0.09358029431098824,0
Breast_MRI_914,0,1,duke,0.568185056449227,0.3555308832767297,1,0.56818503,0.3614792244676345,1,0.5370636449999999,0.33973969524449404,1
Breast_MRI_916,0,3,duke,0.2938599447362034,0.14847896737622693,1,0.3586007575,0.18506029490776232,1,0.3175751775,0.17203183491760135,1
ISPY1_1001,0,0,spy1,0.3337007431342866,0.18451789263251434,1,0.212653945,0.10752224126021147,0,0.32869165,0.19038818772721963,1
ISPY1_1002,0,1,spy1,0.3527421537487845,0.1921799308752092,1,0.35274217,0.18622117855203885,1,0.20947519,0.10629071491653298,0
ISPY1_1003,0,2,spy1,0.2699704752007648,0.14181110013826453,0,0.2360248149999999,0.1152270999023742,0,0.2462798625,0.13415304507727893,0
ISPY1_1005,0,3,spy1,0.2467366596655507,0.12218702733430137,0,0.2622645725,0.1256879751425529,0,0.2565524225,0.13457694611192395,0
ISPY1_1007,0,4,spy1,0.3211550103469627,0.1633259887210654,1,0.22802007,0.10210239516756849,0,0.1933012,0.09161344082607963,0
ISPY1_1008,0,1,spy1,0.2925090811912419,0.15453321501988798,0,0.29250908,0.14696516999261902,0,0.15629639,0.07696755801261465,0
ISPY1_1011,1,2,spy1,0.6983625112452809,0.48847596500200535,1,0.6086670475,0.4011245447732113,1,0.66184673,0.4730933102267297,1
ISPY1_1012,0,0,spy1,0.2167271475801875,0.11796583602805173,0,0.1662149325,0.0828189436855912,0,0.2136470425,0.1205586580837659,0
ISPY1_1025,0,3,spy1,0.2677818749318187,0.13375296646155618,0,0.2678397074999999,0.12889827581273602,0,0.2714747325,0.14348468235417083,1
ISPY1_1027,0,4,spy1,0.6248364949787423,0.4171894119063295,1,0.5112233925,0.3046479891062298,1,0.6284180825,0.4435018874094627,1
ISPY1_1029,0,1,spy1,0.4873576325865889,0.288032112823518,1,0.48735762,0.28844311041801723,1,0.447657645,0.2649811532917165,1
ISPY1_1031,0,2,spy1,0.2337645540819784,0.12085766679792474,0,0.1642743075,0.07609979445861588,0,0.21443164999999997,0.11493790322441552,0
ISPY1_1034,0,4,spy1,0.5518513421424764,0.34387398767252436,1,0.49368366,0.2890274170535721,1,0.5568587949999999,0.36792036348538293,1
ISPY1_1035,0,0,spy1,0.4963324480830136,0.2918828852209365,1,0.554259405,0.339264616159405,1,0.478051735,0.2944924797716351,1
ISPY1_1036,0,3,spy1,0.8003670712094479,0.5951867603367287,1,0.8214806674999999,0.6561010918481395,1,0.812345935,0.643376917134838,1
ISPY1_1037,0,1,spy1,0.4855029469353493,0.2865815349488965,1,0.48550293,0.28687977550577404,1,0.4436061,0.261824768884383,1
ISPY1_1038,0,2,spy1,0.6599901550801294,0.4465368922095535,1,0.695410275,0.4970270200338529,1,0.65577971,0.46649440715196916,1
ISPY1_1040,0,0,spy1,0.4689480312417002,0.27220446092317374,1,0.353672745,0.19063036160504776,1,0.459825645,0.28075274392469113,1
ISPY1_1053,0,3,spy1,0.3073204336806209,0.15626116222095562,1,0.2835274725,0.13807283917899915,0,0.286376065,0.15253818881896472,1
ISPY1_1054,0,4,spy1,0.552049472962214,0.34406063116501623,1,0.3818005975,0.199849303030977,1,0.5359172575,0.3473877494962096,1
ISPY1_1056,0,0,spy1,0.798392091281271,0.5857315854029747,1,0.7340718700000001,0.5226366989146665,1,0.7930682250000001,0.6077502203837336,1
ISPY1_1060,0,1,spy1,0.1576245303658132,0.07900404271865823,0,0.15762451,0.07087779030739577,0,0.13826999099999998,0.06743265774843307,0
ISPY1_1061,0,4,spy1,0.7690817900080755,0.5941458813843818,1,0.6857057424999999,0.4897583846616109,1,0.76397687,0.6129540111722879,1
ISPY1_1062,0,2,spy1,0.3066533870303267,0.16394286282639398,0,0.228776035,0.11109552679242783,0,0.2619249475,0.14384832526848043,0
ISPY1_1064,0,4,spy1,0.474399079616137,0.27552141613837067,1,0.31949129,0.15713049277826954,1,0.37065363250000005,0.20704900347541083,1
ISPY1_1066,0,3,spy1,0.5658938339941625,0.33806521873502815,1,0.606256425,0.3871014796611144,1,0.5778321399999999,0.37149384231402544,1
ISPY1_1069,0,0,spy1,0.2613830124336966,0.14260795126213494,0,0.1175054725,0.057985594321352536,0,0.17729212875,0.09979794881725305,0
ISPY1_1070,1,1,spy1,0.3337488855079283,0.18000425980553555,1,0.3337489,0.17345279782972914,1,0.26146044,0.13683483333677396,0
ISPY1_1072,0,3,spy1,0.637363814632882,0.40355238229154605,1,0.6089952424999999,0.3898570919265595,1,0.5060355825,0.3086160699877196,1
ISPY1_1074,0,2,spy1,0.2904966696242035,0.15407746852150966,0,0.3276374199999999,0.17126291509418007,1,0.2901200275,0.161770710154904,1
ISPY1_1075,1,0,spy1,0.6789960142975224,0.4478461235053158,1,0.5032979175,0.29714476467671985,1,0.6647358000000001,0.45859362506750334,1
ISPY1_1077,1,1,spy1,0.5728744186924375,0.3597261827795214,1,0.5728744,0.36603087211920426,1,0.4444712925,0.2624972368048968,1
ISPY1_1078,1,3,spy1,0.3947224648588704,0.21018642611082933,1,0.4356366075,0.2392608845144869,1,0.3741851625,0.20942315641553574,1
ISPY1_1084,0,4,spy1,0.5312053477493315,0.32476883922222166,1,0.5772698900000001,0.36800441283160606,1,0.5047066149999999,0.31802467880590674,1
ISPY1_1087,1,2,spy1,0.8283885426877022,0.6584880492931549,1,0.8324476075,0.6847976098796084,1,0.8166323824999999,0.6680175034897142,1
ISPY1_1089,0,0,spy1,0.1363382719278202,0.07521917941937614,0,0.1629552575,0.0811250803037227,0,0.13516290250000002,0.07629167414584377,0
ISPY1_1097,0,1,spy1,0.5740546684137419,0.36078732216148784,1,0.57405466,0.36718226261180387,1,0.5408356925,0.34312564021304914,1
ISPY1_1099,1,2,spy1,0.5410453621226932,0.3336761156099423,1,0.5195145175,0.31665307882170884,1,0.5433144875,0.35517479309324357,1
ISPY1_1100,0,3,spy1,0.2454171070869557,0.12147084160634132,0,0.256597015,0.12245093815454286,0,0.2242475825,0.11580942244508442,0
ISPY1_1101,0,4,spy1,0.7622727126160279,0.5846636887136537,1,0.7328201599999999,0.5506165640812573,1,0.7642914125,0.6133918933875356,1
ISPY1_1103,1,3,spy1,0.7239531976566945,0.4964964359912949,1,0.716920665,0.5107415636196193,1,0.7367938199999999,0.5417940288024911,1
ISPY1_1104,1,0,spy1,0.7118300280006052,0.4820304146626285,1,0.7325555575,0.5207997545597515,1,0.709252435,0.5059809116330471,1
ISPY1_1107,0,4,spy1,0.2998129080111378,0.149740669196318,0,0.174161475,0.0735457673287045,0,0.27242596500000005,0.13920233974515603,1
ISPY1_1112,1,1,spy1,0.8312835382499839,0.6603883772576256,1,0.8312835,0.6873629168925484,1,0.771152905,0.5970718192833627,1
ISPY1_1114,0,2,spy1,0.2640721634280992,0.13833953638659205,0,0.28441292,0.14391106220789388,0,0.2544130525,0.1391715254199128,0
ISPY1_1120,0,0,spy1,0.4276701441286272,0.24389328039639963,1,0.2828404124999999,0.14718519626140145,0,0.420684055,0.2523068681619547,1
ISPY1_1122,0,1,spy1,0.7672931007001313,0.5699768484915779,1,0.7672931,0.5926818503990574,1,0.731256675,0.5451698142924374,1
ISPY1_1124,0,2,spy1,0.7116751960319324,0.5037806639199963,1,0.75408449,0.5712569755589536,1,0.7241886475,0.5450371207074033,1
ISPY1_1128,0,3,spy1,0.712239051493469,0.48288604344512104,1,0.74621085,0.5482727214652613,1,0.6963120825,0.49354062609788146,1
ISPY1_1130,1,4,spy1,0.4515621210021583,0.25699802434666336,1,0.40747677,0.2188202497607529,1,0.4446887475,0.2654600889359168,1
ISPY1_1134,0,0,spy1,0.3355415654705126,0.18562288651704575,1,0.2476606525,0.1269244180160207,0,0.33132621250000005,0.19207677970467266,1
ISPY1_1135,0,1,spy1,0.6039579643104598,0.388401438827721,1,0.603958,0.39715340181778175,1,0.53976907,0.3421661488788658,1
ISPY1_1139,1,2,spy1,0.4800674849685541,0.28388629615255384,1,0.49338539,0.2941872221825042,1,0.4925322125,0.31084478222687467,1
ISPY1_1140,0,3,spy1,0.3001304215462896,0.15208841366637363,1,0.3380316949999999,0.1716538090589905,1,0.300487115,0.1612626325685272,1
ISPY1_1141,0,4,spy1,0.7607967593826841,0.582624697952769,1,0.828653635,0.6917155540685654,1,0.7659091650000001,0.6156474952995772,1
ISPY1_1144,1,4,spy1,0.4309669781782504,0.2408760849529329,1,0.312680665,0.15273044448661044,0,0.4168353975,0.24269257872376632,1
ISPY1_1147,0,0,spy1,0.4473513599483339,0.2572001852698756,1,0.341418275,0.1828383652011539,1,0.4406702375,0.2666573534962248,1
ISPY1_1148,1,1,spy1,0.8273397667260884,0.654400667175129,1,0.82733977,0.681177523579053,1,0.7564007150000001,0.5774101190522506,1
ISPY1_1152,0,2,spy1,0.5590739290330353,0.3493421529212735,1,0.45554841,0.26328684686005327,1,0.522990585,0.3370371796138744,1
ISPY1_1155,1,3,spy1,0.5718586503658508,0.3432063655300569,1,0.6214078199999999,0.40252275284582595,1,0.5946602175,0.38732428746390213,1
ISPY1_1156,1,4,spy1,0.6782514823693013,0.47724821174118337,1,0.3837620525,0.20126926583469693,1,0.43355716250000004,0.2562423335999097,1
ISPY1_1159,0,0,spy1,0.3809984593815857,0.21360640733672293,1,0.432935625,0.24421627714109978,1,0.3899056675,0.23087195401858124,1
ISPY1_1161,0,1,spy1,0.7366492258179468,0.5311655119908713,1,0.73664916,0.5513324959287398,1,0.6635820625,0.46556707046160806,1
ISPY1_1164,0,2,spy1,0.2341748668988535,0.12109048759476371,0,0.270797275,0.13564056876556274,0,0.219853455,0.11816119153214275,0
ISPY1_1167,0,3,spy1,0.3743124945543574,0.19702651292666748,1,0.3885209975,0.2053351952478345,1,0.37173785,0.20774903217388865,1
ISPY1_1169,0,3,spy1,0.621350403316349,0.38810077418925143,1,0.6057271474999999,0.3865705614663466,1,0.45791022000000003,0.27021374394585046,1
ISPY1_1173,0,0,spy1,0.3793362258333588,0.2125582344680476,1,0.5176635975,0.3086698801320667,1,0.38816607000000003,0.22968330070393297,1
ISPY1_1176,1,1,spy1,0.8142665781241585,0.6349697206996552,1,0.8142665,0.6610143277237948,1,0.777272075,0.6053970704519792,1
ISPY1_1177,1,2,spy1,0.8780395407952525,0.7386302663787121,1,0.8610364875,0.7309946063254383,1,0.873376055,0.7555793447730147,1
ISPY1_1179,0,4,spy1,0.6256999025855106,0.4181146861308456,1,0.4636727,0.26338655402524985,1,0.6278635450000001,0.4428821530170548,1
ISPY1_1181,0,2,spy1,0.2710564356962059,0.14245280923898831,0,0.3089216325,0.15921008319495494,1,0.2721160725,0.15025836286606553,1
ISPY1_1183,0,0,spy1,0.2602119724287232,0.14195104033918488,0,0.204737835,0.10323175892927673,0,0.25694573749999994,0.14601971077452672,1
ISPY1_1184,1,1,spy1,0.5541548548401788,0.34317363703355436,1,0.5541549,0.34807746843988746,1,0.519980875,0.3246542061993637,1
ISPY1_1187,0,3,spy1,0.4241553038117683,0.22984266521764063,1,0.416616355,0.22525802932118227,1,0.42107275749999995,0.24259074431375277,1
ISPY1_1188,0,4,spy1,0.7851124697878509,0.6169702851645281,1,0.7229812725,0.5374711640244879,1,0.7334790875,0.5715315783255035,1
ISPY1_1189,1,0,spy1,0.6998236291554246,0.46924971088102574,1,0.5758381075,0.3581976644714502,1,0.6943449275,0.48966277207136755,1
ISPY1_1191,0,3,spy1,0.313714928931979,0.16000332819732202,1,0.33568838,0.1701529379666507,1,0.3245806175,0.1765134241301627,1
ISPY1_1193,0,1,spy1,0.2658123581392715,0.13869804649647816,0,0.26581234,0.13067357176516534,0,0.1595763975,0.07872376853430454,0
ISPY1_1194,0,2,spy1,0.1957434426514306,0.09971366018310436,0,0.2016799925,0.09601477436659434,0,0.1950460575,0.10356777745381228,0
ISPY1_1196,0,4,spy1,0.6677563583114985,0.46498044016641843,1,0.7027961575,0.5112312104534863,1,0.6713760975,0.49323659765038547,1
ISPY1_1197,0,2,spy1,0.2475342659191648,0.12872781145973408,0,0.307245175,0.1581463223601702,0,0.24502064,0.13338020177139023,0
ISPY1_1198,0,0,spy1,0.292654161577906,0.16039121110622645,1,0.2343404075,0.11945678952443378,0,0.2890818475,0.16552536663965817,1
ISPY1_1199,0,1,spy1,0.6412485036844252,0.4249450033595771,1,0.6412485,0.4368020188500221,1,0.6056145975,0.40460342280709205,1
ISPY1_1204,0,3,spy1,0.6530134278237779,0.41913229923481427,1,0.6923231999999999,0.4809056487775621,1,0.6613442775,0.45477743272490817,1
ISPY1_1205,0,4,spy1,0.141007501437509,0.06143052571178921,0,0.157579245,0.06529006339334813,0,0.14096536250000002,0.06329408020029367,0
ISPY1_1208,1,0,spy1,0.5978823487791515,0.3724406555929545,1,0.6274975924999999,0.40653317288406865,1,0.5920443449999999,0.38890260329867493,1
ISPY1_1212,1,2,spy1,0.7432828655417717,0.5418335166383903,1,0.8072799025,0.6463454478894645,1,0.7505376925,0.577926815495625,1
ISPY1_1215,1,1,spy1,0.4432841350117951,0.2546228110465263,1,0.44328415,0.2525388277237657,1,0.4226306675,0.24577710702648417,1
ISPY1_1217,0,4,spy1,0.3656519707177497,0.19314009368739246,1,0.24257395,0.11029078570202423,0,0.322058705,0.17219559920791716,1
ISPY1_1218,0,3,spy1,0.6186591812129348,0.38555075526156996,1,0.64192279,0.424112504409426,1,0.6138757749999999,0.40596096591799313,1
ISPY1_1219,0,3,spy1,0.2723286443718798,0.13628827318746986,0,0.313786935,0.15637864790209033,1,0.28828160999999997,0.15370763142805113,1
ISPY1_1222,0,0,spy1,0.7563804654314431,0.5326310981625003,1,0.6491876400000001,0.4282263988315474,1,0.748474165,0.5513237750702354,1
ISPY1_1223,0,1,spy1,0.2794622385458543,0.1467333486054924,0,0.27946222,0.1389221244711487,0,0.2121110675,0.10779301063472306,0
ISPY1_1225,0,2,spy1,0.3466212106132085,0.18919792165669147,1,0.36473995,0.1961555892165566,1,0.3450026275,0.19843889408173107,1
ISPY1_1227,1,4,spy1,0.747165815858295,0.5640652243025425,1,0.77727275,0.6130387245644543,1,0.74553779,0.587667175577185,1
ISPY1_1228,1,2,spy1,0.6979028015907739,0.4879547144289354,1,0.5715247400000001,0.3643698581137282,1,0.6717521875,0.4840131677460237,1
ISPY1_1230,0,0,spy1,0.239058268794292,0.13018775339130645,0,0.0918465615,0.04526269952845239,0,0.21290992250000002,0.12013253163525528,0
ISPY1_1231,0,1,spy1,0.239465461119718,0.12353310928604534,0,0.23946548,0.11521840187102192,0,0.18548937499999998,0.09283649794211536,0
ISPY1_1233,0,3,spy1,0.4662789307648173,0.2594958943011536,1,0.44548898,0.24668513040693446,1,0.34133703000000004,0.18739540020570034,1
ISPY1_1235,1,4,spy1,0.7528846731997765,0.571792670371603,1,0.67246576,0.47357766490034964,1,0.7088532550000001,0.5395404411024055,1
ISPY1_1236,0,2,spy1,0.3968351648458918,0.22280911622445015,1,0.4937503199999999,0.2944944648969499,1,0.35093060000000004,0.2025495806535687,1
ISPY1_1237,0,0,spy1,0.5772015826670339,0.35493935469887317,1,0.4258062,0.23915290283209079,1,0.5662268324999999,0.3660948565327524,1
ISPY1_1238,0,1,spy1,0.4515522892750755,0.2607266289088583,1,0.4515523,0.25908103691049794,1,0.41234962999999997,0.23808629850930907,1
ISPY1_1239,0,3,spy1,0.3551045136059798,0.18497148735948313,1,0.421058925,0.2284905145634918,1,0.339704155,0.1863247246553933,1
ISPY2-100899,0,4,spy2,0.6502399912246699,0.44502472112606045,1,0.6935859249999999,0.49957602028137893,1,0.6145524600000001,0.4281710022947608,1
ISPY2-102011,1,3,spy2,0.463654730483246,0.2575927069601468,1,0.50342749,0.2928714353674238,1,0.4746392625,0.28325198841603666,1
ISPY2-103693,0,0,spy2,0.2659472387268646,0.14517429095731205,0,0.37639131,0.2054074271472766,1,0.266817505,0.15195255647789388,1
ISPY2-104384,0,2,spy2,0.2911692317432342,0.15448437708553886,0,0.29075695,0.14781974414915094,0,0.2959819175,0.16557214263733908,1
ISPY2-105286,0,1,spy2,0.2722104197098146,0.14244876936662615,0,0.27221042,0.1345189860909414,0,0.2361958375,0.12174561111587237,0
ISPY2-105513,1,4,spy2,0.2916552369847963,0.14466471181181964,0,0.2147965849999999,0.09483941182621158,0,0.20774033749999998,0.09985994795402857,0
ISPY2-108939,1,0,spy2,0.7033647670094494,0.4729843905270121,1,0.6844376575,0.46546903764252423,1,0.695115615,0.49049486829248806,1
ISPY2-109623,0,1,spy2,0.3477425151241469,0.18894637870269493,1,0.34774253,0.1828240768004036,1,0.3092933075,0.1667616891344307,1
ISPY2-109980,1,2,spy2,0.4411002412106583,0.2543886060129892,1,0.4774727625,0.2809640672070983,1,0.44957927500000006,0.2757820628696455,1
ISPY2-111004,0,3,spy2,0.1903726877070545,0.09246722511658081,0,0.2283224925,0.10669055287304298,0,0.183261235,0.09294268108696796,0
ISPY2-111646,0,2,spy2,0.1977336356291431,0.10080008328459464,0,0.2661803375,0.13287222123314607,0,0.2030960225,0.10826029353332352,0
ISPY2-111881,1,4,spy2,0.6304724019784965,0.4232551296623499,1,0.6653087900000001,0.4649922682838545,1,0.5942535,0.40633459283862955,1
ISPY2-114087,0,4,spy2,0.2740093274619895,0.13389967994799157,0,0.363584125,0.18688688194269512,1,0.277795715,0.14265061842721635,1
ISPY2-115638,0,0,spy2,0.6480968785449723,0.4177320230903177,1,0.5859640875000001,0.3673265754502621,1,0.639473085,0.43338041402452143,1
ISPY2-117424,1,3,spy2,0.6944565020976406,0.4628899722442423,1,0.7493685999999999,0.5524564245820908,1,0.7016793450000001,0.49972075058371873,1
ISPY2-117707,1,1,spy2,0.5213877232712203,0.3153955298348288,1,0.5213877,0.3179925431648983,1,0.492374125,0.30110361121743684,1
ISPY2-120001,0,2,spy2,0.6922193794274057,0.4815495271227885,1,0.583112615,0.37558481891060214,1,0.6094066875,0.41817843202421445,1
ISPY2-120422,1,0,spy2,0.2643613020956321,0.14428147703443084,0,0.291324705,0.15219483695455824,1,0.25956008,0.14758599572232156,1
ISPY2-122287,1,1,spy2,0.3768431890625116,0.2080642752010041,1,0.3768432,0.20296880076656162,1,0.33949478,0.18664131118209631,1
ISPY2-122579,0,2,spy2,0.2565587469420117,0.13395076586540502,0,0.32611879,0.1702726561739283,1,0.2660850425,0.14645581005729646,0
ISPY2-122795,0,3,spy2,0.6808266534469126,0.4480768803267014,1,0.7098177225,0.5019737912562502,1,0.69586106,0.49302419209404713,1
ISPY2-125130,1,4,spy2,0.8041605988701604,0.6450344944678439,1,0.8717885875,0.7634424333279015,1,0.809124,0.6781019553120469,1
ISPY2-125418,0,2,spy2,0.3079444597172136,0.1647394571641487,0,0.39953462,0.22078352013694277,1,0.31474160749999996,0.1779186595861832,1
ISPY2-127675,0,0,spy2,0.4746727594222949,0.27625603796066556,1,0.370606895,0.2016030759714815,1,0.46766941,0.28662549194822096,1
ISPY2-127791,0,1,spy2,0.5484047504666808,0.33819151743595743,1,0.5484047,0.3426767529304928,1,0.519244945,0.3240133151900983,1
ISPY2-128051,0,3,spy2,0.5012392395189387,0.28561381942836833,1,0.3921050149999999,0.2078278071461508,1,0.3759619025,0.2106419836445732,1
ISPY2-128675,1,4,spy2,0.1661272207161646,0.07401719222574482,0,0.2415289875,0.10969598320578801,0,0.1671975675,0.07718373008847138,0
ISPY2-129837,0,0,spy2,0.4443259112632386,0.25513248826566143,1,0.4325235875,0.24392223970967472,1,0.4391639425,0.26556338340153873,1
ISPY2-129973,1,2,spy2,0.6620567215101545,0.44871776431714594,1,0.61388216,0.40647804519439934,1,0.5818779425,0.39115168961629737,1
ISPY2-130892,1,4,spy2,0.2154486987594396,0.10018011719797265,0,0.1507155775,0.061945161512827876,0,0.1775841125,0.08285203723808175,0
ISPY2-131595,0,1,spy2,0.3151146771215549,0.1683367041238699,1,0.31511468,0.16127966941924168,1,0.27548033,0.145417212821278,0
ISPY2-132463,1,3,spy2,0.3282186147571479,0.1686025881527175,1,0.30815898,0.1529114950076515,1,0.33604311750000004,0.18393230276155093,1
ISPY2-133650,0,0,spy2,0.2589210379815148,0.14122759030316437,0,0.2155394299999999,0.10909474935918016,0,0.254076105,0.1443044868471985,1
ISPY2-134526,1,1,spy2,0.7439923582541423,0.5402311282320164,1,0.7439924,0.5610218355113822,1,0.6145778000000001,0.41363894404642887,1
ISPY2-136536,1,3,spy2,0.7129403762062969,0.48369086481880724,1,0.7165898725,0.510330430266325,1,0.7252131875000001,0.5275936509091759,1
ISPY2-138425,1,2,spy2,0.7153607099608975,0.5080908368592372,1,0.7849226375,0.6138085700974595,1,0.72054975,0.5406175172546911,1
ISPY2-139771,1,4,spy2,0.4084704060978986,0.2238690248207055,1,0.4987284825,0.29347113707739353,1,0.41390364749999997,0.24035307818895843,1
ISPY2-141782,0,0,spy2,0.5338160331825572,0.3201228917715389,1,0.4100877575,0.22816821612355753,1,0.517647555,0.32553218640657544,1
ISPY2-142688,0,1,spy2,0.6221401312849898,0.40591240421836894,1,0.62214017,0.4161580773144665,1,0.590540125,0.3897096959038454,1
ISPY2-145513,0,2,spy2,0.6654790545171999,0.45234816166767383,1,0.6311749325,0.4245866267982816,1,0.6428959649999999,0.45270065714589175,1
ISPY2-146033,1,3,spy2,0.5492943120613295,0.32404008727916966,1,0.61341504,0.39433355095524536,1,0.5896327625,0.382547983989348,1
ISPY2-147139,1,4,spy2,0.532879394845496,0.3262929387216006,1,0.4808257375,0.2778772918240968,1,0.4834519875,0.2988405533344005,1
ISPY2-149654,0,2,spy2,0.3188051539437914,0.17149009963604553,1,0.3483607225,0.1849984093877904,1,0.336085725,0.19231250350585705,1
ISPY2-151230,0,0,spy2,0.4844990611384684,0.28328608528885363,1,0.466746855,0.2689544491946125,1,0.47688292750000005,0.2936014248614212,1
ISPY2-151980,1,4,spy2,0.294356559040349,0.14633852044512094,0,0.2185641775,0.09689177854983212,0,0.2914994125,0.1515820936926655,1
ISPY2-153327,1,1,spy2,0.6011704495875763,0.38576634854814157,1,0.6011704,0.3942930436561107,1,0.5617883575,0.362307860177299,1
ISPY2-154293,0,3,spy2,0.4455508693870211,0.24466936264699118,1,0.4079684025,0.21903095925784152,1,0.461743385,0.27317305473900017,1
ISPY2-155171,0,0,spy2,0.1960459026968182,0.10680466642069421,0,0.2571052225,0.13228539157664954,0,0.19298477749999998,0.10869762865437493,0
ISPY2-157270,0,1,spy2,0.5018454420769184,0.29950564126853385,1,0.5018454,0.30082032338341363,1,0.4613818325,0.27581348907457803,1
ISPY2-157463,0,3,spy2,0.3166151355923122,0.16171038131392104,1,0.3348040949999999,0.16958794409292666,1,0.32491901500000003,0.17673090748256456,1
ISPY2-159284,0,2,spy2,0.5197256604691164,0.31572751430303275,1,0.59114336,0.3834892598236487,1,0.5336345475,0.3464680467839767,1
ISPY2-159352,0,4,spy2,0.4837564336581733,0.2833151909933399,1,0.408065325,0.21926498040357534,1,0.4772922675,0.2933997086961435,1
ISPY2-160120,0,0,spy2,0.2531430811050748,0.13799867317541262,0,0.2467808775,0.12642786389613014,0,0.25064221750000004,0.14225744897788592,0
ISPY2-164468,0,1,spy2,0.4739723447709191,0.2776537539363288,1,0.47397238,0.2772661786155056,1,0.40217318999999996,0.23058358452600516,1
ISPY2-166412,0,2,spy2,0.5753365440197573,0.3638783563488759,1,0.5890443275,0.38141264748136816,1,0.583327285,0.39254573043102836,1
ISPY2-166782,0,3,spy2,0.4810157258106257,0.2703293142192084,1,0.45400653,0.25320026400754714,1,0.49901860249999996,0.3028423900292986,1
ISPY2-167271,0,4,spy2,0.7091822065041049,0.5148246455950397,1,0.6812628225,0.4842850358735249,1,0.6367789774999999,0.4529132412527235,1
ISPY2-172168,0,2,spy2,0.6744414551470079,0.4619681219629048,1,0.7428612800000001,0.5564018499572064,1,0.6828777,0.49649941159253286,1
ISPY2-172283,0,0,spy2,0.555433086231732,0.337164835081466,1,0.5784475125,0.3605348278118995,1,0.5501059500000001,0.3523084122264186,1
ISPY2-174903,0,1,spy2,0.284172857842177,0.14953582301308707,0,0.28417286,0.14180799994366064,0,0.231732085,0.11912851957113421,0
ISPY2-174904,0,3,spy2,0.358020241828551,0.18678152001965273,1,0.42249495,0.22954031453762147,1,0.37338919000000004,0.20887806079879379,1
ISPY2-177795,1,4,spy2,0.5265464360013825,0.3205500317797612,1,0.66883519,0.4692085023297161,1,0.5357024125000001,0.34718062064555566,1
ISPY2-178649,1,0,spy2,0.5434930462848508,0.3276797334360591,1,0.5901679424999999,0.3711640636370608,1,0.5400843275,0.34390492642439424,1
ISPY2-178815,0,1,spy2,0.2780742263672271,0.1459104983880851,0,0.27807423,0.13807567156945585,0,0.25148497,0.13082007303030532,0
ISPY2-180027,1,2,spy2,0.6679596991072791,0.4549943787255125,1,0.6392560300000001,0.43324189978014616,1,0.67646999,0.4892790002819487,1
ISPY2-181442,0,3,spy2,0.4228092481887346,0.22892542370077532,1,0.48598197,0.2784916074385357,1,0.4450518475,0.2604060333488953,1
ISPY2-182346,0,4,spy2,0.1756584104691917,0.07892120338244368,0,0.14072593,0.05715199878662035,0,0.174100865,0.08094036970639369,0
ISPY2-183831,1,0,spy2,0.2768582961544938,0.1513488297815837,0,0.2806352725,0.14589123945788302,0,0.272070515,0.15513046324777488,1
ISPY2-188091,1,4,spy2,0.8432179462279641,0.7059696361908927,1,0.8721280174999999,0.7640276346563651,1,0.848172465,0.7382771161127429,1
ISPY2-188511,0,1,spy2,0.2511071163496683,0.1301793460078809,0,0.2511071,0.1219729251298968,0,0.208883185,0.10595396445320644,0
ISPY2-190224,0,2,spy2,0.1922020630237095,0.09778578445635615,0,0.262529335,0.13069582287890025,0,0.20133003500000002,0.10722736718828417,0
ISPY2-192548,0,3,spy2,0.2249276798735406,0.11048060787423573,0,0.24410278,0.11540767529611044,0,0.227158215,0.11747244161570428,0
ISPY2-194024,1,0,spy2,0.3450497326555244,0.19136387174719108,1,0.301561115,0.15830609504255952,1,0.3405806275,0.19804470559103338,1
ISPY2-196024,0,1,spy2,0.3855656166806029,0.21393819336065362,1,0.38556564,0.20918552774181695,1,0.33766039999999997,0.18541095547561917,1
ISPY2-199115,0,2,spy2,0.255769609724419,0.13349195507408243,0,0.3329479824999999,0.17474310994257605,1,0.26542075,0.14603859948796907,0
ISPY2-199960,0,3,spy2,0.57038565975032,0.34193167974265026,1,0.60422095,0.3850625274291462,1,0.5843419400000001,0.3775648859153857,1
ISPY2-200222,0,4,spy2,0.187558080588265,0.0851447080213428,0,0.1912037274999999,0.08229050141310655,0,0.188960235,0.08917131842117658,0
ISPY2-201831,1,1,spy2,0.7121225687216858,0.5018856460860396,1,0.71212256,0.5199273661655222,1,0.642099275,0.4422590333072428,1
ISPY2-201873,1,3,spy2,0.3591891550807907,0.1875091319719971,1,0.40502605,0.2169317185001233,1,0.36843875000000004,0.20550081343385618,1
ISPY2-202539,1,4,spy2,0.1507269499954308,0.06624302418041672,0,0.166011515,0.06945722138801101,0,0.15230976000000002,0.0692261793773832,0
ISPY2-202956,1,0,spy2,0.6021226198642243,0.3761073206940072,1,0.5808101000000001,0.36266004078852776,1,0.59655151,0.39298100053976226,1
ISPY2-203254,0,2,spy2,0.6690946899319963,0.456209293685184,1,0.7367363325,0.5484307063187359,1,0.6768518674999999,0.4897070946861663,1
ISPY2-204939,1,1,spy2,0.4716211336696114,0.2758521470122926,1,0.47162113,0.27532790451161604,1,0.443257575,0.2615541185562587,1
ISPY2-208265,1,3,spy2,0.6213352553265314,0.3880863839983245,1,0.68262032,0.46953334618165976,1,0.6149940075,0.4070645673264581,1
ISPY2-209397,0,4,spy2,0.2572978369405722,0.12396887158580121,0,0.3626792,0.18625341926171685,1,0.26049249750000003,0.13164140702777785,0
ISPY2-211408,1,0,spy2,0.7202701376267011,0.49122046175248607,1,0.7782811075,0.5790223152897683,1,0.7171879999999999,0.5148645867802685,1
ISPY2-212307,0,2,spy2,0.2895009851853847,0.1534756580205879,0,0.4138753675,0.23131786534107793,1,0.2976892425,0.16668434086654133,1
ISPY2-213328,1,1,spy2,0.6871152211930454,0.4735113221113988,1,0.68711525,0.48935546486860054,1,0.6496954875000001,0.4504006083952879,1
ISPY2-213672,0,0,spy2,0.3323113549410755,0.18368525386127285,1,0.3190616825,0.16892971336257162,1,0.31793065249999997,0.1835376462888819,1
ISPY2-218249,0,2,spy2,0.3117297053785079,0.16708213462255245,0,0.2412151725,0.11821122549185172,0,0.2418013925,0.13140940545414662,0
ISPY2-220664,1,3,spy2,0.5525178540262495,0.326731870437035,1,0.5828998925,0.3641559542745254,1,0.5635976300000001,0.358444338660492,1
ISPY2-221375,0,4,spy2,0.207320050040542,0.09573217270510478,0,0.2121976549999999,0.09343149880784979,0,0.206570215,0.09918456105794535,0
ISPY2-225836,0,0,spy2,0.4472309796411455,0.2571177563009846,1,0.3889741175,0.21378510531679096,1,0.437032815,0.26401913304830554,1
ISPY2-227832,0,1,spy2,0.4304034364134236,0.2452570103866746,1,0.43040344,0.24251779512486266,1,0.3706796525,0.20803109400733938,1
ISPY2-228192,0,2,spy2,0.5697147634453601,0.358808747031377,1,0.486840025,0.28870714113389456,1,0.541348775,0.35339653564892876,1
ISPY2-228340,0,1,spy2,0.6806439569486568,0.46639636653686756,1,0.6806439,0.4816717060725027,1,0.64241752,0.442597971569394,1
ISPY2-229328,0,3,spy2,0.2347115101939198,0.11569834673610092,0,0.2777023325,0.13464159877640464,0,0.244183485,0.12730959057273603,0
ISPY2-229824,0,4,spy2,0.1971318178545951,0.09023416143157996,0,0.1286137024999999,0.0514594555348226,0,0.19693793999999998,0.09367254191014027,0
ISPY2-231633,1,0,spy2,0.5187266269847648,0.30856300318964125,1,0.57233423,0.35507583015276906,1,0.5149651399999999,0.32337502873702995,1
ISPY2-233832,0,1,spy2,0.5965599727416808,0.3814361202670025,1,0.59656,0.3895928149566699,1,0.5569225,0.3577956754795909,1
ISPY2-233962,1,2,spy2,0.7139267942096255,0.5064100451041903,1,0.748899785,0.564353978602976,1,0.7208000050000001,0.5409205384022795,1
ISPY2-234272,0,3,spy2,0.5171871524642735,0.29802532581875385,1,0.5439273825,0.32795657002453443,1,0.53783486,0.33558070775797577,1
ISPY2-235995,1,4,spy2,0.5522742631088178,0.3442724654839257,1,0.5891928,0.38025642593996994,1,0.5312443775,0.34289858914195753,1
ISPY2-238790,0,1,spy2,0.5372450544624672,0.32865488714511953,1,0.5372451,0.3323444101364985,1,0.4202844975,0.24401208068553112,1
ISPY2-239061,0,0,spy2,0.418729376757713,0.23795746564284384,1,0.4819906874999999,0.2805201633431976,1,0.413511915,0.24724188539034958,1
ISPY2-241705,0,2,spy2,0.3358226738574729,0.18225035834594835,1,0.3040694499999999,0.15613827394817828,0,0.3223083325,0.1829784494870543,1
ISPY2-242370,1,3,spy2,0.4175391614160667,0.2253514757577702,1,0.43235838,0.236816747808106,1,0.43426002500000005,0.2523132480398117,1
ISPY2-243836,1,4,spy2,0.3566042061164451,0.18690881540320423,1,0.446468195,0.24927982605930565,1,0.360544425,0.199581102200923,1
ISPY2-245655,0,0,spy2,0.5708750013172728,0.3497073108971463,1,0.5098537350000001,0.30237181396966056,1,0.56081411,0.36142820777246254,1
ISPY2-247641,0,1,spy2,0.56024973757733,0.348506347252861,1,0.56024975,0.3538598940435271,1,0.5362022925000001,0.33896933281763325,1
ISPY2-248255,0,4,spy2,0.397050858201004,0.2154681349236747,1,0.465178275,0.2646412042493976,1,0.39070758250000004,0.22221377558840807,1
ISPY2-250274,0,2,spy2,0.5460193498582816,0.3379524891381491,1,0.669505725,0.4667848997796345,1,0.53445035,0.3471970069788396,1
ISPY2-252748,1,3,spy2,0.561857814165709,0.33461734069159454,1,0.592424165,0.37339457986270325,1,0.5624048025,0.3573645892913976,1
ISPY2-254060,1,0,spy2,0.6780977471464841,0.4469438719792541,1,0.7400877349999999,0.5299848756275098,1,0.674177655,0.4683155979689308,1
ISPY2-254273,0,1,spy2,0.6054406219414096,0.38980829464775557,1,0.6054406,0.3986804004969132,1,0.48887072750000005,0.2981853724898039,1
ISPY2-255078,0,2,spy2,0.4658910017558232,0.2729595288571919,1,0.334222905,0.17558264115290395,1,0.42724792,0.2583576594609874,1
ISPY2-255535,0,3,spy2,0.4553336140877934,0.25160842497236635,1,0.400938265,0.21403144786200504,1,0.4481021125,0.26271617777301176,1
ISPY2-257735,0,4,spy2,0.6463671651504221,0.44069801481924603,1,0.659046015,0.45757074712077334,1,0.57156509,0.38275431334841997,1
ISPY2-259206,0,0,spy2,0.4225106396466688,0.24045976160552,1,0.3452615375,0.18526898453264395,1,0.4125635725,0.24657542344968417,1
ISPY2-259899,0,1,spy2,0.5709976441668175,0.3580431622547898,1,0.57099766,0.36420484611042253,1,0.53782935,0.3404253930958202,1
ISPY2-261304,0,2,spy2,0.3348920244172204,0.18165600312057856,1,0.2940886625,0.1498867296499732,0,0.3406768225,0.19545835434562742,1
ISPY2-262131,0,3,spy2,0.3932349976288683,0.209214696666552,1,0.4240210825,0.2306586396621878,1,0.3987085,0.22650567677017633,1
ISPY2-264678,0,4,spy2,0.3366870499532117,0.17349876114177984,1,0.36951384,0.1910621008040087,1,0.3357325625,0.18173949520550084,1
ISPY2-266509,1,1,spy2,0.601695433784152,0.38626164081894576,1,0.6016954,0.3948306798074924,1,0.5752933499999999,0.3750187193902484,1
ISPY2-267306,1,2,spy2,0.455521352617311,0.26511023597666783,1,0.5509599199999999,0.34500364438654973,1,0.468281415,0.29079045628635247,1
ISPY2-268937,1,0,spy2,0.5863308679171632,0.36258846326712435,1,0.3607012925,0.1951552126298095,1,0.5126511025,0.3215206861778758,1
ISPY2-273691,1,3,spy2,0.5765267488680607,0.34726834976358245,1,0.6398998200000001,0.42194616376628985,1,0.612312195,0.4044214182570455,1
ISPY2-273745,0,4,spy2,0.3011707454748776,0.15059175319361082,0,0.3281102824999999,0.16277255609314428,1,0.30365127000000003,0.15966244059402604,1
ISPY2-277848,0,0,spy2,0.4333959977104359,0.24772999421845604,1,0.4754526325,0.2755270051452243,1,0.43319786,0.2612505573183135,1
ISPY2-279902,1,1,spy2,0.3554321652255932,0.1939283078158278,1,0.35543215,0.18805974685643487,1,0.2589521875,0.13531536825836976,0
ISPY2-282082,1,3,spy2,0.5344057042397143,0.3118000977713634,1,0.54998941,0.33342402082390926,1,0.4762589975,0.2845315220721875,1
ISPY2-282644,0,2,spy2,0.547700120938642,0.3394053322450763,1,0.5199567425,0.3170416252439433,1,0.535866725,0.3484647049406102,1
ISPY2-282777,0,4,spy2,0.2476575724379418,0.11835409840618574,0,0.2241737475,0.09997257681810905,0,0.2475486475,0.12359779977401963,0
ISPY2-286984,0,0,spy2,0.2732843718821087,0.14932010130551454,0,0.3009519675,0.15794034037385699,1,0.27135107,0.15469434842224025,1
ISPY2-287300,1,1,spy2,0.4725525603631506,0.27656509407393576,1,0.4725526,0.2760948838782383,1,0.43517676000000005,0.2553171884608279,1
ISPY2-289107,1,2,spy2,0.6781556257086538,0.4660034530511828,1,0.5320127875,0.3277442147901788,1,0.61650494,0.4253404039676793,1
ISPY2-290413,0,3,spy2,0.4367715453320412,0.23852845819541643,1,0.4919251125,0.2833428722990234,1,0.4337397375,0.2519262183468016,1
ISPY2-291515,0,4,spy2,0.5921321753778679,0.3831706624015284,1,0.594865485,0.3861782126399473,1,0.5926650925,0.40465570844677784,1
ISPY2-294176,1,4,spy2,0.5013042034889156,0.2982619961512436,1,0.3424740775,0.17236133080112678,1,0.4464064125,0.2668967551582966,1
ISPY2-294265,1,0,spy2,0.5330166776402676,0.3195037609764068,1,0.5821872349999999,0.3639028349050243,1,0.52862579,0.334447349698592,1
ISPY2-299364,0,3,spy2,0.6496532056944005,0.4157457541098158,1,0.6755541174999999,0.4613872018152408,1,0.6749412875,0.4695497968173683,1
ISPY2-299840,0,1,spy2,0.6372981515232773,0.4209555204321327,1,0.63729817,0.43247631924441715,1,0.601819025,0.4008180300738548,1
ISPY2-300724,0,2,spy2,0.2150284129431337,0.11033393083538698,0,0.2014682025,0.0958991108832458,0,0.21843717999999998,0.11731735252223098,0
ISPY2-301289,0,0,spy2,0.3103580986243078,0.17068088021149522,1,0.411207525,0.2289427800627622,1,0.3082573325,0.1774418789059726,1
ISPY2-301968,0,1,spy2,0.276231876541149,0.14482034018020795,0,0.27623188,0.13695483969553565,0,0.24697449500000002,0.12812503032670391,0
ISPY2-303685,1,2,spy2,0.2481798019281245,0.1290996868596746,0,0.28404792,0.14368725416397893,0,0.2426891,0.13195213585167218,0
ISPY2-306127,0,3,spy2,0.2298816428760764,0.11311579248787623,0,0.3103508825,0.15425837984297786,1,0.22401935499999998,0.11567924972886286,0
ISPY2-307659,0,4,spy2,0.5410337502141711,0.3337794918069849,1,0.533729845,0.3254107229515928,1,0.46308439,0.28104872451760066,1
ISPY2-309830,0,0,spy2,0.5983162806100609,0.37281463139102566,1,0.7001759525,0.48296060067196356,1,0.5917916675,0.388674837376994,1
ISPY2-311316,0,2,spy2,0.3803299566839723,0.21151516263116613,1,0.3384497625,0.1783772543220602,1,0.39090671,0.23109195530670706,1
ISPY2-311455,0,1,spy2,0.2728874240035652,0.14284725289953565,0,0.27288744,0.1349280435628214,0,0.24816340999999997,0.12883394439920487,0
ISPY2-313243,1,3,spy2,0.3283451192447204,0.16867828715225394,1,0.3672629149999999,0.190833740083682,1,0.33974106000000004,0.18634889850400907,1
ISPY2-313672,0,4,spy2,0.2003528587839214,0.09196319187891265,0,0.150821275,0.06199635226160429,0,0.17017229749999999,0.07879731111240819,0
ISPY2-316996,0,0,spy2,0.7199361997196783,0.4908535285152868,1,0.7127005949999999,0.4972910535176458,1,0.7151712299999999,0.5125935191741221,1
ISPY2-318293,0,1,spy2,0.3289780714131973,0.17699140022140647,1,0.32897806,0.17030328632193653,1,0.3069446775,0.16524867369306392,1
ISPY2-318407,0,4,spy2,0.5535654162814936,0.3454907935914549,1,0.5215266599999999,0.3140508306257222,1,0.5585111850000001,0.36956980010023105,1
ISPY2-318438,0,2,spy2,0.4996382856066164,0.29935769147566177,1,0.505186225,0.304215224418173,1,0.4852077125,0.3047151940415972,1
ISPY2-318569,0,3,spy2,0.5928593060569717,0.3617541434172445,1,0.5704102600000001,0.35227963017186403,1,0.616958175,0.40900821939598003,1
ISPY2-319324,0,0,spy2,0.523652843532911,0.3123076728424484,1,0.55757121,0.3421256291539757,1,0.5234355575,0.33021498217984563,1
ISPY2-324021,0,1,spy2,0.5001509132787474,0.2981504555035676,1,0.5001509,0.29935737587023675,1,0.47327316249999996,0.28537852462962654,1
ISPY2-326202,0,2,spy2,0.274004011904804,0.144198599853593,0,0.3350017775,0.17609629719045572,1,0.285669935,0.1589024267465011,1
ISPY2-327133,0,3,spy2,0.419716830558558,0.22682496180180126,1,0.4343654475,0.23831161251312882,1,0.4087001025,0.2336305451941617,1
ISPY2-327142,0,4,spy2,0.1983671072872745,0.09089625604765068,0,0.15646663,0.06474498464927729,0,0.1799051125,0.0841318750867985,0
ISPY2-329941,1,0,spy2,0.5593231242217034,0.3402946378432129,1,0.613239505,0.3927416562295136,1,0.5536349875,0.35529770279821243,1
ISPY2-330134,0,1,spy2,0.287220809506895,0.15135734366568354,0,0.2872208,0.14368612811794118,0,0.24013728499999998,0.12406849956602677,0
ISPY2-331192,1,2,spy2,0.2351771253133038,0.12165962456161192,0,0.2476958475,0.12196775810975592,0,0.22355379749999998,0.12037215347715399,0
ISPY2-332655,1,3,spy2,0.5149776589085424,0.296286272559527,1,0.5191210049999999,0.3061766057776873,1,0.51749261,0.31817776212987825,1
ISPY2-333145,1,4,spy2,0.1993389129838046,0.09141800122662225,0,0.198682615,0.08621232109853387,0,0.2017863975,0.09643644180447977,0
ISPY2-335091,1,0,spy2,0.6334329815662247,0.40406656063541546,1,0.50930924,0.3019356210365853,1,0.5955161449999999,0.39204150637446467,1
ISPY2-340186,0,1,spy2,0.6282167838414987,0.41189319194102736,1,0.6282168,0.4226470158837547,1,0.57256962,0.3724326714223891,1
ISPY2-342996,0,4,spy2,0.3654648268520094,0.19301030673315941,1,0.4828963175,0.27965598151520865,1,0.3710325575,0.20733120214319742,1
ISPY2-345460,0,2,spy2,0.349139733221786,0.19083199261588465,1,0.2236208225,0.1081824939130367,0,0.30633446750000004,0.17235110069076198,1
ISPY2-345483,0,3,spy2,0.5319212729752729,0.3097878069759721,1,0.5960171999999999,0.37692170371777467,1,0.54089555,0.33824779110095726,1
ISPY2-345574,1,2,spy2,0.6778185504370177,0.4656360386151618,1,0.7325761625,0.5430702247787396,1,0.6881014249999999,0.5024448361972307,1
ISPY2-347516,0,0,spy2,0.6364790243553318,0.4068738932128911,1,0.7189201425,0.5045483389573141,1,0.63429694,0.42835136780257393,1
ISPY2-349330,1,1,spy2,0.6138075648061201,0.3978169913627901,1,0.61380756,0.40737288311061565,1,0.593651425,0.3927531884091703,1
ISPY2-349639,1,3,spy2,0.5251593585170504,0.30435355177521906,1,0.5827570925000001,0.36401864860392297,1,0.5267560425,0.3260338817858843,1
ISPY2-350331,0,4,spy2,0.7384540316638318,0.5524551774856671,1,0.6534312,0.45098855059025067,1,0.7282376625,0.5646154120694614,1
ISPY2-353318,0,0,spy2,0.5349801407122223,0.3210259125954017,1,0.609839685,0.389505678490724,1,0.5330408625,0.3380727134135935,1
ISPY2-355292,0,1,spy2,0.2957766745708967,0.15650549176778722,1,0.29577667,0.14900431043268392,0,0.271318745,0.14285371847135792,0
ISPY2-356399,0,4,spy2,0.3132060471702604,0.1582137136242161,1,0.2560852799999999,0.1180786696226703,0,0.23735422,0.11737639942990886,0
ISPY2-357017,0,2,spy2,0.1610583912812427,0.0811133543560794,0,0.1535843949999999,0.07059325695988071,0,0.1644405275,0.0860887646740215,0
ISPY2-357034,0,3,spy2,0.2363000112773295,0.11655064938519154,0,0.2618099674999999,0.12542734556322235,0,0.232101105,0.12030901727424297,0
ISPY2-360937,0,0,spy2,0.2775538370111322,0.1517443722875376,0,0.3204659374999999,0.1697920158808258,1,0.276439325,0.15778477897518745,1
ISPY2-363669,0,1,spy2,0.2560200326371818,0.13300981603816564,0,0.25602004,0.12485863170869238,0,0.23936373,0.12361171160213823,0
ISPY2-367682,0,2,spy2,0.5510812683728421,0.342340021905811,1,0.412367575,0.2301993793942293,1,0.5246905399999999,0.3385334908850304,1
ISPY2-371528,0,3,spy2,0.1367341501292428,0.06563700255665497,0,0.14979508,0.06608430440501065,0,0.14550045,0.07272086438646491,0
ISPY2-373672,0,4,spy2,0.3030598740712242,0.15177880864315976,0,0.30275683,0.14640982561225296,0,0.30652645,0.16159663138233174,1
ISPY2-374106,0,0,spy2,0.740460708532597,0.5139377183612693,1,0.7530146025,0.5461088942531682,1,0.738040435,0.5389003410863491,1
ISPY2-374121,0,1,spy2,0.5399041655814026,0.3309115941583428,1,0.5399042,0.3347887360765189,1,0.49402655500000003,0.30248543416023776,1
ISPY2-375342,0,3,spy2,0.6544940069599915,0.42063178943841656,1,0.5613254700000001,0.34380658731383423,1,0.647167775,0.43976231070088184,1
ISPY2-375455,0,2,spy2,0.561805794998296,0.35175664390239064,1,0.57235009,0.3651613106771796,1,0.574611235,0.38420922383142597,1
ISPY2-377460,1,4,spy2,0.8502109217991045,0.7173839969047641,1,0.8754166674999999,0.7697141767763461,1,0.8540737675000001,0.7476850665370847,1
ISPY2-378401,1,2,spy2,0.4882648212718973,0.2903108551599507,1,0.426546805,0.24082078044446356,1,0.4757278775,0.29687565321105946,1
ISPY2-380239,0,0,spy2,0.5953360617175977,0.3702519076176469,1,0.6687651975000001,0.4485924216497679,1,0.5947287375,0.39132806047101654,1
ISPY2-380972,0,1,spy2,0.3695870658693652,0.2032292463334615,1,0.36958706,0.19786085017116553,1,0.29733073499999996,0.15910335175893703,1
ISPY2-382853,1,3,spy2,0.8197479831037368,0.6234187355994424,1,0.855034025,0.710253879262184,1,0.82660463,0.6645188983141052,1
ISPY2-386664,0,4,spy2,0.186324826291041,0.08449447092063904,0,0.1284999559999999,0.05140661416286075,0,0.11210827749999999,0.04871522494328597,0
ISPY2-388581,1,0,spy2,0.5716610979946598,0.3503543981390216,1,0.590956325,0.37188689532536895,1,0.569143975,0.36862604768936696,1
ISPY2-395076,1,1,spy2,0.6105522707573084,0.3946869460189932,1,0.61055225,0.4039757085663271,1,0.58339121,0.38277555877756136,1
ISPY2-395249,0,2,spy2,0.532469001975588,0.3263825355460778,1,0.5568794775,0.35050928171504403,1,0.521261185,0.3355187739021428,1
ISPY2-395379,0,3,spy2,0.326510446527973,0.16758162751291342,1,0.38105086,0.2001845870741861,1,0.339111625,0.18593675668914228,1
ISPY2-402384,0,4,spy2,0.5732217348937317,0.3643785351603722,1,0.40123414,0.21413069405850932,1,0.43073524,0.25393089120892026,1
ISPY2-405717,0,0,spy2,0.5912094975055779,0.366725356262299,1,0.6181536624999999,0.3974544238523113,1,0.587862675,0.3851450370087615,1
ISPY2-406190,0,3,spy2,0.4613462132491062,0.25592482580792303,1,0.3808381925,0.2000388317911719,1,0.3741528875,0.20940104271442295,1
ISPY2-410083,1,1,spy2,0.8164232036640025,0.6381319491409668,1,0.8164232,0.6643049664371794,1,0.8067263725,0.6469372167343355,1
ISPY2-411008,0,2,spy2,0.5671882633483827,0.35654587929292525,1,0.60306266,0.39542575091316257,1,0.5578877,0.36852318030442505,1
ISPY2-411684,0,4,spy2,0.5919133031399898,0.38294957172527677,1,0.5896840725,0.38076689208080955,1,0.5957675124999999,0.4079388303548052,1
ISPY2-411806,0,0,spy2,0.3076739976096697,0.1691098761475984,1,0.3332479475,0.17771026138651613,1,0.303563465,0.1745046807836558,1
ISPY2-411950,0,1,spy2,0.2349739890359096,0.12099135018749949,0,0.23497401,0.11264342060688548,0,0.21056093250000002,0.10690894458701601,0
ISPY2-413961,0,2,spy2,0.5925546469320232,0.3797084977479791,1,0.38513803,0.21043675749991242,1,0.5115546925000001,0.32706732777412656,1
ISPY2-414256,0,3,spy2,0.326953574266516,0.16784626942092873,1,0.36034183,0.18621457056654978,1,0.3446508875,0.18957520987955054,1
ISPY2-414286,0,4,spy2,0.194557211697892,0.08885820088548764,0,0.1217585575,0.048295390959753874,0,0.1874327125,0.08831602552110542,0
ISPY2-415039,0,1,spy2,0.4416921998728924,0.25345592416569346,1,0.4416922,0.25128911531571035,1,0.40453662749999997,0.23231644656081094,1
ISPY2-416434,1,0,spy2,0.6264749481174859,0.3977136903976514,1,0.6357142,0.4146472595717521,1,0.622270675,0.416838022961185,1
ISPY2-420523,0,2,spy2,0.6047151980106489,0.3911739942396034,1,0.5148086325000001,0.31253584869893575,1,0.523555255,0.3375337917433683,1
ISPY2-423619,1,3,spy2,0.5524322340881067,0.3266601789523717,1,0.593186295,0.3741407961203033,1,0.5601810425,0.35535723411199044,1
ISPY2-423979,0,4,spy2,0.3030743443617558,0.1517879145405111,0,0.3959395974999999,0.21019255018386276,1,0.30932059749999996,0.16348457467340222,1
ISPY2-424541,0,3,spy2,0.2380985742110336,0.11751742194546362,0,0.2669568,0.12838814209304278,0,0.2545101775,0.1333698704294308,0
ISPY2-425173,1,2,spy2,0.2395423879473817,0.1241456609778694,0,0.29598233,0.15106596314250686,0,0.2491643,0.1359275299307367,0
ISPY2-426106,0,0,spy2,0.18979123480115,0.10345569127885479,0,0.1956901999999999,0.09836939378297205,0,0.18548982,0.10443601844049628,0
ISPY2-427321,1,1,spy2,0.1609594778108403,0.08075050307779802,0,0.16095948,0.07258172903346803,0,0.14110779,0.06892073392413815,0
ISPY2-431061,0,4,spy2,0.2601686664363533,0.12565691237756937,0,0.33577693,0.16786132565130152,1,0.251280165,0.1258999910523553,0
ISPY2-433144,1,0,spy2,0.4679320935956708,0.27148877720891845,1,0.54109932,0.3280506944625351,1,0.46567426749999996,0.28512599745646033,1
ISPY2-437162,0,1,spy2,0.5475917133586636,0.3374908559817773,1,0.54759175,0.3419174581713726,1,0.5061018625,0.3126895994278997,1
ISPY2-437968,0,3,spy2,0.4819693216433804,0.27103899943908466,1,0.5479880374999999,0.33161249535493215,1,0.5211022375000001,0.3212255281871968,1
ISPY2-439489,0,2,spy2,0.282983078067147,0.14955341624757426,0,0.241061315,0.11812245541198656,0,0.2840649475,0.157871636100746,1
ISPY2-442669,0,4,spy2,0.559044158251232,0.35069082348233216,1,0.6730646675,0.4743011931580766,1,0.5659695499999999,0.37706914227122046,1
ISPY2-442981,1,0,spy2,0.365536888032477,0.20393212047176718,1,0.367194915,0.1993726460667396,1,0.36098629000000004,0.2114109080670926,1
ISPY2-443444,0,1,spy2,0.7500614993536245,0.5478330843293462,1,0.75006145,0.5691327313434116,1,0.7196996775,0.5308618092551158,1
ISPY2-443708,0,2,spy2,0.4515433061037894,0.26213038237813713,1,0.46068438,0.26737296770437513,1,0.4439075975,0.2713063977039905,1
ISPY2-446263,1,3,spy2,0.2299254728587853,0.11313916887352457,0,0.246233755,0.1166000097607123,0,0.22203794500000001,0.11455050855523868,0
ISPY2-451482,0,4,spy2,0.2645762896965709,0.12826299892180765,0,0.2082786125,0.0913204878219168,0,0.25954364250000006,0.1310462311721978,0
ISPY2-451816,0,3,spy2,0.303219190724624,0.1538765019245394,1,0.3462207775,0.17694095474616633,1,0.3196955025,0.1733841179800849,1
ISPY2-452703,0,0,spy2,0.2234917677653546,0.12164833044822734,0,0.2546632125,0.13089388052140877,0,0.21965615500000002,0.12404113543249225,0
ISPY2-454808,0,1,spy2,0.6439516402919627,0.4276917620591766,1,0.64395165,0.4397797255071851,1,0.6201395249999999,0.4193147051346086,1
ISPY2-455828,1,2,spy2,0.2231691202664597,0.11488082092128794,0,0.318933025,0.16561659310108778,1,0.23215513000000002,0.12554669135979002,0
ISPY2-456432,0,4,spy2,0.6554984657150098,0.4509485198720393,1,0.7365476,0.5556587079617537,1,0.6488019575,0.46667131138177853,1
ISPY2-458196,0,3,spy2,0.3664891471622526,0.19207894641929557,1,0.3288887749999999,0.1658278381497924,1,0.3558626125,0.19701971483290992,1
ISPY2-460776,1,2,spy2,0.3092059649238337,0.16551900784941598,0,0.361389955,0.19385152786237933,1,0.3101156375,0.1748481501829076,1
ISPY2-460812,0,0,spy2,0.2220101951783762,0.12084037721897914,0,0.299753785,0.15722168366742637,1,0.21988828,0.12417597142901053,0
ISPY2-461824,0,1,spy2,0.6628925164595291,0.4473331401093879,1,0.6628925,0.4610561316028046,1,0.5426078825,0.3447234172928839,1
ISPY2-462581,0,3,spy2,0.5645236833526565,0.33689196398812304,1,0.549700575,0.3331621896329052,1,0.4678347075,0.27790998217272084,1
ISPY2-462605,1,4,spy2,0.8004089730518716,0.6394240924866597,1,0.7867303,0.6269820279332793,1,0.76014167,0.6076326596277465,1
ISPY2-464547,1,0,spy2,0.5539761682399789,0.33599771269987216,1,0.5845750200000001,0.36606475586588216,1,0.549553715,0.3518420695976336,1
ISPY2-466267,1,1,spy2,0.6476915882436262,0.43151488847110414,1,0.64769155,0.44392339158639543,1,0.595339355,0.3944109117558985,1
ISPY2-467622,0,2,spy2,0.2777312325508159,0.14641464327831988,0,0.348225925,0.18490770604149448,1,0.289934995,0.16165114709043302,1
ISPY2-472799,1,3,spy2,0.7502696274178816,0.5284405643427665,1,0.79441736,0.6152924277479368,1,0.7759400475,0.5923727244291164,1
ISPY2-473365,0,4,spy2,0.2731351592681146,0.1333739040307847,0,0.1911328374999999,0.0822535749838839,0,0.16492739750000002,0.07595762015307599,0
ISPY2-473468,0,4,spy2,0.5716611177069942,0.36285526605886603,1,0.690936925,0.4962599561250138,1,0.577963925,0.38931823986093606,1
ISPY2-473505,0,0,spy2,0.2335065449958457,0.12713138936347554,0,0.21890505,0.11093480767045404,0,0.2313292725,0.13085134877380017,0
ISPY2-477994,1,1,spy2,0.567323022180941,0.3547632661268785,1,0.56732297,0.36064646393057215,1,0.5327447175,0.3358874964690071,1
ISPY2-478055,0,2,spy2,0.3101063587224476,0.1660761360169413,0,0.2762817075,0.1389527080412388,0,0.31467473,0.17787414659886402,1
ISPY2-478655,1,3,spy2,0.604896154326479,0.3727126692312653,1,0.5351444925,0.3201375159268078,1,0.6072581850000001,0.39947338492456114,1
ISPY2-479417,1,0,spy2,0.5475097443775965,0.3308504020697572,1,0.59548305,0.3760567317298395,1,0.5440416025000001,0.3472083025463104,1
ISPY2-483667,0,1,spy2,0.5843656463493299,0.37014877435923743,1,0.58436567,0.37734139720508086,1,0.429069435,0.25065162916640044,1
ISPY2-483910,0,2,spy2,0.5200090036861479,0.31596210225342997,1,0.5675735275,0.3605963156011694,1,0.5312652250000001,0.3443559242665334,1
ISPY2-484867,0,4,spy2,0.4299474255243111,0.2400918962243161,1,0.4324797474999999,0.23811585227291499,1,0.42487417,0.24916242639586617,1
ISPY2-484894,0,3,spy2,0.3993436375534459,0.2132183155993048,1,0.435122125,0.23887644611256229,1,0.42328136,0.24420652007861252,1
ISPY2-485637,0,0,spy2,0.5296376442079291,0.3168950206029357,1,0.634080595,0.413024128730215,1,0.52627739,0.33252842769478524,1
ISPY2-489194,1,1,spy2,0.3656785345368225,0.2006438741477178,1,0.36567855,0.19513312028946211,1,0.32778845,0.1788411722901878,1
ISPY2-489504,1,2,spy2,0.5463911037856062,0.33827348854642864,1,0.5973472925,0.38967126504463134,1,0.5565360525,0.3672727536419291,1
ISPY2-489973,0,3,spy2,0.6380279549319571,0.4042037495128612,1,0.679595925,0.4660328833599012,1,0.6623987874999999,0.45590989913711527,1
ISPY2-491526,0,4,spy2,0.1980753725222966,0.09073977902765439,0,0.268085475,0.12514864992897354,0,0.20241632999999998,0.09679711533525931,0
ISPY2-493472,0,0,spy2,0.2177145471507894,0.11850232610623998,0,0.1690220075,0.08428159934707803,0,0.214462915,0.12103057852818841,0
ISPY2-493519,0,2,spy2,0.3079558607979606,0.16474649717872814,0,0.37986669,0.20670419356566816,1,0.3195157675,0.18110565811014545,1
ISPY2-493775,1,3,spy2,0.6019694751357293,0.37002547815350195,1,0.557006465,0.3398262517393956,1,0.56831889,0.3627387507393852,1
ISPY2-494296,0,1,spy2,0.2380822482267405,0.12274902405343624,0,0.23808227,0.114423575359699,0,0.217638675,0.11095904726125456,0
ISPY2-494946,1,4,spy2,0.5262649444119722,0.3202962005131201,1,0.6654142000000001,0.4651179065198109,1,0.53374959,0.3453011680250613,1
ISPY2-495440,0,0,spy2,0.2074864111808169,0.11296141263999881,0,0.1809117975,0.09051877539521495,0,0.2033427625,0.11462221241899458,0
ISPY2-497010,1,1,spy2,0.5692482202553343,0.35647913259010156,1,0.5692482,0.3625079579241938,1,0.542066215,0.34423458298213927,1
ISPY2-498024,0,2,spy2,0.6327819003612772,0.41859199522463664,1,0.62680643,0.4199594667634842,1,0.641401575,0.45111967740254416,1
ISPY2-498985,0,3,spy2,0.5327439912059302,0.31045323675293757,1,0.5096271,0.2980849180825487,1,0.439493955,0.25622260804321983,1
ISPY2-500826,0,4,spy2,0.1969040458084283,0.09011221495175177,0,0.1831705149999999,0.07813541456562573,0,0.1971391375,0.0937868098447566,0
ISPY2-501303,1,4,spy2,0.7852970769321769,0.6172372933341039,1,0.842078155,0.7134761665393363,1,0.79164019,0.6523180894351824,1
ISPY2-502486,0,0,spy2,0.5969430500524685,0.3716321133424665,1,0.6596423899999999,0.43900607983810497,1,0.5938271749999999,0.39051229358640915,1
ISPY2-503034,0,3,spy2,0.7356914307360158,0.510503476593527,1,0.7482446,0.5509640729703293,1,0.744011635,0.5508141916573447,1
ISPY2-504838,0,1,spy2,0.5112212784842731,0.307068572242302,1,0.51122123,0.3089895055371143,1,0.46981864500000003,0.28258235743682464,1
ISPY2-507198,0,2,spy2,0.6483917224572485,0.4344523701429036,1,0.6779396474999999,0.476472137963769,1,0.6591152124999999,0.47011401497647376,1
ISPY2-507249,0,2,spy2,0.6065703564690847,0.39294453521640893,1,0.6629947900000001,0.45940841114043884,1,0.5878009375,0.3968685541796378,1
ISPY2-509012,1,0,spy2,0.5681889546705522,0.3475026276365405,1,0.6326829375,0.4116393584014894,1,0.5604355025,0.36110322937961126,1
ISPY2-510543,0,1,spy2,0.2608672944178269,0.13581769918208575,0,0.2608673,0.12772648188095706,0,0.21189936,0.10767217276334398,0
ISPY2-515141,1,3,spy2,0.669415102645405,0.4359991853273839,1,0.6861101125,0.4735984682613269,1,0.6430617625,0.4354847903049279,1
ISPY2-515281,0,4,spy2,0.2099265380316589,0.09715245587071454,0,0.2938857675,0.14084954718832352,0,0.2126186175,0.1026892455365291,0
ISPY2-515284,0,2,spy2,0.6561492843604387,0.4425060160075585,1,0.752500025,0.5691399530322134,1,0.6503063499999999,0.4605983709981594,1
ISPY2-515565,0,4,spy2,0.4758086868445316,0.27668776841168713,1,0.237584775,0.10746053230327587,0,0.31123839,0.1647851166156965,1
ISPY2-517446,0,0,spy2,0.2127433390046615,0.11580476690228461,0,0.1478961975,0.07336232473181137,0,0.1837659325,0.10345871669683268,0
ISPY2-517870,0,1,spy2,0.6521343918742107,0.43609134697338126,1,0.65213436,0.4488822399548488,1,0.5917068625,0.39084916844956386,1
ISPY2-520258,0,3,spy2,0.3302419727058824,0.16981480731008852,1,0.3319829949999999,0.16779050707026644,1,0.33742748,0.18483564245795683,1
ISPY2-520986,1,2,spy2,0.265637569115204,0.13925861959039365,0,0.2330854875,0.11354674239433409,0,0.26475787250000005,0.14562259726278118,0
ISPY2-521860,0,4,spy2,0.4963181401384452,0.29397033417045515,1,0.4114183999999999,0.2218072692062813,1,0.49827261,0.31214950714766765,1
ISPY2-527320,0,0,spy2,0.5052314353013185,0.298445315499464,1,0.4537587549999999,0.2593063099193495,1,0.49394823250000003,0.30675139842910176,1
ISPY2-527581,0,1,spy2,0.5683131292442757,0.35564502330494785,1,0.5683131,0.36160304678959554,1,0.48423299,0.2943459701864971,1
ISPY2-528479,0,3,spy2,0.5321876216360748,0.3100031331277822,1,0.5808027349999999,0.36214304697574873,1,0.5661128675,0.36072804262660774,1
ISPY2-528833,1,0,spy2,0.4513552443819659,0.2599492621202633,1,0.4562823975,0.26116648898768613,1,0.449042145,0.2727755137672072,1
ISPY2-531672,0,1,spy2,0.3983623804661981,0.2226811469161258,1,0.39836237,0.21846036364632893,1,0.36493813750000004,0.20402448284645067,1
ISPY2-532183,0,0,spy2,0.5184084474265908,0.308322097137338,1,0.55188889,0.33722649385631265,1,0.5123730025,0.3212982396561657,1
ISPY2-535415,1,2,spy2,0.7879977493148909,0.6002771038063333,1,0.7938685175,0.6266510833112989,1,0.7891312450000001,0.6291213684981293,1
ISPY2-535779,0,4,spy2,0.5591139056899362,0.3507573406121997,1,0.513800505,0.3069839183166206,1,0.5637082875,0.3747860255690078,1
ISPY2-536253,1,3,spy2,0.5470978164480327,0.3222145424508423,1,0.5164486300000001,0.30388558594595305,1,0.540899315,0.3382510799192303,1
ISPY2-539876,0,0,spy2,0.2564621722290341,0.13985168672672013,0,0.2498426524999999,0.12815802684233013,0,0.2540512975,0.14428967717862556,1
ISPY2-539904,0,1,spy2,0.518844661856305,0.3133000821418143,1,0.51884466,0.3157261990308398,1,0.4780159175,0.289241006787822,1
ISPY2-540539,1,3,spy2,0.6132764630125317,0.3804897496423593,1,0.6246767925,0.40590741929414415,1,0.6177189249999999,0.40976280508660795,1
ISPY2-541165,0,2,spy2,0.6214972813431423,0.40740312496655207,1,0.6600822175000001,0.4561369732638649,1,0.6252884550000001,0.4343165655310952,1
ISPY2-542392,0,4,spy2,0.5879923912546959,0.3790033158985645,1,0.5640642,0.3547354603632439,1,0.595240765,0.40738025027926256,1
ISPY2-543795,0,0,spy2,0.2730747269278518,0.14920128812237185,0,0.3394710825,0.1816114070555405,1,0.26840634750000003,0.15291220368771674,1
ISPY2-549172,0,2,spy2,0.6122186075048166,0.3983707696365213,1,0.6750972725,0.47319053849376586,1,0.612647555,0.4214383057077601,1
ISPY2-550157,1,1,spy2,0.5304618969808378,0.3229418512477395,1,0.5304619,0.32615844215663287,1,0.4933642125,0.30193114242759367,1
ISPY2-550421,0,3,spy2,0.4995245542955706,0.28429852560692653,1,0.426365715,0.2323820950291298,1,0.511102885,0.3128242691473793,1
ISPY2-553012,0,4,spy2,0.3500969990945173,0.18248158715365978,1,0.40581924,0.21757018202614128,1,0.28316485,0.14612737783482055,1
ISPY2-553141,1,1,spy2,0.2636626089548669,0.13744390801525222,0,0.2636626,0.12938972768133444,0,0.2204723825,0.11259036997417947,0
ISPY2-554577,0,0,spy2,0.2331934432534504,0.12695938293086004,0,0.2837732275,0.14773356173269056,0,0.23041161000000002,0.13031375440842077,0
ISPY2-555214,1,4,spy2,0.8065986091889482,0.6487026268705278,1,0.8620658625000001,0.7468170469207885,1,0.81155816,0.6817481085824895,1
ISPY2-559021,1,2,spy2,0.1765560463316262,0.08934800849754371,0,0.1835790749999999,0.08625012979004784,0,0.18262103000000002,0.0964038086799844,0
ISPY2-559263,0,3,spy2,0.4296683938728223,0.2336183621085027,1,0.406620335,0.21806795588029068,1,0.44057693,0.25703515690830236,1
ISPY2-563856,1,0,spy2,0.617474244040709,0.3896164003117229,1,0.56884055,0.3519817075500866,1,0.6130469999999999,0.4081650863936563,1
ISPY2-566011,0,1,spy2,0.5022857289857208,0.29985833806337203,1,0.5022858,0.30120121387244936,1,0.4556344,0.27125047993678264,1
ISPY2-567201,1,2,spy2,0.5984901548056463,0.3852745667635145,1,0.55354271,0.34739908373207784,1,0.60290279,0.41168692994344047,1
ISPY2-567907,0,3,spy2,0.2706260913049705,0.13533736262470414,0,0.24189278,0.11417497123043695,0,0.27831744999999997,0.147622079449952,1
ISPY2-568953,0,4,spy2,0.176902353510919,0.07956651717897328,0,0.2168977925,0.09598236730748556,0,0.1791941325,0.08373931574415627,0
ISPY2-570148,0,1,spy2,0.4853879762545728,0.28649174876938777,1,0.48538798,0.28678303932396115,1,0.451499525,0.2679915192265413,1
ISPY2-570380,0,0,spy2,0.5892168245597477,0.36503143928869136,1,0.6741201975,0.45429990191641173,1,0.584338985,0.3819981131876526,1
ISPY2-570685,0,3,spy2,0.5022736562882585,0.28640906830948715,1,0.533583605,0.31876042517527237,1,0.44434148,0.25986948201089244,1
ISPY2-571276,0,2,spy2,0.571053624545409,0.360011777201476,1,0.660489975,0.45659392565673124,1,0.58183744,0.39111277756759466,1
ISPY2-572016,1,4,spy2,0.6396837277973382,0.43330247889801654,1,0.588015875,0.3790353460881792,1,0.6427449775,0.459706841318934,1
ISPY2-572235,0,0,spy2,0.4536218970824767,0.26151202223754527,1,0.5091905350000001,0.3018405767038475,1,0.449734035,0.27328405087980023,1
ISPY2-572444,0,1,spy2,0.2256465756210678,0.11575182520851943,0,0.22564657,0.10735031708756988,0,0.1759926225,0.08761461151351727,0
ISPY2-572731,1,3,spy2,0.3422615040956825,0.1770810209541707,1,0.3906445675,0.20681040367054848,1,0.36151764,0.20081603135814424,1
ISPY2-573586,0,2,spy2,0.3362271314642887,0.18250887947399552,1,0.3098477775,0.15979885458982016,1,0.34822210499999995,0.20066762140031422,1
ISPY2-574091,1,4,spy2,0.6428008486071218,0.43674057010490097,1,0.72490261,0.5400196619039156,1,0.6511803325,0.4694247135933647,1
ISPY2-575457,1,4,spy2,0.7751394115892204,0.6026872938991756,1,0.8051338025,0.6548043733679033,1,0.7751684475,0.6286704861840616,1
ISPY2-578975,1,0,spy2,0.6202420037973123,0.3920921151066539,1,0.68332935,0.46425816444896545,1,0.61863141,0.4134000283019835,1
ISPY2-579881,0,1,spy2,0.2935754826730542,0.15517604313366698,1,0.2935755,0.14762957024137344,0,0.2282092275,0.11707320186271514,0
ISPY2-581648,0,2,spy2,0.6715406668293726,0.4588364687732735,1,0.6120628124999999,0.40460484442146183,1,0.672831725,0.4852143749544997,1
ISPY2-586091,1,3,spy2,0.374913454142291,0.19740874283383425,1,0.4309916775,0.23580159621874597,1,0.405932835,0.23164743922374367,1
ISPY2-586207,1,1,spy2,0.5840569573423394,0.36986611275719916,1,0.584057,0.37703463662221076,1,0.5311703400000001,0.33448974859814423,1
ISPY2-589502,1,3,spy2,0.1474922461888918,0.07092006346314994,0,0.15852954,0.07038419601821772,0,0.1396558825,0.06965746079767832,0
ISPY2-590220,1,4,spy2,0.5852657133633262,0.3762750058538985,1,0.4523181025,0.2540292745274764,1,0.5406725125,0.3519903518190674,1
ISPY2-590299,0,0,spy2,0.6223674014118367,0.39400178790002754,1,0.6232340199999999,0.4023712499703598,1,0.61571994,0.41066466372464805,1
ISPY2-591079,1,2,spy2,0.6881686754174766,0.4770280150590519,1,0.7151080249999999,0.5210241635792795,1,0.6922303925,0.5071824174123613,1
ISPY2-591180,0,2,spy2,0.502172251159068,0.30139478147290333,1,0.4614654725,0.26799730499450164,1,0.49754144499999997,0.31507380016636605,1
ISPY2-592535,0,1,spy2,0.3512705766555605,0.19122602888830076,1,0.35127056,0.1852185589321813,1,0.331083095,0.1810241529708601,1
ISPY2-596458,1,2,spy2,0.4991178262770225,0.298940265971674,1,0.4867409275,0.28862461534830963,1,0.459765355,0.28390819021927527,1
ISPY2-597253,0,3,spy2,0.2903022960707517,0.14644317540521148,1,0.2576579825,0.12305489426746927,0,0.22691903500000002,0.1173355804199876,0
ISPY2-597873,0,0,spy2,0.5103115734139475,0.30223019274550095,1,0.5598700074999999,0.3441209091984402,1,0.504711225,0.3152037789911881,1
ISPY2-598798,0,4,spy2,0.2948883195668668,0.14666883145959433,0,0.2282880474999999,0.10225131170529703,0,0.2962039725,0.1546923474545336,1
ISPY2-600536,0,0,spy2,0.5812296817141506,0.3582997246748464,1,0.6367823575,0.41571125462525865,1,0.57549735,0.3741785744727125,1
ISPY2-601489,0,1,spy2,0.6385931310053097,0.4222601252646796,1,0.63859314,0.4338909712823557,1,0.5944027700000001,0.39349051409502483,1
ISPY2-604199,0,2,spy2,0.2194847023751682,0.11281813185408368,0,0.16854912,0.07832441444772688,0,0.19604060499999998,0.10414532483881678,0
ISPY2-604326,0,3,spy2,0.4710618959990794,0.26298468570415723,1,0.5201436150000001,0.3070560768881595,1,0.5073926775,0.30973987593460595,1
ISPY2-604380,1,4,spy2,0.5433016008471927,0.33588024640145764,1,0.59073944,0.3818650134641243,1,0.5452652725,0.3564688009749292,1
ISPY2-605713,0,0,spy2,0.2840945540594884,0.15547563784806956,0,0.2495681675,0.12800268253204636,0,0.281468815,0.1608534556301877,1
ISPY2-607047,1,1,spy2,0.2540650816501105,0.1318816626178495,0,0.2540651,0.12370783834431046,0,0.20483962249999998,0.10366028232918145,0
ISPY2-609642,1,3,spy2,0.8448547319909978,0.662319358068007,1,0.8565470850000001,0.7127948975730831,1,0.8306295075,0.6706143537020942,1
ISPY2-609897,0,2,spy2,0.3342331411474163,0.1812356284620636,1,0.3030073574999999,0.15546874905576255,0,0.3376675425,0.19339435378282094,1
ISPY2-611662,0,4,spy2,0.7113667570195477,0.5175616668139731,1,0.6495572,0.44648608676269647,1,0.6983851075,0.5263227636997968,1
ISPY2-613188,0,0,spy2,0.5455073955138398,0.32926727679674783,1,0.43503313,0.24571578938014557,1,0.527943725,0.3338893503956304,1
ISPY2-614434,1,4,spy2,0.5594782298153731,0.3511049217671747,1,0.627775275,0.42175117213611785,1,0.5530164675,0.36410164799411415,1
ISPY2-615873,1,1,spy2,0.612275327566935,0.3963414493033131,1,0.61227536,0.40577148377250394,1,0.553973845,0.3550784465063842,1
ISPY2-618240,0,2,spy2,0.5203113424724032,0.31621253233734614,1,0.476593,0.28024279586904544,1,0.49965657750000003,0.3168686131759018,1
ISPY2-621179,0,3,spy2,0.2712077263739949,0.13566200738285922,0,0.3227408,0.16195520384659085,1,0.27932649249999997,0.1482350448887062,1
ISPY2-622688,1,0,spy2,0.6502453546752477,0.41976675659481344,1,0.689430435,0.47095752347818287,1,0.645678575,0.4394695778413482,1
ISPY2-623569,1,2,spy2,0.6551682199590694,0.4414810626323792,1,0.73628021,0.5478408752127107,1,0.614755975,0.42356817661750423,1
ISPY2-624777,0,4,spy2,0.5833438924292985,0.3743598646837124,1,0.452543235,0.254213019839136,1,0.5426739375,0.35393794504335,1
ISPY2-625800,0,1,spy2,0.4068677415083146,0.22857674397539302,1,0.4068677,0.22472843710605198,1,0.3800398175,0.21463114537991515,1
ISPY2-625854,1,3,spy2,0.4018181724438348,0.21484996349909058,1,0.41829087,0.226473737762882,1,0.41285399749999996,0.23662161668012635,1
ISPY2-627118,0,0,spy2,0.7411368392573698,0.5147171720475184,1,0.6445183800000001,0.42348126319751794,1,0.733609235,0.533706012936255,1
ISPY2-628692,0,2,spy2,0.1878187989422877,0.09540893509093894,0,0.2427508025,0.11909827530658205,0,0.19162028250000002,0.10158308484072621,0
ISPY2-629210,0,4,spy2,0.1979050521114597,0.09064845675121659,0,0.1982926425,0.08600654482958926,0,0.1987618025,0.0947097326149232,0
ISPY2-630758,0,1,spy2,0.5277289363960045,0.3206575561632061,1,0.5277289,0.3236859304595928,1,0.47485535,0.2866640067635386,1
ISPY2-631337,0,3,spy2,0.2214827428640264,0.10865619968576007,0,0.23718871,0.11156407863659856,0,0.2214153225,0.11419633299670633,0
ISPY2-632408,0,0,spy2,0.2092074311425516,0.11389124796699195,0,0.2167959775,0.10978098620621042,0,0.20673905,0.11657405436716697,0
ISPY2-636424,0,1,spy2,0.6499411320103728,0.4338273464834626,1,0.6499411,0.4464292681366072,1,0.62101483,0.4202128461952792,1
ISPY2-637051,0,2,spy2,0.5618400472813855,0.35178698614406506,1,0.5708739899999999,0.36374662015757037,1,0.53415316,0.3469313508489512,1
ISPY2-637752,1,3,spy2,0.5881966424220819,0.35757447339365966,1,0.6360251750000001,0.4178200603713708,1,0.5840839175,0.37732299782082945,1
ISPY2-639663,0,4,spy2,0.6595498672375713,0.45555145812441145,1,0.5156861825000001,0.30869984212540785,1,0.657205295,0.4764472518832757,1
ISPY2-640043,0,0,spy2,0.4617444350503058,0.26715119924797964,1,0.5069100525,0.30001809901985677,1,0.4598925275,0.2808025672265866,1
ISPY2-640463,1,1,spy2,0.274924990990112,0.14404842955722383,0,0.274925,0.13616163999230746,0,0.2418251575,0.12506671800426436,0
ISPY2-640927,0,2,spy2,0.4936684260624625,0.2945895464087284,1,0.48055874,0.28350213700783267,1,0.4731603425,0.29477031287322225,1
ISPY2-644609,1,3,spy2,0.6669374076948168,0.4334146196224623,1,0.70563449,0.4968686156818227,1,0.692355025,0.48902483159970395,1
ISPY2-646233,0,4,spy2,0.3180731348714244,0.16133645862149243,1,0.36655672,0.1889746524133029,1,0.2503098575,0.1253000587945349,0
ISPY2-646600,0,1,spy2,0.2529655208129379,0.1312482103552219,0,0.2529655,0.12306201571693906,0,0.2281739525,0.11705266653595084,0
ISPY2-650589,0,2,spy2,0.5801228435043922,0.3682324817503832,1,0.52506936,0.3215542673449098,1,0.543105945,0.3549858899977995,1
ISPY2-651401,0,3,spy2,0.6942998540755833,0.46271725254322266,1,0.7222512825,0.5174051352718154,1,0.69768015,0.49510983719931584,1
ISPY2-651541,1,4,spy2,0.5604115282928134,0.3519963295565064,1,0.576132295,0.3668490153958637,1,0.567321355,0.3784379517713455,1
ISPY2-654956,0,0,spy2,0.7988512563171593,0.5863453682881979,1,0.8471333125,0.6796794685484132,1,0.79712869,0.6131808339326432,1
ISPY2-655703,0,1,spy2,0.315255324931083,0.16842377090547805,1,0.31525534,0.1613702760581943,1,0.28222465750000003,0.1496006568413902,0
ISPY2-655795,1,0,spy2,0.2613616727287053,0.14259597490355017,0,0.3284693899999999,0.17473528946190126,1,0.258231975,0.14678987413568706,1
ISPY2-660915,0,4,spy2,0.212377500719208,0.09849312662919225,0,0.24560976,0.11202488380120784,0,0.214455505,0.1037602962536629,0
ISPY2-663197,0,2,spy2,0.6129592316475156,0.3990862914990159,1,0.54818919,0.3424454372984397,1,0.5980508124999999,0.40688758566596195,1
ISPY2-663467,0,3,spy2,0.1810425701436647,0.08770739824622327,0,0.1975570775,0.09024741354314803,0,0.185680585,0.09426491907290835,0
ISPY2-664658,1,0,spy2,0.3130687922590009,0.17227154078545798,1,0.40560955,0.2250825667610904,1,0.310868005,0.17908132245361008,1
ISPY2-666147,0,1,spy2,0.3691020047282721,0.202907674119526,1,0.369102,0.19752143340304354,1,0.29631659749999995,0.15845957232236882,1
ISPY2-666715,0,2,spy2,0.4177566322088553,0.23749294853777125,1,0.4239932899999999,0.2388908135170384,1,0.415044845,0.24905532632219096,1
ISPY2-668752,0,3,spy2,0.598672395187549,0.3670157781612936,1,0.6395452975,0.42156737216558987,1,0.6304663374999999,0.422557175105781,1
ISPY2-672734,0,4,spy2,0.3173403563695529,0.16086480137828127,1,0.3575426275,0.18267621992695862,1,0.3034098175,0.15950040216972408,1
ISPY2-674897,0,1,spy2,0.6582476320214595,0.4424513191849641,1,0.65824765,0.45577092809431746,1,0.6350570249999999,0.4348064691390363,1
ISPY2-676048,0,0,spy2,0.5596165617164534,0.34053153243387335,1,0.55256251,0.33780483789414495,1,0.555545315,0.3569224952604719,1
ISPY2-676365,0,3,spy2,0.7218103968841769,0.4939798118280545,1,0.7070415875,0.4985810257507591,1,0.71503201,0.5153772316525773,1
ISPY2-676630,1,2,spy2,0.5862033482920253,0.3738150961819507,1,0.458361805,0.2655210498268593,1,0.5854000725,0.39454489127085524,1
ISPY2-677915,0,4,spy2,0.2513590799186896,0.12050022979672124,0,0.289260015,0.1379833834880487,0,0.250219745,0.12524438922170572,0
ISPY2-679787,0,0,spy2,0.6877734560431468,0.45675170851863917,1,0.61048444,0.3901178339439236,1,0.635881155,0.42988578021949847,1
ISPY2-683374,0,1,spy2,0.3742731360349703,0.20634646064653384,1,0.37427315,0.20115304985973345,1,0.33192140000000003,0.18158113043318933,1
ISPY2-683457,0,2,spy2,0.5286250386423985,0.3231458192839583,1,0.4248400225,0.23952993697246003,1,0.5048358525000001,0.3212866254644715,1
ISPY2-685182,1,3,spy2,0.5900735461522573,0.35925264056494666,1,0.6392299,0.4212305980458617,1,0.6215788325,0.41360686305955363,1
ISPY2-685753,0,4,spy2,0.2954893535298113,0.14704249760300736,0,0.2639360825,0.12268754906757251,0,0.2884848575,0.14960101620849298,1
ISPY2-687733,0,1,spy2,0.2535740382491545,0.1315986790421102,0,0.253574,0.12341927267153324,0,0.232831265,0.11977163165534549,0
ISPY2-689188,1,0,spy2,0.1615435161741975,0.08846048081126784,0,0.1469379425,0.07287173612032759,0,0.1600346225,0.0901071306961695,0
ISPY2-690410,0,2,spy2,0.1445479734363688,0.07246758949323488,0,0.1941057375,0.09189920296570148,0,0.14424424749999998,0.07485378997289249,0
ISPY2-692885,0,4,spy2,0.6927895804705418,0.49464023061496115,1,0.728038125,0.5441979319274441,1,0.6944828350000001,0.5214525732974782,1
ISPY2-697098,1,3,spy2,0.5361435646525332,0.3132127553272724,1,0.5676561825,0.34969646517286757,1,0.54984049,0.3461174682821627,1
ISPY2-697871,1,3,spy2,0.6245579680704203,0.39115737155937214,1,0.6662567399999999,0.45083903061862546,1,0.64850431,0.4411615002788459,1
ISPY2-701790,0,0,spy2,0.2594011613606045,0.14149656772053593,0,0.16908618,0.08431508055106217,0,0.21636066750000002,0.12212937788369208,0
ISPY2-703401,0,1,spy2,0.3737793054351605,0.20601705313451982,1,0.37377933,0.20080499135071125,1,0.3293654375,0.17988486607125534,1
ISPY2-703455,0,2,spy2,0.5202334291167683,0.31614798458891363,1,0.621924285,0.41483058549078317,1,0.532625955,0.3455680359882842,1
ISPY2-705381,1,4,spy2,0.5101195333497923,0.3059380341208344,1,0.4742324925,0.27225610189124405,1,0.5115670425,0.32435528829122806,1
ISPY2-706418,1,0,spy2,0.6992135649970678,0.46860919188654937,1,0.7463755000000001,0.5377698579403711,1,0.696801885,0.4923198113937259,1
ISPY2-706943,0,2,spy2,0.7100839477636024,0.5019296588341502,1,0.7307293100000001,0.5407042697519063,1,0.7156642499999999,0.5347290441374152,1
ISPY2-708387,1,1,spy2,0.6506086633739427,0.43451542249343234,1,0.6506086,0.4471747826255696,1,0.609542755,0.40854649724665176,1
ISPY2-709559,0,3,spy2,0.2440406262976902,0.12072486315901367,0,0.2750247249999999,0.13307416292939106,0,0.253256845,0.13263049628309687,0
ISPY2-712276,1,4,spy2,0.251692482768911,0.12069413043660812,0,0.25699277,0.11860825230015698,0,0.18462240500000002,0.08674797386891009,0
ISPY2-712917,1,0,spy2,0.6682466719762741,0.437157342402646,1,0.7263791500000001,0.513379364416925,1,0.66646926,0.460365938897778,1
ISPY2-714205,1,1,spy2,0.5220740900566815,0.3159625328256761,1,0.5220741,0.31860591049963505,1,0.46820515500000004,0.2812812840753138,1
ISPY2-719713,0,2,spy2,0.349273349880786,0.1909188324013319,1,0.2803416575,0.14142125914629922,0,0.3140252625,0.17744205539951477,1
ISPY2-723918,1,3,spy2,0.6432969390127036,0.409401875858714,1,0.6877485700000001,0.47551672905559883,1,0.670923975,0.4651464778830507,1
ISPY2-725455,0,4,spy2,0.7906469697379406,0.625017055022861,1,0.66148405,0.4604498229437137,1,0.703472955,0.532718991616714,1
ISPY2-726091,1,0,spy2,0.6489605311717925,0.4185489327487319,1,0.5607973675,0.344928018779452,1,0.6395233575,0.4334294795565508,1
ISPY2-726381,0,1,spy2,0.4607357886846203,0.2675927059403842,1,0.46073583,0.2664502575509616,1,0.4246194375,0.24727791385656744,1
ISPY2-726940,0,2,spy2,0.5693312178278943,0.35846460880061887,1,0.5925627175,0.38489773843898073,1,0.56939002,0.3792687724378209,1
ISPY2-727255,0,3,spy2,0.6946175267837341,0.46306757862665926,1,0.7305323100000001,0.5279018572286692,1,0.716492865,0.5171150581819366,1
ISPY2-727804,1,4,spy2,0.5688410867911888,0.3601131997016822,1,0.57412049,0.36481146715564766,1,0.5739539575,0.3851969649534368,1
ISPY2-728287,1,0,spy2,0.461990272375186,0.26732283783812283,1,0.50971717,0.3022623769914805,1,0.4590912825,0.2802059729622057,1
ISPY2-728714,0,1,spy2,0.2620586420111495,0.13651015426433644,0,0.26205865,0.12843450723837854,0,0.2133224425,0.108485032309136,0
ISPY2-729270,1,4,spy2,0.8031640742914422,0.6435402065423809,1,0.7815629275,0.6193342293820101,1,0.8060939300000001,0.6735825286644491,1
ISPY2-729732,0,2,spy2,0.4141800310259731,0.23495268072105288,1,0.48590331,0.28792759469827617,1,0.39688395,0.23548728918837597,1
ISPY2-732137,0,3,spy2,0.4731910945085946,0.2645461398252745,1,0.5045179375,0.29378444651793234,1,0.4870190275,0.2931103494789575,1
ISPY2-733276,0,0,spy2,0.5447980104407142,0.32870761995878806,1,0.4988218925,0.2936067195786444,1,0.5386612825,0.3427217350356607,1
ISPY2-735673,0,1,spy2,0.1938622213790395,0.09827470383366682,0,0.19386221,0.08985146912852576,0,0.171052675,0.08492127694428199,0
ISPY2-741535,0,3,spy2,0.2546315334685816,0.12649386499904042,0,0.2834172849999999,0.1380076622312572,0,0.26529724499999996,0.13977817428910255,1
ISPY2-742477,0,2,spy2,0.5978123669031348,0.3846360747417863,1,0.6135043525,0.40608856100844787,1,0.615070775,0.423886796931448,1
ISPY2-745633,0,4,spy2,0.2629874841835269,0.12732157022406657,0,0.32735109,0.1622722475355031,1,0.2612508625,0.13211773012828804,0
ISPY2-746265,0,0,spy2,0.304111582211287,0.1670309491459157,1,0.3178225825,0.1681700606633431,1,0.29983919000000003,0.1721836433261226,1
ISPY2-749097,0,1,spy2,0.2296445527216943,0.11799125057590626,0,0.22964458,0.10961015530493733,0,0.19666034500000001,0.09905458424303225,0
ISPY2-752469,0,2,spy2,0.5764930813430145,0.36492724713466757,1,0.5631741800000001,0.35642452883519127,1,0.570298595,0.38012564570213475,1
ISPY2-756412,0,3,spy2,0.2958908398311137,0.14964501124223023,1,0.3196942025,0.16004935321981598,1,0.3090825025,0.16665113551489352,1
ISPY2-759015,0,4,spy2,0.400377561820312,0.21789965449234483,1,0.3718316225,0.19270562746761039,1,0.36648756000000005,0.2039572726159279,1
ISPY2-759418,0,1,spy2,0.2983885820841647,0.15808751019397577,1,0.2983886,0.1506414998976408,0,0.2703177175,0.14223911696843272,0
ISPY2-765773,1,0,spy2,0.5974604392550457,0.37207731390283183,1,0.6450119,0.423980815170979,1,0.5949690025000001,0.39154566118682677,1
ISPY2-766301,0,4,spy2,0.1799059465670769,0.08112972714586997,0,0.19703061,0.08534157744804247,0,0.178791005,0.08351693499561479,0
ISPY2-766967,1,2,spy2,0.3417872650478439,0.1860761507147317,1,0.3399439125,0.17936927374875963,1,0.3386496375,0.19406710454736786,1
ISPY2-768214,0,3,spy2,0.5687470278785689,0.34051759281559285,1,0.6074934025000001,0.38834431606701714,1,0.581624725,0.3750228030701159,1
ISPY2-769972,0,3,spy2,0.2752659416927858,0.13793322694865584,0,0.295212195,0.14504473038701862,0,0.28580503749999997,0.15218826909810618,1
ISPY2-771813,0,0,spy2,0.6100981284246032,0.38307908729798906,1,0.6684549550000001,0.44826359913406905,1,0.6085837475,0.40401596854261435,1
ISPY2-778020,0,1,spy2,0.2541335309503952,0.13192112155368493,0,0.2541335,0.12374804623430506,0,0.22816184250000002,0.11704561690936412,0
ISPY2-778527,1,2,spy2,0.6989293916192031,0.48911938940866945,1,0.7497262775,0.5654496968215225,1,0.7070750349999999,0.5244999916739632,1
ISPY2-780272,0,4,spy2,0.5331568742940342,0.3265459842716844,1,0.4959189125,0.29099149107008115,1,0.5298840250000001,0.34159796061525294,1
ISPY2-781335,0,4,spy2,0.3508042262301801,0.1829605734450742,1,0.395774085,0.21007001564146438,1,0.3547155575,0.1953279772133255,1
ISPY2-782334,0,0,spy2,0.3610370029014654,0.20114766894791986,1,0.371207095,0.20199646851158146,1,0.35184930000000003,0.20538997749648244,1
ISPY2-783578,1,1,spy2,0.6681854529447848,0.4529490743796593,1,0.6681855,0.4671334472993249,1,0.6201927225,0.4193692523820942,1
ISPY2-783771,0,2,spy2,0.2849551346904399,0.15073697659043223,0,0.401283705,0.2220560440344247,1,0.29515927,0.16503705551568285,1
ISPY2-786003,1,3,spy2,0.4392562495023663,0.24025827649372686,1,0.4823995275,0.27559063945497847,1,0.4646192775,0.27540422786281843,1
ISPY2-789497,0,4,spy2,0.3171907285576714,0.1607685582261954,1,0.22485563,0.10034911933595915,0,0.29260734499999996,0.1523125242027385,1
ISPY2-790070,0,0,spy2,0.5038125724180521,0.29739326848801945,1,0.5626292325,0.3465260684024874,1,0.5025684125000001,0.31351094392823114,1
ISPY2-790397,1,1,spy2,0.5879923229510999,0.3734809113183567,1,0.5879923,0.380957915457678,1,0.565104745,0.36540352740038734,1
ISPY2-790722,0,2,spy2,0.4754303509549545,0.280286797565892,1,0.4510015925,0.2596969428001597,1,0.486493825,0.30578688212544763,1
ISPY2-791321,0,3,spy2,0.6562015569105969,0.42236674748592357,1,0.6761669575,0.46208923905336385,1,0.62965821,0.4217375464677077,1
ISPY2-791944,0,4,spy2,0.5270646123407365,0.3210176079443859,1,0.40859483,0.2196654755523473,1,0.49966345749999996,0.31341450647596386,1
ISPY2-792412,0,0,spy2,0.617839749752015,0.389942622156459,1,0.69207197,0.47388384218371665,1,0.61468358,0.4096941985186474,1
ISPY2-793684,0,1,spy2,0.5528296216247455,0.3420212200980087,1,0.5528296,0.34682803190864375,1,0.4936205475,0.30214559423807136,1
ISPY2-794428,0,2,spy2,0.5250628219397687,0.32016392248395503,1,0.54099264,0.33585613127762376,1,0.531204725,0.3443020886536796,1
ISPY2-796558,0,3,spy2,0.6802164686923828,0.44742372439130446,1,0.592143475,0.37312001221238533,1,0.62427413,0.41630648527217173,1
ISPY2-797427,0,4,spy2,0.6354969666477382,0.4287150116125945,1,0.5036225599999999,0.29781977690564976,1,0.46997031750000007,0.28700034081286235,1
ISPY2-797499,1,0,spy2,0.8092132587053591,0.6004081278449693,1,0.8301023825,0.6531071033249899,1,0.80704151,0.6266634242444172,1
ISPY2-798604,1,3,spy2,0.6348652813490047,0.40110953039567876,1,0.6786477,0.46493967742983056,1,0.646366715,0.4389253108866106,1
ISPY2-800710,0,1,spy2,0.6567559577093011,0.4408926620594743,1,0.6567559,0.45408293695573193,1,0.5686597575,0.36874041949989317,1
ISPY2-802105,0,4,spy2,0.2048699908922793,0.09440224010870407,0,0.1796727175,0.07634468524983684,0,0.20422665,0.09783565217058048,0
ISPY2-802778,0,2,spy2,0.2226601772422185,0.11459541723742156,0,0.26138559,0.13001633123592787,0,0.23135087000000001,0.12506074547921314,0
ISPY2-803514,0,0,spy2,0.2106643303448827,0.11467916024035467,0,0.2744275124999999,0.14226622974559455,0,0.20831305249999998,0.11748022010436333,0
ISPY2-803677,0,1,spy2,0.5489267279094885,0.3386418406130692,1,0.5489267,0.34316485292270504,1,0.4995076475,0.30709387932691096,1
ISPY2-808714,0,4,spy2,0.55106487054322,0.34313374249073014,1,0.43590611,0.24082547501058743,1,0.49659231249999997,0.31062494171807886,1
ISPY2-809037,0,2,spy2,0.297274136959891,0.15819274702367497,0,0.2259009825,0.10946835826072325,0,0.2679068425,0.1476016454666915,0
ISPY2-809649,1,3,spy2,0.840875745474408,0.6559664614771816,1,0.8588645875,0.7167041235730246,1,0.8609106775,0.7184024549896159,1
ISPY2-810965,1,0,spy2,0.3739956464584726,0.2092039259960774,1,0.333962885,0.17815688924314055,1,0.3688993775,0.21667385095767064,1
ISPY2-814299,1,1,spy2,0.8494133605469313,0.6887083383265794,1,0.8494134,0.7164280293711723,1,0.830015865,0.6816151739204764,1
ISPY2-815421,0,2,spy2,0.3521589497247599,0.192797851602882,1,0.4046643625,0.22452522583593207,1,0.34883435749999997,0.20109247793681878,1
ISPY2-815493,1,3,spy2,0.656436778278924,0.422606216269345,1,0.6853428075,0.472702262233048,1,0.66786839,0.46181919780281594,1
ISPY2-819622,0,4,spy2,0.2856485873071391,0.14096760213690715,0,0.36372044,0.1869823896023657,1,0.259433215,0.13097702194240832,0
ISPY2-820348,0,2,spy2,0.3921461509309167,0.21957511619015216,1,0.4041860175,0.2241750764051434,1,0.39433313000000003,0.23360736399360862,1
ISPY2-823618,0,0,spy2,0.3626066958765365,0.20211740794734262,1,0.4293505749999999,0.24166371386295474,1,0.3481197325,0.20294923146948005,1
ISPY2-824234,1,1,spy2,0.482182060218098,0.2839943701680747,1,0.48218206,0.28409241488744236,1,0.45169025,0.2681414068667244,1
ISPY2-825363,1,3,spy2,0.8855893286624394,0.7319649931979634,1,0.8968629625,0.7839107362299645,1,0.8773149975,0.7458237459097377,1
ISPY2-828199,0,4,spy2,0.2765714862955412,0.13544476433454283,0,0.3494422674999999,0.17709832725269933,1,0.2783268675,0.1429932734466413,1
ISPY2-829491,0,0,spy2,0.4165041372997701,0.23649036866293627,1,0.4439139325,0.25211513021888676,1,0.40928615,0.24427796305144053,1
ISPY2-830486,0,1,spy2,0.642311605534627,0.42602361921234927,1,0.64231163,0.4379714075933527,1,0.6144257575000001,0.41348453358821496,1
ISPY2-830958,0,2,spy2,0.2173267023069953,0.11161369147039109,0,0.27734966,0.13960066869293528,0,0.22315005999999998,0.12013047937616063,0
ISPY2-832056,0,3,spy2,0.4915111083305456,0.27819967991699557,1,0.5575986225,0.3403701722948242,1,0.500665895,0.30419226190827664,1
ISPY2-833536,1,4,spy2,0.4715643740664983,0.2731841063159972,1,0.3398236974999999,0.1705743190687212,1,0.375854585,0.2109368292894181,1
ISPY2-834418,0,0,spy2,0.2607906505982343,0.142275580183653,0,0.2933916475,0.15342285989651483,1,0.25724208,0.14619707755258157,1
ISPY2-835658,1,4,spy2,0.3190653992927303,0.16197598799713153,1,0.42052893,0.22878933834791107,1,0.324028945,0.17355834971468245,1
ISPY2-836114,0,1,spy2,0.2399638673670134,0.12381592288376914,0,0.2399639,0.11550520558728242,0,0.2101611725,0.10668122397207636,0
ISPY2-836983,1,2,spy2,0.5101781014857477,0.30788328838021184,1,0.5808614425,0.3733886122048127,1,0.4762388925,0.29729558369870435,1
ISPY2-841336,0,3,spy2,0.2236688870660119,0.10981319982369826,0,0.2617215125,0.12537665338238307,0,0.209893905,0.10768600513253487,0
ISPY2-845079,1,2,spy2,0.6426318156109689,0.42854708835577277,1,0.6649835725,0.4616522576863238,1,0.6278177625000001,0.43692506807362963,1
ISPY2-845147,0,3,spy2,0.271582318126728,0.1358712045226446,0,0.3105000525,0.15435020204608074,1,0.29281678,0.15650174640534262,1
ISPY2-845663,0,0,spy2,0.4449474865409167,0.25555662588198463,1,0.4984158775,0.29328700885327164,1,0.4449934925,0.2698086985816786,1
ISPY2-846156,0,1,spy2,0.5512802736672829,0.34067709913228084,1,0.55128026,0.3453709461549359,1,0.51396653,0.3194379367339772,1
ISPY2-847272,0,4,spy2,0.3893153813952825,0.2098637686209132,1,0.4485226725,0.2509423439059754,1,0.39344964250000003,0.22432418654048455,1
ISPY2-847753,1,1,spy2,0.314270479789122,0.16781442482856782,1,0.31427047,0.16073627330120152,1,0.29254592,0.15607333013753324,1
ISPY2-849605,0,0,spy2,0.5888909589596352,0.36475498410187546,1,0.5643271000000001,0.3480116564308656,1,0.576557365,0.3751103333356835,1
ISPY2-851180,0,2,spy2,0.5287617657165133,0.32326060804424,1,0.461966665,0.26839832101779526,1,0.442918425,0.2705293616726019,1
ISPY2-851488,0,3,spy2,0.2060717535031203,0.1005735929582473,0,0.2242567274999999,0.10447622291874613,0,0.16189369250000002,0.08140623221973076,0
ISPY2-857165,0,4,spy2,0.2042053767530911,0.0940423283501458,0,0.2280454775,0.10211651128562176,0,0.205800935,0.09874122321366717,0
ISPY2-859699,1,0,spy2,0.5164931986755925,0.3068744254877796,1,0.32660373,0.1735785929392733,1,0.48096711999999997,0.2967211268443504,1
ISPY2-862244,0,2,spy2,0.6818272266439691,0.47002107219775935,1,0.7485471725,0.5638870426202542,1,0.6881928500000001,0.5025493707031536,1
ISPY2-865416,0,1,spy2,0.5452316657727229,0.33546227534475376,1,0.54523164,0.3397190362281898,1,0.47966500999999995,0.2905904653297668,1
ISPY2-873686,0,3,spy2,0.2513506813341212,0.1246994974955165,0,0.22558947,0.1052006613598586,0,0.25159514250000004,0.13165186319937563,0
ISPY2-877463,0,4,spy2,0.486675601283235,0.285771449761605,1,0.5130986575,0.3063467051076267,1,0.4866992825,0.30173014032761325,1
ISPY2-883696,0,0,spy2,0.4024746773792816,0.227332247692647,1,0.38929962,0.2140037132264734,1,0.397786885,0.23628706855664988,1
ISPY2-883886,0,2,spy2,0.5351569472015046,0.3286576666690018,1,0.3989085875,0.22032888058080155,1,0.44674106999999996,0.27353802337159067,1
ISPY2-884266,0,4,spy2,0.1932285836339581,0.08815023717188897,0,0.1986134475,0.0861758132717829,0,0.1941964425,0.092119207062953,0
ISPY2-885590,0,1,spy2,0.3053178638374284,0.16230850902994795,1,0.30531785,0.15501613806133088,0,0.25759155749999996,0.13449312149963333,0
ISPY2-889049,0,3,spy2,0.8030217524832741,0.5989676261261824,1,0.832790035,0.6738957001072208,1,0.820106065,0.6547970064688606,1
ISPY2-889225,0,3,spy2,0.3598921013526064,0.18794723972909244,1,0.366501845,0.19032338240786562,1,0.3165720175,0.17139329601143596,1
ISPY2-889721,1,4,spy2,0.7468337961335239,0.5636191901736091,1,0.7823252,0.6204579235682418,1,0.75343596,0.5984068148205341,1
ISPY2-890414,1,0,spy2,0.6027685481688085,0.3766682829611131,1,0.6925071325000001,0.474367428975671,1,0.601862455,0.3978250395471279,1
ISPY2-891645,0,1,spy2,0.8604089520950335,0.7065547994028126,1,0.86040896,0.7345720178376305,1,0.8363783149999999,0.6913889394504682,1
ISPY2-892390,1,2,spy2,0.4722018833276803,0.2777953866253959,1,0.5657194425,0.358834332614886,1,0.48440833,0.30405007012885393,1
ISPY2-893874,1,0,spy2,0.6788521876785873,0.44770154636863174,1,0.66515919,0.4447827753165003,1,0.674610895,0.46876575716715,1
ISPY2-894128,1,2,spy2,0.5807013496352177,0.3687611413590485,1,0.6903305150000001,0.49098135780266344,1,0.5922720925,0.40121921970576024,1
ISPY2-894491,0,1,spy2,0.2283463602183945,0.11726303981657057,0,0.22834639,0.10887490027671151,0,0.19883034249999998,0.10027209935723577,0
ISPY2-896621,0,3,spy2,0.3488709451405249,0.18112511824883892,1,0.3107593275,0.15450984841199947,1,0.291457525,0.15566269909909583,1
ISPY2-899381,1,4,spy2,0.3646154574164271,0.19242173679845104,1,0.460682005,0.2609040140804068,1,0.36912155999999996,0.20590970167618627,1
ISPY2-903880,0,0,spy2,0.4963230855446329,0.2918760255807227,1,0.45102582,0.2572996329434524,1,0.492659255,0.305747504157784,1
ISPY2-905264,0,1,spy2,0.7671840832336877,0.5698340696586232,1,0.7671841,0.5925304250320891,1,0.7205436875,0.5318962205582229,1
ISPY2-906795,0,2,spy2,0.7051190931179081,0.496192424546062,1,0.709002305,0.513489999895256,1,0.7118956125,0.5302216835651721,1
ISPY2-910188,0,3,spy2,0.2182699536035,0.10696062557845105,0,0.2585934975,0.12358820566734159,0,0.2149462775,0.11053079911160502,0
ISPY2-910706,1,4,spy2,0.5880860457470004,0.3790972588113839,1,0.47352763,0.2716589716197097,1,0.5908447575,0.40273693582756803,1
ISPY2-912836,0,4,spy2,0.6187098578656968,0.41066475372751526,1,0.6307906400000001,0.42511742168732025,1,0.5635788975,0.37465563403414776,1
ISPY2-913225,1,0,spy2,0.5270715001299653,0.31492291899911035,1,0.5464138875,0.3325498664154934,1,0.52381921,0.33052674987543007,1
ISPY2-914968,0,1,spy2,0.585846759379363,0.37150709042631547,1,0.5858468,0.3788156500221052,1,0.538565575,0.34108547299748404,1
ISPY2-916586,0,2,spy2,0.2970931652280829,0.1580824310257438,0,0.23395556,0.11404342843763274,0,0.258289255,0.14157975291203953,0
ISPY2-916645,1,3,spy2,0.2693602201494242,0.13463155749363515,0,0.2207849925,0.10259552175232743,0,0.20924248,0.10732035084423373,0
ISPY2-917762,0,0,spy2,0.2911404590064664,0.15951918711291715,1,0.3117723725,0.16447735705295458,1,0.28715689499999997,0.1643409747630115,1
ISPY2-920479,0,3,spy2,0.8186420676574938,0.6217675095751563,1,0.8308670125000001,0.6708379173024932,1,0.8227741900000001,0.6587708222846305,1
ISPY2-923968,1,1,spy2,0.245944455407576,0.12722151455771502,0,0.24594444,0.11896313238587888,0,0.21775493499999998,0.11102586574983249,0
ISPY2-924812,0,2,spy2,0.5910010558625811,0.37826098049878987,1,0.5519117175,0.3458851890555153,1,0.5716134900000001,0.3813678346344399,1
ISPY2-924868,1,4,spy2,0.5466600275146763,0.3390062715234254,1,0.6136349325,0.4062077271840992,1,0.55390356,0.3649812155882939,1
ISPY2-924895,0,2,spy2,0.2177037499051373,0.1118239364678375,0,0.2756108125,0.138546157512162,0,0.225755445,0.12169194760893087,0
ISPY2-925691,0,0,spy2,0.7333360287424411,0.5057994981877615,1,0.6678562100000001,0.4476295620368617,1,0.7017271549999999,0.49768431812516706,1
ISPY2-930172,0,3,spy2,0.4149949962346183,0.2236358780201519,1,0.4621230375,0.25949386493637877,1,0.4354145825,0.25317311773253104,1
ISPY2-930853,1,1,spy2,0.3631050230881708,0.1989487648289873,1,0.36310503,0.19334603657490834,1,0.33820908250000004,0.18577865100751736,1
ISPY2-930903,0,4,spy2,0.3637671617613192,0.1918346950620943,1,0.355493395,0.18125782855575706,1,0.3049727825,0.16055037941541642,1
ISPY2-932200,0,0,spy2,0.3759854172995156,0.21045129221354514,1,0.472078535,0.2729694582646897,1,0.37321229,0.21956171323396562,1
ISPY2-934459,0,1,spy2,0.4863327011325329,0.2872299941385293,1,0.4863327,0.2875786089555863,1,0.4421375925,0.26068531543983264,1
ISPY2-934906,0,3,spy2,0.587312002864618,0.35678550704515655,1,0.6272986249999999,0.40863706363656843,1,0.6019268,0.3943001010003339,1
ISPY2-935460,0,2,spy2,0.4684576234766905,0.2749208275902514,1,0.56601377,0.3591136685932859,1,0.474429075,0.29580970708688964,1
ISPY2-940186,1,4,spy2,0.2828964984641701,0.13928501877181887,0,0.3052847724999999,0.1480097700596453,0,0.24273396,0.12064713026263875,0
ISPY2-941926,0,0,spy2,0.2075789766984474,0.11301139898838067,0,0.1657386375,0.08257113232573882,0,0.2046560275,0.11537639219886814,0
ISPY2-943879,1,1,spy2,0.591541207502322,0.376761793566928,1,0.59154123,0.3845190656054593,1,0.5523112375000001,0.35355197565333807,1
ISPY2-944419,0,2,spy2,0.3911983833114044,0.21892392195752786,1,0.390680195,0.214393214032977,1,0.406962465,0.24297681927150047,1
ISPY2-944536,1,3,spy2,0.8511114381277672,0.6724602557295812,1,0.88297141,0.7586422070083809,1,0.87595544,0.7435072694553767,1
ISPY2-950131,1,4,spy2,0.3597546532131455,0.1890685191068115,1,0.3626812925,0.1862548829178692,1,0.3492819025,0.1913976080508034,1
ISPY2-953262,0,0,spy2,0.3767001322640114,0.2109000239060898,1,0.36371057,0.19710520494776967,1,0.3697666375,0.2172534478886089,1
ISPY2-955953,1,1,spy2,0.8120066025538563,0.6316738508002954,1,0.8120066,0.6575811800763981,1,0.7642242925,0.5877663408304896,1
ISPY2-957408,0,2,spy2,0.4314078147935203,0.24730588821716898,1,0.3392135,0.17888405493755793,1,0.4219661775,0.25431278457057505,1
ISPY2-960490,1,3,spy2,0.6283819988135249,0.3948263205258193,1,0.6568739475,0.4403852830857293,1,0.6363378049999999,0.42854749457506786,1
ISPY2-960963,0,4,spy2,0.4765231537468669,0.2772799798432109,1,0.565419025,0.35608243345884816,1,0.4852867025,0.30047135101379047,1
ISPY2-962472,0,0,spy2,0.3357779316731508,0.18576492121812127,1,0.1987085725,0.09998669097430576,0,0.325399835,0.18828469285802982,1
ISPY2-962664,1,1,spy2,0.6159680037031162,0.3999043529962946,1,0.615968,0.4096382607013316,1,0.5894943,0.3886901773703369,1
ISPY2-965265,0,2,spy2,0.507035493816069,0.3053267245570816,1,0.4837949125,0.2861772461901289,1,0.5167849325,0.33160643797205636,1
ISPY2-966016,1,3,spy2,0.287070883207687,0.14460154996753435,1,0.2839121599999999,0.13830046807923313,0,0.251958145,0.1318654875227342,0
ISPY2-972307,0,4,spy2,0.2640197988898537,0.12793299706967304,0,0.18672450125,0.07996636817405524,0,0.256840775,0.1293556584307962,0
ISPY2-974181,1,0,spy2,0.6640118970556949,0.4330100405849063,1,0.659303955,0.43865371296284095,1,0.6562682275,0.4500158046936222,1
ISPY2-981461,0,1,spy2,0.5826755488815385,0.3686030090690319,1,0.5826756,0.375663789357571,1,0.55710195,0.35796145635596593,1
ISPY2-982505,0,2,spy2,0.4891613244134113,0.291018304232281,1,0.4012427125,0.2220261816957634,1,0.42505994999999996,0.25667858770098934,1
ISPY2-983841,1,3,spy2,0.6101821275866863,0.3776037724166066,1,0.6560983249999999,0.4395295763661431,1,0.6390411524999999,0.4313266177324241,1
ISPY2-986734,0,4,spy2,0.2696223564247852,0.13126816266422814,0,0.188787285,0.08103439190127736,0,0.26747923749999997,0.1360510875709944,0
ISPY2-987995,0,2,spy2,0.2943457813200602,0.15641059945073177,0,0.35053722,0.18646544569429743,1,0.3088107325,0.17398511557186555,1
ISPY2-988443,0,0,spy2,0.2325907632456356,0.12662840104357995,0,0.1653481525,0.08236804606761812,0,0.226322945,0.1279231435244622,0
ISPY2-990443,0,4,spy2,0.2621130549926262,0.12680440914727406,0,0.2046739825,0.08939157237597,0,0.24872754,0.12432367633419582,0
ISPY2-994987,0,1,spy2,0.2237961824464095,0.11471854871805293,0,0.22379619,0.10630891966339913,0,0.20222955250000002,0.10218565667761349,0
ISPY2-999264,1,3,spy2,0.7962043114820812,0.5893110570807382,1,0.816766025,0.6488149460736801,1,0.8161745775,0.6489859218260599,1
ISPY2-999733,0,3,spy2,0.3340763872420007,0.17212065756231748,1,0.3581034875,0.18473118709310457,1,0.356560525,0.1974867187604585,1
