sample_id,patient_id,fold,pCR,dataset,prob,split,seed,loss,smoke
ISPY1_1001_z012,ISPY1_1001,0,0,spy1,0.32136756,train,42,weighted,False
ISPY1_1001_z013,ISPY1_1001,0,0,spy1,0.32178885,train,42,weighted,False
ISPY1_1001_z014,ISPY1_1001,0,0,spy1,0.32243562,train,42,weighted,False
ISPY1_1001_z015,ISPY1_1001,0,0,spy1,0.3218232,train,42,weighted,False
ISPY1_1001_z016,ISPY1_1001,0,0,spy1,0.3215669,train,42,weighted,False
ISPY1_1001_z017,ISPY1_1001,0,0,spy1,0.32217318,train,42,weighted,False
ISPY1_1001_z018,ISPY1_1001,0,0,spy1,0.32249552,train,42,weighted,False
ISPY1_1001_z019,ISPY1_1001,0,0,spy1,0.3222949,train,42,weighted,False
ISPY1_1001_z020,ISPY1_1001,0,0,spy1,0.32317704,train,42,weighted,False
ISPY1_1001_z021,ISPY1_1001,0,0,spy1,0.32350487,train,42,weighted,False
ISPY1_1012_z015,ISPY1_1012,0,0,spy1,0.2126373,train,42,weighted,False
ISPY1_1012_z016,ISPY1_1012,0,0,spy1,0.21160436,train,42,weighted,False
ISPY1_1012_z017,ISPY1_1012,0,0,spy1,0.21165699,train,42,weighted,False
ISPY1_1012_z018,ISPY1_1012,0,0,spy1,0.21129128,train,42,weighted,False
ISPY1_1012_z019,ISPY1_1012,0,0,spy1,0.21120875,train,42,weighted,False
ISPY1_1012_z020,ISPY1_1012,0,0,spy1,0.2102245,train,42,weighted,False
ISPY1_1012_z021,ISPY1_1012,0,0,spy1,0.20844966,train,42,weighted,False
ISPY1_1012_z022,ISPY1_1012,0,0,spy1,0.20841716,train,42,weighted,False
ISPY1_1012_z023,ISPY1_1012,0,0,spy1,0.20892608,train,42,weighted,False
ISPY1_1012_z024,ISPY1_1012,0,0,spy1,0.20760249,train,42,weighted,False
ISPY1_1035_z005,ISPY1_1035,0,0,spy1,0.481241,train,42,weighted,False
ISPY1_1035_z006,ISPY1_1035,0,0,spy1,0.48291993,train,42,weighted,False
ISPY1_1035_z009,ISPY1_1035,0,0,spy1,0.48130998,train,42,weighted,False
ISPY1_1035_z010,ISPY1_1035,0,0,spy1,0.48371172,train,42,weighted,False
ISPY1_1035_z011,ISPY1_1035,0,0,spy1,0.4835387,train,42,weighted,False
ISPY1_1035_z012,ISPY1_1035,0,0,spy1,0.4842549,train,42,weighted,False
ISPY1_1035_z013,ISPY1_1035,0,0,spy1,0.48510948,train,42,weighted,False
ISPY1_1035_z014,ISPY1_1035,0,0,spy1,0.4847664,train,42,weighted,False
ISPY1_1035_z015,ISPY1_1035,0,0,spy1,0.48452866,train,42,weighted,False
ISPY1_1035_z016,ISPY1_1035,0,0,spy1,0.48403257,train,42,weighted,False
ISPY1_1040_z014,ISPY1_1040,0,0,spy1,0.45584592,train,42,weighted,False
ISPY1_1040_z015,ISPY1_1040,0,0,spy1,0.4542682,train,42,weighted,False
ISPY1_1040_z016,ISPY1_1040,0,0,spy1,0.4518987,train,42,weighted,False
ISPY1_1040_z017,ISPY1_1040,0,0,spy1,0.45132014,train,42,weighted,False
ISPY1_1040_z020,ISPY1_1040,0,0,spy1,0.45184213,train,42,weighted,False
ISPY1_1040_z021,ISPY1_1040,0,0,spy1,0.45143074,train,42,weighted,False
ISPY1_1040_z022,ISPY1_1040,0,0,spy1,0.45011467,train,42,weighted,False
ISPY1_1040_z023,ISPY1_1040,0,0,spy1,0.4507448,train,42,weighted,False
ISPY1_1040_z024,ISPY1_1040,0,0,spy1,0.45115262,train,42,weighted,False
ISPY1_1040_z025,ISPY1_1040,0,0,spy1,0.45190823,train,42,weighted,False
ISPY1_1056_z027,ISPY1_1056,0,0,spy1,0.7862221,train,42,weighted,False
ISPY1_1056_z028,ISPY1_1056,0,0,spy1,0.7854183,train,42,weighted,False
ISPY1_1056_z029,ISPY1_1056,0,0,spy1,0.7859104,train,42,weighted,False
ISPY1_1056_z030,ISPY1_1056,0,0,spy1,0.7854358,train,42,weighted,False
ISPY1_1056_z031,ISPY1_1056,0,0,spy1,0.7859824,train,42,weighted,False
ISPY1_1056_z032,ISPY1_1056,0,0,spy1,0.7873164,train,42,weighted,False
ISPY1_1056_z033,ISPY1_1056,0,0,spy1,0.7881475,train,42,weighted,False
ISPY1_1056_z034,ISPY1_1056,0,0,spy1,0.78820753,train,42,weighted,False
ISPY1_1056_z035,ISPY1_1056,0,0,spy1,0.78871405,train,42,weighted,False
ISPY1_1056_z036,ISPY1_1056,0,0,spy1,0.7896296,train,42,weighted,False
ISPY1_1069_z007,ISPY1_1069,0,0,spy1,0.25438806,train,42,weighted,False
ISPY1_1069_z008,ISPY1_1069,0,0,spy1,0.2526276,train,42,weighted,False
ISPY1_1069_z009,ISPY1_1069,0,0,spy1,0.25137603,train,42,weighted,False
ISPY1_1069_z010,ISPY1_1069,0,0,spy1,0.24918288,train,42,weighted,False
ISPY1_1069_z011,ISPY1_1069,0,0,spy1,0.24898912,train,42,weighted,False
ISPY1_1069_z012,ISPY1_1069,0,0,spy1,0.24843162,train,42,weighted,False
ISPY1_1069_z013,ISPY1_1069,0,0,spy1,0.24838714,train,42,weighted,False
ISPY1_1069_z014,ISPY1_1069,0,0,spy1,0.24799442,train,42,weighted,False
ISPY1_1069_z015,ISPY1_1069,0,0,spy1,0.24692531,train,42,weighted,False
ISPY1_1069_z016,ISPY1_1069,0,0,spy1,0.24666356,train,42,weighted,False
ISPY1_1075_z010,ISPY1_1075,0,1,spy1,0.6636096,train,42,weighted,False
ISPY1_1075_z011,ISPY1_1075,0,1,spy1,0.6615523,train,42,weighted,False
ISPY1_1075_z013,ISPY1_1075,0,1,spy1,0.66132545,train,42,weighted,False
ISPY1_1075_z014,ISPY1_1075,0,1,spy1,0.66292,train,42,weighted,False
ISPY1_1075_z015,ISPY1_1075,0,1,spy1,0.6634182,train,42,weighted,False
ISPY1_1075_z016,ISPY1_1075,0,1,spy1,0.66165555,train,42,weighted,False
ISPY1_1075_z017,ISPY1_1075,0,1,spy1,0.6618667,train,42,weighted,False
ISPY1_1075_z018,ISPY1_1075,0,1,spy1,0.660956,train,42,weighted,False
ISPY1_1075_z019,ISPY1_1075,0,1,spy1,0.66046685,train,42,weighted,False
ISPY1_1075_z020,ISPY1_1075,0,1,spy1,0.6601625,train,42,weighted,False
ISPY1_1089_z012,ISPY1_1089,0,0,spy1,0.13561343,train,42,weighted,False
ISPY1_1089_z013,ISPY1_1089,0,0,spy1,0.13573515,train,42,weighted,False
ISPY1_1089_z014,ISPY1_1089,0,0,spy1,0.1355595,train,42,weighted,False
ISPY1_1089_z015,ISPY1_1089,0,0,spy1,0.13570885,train,42,weighted,False
ISPY1_1089_z016,ISPY1_1089,0,0,spy1,0.13576226,train,42,weighted,False
ISPY1_1089_z017,ISPY1_1089,0,0,spy1,0.1359322,train,42,weighted,False
ISPY1_1089_z022,ISPY1_1089,0,0,spy1,0.13512203,train,42,weighted,False
ISPY1_1089_z023,ISPY1_1089,0,0,spy1,0.13500656,train,42,weighted,False
ISPY1_1089_z024,ISPY1_1089,0,0,spy1,0.1349904,train,42,weighted,False
ISPY1_1089_z025,ISPY1_1089,0,0,spy1,0.13573276,train,42,weighted,False
ISPY1_1104_z012,ISPY1_1104,0,1,spy1,0.7066592,train,42,weighted,False
ISPY1_1104_z013,ISPY1_1104,0,1,spy1,0.706108,train,42,weighted,False
ISPY1_1104_z014,ISPY1_1104,0,1,spy1,0.70583653,train,42,weighted,False
ISPY1_1104_z015,ISPY1_1104,0,1,spy1,0.7060955,train,42,weighted,False
ISPY1_1104_z016,ISPY1_1104,0,1,spy1,0.7059403,train,42,weighted,False
ISPY1_1104_z017,ISPY1_1104,0,1,spy1,0.70601594,train,42,weighted,False
ISPY1_1104_z018,ISPY1_1104,0,1,spy1,0.7059693,train,42,weighted,False
ISPY1_1104_z019,ISPY1_1104,0,1,spy1,0.70570177,train,42,weighted,False
ISPY1_1104_z020,ISPY1_1104,0,1,spy1,0.7060942,train,42,weighted,False
ISPY1_1104_z024,ISPY1_1104,0,1,spy1,0.7046308,train,42,weighted,False
ISPY1_1120_z000,ISPY1_1120,0,0,spy1,0.41347206,train,42,weighted,False
ISPY1_1120_z001,ISPY1_1120,0,0,spy1,0.41406018,train,42,weighted,False
ISPY1_1120_z002,ISPY1_1120,0,0,spy1,0.41263703,train,42,weighted,False
ISPY1_1120_z003,ISPY1_1120,0,0,spy1,0.4122073,train,42,weighted,False
ISPY1_1120_z004,ISPY1_1120,0,0,spy1,0.4099092,train,42,weighted,False
ISPY1_1120_z005,ISPY1_1120,0,0,spy1,0.4087661,train,42,weighted,False
ISPY1_1120_z006,ISPY1_1120,0,0,spy1,0.40829918,train,42,weighted,False
ISPY1_1120_z007,ISPY1_1120,0,0,spy1,0.40844932,train,42,weighted,False
ISPY1_1120_z009,ISPY1_1120,0,0,spy1,0.41076547,train,42,weighted,False
ISPY1_1120_z010,ISPY1_1120,0,0,spy1,0.41178167,train,42,weighted,False
ISPY1_1134_z008,ISPY1_1134,0,0,spy1,0.32533374,train,42,weighted,False
ISPY1_1134_z009,ISPY1_1134,0,0,spy1,0.32515088,train,42,weighted,False
ISPY1_1134_z010,ISPY1_1134,0,0,spy1,0.32410622,train,42,weighted,False
ISPY1_1134_z011,ISPY1_1134,0,0,spy1,0.32431856,train,42,weighted,False
ISPY1_1134_z012,ISPY1_1134,0,0,spy1,0.32319868,train,42,weighted,False
ISPY1_1134_z013,ISPY1_1134,0,0,spy1,0.3230167,train,42,weighted,False
ISPY1_1134_z014,ISPY1_1134,0,0,spy1,0.32446063,train,42,weighted,False
ISPY1_1134_z015,ISPY1_1134,0,0,spy1,0.32628724,train,42,weighted,False
ISPY1_1134_z016,ISPY1_1134,0,0,spy1,0.32634193,train,42,weighted,False
ISPY1_1134_z017,ISPY1_1134,0,0,spy1,0.32645258,train,42,weighted,False
ISPY1_1147_z017,ISPY1_1147,0,0,spy1,0.43442717,train,42,weighted,False
ISPY1_1147_z018,ISPY1_1147,0,0,spy1,0.43451378,train,42,weighted,False
ISPY1_1147_z019,ISPY1_1147,0,0,spy1,0.4325598,train,42,weighted,False
ISPY1_1147_z020,ISPY1_1147,0,0,spy1,0.43317154,train,42,weighted,False
ISPY1_1147_z021,ISPY1_1147,0,0,spy1,0.43318766,train,42,weighted,False
ISPY1_1147_z022,ISPY1_1147,0,0,spy1,0.43394086,train,42,weighted,False
ISPY1_1147_z023,ISPY1_1147,0,0,spy1,0.43586773,train,42,weighted,False
ISPY1_1147_z024,ISPY1_1147,0,0,spy1,0.4360872,train,42,weighted,False
ISPY1_1147_z025,ISPY1_1147,0,0,spy1,0.4371088,train,42,weighted,False
ISPY1_1147_z026,ISPY1_1147,0,0,spy1,0.43745923,train,42,weighted,False
ISPY1_1159_z021,ISPY1_1159,0,0,spy1,0.37919006,train,42,weighted,False
ISPY1_1159_z022,ISPY1_1159,0,0,spy1,0.377501,train,42,weighted,False
ISPY1_1159_z023,ISPY1_1159,0,0,spy1,0.37654278,train,42,weighted,False
ISPY1_1159_z024,ISPY1_1159,0,0,spy1,0.3751634,train,42,weighted,False
ISPY1_1159_z025,ISPY1_1159,0,0,spy1,0.37433335,train,42,weighted,False
ISPY1_1159_z026,ISPY1_1159,0,0,spy1,0.37253958,train,42,weighted,False
ISPY1_1159_z027,ISPY1_1159,0,0,spy1,0.37044144,train,42,weighted,False
ISPY1_1159_z028,ISPY1_1159,0,0,spy1,0.37138748,train,42,weighted,False
ISPY1_1159_z029,ISPY1_1159,0,0,spy1,0.3724989,train,42,weighted,False
ISPY1_1159_z030,ISPY1_1159,0,0,spy1,0.37232044,train,42,weighted,False
ISPY1_1173_z015,ISPY1_1173,0,0,spy1,0.37485057,train,42,weighted,False
ISPY1_1173_z016,ISPY1_1173,0,0,spy1,0.37541586,train,42,weighted,False
ISPY1_1173_z017,ISPY1_1173,0,0,spy1,0.3747419,train,42,weighted,False
ISPY1_1173_z018,ISPY1_1173,0,0,spy1,0.37428686,train,42,weighted,False
ISPY1_1173_z019,ISPY1_1173,0,0,spy1,0.37437892,train,42,weighted,False
ISPY1_1173_z020,ISPY1_1173,0,0,spy1,0.3734794,train,42,weighted,False
ISPY1_1173_z021,ISPY1_1173,0,0,spy1,0.37359327,train,42,weighted,False
ISPY1_1173_z022,ISPY1_1173,0,0,spy1,0.37318185,train,42,weighted,False
ISPY1_1173_z023,ISPY1_1173,0,0,spy1,0.37385938,train,42,weighted,False
ISPY1_1173_z024,ISPY1_1173,0,0,spy1,0.37274796,train,42,weighted,False
ISPY1_1183_z004,ISPY1_1183,0,0,spy1,0.25697598,train,42,weighted,False
ISPY1_1183_z005,ISPY1_1183,0,0,spy1,0.25577512,train,42,weighted,False
ISPY1_1183_z006,ISPY1_1183,0,0,spy1,0.25448868,train,42,weighted,False
ISPY1_1183_z007,ISPY1_1183,0,0,spy1,0.25214633,train,42,weighted,False
ISPY1_1183_z008,ISPY1_1183,0,0,spy1,0.25326815,train,42,weighted,False
ISPY1_1183_z009,ISPY1_1183,0,0,spy1,0.250995,train,42,weighted,False
ISPY1_1183_z010,ISPY1_1183,0,0,spy1,0.25143027,train,42,weighted,False
ISPY1_1183_z011,ISPY1_1183,0,0,spy1,0.2503404,train,42,weighted,False
ISPY1_1183_z012,ISPY1_1183,0,0,spy1,0.25212032,train,42,weighted,False
ISPY1_1183_z013,ISPY1_1183,0,0,spy1,0.25248128,train,42,weighted,False
ISPY1_1189_z005,ISPY1_1189,0,1,spy1,0.6889207,train,42,weighted,False
ISPY1_1189_z006,ISPY1_1189,0,1,spy1,0.6873317,train,42,weighted,False
ISPY1_1189_z007,ISPY1_1189,0,1,spy1,0.68604994,train,42,weighted,False
ISPY1_1189_z008,ISPY1_1189,0,1,spy1,0.6858182,train,42,weighted,False
ISPY1_1189_z009,ISPY1_1189,0,1,spy1,0.6857992,train,42,weighted,False
ISPY1_1189_z010,ISPY1_1189,0,1,spy1,0.68530405,train,42,weighted,False
ISPY1_1189_z011,ISPY1_1189,0,1,spy1,0.68438834,train,42,weighted,False
ISPY1_1189_z012,ISPY1_1189,0,1,spy1,0.684806,train,42,weighted,False
ISPY1_1189_z013,ISPY1_1189,0,1,spy1,0.68349653,train,42,weighted,False
ISPY1_1189_z014,ISPY1_1189,0,1,spy1,0.68341964,train,42,weighted,False
ISPY1_1198_z005,ISPY1_1198,0,0,spy1,0.2838831,train,42,weighted,False
ISPY1_1198_z006,ISPY1_1198,0,0,spy1,0.2839166,train,42,weighted,False
ISPY1_1198_z007,ISPY1_1198,0,0,spy1,0.28417572,train,42,weighted,False
ISPY1_1198_z008,ISPY1_1198,0,0,spy1,0.28420153,train,42,weighted,False
ISPY1_1198_z009,ISPY1_1198,0,0,spy1,0.2828715,train,42,weighted,False
ISPY1_1198_z010,ISPY1_1198,0,0,spy1,0.280308,train,42,weighted,False
ISPY1_1198_z011,ISPY1_1198,0,0,spy1,0.28101015,train,42,weighted,False
ISPY1_1198_z012,ISPY1_1198,0,0,spy1,0.28045738,train,42,weighted,False
ISPY1_1198_z013,ISPY1_1198,0,0,spy1,0.27986854,train,42,weighted,False
ISPY1_1198_z014,ISPY1_1198,0,0,spy1,0.27909398,train,42,weighted,False
ISPY1_1208_z005,ISPY1_1208,0,1,spy1,0.5835115,train,42,weighted,False
ISPY1_1208_z011,ISPY1_1208,0,1,spy1,0.58308893,train,42,weighted,False
ISPY1_1208_z012,ISPY1_1208,0,1,spy1,0.5843759,train,42,weighted,False
ISPY1_1208_z013,ISPY1_1208,0,1,spy1,0.58518636,train,42,weighted,False
ISPY1_1208_z014,ISPY1_1208,0,1,spy1,0.58459204,train,42,weighted,False
ISPY1_1208_z015,ISPY1_1208,0,1,spy1,0.5855043,train,42,weighted,False
ISPY1_1208_z016,ISPY1_1208,0,1,spy1,0.5852327,train,42,weighted,False
ISPY1_1208_z017,ISPY1_1208,0,1,spy1,0.5858662,train,42,weighted,False
ISPY1_1208_z018,ISPY1_1208,0,1,spy1,0.5866438,train,42,weighted,False
ISPY1_1208_z019,ISPY1_1208,0,1,spy1,0.5866998,train,42,weighted,False
ISPY1_1222_z005,ISPY1_1222,0,0,spy1,0.7397748,train,42,weighted,False
ISPY1_1222_z006,ISPY1_1222,0,0,spy1,0.738981,train,42,weighted,False
ISPY1_1222_z007,ISPY1_1222,0,0,spy1,0.7382772,train,42,weighted,False
ISPY1_1222_z008,ISPY1_1222,0,0,spy1,0.73831654,train,42,weighted,False
ISPY1_1222_z009,ISPY1_1222,0,0,spy1,0.7376175,train,42,weighted,False
ISPY1_1222_z010,ISPY1_1222,0,0,spy1,0.73879176,train,42,weighted,False
ISPY1_1222_z011,ISPY1_1222,0,0,spy1,0.74097127,train,42,weighted,False
ISPY1_1222_z012,ISPY1_1222,0,0,spy1,0.7430913,train,42,weighted,False
ISPY1_1222_z013,ISPY1_1222,0,0,spy1,0.74477935,train,42,weighted,False
ISPY1_1222_z014,ISPY1_1222,0,0,spy1,0.7467485,train,42,weighted,False
ISPY1_1230_z008,ISPY1_1230,0,0,spy1,0.22196919,train,42,weighted,False
ISPY1_1230_z009,ISPY1_1230,0,0,spy1,0.22191845,train,42,weighted,False
ISPY1_1230_z010,ISPY1_1230,0,0,spy1,0.22046015,train,42,weighted,False
ISPY1_1230_z011,ISPY1_1230,0,0,spy1,0.22033674,train,42,weighted,False
ISPY1_1230_z012,ISPY1_1230,0,0,spy1,0.21983463,train,42,weighted,False
ISPY1_1230_z013,ISPY1_1230,0,0,spy1,0.22021261,train,42,weighted,False
ISPY1_1230_z014,ISPY1_1230,0,0,spy1,0.21949883,train,42,weighted,False
ISPY1_1230_z015,ISPY1_1230,0,0,spy1,0.22024429,train,42,weighted,False
ISPY1_1230_z016,ISPY1_1230,0,0,spy1,0.22191049,train,42,weighted,False
ISPY1_1230_z017,ISPY1_1230,0,0,spy1,0.22346097,train,42,weighted,False
ISPY1_1237_z003,ISPY1_1237,0,0,spy1,0.5587191,train,42,weighted,False
ISPY1_1237_z004,ISPY1_1237,0,0,spy1,0.559785,train,42,weighted,False
ISPY1_1237_z005,ISPY1_1237,0,0,spy1,0.5574549,train,42,weighted,False
ISPY1_1237_z006,ISPY1_1237,0,0,spy1,0.557665,train,42,weighted,False
ISPY1_1237_z007,ISPY1_1237,0,0,spy1,0.55727726,train,42,weighted,False
ISPY1_1237_z008,ISPY1_1237,0,0,spy1,0.55743283,train,42,weighted,False
ISPY1_1237_z009,ISPY1_1237,0,0,spy1,0.5568137,train,42,weighted,False
ISPY1_1237_z010,ISPY1_1237,0,0,spy1,0.55768925,train,42,weighted,False
ISPY1_1237_z011,ISPY1_1237,0,0,spy1,0.55783963,train,42,weighted,False
ISPY1_1237_z012,ISPY1_1237,0,0,spy1,0.55639356,train,42,weighted,False
Breast_MRI_009_z010,Breast_MRI_009,0,1,duke,0.5603722,train,42,weighted,False
Breast_MRI_009_z011,Breast_MRI_009,0,1,duke,0.56093174,train,42,weighted,False
Breast_MRI_009_z012,Breast_MRI_009,0,1,duke,0.56013983,train,42,weighted,False
Breast_MRI_009_z013,Breast_MRI_009,0,1,duke,0.560162,train,42,weighted,False
Breast_MRI_009_z014,Breast_MRI_009,0,1,duke,0.5610384,train,42,weighted,False
Breast_MRI_009_z015,Breast_MRI_009,0,1,duke,0.5611949,train,42,weighted,False
Breast_MRI_009_z016,Breast_MRI_009,0,1,duke,0.5610424,train,42,weighted,False
Breast_MRI_009_z017,Breast_MRI_009,0,1,duke,0.5616753,train,42,weighted,False
Breast_MRI_009_z018,Breast_MRI_009,0,1,duke,0.5624579,train,42,weighted,False
Breast_MRI_009_z019,Breast_MRI_009,0,1,duke,0.5621421,train,42,weighted,False
Breast_MRI_022_z014,Breast_MRI_022,0,0,duke,0.51865745,train,42,weighted,False
Breast_MRI_022_z015,Breast_MRI_022,0,0,duke,0.51887345,train,42,weighted,False
Breast_MRI_022_z016,Breast_MRI_022,0,0,duke,0.5175218,train,42,weighted,False
Breast_MRI_022_z017,Breast_MRI_022,0,0,duke,0.5184595,train,42,weighted,False
Breast_MRI_022_z018,Breast_MRI_022,0,0,duke,0.51786035,train,42,weighted,False
Breast_MRI_022_z019,Breast_MRI_022,0,0,duke,0.5178972,train,42,weighted,False
Breast_MRI_022_z020,Breast_MRI_022,0,0,duke,0.51828736,train,42,weighted,False
Breast_MRI_022_z021,Breast_MRI_022,0,0,duke,0.51824635,train,42,weighted,False
Breast_MRI_022_z022,Breast_MRI_022,0,0,duke,0.5180759,train,42,weighted,False
Breast_MRI_022_z023,Breast_MRI_022,0,0,duke,0.51879525,train,42,weighted,False
Breast_MRI_043_z011,Breast_MRI_043,0,0,duke,0.59590346,train,42,weighted,False
Breast_MRI_043_z012,Breast_MRI_043,0,0,duke,0.5964685,train,42,weighted,False
Breast_MRI_043_z013,Breast_MRI_043,0,0,duke,0.595619,train,42,weighted,False
Breast_MRI_043_z014,Breast_MRI_043,0,0,duke,0.5953789,train,42,weighted,False
Breast_MRI_043_z015,Breast_MRI_043,0,0,duke,0.5949757,train,42,weighted,False
Breast_MRI_043_z016,Breast_MRI_043,0,0,duke,0.5963013,train,42,weighted,False
Breast_MRI_043_z017,Breast_MRI_043,0,0,duke,0.5961392,train,42,weighted,False
Breast_MRI_043_z018,Breast_MRI_043,0,0,duke,0.5976545,train,42,weighted,False
Breast_MRI_043_z019,Breast_MRI_043,0,0,duke,0.5992882,train,42,weighted,False
Breast_MRI_043_z020,Breast_MRI_043,0,0,duke,0.5993877,train,42,weighted,False
Breast_MRI_057_z025,Breast_MRI_057,0,0,duke,0.26127675,train,42,weighted,False
Breast_MRI_057_z026,Breast_MRI_057,0,0,duke,0.26089332,train,42,weighted,False
Breast_MRI_057_z027,Breast_MRI_057,0,0,duke,0.26029292,train,42,weighted,False
Breast_MRI_057_z028,Breast_MRI_057,0,0,duke,0.25943145,train,42,weighted,False
Breast_MRI_057_z029,Breast_MRI_057,0,0,duke,0.2596758,train,42,weighted,False
Breast_MRI_057_z030,Breast_MRI_057,0,0,duke,0.2605619,train,42,weighted,False
Breast_MRI_057_z031,Breast_MRI_057,0,0,duke,0.26024824,train,42,weighted,False
Breast_MRI_057_z032,Breast_MRI_057,0,0,duke,0.26063174,train,42,weighted,False
Breast_MRI_057_z033,Breast_MRI_057,0,0,duke,0.26142642,train,42,weighted,False
Breast_MRI_057_z034,Breast_MRI_057,0,0,duke,0.2621455,train,42,weighted,False
Breast_MRI_086_z034,Breast_MRI_086,0,0,duke,0.5470773,train,42,weighted,False
Breast_MRI_086_z035,Breast_MRI_086,0,0,duke,0.5471578,train,42,weighted,False
Breast_MRI_086_z036,Breast_MRI_086,0,0,duke,0.5476635,train,42,weighted,False
Breast_MRI_086_z037,Breast_MRI_086,0,0,duke,0.547815,train,42,weighted,False
Breast_MRI_086_z038,Breast_MRI_086,0,0,duke,0.5460496,train,42,weighted,False
Breast_MRI_086_z039,Breast_MRI_086,0,0,duke,0.54742587,train,42,weighted,False
Breast_MRI_086_z040,Breast_MRI_086,0,0,duke,0.5479826,train,42,weighted,False
Breast_MRI_086_z041,Breast_MRI_086,0,0,duke,0.54741704,train,42,weighted,False
Breast_MRI_086_z042,Breast_MRI_086,0,0,duke,0.5480334,train,42,weighted,False
Breast_MRI_086_z043,Breast_MRI_086,0,0,duke,0.54765266,train,42,weighted,False
Breast_MRI_101_z006,Breast_MRI_101,0,0,duke,0.35250062,train,42,weighted,False
Breast_MRI_101_z007,Breast_MRI_101,0,0,duke,0.3530116,train,42,weighted,False
Breast_MRI_101_z008,Breast_MRI_101,0,0,duke,0.3518556,train,42,weighted,False
Breast_MRI_101_z009,Breast_MRI_101,0,0,duke,0.35145268,train,42,weighted,False
Breast_MRI_101_z010,Breast_MRI_101,0,0,duke,0.35000348,train,42,weighted,False
Breast_MRI_101_z011,Breast_MRI_101,0,0,duke,0.35124913,train,42,weighted,False
Breast_MRI_101_z012,Breast_MRI_101,0,0,duke,0.35140783,train,42,weighted,False
Breast_MRI_101_z013,Breast_MRI_101,0,0,duke,0.35079592,train,42,weighted,False
Breast_MRI_101_z014,Breast_MRI_101,0,0,duke,0.35202554,train,42,weighted,False
Breast_MRI_101_z015,Breast_MRI_101,0,0,duke,0.35190564,train,42,weighted,False
Breast_MRI_117_z009,Breast_MRI_117,0,0,duke,0.73327523,train,42,weighted,False
Breast_MRI_117_z010,Breast_MRI_117,0,0,duke,0.7330184,train,42,weighted,False
Breast_MRI_117_z011,Breast_MRI_117,0,0,duke,0.7327209,train,42,weighted,False
Breast_MRI_117_z012,Breast_MRI_117,0,0,duke,0.73301446,train,42,weighted,False
Breast_MRI_117_z013,Breast_MRI_117,0,0,duke,0.7331245,train,42,weighted,False
Breast_MRI_117_z014,Breast_MRI_117,0,0,duke,0.7334624,train,42,weighted,False
Breast_MRI_117_z015,Breast_MRI_117,0,0,duke,0.7330454,train,42,weighted,False
Breast_MRI_117_z016,Breast_MRI_117,0,0,duke,0.73316,train,42,weighted,False
Breast_MRI_117_z017,Breast_MRI_117,0,0,duke,0.7334067,train,42,weighted,False
Breast_MRI_117_z018,Breast_MRI_117,0,0,duke,0.7329027,train,42,weighted,False
Breast_MRI_136_z003,Breast_MRI_136,0,0,duke,0.37335753,train,42,weighted,False
Breast_MRI_136_z004,Breast_MRI_136,0,0,duke,0.37374395,train,42,weighted,False
Breast_MRI_136_z005,Breast_MRI_136,0,0,duke,0.37438586,train,42,weighted,False
Breast_MRI_136_z006,Breast_MRI_136,0,0,duke,0.3740328,train,42,weighted,False
Breast_MRI_136_z007,Breast_MRI_136,0,0,duke,0.3751972,train,42,weighted,False
Breast_MRI_136_z008,Breast_MRI_136,0,0,duke,0.37438107,train,42,weighted,False
Breast_MRI_136_z009,Breast_MRI_136,0,0,duke,0.37528756,train,42,weighted,False
Breast_MRI_136_z010,Breast_MRI_136,0,0,duke,0.3754753,train,42,weighted,False
Breast_MRI_136_z011,Breast_MRI_136,0,0,duke,0.3754168,train,42,weighted,False
Breast_MRI_136_z012,Breast_MRI_136,0,0,duke,0.3752052,train,42,weighted,False
Breast_MRI_144_z009,Breast_MRI_144,0,1,duke,0.79574555,train,42,weighted,False
Breast_MRI_144_z010,Breast_MRI_144,0,1,duke,0.7956974,train,42,weighted,False
Breast_MRI_144_z011,Breast_MRI_144,0,1,duke,0.7957523,train,42,weighted,False
Breast_MRI_144_z012,Breast_MRI_144,0,1,duke,0.7955157,train,42,weighted,False
Breast_MRI_144_z013,Breast_MRI_144,0,1,duke,0.79522085,train,42,weighted,False
Breast_MRI_144_z014,Breast_MRI_144,0,1,duke,0.7954204,train,42,weighted,False
Breast_MRI_144_z015,Breast_MRI_144,0,1,duke,0.7952648,train,42,weighted,False
Breast_MRI_144_z016,Breast_MRI_144,0,1,duke,0.7950497,train,42,weighted,False
Breast_MRI_144_z017,Breast_MRI_144,0,1,duke,0.7953268,train,42,weighted,False
Breast_MRI_144_z018,Breast_MRI_144,0,1,duke,0.7953183,train,42,weighted,False
Breast_MRI_163_z018,Breast_MRI_163,0,0,duke,0.34693858,train,42,weighted,False
Breast_MRI_163_z019,Breast_MRI_163,0,0,duke,0.34702983,train,42,weighted,False
Breast_MRI_163_z020,Breast_MRI_163,0,0,duke,0.34683976,train,42,weighted,False
Breast_MRI_163_z021,Breast_MRI_163,0,0,duke,0.34649718,train,42,weighted,False
Breast_MRI_163_z022,Breast_MRI_163,0,0,duke,0.34672695,train,42,weighted,False
Breast_MRI_163_z023,Breast_MRI_163,0,0,duke,0.34653386,train,42,weighted,False
Breast_MRI_163_z024,Breast_MRI_163,0,0,duke,0.346434,train,42,weighted,False
Breast_MRI_163_z025,Breast_MRI_163,0,0,duke,0.3457436,train,42,weighted,False
Breast_MRI_163_z026,Breast_MRI_163,0,0,duke,0.346374,train,42,weighted,False
Breast_MRI_163_z027,Breast_MRI_163,0,0,duke,0.3467362,train,42,weighted,False
Breast_MRI_205_z026,Breast_MRI_205,0,0,duke,0.2608961,train,42,weighted,False
Breast_MRI_205_z027,Breast_MRI_205,0,0,duke,0.2606341,train,42,weighted,False
Breast_MRI_205_z028,Breast_MRI_205,0,0,duke,0.26041937,train,42,weighted,False
Breast_MRI_205_z029,Breast_MRI_205,0,0,duke,0.26042795,train,42,weighted,False
Breast_MRI_205_z030,Breast_MRI_205,0,0,duke,0.2585262,train,42,weighted,False
Breast_MRI_205_z031,Breast_MRI_205,0,0,duke,0.2580066,train,42,weighted,False
Breast_MRI_205_z032,Breast_MRI_205,0,0,duke,0.2570955,train,42,weighted,False
Breast_MRI_205_z033,Breast_MRI_205,0,0,duke,0.25754356,train,42,weighted,False
Breast_MRI_205_z034,Breast_MRI_205,0,0,duke,0.25699088,train,42,weighted,False
Breast_MRI_205_z035,Breast_MRI_205,0,0,duke,0.25772765,train,42,weighted,False
Breast_MRI_233_z005,Breast_MRI_233,0,0,duke,0.65231824,train,42,weighted,False
Breast_MRI_233_z006,Breast_MRI_233,0,0,duke,0.65232927,train,42,weighted,False
Breast_MRI_233_z007,Breast_MRI_233,0,0,duke,0.65296626,train,42,weighted,False
Breast_MRI_233_z008,Breast_MRI_233,0,0,duke,0.65296865,train,42,weighted,False
Breast_MRI_233_z009,Breast_MRI_233,0,0,duke,0.6523049,train,42,weighted,False
Breast_MRI_233_z010,Breast_MRI_233,0,0,duke,0.6512226,train,42,weighted,False
Breast_MRI_233_z011,Breast_MRI_233,0,0,duke,0.65283936,train,42,weighted,False
Breast_MRI_233_z012,Breast_MRI_233,0,0,duke,0.65279514,train,42,weighted,False
Breast_MRI_233_z013,Breast_MRI_233,0,0,duke,0.6523584,train,42,weighted,False
Breast_MRI_233_z014,Breast_MRI_233,0,0,duke,0.650679,train,42,weighted,False
Breast_MRI_255_z028,Breast_MRI_255,0,1,duke,0.45534748,train,42,weighted,False
Breast_MRI_255_z029,Breast_MRI_255,0,1,duke,0.45439678,train,42,weighted,False
Breast_MRI_255_z030,Breast_MRI_255,0,1,duke,0.454309,train,42,weighted,False
Breast_MRI_255_z031,Breast_MRI_255,0,1,duke,0.45472798,train,42,weighted,False
Breast_MRI_255_z032,Breast_MRI_255,0,1,duke,0.45490676,train,42,weighted,False
Breast_MRI_255_z033,Breast_MRI_255,0,1,duke,0.45459732,train,42,weighted,False
Breast_MRI_255_z034,Breast_MRI_255,0,1,duke,0.4545415,train,42,weighted,False
Breast_MRI_255_z035,Breast_MRI_255,0,1,duke,0.45422247,train,42,weighted,False
Breast_MRI_255_z036,Breast_MRI_255,0,1,duke,0.4533409,train,42,weighted,False
Breast_MRI_255_z037,Breast_MRI_255,0,1,duke,0.45337376,train,42,weighted,False
Breast_MRI_268_z016,Breast_MRI_268,0,0,duke,0.32492444,train,42,weighted,False
Breast_MRI_268_z017,Breast_MRI_268,0,0,duke,0.32424578,train,42,weighted,False
Breast_MRI_268_z018,Breast_MRI_268,0,0,duke,0.32459596,train,42,weighted,False
Breast_MRI_268_z019,Breast_MRI_268,0,0,duke,0.3242917,train,42,weighted,False
Breast_MRI_268_z020,Breast_MRI_268,0,0,duke,0.32456484,train,42,weighted,False
Breast_MRI_268_z021,Breast_MRI_268,0,0,duke,0.32468507,train,42,weighted,False
Breast_MRI_268_z022,Breast_MRI_268,0,0,duke,0.32423857,train,42,weighted,False
Breast_MRI_268_z023,Breast_MRI_268,0,0,duke,0.32281348,train,42,weighted,False
Breast_MRI_268_z024,Breast_MRI_268,0,0,duke,0.3229749,train,42,weighted,False
Breast_MRI_268_z025,Breast_MRI_268,0,0,duke,0.32193077,train,42,weighted,False
Breast_MRI_293_z028,Breast_MRI_293,0,0,duke,0.47244716,train,42,weighted,False
Breast_MRI_293_z029,Breast_MRI_293,0,0,duke,0.471602,train,42,weighted,False
Breast_MRI_293_z030,Breast_MRI_293,0,0,duke,0.47205234,train,42,weighted,False
Breast_MRI_293_z031,Breast_MRI_293,0,0,duke,0.47174844,train,42,weighted,False
Breast_MRI_293_z032,Breast_MRI_293,0,0,duke,0.4720006,train,42,weighted,False
Breast_MRI_293_z033,Breast_MRI_293,0,0,duke,0.47038263,train,42,weighted,False
Breast_MRI_293_z034,Breast_MRI_293,0,0,duke,0.471767,train,42,weighted,False
Breast_MRI_293_z035,Breast_MRI_293,0,0,duke,0.47190842,train,42,weighted,False
Breast_MRI_293_z036,Breast_MRI_293,0,0,duke,0.4715556,train,42,weighted,False
Breast_MRI_293_z037,Breast_MRI_293,0,0,duke,0.4708197,train,42,weighted,False
Breast_MRI_321_z016,Breast_MRI_321,0,0,duke,0.7968044,train,42,weighted,False
Breast_MRI_321_z017,Breast_MRI_321,0,0,duke,0.79664165,train,42,weighted,False
Breast_MRI_321_z018,Breast_MRI_321,0,0,duke,0.7971297,train,42,weighted,False
Breast_MRI_321_z019,Breast_MRI_321,0,0,duke,0.7973359,train,42,weighted,False
Breast_MRI_321_z020,Breast_MRI_321,0,0,duke,0.7979966,train,42,weighted,False
Breast_MRI_321_z021,Breast_MRI_321,0,0,duke,0.7983585,train,42,weighted,False
Breast_MRI_321_z022,Breast_MRI_321,0,0,duke,0.7980492,train,42,weighted,False
Breast_MRI_321_z023,Breast_MRI_321,0,0,duke,0.79794574,train,42,weighted,False
Breast_MRI_321_z024,Breast_MRI_321,0,0,duke,0.7979396,train,42,weighted,False
Breast_MRI_321_z025,Breast_MRI_321,0,0,duke,0.79721916,train,42,weighted,False
Breast_MRI_350_z012,Breast_MRI_350,0,1,duke,0.2575602,train,42,weighted,False
Breast_MRI_350_z013,Breast_MRI_350,0,1,duke,0.2581629,train,42,weighted,False
Breast_MRI_350_z014,Breast_MRI_350,0,1,duke,0.25774613,train,42,weighted,False
Breast_MRI_350_z015,Breast_MRI_350,0,1,duke,0.257555,train,42,weighted,False
Breast_MRI_350_z016,Breast_MRI_350,0,1,duke,0.25722995,train,42,weighted,False
Breast_MRI_350_z017,Breast_MRI_350,0,1,duke,0.25864956,train,42,weighted,False
Breast_MRI_350_z018,Breast_MRI_350,0,1,duke,0.2571825,train,42,weighted,False
Breast_MRI_350_z019,Breast_MRI_350,0,1,duke,0.25641105,train,42,weighted,False
Breast_MRI_350_z020,Breast_MRI_350,0,1,duke,0.25657755,train,42,weighted,False
Breast_MRI_350_z021,Breast_MRI_350,0,1,duke,0.25649926,train,42,weighted,False
Breast_MRI_378_z017,Breast_MRI_378,0,0,duke,0.1957184,train,42,weighted,False
Breast_MRI_378_z018,Breast_MRI_378,0,0,duke,0.19509731,train,42,weighted,False
Breast_MRI_378_z019,Breast_MRI_378,0,0,duke,0.19467643,train,42,weighted,False
Breast_MRI_378_z020,Breast_MRI_378,0,0,duke,0.19413249,train,42,weighted,False
Breast_MRI_378_z021,Breast_MRI_378,0,0,duke,0.1939864,train,42,weighted,False
Breast_MRI_378_z022,Breast_MRI_378,0,0,duke,0.19410615,train,42,weighted,False
Breast_MRI_378_z023,Breast_MRI_378,0,0,duke,0.19444418,train,42,weighted,False
Breast_MRI_378_z024,Breast_MRI_378,0,0,duke,0.19438711,train,42,weighted,False
Breast_MRI_378_z025,Breast_MRI_378,0,0,duke,0.1942709,train,42,weighted,False
Breast_MRI_378_z026,Breast_MRI_378,0,0,duke,0.19357562,train,42,weighted,False
Breast_MRI_397_z006,Breast_MRI_397,0,0,duke,0.58642834,train,42,weighted,False
Breast_MRI_397_z007,Breast_MRI_397,0,0,duke,0.5863794,train,42,weighted,False
Breast_MRI_397_z008,Breast_MRI_397,0,0,duke,0.586049,train,42,weighted,False
Breast_MRI_397_z009,Breast_MRI_397,0,0,duke,0.58599097,train,42,weighted,False
Breast_MRI_397_z010,Breast_MRI_397,0,0,duke,0.58685684,train,42,weighted,False
Breast_MRI_397_z011,Breast_MRI_397,0,0,duke,0.5869552,train,42,weighted,False
Breast_MRI_397_z012,Breast_MRI_397,0,0,duke,0.58690506,train,42,weighted,False
Breast_MRI_397_z013,Breast_MRI_397,0,0,duke,0.587636,train,42,weighted,False
Breast_MRI_397_z014,Breast_MRI_397,0,0,duke,0.5875278,train,42,weighted,False
Breast_MRI_397_z015,Breast_MRI_397,0,0,duke,0.588025,train,42,weighted,False
Breast_MRI_420_z038,Breast_MRI_420,0,1,duke,0.619118,train,42,weighted,False
Breast_MRI_420_z039,Breast_MRI_420,0,1,duke,0.6183895,train,42,weighted,False
Breast_MRI_420_z040,Breast_MRI_420,0,1,duke,0.6181033,train,42,weighted,False
Breast_MRI_420_z041,Breast_MRI_420,0,1,duke,0.6174181,train,42,weighted,False
Breast_MRI_420_z042,Breast_MRI_420,0,1,duke,0.6170216,train,42,weighted,False
Breast_MRI_420_z043,Breast_MRI_420,0,1,duke,0.61724395,train,42,weighted,False
Breast_MRI_420_z044,Breast_MRI_420,0,1,duke,0.6169858,train,42,weighted,False
Breast_MRI_420_z045,Breast_MRI_420,0,1,duke,0.61549073,train,42,weighted,False
Breast_MRI_420_z046,Breast_MRI_420,0,1,duke,0.6157017,train,42,weighted,False
Breast_MRI_420_z047,Breast_MRI_420,0,1,duke,0.6162067,train,42,weighted,False
Breast_MRI_438_z008,Breast_MRI_438,0,1,duke,0.6335147,train,42,weighted,False
Breast_MRI_438_z009,Breast_MRI_438,0,1,duke,0.63252527,train,42,weighted,False
Breast_MRI_438_z010,Breast_MRI_438,0,1,duke,0.63028926,train,42,weighted,False
Breast_MRI_438_z011,Breast_MRI_438,0,1,duke,0.6308451,train,42,weighted,False
Breast_MRI_438_z012,Breast_MRI_438,0,1,duke,0.6299716,train,42,weighted,False
Breast_MRI_438_z013,Breast_MRI_438,0,1,duke,0.6298482,train,42,weighted,False
Breast_MRI_438_z014,Breast_MRI_438,0,1,duke,0.6293794,train,42,weighted,False
Breast_MRI_438_z015,Breast_MRI_438,0,1,duke,0.62875843,train,42,weighted,False
Breast_MRI_438_z016,Breast_MRI_438,0,1,duke,0.62849635,train,42,weighted,False
Breast_MRI_438_z017,Breast_MRI_438,0,1,duke,0.6296124,train,42,weighted,False
Breast_MRI_465_z006,Breast_MRI_465,0,0,duke,0.41357654,train,42,weighted,False
Breast_MRI_465_z007,Breast_MRI_465,0,0,duke,0.41357175,train,42,weighted,False
Breast_MRI_465_z008,Breast_MRI_465,0,0,duke,0.41284877,train,42,weighted,False
Breast_MRI_465_z009,Breast_MRI_465,0,0,duke,0.41291675,train,42,weighted,False
Breast_MRI_465_z010,Breast_MRI_465,0,0,duke,0.4128772,train,42,weighted,False
Breast_MRI_465_z011,Breast_MRI_465,0,0,duke,0.41209388,train,42,weighted,False
Breast_MRI_465_z012,Breast_MRI_465,0,0,duke,0.4124865,train,42,weighted,False
Breast_MRI_465_z013,Breast_MRI_465,0,0,duke,0.41282484,train,42,weighted,False
Breast_MRI_465_z014,Breast_MRI_465,0,0,duke,0.4125465,train,42,weighted,False
Breast_MRI_465_z015,Breast_MRI_465,0,0,duke,0.41253525,train,42,weighted,False
Breast_MRI_489_z023,Breast_MRI_489,0,1,duke,0.63715947,train,42,weighted,False
Breast_MRI_489_z024,Breast_MRI_489,0,1,duke,0.63675654,train,42,weighted,False
Breast_MRI_489_z025,Breast_MRI_489,0,1,duke,0.6356308,train,42,weighted,False
Breast_MRI_489_z026,Breast_MRI_489,0,1,duke,0.635342,train,42,weighted,False
Breast_MRI_489_z027,Breast_MRI_489,0,1,duke,0.63598704,train,42,weighted,False
Breast_MRI_489_z028,Breast_MRI_489,0,1,duke,0.635986,train,42,weighted,False
Breast_MRI_489_z029,Breast_MRI_489,0,1,duke,0.6354898,train,42,weighted,False
Breast_MRI_489_z030,Breast_MRI_489,0,1,duke,0.6351858,train,42,weighted,False
Breast_MRI_489_z031,Breast_MRI_489,0,1,duke,0.63462853,train,42,weighted,False
Breast_MRI_489_z032,Breast_MRI_489,0,1,duke,0.63467866,train,42,weighted,False
Breast_MRI_506_z004,Breast_MRI_506,0,0,duke,0.3717187,train,42,weighted,False
Breast_MRI_506_z005,Breast_MRI_506,0,0,duke,0.36924148,train,42,weighted,False
Breast_MRI_506_z006,Breast_MRI_506,0,0,duke,0.37096888,train,42,weighted,False
Breast_MRI_506_z007,Breast_MRI_506,0,0,duke,0.37179828,train,42,weighted,False
Breast_MRI_506_z008,Breast_MRI_506,0,0,duke,0.37178296,train,42,weighted,False
Breast_MRI_506_z009,Breast_MRI_506,0,0,duke,0.37195253,train,42,weighted,False
Breast_MRI_506_z010,Breast_MRI_506,0,0,duke,0.37361658,train,42,weighted,False
Breast_MRI_506_z011,Breast_MRI_506,0,0,duke,0.37411216,train,42,weighted,False
Breast_MRI_506_z012,Breast_MRI_506,0,0,duke,0.37265325,train,42,weighted,False
Breast_MRI_506_z013,Breast_MRI_506,0,0,duke,0.3715393,train,42,weighted,False
Breast_MRI_527_z037,Breast_MRI_527,0,0,duke,0.35114545,train,42,weighted,False
Breast_MRI_527_z038,Breast_MRI_527,0,0,duke,0.3510152,train,42,weighted,False
Breast_MRI_527_z039,Breast_MRI_527,0,0,duke,0.35058984,train,42,weighted,False
Breast_MRI_527_z040,Breast_MRI_527,0,0,duke,0.35077202,train,42,weighted,False
Breast_MRI_527_z041,Breast_MRI_527,0,0,duke,0.35123456,train,42,weighted,False
Breast_MRI_527_z042,Breast_MRI_527,0,0,duke,0.35192263,train,42,weighted,False
Breast_MRI_527_z043,Breast_MRI_527,0,0,duke,0.35141838,train,42,weighted,False
Breast_MRI_527_z044,Breast_MRI_527,0,0,duke,0.35141608,train,42,weighted,False
Breast_MRI_527_z045,Breast_MRI_527,0,0,duke,0.35221592,train,42,weighted,False
Breast_MRI_527_z046,Breast_MRI_527,0,0,duke,0.35201284,train,42,weighted,False
Breast_MRI_541_z008,Breast_MRI_541,0,0,duke,0.5752738,train,42,weighted,False
Breast_MRI_541_z009,Breast_MRI_541,0,0,duke,0.576215,train,42,weighted,False
Breast_MRI_541_z010,Breast_MRI_541,0,0,duke,0.57821417,train,42,weighted,False
Breast_MRI_541_z011,Breast_MRI_541,0,0,duke,0.5808144,train,42,weighted,False
Breast_MRI_541_z012,Breast_MRI_541,0,0,duke,0.57956016,train,42,weighted,False
Breast_MRI_541_z013,Breast_MRI_541,0,0,duke,0.58168906,train,42,weighted,False
Breast_MRI_541_z014,Breast_MRI_541,0,0,duke,0.5798731,train,42,weighted,False
Breast_MRI_541_z015,Breast_MRI_541,0,0,duke,0.5794914,train,42,weighted,False
Breast_MRI_541_z016,Breast_MRI_541,0,0,duke,0.5807178,train,42,weighted,False
Breast_MRI_541_z017,Breast_MRI_541,0,0,duke,0.58347017,train,42,weighted,False
Breast_MRI_562_z013,Breast_MRI_562,0,1,duke,0.5703385,train,42,weighted,False
Breast_MRI_562_z014,Breast_MRI_562,0,1,duke,0.5711059,train,42,weighted,False
Breast_MRI_562_z015,Breast_MRI_562,0,1,duke,0.5714477,train,42,weighted,False
Breast_MRI_562_z016,Breast_MRI_562,0,1,duke,0.5719454,train,42,weighted,False
Breast_MRI_562_z017,Breast_MRI_562,0,1,duke,0.57282543,train,42,weighted,False
Breast_MRI_562_z018,Breast_MRI_562,0,1,duke,0.57250965,train,42,weighted,False
Breast_MRI_562_z019,Breast_MRI_562,0,1,duke,0.57257736,train,42,weighted,False
Breast_MRI_562_z020,Breast_MRI_562,0,1,duke,0.57235163,train,42,weighted,False
Breast_MRI_562_z021,Breast_MRI_562,0,1,duke,0.57287455,train,42,weighted,False
Breast_MRI_562_z022,Breast_MRI_562,0,1,duke,0.57274723,train,42,weighted,False
Breast_MRI_592_z029,Breast_MRI_592,0,0,duke,0.23665534,train,42,weighted,False
Breast_MRI_592_z030,Breast_MRI_592,0,0,duke,0.23706435,train,42,weighted,False
Breast_MRI_592_z031,Breast_MRI_592,0,0,duke,0.23787974,train,42,weighted,False
Breast_MRI_592_z032,Breast_MRI_592,0,0,duke,0.23824629,train,42,weighted,False
Breast_MRI_592_z033,Breast_MRI_592,0,0,duke,0.23846057,train,42,weighted,False
Breast_MRI_592_z034,Breast_MRI_592,0,0,duke,0.23809539,train,42,weighted,False
Breast_MRI_592_z035,Breast_MRI_592,0,0,duke,0.23806407,train,42,weighted,False
Breast_MRI_592_z036,Breast_MRI_592,0,0,duke,0.23764187,train,42,weighted,False
Breast_MRI_592_z037,Breast_MRI_592,0,0,duke,0.2377034,train,42,weighted,False
Breast_MRI_592_z038,Breast_MRI_592,0,0,duke,0.23919304,train,42,weighted,False
Breast_MRI_605_z010,Breast_MRI_605,0,0,duke,0.3496888,train,42,weighted,False
Breast_MRI_605_z011,Breast_MRI_605,0,0,duke,0.34936813,train,42,weighted,False
Breast_MRI_605_z012,Breast_MRI_605,0,0,duke,0.3482191,train,42,weighted,False
Breast_MRI_605_z013,Breast_MRI_605,0,0,duke,0.34741393,train,42,weighted,False
Breast_MRI_605_z014,Breast_MRI_605,0,0,duke,0.34722963,train,42,weighted,False
Breast_MRI_605_z015,Breast_MRI_605,0,0,duke,0.34566846,train,42,weighted,False
Breast_MRI_605_z016,Breast_MRI_605,0,0,duke,0.34480712,train,42,weighted,False
Breast_MRI_605_z017,Breast_MRI_605,0,0,duke,0.34433052,train,42,weighted,False
Breast_MRI_605_z018,Breast_MRI_605,0,0,duke,0.34385315,train,42,weighted,False
Breast_MRI_605_z019,Breast_MRI_605,0,0,duke,0.34325606,train,42,weighted,False
Breast_MRI_612_z010,Breast_MRI_612,0,0,duke,0.64247096,train,42,weighted,False
Breast_MRI_612_z011,Breast_MRI_612,0,0,duke,0.6418249,train,42,weighted,False
Breast_MRI_612_z012,Breast_MRI_612,0,0,duke,0.6401608,train,42,weighted,False
Breast_MRI_612_z013,Breast_MRI_612,0,0,duke,0.64042825,train,42,weighted,False
Breast_MRI_612_z014,Breast_MRI_612,0,0,duke,0.6393258,train,42,weighted,False
Breast_MRI_612_z015,Breast_MRI_612,0,0,duke,0.64051455,train,42,weighted,False
Breast_MRI_612_z016,Breast_MRI_612,0,0,duke,0.6409574,train,42,weighted,False
Breast_MRI_612_z017,Breast_MRI_612,0,0,duke,0.63991857,train,42,weighted,False
Breast_MRI_612_z018,Breast_MRI_612,0,0,duke,0.6410613,train,42,weighted,False
Breast_MRI_612_z019,Breast_MRI_612,0,0,duke,0.64112574,train,42,weighted,False
Breast_MRI_626_z003,Breast_MRI_626,0,0,duke,0.26036602,train,42,weighted,False
Breast_MRI_626_z004,Breast_MRI_626,0,0,duke,0.26073414,train,42,weighted,False
Breast_MRI_626_z005,Breast_MRI_626,0,0,duke,0.26113367,train,42,weighted,False
Breast_MRI_626_z006,Breast_MRI_626,0,0,duke,0.26146713,train,42,weighted,False
Breast_MRI_626_z007,Breast_MRI_626,0,0,duke,0.26130074,train,42,weighted,False
Breast_MRI_626_z008,Breast_MRI_626,0,0,duke,0.26146996,train,42,weighted,False
Breast_MRI_626_z009,Breast_MRI_626,0,0,duke,0.26194593,train,42,weighted,False
Breast_MRI_626_z010,Breast_MRI_626,0,0,duke,0.2627236,train,42,weighted,False
Breast_MRI_626_z011,Breast_MRI_626,0,0,duke,0.26183817,train,42,weighted,False
Breast_MRI_626_z012,Breast_MRI_626,0,0,duke,0.26190716,train,42,weighted,False
Breast_MRI_651_z002,Breast_MRI_651,0,0,duke,0.29096413,train,42,weighted,False
Breast_MRI_651_z003,Breast_MRI_651,0,0,duke,0.29363462,train,42,weighted,False
Breast_MRI_651_z004,Breast_MRI_651,0,0,duke,0.294229,train,42,weighted,False
Breast_MRI_651_z005,Breast_MRI_651,0,0,duke,0.2938251,train,42,weighted,False
Breast_MRI_651_z006,Breast_MRI_651,0,0,duke,0.29307857,train,42,weighted,False
Breast_MRI_651_z007,Breast_MRI_651,0,0,duke,0.2944976,train,42,weighted,False
Breast_MRI_670_z003,Breast_MRI_670,0,0,duke,0.2367195,train,42,weighted,False
Breast_MRI_670_z004,Breast_MRI_670,0,0,duke,0.2365388,train,42,weighted,False
Breast_MRI_670_z005,Breast_MRI_670,0,0,duke,0.23680124,train,42,weighted,False
Breast_MRI_670_z006,Breast_MRI_670,0,0,duke,0.23699781,train,42,weighted,False
Breast_MRI_670_z007,Breast_MRI_670,0,0,duke,0.23706388,train,42,weighted,False
Breast_MRI_670_z008,Breast_MRI_670,0,0,duke,0.23626325,train,42,weighted,False
Breast_MRI_670_z009,Breast_MRI_670,0,0,duke,0.23662686,train,42,weighted,False
Breast_MRI_670_z010,Breast_MRI_670,0,0,duke,0.23698765,train,42,weighted,False
Breast_MRI_670_z011,Breast_MRI_670,0,0,duke,0.2368256,train,42,weighted,False
Breast_MRI_670_z012,Breast_MRI_670,0,0,duke,0.2363403,train,42,weighted,False
Breast_MRI_681_z035,Breast_MRI_681,0,0,duke,0.49493968,train,42,weighted,False
Breast_MRI_681_z036,Breast_MRI_681,0,0,duke,0.49529523,train,42,weighted,False
Breast_MRI_681_z037,Breast_MRI_681,0,0,duke,0.49549124,train,42,weighted,False
Breast_MRI_681_z038,Breast_MRI_681,0,0,duke,0.49488667,train,42,weighted,False
Breast_MRI_681_z039,Breast_MRI_681,0,0,duke,0.4943356,train,42,weighted,False
Breast_MRI_681_z040,Breast_MRI_681,0,0,duke,0.4948264,train,42,weighted,False
Breast_MRI_681_z041,Breast_MRI_681,0,0,duke,0.4949044,train,42,weighted,False
Breast_MRI_681_z042,Breast_MRI_681,0,0,duke,0.49342084,train,42,weighted,False
Breast_MRI_681_z043,Breast_MRI_681,0,0,duke,0.49190843,train,42,weighted,False
Breast_MRI_681_z044,Breast_MRI_681,0,0,duke,0.49162564,train,42,weighted,False
Breast_MRI_697_z003,Breast_MRI_697,0,0,duke,0.3311666,train,42,weighted,False
Breast_MRI_697_z004,Breast_MRI_697,0,0,duke,0.3311561,train,42,weighted,False
Breast_MRI_697_z005,Breast_MRI_697,0,0,duke,0.33158526,train,42,weighted,False
Breast_MRI_697_z006,Breast_MRI_697,0,0,duke,0.33200106,train,42,weighted,False
Breast_MRI_697_z007,Breast_MRI_697,0,0,duke,0.33189064,train,42,weighted,False
Breast_MRI_697_z008,Breast_MRI_697,0,0,duke,0.3317358,train,42,weighted,False
Breast_MRI_697_z009,Breast_MRI_697,0,0,duke,0.3315701,train,42,weighted,False
Breast_MRI_697_z010,Breast_MRI_697,0,0,duke,0.33008233,train,42,weighted,False
Breast_MRI_697_z011,Breast_MRI_697,0,0,duke,0.32904655,train,42,weighted,False
Breast_MRI_697_z012,Breast_MRI_697,0,0,duke,0.32785082,train,42,weighted,False
Breast_MRI_724_z017,Breast_MRI_724,0,0,duke,0.15758836,train,42,weighted,False
Breast_MRI_724_z018,Breast_MRI_724,0,0,duke,0.15750298,train,42,weighted,False
Breast_MRI_724_z019,Breast_MRI_724,0,0,duke,0.15722421,train,42,weighted,False
Breast_MRI_724_z020,Breast_MRI_724,0,0,duke,0.15739606,train,42,weighted,False
Breast_MRI_724_z021,Breast_MRI_724,0,0,duke,0.15756527,train,42,weighted,False
Breast_MRI_724_z022,Breast_MRI_724,0,0,duke,0.1576136,train,42,weighted,False
Breast_MRI_724_z023,Breast_MRI_724,0,0,duke,0.15738796,train,42,weighted,False
Breast_MRI_724_z024,Breast_MRI_724,0,0,duke,0.15728879,train,42,weighted,False
Breast_MRI_724_z025,Breast_MRI_724,0,0,duke,0.15757103,train,42,weighted,False
Breast_MRI_724_z026,Breast_MRI_724,0,0,duke,0.15748976,train,42,weighted,False
Breast_MRI_774_z003,Breast_MRI_774,0,1,duke,0.7151466,train,42,weighted,False
Breast_MRI_774_z004,Breast_MRI_774,0,1,duke,0.7146314,train,42,weighted,False
Breast_MRI_774_z005,Breast_MRI_774,0,1,duke,0.71444523,train,42,weighted,False
Breast_MRI_774_z006,Breast_MRI_774,0,1,duke,0.71398705,train,42,weighted,False
Breast_MRI_774_z007,Breast_MRI_774,0,1,duke,0.7143211,train,42,weighted,False
Breast_MRI_774_z008,Breast_MRI_774,0,1,duke,0.7146122,train,42,weighted,False
Breast_MRI_774_z009,Breast_MRI_774,0,1,duke,0.71409136,train,42,weighted,False
Breast_MRI_774_z010,Breast_MRI_774,0,1,duke,0.71362275,train,42,weighted,False
Breast_MRI_774_z011,Breast_MRI_774,0,1,duke,0.7131327,train,42,weighted,False
Breast_MRI_774_z012,Breast_MRI_774,0,1,duke,0.713319,train,42,weighted,False
Breast_MRI_809_z016,Breast_MRI_809,0,0,duke,0.25338864,train,42,weighted,False
Breast_MRI_809_z017,Breast_MRI_809,0,0,duke,0.25309813,train,42,weighted,False
Breast_MRI_809_z018,Breast_MRI_809,0,0,duke,0.25288475,train,42,weighted,False
Breast_MRI_809_z019,Breast_MRI_809,0,0,duke,0.25282416,train,42,weighted,False
Breast_MRI_809_z020,Breast_MRI_809,0,0,duke,0.25194317,train,42,weighted,False
Breast_MRI_809_z021,Breast_MRI_809,0,0,duke,0.2520513,train,42,weighted,False
Breast_MRI_809_z022,Breast_MRI_809,0,0,duke,0.25085458,train,42,weighted,False
Breast_MRI_809_z023,Breast_MRI_809,0,0,duke,0.25058556,train,42,weighted,False
Breast_MRI_809_z024,Breast_MRI_809,0,0,duke,0.25085834,train,42,weighted,False
Breast_MRI_809_z025,Breast_MRI_809,0,0,duke,0.2502389,train,42,weighted,False
Breast_MRI_830_z011,Breast_MRI_830,0,1,duke,0.67389417,train,42,weighted,False
Breast_MRI_830_z012,Breast_MRI_830,0,1,duke,0.67339003,train,42,weighted,False
Breast_MRI_830_z013,Breast_MRI_830,0,1,duke,0.67302763,train,42,weighted,False
Breast_MRI_830_z014,Breast_MRI_830,0,1,duke,0.6727804,train,42,weighted,False
Breast_MRI_830_z015,Breast_MRI_830,0,1,duke,0.6730269,train,42,weighted,False
Breast_MRI_830_z016,Breast_MRI_830,0,1,duke,0.6727222,train,42,weighted,False
Breast_MRI_830_z017,Breast_MRI_830,0,1,duke,0.672609,train,42,weighted,False
Breast_MRI_830_z018,Breast_MRI_830,0,1,duke,0.67276067,train,42,weighted,False
Breast_MRI_830_z019,Breast_MRI_830,0,1,duke,0.673044,train,42,weighted,False
Breast_MRI_830_z020,Breast_MRI_830,0,1,duke,0.67288715,train,42,weighted,False
Breast_MRI_860_z012,Breast_MRI_860,0,0,duke,0.3290847,train,42,weighted,False
Breast_MRI_860_z013,Breast_MRI_860,0,0,duke,0.32870337,train,42,weighted,False
Breast_MRI_860_z014,Breast_MRI_860,0,0,duke,0.3287177,train,42,weighted,False
Breast_MRI_860_z015,Breast_MRI_860,0,0,duke,0.3280275,train,42,weighted,False
Breast_MRI_860_z016,Breast_MRI_860,0,0,duke,0.32737762,train,42,weighted,False
Breast_MRI_860_z017,Breast_MRI_860,0,0,duke,0.32665852,train,42,weighted,False
Breast_MRI_860_z018,Breast_MRI_860,0,0,duke,0.32618833,train,42,weighted,False
Breast_MRI_860_z019,Breast_MRI_860,0,0,duke,0.3266976,train,42,weighted,False
Breast_MRI_860_z020,Breast_MRI_860,0,0,duke,0.326143,train,42,weighted,False
Breast_MRI_860_z021,Breast_MRI_860,0,0,duke,0.32604834,train,42,weighted,False
Breast_MRI_882_z011,Breast_MRI_882,0,1,duke,0.6145295,train,42,weighted,False
Breast_MRI_882_z012,Breast_MRI_882,0,1,duke,0.6147128,train,42,weighted,False
Breast_MRI_882_z013,Breast_MRI_882,0,1,duke,0.6153737,train,42,weighted,False
Breast_MRI_882_z014,Breast_MRI_882,0,1,duke,0.6152233,train,42,weighted,False
Breast_MRI_882_z015,Breast_MRI_882,0,1,duke,0.61527276,train,42,weighted,False
Breast_MRI_882_z016,Breast_MRI_882,0,1,duke,0.61554176,train,42,weighted,False
Breast_MRI_882_z017,Breast_MRI_882,0,1,duke,0.6155603,train,42,weighted,False
Breast_MRI_882_z018,Breast_MRI_882,0,1,duke,0.61501825,train,42,weighted,False
Breast_MRI_882_z019,Breast_MRI_882,0,1,duke,0.61559093,train,42,weighted,False
Breast_MRI_882_z020,Breast_MRI_882,0,1,duke,0.61511034,train,42,weighted,False
Breast_MRI_899_z011,Breast_MRI_899,0,0,duke,0.3363069,train,42,weighted,False
Breast_MRI_899_z012,Breast_MRI_899,0,0,duke,0.33534995,train,42,weighted,False
Breast_MRI_899_z013,Breast_MRI_899,0,0,duke,0.33473858,train,42,weighted,False
Breast_MRI_899_z014,Breast_MRI_899,0,0,duke,0.33476296,train,42,weighted,False
Breast_MRI_899_z015,Breast_MRI_899,0,0,duke,0.3365068,train,42,weighted,False
Breast_MRI_899_z016,Breast_MRI_899,0,0,duke,0.33779883,train,42,weighted,False
Breast_MRI_899_z017,Breast_MRI_899,0,0,duke,0.33910298,train,42,weighted,False
Breast_MRI_899_z018,Breast_MRI_899,0,0,duke,0.34018433,train,42,weighted,False
Breast_MRI_899_z019,Breast_MRI_899,0,0,duke,0.34053493,train,42,weighted,False
Breast_MRI_899_z020,Breast_MRI_899,0,0,duke,0.34050152,train,42,weighted,False
ISPY2-108939_z010,ISPY2-108939,0,1,spy2,0.6870756,train,42,weighted,False
ISPY2-108939_z011,ISPY2-108939,0,1,spy2,0.6864981,train,42,weighted,False
ISPY2-108939_z012,ISPY2-108939,0,1,spy2,0.6861611,train,42,weighted,False
ISPY2-108939_z013,ISPY2-108939,0,1,spy2,0.68686676,train,42,weighted,False
ISPY2-108939_z014,ISPY2-108939,0,1,spy2,0.68610555,train,42,weighted,False
ISPY2-108939_z015,ISPY2-108939,0,1,spy2,0.68675655,train,42,weighted,False
ISPY2-108939_z016,ISPY2-108939,0,1,spy2,0.68710303,train,42,weighted,False
ISPY2-108939_z017,ISPY2-108939,0,1,spy2,0.68735087,train,42,weighted,False
ISPY2-108939_z018,ISPY2-108939,0,1,spy2,0.6867407,train,42,weighted,False
ISPY2-108939_z019,ISPY2-108939,0,1,spy2,0.68585026,train,42,weighted,False
ISPY2-155171_z047,ISPY2-155171,0,0,spy2,0.19196662,train,42,weighted,False
ISPY2-155171_z048,ISPY2-155171,0,0,spy2,0.19141774,train,42,weighted,False
ISPY2-155171_z049,ISPY2-155171,0,0,spy2,0.19122991,train,42,weighted,False
ISPY2-155171_z050,ISPY2-155171,0,0,spy2,0.19118494,train,42,weighted,False
ISPY2-155171_z051,ISPY2-155171,0,0,spy2,0.19099595,train,42,weighted,False
ISPY2-155171_z052,ISPY2-155171,0,0,spy2,0.19100615,train,42,weighted,False
ISPY2-155171_z053,ISPY2-155171,0,0,spy2,0.19065233,train,42,weighted,False
ISPY2-155171_z054,ISPY2-155171,0,0,spy2,0.19081217,train,42,weighted,False
ISPY2-155171_z055,ISPY2-155171,0,0,spy2,0.19124398,train,42,weighted,False
ISPY2-155171_z056,ISPY2-155171,0,0,spy2,0.191598,train,42,weighted,False
ISPY2-605713_z034,ISPY2-605713,0,0,spy2,0.2792729,train,42,weighted,False
ISPY2-605713_z035,ISPY2-605713,0,0,spy2,0.27942702,train,42,weighted,False
ISPY2-605713_z036,ISPY2-605713,0,0,spy2,0.27947268,train,42,weighted,False
ISPY2-605713_z037,ISPY2-605713,0,0,spy2,0.2791507,train,42,weighted,False
ISPY2-605713_z038,ISPY2-605713,0,0,spy2,0.27910116,train,42,weighted,False
ISPY2-605713_z039,ISPY2-605713,0,0,spy2,0.27866378,train,42,weighted,False
ISPY2-605713_z040,ISPY2-605713,0,0,spy2,0.27903578,train,42,weighted,False
ISPY2-605713_z041,ISPY2-605713,0,0,spy2,0.27987546,train,42,weighted,False
ISPY2-605713_z042,ISPY2-605713,0,0,spy2,0.27955592,train,42,weighted,False
ISPY2-605713_z043,ISPY2-605713,0,0,spy2,0.2790622,train,42,weighted,False
ISPY2-613188_z005,ISPY2-613188,0,0,spy2,0.52983016,train,42,weighted,False
ISPY2-613188_z006,ISPY2-613188,0,0,spy2,0.529242,train,42,weighted,False
ISPY2-613188_z007,ISPY2-613188,0,0,spy2,0.531047,train,42,weighted,False
ISPY2-613188_z008,ISPY2-613188,0,0,spy2,0.53183925,train,42,weighted,False
ISPY2-613188_z009,ISPY2-613188,0,0,spy2,0.5311713,train,42,weighted,False
ISPY2-613188_z010,ISPY2-613188,0,0,spy2,0.52961874,train,42,weighted,False
ISPY2-613188_z011,ISPY2-613188,0,0,spy2,0.5312032,train,42,weighted,False
ISPY2-613188_z012,ISPY2-613188,0,0,spy2,0.5321585,train,42,weighted,False
ISPY2-613188_z013,ISPY2-613188,0,0,spy2,0.5322064,train,42,weighted,False
ISPY2-613188_z014,ISPY2-613188,0,0,spy2,0.530183,train,42,weighted,False
ISPY2-539876_z007,ISPY2-539876,0,0,spy2,0.24910834,train,42,weighted,False
ISPY2-539876_z008,ISPY2-539876,0,0,spy2,0.24965055,train,42,weighted,False
ISPY2-539876_z009,ISPY2-539876,0,0,spy2,0.24948616,train,42,weighted,False
ISPY2-539876_z010,ISPY2-539876,0,0,spy2,0.24857388,train,42,weighted,False
ISPY2-539876_z011,ISPY2-539876,0,0,spy2,0.249388,train,42,weighted,False
ISPY2-539876_z012,ISPY2-539876,0,0,spy2,0.249721,train,42,weighted,False
ISPY2-539876_z013,ISPY2-539876,0,0,spy2,0.24979918,train,42,weighted,False
ISPY2-539876_z014,ISPY2-539876,0,0,spy2,0.249539,train,42,weighted,False
ISPY2-539876_z015,ISPY2-539876,0,0,spy2,0.24968068,train,42,weighted,False
ISPY2-539876_z016,ISPY2-539876,0,0,spy2,0.24994455,train,42,weighted,False
ISPY2-597873_z029,ISPY2-597873,0,0,spy2,0.502706,train,42,weighted,False
ISPY2-597873_z030,ISPY2-597873,0,0,spy2,0.5023752,train,42,weighted,False
ISPY2-597873_z031,ISPY2-597873,0,0,spy2,0.5014152,train,42,weighted,False
ISPY2-597873_z032,ISPY2-597873,0,0,spy2,0.5008845,train,42,weighted,False
ISPY2-597873_z033,ISPY2-597873,0,0,spy2,0.50053114,train,42,weighted,False
ISPY2-597873_z034,ISPY2-597873,0,0,spy2,0.5011338,train,42,weighted,False
ISPY2-597873_z035,ISPY2-597873,0,0,spy2,0.5021492,train,42,weighted,False
ISPY2-597873_z038,ISPY2-597873,0,0,spy2,0.5030737,train,42,weighted,False
ISPY2-597873_z039,ISPY2-597873,0,0,spy2,0.5037502,train,42,weighted,False
ISPY2-597873_z040,ISPY2-597873,0,0,spy2,0.50297827,train,42,weighted,False
ISPY2-464547_z016,ISPY2-464547,0,1,spy2,0.5400897,train,42,weighted,False
ISPY2-464547_z017,ISPY2-464547,0,1,spy2,0.53979206,train,42,weighted,False
ISPY2-464547_z018,ISPY2-464547,0,1,spy2,0.5405799,train,42,weighted,False
ISPY2-464547_z019,ISPY2-464547,0,1,spy2,0.5405116,train,42,weighted,False
ISPY2-464547_z020,ISPY2-464547,0,1,spy2,0.5412307,train,42,weighted,False
ISPY2-464547_z021,ISPY2-464547,0,1,spy2,0.54241866,train,42,weighted,False
ISPY2-464547_z022,ISPY2-464547,0,1,spy2,0.54284453,train,42,weighted,False
ISPY2-464547_z023,ISPY2-464547,0,1,spy2,0.5437981,train,42,weighted,False
ISPY2-464547_z024,ISPY2-464547,0,1,spy2,0.5436705,train,42,weighted,False
ISPY2-464547_z025,ISPY2-464547,0,1,spy2,0.54496825,train,42,weighted,False
ACRIN-6698-266840_z019,ACRIN-6698-266840,0,0,spy2,0.57653147,train,42,weighted,False
ACRIN-6698-266840_z020,ACRIN-6698-266840,0,0,spy2,0.57667315,train,42,weighted,False
ACRIN-6698-266840_z021,ACRIN-6698-266840,0,0,spy2,0.5764407,train,42,weighted,False
ACRIN-6698-266840_z022,ACRIN-6698-266840,0,0,spy2,0.57711756,train,42,weighted,False
ACRIN-6698-266840_z023,ACRIN-6698-266840,0,0,spy2,0.57711613,train,42,weighted,False
ACRIN-6698-266840_z024,ACRIN-6698-266840,0,0,spy2,0.5773496,train,42,weighted,False
ACRIN-6698-266840_z025,ACRIN-6698-266840,0,0,spy2,0.57677263,train,42,weighted,False
ACRIN-6698-266840_z026,ACRIN-6698-266840,0,0,spy2,0.5774619,train,42,weighted,False
ACRIN-6698-266840_z027,ACRIN-6698-266840,0,0,spy2,0.57755584,train,42,weighted,False
ACRIN-6698-266840_z028,ACRIN-6698-266840,0,0,spy2,0.57852286,train,42,weighted,False
ISPY2-452703_z035,ISPY2-452703,0,0,spy2,0.21687883,train,42,weighted,False
ISPY2-452703_z044,ISPY2-452703,0,0,spy2,0.21705998,train,42,weighted,False
ISPY2-452703_z045,ISPY2-452703,0,0,spy2,0.2170068,train,42,weighted,False
ISPY2-452703_z046,ISPY2-452703,0,0,spy2,0.21688072,train,42,weighted,False
ISPY2-452703_z047,ISPY2-452703,0,0,spy2,0.21717733,train,42,weighted,False
ISPY2-452703_z048,ISPY2-452703,0,0,spy2,0.21767646,train,42,weighted,False
ISPY2-452703_z049,ISPY2-452703,0,0,spy2,0.21666996,train,42,weighted,False
ISPY2-452703_z050,ISPY2-452703,0,0,spy2,0.21664813,train,42,weighted,False
ISPY2-452703_z051,ISPY2-452703,0,0,spy2,0.21706884,train,42,weighted,False
ISPY2-452703_z052,ISPY2-452703,0,0,spy2,0.21697322,train,42,weighted,False
ACRIN-6698-522140_z007,ACRIN-6698-522140,0,0,spy2,0.25690648,train,42,weighted,False
ACRIN-6698-522140_z008,ACRIN-6698-522140,0,0,spy2,0.25633407,train,42,weighted,False
ACRIN-6698-522140_z009,ACRIN-6698-522140,0,0,spy2,0.25652334,train,42,weighted,False
ACRIN-6698-522140_z010,ACRIN-6698-522140,0,0,spy2,0.2563991,train,42,weighted,False
ACRIN-6698-522140_z011,ACRIN-6698-522140,0,0,spy2,0.2562256,train,42,weighted,False
ACRIN-6698-522140_z012,ACRIN-6698-522140,0,0,spy2,0.25628364,train,42,weighted,False
ACRIN-6698-522140_z013,ACRIN-6698-522140,0,0,spy2,0.25644848,train,42,weighted,False
ACRIN-6698-522140_z020,ACRIN-6698-522140,0,0,spy2,0.25615832,train,42,weighted,False
ACRIN-6698-522140_z021,ACRIN-6698-522140,0,0,spy2,0.25420585,train,42,weighted,False
ACRIN-6698-522140_z022,ACRIN-6698-522140,0,0,spy2,0.2538564,train,42,weighted,False
ACRIN-6698-571995_z025,ACRIN-6698-571995,0,0,spy2,0.4619868,train,42,weighted,False
ACRIN-6698-571995_z026,ACRIN-6698-571995,0,0,spy2,0.4622499,train,42,weighted,False
ACRIN-6698-571995_z027,ACRIN-6698-571995,0,0,spy2,0.4619477,train,42,weighted,False
ACRIN-6698-571995_z028,ACRIN-6698-571995,0,0,spy2,0.46215373,train,42,weighted,False
ACRIN-6698-571995_z029,ACRIN-6698-571995,0,0,spy2,0.46212858,train,42,weighted,False
ACRIN-6698-571995_z030,ACRIN-6698-571995,0,0,spy2,0.46251333,train,42,weighted,False
ACRIN-6698-571995_z031,ACRIN-6698-571995,0,0,spy2,0.4630944,train,42,weighted,False
ACRIN-6698-571995_z032,ACRIN-6698-571995,0,0,spy2,0.46279308,train,42,weighted,False
ACRIN-6698-571995_z033,ACRIN-6698-571995,0,0,spy2,0.46346495,train,42,weighted,False
ACRIN-6698-571995_z034,ACRIN-6698-571995,0,0,spy2,0.46359697,train,42,weighted,False
ACRIN-6698-506623_z014,ACRIN-6698-506623,0,0,spy2,0.37063307,train,42,weighted,False
ACRIN-6698-506623_z036,ACRIN-6698-506623,0,0,spy2,0.36973792,train,42,weighted,False
ACRIN-6698-506623_z037,ACRIN-6698-506623,0,0,spy2,0.3696695,train,42,weighted,False
ACRIN-6698-506623_z038,ACRIN-6698-506623,0,0,spy2,0.37104645,train,42,weighted,False
ACRIN-6698-506623_z039,ACRIN-6698-506623,0,0,spy2,0.37093043,train,42,weighted,False
ACRIN-6698-506623_z040,ACRIN-6698-506623,0,0,spy2,0.37013516,train,42,weighted,False
ACRIN-6698-506623_z041,ACRIN-6698-506623,0,0,spy2,0.36959124,train,42,weighted,False
ACRIN-6698-506623_z042,ACRIN-6698-506623,0,0,spy2,0.37070742,train,42,weighted,False
ACRIN-6698-506623_z043,ACRIN-6698-506623,0,0,spy2,0.3716898,train,42,weighted,False
ACRIN-6698-506623_z044,ACRIN-6698-506623,0,0,spy2,0.3716052,train,42,weighted,False
ISPY2-554577_z021,ISPY2-554577,0,0,spy2,0.22874665,train,42,weighted,False
ISPY2-554577_z022,ISPY2-554577,0,0,spy2,0.22801931,train,42,weighted,False
ISPY2-554577_z023,ISPY2-554577,0,0,spy2,0.22761431,train,42,weighted,False
ISPY2-554577_z024,ISPY2-554577,0,0,spy2,0.22737624,train,42,weighted,False
ISPY2-554577_z025,ISPY2-554577,0,0,spy2,0.22805175,train,42,weighted,False
ISPY2-554577_z026,ISPY2-554577,0,0,spy2,0.22759774,train,42,weighted,False
ISPY2-554577_z027,ISPY2-554577,0,0,spy2,0.22730172,train,42,weighted,False
ISPY2-554577_z028,ISPY2-554577,0,0,spy2,0.22632325,train,42,weighted,False
ISPY2-554577_z029,ISPY2-554577,0,0,spy2,0.22648174,train,42,weighted,False
ISPY2-554577_z030,ISPY2-554577,0,0,spy2,0.22706223,train,42,weighted,False
ISPY2-277848_z009,ISPY2-277848,0,0,spy2,0.4289683,train,42,weighted,False
ISPY2-277848_z010,ISPY2-277848,0,0,spy2,0.42913643,train,42,weighted,False
ISPY2-277848_z011,ISPY2-277848,0,0,spy2,0.4286526,train,42,weighted,False
ISPY2-277848_z012,ISPY2-277848,0,0,spy2,0.4283881,train,42,weighted,False
ISPY2-277848_z013,ISPY2-277848,0,0,spy2,0.42879966,train,42,weighted,False
ISPY2-277848_z014,ISPY2-277848,0,0,spy2,0.42862308,train,42,weighted,False
ISPY2-277848_z015,ISPY2-277848,0,0,spy2,0.4286412,train,42,weighted,False
ISPY2-277848_z016,ISPY2-277848,0,0,spy2,0.4286355,train,42,weighted,False
ISPY2-277848_z017,ISPY2-277848,0,0,spy2,0.42839542,train,42,weighted,False
ISPY2-277848_z018,ISPY2-277848,0,0,spy2,0.428469,train,42,weighted,False
ISPY2-543795_z010,ISPY2-543795,0,0,spy2,0.26105022,train,42,weighted,False
ISPY2-543795_z011,ISPY2-543795,0,0,spy2,0.2611337,train,42,weighted,False
ISPY2-543795_z012,ISPY2-543795,0,0,spy2,0.26024795,train,42,weighted,False
ISPY2-543795_z020,ISPY2-543795,0,0,spy2,0.263597,train,42,weighted,False
ISPY2-543795_z021,ISPY2-543795,0,0,spy2,0.26272345,train,42,weighted,False
ISPY2-543795_z022,ISPY2-543795,0,0,spy2,0.26335797,train,42,weighted,False
ISPY2-543795_z023,ISPY2-543795,0,0,spy2,0.2634757,train,42,weighted,False
ISPY2-543795_z024,ISPY2-543795,0,0,spy2,0.26285702,train,42,weighted,False
ISPY2-543795_z025,ISPY2-543795,0,0,spy2,0.26313943,train,42,weighted,False
ISPY2-543795_z027,ISPY2-543795,0,0,spy2,0.2646138,train,42,weighted,False
ACRIN-6698-345907_z007,ACRIN-6698-345907,0,0,spy2,0.5211902,train,42,weighted,False
ACRIN-6698-345907_z008,ACRIN-6698-345907,0,0,spy2,0.52139753,train,42,weighted,False
ACRIN-6698-345907_z009,ACRIN-6698-345907,0,0,spy2,0.5215249,train,42,weighted,False
ACRIN-6698-345907_z010,ACRIN-6698-345907,0,0,spy2,0.521489,train,42,weighted,False
ACRIN-6698-345907_z011,ACRIN-6698-345907,0,0,spy2,0.5211488,train,42,weighted,False
ACRIN-6698-345907_z012,ACRIN-6698-345907,0,0,spy2,0.5215841,train,42,weighted,False
ACRIN-6698-345907_z013,ACRIN-6698-345907,0,0,spy2,0.5216918,train,42,weighted,False
ACRIN-6698-345907_z014,ACRIN-6698-345907,0,0,spy2,0.5228827,train,42,weighted,False
ACRIN-6698-345907_z015,ACRIN-6698-345907,0,0,spy2,0.52330166,train,42,weighted,False
ACRIN-6698-345907_z016,ACRIN-6698-345907,0,0,spy2,0.52459717,train,42,weighted,False
ACRIN-6698-861745_z005,ACRIN-6698-861745,0,0,spy2,0.44342113,train,42,weighted,False
ACRIN-6698-861745_z012,ACRIN-6698-861745,0,0,spy2,0.44432202,train,42,weighted,False
ACRIN-6698-861745_z021,ACRIN-6698-861745,0,0,spy2,0.44545102,train,42,weighted,False
ACRIN-6698-861745_z022,ACRIN-6698-861745,0,0,spy2,0.44558343,train,42,weighted,False
ACRIN-6698-861745_z023,ACRIN-6698-861745,0,0,spy2,0.44576305,train,42,weighted,False
ACRIN-6698-861745_z024,ACRIN-6698-861745,0,0,spy2,0.4456132,train,42,weighted,False
ACRIN-6698-861745_z025,ACRIN-6698-861745,0,0,spy2,0.44617456,train,42,weighted,False
ACRIN-6698-861745_z026,ACRIN-6698-861745,0,0,spy2,0.44660705,train,42,weighted,False
ACRIN-6698-861745_z027,ACRIN-6698-861745,0,0,spy2,0.44662246,train,42,weighted,False
ACRIN-6698-861745_z028,ACRIN-6698-861745,0,0,spy2,0.44694576,train,42,weighted,False
ISPY2-517446_z011,ISPY2-517446,0,0,spy2,0.20365605,train,42,weighted,False
ISPY2-517446_z012,ISPY2-517446,0,0,spy2,0.20361541,train,42,weighted,False
ISPY2-517446_z013,ISPY2-517446,0,0,spy2,0.20393646,train,42,weighted,False
ISPY2-517446_z014,ISPY2-517446,0,0,spy2,0.20378709,train,42,weighted,False
ISPY2-517446_z015,ISPY2-517446,0,0,spy2,0.20379458,train,42,weighted,False
ISPY2-517446_z016,ISPY2-517446,0,0,spy2,0.20361672,train,42,weighted,False
ISPY2-517446_z017,ISPY2-517446,0,0,spy2,0.20416036,train,42,weighted,False
ISPY2-517446_z018,ISPY2-517446,0,0,spy2,0.20529293,train,42,weighted,False
ISPY2-517446_z019,ISPY2-517446,0,0,spy2,0.20506956,train,42,weighted,False
ISPY2-517446_z020,ISPY2-517446,0,0,spy2,0.20626158,train,42,weighted,False
ACRIN-6698-724384_z007,ACRIN-6698-724384,0,0,spy2,0.35620162,train,42,weighted,False
ACRIN-6698-724384_z008,ACRIN-6698-724384,0,0,spy2,0.3567171,train,42,weighted,False
ACRIN-6698-724384_z009,ACRIN-6698-724384,0,0,spy2,0.35686383,train,42,weighted,False
ACRIN-6698-724384_z010,ACRIN-6698-724384,0,0,spy2,0.35622662,train,42,weighted,False
ACRIN-6698-724384_z011,ACRIN-6698-724384,0,0,spy2,0.3558627,train,42,weighted,False
ACRIN-6698-724384_z012,ACRIN-6698-724384,0,0,spy2,0.35755256,train,42,weighted,False
ACRIN-6698-724384_z013,ACRIN-6698-724384,0,0,spy2,0.3570699,train,42,weighted,False
ACRIN-6698-724384_z014,ACRIN-6698-724384,0,0,spy2,0.35655484,train,42,weighted,False
ACRIN-6698-724384_z015,ACRIN-6698-724384,0,0,spy2,0.3558591,train,42,weighted,False
ACRIN-6698-724384_z016,ACRIN-6698-724384,0,0,spy2,0.3555593,train,42,weighted,False
ISPY2-495440_z022,ISPY2-495440,0,0,spy2,0.20028304,train,42,weighted,False
ISPY2-495440_z023,ISPY2-495440,0,0,spy2,0.20028973,train,42,weighted,False
ISPY2-495440_z024,ISPY2-495440,0,0,spy2,0.20029014,train,42,weighted,False
ISPY2-495440_z025,ISPY2-495440,0,0,spy2,0.1997144,train,42,weighted,False
ISPY2-495440_z026,ISPY2-495440,0,0,spy2,0.20021676,train,42,weighted,False
ISPY2-495440_z027,ISPY2-495440,0,0,spy2,0.200282,train,42,weighted,False
ISPY2-495440_z028,ISPY2-495440,0,0,spy2,0.20021863,train,42,weighted,False
ISPY2-495440_z029,ISPY2-495440,0,0,spy2,0.20052546,train,42,weighted,False
ISPY2-495440_z030,ISPY2-495440,0,0,spy2,0.20084718,train,42,weighted,False
ISPY2-495440_z031,ISPY2-495440,0,0,spy2,0.20115323,train,42,weighted,False
ISPY2-679787_z013,ISPY2-679787,0,0,spy2,0.66722906,train,42,weighted,False
ISPY2-679787_z014,ISPY2-679787,0,0,spy2,0.6669705,train,42,weighted,False
ISPY2-679787_z015,ISPY2-679787,0,0,spy2,0.6666645,train,42,weighted,False
ISPY2-679787_z016,ISPY2-679787,0,0,spy2,0.6665672,train,42,weighted,False
ISPY2-679787_z017,ISPY2-679787,0,0,spy2,0.66747373,train,42,weighted,False
ISPY2-679787_z018,ISPY2-679787,0,0,spy2,0.66657656,train,42,weighted,False
ISPY2-679787_z022,ISPY2-679787,0,0,spy2,0.6658541,train,42,weighted,False
ISPY2-679787_z023,ISPY2-679787,0,0,spy2,0.6672879,train,42,weighted,False
ISPY2-679787_z027,ISPY2-679787,0,0,spy2,0.66719115,train,42,weighted,False
ISPY2-679787_z028,ISPY2-679787,0,0,spy2,0.668089,train,42,weighted,False
ISPY2-141782_z021,ISPY2-141782,0,0,spy2,0.50880253,train,42,weighted,False
ISPY2-141782_z022,ISPY2-141782,0,0,spy2,0.5091535,train,42,weighted,False
ISPY2-141782_z023,ISPY2-141782,0,0,spy2,0.51054263,train,42,weighted,False
ISPY2-141782_z024,ISPY2-141782,0,0,spy2,0.510988,train,42,weighted,False
ISPY2-141782_z025,ISPY2-141782,0,0,spy2,0.5114663,train,42,weighted,False
ISPY2-141782_z026,ISPY2-141782,0,0,spy2,0.51212776,train,42,weighted,False
ISPY2-141782_z027,ISPY2-141782,0,0,spy2,0.51275843,train,42,weighted,False
ISPY2-141782_z028,ISPY2-141782,0,0,spy2,0.5123905,train,42,weighted,False
ISPY2-141782_z029,ISPY2-141782,0,0,spy2,0.5130166,train,42,weighted,False
ISPY2-141782_z030,ISPY2-141782,0,0,spy2,0.51365817,train,42,weighted,False
ISPY2-664658_z025,ISPY2-664658,0,1,spy2,0.3078296,train,42,weighted,False
ISPY2-664658_z026,ISPY2-664658,0,1,spy2,0.30795616,train,42,weighted,False
ISPY2-664658_z027,ISPY2-664658,0,1,spy2,0.30775443,train,42,weighted,False
ISPY2-664658_z028,ISPY2-664658,0,1,spy2,0.30726382,train,42,weighted,False
ISPY2-664658_z029,ISPY2-664658,0,1,spy2,0.30722898,train,42,weighted,False
ISPY2-664658_z030,ISPY2-664658,0,1,spy2,0.30742523,train,42,weighted,False
ISPY2-664658_z031,ISPY2-664658,0,1,spy2,0.308493,train,42,weighted,False
ISPY2-664658_z033,ISPY2-664658,0,1,spy2,0.30890843,train,42,weighted,False
ISPY2-664658_z034,ISPY2-664658,0,1,spy2,0.30884337,train,42,weighted,False
ISPY2-664658_z035,ISPY2-664658,0,1,spy2,0.30926368,train,42,weighted,False
ISPY2-689188_z007,ISPY2-689188,0,1,spy2,0.15965205,train,42,weighted,False
ISPY2-689188_z008,ISPY2-689188,0,1,spy2,0.15909699,train,42,weighted,False
ISPY2-689188_z009,ISPY2-689188,0,1,spy2,0.1587728,train,42,weighted,False
ISPY2-689188_z010,ISPY2-689188,0,1,spy2,0.15858684,train,42,weighted,False
ISPY2-689188_z011,ISPY2-689188,0,1,spy2,0.15777574,train,42,weighted,False
ISPY2-689188_z012,ISPY2-689188,0,1,spy2,0.15792568,train,42,weighted,False
ISPY2-689188_z013,ISPY2-689188,0,1,spy2,0.15783434,train,42,weighted,False
ISPY2-689188_z014,ISPY2-689188,0,1,spy2,0.15758052,train,42,weighted,False
ISPY2-689188_z015,ISPY2-689188,0,1,spy2,0.1579003,train,42,weighted,False
ISPY2-689188_z016,ISPY2-689188,0,1,spy2,0.15858385,train,42,weighted,False
ISPY2-532183_z044,ISPY2-532183,0,0,spy2,0.5077909,train,42,weighted,False
ISPY2-532183_z045,ISPY2-532183,0,0,spy2,0.5074999,train,42,weighted,False
ISPY2-532183_z046,ISPY2-532183,0,0,spy2,0.5075903,train,42,weighted,False
ISPY2-532183_z047,ISPY2-532183,0,0,spy2,0.5076938,train,42,weighted,False
ISPY2-532183_z048,ISPY2-532183,0,0,spy2,0.50711924,train,42,weighted,False
ISPY2-532183_z049,ISPY2-532183,0,0,spy2,0.50682503,train,42,weighted,False
ISPY2-532183_z050,ISPY2-532183,0,0,spy2,0.50672585,train,42,weighted,False
ISPY2-532183_z051,ISPY2-532183,0,0,spy2,0.5052887,train,42,weighted,False
ISPY2-532183_z052,ISPY2-532183,0,0,spy2,0.50490063,train,42,weighted,False
ISPY2-532183_z053,ISPY2-532183,0,0,spy2,0.5057454,train,42,weighted,False
ISPY2-294265_z014,ISPY2-294265,0,1,spy2,0.5225867,train,42,weighted,False
ISPY2-294265_z015,ISPY2-294265,0,1,spy2,0.5224183,train,42,weighted,False
ISPY2-294265_z016,ISPY2-294265,0,1,spy2,0.5226367,train,42,weighted,False
ISPY2-294265_z017,ISPY2-294265,0,1,spy2,0.5226947,train,42,weighted,False
ISPY2-294265_z018,ISPY2-294265,0,1,spy2,0.5230691,train,42,weighted,False
ISPY2-294265_z019,ISPY2-294265,0,1,spy2,0.5237053,train,42,weighted,False
ISPY2-294265_z020,ISPY2-294265,0,1,spy2,0.52366346,train,42,weighted,False
ISPY2-294265_z021,ISPY2-294265,0,1,spy2,0.5256539,train,42,weighted,False
ISPY2-294265_z022,ISPY2-294265,0,1,spy2,0.52642685,train,42,weighted,False
ISPY2-294265_z023,ISPY2-294265,0,1,spy2,0.5258578,train,42,weighted,False
ISPY2-590299_z047,ISPY2-590299,0,0,spy2,0.6055447,train,42,weighted,False
ISPY2-590299_z048,ISPY2-590299,0,0,spy2,0.6054786,train,42,weighted,False
ISPY2-590299_z049,ISPY2-590299,0,0,spy2,0.6053526,train,42,weighted,False
ISPY2-590299_z050,ISPY2-590299,0,0,spy2,0.60604286,train,42,weighted,False
ISPY2-590299_z051,ISPY2-590299,0,0,spy2,0.6067418,train,42,weighted,False
ISPY2-590299_z052,ISPY2-590299,0,0,spy2,0.60711056,train,42,weighted,False
ISPY2-590299_z053,ISPY2-590299,0,0,spy2,0.60911554,train,42,weighted,False
ISPY2-590299_z056,ISPY2-590299,0,0,spy2,0.6087606,train,42,weighted,False
ISPY2-590299_z057,ISPY2-590299,0,0,spy2,0.6097113,train,42,weighted,False
ISPY2-590299_z058,ISPY2-590299,0,0,spy2,0.609547,train,42,weighted,False
ISPY2-213672_z032,ISPY2-213672,0,0,spy2,0.31200728,train,42,weighted,False
ISPY2-213672_z033,ISPY2-213672,0,0,spy2,0.31267658,train,42,weighted,False
ISPY2-213672_z034,ISPY2-213672,0,0,spy2,0.31383008,train,42,weighted,False
ISPY2-213672_z035,ISPY2-213672,0,0,spy2,0.3147179,train,42,weighted,False
ISPY2-213672_z036,ISPY2-213672,0,0,spy2,0.31444693,train,42,weighted,False
ISPY2-213672_z037,ISPY2-213672,0,0,spy2,0.31353378,train,42,weighted,False
ISPY2-213672_z038,ISPY2-213672,0,0,spy2,0.31354564,train,42,weighted,False
ISPY2-213672_z039,ISPY2-213672,0,0,spy2,0.31397805,train,42,weighted,False
ISPY2-213672_z041,ISPY2-213672,0,0,spy2,0.3143802,train,42,weighted,False
ISPY2-213672_z042,ISPY2-213672,0,0,spy2,0.315228,train,42,weighted,False
ISPY2-622688_z011,ISPY2-622688,0,1,spy2,0.6404199,train,42,weighted,False
ISPY2-622688_z012,ISPY2-622688,0,1,spy2,0.64029026,train,42,weighted,False
ISPY2-622688_z013,ISPY2-622688,0,1,spy2,0.6406784,train,42,weighted,False
ISPY2-622688_z014,ISPY2-622688,0,1,spy2,0.6409412,train,42,weighted,False
ISPY2-622688_z015,ISPY2-622688,0,1,spy2,0.64125234,train,42,weighted,False
ISPY2-622688_z016,ISPY2-622688,0,1,spy2,0.6410628,train,42,weighted,False
ISPY2-622688_z017,ISPY2-622688,0,1,spy2,0.6408202,train,42,weighted,False
ISPY2-622688_z021,ISPY2-622688,0,1,spy2,0.64118683,train,42,weighted,False
ISPY2-622688_z029,ISPY2-622688,0,1,spy2,0.64098704,train,42,weighted,False
ISPY2-622688_z030,ISPY2-622688,0,1,spy2,0.6408821,train,42,weighted,False
ACRIN-6698-685795_z012,ACRIN-6698-685795,0,0,spy2,0.44575936,train,42,weighted,False
ACRIN-6698-685795_z013,ACRIN-6698-685795,0,0,spy2,0.4448909,train,42,weighted,False
ACRIN-6698-685795_z014,ACRIN-6698-685795,0,0,spy2,0.4444059,train,42,weighted,False
ACRIN-6698-685795_z015,ACRIN-6698-685795,0,0,spy2,0.44459057,train,42,weighted,False
ACRIN-6698-685795_z016,ACRIN-6698-685795,0,0,spy2,0.4448285,train,42,weighted,False
ACRIN-6698-685795_z017,ACRIN-6698-685795,0,0,spy2,0.44444868,train,42,weighted,False
ACRIN-6698-685795_z018,ACRIN-6698-685795,0,0,spy2,0.443714,train,42,weighted,False
ACRIN-6698-685795_z019,ACRIN-6698-685795,0,0,spy2,0.44433904,train,42,weighted,False
ACRIN-6698-685795_z021,ACRIN-6698-685795,0,0,spy2,0.44403172,train,42,weighted,False
ACRIN-6698-685795_z022,ACRIN-6698-685795,0,0,spy2,0.4438888,train,42,weighted,False
ACRIN-6698-218503_z005,ACRIN-6698-218503,0,0,spy2,0.2793245,train,42,weighted,False
ACRIN-6698-218503_z006,ACRIN-6698-218503,0,0,spy2,0.27946392,train,42,weighted,False
ACRIN-6698-218503_z007,ACRIN-6698-218503,0,0,spy2,0.27975968,train,42,weighted,False
ACRIN-6698-218503_z008,ACRIN-6698-218503,0,0,spy2,0.28052714,train,42,weighted,False
ACRIN-6698-218503_z009,ACRIN-6698-218503,0,0,spy2,0.28109348,train,42,weighted,False
ACRIN-6698-218503_z010,ACRIN-6698-218503,0,0,spy2,0.2812152,train,42,weighted,False
ACRIN-6698-218503_z011,ACRIN-6698-218503,0,0,spy2,0.2817995,train,42,weighted,False
ACRIN-6698-218503_z012,ACRIN-6698-218503,0,0,spy2,0.2831087,train,42,weighted,False
ACRIN-6698-218503_z013,ACRIN-6698-218503,0,0,spy2,0.28523192,train,42,weighted,False
ACRIN-6698-218503_z014,ACRIN-6698-218503,0,0,spy2,0.2867587,train,42,weighted,False
ISPY2-893874_z005,ISPY2-893874,0,1,spy2,0.6684809,train,42,weighted,False
ISPY2-893874_z006,ISPY2-893874,0,1,spy2,0.66845983,train,42,weighted,False
ISPY2-893874_z007,ISPY2-893874,0,1,spy2,0.6677641,train,42,weighted,False
ISPY2-893874_z008,ISPY2-893874,0,1,spy2,0.66796684,train,42,weighted,False
ISPY2-893874_z009,ISPY2-893874,0,1,spy2,0.6672759,train,42,weighted,False
ISPY2-893874_z010,ISPY2-893874,0,1,spy2,0.66764796,train,42,weighted,False
ISPY2-893874_z011,ISPY2-893874,0,1,spy2,0.6678926,train,42,weighted,False
ISPY2-893874_z012,ISPY2-893874,0,1,spy2,0.66768163,train,42,weighted,False
ISPY2-893874_z013,ISPY2-893874,0,1,spy2,0.667282,train,42,weighted,False
ISPY2-893874_z014,ISPY2-893874,0,1,spy2,0.66795427,train,42,weighted,False
ACRIN-6698-628788_z017,ACRIN-6698-628788,0,0,spy2,0.6573483,train,42,weighted,False
ACRIN-6698-628788_z018,ACRIN-6698-628788,0,0,spy2,0.65819484,train,42,weighted,False
ACRIN-6698-628788_z020,ACRIN-6698-628788,0,0,spy2,0.65952814,train,42,weighted,False
ACRIN-6698-628788_z025,ACRIN-6698-628788,0,0,spy2,0.6615963,train,42,weighted,False
ACRIN-6698-628788_z026,ACRIN-6698-628788,0,0,spy2,0.6613584,train,42,weighted,False
ACRIN-6698-628788_z027,ACRIN-6698-628788,0,0,spy2,0.66185343,train,42,weighted,False
ACRIN-6698-628788_z031,ACRIN-6698-628788,0,0,spy2,0.6630987,train,42,weighted,False
ACRIN-6698-628788_z032,ACRIN-6698-628788,0,0,spy2,0.6625758,train,42,weighted,False
ACRIN-6698-628788_z033,ACRIN-6698-628788,0,0,spy2,0.66199946,train,42,weighted,False
ACRIN-6698-628788_z034,ACRIN-6698-628788,0,0,spy2,0.66263837,train,42,weighted,False
ACRIN-6698-882553_z035,ACRIN-6698-882553,0,0,spy2,0.23223817,train,42,weighted,False
ACRIN-6698-882553_z036,ACRIN-6698-882553,0,0,spy2,0.23221868,train,42,weighted,False
ACRIN-6698-882553_z037,ACRIN-6698-882553,0,0,spy2,0.23209722,train,42,weighted,False
ACRIN-6698-882553_z038,ACRIN-6698-882553,0,0,spy2,0.23271395,train,42,weighted,False
ACRIN-6698-882553_z039,ACRIN-6698-882553,0,0,spy2,0.23376264,train,42,weighted,False
ACRIN-6698-882553_z040,ACRIN-6698-882553,0,0,spy2,0.23401846,train,42,weighted,False
ACRIN-6698-882553_z041,ACRIN-6698-882553,0,0,spy2,0.23424804,train,42,weighted,False
ACRIN-6698-882553_z042,ACRIN-6698-882553,0,0,spy2,0.23498067,train,42,weighted,False
ACRIN-6698-882553_z044,ACRIN-6698-882553,0,0,spy2,0.23480861,train,42,weighted,False
ACRIN-6698-882553_z046,ACRIN-6698-882553,0,0,spy2,0.23560241,train,42,weighted,False
ACRIN-6698-635632_z004,ACRIN-6698-635632,0,1,spy2,0.828989,train,42,weighted,False
ACRIN-6698-635632_z005,ACRIN-6698-635632,0,1,spy2,0.82917035,train,42,weighted,False
ACRIN-6698-635632_z006,ACRIN-6698-635632,0,1,spy2,0.8289592,train,42,weighted,False
ACRIN-6698-635632_z007,ACRIN-6698-635632,0,1,spy2,0.82851356,train,42,weighted,False
ACRIN-6698-635632_z008,ACRIN-6698-635632,0,1,spy2,0.8281396,train,42,weighted,False
ACRIN-6698-635632_z009,ACRIN-6698-635632,0,1,spy2,0.8276586,train,42,weighted,False
ACRIN-6698-635632_z010,ACRIN-6698-635632,0,1,spy2,0.82708925,train,42,weighted,False
ACRIN-6698-635632_z011,ACRIN-6698-635632,0,1,spy2,0.82764417,train,42,weighted,False
ACRIN-6698-635632_z012,ACRIN-6698-635632,0,1,spy2,0.8278079,train,42,weighted,False
ACRIN-6698-635632_z015,ACRIN-6698-635632,0,1,spy2,0.8278769,train,42,weighted,False
ISPY2-509012_z010,ISPY2-509012,0,1,spy2,0.55765146,train,42,weighted,False
ISPY2-509012_z011,ISPY2-509012,0,1,spy2,0.55664676,train,42,weighted,False
ISPY2-509012_z012,ISPY2-509012,0,1,spy2,0.55445313,train,42,weighted,False
ISPY2-509012_z013,ISPY2-509012,0,1,spy2,0.5540795,train,42,weighted,False
ISPY2-509012_z014,ISPY2-509012,0,1,spy2,0.5563649,train,42,weighted,False
ISPY2-509012_z015,ISPY2-509012,0,1,spy2,0.5574255,train,42,weighted,False
ISPY2-509012_z016,ISPY2-509012,0,1,spy2,0.55812025,train,42,weighted,False
ISPY2-509012_z017,ISPY2-509012,0,1,spy2,0.55804473,train,42,weighted,False
ISPY2-509012_z018,ISPY2-509012,0,1,spy2,0.5581726,train,42,weighted,False
ISPY2-509012_z019,ISPY2-509012,0,1,spy2,0.5584986,train,42,weighted,False
ISPY2-319324_z004,ISPY2-319324,0,0,spy2,0.5184677,train,42,weighted,False
ISPY2-319324_z005,ISPY2-319324,0,0,spy2,0.5192316,train,42,weighted,False
ISPY2-319324_z006,ISPY2-319324,0,0,spy2,0.5194752,train,42,weighted,False
ISPY2-319324_z007,ISPY2-319324,0,0,spy2,0.5192256,train,42,weighted,False
ISPY2-319324_z008,ISPY2-319324,0,0,spy2,0.5196289,train,42,weighted,False
ISPY2-319324_z009,ISPY2-319324,0,0,spy2,0.52001745,train,42,weighted,False
ISPY2-319324_z010,ISPY2-319324,0,0,spy2,0.52041054,train,42,weighted,False
ISPY2-319324_z011,ISPY2-319324,0,0,spy2,0.5197908,train,42,weighted,False
ISPY2-319324_z012,ISPY2-319324,0,0,spy2,0.51937795,train,42,weighted,False
ISPY2-319324_z013,ISPY2-319324,0,0,spy2,0.51944935,train,42,weighted,False
ISPY2-917762_z013,ISPY2-917762,0,0,spy2,0.2835822,train,42,weighted,False
ISPY2-917762_z014,ISPY2-917762,0,0,spy2,0.28392935,train,42,weighted,False
ISPY2-917762_z017,ISPY2-917762,0,0,spy2,0.2838805,train,42,weighted,False
ISPY2-917762_z018,ISPY2-917762,0,0,spy2,0.2837945,train,42,weighted,False
ISPY2-917762_z019,ISPY2-917762,0,0,spy2,0.28420588,train,42,weighted,False
ISPY2-917762_z020,ISPY2-917762,0,0,spy2,0.2842242,train,42,weighted,False
ISPY2-917762_z021,ISPY2-917762,0,0,spy2,0.28384104,train,42,weighted,False
ISPY2-917762_z022,ISPY2-917762,0,0,spy2,0.28368098,train,42,weighted,False
ISPY2-917762_z023,ISPY2-917762,0,0,spy2,0.28327945,train,42,weighted,False
ISPY2-917762_z024,ISPY2-917762,0,0,spy2,0.28313783,train,42,weighted,False
ISPY2-473505_z028,ISPY2-473505,0,0,spy2,0.22817859,train,42,weighted,False
ISPY2-473505_z029,ISPY2-473505,0,0,spy2,0.22822724,train,42,weighted,False
ISPY2-473505_z030,ISPY2-473505,0,0,spy2,0.22834413,train,42,weighted,False
ISPY2-473505_z031,ISPY2-473505,0,0,spy2,0.22813363,train,42,weighted,False
ISPY2-473505_z032,ISPY2-473505,0,0,spy2,0.22824584,train,42,weighted,False
ISPY2-473505_z033,ISPY2-473505,0,0,spy2,0.22848116,train,42,weighted,False
ISPY2-473505_z034,ISPY2-473505,0,0,spy2,0.22858115,train,42,weighted,False
ISPY2-473505_z035,ISPY2-473505,0,0,spy2,0.22867967,train,42,weighted,False
ISPY2-473505_z036,ISPY2-473505,0,0,spy2,0.2286637,train,42,weighted,False
ISPY2-473505_z037,ISPY2-473505,0,0,spy2,0.2287226,train,42,weighted,False
ISPY2-712917_z007,ISPY2-712917,0,1,spy2,0.6619298,train,42,weighted,False
ISPY2-712917_z009,ISPY2-712917,0,1,spy2,0.6615203,train,42,weighted,False
ISPY2-712917_z010,ISPY2-712917,0,1,spy2,0.6617232,train,42,weighted,False
ISPY2-712917_z011,ISPY2-712917,0,1,spy2,0.66137594,train,42,weighted,False
ISPY2-712917_z012,ISPY2-712917,0,1,spy2,0.6611395,train,42,weighted,False
ISPY2-712917_z013,ISPY2-712917,0,1,spy2,0.66089594,train,42,weighted,False
ISPY2-712917_z014,ISPY2-712917,0,1,spy2,0.66069704,train,42,weighted,False
ISPY2-712917_z015,ISPY2-712917,0,1,spy2,0.66074944,train,42,weighted,False
ISPY2-712917_z016,ISPY2-712917,0,1,spy2,0.66045034,train,42,weighted,False
ISPY2-712917_z017,ISPY2-712917,0,1,spy2,0.6599147,train,42,weighted,False
ISPY2-254060_z004,ISPY2-254060,0,1,spy2,0.66746813,train,42,weighted,False
ISPY2-254060_z005,ISPY2-254060,0,1,spy2,0.6674454,train,42,weighted,False
ISPY2-254060_z006,ISPY2-254060,0,1,spy2,0.6674948,train,42,weighted,False
ISPY2-254060_z007,ISPY2-254060,0,1,spy2,0.66762614,train,42,weighted,False
ISPY2-254060_z008,ISPY2-254060,0,1,spy2,0.6671653,train,42,weighted,False
ISPY2-254060_z009,ISPY2-254060,0,1,spy2,0.6672211,train,42,weighted,False
ISPY2-254060_z010,ISPY2-254060,0,1,spy2,0.66834784,train,42,weighted,False
ISPY2-254060_z011,ISPY2-254060,0,1,spy2,0.66830146,train,42,weighted,False
ISPY2-254060_z012,ISPY2-254060,0,1,spy2,0.66890615,train,42,weighted,False
ISPY2-254060_z014,ISPY2-254060,0,1,spy2,0.668579,train,42,weighted,False
ISPY2-411806_z024,ISPY2-411806,0,0,spy2,0.29716167,train,42,weighted,False
ISPY2-411806_z025,ISPY2-411806,0,0,spy2,0.29757717,train,42,weighted,False
ISPY2-411806_z026,ISPY2-411806,0,0,spy2,0.29734105,train,42,weighted,False
ISPY2-411806_z027,ISPY2-411806,0,0,spy2,0.2965874,train,42,weighted,False
ISPY2-411806_z028,ISPY2-411806,0,0,spy2,0.29748923,train,42,weighted,False
ISPY2-411806_z029,ISPY2-411806,0,0,spy2,0.29841325,train,42,weighted,False
ISPY2-411806_z030,ISPY2-411806,0,0,spy2,0.2991125,train,42,weighted,False
ISPY2-411806_z031,ISPY2-411806,0,0,spy2,0.29859927,train,42,weighted,False
ISPY2-411806_z032,ISPY2-411806,0,0,spy2,0.29805785,train,42,weighted,False
ISPY2-411806_z033,ISPY2-411806,0,0,spy2,0.29905477,train,42,weighted,False
ISPY2-810965_z015,ISPY2-810965,0,1,spy2,0.36540344,train,42,weighted,False
ISPY2-810965_z016,ISPY2-810965,0,1,spy2,0.36535442,train,42,weighted,False
ISPY2-810965_z017,ISPY2-810965,0,1,spy2,0.36577448,train,42,weighted,False
ISPY2-810965_z018,ISPY2-810965,0,1,spy2,0.36591515,train,42,weighted,False
ISPY2-810965_z019,ISPY2-810965,0,1,spy2,0.36533067,train,42,weighted,False
ISPY2-810965_z020,ISPY2-810965,0,1,spy2,0.36534038,train,42,weighted,False
ISPY2-810965_z021,ISPY2-810965,0,1,spy2,0.36468032,train,42,weighted,False
ISPY2-810965_z022,ISPY2-810965,0,1,spy2,0.36382404,train,42,weighted,False
ISPY2-810965_z023,ISPY2-810965,0,1,spy2,0.36447158,train,42,weighted,False
ISPY2-810965_z024,ISPY2-810965,0,1,spy2,0.3652205,train,42,weighted,False
ACRIN-6698-774840_z015,ACRIN-6698-774840,0,1,spy2,0.45786455,train,42,weighted,False
ACRIN-6698-774840_z016,ACRIN-6698-774840,0,1,spy2,0.45667583,train,42,weighted,False
ACRIN-6698-774840_z022,ACRIN-6698-774840,0,1,spy2,0.45923737,train,42,weighted,False
ACRIN-6698-774840_z023,ACRIN-6698-774840,0,1,spy2,0.45882004,train,42,weighted,False
ACRIN-6698-774840_z024,ACRIN-6698-774840,0,1,spy2,0.45901763,train,42,weighted,False
ACRIN-6698-774840_z025,ACRIN-6698-774840,0,1,spy2,0.46093512,train,42,weighted,False
ACRIN-6698-774840_z026,ACRIN-6698-774840,0,1,spy2,0.46086532,train,42,weighted,False
ACRIN-6698-774840_z027,ACRIN-6698-774840,0,1,spy2,0.46045774,train,42,weighted,False
ACRIN-6698-774840_z028,ACRIN-6698-774840,0,1,spy2,0.46058875,train,42,weighted,False
ACRIN-6698-774840_z029,ACRIN-6698-774840,0,1,spy2,0.4620835,train,42,weighted,False
ACRIN-6698-831848_z008,ACRIN-6698-831848,0,1,spy2,0.8654427,train,42,weighted,False
ACRIN-6698-831848_z009,ACRIN-6698-831848,0,1,spy2,0.8650098,train,42,weighted,False
ACRIN-6698-831848_z010,ACRIN-6698-831848,0,1,spy2,0.86441714,train,42,weighted,False
ACRIN-6698-831848_z011,ACRIN-6698-831848,0,1,spy2,0.8636298,train,42,weighted,False
ACRIN-6698-831848_z012,ACRIN-6698-831848,0,1,spy2,0.8631418,train,42,weighted,False
ACRIN-6698-831848_z013,ACRIN-6698-831848,0,1,spy2,0.8622726,train,42,weighted,False
ACRIN-6698-831848_z014,ACRIN-6698-831848,0,1,spy2,0.86246675,train,42,weighted,False
ACRIN-6698-831848_z015,ACRIN-6698-831848,0,1,spy2,0.8636543,train,42,weighted,False
ACRIN-6698-831848_z016,ACRIN-6698-831848,0,1,spy2,0.86359096,train,42,weighted,False
ACRIN-6698-831848_z017,ACRIN-6698-831848,0,1,spy2,0.8640174,train,42,weighted,False
ACRIN-6698-661730_z009,ACRIN-6698-661730,0,1,spy2,0.6405598,train,42,weighted,False
ACRIN-6698-661730_z010,ACRIN-6698-661730,0,1,spy2,0.64065945,train,42,weighted,False
ACRIN-6698-661730_z011,ACRIN-6698-661730,0,1,spy2,0.63946205,train,42,weighted,False
ACRIN-6698-661730_z012,ACRIN-6698-661730,0,1,spy2,0.6389997,train,42,weighted,False
ACRIN-6698-661730_z013,ACRIN-6698-661730,0,1,spy2,0.6390184,train,42,weighted,False
ACRIN-6698-661730_z014,ACRIN-6698-661730,0,1,spy2,0.63943166,train,42,weighted,False
ACRIN-6698-661730_z015,ACRIN-6698-661730,0,1,spy2,0.63984984,train,42,weighted,False
ACRIN-6698-661730_z016,ACRIN-6698-661730,0,1,spy2,0.642491,train,42,weighted,False
ACRIN-6698-661730_z017,ACRIN-6698-661730,0,1,spy2,0.64375156,train,42,weighted,False
ACRIN-6698-661730_z018,ACRIN-6698-661730,0,1,spy2,0.6459907,train,42,weighted,False
ISPY2-347516_z006,ISPY2-347516,0,0,spy2,0.63190764,train,42,weighted,False
ISPY2-347516_z007,ISPY2-347516,0,0,spy2,0.632101,train,42,weighted,False
ISPY2-347516_z008,ISPY2-347516,0,0,spy2,0.6304256,train,42,weighted,False
ISPY2-347516_z009,ISPY2-347516,0,0,spy2,0.63095033,train,42,weighted,False
ISPY2-347516_z010,ISPY2-347516,0,0,spy2,0.63147086,train,42,weighted,False
ISPY2-347516_z011,ISPY2-347516,0,0,spy2,0.63053876,train,42,weighted,False
ISPY2-347516_z012,ISPY2-347516,0,0,spy2,0.63040173,train,42,weighted,False
ISPY2-347516_z013,ISPY2-347516,0,0,spy2,0.6301287,train,42,weighted,False
ISPY2-347516_z014,ISPY2-347516,0,0,spy2,0.6289695,train,42,weighted,False
ISPY2-347516_z015,ISPY2-347516,0,0,spy2,0.6285364,train,42,weighted,False
ISPY2-701790_z005,ISPY2-701790,0,0,spy2,0.24548484,train,42,weighted,False
ISPY2-701790_z006,ISPY2-701790,0,0,spy2,0.245536,train,42,weighted,False
ISPY2-701790_z007,ISPY2-701790,0,0,spy2,0.2451951,train,42,weighted,False
ISPY2-701790_z008,ISPY2-701790,0,0,spy2,0.24564098,train,42,weighted,False
ISPY2-701790_z009,ISPY2-701790,0,0,spy2,0.24614345,train,42,weighted,False
ISPY2-701790_z010,ISPY2-701790,0,0,spy2,0.24654475,train,42,weighted,False
ISPY2-701790_z011,ISPY2-701790,0,0,spy2,0.24699742,train,42,weighted,False
ISPY2-701790_z012,ISPY2-701790,0,0,spy2,0.24751404,train,42,weighted,False
ISPY2-701790_z013,ISPY2-701790,0,0,spy2,0.2482644,train,42,weighted,False
ISPY2-701790_z014,ISPY2-701790,0,0,spy2,0.24919671,train,42,weighted,False
ISPY2-329941_z003,ISPY2-329941,0,1,spy2,0.5525918,train,42,weighted,False
ISPY2-329941_z004,ISPY2-329941,0,1,spy2,0.55158997,train,42,weighted,False
ISPY2-329941_z005,ISPY2-329941,0,1,spy2,0.55035305,train,42,weighted,False
ISPY2-329941_z006,ISPY2-329941,0,1,spy2,0.55052274,train,42,weighted,False
ISPY2-329941_z007,ISPY2-329941,0,1,spy2,0.549575,train,42,weighted,False
ISPY2-329941_z008,ISPY2-329941,0,1,spy2,0.55028594,train,42,weighted,False
ISPY2-329941_z009,ISPY2-329941,0,1,spy2,0.55098075,train,42,weighted,False
ISPY2-329941_z010,ISPY2-329941,0,1,spy2,0.5520447,train,42,weighted,False
ISPY2-329941_z011,ISPY2-329941,0,1,spy2,0.55311596,train,42,weighted,False
ISPY2-329941_z012,ISPY2-329941,0,1,spy2,0.55336434,train,42,weighted,False
ISPY2-728287_z023,ISPY2-728287,0,1,spy2,0.45189756,train,42,weighted,False
ISPY2-728287_z024,ISPY2-728287,0,1,spy2,0.45159882,train,42,weighted,False
ISPY2-728287_z025,ISPY2-728287,0,1,spy2,0.45157582,train,42,weighted,False
ISPY2-728287_z026,ISPY2-728287,0,1,spy2,0.45166048,train,42,weighted,False
ISPY2-728287_z027,ISPY2-728287,0,1,spy2,0.4508518,train,42,weighted,False
ISPY2-728287_z028,ISPY2-728287,0,1,spy2,0.45059237,train,42,weighted,False
ISPY2-728287_z029,ISPY2-728287,0,1,spy2,0.45079723,train,42,weighted,False
ISPY2-728287_z030,ISPY2-728287,0,1,spy2,0.45140484,train,42,weighted,False
ISPY2-728287_z031,ISPY2-728287,0,1,spy2,0.45152974,train,42,weighted,False
ISPY2-728287_z032,ISPY2-728287,0,1,spy2,0.45132703,train,42,weighted,False
ISPY2-268937_z009,ISPY2-268937,0,1,spy2,0.55151755,train,42,weighted,False
ISPY2-268937_z010,ISPY2-268937,0,1,spy2,0.55112845,train,42,weighted,False
ISPY2-268937_z011,ISPY2-268937,0,1,spy2,0.5509295,train,42,weighted,False
ISPY2-268937_z012,ISPY2-268937,0,1,spy2,0.55039394,train,42,weighted,False
ISPY2-268937_z013,ISPY2-268937,0,1,spy2,0.54866564,train,42,weighted,False
ISPY2-268937_z014,ISPY2-268937,0,1,spy2,0.54858077,train,42,weighted,False
ISPY2-268937_z015,ISPY2-268937,0,1,spy2,0.54846036,train,42,weighted,False
ISPY2-268937_z016,ISPY2-268937,0,1,spy2,0.5491833,train,42,weighted,False
ISPY2-268937_z017,ISPY2-268937,0,1,spy2,0.54996985,train,42,weighted,False
ISPY2-268937_z018,ISPY2-268937,0,1,spy2,0.5509824,train,42,weighted,False
ISPY2-849605_z027,ISPY2-849605,0,0,spy2,0.57596225,train,42,weighted,False
ISPY2-849605_z030,ISPY2-849605,0,0,spy2,0.5765413,train,42,weighted,False
ISPY2-849605_z031,ISPY2-849605,0,0,spy2,0.5755287,train,42,weighted,False
ISPY2-849605_z032,ISPY2-849605,0,0,spy2,0.57569754,train,42,weighted,False
ISPY2-849605_z033,ISPY2-849605,0,0,spy2,0.5766013,train,42,weighted,False
ISPY2-849605_z034,ISPY2-849605,0,0,spy2,0.57699126,train,42,weighted,False
ISPY2-849605_z035,ISPY2-849605,0,0,spy2,0.5773328,train,42,weighted,False
ISPY2-849605_z036,ISPY2-849605,0,0,spy2,0.57784253,train,42,weighted,False
ISPY2-849605_z037,ISPY2-849605,0,0,spy2,0.57792383,train,42,weighted,False
ISPY2-849605_z038,ISPY2-849605,0,0,spy2,0.577749,train,42,weighted,False
ISPY2-797499_z004,ISPY2-797499,0,1,spy2,0.80230695,train,42,weighted,False
ISPY2-797499_z005,ISPY2-797499,0,1,spy2,0.80164605,train,42,weighted,False
ISPY2-797499_z006,ISPY2-797499,0,1,spy2,0.8016101,train,42,weighted,False
ISPY2-797499_z007,ISPY2-797499,0,1,spy2,0.8012678,train,42,weighted,False
ISPY2-797499_z008,ISPY2-797499,0,1,spy2,0.80083627,train,42,weighted,False
ISPY2-797499_z009,ISPY2-797499,0,1,spy2,0.8010389,train,42,weighted,False
ISPY2-797499_z010,ISPY2-797499,0,1,spy2,0.80153984,train,42,weighted,False
ISPY2-797499_z011,ISPY2-797499,0,1,spy2,0.8015485,train,42,weighted,False
ISPY2-797499_z012,ISPY2-797499,0,1,spy2,0.8014708,train,42,weighted,False
ISPY2-797499_z013,ISPY2-797499,0,1,spy2,0.8013535,train,42,weighted,False
ACRIN-6698-691753_z007,ACRIN-6698-691753,0,0,spy2,0.29599825,train,42,weighted,False
ACRIN-6698-691753_z008,ACRIN-6698-691753,0,0,spy2,0.29571155,train,42,weighted,False
ACRIN-6698-691753_z009,ACRIN-6698-691753,0,0,spy2,0.29474282,train,42,weighted,False
ACRIN-6698-691753_z010,ACRIN-6698-691753,0,0,spy2,0.294677,train,42,weighted,False
ACRIN-6698-691753_z011,ACRIN-6698-691753,0,0,spy2,0.29407743,train,42,weighted,False
ACRIN-6698-691753_z012,ACRIN-6698-691753,0,0,spy2,0.29442278,train,42,weighted,False
ACRIN-6698-691753_z013,ACRIN-6698-691753,0,0,spy2,0.295506,train,42,weighted,False
ACRIN-6698-691753_z014,ACRIN-6698-691753,0,0,spy2,0.29580614,train,42,weighted,False
ACRIN-6698-691753_z015,ACRIN-6698-691753,0,0,spy2,0.29658237,train,42,weighted,False
ACRIN-6698-691753_z016,ACRIN-6698-691753,0,0,spy2,0.29740772,train,42,weighted,False
ISPY2-726091_z018,ISPY2-726091,0,1,spy2,0.6269854,train,42,weighted,False
ISPY2-726091_z019,ISPY2-726091,0,1,spy2,0.626694,train,42,weighted,False
ISPY2-726091_z020,ISPY2-726091,0,1,spy2,0.62681824,train,42,weighted,False
ISPY2-726091_z021,ISPY2-726091,0,1,spy2,0.6267518,train,42,weighted,False
ISPY2-726091_z022,ISPY2-726091,0,1,spy2,0.6273899,train,42,weighted,False
ISPY2-726091_z023,ISPY2-726091,0,1,spy2,0.62726253,train,42,weighted,False
ISPY2-726091_z024,ISPY2-726091,0,1,spy2,0.62749565,train,42,weighted,False
ISPY2-726091_z025,ISPY2-726091,0,1,spy2,0.62757075,train,42,weighted,False
ISPY2-726091_z026,ISPY2-726091,0,1,spy2,0.6275137,train,42,weighted,False
ISPY2-726091_z027,ISPY2-726091,0,1,spy2,0.62778765,train,42,weighted,False
ACRIN-6698-179568_z006,ACRIN-6698-179568,0,0,spy2,0.29879877,train,42,weighted,False
ACRIN-6698-179568_z007,ACRIN-6698-179568,0,0,spy2,0.2977072,train,42,weighted,False
ACRIN-6698-179568_z008,ACRIN-6698-179568,0,0,spy2,0.29659614,train,42,weighted,False
ACRIN-6698-179568_z009,ACRIN-6698-179568,0,0,spy2,0.29695746,train,42,weighted,False
ACRIN-6698-179568_z010,ACRIN-6698-179568,0,0,spy2,0.29708195,train,42,weighted,False
ACRIN-6698-179568_z011,ACRIN-6698-179568,0,0,spy2,0.29763263,train,42,weighted,False
ACRIN-6698-179568_z012,ACRIN-6698-179568,0,0,spy2,0.29808864,train,42,weighted,False
ACRIN-6698-179568_z013,ACRIN-6698-179568,0,0,spy2,0.29790092,train,42,weighted,False
ACRIN-6698-179568_z014,ACRIN-6698-179568,0,0,spy2,0.29723784,train,42,weighted,False
ACRIN-6698-179568_z015,ACRIN-6698-179568,0,0,spy2,0.29702523,train,42,weighted,False
ISPY2-160120_z009,ISPY2-160120,0,0,spy2,0.24606876,train,42,weighted,False
ISPY2-160120_z010,ISPY2-160120,0,0,spy2,0.24669117,train,42,weighted,False
ISPY2-160120_z011,ISPY2-160120,0,0,spy2,0.24664454,train,42,weighted,False
ISPY2-160120_z012,ISPY2-160120,0,0,spy2,0.24702619,train,42,weighted,False
ISPY2-160120_z013,ISPY2-160120,0,0,spy2,0.24682882,train,42,weighted,False
ISPY2-160120_z014,ISPY2-160120,0,0,spy2,0.24673985,train,42,weighted,False
ISPY2-160120_z015,ISPY2-160120,0,0,spy2,0.24701823,train,42,weighted,False
ISPY2-160120_z016,ISPY2-160120,0,0,spy2,0.24685945,train,42,weighted,False
ISPY2-160120_z017,ISPY2-160120,0,0,spy2,0.24693044,train,42,weighted,False
ISPY2-160120_z018,ISPY2-160120,0,0,spy2,0.24739195,train,42,weighted,False
ACRIN-6698-760011_z007,ACRIN-6698-760011,0,1,spy2,0.5487069,train,42,weighted,False
ACRIN-6698-760011_z009,ACRIN-6698-760011,0,1,spy2,0.54458666,train,42,weighted,False
ACRIN-6698-760011_z010,ACRIN-6698-760011,0,1,spy2,0.5444434,train,42,weighted,False
ACRIN-6698-760011_z011,ACRIN-6698-760011,0,1,spy2,0.5436022,train,42,weighted,False
ACRIN-6698-760011_z013,ACRIN-6698-760011,0,1,spy2,0.54828846,train,42,weighted,False
ACRIN-6698-760011_z014,ACRIN-6698-760011,0,1,spy2,0.5491801,train,42,weighted,False
ACRIN-6698-760011_z015,ACRIN-6698-760011,0,1,spy2,0.5474167,train,42,weighted,False
ACRIN-6698-760011_z016,ACRIN-6698-760011,0,1,spy2,0.5485846,train,42,weighted,False
ACRIN-6698-760011_z017,ACRIN-6698-760011,0,1,spy2,0.54847723,train,42,weighted,False
ACRIN-6698-760011_z018,ACRIN-6698-760011,0,1,spy2,0.5476792,train,42,weighted,False
ISPY2-654956_z010,ISPY2-654956,0,0,spy2,0.7930877,train,42,weighted,False
ISPY2-654956_z011,ISPY2-654956,0,0,spy2,0.7932058,train,42,weighted,False
ISPY2-654956_z012,ISPY2-654956,0,0,spy2,0.79332924,train,42,weighted,False
ISPY2-654956_z013,ISPY2-654956,0,0,spy2,0.7931596,train,42,weighted,False
ISPY2-654956_z014,ISPY2-654956,0,0,spy2,0.7930086,train,42,weighted,False
ISPY2-654956_z015,ISPY2-654956,0,0,spy2,0.79280704,train,42,weighted,False
ISPY2-654956_z016,ISPY2-654956,0,0,spy2,0.79260194,train,42,weighted,False
ISPY2-654956_z017,ISPY2-654956,0,0,spy2,0.79275346,train,42,weighted,False
ISPY2-654956_z021,ISPY2-654956,0,0,spy2,0.79305136,train,42,weighted,False
ISPY2-654956_z022,ISPY2-654956,0,0,spy2,0.7927493,train,42,weighted,False
ISPY2-388581_z010,ISPY2-388581,0,1,spy2,0.5628471,train,42,weighted,False
ISPY2-388581_z011,ISPY2-388581,0,1,spy2,0.56250817,train,42,weighted,False
ISPY2-388581_z012,ISPY2-388581,0,1,spy2,0.562022,train,42,weighted,False
ISPY2-388581_z013,ISPY2-388581,0,1,spy2,0.561956,train,42,weighted,False
ISPY2-388581_z014,ISPY2-388581,0,1,spy2,0.56169015,train,42,weighted,False
ISPY2-388581_z015,ISPY2-388581,0,1,spy2,0.56105095,train,42,weighted,False
ISPY2-388581_z016,ISPY2-388581,0,1,spy2,0.56095976,train,42,weighted,False
ISPY2-388581_z017,ISPY2-388581,0,1,spy2,0.56104285,train,42,weighted,False
ISPY2-388581_z018,ISPY2-388581,0,1,spy2,0.5612988,train,42,weighted,False
ISPY2-388581_z019,ISPY2-388581,0,1,spy2,0.56126285,train,42,weighted,False
ISPY2-771813_z002,ISPY2-771813,0,0,spy2,0.60473245,train,42,weighted,False
ISPY2-771813_z003,ISPY2-771813,0,0,spy2,0.6041733,train,42,weighted,False
ISPY2-771813_z004,ISPY2-771813,0,0,spy2,0.60401475,train,42,weighted,False
ISPY2-771813_z005,ISPY2-771813,0,0,spy2,0.60440755,train,42,weighted,False
ISPY2-771813_z006,ISPY2-771813,0,0,spy2,0.60431963,train,42,weighted,False
ISPY2-771813_z007,ISPY2-771813,0,0,spy2,0.6042957,train,42,weighted,False
ISPY2-771813_z008,ISPY2-771813,0,0,spy2,0.60435116,train,42,weighted,False
ISPY2-771813_z009,ISPY2-771813,0,0,spy2,0.6040281,train,42,weighted,False
ISPY2-771813_z010,ISPY2-771813,0,0,spy2,0.6044224,train,42,weighted,False
ISPY2-771813_z011,ISPY2-771813,0,0,spy2,0.6048218,train,42,weighted,False
ISPY2-225836_z011,ISPY2-225836,0,0,spy2,0.43513557,train,42,weighted,False
ISPY2-225836_z012,ISPY2-225836,0,0,spy2,0.43594277,train,42,weighted,False
ISPY2-225836_z013,ISPY2-225836,0,0,spy2,0.43574268,train,42,weighted,False
ISPY2-225836_z014,ISPY2-225836,0,0,spy2,0.4359115,train,42,weighted,False
ISPY2-225836_z015,ISPY2-225836,0,0,spy2,0.43617925,train,42,weighted,False
ISPY2-225836_z016,ISPY2-225836,0,0,spy2,0.43555242,train,42,weighted,False
ISPY2-225836_z017,ISPY2-225836,0,0,spy2,0.43571624,train,42,weighted,False
ISPY2-225836_z018,ISPY2-225836,0,0,spy2,0.4363169,train,42,weighted,False
ISPY2-225836_z019,ISPY2-225836,0,0,spy2,0.4367831,train,42,weighted,False
ISPY2-225836_z020,ISPY2-225836,0,0,spy2,0.43724653,train,42,weighted,False
ISPY2-932200_z009,ISPY2-932200,0,0,spy2,0.37034968,train,42,weighted,False
ISPY2-932200_z010,ISPY2-932200,0,0,spy2,0.36990175,train,42,weighted,False
ISPY2-932200_z011,ISPY2-932200,0,0,spy2,0.36949837,train,42,weighted,False
ISPY2-932200_z012,ISPY2-932200,0,0,spy2,0.36981797,train,42,weighted,False
ISPY2-932200_z013,ISPY2-932200,0,0,spy2,0.37024608,train,42,weighted,False
ISPY2-932200_z014,ISPY2-932200,0,0,spy2,0.37002116,train,42,weighted,False
ISPY2-932200_z015,ISPY2-932200,0,0,spy2,0.37085643,train,42,weighted,False
ISPY2-932200_z016,ISPY2-932200,0,0,spy2,0.37167528,train,42,weighted,False
ISPY2-932200_z017,ISPY2-932200,0,0,spy2,0.37277645,train,42,weighted,False
ISPY2-932200_z018,ISPY2-932200,0,0,spy2,0.37331143,train,42,weighted,False
ISPY2-129837_z025,ISPY2-129837,0,0,spy2,0.4330398,train,42,weighted,False
ISPY2-129837_z026,ISPY2-129837,0,0,spy2,0.43401235,train,42,weighted,False
ISPY2-129837_z027,ISPY2-129837,0,0,spy2,0.43431363,train,42,weighted,False
ISPY2-129837_z028,ISPY2-129837,0,0,spy2,0.4334938,train,42,weighted,False
ISPY2-129837_z029,ISPY2-129837,0,0,spy2,0.43328887,train,42,weighted,False
ISPY2-129837_z030,ISPY2-129837,0,0,spy2,0.43345043,train,42,weighted,False
ISPY2-129837_z031,ISPY2-129837,0,0,spy2,0.43325862,train,42,weighted,False
ISPY2-129837_z032,ISPY2-129837,0,0,spy2,0.4316952,train,42,weighted,False
ISPY2-129837_z033,ISPY2-129837,0,0,spy2,0.4304767,train,42,weighted,False
ISPY2-129837_z034,ISPY2-129837,0,0,spy2,0.43096447,train,42,weighted,False
ISPY2-239061_z031,ISPY2-239061,0,0,spy2,0.40747204,train,42,weighted,False
ISPY2-239061_z032,ISPY2-239061,0,0,spy2,0.4073515,train,42,weighted,False
ISPY2-239061_z033,ISPY2-239061,0,0,spy2,0.40712216,train,42,weighted,False
ISPY2-239061_z034,ISPY2-239061,0,0,spy2,0.40742153,train,42,weighted,False
ISPY2-239061_z035,ISPY2-239061,0,0,spy2,0.40777853,train,42,weighted,False
ISPY2-239061_z036,ISPY2-239061,0,0,spy2,0.4078068,train,42,weighted,False
ISPY2-239061_z037,ISPY2-239061,0,0,spy2,0.4076644,train,42,weighted,False
ISPY2-239061_z038,ISPY2-239061,0,0,spy2,0.40753368,train,42,weighted,False
ISPY2-239061_z039,ISPY2-239061,0,0,spy2,0.40800473,train,42,weighted,False
ISPY2-239061_z040,ISPY2-239061,0,0,spy2,0.40762892,train,42,weighted,False
ISPY2-103693_z005,ISPY2-103693,0,0,spy2,0.2652903,train,42,weighted,False
ISPY2-103693_z006,ISPY2-103693,0,0,spy2,0.26541552,train,42,weighted,False
ISPY2-103693_z007,ISPY2-103693,0,0,spy2,0.26553077,train,42,weighted,False
ISPY2-103693_z008,ISPY2-103693,0,0,spy2,0.26525676,train,42,weighted,False
ISPY2-103693_z009,ISPY2-103693,0,0,spy2,0.26505214,train,42,weighted,False
ISPY2-103693_z010,ISPY2-103693,0,0,spy2,0.2650271,train,42,weighted,False
ISPY2-103693_z011,ISPY2-103693,0,0,spy2,0.26515287,train,42,weighted,False
ISPY2-103693_z012,ISPY2-103693,0,0,spy2,0.26490805,train,42,weighted,False
ISPY2-103693_z013,ISPY2-103693,0,0,spy2,0.2652976,train,42,weighted,False
ISPY2-103693_z014,ISPY2-103693,0,0,spy2,0.2656379,train,42,weighted,False
ISPY2-151230_z015,ISPY2-151230,0,0,spy2,0.4668884,train,42,weighted,False
ISPY2-151230_z016,ISPY2-151230,0,0,spy2,0.4670338,train,42,weighted,False
ISPY2-151230_z017,ISPY2-151230,0,0,spy2,0.46680775,train,42,weighted,False
ISPY2-151230_z018,ISPY2-151230,0,0,spy2,0.46680462,train,42,weighted,False
ISPY2-151230_z019,ISPY2-151230,0,0,spy2,0.46714154,train,42,weighted,False
ISPY2-151230_z020,ISPY2-151230,0,0,spy2,0.46769023,train,42,weighted,False
ISPY2-151230_z021,ISPY2-151230,0,0,spy2,0.46860486,train,42,weighted,False
ISPY2-151230_z022,ISPY2-151230,0,0,spy2,0.46849304,train,42,weighted,False
ISPY2-151230_z023,ISPY2-151230,0,0,spy2,0.46931532,train,42,weighted,False
ISPY2-151230_z024,ISPY2-151230,0,0,spy2,0.47072825,train,42,weighted,False
ISPY2-570380_z038,ISPY2-570380,0,0,spy2,0.57732666,train,42,weighted,False
ISPY2-570380_z039,ISPY2-570380,0,0,spy2,0.57717174,train,42,weighted,False
ISPY2-570380_z040,ISPY2-570380,0,0,spy2,0.5773434,train,42,weighted,False
ISPY2-570380_z041,ISPY2-570380,0,0,spy2,0.57748175,train,42,weighted,False
ISPY2-570380_z042,ISPY2-570380,0,0,spy2,0.57775724,train,42,weighted,False
ISPY2-570380_z043,ISPY2-570380,0,0,spy2,0.5789715,train,42,weighted,False
ISPY2-570380_z044,ISPY2-570380,0,0,spy2,0.5797536,train,42,weighted,False
ISPY2-570380_z045,ISPY2-570380,0,0,spy2,0.5800546,train,42,weighted,False
ISPY2-570380_z046,ISPY2-570380,0,0,spy2,0.5803114,train,42,weighted,False
ISPY2-570380_z048,ISPY2-570380,0,0,spy2,0.5815073,train,42,weighted,False
ISPY2-133650_z007,ISPY2-133650,0,0,spy2,0.251534,train,42,weighted,False
ISPY2-133650_z008,ISPY2-133650,0,0,spy2,0.25059873,train,42,weighted,False
ISPY2-133650_z009,ISPY2-133650,0,0,spy2,0.24979942,train,42,weighted,False
ISPY2-133650_z010,ISPY2-133650,0,0,spy2,0.2483071,train,42,weighted,False
ISPY2-133650_z011,ISPY2-133650,0,0,spy2,0.24812219,train,42,weighted,False
ISPY2-133650_z012,ISPY2-133650,0,0,spy2,0.24763419,train,42,weighted,False
ISPY2-133650_z013,ISPY2-133650,0,0,spy2,0.24706,train,42,weighted,False
ISPY2-133650_z014,ISPY2-133650,0,0,spy2,0.24657756,train,42,weighted,False
ISPY2-133650_z015,ISPY2-133650,0,0,spy2,0.246203,train,42,weighted,False
ISPY2-133650_z016,ISPY2-133650,0,0,spy2,0.24556312,train,42,weighted,False
ISPY2-502486_z023,ISPY2-502486,0,0,spy2,0.59038645,train,42,weighted,False
ISPY2-502486_z024,ISPY2-502486,0,0,spy2,0.59070987,train,42,weighted,False
ISPY2-502486_z033,ISPY2-502486,0,0,spy2,0.5924939,train,42,weighted,False
ISPY2-502486_z034,ISPY2-502486,0,0,spy2,0.59241676,train,42,weighted,False
ISPY2-502486_z035,ISPY2-502486,0,0,spy2,0.5925322,train,42,weighted,False
ISPY2-502486_z036,ISPY2-502486,0,0,spy2,0.59281456,train,42,weighted,False
ISPY2-502486_z037,ISPY2-502486,0,0,spy2,0.59321827,train,42,weighted,False
ISPY2-502486_z038,ISPY2-502486,0,0,spy2,0.5926765,train,42,weighted,False
ISPY2-502486_z039,ISPY2-502486,0,0,spy2,0.5924349,train,42,weighted,False
ISPY2-502486_z040,ISPY2-502486,0,0,spy2,0.5926059,train,42,weighted,False
ACRIN-6698-987914_z006,ACRIN-6698-987914,0,0,spy2,0.5527443,train,42,weighted,False
ACRIN-6698-987914_z011,ACRIN-6698-987914,0,0,spy2,0.55180603,train,42,weighted,False
ACRIN-6698-987914_z012,ACRIN-6698-987914,0,0,spy2,0.5512613,train,42,weighted,False
ACRIN-6698-987914_z013,ACRIN-6698-987914,0,0,spy2,0.551414,train,42,weighted,False
ACRIN-6698-987914_z014,ACRIN-6698-987914,0,0,spy2,0.5510705,train,42,weighted,False
ACRIN-6698-987914_z015,ACRIN-6698-987914,0,0,spy2,0.5502582,train,42,weighted,False
ACRIN-6698-987914_z016,ACRIN-6698-987914,0,0,spy2,0.55087036,train,42,weighted,False
ACRIN-6698-987914_z017,ACRIN-6698-987914,0,0,spy2,0.5510405,train,42,weighted,False
ACRIN-6698-987914_z018,ACRIN-6698-987914,0,0,spy2,0.5505489,train,42,weighted,False
ACRIN-6698-987914_z019,ACRIN-6698-987914,0,0,spy2,0.5505873,train,42,weighted,False
ISPY2-127675_z045,ISPY2-127675,0,0,spy2,0.4583193,train,42,weighted,False
ISPY2-127675_z046,ISPY2-127675,0,0,spy2,0.45841914,train,42,weighted,False
ISPY2-127675_z047,ISPY2-127675,0,0,spy2,0.45977905,train,42,weighted,False
ISPY2-127675_z048,ISPY2-127675,0,0,spy2,0.46016034,train,42,weighted,False
ISPY2-127675_z049,ISPY2-127675,0,0,spy2,0.4599266,train,42,weighted,False
ISPY2-127675_z050,ISPY2-127675,0,0,spy2,0.4604447,train,42,weighted,False
ISPY2-127675_z051,ISPY2-127675,0,0,spy2,0.46153027,train,42,weighted,False
ISPY2-127675_z052,ISPY2-127675,0,0,spy2,0.46114138,train,42,weighted,False
ISPY2-127675_z053,ISPY2-127675,0,0,spy2,0.46101052,train,42,weighted,False
ISPY2-127675_z054,ISPY2-127675,0,0,spy2,0.46166033,train,42,weighted,False
ACRIN-6698-298101_z010,ACRIN-6698-298101,0,0,spy2,0.36948866,train,42,weighted,False
ACRIN-6698-298101_z011,ACRIN-6698-298101,0,0,spy2,0.3703948,train,42,weighted,False
ACRIN-6698-298101_z012,ACRIN-6698-298101,0,0,spy2,0.3705702,train,42,weighted,False
ACRIN-6698-298101_z013,ACRIN-6698-298101,0,0,spy2,0.37132913,train,42,weighted,False
ACRIN-6698-298101_z014,ACRIN-6698-298101,0,0,spy2,0.37194547,train,42,weighted,False
ACRIN-6698-298101_z015,ACRIN-6698-298101,0,0,spy2,0.37275362,train,42,weighted,False
ACRIN-6698-298101_z016,ACRIN-6698-298101,0,0,spy2,0.37431657,train,42,weighted,False
ACRIN-6698-298101_z017,ACRIN-6698-298101,0,0,spy2,0.3754277,train,42,weighted,False
ACRIN-6698-298101_z018,ACRIN-6698-298101,0,0,spy2,0.37675652,train,42,weighted,False
ACRIN-6698-298101_z019,ACRIN-6698-298101,0,0,spy2,0.37712294,train,42,weighted,False
ACRIN-6698-804979_z014,ACRIN-6698-804979,0,0,spy2,0.31903392,train,42,weighted,False
ACRIN-6698-804979_z016,ACRIN-6698-804979,0,0,spy2,0.31917626,train,42,weighted,False
ACRIN-6698-804979_z017,ACRIN-6698-804979,0,0,spy2,0.31926993,train,42,weighted,False
ACRIN-6698-804979_z018,ACRIN-6698-804979,0,0,spy2,0.31985772,train,42,weighted,False
ACRIN-6698-804979_z019,ACRIN-6698-804979,0,0,spy2,0.32003537,train,42,weighted,False
ACRIN-6698-804979_z020,ACRIN-6698-804979,0,0,spy2,0.3199555,train,42,weighted,False
ACRIN-6698-804979_z021,ACRIN-6698-804979,0,0,spy2,0.31974465,train,42,weighted,False
ACRIN-6698-804979_z022,ACRIN-6698-804979,0,0,spy2,0.3198031,train,42,weighted,False
ACRIN-6698-804979_z023,ACRIN-6698-804979,0,0,spy2,0.32078907,train,42,weighted,False
ACRIN-6698-804979_z024,ACRIN-6698-804979,0,0,spy2,0.3214592,train,42,weighted,False
ISPY2-632408_z009,ISPY2-632408,0,0,spy2,0.20214215,train,42,weighted,False
ISPY2-632408_z010,ISPY2-632408,0,0,spy2,0.20169644,train,42,weighted,False
ISPY2-632408_z011,ISPY2-632408,0,0,spy2,0.20219532,train,42,weighted,False
ISPY2-632408_z012,ISPY2-632408,0,0,spy2,0.20223087,train,42,weighted,False
ISPY2-632408_z013,ISPY2-632408,0,0,spy2,0.20280056,train,42,weighted,False
ISPY2-632408_z014,ISPY2-632408,0,0,spy2,0.2034862,train,42,weighted,False
ISPY2-632408_z015,ISPY2-632408,0,0,spy2,0.20487794,train,42,weighted,False
ISPY2-632408_z016,ISPY2-632408,0,0,spy2,0.20537585,train,42,weighted,False
ISPY2-632408_z017,ISPY2-632408,0,0,spy2,0.20535748,train,42,weighted,False
ISPY2-632408_z023,ISPY2-632408,0,0,spy2,0.2047027,train,42,weighted,False
ISPY2-765773_z009,ISPY2-765773,0,1,spy2,0.59047323,train,42,weighted,False
ISPY2-765773_z010,ISPY2-765773,0,1,spy2,0.59001905,train,42,weighted,False
ISPY2-765773_z011,ISPY2-765773,0,1,spy2,0.589294,train,42,weighted,False
ISPY2-765773_z012,ISPY2-765773,0,1,spy2,0.589497,train,42,weighted,False
ISPY2-765773_z013,ISPY2-765773,0,1,spy2,0.58976287,train,42,weighted,False
ISPY2-765773_z014,ISPY2-765773,0,1,spy2,0.58962965,train,42,weighted,False
ISPY2-765773_z015,ISPY2-765773,0,1,spy2,0.5903159,train,42,weighted,False
ISPY2-765773_z016,ISPY2-765773,0,1,spy2,0.59024864,train,42,weighted,False
ISPY2-765773_z017,ISPY2-765773,0,1,spy2,0.5904414,train,42,weighted,False
ISPY2-765773_z018,ISPY2-765773,0,1,spy2,0.59134245,train,42,weighted,False
ISPY2-803514_z036,ISPY2-803514,0,0,spy2,0.20555598,train,42,weighted,False
ISPY2-803514_z037,ISPY2-803514,0,0,spy2,0.20530882,train,42,weighted,False
ISPY2-803514_z038,ISPY2-803514,0,0,spy2,0.20578209,train,42,weighted,False
ISPY2-803514_z039,ISPY2-803514,0,0,spy2,0.20603941,train,42,weighted,False
ISPY2-803514_z040,ISPY2-803514,0,0,spy2,0.20645422,train,42,weighted,False
ISPY2-803514_z041,ISPY2-803514,0,0,spy2,0.2060977,train,42,weighted,False
ISPY2-803514_z042,ISPY2-803514,0,0,spy2,0.20618571,train,42,weighted,False
ISPY2-803514_z043,ISPY2-803514,0,0,spy2,0.2063334,train,42,weighted,False
ISPY2-803514_z044,ISPY2-803514,0,0,spy2,0.20673074,train,42,weighted,False
ISPY2-803514_z045,ISPY2-803514,0,0,spy2,0.20717981,train,42,weighted,False
ISPY2-202956_z004,ISPY2-202956,0,1,spy2,0.59310013,train,42,weighted,False
ISPY2-202956_z005,ISPY2-202956,0,1,spy2,0.59206885,train,42,weighted,False
ISPY2-202956_z006,ISPY2-202956,0,1,spy2,0.5900536,train,42,weighted,False
ISPY2-202956_z007,ISPY2-202956,0,1,spy2,0.5869922,train,42,weighted,False
ISPY2-202956_z008,ISPY2-202956,0,1,spy2,0.5895704,train,42,weighted,False
ISPY2-202956_z009,ISPY2-202956,0,1,spy2,0.58776164,train,42,weighted,False
ISPY2-202956_z010,ISPY2-202956,0,1,spy2,0.587667,train,42,weighted,False
ISPY2-202956_z011,ISPY2-202956,0,1,spy2,0.58878464,train,42,weighted,False
ISPY2-202956_z012,ISPY2-202956,0,1,spy2,0.5875412,train,42,weighted,False
ISPY2-202956_z013,ISPY2-202956,0,1,spy2,0.5881988,train,42,weighted,False
ISPY2-301289_z004,ISPY2-301289,0,0,spy2,0.30464885,train,42,weighted,False
ISPY2-301289_z005,ISPY2-301289,0,0,spy2,0.30443478,train,42,weighted,False
ISPY2-301289_z006,ISPY2-301289,0,0,spy2,0.30468848,train,42,weighted,False
ISPY2-301289_z007,ISPY2-301289,0,0,spy2,0.30493763,train,42,weighted,False
ISPY2-301289_z008,ISPY2-301289,0,0,spy2,0.30497706,train,42,weighted,False
ISPY2-301289_z009,ISPY2-301289,0,0,spy2,0.30534208,train,42,weighted,False
ISPY2-301289_z010,ISPY2-301289,0,0,spy2,0.30509263,train,42,weighted,False
ISPY2-301289_z011,ISPY2-301289,0,0,spy2,0.30485767,train,42,weighted,False
ISPY2-301289_z012,ISPY2-301289,0,0,spy2,0.3049624,train,42,weighted,False
ISPY2-301289_z013,ISPY2-301289,0,0,spy2,0.30535096,train,42,weighted,False
ISPY2-442981_z020,ISPY2-442981,0,1,spy2,0.35182008,train,42,weighted,False
ISPY2-442981_z021,ISPY2-442981,0,1,spy2,0.35264686,train,42,weighted,False
ISPY2-442981_z022,ISPY2-442981,0,1,spy2,0.35359845,train,42,weighted,False
ISPY2-442981_z023,ISPY2-442981,0,1,spy2,0.3537837,train,42,weighted,False
ISPY2-442981_z024,ISPY2-442981,0,1,spy2,0.35391298,train,42,weighted,False
ISPY2-442981_z025,ISPY2-442981,0,1,spy2,0.35519364,train,42,weighted,False
ISPY2-442981_z026,ISPY2-442981,0,1,spy2,0.35556227,train,42,weighted,False
ISPY2-442981_z027,ISPY2-442981,0,1,spy2,0.3572891,train,42,weighted,False
ISPY2-442981_z028,ISPY2-442981,0,1,spy2,0.35735157,train,42,weighted,False
ISPY2-442981_z029,ISPY2-442981,0,1,spy2,0.358565,train,42,weighted,False
ACRIN-6698-284593_z007,ACRIN-6698-284593,0,0,spy2,0.6524872,train,42,weighted,False
ACRIN-6698-284593_z008,ACRIN-6698-284593,0,0,spy2,0.6523676,train,42,weighted,False
ACRIN-6698-284593_z009,ACRIN-6698-284593,0,0,spy2,0.65219605,train,42,weighted,False
ACRIN-6698-284593_z010,ACRIN-6698-284593,0,0,spy2,0.65292543,train,42,weighted,False
ACRIN-6698-284593_z011,ACRIN-6698-284593,0,0,spy2,0.6531248,train,42,weighted,False
ACRIN-6698-284593_z012,ACRIN-6698-284593,0,0,spy2,0.65229607,train,42,weighted,False
ACRIN-6698-284593_z013,ACRIN-6698-284593,0,0,spy2,0.6515986,train,42,weighted,False
ACRIN-6698-284593_z014,ACRIN-6698-284593,0,0,spy2,0.65194666,train,42,weighted,False
ACRIN-6698-284593_z015,ACRIN-6698-284593,0,0,spy2,0.652481,train,42,weighted,False
ACRIN-6698-284593_z016,ACRIN-6698-284593,0,0,spy2,0.65380365,train,42,weighted,False
ACRIN-6698-462582_z015,ACRIN-6698-462582,0,0,spy2,0.2697748,train,42,weighted,False
ACRIN-6698-462582_z016,ACRIN-6698-462582,0,0,spy2,0.26944357,train,42,weighted,False
ACRIN-6698-462582_z017,ACRIN-6698-462582,0,0,spy2,0.26935157,train,42,weighted,False
ACRIN-6698-462582_z018,ACRIN-6698-462582,0,0,spy2,0.26912004,train,42,weighted,False
ACRIN-6698-462582_z023,ACRIN-6698-462582,0,0,spy2,0.26882267,train,42,weighted,False
ACRIN-6698-462582_z024,ACRIN-6698-462582,0,0,spy2,0.26819894,train,42,weighted,False
ACRIN-6698-462582_z025,ACRIN-6698-462582,0,0,spy2,0.26835504,train,42,weighted,False
ACRIN-6698-462582_z026,ACRIN-6698-462582,0,0,spy2,0.26897317,train,42,weighted,False
ACRIN-6698-462582_z030,ACRIN-6698-462582,0,0,spy2,0.2723706,train,42,weighted,False
ACRIN-6698-462582_z031,ACRIN-6698-462582,0,0,spy2,0.27267277,train,42,weighted,False
ISPY2-578975_z005,ISPY2-578975,0,1,spy2,0.615142,train,42,weighted,False
ISPY2-578975_z006,ISPY2-578975,0,1,spy2,0.61512274,train,42,weighted,False
ISPY2-578975_z007,ISPY2-578975,0,1,spy2,0.6153226,train,42,weighted,False
ISPY2-578975_z008,ISPY2-578975,0,1,spy2,0.61475754,train,42,weighted,False
ISPY2-578975_z009,ISPY2-578975,0,1,spy2,0.614848,train,42,weighted,False
ISPY2-578975_z010,ISPY2-578975,0,1,spy2,0.6139663,train,42,weighted,False
ISPY2-578975_z011,ISPY2-578975,0,1,spy2,0.6148821,train,42,weighted,False
ISPY2-578975_z012,ISPY2-578975,0,1,spy2,0.6160267,train,42,weighted,False
ISPY2-578975_z013,ISPY2-578975,0,1,spy2,0.61574614,train,42,weighted,False
ISPY2-578975_z014,ISPY2-578975,0,1,spy2,0.6158105,train,42,weighted,False
ISPY2-335091_z056,ISPY2-335091,0,1,spy2,0.6148302,train,42,weighted,False
ISPY2-335091_z057,ISPY2-335091,0,1,spy2,0.6152504,train,42,weighted,False
ISPY2-335091_z058,ISPY2-335091,0,1,spy2,0.61572826,train,42,weighted,False
ISPY2-335091_z059,ISPY2-335091,0,1,spy2,0.6148163,train,42,weighted,False
ISPY2-335091_z060,ISPY2-335091,0,1,spy2,0.6136821,train,42,weighted,False
ISPY2-335091_z061,ISPY2-335091,0,1,spy2,0.614488,train,42,weighted,False
ISPY2-335091_z062,ISPY2-335091,0,1,spy2,0.61484694,train,42,weighted,False
ISPY2-335091_z063,ISPY2-335091,0,1,spy2,0.6149843,train,42,weighted,False
ISPY2-335091_z064,ISPY2-335091,0,1,spy2,0.6162962,train,42,weighted,False
ISPY2-335091_z065,ISPY2-335091,0,1,spy2,0.6172045,train,42,weighted,False
ISPY2-829491_z054,ISPY2-829491,0,0,spy2,0.4022609,train,42,weighted,False
ISPY2-829491_z055,ISPY2-829491,0,0,spy2,0.40195912,train,42,weighted,False
ISPY2-829491_z056,ISPY2-829491,0,0,spy2,0.4038436,train,42,weighted,False
ISPY2-829491_z057,ISPY2-829491,0,0,spy2,0.40445605,train,42,weighted,False
ISPY2-829491_z058,ISPY2-829491,0,0,spy2,0.4041792,train,42,weighted,False
ISPY2-829491_z059,ISPY2-829491,0,0,spy2,0.40341616,train,42,weighted,False
ISPY2-829491_z064,ISPY2-829491,0,0,spy2,0.403528,train,42,weighted,False
ISPY2-829491_z065,ISPY2-829491,0,0,spy2,0.40458512,train,42,weighted,False
ISPY2-829491_z066,ISPY2-829491,0,0,spy2,0.4042117,train,42,weighted,False
ISPY2-829491_z067,ISPY2-829491,0,0,spy2,0.40440202,train,42,weighted,False
ISPY2-782334_z010,ISPY2-782334,0,0,spy2,0.35370886,train,42,weighted,False
ISPY2-782334_z011,ISPY2-782334,0,0,spy2,0.35229918,train,42,weighted,False
ISPY2-782334_z012,ISPY2-782334,0,0,spy2,0.35183123,train,42,weighted,False
ISPY2-782334_z013,ISPY2-782334,0,0,spy2,0.3522897,train,42,weighted,False
ISPY2-782334_z014,ISPY2-782334,0,0,spy2,0.35113817,train,42,weighted,False
ISPY2-782334_z017,ISPY2-782334,0,0,spy2,0.349447,train,42,weighted,False
ISPY2-782334_z018,ISPY2-782334,0,0,spy2,0.34969556,train,42,weighted,False
ISPY2-782334_z019,ISPY2-782334,0,0,spy2,0.3485388,train,42,weighted,False
ISPY2-782334_z020,ISPY2-782334,0,0,spy2,0.34818557,train,42,weighted,False
ISPY2-782334_z021,ISPY2-782334,0,0,spy2,0.34815082,train,42,weighted,False
ACRIN-6698-103939_z006,ACRIN-6698-103939,0,0,spy2,0.2698874,train,42,weighted,False
ACRIN-6698-103939_z007,ACRIN-6698-103939,0,0,spy2,0.2693941,train,42,weighted,False
ACRIN-6698-103939_z008,ACRIN-6698-103939,0,0,spy2,0.2696626,train,42,weighted,False
ACRIN-6698-103939_z009,ACRIN-6698-103939,0,0,spy2,0.2696307,train,42,weighted,False
ACRIN-6698-103939_z010,ACRIN-6698-103939,0,0,spy2,0.2697362,train,42,weighted,False
ACRIN-6698-103939_z011,ACRIN-6698-103939,0,0,spy2,0.27067912,train,42,weighted,False
ACRIN-6698-103939_z012,ACRIN-6698-103939,0,0,spy2,0.27118003,train,42,weighted,False
ACRIN-6698-103939_z013,ACRIN-6698-103939,0,0,spy2,0.27126437,train,42,weighted,False
ACRIN-6698-103939_z014,ACRIN-6698-103939,0,0,spy2,0.2708595,train,42,weighted,False
ACRIN-6698-103939_z015,ACRIN-6698-103939,0,0,spy2,0.270944,train,42,weighted,False
ISPY2-676048_z011,ISPY2-676048,0,0,spy2,0.5499076,train,42,weighted,False
ISPY2-676048_z012,ISPY2-676048,0,0,spy2,0.5496157,train,42,weighted,False
ISPY2-676048_z013,ISPY2-676048,0,0,spy2,0.54915506,train,42,weighted,False
ISPY2-676048_z014,ISPY2-676048,0,0,spy2,0.5480578,train,42,weighted,False
ISPY2-676048_z015,ISPY2-676048,0,0,spy2,0.5479653,train,42,weighted,False
ISPY2-676048_z016,ISPY2-676048,0,0,spy2,0.54931045,train,42,weighted,False
ISPY2-676048_z017,ISPY2-676048,0,0,spy2,0.54995805,train,42,weighted,False
ISPY2-676048_z018,ISPY2-676048,0,0,spy2,0.54985756,train,42,weighted,False
ISPY2-676048_z019,ISPY2-676048,0,0,spy2,0.55011636,train,42,weighted,False
ISPY2-676048_z020,ISPY2-676048,0,0,spy2,0.55064076,train,42,weighted,False
ISPY2-416434_z016,ISPY2-416434,0,1,spy2,0.6182258,train,42,weighted,False
ISPY2-416434_z017,ISPY2-416434,0,1,spy2,0.6169267,train,42,weighted,False
ISPY2-416434_z018,ISPY2-416434,0,1,spy2,0.6176105,train,42,weighted,False
ISPY2-416434_z019,ISPY2-416434,0,1,spy2,0.61812365,train,42,weighted,False
ISPY2-416434_z020,ISPY2-416434,0,1,spy2,0.61755836,train,42,weighted,False
ISPY2-416434_z021,ISPY2-416434,0,1,spy2,0.6176912,train,42,weighted,False
ISPY2-416434_z022,ISPY2-416434,0,1,spy2,0.6175976,train,42,weighted,False
ISPY2-416434_z023,ISPY2-416434,0,1,spy2,0.6175959,train,42,weighted,False
ISPY2-416434_z024,ISPY2-416434,0,1,spy2,0.6183633,train,42,weighted,False
ISPY2-416434_z025,ISPY2-416434,0,1,spy2,0.6185457,train,42,weighted,False
ISPY2-178649_z003,ISPY2-178649,0,1,spy2,0.53527987,train,42,weighted,False
ISPY2-178649_z004,ISPY2-178649,0,1,spy2,0.53412896,train,42,weighted,False
ISPY2-178649_z005,ISPY2-178649,0,1,spy2,0.5331023,train,42,weighted,False
ISPY2-178649_z006,ISPY2-178649,0,1,spy2,0.53299785,train,42,weighted,False
ISPY2-178649_z007,ISPY2-178649,0,1,spy2,0.53377265,train,42,weighted,False
ISPY2-178649_z008,ISPY2-178649,0,1,spy2,0.53443724,train,42,weighted,False
ISPY2-178649_z009,ISPY2-178649,0,1,spy2,0.5355737,train,42,weighted,False
ISPY2-178649_z010,ISPY2-178649,0,1,spy2,0.53606623,train,42,weighted,False
ISPY2-178649_z011,ISPY2-178649,0,1,spy2,0.53596365,train,42,weighted,False
ISPY2-178649_z012,ISPY2-178649,0,1,spy2,0.536139,train,42,weighted,False
ISPY2-245655_z022,ISPY2-245655,0,0,spy2,0.5488327,train,42,weighted,False
ISPY2-245655_z023,ISPY2-245655,0,0,spy2,0.54908663,train,42,weighted,False
ISPY2-245655_z024,ISPY2-245655,0,0,spy2,0.5499885,train,42,weighted,False
ISPY2-245655_z025,ISPY2-245655,0,0,spy2,0.5504113,train,42,weighted,False
ISPY2-245655_z026,ISPY2-245655,0,0,spy2,0.5503779,train,42,weighted,False
ISPY2-245655_z027,ISPY2-245655,0,0,spy2,0.55049914,train,42,weighted,False
ISPY2-245655_z028,ISPY2-245655,0,0,spy2,0.55082136,train,42,weighted,False
ISPY2-245655_z029,ISPY2-245655,0,0,spy2,0.5520147,train,42,weighted,False
ISPY2-245655_z030,ISPY2-245655,0,0,spy2,0.5528002,train,42,weighted,False
ISPY2-245655_z033,ISPY2-245655,0,0,spy2,0.5537936,train,42,weighted,False
ACRIN-6698-317641_z010,ACRIN-6698-317641,0,1,spy2,0.7550323,train,42,weighted,False
ACRIN-6698-317641_z011,ACRIN-6698-317641,0,1,spy2,0.7551098,train,42,weighted,False
ACRIN-6698-317641_z012,ACRIN-6698-317641,0,1,spy2,0.75535136,train,42,weighted,False
ACRIN-6698-317641_z013,ACRIN-6698-317641,0,1,spy2,0.75478864,train,42,weighted,False
ACRIN-6698-317641_z014,ACRIN-6698-317641,0,1,spy2,0.7541322,train,42,weighted,False
ACRIN-6698-317641_z015,ACRIN-6698-317641,0,1,spy2,0.75491524,train,42,weighted,False
ACRIN-6698-317641_z016,ACRIN-6698-317641,0,1,spy2,0.75578564,train,42,weighted,False
ACRIN-6698-317641_z017,ACRIN-6698-317641,0,1,spy2,0.7557071,train,42,weighted,False
ACRIN-6698-317641_z018,ACRIN-6698-317641,0,1,spy2,0.75516814,train,42,weighted,False
ACRIN-6698-317641_z019,ACRIN-6698-317641,0,1,spy2,0.7562871,train,42,weighted,False
ACRIN-6698-587691_z009,ACRIN-6698-587691,0,1,spy2,0.4535688,train,42,weighted,False
ACRIN-6698-587691_z010,ACRIN-6698-587691,0,1,spy2,0.4535735,train,42,weighted,False
ACRIN-6698-587691_z011,ACRIN-6698-587691,0,1,spy2,0.453689,train,42,weighted,False
ACRIN-6698-587691_z012,ACRIN-6698-587691,0,1,spy2,0.45373073,train,42,weighted,False
ACRIN-6698-587691_z013,ACRIN-6698-587691,0,1,spy2,0.45384535,train,42,weighted,False
ACRIN-6698-587691_z016,ACRIN-6698-587691,0,1,spy2,0.45468968,train,42,weighted,False
ACRIN-6698-587691_z017,ACRIN-6698-587691,0,1,spy2,0.4545827,train,42,weighted,False
ACRIN-6698-587691_z018,ACRIN-6698-587691,0,1,spy2,0.45418546,train,42,weighted,False
ACRIN-6698-587691_z019,ACRIN-6698-587691,0,1,spy2,0.45456058,train,42,weighted,False
ACRIN-6698-587691_z020,ACRIN-6698-587691,0,1,spy2,0.4544323,train,42,weighted,False
ISPY2-493472_z009,ISPY2-493472,0,0,spy2,0.20932595,train,42,weighted,False
ISPY2-493472_z010,ISPY2-493472,0,0,spy2,0.20944828,train,42,weighted,False
ISPY2-493472_z011,ISPY2-493472,0,0,spy2,0.20973627,train,42,weighted,False
ISPY2-493472_z012,ISPY2-493472,0,0,spy2,0.20958476,train,42,weighted,False
ISPY2-493472_z013,ISPY2-493472,0,0,spy2,0.20971273,train,42,weighted,False
ISPY2-493472_z014,ISPY2-493472,0,0,spy2,0.2106601,train,42,weighted,False
ISPY2-493472_z015,ISPY2-493472,0,0,spy2,0.21010382,train,42,weighted,False
ISPY2-493472_z016,ISPY2-493472,0,0,spy2,0.20966174,train,42,weighted,False
ISPY2-493472_z017,ISPY2-493472,0,0,spy2,0.20994416,train,42,weighted,False
ISPY2-493472_z018,ISPY2-493472,0,0,spy2,0.2104697,train,42,weighted,False
ISPY2-627118_z028,ISPY2-627118,0,0,spy2,0.7263689,train,42,weighted,False
ISPY2-627118_z029,ISPY2-627118,0,0,spy2,0.7271755,train,42,weighted,False
ISPY2-627118_z030,ISPY2-627118,0,0,spy2,0.7274329,train,42,weighted,False
ISPY2-627118_z031,ISPY2-627118,0,0,spy2,0.72587603,train,42,weighted,False
ISPY2-627118_z032,ISPY2-627118,0,0,spy2,0.72563744,train,42,weighted,False
ISPY2-627118_z033,ISPY2-627118,0,0,spy2,0.7256217,train,42,weighted,False
ISPY2-627118_z034,ISPY2-627118,0,0,spy2,0.7249325,train,42,weighted,False
ISPY2-627118_z035,ISPY2-627118,0,0,spy2,0.72525775,train,42,weighted,False
ISPY2-627118_z036,ISPY2-627118,0,0,spy2,0.72457767,train,42,weighted,False
ISPY2-627118_z037,ISPY2-627118,0,0,spy2,0.72444963,train,42,weighted,False
ACRIN-6698-329076_z011,ACRIN-6698-329076,0,0,spy2,0.32031372,train,42,weighted,False
ACRIN-6698-329076_z012,ACRIN-6698-329076,0,0,spy2,0.31962126,train,42,weighted,False
ACRIN-6698-329076_z013,ACRIN-6698-329076,0,0,spy2,0.3195475,train,42,weighted,False
ACRIN-6698-329076_z014,ACRIN-6698-329076,0,0,spy2,0.3194489,train,42,weighted,False
ACRIN-6698-329076_z015,ACRIN-6698-329076,0,0,spy2,0.31953737,train,42,weighted,False
ACRIN-6698-329076_z017,ACRIN-6698-329076,0,0,spy2,0.3200895,train,42,weighted,False
ACRIN-6698-329076_z018,ACRIN-6698-329076,0,0,spy2,0.31962594,train,42,weighted,False
ACRIN-6698-329076_z019,ACRIN-6698-329076,0,0,spy2,0.32038713,train,42,weighted,False
ACRIN-6698-329076_z020,ACRIN-6698-329076,0,0,spy2,0.3207373,train,42,weighted,False
ACRIN-6698-329076_z021,ACRIN-6698-329076,0,0,spy2,0.32046676,train,42,weighted,False
ISPY2-903880_z002,ISPY2-903880,0,0,spy2,0.48235196,train,42,weighted,False
ISPY2-903880_z003,ISPY2-903880,0,0,spy2,0.4831924,train,42,weighted,False
ISPY2-903880_z004,ISPY2-903880,0,0,spy2,0.48379967,train,42,weighted,False
ISPY2-903880_z005,ISPY2-903880,0,0,spy2,0.48430097,train,42,weighted,False
ISPY2-903880_z006,ISPY2-903880,0,0,spy2,0.48453012,train,42,weighted,False
ISPY2-903880_z007,ISPY2-903880,0,0,spy2,0.485701,train,42,weighted,False
ISPY2-903880_z008,ISPY2-903880,0,0,spy2,0.4860236,train,42,weighted,False
ISPY2-903880_z009,ISPY2-903880,0,0,spy2,0.4860702,train,42,weighted,False
ISPY2-903880_z010,ISPY2-903880,0,0,spy2,0.48692504,train,42,weighted,False
ISPY2-903880_z011,ISPY2-903880,0,0,spy2,0.48891112,train,42,weighted,False
ACRIN-6698-146987_z007,ACRIN-6698-146987,0,0,spy2,0.2859695,train,42,weighted,False
ACRIN-6698-146987_z008,ACRIN-6698-146987,0,0,spy2,0.2859735,train,42,weighted,False
ACRIN-6698-146987_z009,ACRIN-6698-146987,0,0,spy2,0.28645816,train,42,weighted,False
ACRIN-6698-146987_z010,ACRIN-6698-146987,0,0,spy2,0.286661,train,42,weighted,False
ACRIN-6698-146987_z011,ACRIN-6698-146987,0,0,spy2,0.2872279,train,42,weighted,False
ACRIN-6698-146987_z012,ACRIN-6698-146987,0,0,spy2,0.28672433,train,42,weighted,False
ACRIN-6698-146987_z013,ACRIN-6698-146987,0,0,spy2,0.2870163,train,42,weighted,False
ACRIN-6698-146987_z014,ACRIN-6698-146987,0,0,spy2,0.2867578,train,42,weighted,False
ACRIN-6698-146987_z015,ACRIN-6698-146987,0,0,spy2,0.28640902,train,42,weighted,False
ACRIN-6698-146987_z016,ACRIN-6698-146987,0,0,spy2,0.2862815,train,42,weighted,False
ISPY2-913225_z009,ISPY2-913225,0,1,spy2,0.51563513,train,42,weighted,False
ISPY2-913225_z010,ISPY2-913225,0,1,spy2,0.51588744,train,42,weighted,False
ISPY2-913225_z011,ISPY2-913225,0,1,spy2,0.5157331,train,42,weighted,False
ISPY2-913225_z012,ISPY2-913225,0,1,spy2,0.5160996,train,42,weighted,False
ISPY2-913225_z013,ISPY2-913225,0,1,spy2,0.51551783,train,42,weighted,False
ISPY2-913225_z014,ISPY2-913225,0,1,spy2,0.51607984,train,42,weighted,False
ISPY2-913225_z015,ISPY2-913225,0,1,spy2,0.5167045,train,42,weighted,False
ISPY2-913225_z016,ISPY2-913225,0,1,spy2,0.516719,train,42,weighted,False
ISPY2-913225_z017,ISPY2-913225,0,1,spy2,0.5176547,train,42,weighted,False
ISPY2-913225_z018,ISPY2-913225,0,1,spy2,0.51739866,train,42,weighted,False
ISPY2-309830_z045,ISPY2-309830,0,0,spy2,0.5872974,train,42,weighted,False
ISPY2-309830_z059,ISPY2-309830,0,0,spy2,0.58589,train,42,weighted,False
ISPY2-309830_z060,ISPY2-309830,0,0,spy2,0.5860083,train,42,weighted,False
ISPY2-309830_z061,ISPY2-309830,0,0,spy2,0.5855776,train,42,weighted,False
ISPY2-309830_z062,ISPY2-309830,0,0,spy2,0.5861255,train,42,weighted,False
ISPY2-309830_z063,ISPY2-309830,0,0,spy2,0.58632874,train,42,weighted,False
ISPY2-309830_z064,ISPY2-309830,0,0,spy2,0.5871617,train,42,weighted,False
ISPY2-309830_z069,ISPY2-309830,0,0,spy2,0.58614033,train,42,weighted,False
ISPY2-309830_z070,ISPY2-309830,0,0,spy2,0.5871539,train,42,weighted,False
ISPY2-309830_z071,ISPY2-309830,0,0,spy2,0.58766586,train,42,weighted,False
ISPY2-953262_z021,ISPY2-953262,0,0,spy2,0.35976577,train,42,weighted,False
ISPY2-953262_z022,ISPY2-953262,0,0,spy2,0.35989758,train,42,weighted,False
ISPY2-953262_z023,ISPY2-953262,0,0,spy2,0.35978088,train,42,weighted,False
ISPY2-953262_z024,ISPY2-953262,0,0,spy2,0.36010942,train,42,weighted,False
ISPY2-953262_z025,ISPY2-953262,0,0,spy2,0.35942554,train,42,weighted,False
ISPY2-953262_z026,ISPY2-953262,0,0,spy2,0.36061373,train,42,weighted,False
ISPY2-953262_z027,ISPY2-953262,0,0,spy2,0.3617213,train,42,weighted,False
ISPY2-953262_z028,ISPY2-953262,0,0,spy2,0.36142758,train,42,weighted,False
ISPY2-953262_z029,ISPY2-953262,0,0,spy2,0.36091605,train,42,weighted,False
ISPY2-953262_z030,ISPY2-953262,0,0,spy2,0.36202988,train,42,weighted,False
ISPY2-974181_z029,ISPY2-974181,0,1,spy2,0.6429249,train,42,weighted,False
ISPY2-974181_z030,ISPY2-974181,0,1,spy2,0.64295703,train,42,weighted,False
ISPY2-974181_z031,ISPY2-974181,0,1,spy2,0.6435016,train,42,weighted,False
ISPY2-974181_z032,ISPY2-974181,0,1,spy2,0.64423287,train,42,weighted,False
ISPY2-974181_z033,ISPY2-974181,0,1,spy2,0.64546466,train,42,weighted,False
ISPY2-974181_z034,ISPY2-974181,0,1,spy2,0.64592165,train,42,weighted,False
ISPY2-974181_z035,ISPY2-974181,0,1,spy2,0.64773947,train,42,weighted,False
ISPY2-974181_z036,ISPY2-974181,0,1,spy2,0.6475289,train,42,weighted,False
ISPY2-974181_z037,ISPY2-974181,0,1,spy2,0.6482305,train,42,weighted,False
ISPY2-974181_z038,ISPY2-974181,0,1,spy2,0.649664,train,42,weighted,False
ISPY2-380239_z006,ISPY2-380239,0,0,spy2,0.5891206,train,42,weighted,False
ISPY2-380239_z007,ISPY2-380239,0,0,spy2,0.5893407,train,42,weighted,False
ISPY2-380239_z008,ISPY2-380239,0,0,spy2,0.5900072,train,42,weighted,False
ISPY2-380239_z009,ISPY2-380239,0,0,spy2,0.5906334,train,42,weighted,False
ISPY2-380239_z010,ISPY2-380239,0,0,spy2,0.59069705,train,42,weighted,False
ISPY2-380239_z011,ISPY2-380239,0,0,spy2,0.5911095,train,42,weighted,False
ISPY2-380239_z012,ISPY2-380239,0,0,spy2,0.59149575,train,42,weighted,False
ISPY2-380239_z013,ISPY2-380239,0,0,spy2,0.5913255,train,42,weighted,False
ISPY2-380239_z014,ISPY2-380239,0,0,spy2,0.5911173,train,42,weighted,False
ISPY2-380239_z015,ISPY2-380239,0,0,spy2,0.589228,train,42,weighted,False
ISPY2-527320_z044,ISPY2-527320,0,0,spy2,0.48870507,train,42,weighted,False
ISPY2-527320_z049,ISPY2-527320,0,0,spy2,0.48412263,train,42,weighted,False
ISPY2-527320_z050,ISPY2-527320,0,0,spy2,0.4841816,train,42,weighted,False
ISPY2-527320_z051,ISPY2-527320,0,0,spy2,0.48464748,train,42,weighted,False
ISPY2-527320_z052,ISPY2-527320,0,0,spy2,0.48261958,train,42,weighted,False
ISPY2-527320_z053,ISPY2-527320,0,0,spy2,0.4821165,train,42,weighted,False
ISPY2-527320_z054,ISPY2-527320,0,0,spy2,0.48262355,train,42,weighted,False
ISPY2-527320_z055,ISPY2-527320,0,0,spy2,0.48307282,train,42,weighted,False
ISPY2-527320_z056,ISPY2-527320,0,0,spy2,0.4841706,train,42,weighted,False
ISPY2-527320_z057,ISPY2-527320,0,0,spy2,0.4850647,train,42,weighted,False
ISPY2-183831_z020,ISPY2-183831,0,1,spy2,0.26543418,train,42,weighted,False
ISPY2-183831_z021,ISPY2-183831,0,1,spy2,0.26604334,train,42,weighted,False
ISPY2-183831_z025,ISPY2-183831,0,1,spy2,0.2653157,train,42,weighted,False
ISPY2-183831_z026,ISPY2-183831,0,1,spy2,0.26581967,train,42,weighted,False
ISPY2-183831_z027,ISPY2-183831,0,1,spy2,0.26547474,train,42,weighted,False
ISPY2-183831_z028,ISPY2-183831,0,1,spy2,0.26612118,train,42,weighted,False
ISPY2-183831_z029,ISPY2-183831,0,1,spy2,0.26695633,train,42,weighted,False
ISPY2-183831_z030,ISPY2-183831,0,1,spy2,0.26662627,train,42,weighted,False
ISPY2-183831_z031,ISPY2-183831,0,1,spy2,0.2669126,train,42,weighted,False
ISPY2-183831_z032,ISPY2-183831,0,1,spy2,0.26765734,train,42,weighted,False
ISPY2-353318_z006,ISPY2-353318,0,0,spy2,0.5300141,train,42,weighted,False
ISPY2-353318_z007,ISPY2-353318,0,0,spy2,0.52915585,train,42,weighted,False
ISPY2-353318_z008,ISPY2-353318,0,0,spy2,0.529568,train,42,weighted,False
ISPY2-353318_z009,ISPY2-353318,0,0,spy2,0.52954,train,42,weighted,False
ISPY2-353318_z010,ISPY2-353318,0,0,spy2,0.529912,train,42,weighted,False
ISPY2-353318_z011,ISPY2-353318,0,0,spy2,0.5307134,train,42,weighted,False
ISPY2-353318_z012,ISPY2-353318,0,0,spy2,0.5304051,train,42,weighted,False
ISPY2-353318_z013,ISPY2-353318,0,0,spy2,0.52997625,train,42,weighted,False
ISPY2-353318_z014,ISPY2-353318,0,0,spy2,0.5299536,train,42,weighted,False
ISPY2-353318_z015,ISPY2-353318,0,0,spy2,0.53040797,train,42,weighted,False
ACRIN-6698-963303_z014,ACRIN-6698-963303,0,0,spy2,0.39137623,train,42,weighted,False
ACRIN-6698-963303_z018,ACRIN-6698-963303,0,0,spy2,0.39107051,train,42,weighted,False
ACRIN-6698-963303_z019,ACRIN-6698-963303,0,0,spy2,0.3907649,train,42,weighted,False
ACRIN-6698-963303_z020,ACRIN-6698-963303,0,0,spy2,0.39029613,train,42,weighted,False
ACRIN-6698-963303_z021,ACRIN-6698-963303,0,0,spy2,0.390048,train,42,weighted,False
ACRIN-6698-963303_z022,ACRIN-6698-963303,0,0,spy2,0.39000368,train,42,weighted,False
ACRIN-6698-963303_z023,ACRIN-6698-963303,0,0,spy2,0.3901273,train,42,weighted,False
ACRIN-6698-963303_z024,ACRIN-6698-963303,0,0,spy2,0.3901457,train,42,weighted,False
ACRIN-6698-963303_z025,ACRIN-6698-963303,0,0,spy2,0.39063793,train,42,weighted,False
ACRIN-6698-963303_z026,ACRIN-6698-963303,0,0,spy2,0.3901152,train,42,weighted,False
ISPY2-962472_z016,ISPY2-962472,0,0,spy2,0.32268676,train,42,weighted,False
ISPY2-962472_z017,ISPY2-962472,0,0,spy2,0.32289103,train,42,weighted,False
ISPY2-962472_z018,ISPY2-962472,0,0,spy2,0.32133922,train,42,weighted,False
ISPY2-962472_z019,ISPY2-962472,0,0,spy2,0.32018363,train,42,weighted,False
ISPY2-962472_z020,ISPY2-962472,0,0,spy2,0.31985706,train,42,weighted,False
ISPY2-962472_z021,ISPY2-962472,0,0,spy2,0.31913024,train,42,weighted,False
ISPY2-962472_z022,ISPY2-962472,0,0,spy2,0.3191705,train,42,weighted,False
ISPY2-962472_z023,ISPY2-962472,0,0,spy2,0.31877998,train,42,weighted,False
ISPY2-962472_z024,ISPY2-962472,0,0,spy2,0.31856495,train,42,weighted,False
ISPY2-962472_z025,ISPY2-962472,0,0,spy2,0.31832552,train,42,weighted,False
ISPY2-640043_z008,ISPY2-640043,0,0,spy2,0.45165557,train,42,weighted,False
ISPY2-640043_z018,ISPY2-640043,0,0,spy2,0.4522859,train,42,weighted,False
ISPY2-640043_z019,ISPY2-640043,0,0,spy2,0.4524515,train,42,weighted,False
ISPY2-640043_z020,ISPY2-640043,0,0,spy2,0.45288888,train,42,weighted,False
ISPY2-640043_z021,ISPY2-640043,0,0,spy2,0.45313078,train,42,weighted,False
ISPY2-640043_z022,ISPY2-640043,0,0,spy2,0.4531866,train,42,weighted,False
ISPY2-640043_z023,ISPY2-640043,0,0,spy2,0.45328602,train,42,weighted,False
ISPY2-640043_z024,ISPY2-640043,0,0,spy2,0.45315853,train,42,weighted,False
ISPY2-640043_z025,ISPY2-640043,0,0,spy2,0.45351353,train,42,weighted,False
ISPY2-640043_z026,ISPY2-640043,0,0,spy2,0.45362657,train,42,weighted,False
ISPY2-316996_z017,ISPY2-316996,0,0,spy2,0.7092995,train,42,weighted,False
ISPY2-316996_z018,ISPY2-316996,0,0,spy2,0.7094644,train,42,weighted,False
ISPY2-316996_z019,ISPY2-316996,0,0,spy2,0.7094962,train,42,weighted,False
ISPY2-316996_z020,ISPY2-316996,0,0,spy2,0.70950186,train,42,weighted,False
ISPY2-316996_z021,ISPY2-316996,0,0,spy2,0.709644,train,42,weighted,False
ISPY2-316996_z022,ISPY2-316996,0,0,spy2,0.7093586,train,42,weighted,False
ISPY2-316996_z023,ISPY2-316996,0,0,spy2,0.7092576,train,42,weighted,False
ISPY2-316996_z024,ISPY2-316996,0,0,spy2,0.70969814,train,42,weighted,False
ISPY2-316996_z025,ISPY2-316996,0,0,spy2,0.71059155,train,42,weighted,False
ISPY2-316996_z026,ISPY2-316996,0,0,spy2,0.7105366,train,42,weighted,False
ISPY2-479417_z008,ISPY2-479417,0,1,spy2,0.54162365,train,42,weighted,False
ISPY2-479417_z020,ISPY2-479417,0,1,spy2,0.5403338,train,42,weighted,False
ISPY2-479417_z021,ISPY2-479417,0,1,spy2,0.5379508,train,42,weighted,False
ISPY2-479417_z022,ISPY2-479417,0,1,spy2,0.5387944,train,42,weighted,False
ISPY2-479417_z023,ISPY2-479417,0,1,spy2,0.53988224,train,42,weighted,False
ISPY2-479417_z024,ISPY2-479417,0,1,spy2,0.5381115,train,42,weighted,False
ISPY2-479417_z025,ISPY2-479417,0,1,spy2,0.5396611,train,42,weighted,False
ISPY2-479417_z026,ISPY2-479417,0,1,spy2,0.53979105,train,42,weighted,False
ISPY2-479417_z027,ISPY2-479417,0,1,spy2,0.54062635,train,42,weighted,False
ISPY2-479417_z028,ISPY2-479417,0,1,spy2,0.5414701,train,42,weighted,False
ISPY2-941926_z018,ISPY2-941926,0,0,spy2,0.20169671,train,42,weighted,False
ISPY2-941926_z019,ISPY2-941926,0,0,spy2,0.20175135,train,42,weighted,False
ISPY2-941926_z020,ISPY2-941926,0,0,spy2,0.20229748,train,42,weighted,False
ISPY2-941926_z021,ISPY2-941926,0,0,spy2,0.20259549,train,42,weighted,False
ISPY2-941926_z022,ISPY2-941926,0,0,spy2,0.202494,train,42,weighted,False
ISPY2-941926_z023,ISPY2-941926,0,0,spy2,0.20274013,train,42,weighted,False
ISPY2-941926_z024,ISPY2-941926,0,0,spy2,0.20264383,train,42,weighted,False
ISPY2-941926_z025,ISPY2-941926,0,0,spy2,0.2026575,train,42,weighted,False
ISPY2-941926_z026,ISPY2-941926,0,0,spy2,0.2028512,train,42,weighted,False
ISPY2-941926_z027,ISPY2-941926,0,0,spy2,0.20250376,train,42,weighted,False
ISPY2-988443_z018,ISPY2-988443,0,0,spy2,0.22039615,train,42,weighted,False
ISPY2-988443_z019,ISPY2-988443,0,0,spy2,0.2206046,train,42,weighted,False
ISPY2-988443_z021,ISPY2-988443,0,0,spy2,0.22034419,train,42,weighted,False
ISPY2-988443_z022,ISPY2-988443,0,0,spy2,0.22051063,train,42,weighted,False
ISPY2-988443_z023,ISPY2-988443,0,0,spy2,0.22101958,train,42,weighted,False
ISPY2-988443_z024,ISPY2-988443,0,0,spy2,0.22043301,train,42,weighted,False
ISPY2-988443_z025,ISPY2-988443,0,0,spy2,0.22031985,train,42,weighted,False
ISPY2-988443_z026,ISPY2-988443,0,0,spy2,0.21978182,train,42,weighted,False
ISPY2-988443_z027,ISPY2-988443,0,0,spy2,0.22024673,train,42,weighted,False
ISPY2-988443_z028,ISPY2-988443,0,0,spy2,0.21942468,train,42,weighted,False
ISPY2-845663_z015,ISPY2-845663,0,0,spy2,0.43963,train,42,weighted,False
ISPY2-845663_z016,ISPY2-845663,0,0,spy2,0.44012785,train,42,weighted,False
ISPY2-845663_z017,ISPY2-845663,0,0,spy2,0.44027227,train,42,weighted,False
ISPY2-845663_z018,ISPY2-845663,0,0,spy2,0.44086638,train,42,weighted,False
ISPY2-845663_z019,ISPY2-845663,0,0,spy2,0.4411865,train,42,weighted,False
ISPY2-845663_z020,ISPY2-845663,0,0,spy2,0.440992,train,42,weighted,False
ISPY2-845663_z021,ISPY2-845663,0,0,spy2,0.44121197,train,42,weighted,False
ISPY2-845663_z022,ISPY2-845663,0,0,spy2,0.44087157,train,42,weighted,False
ISPY2-845663_z023,ISPY2-845663,0,0,spy2,0.44168913,train,42,weighted,False
ISPY2-845663_z024,ISPY2-845663,0,0,spy2,0.441931,train,42,weighted,False
ISPY2-211408_z020,ISPY2-211408,0,1,spy2,0.7122304,train,42,weighted,False
ISPY2-211408_z021,ISPY2-211408,0,1,spy2,0.7122289,train,42,weighted,False
ISPY2-211408_z022,ISPY2-211408,0,1,spy2,0.71170247,train,42,weighted,False
ISPY2-211408_z023,ISPY2-211408,0,1,spy2,0.7117525,train,42,weighted,False
ISPY2-211408_z024,ISPY2-211408,0,1,spy2,0.7119572,train,42,weighted,False
ISPY2-211408_z025,ISPY2-211408,0,1,spy2,0.712121,train,42,weighted,False
ISPY2-211408_z026,ISPY2-211408,0,1,spy2,0.71173096,train,42,weighted,False
ISPY2-211408_z027,ISPY2-211408,0,1,spy2,0.7119245,train,42,weighted,False
ISPY2-211408_z028,ISPY2-211408,0,1,spy2,0.71254444,train,42,weighted,False
ISPY2-211408_z029,ISPY2-211408,0,1,spy2,0.71224594,train,42,weighted,False
ISPY2-286984_z005,ISPY2-286984,0,0,spy2,0.26925796,train,42,weighted,False
ISPY2-286984_z007,ISPY2-286984,0,0,spy2,0.26886943,train,42,weighted,False
ISPY2-286984_z008,ISPY2-286984,0,0,spy2,0.26900294,train,42,weighted,False
ISPY2-286984_z009,ISPY2-286984,0,0,spy2,0.26860484,train,42,weighted,False
ISPY2-286984_z010,ISPY2-286984,0,0,spy2,0.2682325,train,42,weighted,False
ISPY2-286984_z011,ISPY2-286984,0,0,spy2,0.26813266,train,42,weighted,False
ISPY2-286984_z012,ISPY2-286984,0,0,spy2,0.26780498,train,42,weighted,False
ISPY2-286984_z013,ISPY2-286984,0,0,spy2,0.2672262,train,42,weighted,False
ISPY2-286984_z014,ISPY2-286984,0,0,spy2,0.26742995,train,42,weighted,False
ISPY2-286984_z015,ISPY2-286984,0,0,spy2,0.2680469,train,42,weighted,False
ISPY2-374106_z006,ISPY2-374106,0,0,spy2,0.7319159,train,42,weighted,False
ISPY2-374106_z007,ISPY2-374106,0,0,spy2,0.73208064,train,42,weighted,False
ISPY2-374106_z008,ISPY2-374106,0,0,spy2,0.73212796,train,42,weighted,False
ISPY2-374106_z009,ISPY2-374106,0,0,spy2,0.73198706,train,42,weighted,False
ISPY2-374106_z010,ISPY2-374106,0,0,spy2,0.7317598,train,42,weighted,False
ISPY2-374106_z011,ISPY2-374106,0,0,spy2,0.73151994,train,42,weighted,False
ISPY2-374106_z012,ISPY2-374106,0,0,spy2,0.7312223,train,42,weighted,False
ISPY2-374106_z013,ISPY2-374106,0,0,spy2,0.7311622,train,42,weighted,False
ISPY2-374106_z014,ISPY2-374106,0,0,spy2,0.73118985,train,42,weighted,False
ISPY2-374106_z015,ISPY2-374106,0,0,spy2,0.73134565,train,42,weighted,False
ISPY2-890414_z015,ISPY2-890414,0,1,spy2,0.59557575,train,42,weighted,False
ISPY2-890414_z016,ISPY2-890414,0,1,spy2,0.595116,train,42,weighted,False
ISPY2-890414_z017,ISPY2-890414,0,1,spy2,0.5954271,train,42,weighted,False
ISPY2-890414_z018,ISPY2-890414,0,1,spy2,0.5958196,train,42,weighted,False
ISPY2-890414_z019,ISPY2-890414,0,1,spy2,0.59688586,train,42,weighted,False
ISPY2-890414_z020,ISPY2-890414,0,1,spy2,0.59766716,train,42,weighted,False
ISPY2-890414_z021,ISPY2-890414,0,1,spy2,0.59770143,train,42,weighted,False
ISPY2-890414_z022,ISPY2-890414,0,1,spy2,0.59767485,train,42,weighted,False
ISPY2-890414_z023,ISPY2-890414,0,1,spy2,0.59778,train,42,weighted,False
ISPY2-890414_z024,ISPY2-890414,0,1,spy2,0.5993066,train,42,weighted,False
ISPY2-563856_z005,ISPY2-563856,0,1,spy2,0.60796535,train,42,weighted,False
ISPY2-563856_z006,ISPY2-563856,0,1,spy2,0.6075737,train,42,weighted,False
ISPY2-563856_z007,ISPY2-563856,0,1,spy2,0.6068796,train,42,weighted,False
ISPY2-563856_z008,ISPY2-563856,0,1,spy2,0.6067487,train,42,weighted,False
ISPY2-563856_z009,ISPY2-563856,0,1,spy2,0.6080662,train,42,weighted,False
ISPY2-563856_z010,ISPY2-563856,0,1,spy2,0.6072868,train,42,weighted,False
ISPY2-563856_z011,ISPY2-563856,0,1,spy2,0.6069912,train,42,weighted,False
ISPY2-563856_z012,ISPY2-563856,0,1,spy2,0.6072554,train,42,weighted,False
ISPY2-563856_z013,ISPY2-563856,0,1,spy2,0.6078224,train,42,weighted,False
ISPY2-563856_z014,ISPY2-563856,0,1,spy2,0.6075056,train,42,weighted,False
ISPY2-426106_z047,ISPY2-426106,0,0,spy2,0.18181443,train,42,weighted,False
ISPY2-426106_z048,ISPY2-426106,0,0,spy2,0.18187743,train,42,weighted,False
ISPY2-426106_z049,ISPY2-426106,0,0,spy2,0.18201053,train,42,weighted,False
ISPY2-426106_z050,ISPY2-426106,0,0,spy2,0.18221454,train,42,weighted,False
ISPY2-426106_z051,ISPY2-426106,0,0,spy2,0.18198048,train,42,weighted,False
ISPY2-426106_z052,ISPY2-426106,0,0,spy2,0.18195237,train,42,weighted,False
ISPY2-426106_z053,ISPY2-426106,0,0,spy2,0.18191025,train,42,weighted,False
ISPY2-426106_z054,ISPY2-426106,0,0,spy2,0.18165049,train,42,weighted,False
ISPY2-426106_z055,ISPY2-426106,0,0,spy2,0.18142933,train,42,weighted,False
ISPY2-426106_z056,ISPY2-426106,0,0,spy2,0.18185633,train,42,weighted,False
ISPY2-194024_z007,ISPY2-194024,0,1,spy2,0.3361947,train,42,weighted,False
ISPY2-194024_z008,ISPY2-194024,0,1,spy2,0.33609563,train,42,weighted,False
ISPY2-194024_z009,ISPY2-194024,0,1,spy2,0.3361622,train,42,weighted,False
ISPY2-194024_z010,ISPY2-194024,0,1,spy2,0.33647507,train,42,weighted,False
ISPY2-194024_z011,ISPY2-194024,0,1,spy2,0.3366033,train,42,weighted,False
ISPY2-194024_z012,ISPY2-194024,0,1,spy2,0.3372168,train,42,weighted,False
ISPY2-194024_z013,ISPY2-194024,0,1,spy2,0.3374637,train,42,weighted,False
ISPY2-194024_z014,ISPY2-194024,0,1,spy2,0.33744738,train,42,weighted,False
ISPY2-194024_z015,ISPY2-194024,0,1,spy2,0.33755973,train,42,weighted,False
ISPY2-194024_z016,ISPY2-194024,0,1,spy2,0.33785105,train,42,weighted,False
ACRIN-6698-942017_z018,ACRIN-6698-942017,0,0,spy2,0.24716835,train,42,weighted,False
ACRIN-6698-942017_z019,ACRIN-6698-942017,0,0,spy2,0.24740428,train,42,weighted,False
ACRIN-6698-942017_z020,ACRIN-6698-942017,0,0,spy2,0.24706739,train,42,weighted,False
ACRIN-6698-942017_z022,ACRIN-6698-942017,0,0,spy2,0.24787499,train,42,weighted,False
ACRIN-6698-942017_z023,ACRIN-6698-942017,0,0,spy2,0.24711141,train,42,weighted,False
ACRIN-6698-942017_z024,ACRIN-6698-942017,0,0,spy2,0.24798463,train,42,weighted,False
ACRIN-6698-942017_z025,ACRIN-6698-942017,0,0,spy2,0.24775018,train,42,weighted,False
ACRIN-6698-942017_z026,ACRIN-6698-942017,0,0,spy2,0.24757431,train,42,weighted,False
ACRIN-6698-942017_z027,ACRIN-6698-942017,0,0,spy2,0.24703456,train,42,weighted,False
ACRIN-6698-942017_z028,ACRIN-6698-942017,0,0,spy2,0.24648638,train,42,weighted,False
ISPY2-733276_z005,ISPY2-733276,0,0,spy2,0.5331805,train,42,weighted,False
ISPY2-733276_z006,ISPY2-733276,0,0,spy2,0.53194857,train,42,weighted,False
ISPY2-733276_z007,ISPY2-733276,0,0,spy2,0.5302097,train,42,weighted,False
ISPY2-733276_z008,ISPY2-733276,0,0,spy2,0.5291865,train,42,weighted,False
ISPY2-733276_z009,ISPY2-733276,0,0,spy2,0.52906865,train,42,weighted,False
ISPY2-733276_z010,ISPY2-733276,0,0,spy2,0.5297443,train,42,weighted,False
ISPY2-733276_z011,ISPY2-733276,0,0,spy2,0.53058463,train,42,weighted,False
ISPY2-733276_z012,ISPY2-733276,0,0,spy2,0.5311388,train,42,weighted,False
ISPY2-733276_z013,ISPY2-733276,0,0,spy2,0.5333164,train,42,weighted,False
ISPY2-733276_z014,ISPY2-733276,0,0,spy2,0.5339893,train,42,weighted,False
ISPY2-360937_z021,ISPY2-360937,0,0,spy2,0.27415434,train,42,weighted,False
ISPY2-360937_z022,ISPY2-360937,0,0,spy2,0.27412853,train,42,weighted,False
ISPY2-360937_z023,ISPY2-360937,0,0,spy2,0.27419308,train,42,weighted,False
ISPY2-360937_z024,ISPY2-360937,0,0,spy2,0.27354616,train,42,weighted,False
ISPY2-360937_z025,ISPY2-360937,0,0,spy2,0.27351886,train,42,weighted,False
ISPY2-360937_z026,ISPY2-360937,0,0,spy2,0.2738156,train,42,weighted,False
ISPY2-360937_z027,ISPY2-360937,0,0,spy2,0.27376637,train,42,weighted,False
ISPY2-360937_z028,ISPY2-360937,0,0,spy2,0.27364245,train,42,weighted,False
ISPY2-360937_z029,ISPY2-360937,0,0,spy2,0.2740543,train,42,weighted,False
ISPY2-360937_z030,ISPY2-360937,0,0,spy2,0.27407345,train,42,weighted,False
ISPY2-485637_z028,ISPY2-485637,0,0,spy2,0.5216588,train,42,weighted,False
ISPY2-485637_z030,ISPY2-485637,0,0,spy2,0.5216693,train,42,weighted,False
ISPY2-485637_z035,ISPY2-485637,0,0,spy2,0.52189404,train,42,weighted,False
ISPY2-485637_z036,ISPY2-485637,0,0,spy2,0.5217846,train,42,weighted,False
ISPY2-485637_z037,ISPY2-485637,0,0,spy2,0.5213112,train,42,weighted,False
ISPY2-485637_z038,ISPY2-485637,0,0,spy2,0.52131325,train,42,weighted,False
ISPY2-485637_z039,ISPY2-485637,0,0,spy2,0.5217207,train,42,weighted,False
ISPY2-485637_z040,ISPY2-485637,0,0,spy2,0.5219738,train,42,weighted,False
ISPY2-485637_z041,ISPY2-485637,0,0,spy2,0.52209955,train,42,weighted,False
ISPY2-485637_z042,ISPY2-485637,0,0,spy2,0.5219557,train,42,weighted,False
ISPY2-405717_z009,ISPY2-405717,0,0,spy2,0.58311975,train,42,weighted,False
ISPY2-405717_z010,ISPY2-405717,0,0,spy2,0.5833483,train,42,weighted,False
ISPY2-405717_z011,ISPY2-405717,0,0,spy2,0.58351827,train,42,weighted,False
ISPY2-405717_z012,ISPY2-405717,0,0,spy2,0.583361,train,42,weighted,False
ISPY2-405717_z013,ISPY2-405717,0,0,spy2,0.58307666,train,42,weighted,False
ISPY2-405717_z014,ISPY2-405717,0,0,spy2,0.58309025,train,42,weighted,False
ISPY2-405717_z015,ISPY2-405717,0,0,spy2,0.58318657,train,42,weighted,False
ISPY2-405717_z016,ISPY2-405717,0,0,spy2,0.58336884,train,42,weighted,False
ISPY2-405717_z018,ISPY2-405717,0,0,spy2,0.584236,train,42,weighted,False
ISPY2-405717_z019,ISPY2-405717,0,0,spy2,0.5844862,train,42,weighted,False
ACRIN-6698-901705_z025,ACRIN-6698-901705,0,0,spy2,0.30681506,train,42,weighted,False
ACRIN-6698-901705_z026,ACRIN-6698-901705,0,0,spy2,0.3067787,train,42,weighted,False
ACRIN-6698-901705_z027,ACRIN-6698-901705,0,0,spy2,0.30692333,train,42,weighted,False
ACRIN-6698-901705_z028,ACRIN-6698-901705,0,0,spy2,0.30727845,train,42,weighted,False
ACRIN-6698-901705_z029,ACRIN-6698-901705,0,0,spy2,0.30756,train,42,weighted,False
ACRIN-6698-901705_z030,ACRIN-6698-901705,0,0,spy2,0.30772862,train,42,weighted,False
ACRIN-6698-901705_z031,ACRIN-6698-901705,0,0,spy2,0.30780646,train,42,weighted,False
ACRIN-6698-901705_z039,ACRIN-6698-901705,0,0,spy2,0.31252706,train,42,weighted,False
ACRIN-6698-901705_z040,ACRIN-6698-901705,0,0,spy2,0.3120765,train,42,weighted,False
ACRIN-6698-901705_z041,ACRIN-6698-901705,0,0,spy2,0.31198996,train,42,weighted,False
ISPY2-706418_z009,ISPY2-706418,0,1,spy2,0.6908262,train,42,weighted,False
ISPY2-706418_z010,ISPY2-706418,0,1,spy2,0.69087905,train,42,weighted,False
ISPY2-706418_z011,ISPY2-706418,0,1,spy2,0.69097567,train,42,weighted,False
ISPY2-706418_z012,ISPY2-706418,0,1,spy2,0.6914279,train,42,weighted,False
ISPY2-706418_z013,ISPY2-706418,0,1,spy2,0.69229054,train,42,weighted,False
ISPY2-706418_z014,ISPY2-706418,0,1,spy2,0.69328547,train,42,weighted,False
ISPY2-706418_z015,ISPY2-706418,0,1,spy2,0.693301,train,42,weighted,False
ISPY2-706418_z016,ISPY2-706418,0,1,spy2,0.6932538,train,42,weighted,False
ISPY2-706418_z017,ISPY2-706418,0,1,spy2,0.6937906,train,42,weighted,False
ISPY2-706418_z018,ISPY2-706418,0,1,spy2,0.6939995,train,42,weighted,False
ISPY2-259206_z010,ISPY2-259206,0,0,spy2,0.41011682,train,42,weighted,False
ISPY2-259206_z011,ISPY2-259206,0,0,spy2,0.4088384,train,42,weighted,False
ISPY2-259206_z012,ISPY2-259206,0,0,spy2,0.40749392,train,42,weighted,False
ISPY2-259206_z013,ISPY2-259206,0,0,spy2,0.40651548,train,42,weighted,False
ISPY2-259206_z014,ISPY2-259206,0,0,spy2,0.4056857,train,42,weighted,False
ISPY2-259206_z015,ISPY2-259206,0,0,spy2,0.40531608,train,42,weighted,False
ISPY2-259206_z016,ISPY2-259206,0,0,spy2,0.40557897,train,42,weighted,False
ISPY2-259206_z023,ISPY2-259206,0,0,spy2,0.408038,train,42,weighted,False
ISPY2-259206_z024,ISPY2-259206,0,0,spy2,0.4082037,train,42,weighted,False
ISPY2-259206_z027,ISPY2-259206,0,0,spy2,0.4115958,train,42,weighted,False
ACRIN-6698-792181_z005,ACRIN-6698-792181,0,1,spy2,0.5467276,train,42,weighted,False
ACRIN-6698-792181_z006,ACRIN-6698-792181,0,1,spy2,0.54536414,train,42,weighted,False
ACRIN-6698-792181_z007,ACRIN-6698-792181,0,1,spy2,0.5454266,train,42,weighted,False
ACRIN-6698-792181_z008,ACRIN-6698-792181,0,1,spy2,0.5458729,train,42,weighted,False
ACRIN-6698-792181_z009,ACRIN-6698-792181,0,1,spy2,0.5444859,train,42,weighted,False
ACRIN-6698-792181_z010,ACRIN-6698-792181,0,1,spy2,0.5447125,train,42,weighted,False
ACRIN-6698-792181_z011,ACRIN-6698-792181,0,1,spy2,0.5455245,train,42,weighted,False
ACRIN-6698-792181_z012,ACRIN-6698-792181,0,1,spy2,0.5456158,train,42,weighted,False
ACRIN-6698-792181_z013,ACRIN-6698-792181,0,1,spy2,0.54605764,train,42,weighted,False
ACRIN-6698-792181_z014,ACRIN-6698-792181,0,1,spy2,0.5480829,train,42,weighted,False
ISPY2-655795_z012,ISPY2-655795,0,1,spy2,0.25339356,train,42,weighted,False
ISPY2-655795_z013,ISPY2-655795,0,1,spy2,0.25322264,train,42,weighted,False
ISPY2-655795_z014,ISPY2-655795,0,1,spy2,0.25314566,train,42,weighted,False
ISPY2-655795_z015,ISPY2-655795,0,1,spy2,0.25322416,train,42,weighted,False
ISPY2-655795_z016,ISPY2-655795,0,1,spy2,0.2532237,train,42,weighted,False
ISPY2-655795_z017,ISPY2-655795,0,1,spy2,0.25302857,train,42,weighted,False
ISPY2-655795_z018,ISPY2-655795,0,1,spy2,0.25324553,train,42,weighted,False
ISPY2-655795_z026,ISPY2-655795,0,1,spy2,0.25285238,train,42,weighted,False
ISPY2-655795_z027,ISPY2-655795,0,1,spy2,0.25286674,train,42,weighted,False
ISPY2-655795_z028,ISPY2-655795,0,1,spy2,0.25256136,train,42,weighted,False
ISPY2-572235_z022,ISPY2-572235,0,0,spy2,0.44315258,train,42,weighted,False
ISPY2-572235_z023,ISPY2-572235,0,0,spy2,0.44302282,train,42,weighted,False
ISPY2-572235_z024,ISPY2-572235,0,0,spy2,0.44325766,train,42,weighted,False
ISPY2-572235_z025,ISPY2-572235,0,0,spy2,0.44244716,train,42,weighted,False
ISPY2-572235_z026,ISPY2-572235,0,0,spy2,0.44274837,train,42,weighted,False
ISPY2-572235_z027,ISPY2-572235,0,0,spy2,0.44370723,train,42,weighted,False
ISPY2-572235_z029,ISPY2-572235,0,0,spy2,0.44328338,train,42,weighted,False
ISPY2-572235_z030,ISPY2-572235,0,0,spy2,0.4436876,train,42,weighted,False
ISPY2-572235_z031,ISPY2-572235,0,0,spy2,0.44268247,train,42,weighted,False
ISPY2-572235_z034,ISPY2-572235,0,0,spy2,0.4447744,train,42,weighted,False
ISPY2-600536_z037,ISPY2-600536,0,0,spy2,0.5709203,train,42,weighted,False
ISPY2-600536_z038,ISPY2-600536,0,0,spy2,0.56961244,train,42,weighted,False
ISPY2-600536_z039,ISPY2-600536,0,0,spy2,0.5705387,train,42,weighted,False
ISPY2-600536_z040,ISPY2-600536,0,0,spy2,0.57009995,train,42,weighted,False
ISPY2-600536_z041,ISPY2-600536,0,0,spy2,0.5701901,train,42,weighted,False
ISPY2-600536_z042,ISPY2-600536,0,0,spy2,0.56947887,train,42,weighted,False
ISPY2-600536_z043,ISPY2-600536,0,0,spy2,0.5689233,train,42,weighted,False
ISPY2-600536_z044,ISPY2-600536,0,0,spy2,0.5704505,train,42,weighted,False
ISPY2-600536_z045,ISPY2-600536,0,0,spy2,0.5711058,train,42,weighted,False
ISPY2-600536_z046,ISPY2-600536,0,0,spy2,0.5718054,train,42,weighted,False
ACRIN-6698-422013_z024,ACRIN-6698-422013,0,0,spy2,0.60877204,train,42,weighted,False
ACRIN-6698-422013_z032,ACRIN-6698-422013,0,0,spy2,0.60511225,train,42,weighted,False
ACRIN-6698-422013_z033,ACRIN-6698-422013,0,0,spy2,0.605819,train,42,weighted,False
ACRIN-6698-422013_z034,ACRIN-6698-422013,0,0,spy2,0.60573906,train,42,weighted,False
ACRIN-6698-422013_z035,ACRIN-6698-422013,0,0,spy2,0.6038797,train,42,weighted,False
ACRIN-6698-422013_z036,ACRIN-6698-422013,0,0,spy2,0.60437596,train,42,weighted,False
ACRIN-6698-422013_z037,ACRIN-6698-422013,0,0,spy2,0.605741,train,42,weighted,False
ACRIN-6698-422013_z038,ACRIN-6698-422013,0,0,spy2,0.60597324,train,42,weighted,False
ACRIN-6698-422013_z039,ACRIN-6698-422013,0,0,spy2,0.6067245,train,42,weighted,False
ACRIN-6698-422013_z040,ACRIN-6698-422013,0,0,spy2,0.60643125,train,42,weighted,False
ISPY2-823618_z005,ISPY2-823618,0,0,spy2,0.35347465,train,42,weighted,False
ISPY2-823618_z006,ISPY2-823618,0,0,spy2,0.3528845,train,42,weighted,False
ISPY2-823618_z007,ISPY2-823618,0,0,spy2,0.3528386,train,42,weighted,False
ISPY2-823618_z008,ISPY2-823618,0,0,spy2,0.35559487,train,42,weighted,False
ISPY2-823618_z009,ISPY2-823618,0,0,spy2,0.35527197,train,42,weighted,False
ISPY2-823618_z010,ISPY2-823618,0,0,spy2,0.35601294,train,42,weighted,False
ISPY2-823618_z011,ISPY2-823618,0,0,spy2,0.35678762,train,42,weighted,False
ISPY2-823618_z012,ISPY2-823618,0,0,spy2,0.35657352,train,42,weighted,False
ISPY2-823618_z013,ISPY2-823618,0,0,spy2,0.35663292,train,42,weighted,False
ISPY2-823618_z014,ISPY2-823618,0,0,spy2,0.35686952,train,42,weighted,False
ISPY2-834418_z014,ISPY2-834418,0,0,spy2,0.25359327,train,42,weighted,False
ISPY2-834418_z015,ISPY2-834418,0,0,spy2,0.2541435,train,42,weighted,False
ISPY2-834418_z016,ISPY2-834418,0,0,spy2,0.25319788,train,42,weighted,False
ISPY2-834418_z017,ISPY2-834418,0,0,spy2,0.25154302,train,42,weighted,False
ISPY2-834418_z018,ISPY2-834418,0,0,spy2,0.25136733,train,42,weighted,False
ISPY2-834418_z019,ISPY2-834418,0,0,spy2,0.25144553,train,42,weighted,False
ISPY2-834418_z020,ISPY2-834418,0,0,spy2,0.25146303,train,42,weighted,False
ISPY2-834418_z021,ISPY2-834418,0,0,spy2,0.25079793,train,42,weighted,False
ISPY2-834418_z022,ISPY2-834418,0,0,spy2,0.25149763,train,42,weighted,False
ISPY2-834418_z023,ISPY2-834418,0,0,spy2,0.25105342,train,42,weighted,False
ISPY2-859699_z033,ISPY2-859699,0,1,spy2,0.49832904,train,42,weighted,False
ISPY2-859699_z034,ISPY2-859699,0,1,spy2,0.4985322,train,42,weighted,False
ISPY2-859699_z035,ISPY2-859699,0,1,spy2,0.49802828,train,42,weighted,False
ISPY2-859699_z036,ISPY2-859699,0,1,spy2,0.49806607,train,42,weighted,False
ISPY2-859699_z037,ISPY2-859699,0,1,spy2,0.49864036,train,42,weighted,False
ISPY2-859699_z039,ISPY2-859699,0,1,spy2,0.49848184,train,42,weighted,False
ISPY2-859699_z040,ISPY2-859699,0,1,spy2,0.49893785,train,42,weighted,False
ISPY2-859699_z041,ISPY2-859699,0,1,spy2,0.49923235,train,42,weighted,False
ISPY2-859699_z044,ISPY2-859699,0,1,spy2,0.50014764,train,42,weighted,False
ISPY2-859699_z045,ISPY2-859699,0,1,spy2,0.49995857,train,42,weighted,False
ACRIN-6698-233191_z018,ACRIN-6698-233191,0,0,spy2,0.52030575,train,42,weighted,False
ACRIN-6698-233191_z020,ACRIN-6698-233191,0,0,spy2,0.52053547,train,42,weighted,False
ACRIN-6698-233191_z022,ACRIN-6698-233191,0,0,spy2,0.52012974,train,42,weighted,False
ACRIN-6698-233191_z023,ACRIN-6698-233191,0,0,spy2,0.51985836,train,42,weighted,False
ACRIN-6698-233191_z024,ACRIN-6698-233191,0,0,spy2,0.51980054,train,42,weighted,False
ACRIN-6698-233191_z025,ACRIN-6698-233191,0,0,spy2,0.52078086,train,42,weighted,False
ACRIN-6698-233191_z026,ACRIN-6698-233191,0,0,spy2,0.5205643,train,42,weighted,False
ACRIN-6698-233191_z027,ACRIN-6698-233191,0,0,spy2,0.5210464,train,42,weighted,False
ACRIN-6698-233191_z028,ACRIN-6698-233191,0,0,spy2,0.52161103,train,42,weighted,False
ACRIN-6698-233191_z029,ACRIN-6698-233191,0,0,spy2,0.5219678,train,42,weighted,False
ISPY2-460812_z016,ISPY2-460812,0,0,spy2,0.21868092,train,42,weighted,False
ISPY2-460812_z017,ISPY2-460812,0,0,spy2,0.2184643,train,42,weighted,False
ISPY2-460812_z018,ISPY2-460812,0,0,spy2,0.21808606,train,42,weighted,False
ISPY2-460812_z019,ISPY2-460812,0,0,spy2,0.21734019,train,42,weighted,False
ISPY2-460812_z020,ISPY2-460812,0,0,spy2,0.21705222,train,42,weighted,False
ISPY2-460812_z021,ISPY2-460812,0,0,spy2,0.21712737,train,42,weighted,False
ISPY2-460812_z022,ISPY2-460812,0,0,spy2,0.2179082,train,42,weighted,False
ISPY2-460812_z023,ISPY2-460812,0,0,spy2,0.21875302,train,42,weighted,False
ISPY2-460812_z024,ISPY2-460812,0,0,spy2,0.21912505,train,42,weighted,False
ISPY2-460812_z025,ISPY2-460812,0,0,spy2,0.21954994,train,42,weighted,False
ACRIN-6698-130580_z025,ACRIN-6698-130580,0,1,spy2,0.43743926,train,42,weighted,False
ACRIN-6698-130580_z026,ACRIN-6698-130580,0,1,spy2,0.43751565,train,42,weighted,False
ACRIN-6698-130580_z027,ACRIN-6698-130580,0,1,spy2,0.4370927,train,42,weighted,False
ACRIN-6698-130580_z028,ACRIN-6698-130580,0,1,spy2,0.437115,train,42,weighted,False
ACRIN-6698-130580_z029,ACRIN-6698-130580,0,1,spy2,0.43713754,train,42,weighted,False
ACRIN-6698-130580_z030,ACRIN-6698-130580,0,1,spy2,0.43635857,train,42,weighted,False
ACRIN-6698-130580_z031,ACRIN-6698-130580,0,1,spy2,0.43606687,train,42,weighted,False
ACRIN-6698-130580_z032,ACRIN-6698-130580,0,1,spy2,0.43719846,train,42,weighted,False
ACRIN-6698-130580_z033,ACRIN-6698-130580,0,1,spy2,0.43750522,train,42,weighted,False
ACRIN-6698-130580_z039,ACRIN-6698-130580,0,1,spy2,0.4371591,train,42,weighted,False
ISPY2-528833_z009,ISPY2-528833,0,1,spy2,0.44279268,train,42,weighted,False
ISPY2-528833_z010,ISPY2-528833,0,1,spy2,0.4430518,train,42,weighted,False
ISPY2-528833_z011,ISPY2-528833,0,1,spy2,0.44250655,train,42,weighted,False
ISPY2-528833_z012,ISPY2-528833,0,1,spy2,0.442049,train,42,weighted,False
ISPY2-528833_z013,ISPY2-528833,0,1,spy2,0.441868,train,42,weighted,False
ISPY2-528833_z014,ISPY2-528833,0,1,spy2,0.4423187,train,42,weighted,False
ISPY2-528833_z015,ISPY2-528833,0,1,spy2,0.44270074,train,42,weighted,False
ISPY2-528833_z016,ISPY2-528833,0,1,spy2,0.44329467,train,42,weighted,False
ISPY2-528833_z017,ISPY2-528833,0,1,spy2,0.44421908,train,42,weighted,False
ISPY2-528833_z018,ISPY2-528833,0,1,spy2,0.44428635,train,42,weighted,False
ACRIN-6698-408692_z001,ACRIN-6698-408692,0,1,spy2,0.77210575,train,42,weighted,False
ACRIN-6698-408692_z002,ACRIN-6698-408692,0,1,spy2,0.7719719,train,42,weighted,False
ACRIN-6698-408692_z003,ACRIN-6698-408692,0,1,spy2,0.7715165,train,42,weighted,False
ACRIN-6698-408692_z004,ACRIN-6698-408692,0,1,spy2,0.7716465,train,42,weighted,False
ACRIN-6698-408692_z005,ACRIN-6698-408692,0,1,spy2,0.77199,train,42,weighted,False
ACRIN-6698-408692_z006,ACRIN-6698-408692,0,1,spy2,0.7718187,train,42,weighted,False
ACRIN-6698-408692_z007,ACRIN-6698-408692,0,1,spy2,0.77224165,train,42,weighted,False
ACRIN-6698-408692_z008,ACRIN-6698-408692,0,1,spy2,0.77282286,train,42,weighted,False
ACRIN-6698-408692_z009,ACRIN-6698-408692,0,1,spy2,0.7732193,train,42,weighted,False
ACRIN-6698-408692_z010,ACRIN-6698-408692,0,1,spy2,0.7733051,train,42,weighted,False
ISPY2-792412_z027,ISPY2-792412,0,0,spy2,0.611613,train,42,weighted,False
ISPY2-792412_z028,ISPY2-792412,0,0,spy2,0.6118642,train,42,weighted,False
ISPY2-792412_z029,ISPY2-792412,0,0,spy2,0.6118757,train,42,weighted,False
ISPY2-792412_z030,ISPY2-792412,0,0,spy2,0.61180425,train,42,weighted,False
ISPY2-792412_z031,ISPY2-792412,0,0,spy2,0.6125654,train,42,weighted,False
ISPY2-792412_z032,ISPY2-792412,0,0,spy2,0.6125193,train,42,weighted,False
ISPY2-792412_z033,ISPY2-792412,0,0,spy2,0.6118068,train,42,weighted,False
ISPY2-792412_z034,ISPY2-792412,0,0,spy2,0.6114035,train,42,weighted,False
ISPY2-792412_z035,ISPY2-792412,0,0,spy2,0.6118,train,42,weighted,False
ISPY2-792412_z036,ISPY2-792412,0,0,spy2,0.6123275,train,42,weighted,False
ACRIN-6698-652480_z014,ACRIN-6698-652480,0,0,spy2,0.5707597,train,42,weighted,False
ACRIN-6698-652480_z015,ACRIN-6698-652480,0,0,spy2,0.5709211,train,42,weighted,False
ACRIN-6698-652480_z016,ACRIN-6698-652480,0,0,spy2,0.5707839,train,42,weighted,False
ACRIN-6698-652480_z017,ACRIN-6698-652480,0,0,spy2,0.5710429,train,42,weighted,False
ACRIN-6698-652480_z018,ACRIN-6698-652480,0,0,spy2,0.5717638,train,42,weighted,False
ACRIN-6698-652480_z019,ACRIN-6698-652480,0,0,spy2,0.57179815,train,42,weighted,False
ACRIN-6698-652480_z020,ACRIN-6698-652480,0,0,spy2,0.57188946,train,42,weighted,False
ACRIN-6698-652480_z021,ACRIN-6698-652480,0,0,spy2,0.5723744,train,42,weighted,False
ACRIN-6698-652480_z022,ACRIN-6698-652480,0,0,spy2,0.5732763,train,42,weighted,False
ACRIN-6698-652480_z023,ACRIN-6698-652480,0,0,spy2,0.5735274,train,42,weighted,False
ISPY2-790070_z036,ISPY2-790070,0,0,spy2,0.49795905,train,42,weighted,False
ISPY2-790070_z037,ISPY2-790070,0,0,spy2,0.49777892,train,42,weighted,False
ISPY2-790070_z038,ISPY2-790070,0,0,spy2,0.49782392,train,42,weighted,False
ISPY2-790070_z039,ISPY2-790070,0,0,spy2,0.49882913,train,42,weighted,False
ISPY2-790070_z040,ISPY2-790070,0,0,spy2,0.49955526,train,42,weighted,False
ISPY2-790070_z041,ISPY2-790070,0,0,spy2,0.49934706,train,42,weighted,False
ISPY2-790070_z042,ISPY2-790070,0,0,spy2,0.49951923,train,42,weighted,False
ISPY2-790070_z043,ISPY2-790070,0,0,spy2,0.49883828,train,42,weighted,False
ISPY2-790070_z044,ISPY2-790070,0,0,spy2,0.49923217,train,42,weighted,False
ISPY2-790070_z045,ISPY2-790070,0,0,spy2,0.49926284,train,42,weighted,False
ISPY2-120422_z015,ISPY2-120422,0,1,spy2,0.25452712,train,42,weighted,False
ISPY2-120422_z016,ISPY2-120422,0,1,spy2,0.2537162,train,42,weighted,False
ISPY2-120422_z017,ISPY2-120422,0,1,spy2,0.25358182,train,42,weighted,False
ISPY2-120422_z018,ISPY2-120422,0,1,spy2,0.25311232,train,42,weighted,False
ISPY2-120422_z019,ISPY2-120422,0,1,spy2,0.2517698,train,42,weighted,False
ISPY2-120422_z020,ISPY2-120422,0,1,spy2,0.25101835,train,42,weighted,False
ISPY2-120422_z021,ISPY2-120422,0,1,spy2,0.25155976,train,42,weighted,False
ISPY2-120422_z022,ISPY2-120422,0,1,spy2,0.2523402,train,42,weighted,False
ISPY2-120422_z023,ISPY2-120422,0,1,spy2,0.25227496,train,42,weighted,False
ISPY2-120422_z024,ISPY2-120422,0,1,spy2,0.25371447,train,42,weighted,False
ACRIN-6698-240957_z013,ACRIN-6698-240957,0,0,spy2,0.24436045,train,42,weighted,False
ACRIN-6698-240957_z014,ACRIN-6698-240957,0,0,spy2,0.24552296,train,42,weighted,False
ACRIN-6698-240957_z015,ACRIN-6698-240957,0,0,spy2,0.2460346,train,42,weighted,False
ACRIN-6698-240957_z016,ACRIN-6698-240957,0,0,spy2,0.24658409,train,42,weighted,False
ACRIN-6698-240957_z017,ACRIN-6698-240957,0,0,spy2,0.24678987,train,42,weighted,False
ACRIN-6698-240957_z018,ACRIN-6698-240957,0,0,spy2,0.24713884,train,42,weighted,False
ACRIN-6698-240957_z019,ACRIN-6698-240957,0,0,spy2,0.24743013,train,42,weighted,False
ACRIN-6698-240957_z020,ACRIN-6698-240957,0,0,spy2,0.24798548,train,42,weighted,False
ACRIN-6698-240957_z021,ACRIN-6698-240957,0,0,spy2,0.24847332,train,42,weighted,False
ACRIN-6698-240957_z022,ACRIN-6698-240957,0,0,spy2,0.24923755,train,42,weighted,False
ISPY2-115638_z030,ISPY2-115638,0,0,spy2,0.62865,train,42,weighted,False
ISPY2-115638_z031,ISPY2-115638,0,0,spy2,0.62952536,train,42,weighted,False
ISPY2-115638_z032,ISPY2-115638,0,0,spy2,0.62940866,train,42,weighted,False
ISPY2-115638_z033,ISPY2-115638,0,0,spy2,0.6301055,train,42,weighted,False
ISPY2-115638_z034,ISPY2-115638,0,0,spy2,0.6299624,train,42,weighted,False
ISPY2-115638_z035,ISPY2-115638,0,0,spy2,0.6297098,train,42,weighted,False
ISPY2-115638_z036,ISPY2-115638,0,0,spy2,0.62986714,train,42,weighted,False
ISPY2-115638_z037,ISPY2-115638,0,0,spy2,0.62970227,train,42,weighted,False
ISPY2-115638_z038,ISPY2-115638,0,0,spy2,0.630964,train,42,weighted,False
ISPY2-115638_z039,ISPY2-115638,0,0,spy2,0.6317843,train,42,weighted,False
ISPY2-433144_z030,ISPY2-433144,0,1,spy2,0.46380985,train,42,weighted,False
ISPY2-433144_z031,ISPY2-433144,0,1,spy2,0.46366477,train,42,weighted,False
ISPY2-433144_z032,ISPY2-433144,0,1,spy2,0.4635008,train,42,weighted,False
ISPY2-433144_z033,ISPY2-433144,0,1,spy2,0.46305317,train,42,weighted,False
ISPY2-433144_z034,ISPY2-433144,0,1,spy2,0.46261308,train,42,weighted,False
ISPY2-433144_z035,ISPY2-433144,0,1,spy2,0.46202505,train,42,weighted,False
ISPY2-433144_z036,ISPY2-433144,0,1,spy2,0.46200117,train,42,weighted,False
ISPY2-433144_z037,ISPY2-433144,0,1,spy2,0.46303537,train,42,weighted,False
ISPY2-433144_z038,ISPY2-433144,0,1,spy2,0.46420768,train,42,weighted,False
ISPY2-433144_z039,ISPY2-433144,0,1,spy2,0.46478352,train,42,weighted,False
ACRIN-6698-928170_z013,ACRIN-6698-928170,0,0,spy2,0.18786176,train,42,weighted,False
ACRIN-6698-928170_z014,ACRIN-6698-928170,0,0,spy2,0.18760467,train,42,weighted,False
ACRIN-6698-928170_z015,ACRIN-6698-928170,0,0,spy2,0.18768813,train,42,weighted,False
ACRIN-6698-928170_z016,ACRIN-6698-928170,0,0,spy2,0.18782084,train,42,weighted,False
ACRIN-6698-928170_z017,ACRIN-6698-928170,0,0,spy2,0.18749896,train,42,weighted,False
ACRIN-6698-928170_z018,ACRIN-6698-928170,0,0,spy2,0.18717857,train,42,weighted,False
ACRIN-6698-928170_z019,ACRIN-6698-928170,0,0,spy2,0.18742152,train,42,weighted,False
ACRIN-6698-928170_z020,ACRIN-6698-928170,0,0,spy2,0.18756095,train,42,weighted,False
ACRIN-6698-928170_z022,ACRIN-6698-928170,0,0,spy2,0.18832749,train,42,weighted,False
ACRIN-6698-928170_z023,ACRIN-6698-928170,0,0,spy2,0.18873326,train,42,weighted,False
ISPY2-172283_z017,ISPY2-172283,0,0,spy2,0.5362825,train,42,weighted,False
ISPY2-172283_z018,ISPY2-172283,0,0,spy2,0.5381781,train,42,weighted,False
ISPY2-172283_z019,ISPY2-172283,0,0,spy2,0.5402276,train,42,weighted,False
ISPY2-172283_z020,ISPY2-172283,0,0,spy2,0.5421139,train,42,weighted,False
ISPY2-172283_z021,ISPY2-172283,0,0,spy2,0.5442136,train,42,weighted,False
ISPY2-172283_z022,ISPY2-172283,0,0,spy2,0.54488564,train,42,weighted,False
ISPY2-172283_z023,ISPY2-172283,0,0,spy2,0.5449866,train,42,weighted,False
ISPY2-172283_z024,ISPY2-172283,0,0,spy2,0.54599667,train,42,weighted,False
ISPY2-172283_z025,ISPY2-172283,0,0,spy2,0.5467763,train,42,weighted,False
ISPY2-172283_z026,ISPY2-172283,0,0,spy2,0.5486642,train,42,weighted,False
ISPY2-883696_z015,ISPY2-883696,0,0,spy2,0.39399925,train,42,weighted,False
ISPY2-883696_z016,ISPY2-883696,0,0,spy2,0.3933136,train,42,weighted,False
ISPY2-883696_z017,ISPY2-883696,0,0,spy2,0.39210162,train,42,weighted,False
ISPY2-883696_z018,ISPY2-883696,0,0,spy2,0.39059845,train,42,weighted,False
ISPY2-883696_z019,ISPY2-883696,0,0,spy2,0.39018923,train,42,weighted,False
ISPY2-883696_z020,ISPY2-883696,0,0,spy2,0.3884783,train,42,weighted,False
ISPY2-883696_z021,ISPY2-883696,0,0,spy2,0.38926536,train,42,weighted,False
ISPY2-883696_z022,ISPY2-883696,0,0,spy2,0.39221367,train,42,weighted,False
ISPY2-883696_z023,ISPY2-883696,0,0,spy2,0.39160728,train,42,weighted,False
ISPY2-883696_z024,ISPY2-883696,0,0,spy2,0.39134046,train,42,weighted,False
ISPY2-925691_z008,ISPY2-925691,0,0,spy2,0.72219497,train,42,weighted,False
ISPY2-925691_z009,ISPY2-925691,0,0,spy2,0.7205759,train,42,weighted,False
ISPY2-925691_z010,ISPY2-925691,0,0,spy2,0.71895576,train,42,weighted,False
ISPY2-925691_z011,ISPY2-925691,0,0,spy2,0.7183678,train,42,weighted,False
ISPY2-925691_z012,ISPY2-925691,0,0,spy2,0.71862936,train,42,weighted,False
ISPY2-925691_z013,ISPY2-925691,0,0,spy2,0.7209715,train,42,weighted,False
ISPY2-925691_z014,ISPY2-925691,0,0,spy2,0.72123677,train,42,weighted,False
ISPY2-925691_z015,ISPY2-925691,0,0,spy2,0.72064984,train,42,weighted,False
ISPY2-925691_z016,ISPY2-925691,0,0,spy2,0.723007,train,42,weighted,False
ISPY2-925691_z017,ISPY2-925691,0,0,spy2,0.72454995,train,42,weighted,False
ACRIN-6698-384830_z016,ACRIN-6698-384830,0,0,spy2,0.5193315,train,42,weighted,False
ACRIN-6698-384830_z017,ACRIN-6698-384830,0,0,spy2,0.5193933,train,42,weighted,False
ACRIN-6698-384830_z018,ACRIN-6698-384830,0,0,spy2,0.5196177,train,42,weighted,False
ACRIN-6698-384830_z019,ACRIN-6698-384830,0,0,spy2,0.5209396,train,42,weighted,False
ACRIN-6698-384830_z020,ACRIN-6698-384830,0,0,spy2,0.5213954,train,42,weighted,False
ACRIN-6698-384830_z021,ACRIN-6698-384830,0,0,spy2,0.5217766,train,42,weighted,False
ACRIN-6698-384830_z022,ACRIN-6698-384830,0,0,spy2,0.52205884,train,42,weighted,False
ACRIN-6698-384830_z023,ACRIN-6698-384830,0,0,spy2,0.5219242,train,42,weighted,False
ACRIN-6698-384830_z024,ACRIN-6698-384830,0,0,spy2,0.521028,train,42,weighted,False
ACRIN-6698-384830_z025,ACRIN-6698-384830,0,0,spy2,0.5210814,train,42,weighted,False
ISPY2-746265_z026,ISPY2-746265,0,0,spy2,0.29456693,train,42,weighted,False
ISPY2-746265_z027,ISPY2-746265,0,0,spy2,0.2945776,train,42,weighted,False
ISPY2-746265_z028,ISPY2-746265,0,0,spy2,0.29528555,train,42,weighted,False
ISPY2-746265_z029,ISPY2-746265,0,0,spy2,0.295435,train,42,weighted,False
ISPY2-746265_z030,ISPY2-746265,0,0,spy2,0.29587114,train,42,weighted,False
ISPY2-746265_z031,ISPY2-746265,0,0,spy2,0.29578218,train,42,weighted,False
ISPY2-746265_z032,ISPY2-746265,0,0,spy2,0.29580218,train,42,weighted,False
ISPY2-746265_z033,ISPY2-746265,0,0,spy2,0.29605812,train,42,weighted,False
ISPY2-746265_z034,ISPY2-746265,0,0,spy2,0.29628733,train,42,weighted,False
ISPY2-746265_z035,ISPY2-746265,0,0,spy2,0.29764047,train,42,weighted,False
ISPY2-231633_z007,ISPY2-231633,0,1,spy2,0.51333183,train,42,weighted,False
ISPY2-231633_z008,ISPY2-231633,0,1,spy2,0.5114769,train,42,weighted,False
ISPY2-231633_z009,ISPY2-231633,0,1,spy2,0.50955164,train,42,weighted,False
ISPY2-231633_z010,ISPY2-231633,0,1,spy2,0.50760627,train,42,weighted,False
ISPY2-231633_z011,ISPY2-231633,0,1,spy2,0.5090501,train,42,weighted,False
ISPY2-231633_z012,ISPY2-231633,0,1,spy2,0.5102514,train,42,weighted,False
ISPY2-231633_z013,ISPY2-231633,0,1,spy2,0.5102466,train,42,weighted,False
ISPY2-231633_z014,ISPY2-231633,0,1,spy2,0.5112454,train,42,weighted,False
ISPY2-231633_z015,ISPY2-231633,0,1,spy2,0.51241565,train,42,weighted,False
ISPY2-231633_z016,ISPY2-231633,0,1,spy2,0.5130708,train,42,weighted,False
