sample_id,patient_id,fold,pCR,dataset,prob,split,seed,loss,smoke
ISPY1_1002_z008,ISPY1_1002,1,0,spy1,0.23975907,train,2026,weighted,False
ISPY1_1002_z009,ISPY1_1002,1,0,spy1,0.23525104,train,2026,weighted,False
ISPY1_1002_z010,ISPY1_1002,1,0,spy1,0.23397478,train,2026,weighted,False
ISPY1_1002_z011,ISPY1_1002,1,0,spy1,0.23220837,train,2026,weighted,False
ISPY1_1002_z012,ISPY1_1002,1,0,spy1,0.2315137,train,2026,weighted,False
ISPY1_1002_z013,ISPY1_1002,1,0,spy1,0.2294281,train,2026,weighted,False
ISPY1_1002_z014,ISPY1_1002,1,0,spy1,0.22834323,train,2026,weighted,False
ISPY1_1002_z015,ISPY1_1002,1,0,spy1,0.22946146,train,2026,weighted,False
ISPY1_1002_z016,ISPY1_1002,1,0,spy1,0.23447295,train,2026,weighted,False
ISPY1_1002_z017,ISPY1_1002,1,0,spy1,0.23637627,train,2026,weighted,False
ISPY1_1008_z016,ISPY1_1008,1,0,spy1,0.18386376,train,2026,weighted,False
ISPY1_1008_z017,ISPY1_1008,1,0,spy1,0.18441726,train,2026,weighted,False
ISPY1_1008_z018,ISPY1_1008,1,0,spy1,0.18472262,train,2026,weighted,False
ISPY1_1008_z019,ISPY1_1008,1,0,spy1,0.18383192,train,2026,weighted,False
ISPY1_1008_z020,ISPY1_1008,1,0,spy1,0.18326414,train,2026,weighted,False
ISPY1_1008_z021,ISPY1_1008,1,0,spy1,0.18199119,train,2026,weighted,False
ISPY1_1008_z022,ISPY1_1008,1,0,spy1,0.180092,train,2026,weighted,False
ISPY1_1008_z023,ISPY1_1008,1,0,spy1,0.18007603,train,2026,weighted,False
ISPY1_1008_z024,ISPY1_1008,1,0,spy1,0.18168814,train,2026,weighted,False
ISPY1_1008_z025,ISPY1_1008,1,0,spy1,0.18533565,train,2026,weighted,False
ISPY1_1029_z004,ISPY1_1029,1,0,spy1,0.42882603,train,2026,weighted,False
ISPY1_1029_z005,ISPY1_1029,1,0,spy1,0.42112908,train,2026,weighted,False
ISPY1_1029_z006,ISPY1_1029,1,0,spy1,0.41224456,train,2026,weighted,False
ISPY1_1029_z007,ISPY1_1029,1,0,spy1,0.40444124,train,2026,weighted,False
ISPY1_1029_z008,ISPY1_1029,1,0,spy1,0.4000915,train,2026,weighted,False
ISPY1_1029_z009,ISPY1_1029,1,0,spy1,0.3985996,train,2026,weighted,False
ISPY1_1029_z010,ISPY1_1029,1,0,spy1,0.39225343,train,2026,weighted,False
ISPY1_1029_z011,ISPY1_1029,1,0,spy1,0.39386317,train,2026,weighted,False
ISPY1_1029_z012,ISPY1_1029,1,0,spy1,0.3956972,train,2026,weighted,False
ISPY1_1029_z013,ISPY1_1029,1,0,spy1,0.39736894,train,2026,weighted,False
ISPY1_1037_z009,ISPY1_1037,1,0,spy1,0.39125395,train,2026,weighted,False
ISPY1_1037_z010,ISPY1_1037,1,0,spy1,0.3946405,train,2026,weighted,False
ISPY1_1037_z011,ISPY1_1037,1,0,spy1,0.3925741,train,2026,weighted,False
ISPY1_1037_z012,ISPY1_1037,1,0,spy1,0.39350754,train,2026,weighted,False
ISPY1_1037_z013,ISPY1_1037,1,0,spy1,0.39382863,train,2026,weighted,False
ISPY1_1037_z014,ISPY1_1037,1,0,spy1,0.3956951,train,2026,weighted,False
ISPY1_1037_z015,ISPY1_1037,1,0,spy1,0.40066278,train,2026,weighted,False
ISPY1_1037_z016,ISPY1_1037,1,0,spy1,0.39938548,train,2026,weighted,False
ISPY1_1037_z017,ISPY1_1037,1,0,spy1,0.39793423,train,2026,weighted,False
ISPY1_1037_z018,ISPY1_1037,1,0,spy1,0.39914277,train,2026,weighted,False
ISPY1_1060_z026,ISPY1_1060,1,0,spy1,0.11994915,train,2026,weighted,False
ISPY1_1060_z027,ISPY1_1060,1,0,spy1,0.119286984,train,2026,weighted,False
ISPY1_1060_z028,ISPY1_1060,1,0,spy1,0.11871735,train,2026,weighted,False
ISPY1_1060_z029,ISPY1_1060,1,0,spy1,0.11768071,train,2026,weighted,False
ISPY1_1060_z030,ISPY1_1060,1,0,spy1,0.11736421,train,2026,weighted,False
ISPY1_1060_z031,ISPY1_1060,1,0,spy1,0.11947176,train,2026,weighted,False
ISPY1_1060_z032,ISPY1_1060,1,0,spy1,0.12043598,train,2026,weighted,False
ISPY1_1060_z034,ISPY1_1060,1,0,spy1,0.1213649,train,2026,weighted,False
ISPY1_1060_z035,ISPY1_1060,1,0,spy1,0.12170486,train,2026,weighted,False
ISPY1_1060_z036,ISPY1_1060,1,0,spy1,0.12163182,train,2026,weighted,False
ISPY1_1070_z009,ISPY1_1070,1,1,spy1,0.24303715,train,2026,weighted,False
ISPY1_1070_z010,ISPY1_1070,1,1,spy1,0.23872162,train,2026,weighted,False
ISPY1_1070_z011,ISPY1_1070,1,1,spy1,0.23676947,train,2026,weighted,False
ISPY1_1070_z012,ISPY1_1070,1,1,spy1,0.23553555,train,2026,weighted,False
ISPY1_1070_z013,ISPY1_1070,1,1,spy1,0.23970841,train,2026,weighted,False
ISPY1_1070_z014,ISPY1_1070,1,1,spy1,0.24095015,train,2026,weighted,False
ISPY1_1070_z015,ISPY1_1070,1,1,spy1,0.24160317,train,2026,weighted,False
ISPY1_1070_z016,ISPY1_1070,1,1,spy1,0.2446855,train,2026,weighted,False
ISPY1_1070_z017,ISPY1_1070,1,1,spy1,0.24704126,train,2026,weighted,False
ISPY1_1070_z018,ISPY1_1070,1,1,spy1,0.25287253,train,2026,weighted,False
ISPY1_1077_z007,ISPY1_1077,1,1,spy1,0.49689847,train,2026,weighted,False
ISPY1_1077_z008,ISPY1_1077,1,1,spy1,0.495311,train,2026,weighted,False
ISPY1_1077_z009,ISPY1_1077,1,1,spy1,0.4955091,train,2026,weighted,False
ISPY1_1077_z010,ISPY1_1077,1,1,spy1,0.5019193,train,2026,weighted,False
ISPY1_1077_z011,ISPY1_1077,1,1,spy1,0.5004137,train,2026,weighted,False
ISPY1_1077_z012,ISPY1_1077,1,1,spy1,0.4934171,train,2026,weighted,False
ISPY1_1077_z013,ISPY1_1077,1,1,spy1,0.4873447,train,2026,weighted,False
ISPY1_1077_z014,ISPY1_1077,1,1,spy1,0.4850159,train,2026,weighted,False
ISPY1_1077_z015,ISPY1_1077,1,1,spy1,0.49310577,train,2026,weighted,False
ISPY1_1077_z016,ISPY1_1077,1,1,spy1,0.5021077,train,2026,weighted,False
ISPY1_1097_z007,ISPY1_1097,1,0,spy1,0.49571207,train,2026,weighted,False
ISPY1_1097_z008,ISPY1_1097,1,0,spy1,0.49608296,train,2026,weighted,False
ISPY1_1097_z009,ISPY1_1097,1,0,spy1,0.49475065,train,2026,weighted,False
ISPY1_1097_z010,ISPY1_1097,1,0,spy1,0.49395728,train,2026,weighted,False
ISPY1_1097_z011,ISPY1_1097,1,0,spy1,0.4949002,train,2026,weighted,False
ISPY1_1097_z012,ISPY1_1097,1,0,spy1,0.49570855,train,2026,weighted,False
ISPY1_1097_z013,ISPY1_1097,1,0,spy1,0.49474692,train,2026,weighted,False
ISPY1_1097_z014,ISPY1_1097,1,0,spy1,0.49656713,train,2026,weighted,False
ISPY1_1097_z016,ISPY1_1097,1,0,spy1,0.49682218,train,2026,weighted,False
ISPY1_1097_z017,ISPY1_1097,1,0,spy1,0.49237576,train,2026,weighted,False
ISPY1_1112_z010,ISPY1_1112,1,1,spy1,0.7695519,train,2026,weighted,False
ISPY1_1112_z011,ISPY1_1112,1,1,spy1,0.7673902,train,2026,weighted,False
ISPY1_1112_z012,ISPY1_1112,1,1,spy1,0.75885457,train,2026,weighted,False
ISPY1_1112_z013,ISPY1_1112,1,1,spy1,0.75230044,train,2026,weighted,False
ISPY1_1112_z014,ISPY1_1112,1,1,spy1,0.753984,train,2026,weighted,False
ISPY1_1112_z015,ISPY1_1112,1,1,spy1,0.7574685,train,2026,weighted,False
ISPY1_1112_z016,ISPY1_1112,1,1,spy1,0.7571519,train,2026,weighted,False
ISPY1_1112_z017,ISPY1_1112,1,1,spy1,0.75482684,train,2026,weighted,False
ISPY1_1112_z018,ISPY1_1112,1,1,spy1,0.75262135,train,2026,weighted,False
ISPY1_1112_z019,ISPY1_1112,1,1,spy1,0.7509477,train,2026,weighted,False
ISPY1_1122_z012,ISPY1_1122,1,0,spy1,0.6906937,train,2026,weighted,False
ISPY1_1122_z013,ISPY1_1122,1,0,spy1,0.6941697,train,2026,weighted,False
ISPY1_1122_z014,ISPY1_1122,1,0,spy1,0.6959475,train,2026,weighted,False
ISPY1_1122_z015,ISPY1_1122,1,0,spy1,0.6944727,train,2026,weighted,False
ISPY1_1122_z016,ISPY1_1122,1,0,spy1,0.69180727,train,2026,weighted,False
ISPY1_1122_z017,ISPY1_1122,1,0,spy1,0.6936278,train,2026,weighted,False
ISPY1_1122_z018,ISPY1_1122,1,0,spy1,0.6959105,train,2026,weighted,False
ISPY1_1122_z019,ISPY1_1122,1,0,spy1,0.6980119,train,2026,weighted,False
ISPY1_1122_z020,ISPY1_1122,1,0,spy1,0.7016468,train,2026,weighted,False
ISPY1_1122_z021,ISPY1_1122,1,0,spy1,0.7053614,train,2026,weighted,False
ISPY1_1135_z010,ISPY1_1135,1,0,spy1,0.51539224,train,2026,weighted,False
ISPY1_1135_z011,ISPY1_1135,1,0,spy1,0.51624167,train,2026,weighted,False
ISPY1_1135_z012,ISPY1_1135,1,0,spy1,0.51749176,train,2026,weighted,False
ISPY1_1135_z013,ISPY1_1135,1,0,spy1,0.51650226,train,2026,weighted,False
ISPY1_1135_z014,ISPY1_1135,1,0,spy1,0.50969625,train,2026,weighted,False
ISPY1_1135_z015,ISPY1_1135,1,0,spy1,0.5053546,train,2026,weighted,False
ISPY1_1135_z016,ISPY1_1135,1,0,spy1,0.501616,train,2026,weighted,False
ISPY1_1135_z017,ISPY1_1135,1,0,spy1,0.49813375,train,2026,weighted,False
ISPY1_1135_z018,ISPY1_1135,1,0,spy1,0.49485776,train,2026,weighted,False
ISPY1_1135_z019,ISPY1_1135,1,0,spy1,0.49185485,train,2026,weighted,False
ISPY1_1148_z008,ISPY1_1148,1,1,spy1,0.73609596,train,2026,weighted,False
ISPY1_1148_z009,ISPY1_1148,1,1,spy1,0.7365605,train,2026,weighted,False
ISPY1_1148_z010,ISPY1_1148,1,1,spy1,0.73978966,train,2026,weighted,False
ISPY1_1148_z011,ISPY1_1148,1,1,spy1,0.7397306,train,2026,weighted,False
ISPY1_1148_z012,ISPY1_1148,1,1,spy1,0.7355236,train,2026,weighted,False
ISPY1_1148_z013,ISPY1_1148,1,1,spy1,0.73580045,train,2026,weighted,False
ISPY1_1148_z014,ISPY1_1148,1,1,spy1,0.73974985,train,2026,weighted,False
ISPY1_1148_z015,ISPY1_1148,1,1,spy1,0.7460465,train,2026,weighted,False
ISPY1_1148_z016,ISPY1_1148,1,1,spy1,0.75083596,train,2026,weighted,False
ISPY1_1148_z017,ISPY1_1148,1,1,spy1,0.74994713,train,2026,weighted,False
ISPY1_1161_z008,ISPY1_1161,1,0,spy1,0.6259357,train,2026,weighted,False
ISPY1_1161_z009,ISPY1_1161,1,0,spy1,0.61784023,train,2026,weighted,False
ISPY1_1161_z010,ISPY1_1161,1,0,spy1,0.61531013,train,2026,weighted,False
ISPY1_1161_z011,ISPY1_1161,1,0,spy1,0.6129155,train,2026,weighted,False
ISPY1_1161_z012,ISPY1_1161,1,0,spy1,0.6184489,train,2026,weighted,False
ISPY1_1161_z013,ISPY1_1161,1,0,spy1,0.61947405,train,2026,weighted,False
ISPY1_1161_z014,ISPY1_1161,1,0,spy1,0.6227267,train,2026,weighted,False
ISPY1_1161_z015,ISPY1_1161,1,0,spy1,0.6251312,train,2026,weighted,False
ISPY1_1161_z016,ISPY1_1161,1,0,spy1,0.6236557,train,2026,weighted,False
ISPY1_1161_z017,ISPY1_1161,1,0,spy1,0.6267235,train,2026,weighted,False
ISPY1_1176_z008,ISPY1_1176,1,1,spy1,0.7528264,train,2026,weighted,False
ISPY1_1176_z009,ISPY1_1176,1,1,spy1,0.7540801,train,2026,weighted,False
ISPY1_1176_z010,ISPY1_1176,1,1,spy1,0.7508261,train,2026,weighted,False
ISPY1_1176_z011,ISPY1_1176,1,1,spy1,0.7501136,train,2026,weighted,False
ISPY1_1176_z012,ISPY1_1176,1,1,spy1,0.7496475,train,2026,weighted,False
ISPY1_1176_z013,ISPY1_1176,1,1,spy1,0.74897146,train,2026,weighted,False
ISPY1_1176_z014,ISPY1_1176,1,1,spy1,0.745294,train,2026,weighted,False
ISPY1_1176_z015,ISPY1_1176,1,1,spy1,0.7423263,train,2026,weighted,False
ISPY1_1176_z016,ISPY1_1176,1,1,spy1,0.73958325,train,2026,weighted,False
ISPY1_1176_z017,ISPY1_1176,1,1,spy1,0.7407984,train,2026,weighted,False
ISPY1_1184_z006,ISPY1_1184,1,1,spy1,0.4856794,train,2026,weighted,False
ISPY1_1184_z007,ISPY1_1184,1,1,spy1,0.4851006,train,2026,weighted,False
ISPY1_1184_z008,ISPY1_1184,1,1,spy1,0.48611656,train,2026,weighted,False
ISPY1_1184_z009,ISPY1_1184,1,1,spy1,0.48474976,train,2026,weighted,False
ISPY1_1184_z010,ISPY1_1184,1,1,spy1,0.47851205,train,2026,weighted,False
ISPY1_1184_z011,ISPY1_1184,1,1,spy1,0.47285572,train,2026,weighted,False
ISPY1_1184_z012,ISPY1_1184,1,1,spy1,0.47157466,train,2026,weighted,False
ISPY1_1184_z013,ISPY1_1184,1,1,spy1,0.47071224,train,2026,weighted,False
ISPY1_1184_z014,ISPY1_1184,1,1,spy1,0.47136715,train,2026,weighted,False
ISPY1_1184_z015,ISPY1_1184,1,1,spy1,0.47545668,train,2026,weighted,False
ISPY1_1193_z005,ISPY1_1193,1,0,spy1,0.21987087,train,2026,weighted,False
ISPY1_1193_z006,ISPY1_1193,1,0,spy1,0.2188732,train,2026,weighted,False
ISPY1_1193_z007,ISPY1_1193,1,0,spy1,0.21856017,train,2026,weighted,False
ISPY1_1193_z008,ISPY1_1193,1,0,spy1,0.21822537,train,2026,weighted,False
ISPY1_1193_z009,ISPY1_1193,1,0,spy1,0.21786723,train,2026,weighted,False
ISPY1_1193_z010,ISPY1_1193,1,0,spy1,0.21724401,train,2026,weighted,False
ISPY1_1193_z011,ISPY1_1193,1,0,spy1,0.2170602,train,2026,weighted,False
ISPY1_1193_z012,ISPY1_1193,1,0,spy1,0.21661262,train,2026,weighted,False
ISPY1_1193_z013,ISPY1_1193,1,0,spy1,0.21672548,train,2026,weighted,False
ISPY1_1193_z014,ISPY1_1193,1,0,spy1,0.21733288,train,2026,weighted,False
ISPY1_1199_z025,ISPY1_1199,1,0,spy1,0.56783754,train,2026,weighted,False
ISPY1_1199_z026,ISPY1_1199,1,0,spy1,0.56452477,train,2026,weighted,False
ISPY1_1199_z027,ISPY1_1199,1,0,spy1,0.56068045,train,2026,weighted,False
ISPY1_1199_z028,ISPY1_1199,1,0,spy1,0.5579227,train,2026,weighted,False
ISPY1_1199_z029,ISPY1_1199,1,0,spy1,0.5573871,train,2026,weighted,False
ISPY1_1199_z030,ISPY1_1199,1,0,spy1,0.5542942,train,2026,weighted,False
ISPY1_1199_z031,ISPY1_1199,1,0,spy1,0.5530356,train,2026,weighted,False
ISPY1_1199_z032,ISPY1_1199,1,0,spy1,0.55415493,train,2026,weighted,False
ISPY1_1199_z033,ISPY1_1199,1,0,spy1,0.55702,train,2026,weighted,False
ISPY1_1199_z036,ISPY1_1199,1,0,spy1,0.5338234,train,2026,weighted,False
ISPY1_1215_z012,ISPY1_1215,1,1,spy1,0.38875318,train,2026,weighted,False
ISPY1_1215_z013,ISPY1_1215,1,1,spy1,0.39380106,train,2026,weighted,False
ISPY1_1215_z017,ISPY1_1215,1,1,spy1,0.3964848,train,2026,weighted,False
ISPY1_1215_z018,ISPY1_1215,1,1,spy1,0.3950839,train,2026,weighted,False
ISPY1_1215_z019,ISPY1_1215,1,1,spy1,0.39342558,train,2026,weighted,False
ISPY1_1215_z020,ISPY1_1215,1,1,spy1,0.39205554,train,2026,weighted,False
ISPY1_1215_z021,ISPY1_1215,1,1,spy1,0.39156383,train,2026,weighted,False
ISPY1_1215_z022,ISPY1_1215,1,1,spy1,0.39078915,train,2026,weighted,False
ISPY1_1215_z023,ISPY1_1215,1,1,spy1,0.3926293,train,2026,weighted,False
ISPY1_1215_z024,ISPY1_1215,1,1,spy1,0.3949475,train,2026,weighted,False
ISPY1_1223_z004,ISPY1_1223,1,0,spy1,0.1924205,train,2026,weighted,False
ISPY1_1223_z005,ISPY1_1223,1,0,spy1,0.18826143,train,2026,weighted,False
ISPY1_1223_z006,ISPY1_1223,1,0,spy1,0.18800156,train,2026,weighted,False
ISPY1_1223_z007,ISPY1_1223,1,0,spy1,0.18796661,train,2026,weighted,False
ISPY1_1223_z008,ISPY1_1223,1,0,spy1,0.18726574,train,2026,weighted,False
ISPY1_1223_z009,ISPY1_1223,1,0,spy1,0.18815762,train,2026,weighted,False
ISPY1_1223_z010,ISPY1_1223,1,0,spy1,0.18828027,train,2026,weighted,False
ISPY1_1223_z011,ISPY1_1223,1,0,spy1,0.18929367,train,2026,weighted,False
ISPY1_1223_z012,ISPY1_1223,1,0,spy1,0.19176842,train,2026,weighted,False
ISPY1_1223_z013,ISPY1_1223,1,0,spy1,0.19393767,train,2026,weighted,False
ISPY1_1231_z016,ISPY1_1231,1,0,spy1,0.16569655,train,2026,weighted,False
ISPY1_1231_z017,ISPY1_1231,1,0,spy1,0.1634572,train,2026,weighted,False
ISPY1_1231_z018,ISPY1_1231,1,0,spy1,0.161715,train,2026,weighted,False
ISPY1_1231_z019,ISPY1_1231,1,0,spy1,0.16075371,train,2026,weighted,False
ISPY1_1231_z020,ISPY1_1231,1,0,spy1,0.1592234,train,2026,weighted,False
ISPY1_1231_z021,ISPY1_1231,1,0,spy1,0.15917136,train,2026,weighted,False
ISPY1_1231_z022,ISPY1_1231,1,0,spy1,0.16055152,train,2026,weighted,False
ISPY1_1231_z023,ISPY1_1231,1,0,spy1,0.16448587,train,2026,weighted,False
ISPY1_1231_z024,ISPY1_1231,1,0,spy1,0.17110689,train,2026,weighted,False
ISPY1_1231_z025,ISPY1_1231,1,0,spy1,0.17517449,train,2026,weighted,False
ISPY1_1238_z016,ISPY1_1238,1,0,spy1,0.3851789,train,2026,weighted,False
ISPY1_1238_z017,ISPY1_1238,1,0,spy1,0.3798791,train,2026,weighted,False
ISPY1_1238_z018,ISPY1_1238,1,0,spy1,0.37533566,train,2026,weighted,False
ISPY1_1238_z019,ISPY1_1238,1,0,spy1,0.37124494,train,2026,weighted,False
ISPY1_1238_z020,ISPY1_1238,1,0,spy1,0.36802247,train,2026,weighted,False
ISPY1_1238_z021,ISPY1_1238,1,0,spy1,0.36306062,train,2026,weighted,False
ISPY1_1238_z022,ISPY1_1238,1,0,spy1,0.35816494,train,2026,weighted,False
ISPY1_1238_z023,ISPY1_1238,1,0,spy1,0.35391366,train,2026,weighted,False
ISPY1_1238_z024,ISPY1_1238,1,0,spy1,0.35021645,train,2026,weighted,False
ISPY1_1238_z025,ISPY1_1238,1,0,spy1,0.34893847,train,2026,weighted,False
Breast_MRI_010_z011,Breast_MRI_010,1,0,duke,0.4529848,train,2026,weighted,False
Breast_MRI_010_z012,Breast_MRI_010,1,0,duke,0.45375624,train,2026,weighted,False
Breast_MRI_010_z013,Breast_MRI_010,1,0,duke,0.4532024,train,2026,weighted,False
Breast_MRI_010_z014,Breast_MRI_010,1,0,duke,0.45405352,train,2026,weighted,False
Breast_MRI_010_z015,Breast_MRI_010,1,0,duke,0.45487747,train,2026,weighted,False
Breast_MRI_010_z016,Breast_MRI_010,1,0,duke,0.4560753,train,2026,weighted,False
Breast_MRI_010_z017,Breast_MRI_010,1,0,duke,0.45801675,train,2026,weighted,False
Breast_MRI_010_z018,Breast_MRI_010,1,0,duke,0.45999637,train,2026,weighted,False
Breast_MRI_010_z019,Breast_MRI_010,1,0,duke,0.46356156,train,2026,weighted,False
Breast_MRI_010_z020,Breast_MRI_010,1,0,duke,0.46646792,train,2026,weighted,False
Breast_MRI_019_z014,Breast_MRI_019,1,0,duke,0.22872613,train,2026,weighted,False
Breast_MRI_019_z015,Breast_MRI_019,1,0,duke,0.22914964,train,2026,weighted,False
Breast_MRI_019_z016,Breast_MRI_019,1,0,duke,0.22731477,train,2026,weighted,False
Breast_MRI_019_z017,Breast_MRI_019,1,0,duke,0.22876897,train,2026,weighted,False
Breast_MRI_019_z018,Breast_MRI_019,1,0,duke,0.230217,train,2026,weighted,False
Breast_MRI_019_z019,Breast_MRI_019,1,0,duke,0.23107265,train,2026,weighted,False
Breast_MRI_019_z020,Breast_MRI_019,1,0,duke,0.22996782,train,2026,weighted,False
Breast_MRI_019_z021,Breast_MRI_019,1,0,duke,0.2294339,train,2026,weighted,False
Breast_MRI_019_z022,Breast_MRI_019,1,0,duke,0.2278306,train,2026,weighted,False
Breast_MRI_019_z023,Breast_MRI_019,1,0,duke,0.2274291,train,2026,weighted,False
Breast_MRI_046_z041,Breast_MRI_046,1,0,duke,0.16102244,train,2026,weighted,False
Breast_MRI_046_z042,Breast_MRI_046,1,0,duke,0.16068426,train,2026,weighted,False
Breast_MRI_046_z043,Breast_MRI_046,1,0,duke,0.16074046,train,2026,weighted,False
Breast_MRI_046_z044,Breast_MRI_046,1,0,duke,0.15982546,train,2026,weighted,False
Breast_MRI_046_z045,Breast_MRI_046,1,0,duke,0.15835239,train,2026,weighted,False
Breast_MRI_046_z046,Breast_MRI_046,1,0,duke,0.15816848,train,2026,weighted,False
Breast_MRI_046_z047,Breast_MRI_046,1,0,duke,0.15830454,train,2026,weighted,False
Breast_MRI_046_z048,Breast_MRI_046,1,0,duke,0.15826146,train,2026,weighted,False
Breast_MRI_046_z049,Breast_MRI_046,1,0,duke,0.15974829,train,2026,weighted,False
Breast_MRI_046_z050,Breast_MRI_046,1,0,duke,0.1628894,train,2026,weighted,False
Breast_MRI_064_z005,Breast_MRI_064,1,0,duke,0.5695843,train,2026,weighted,False
Breast_MRI_064_z006,Breast_MRI_064,1,0,duke,0.57022077,train,2026,weighted,False
Breast_MRI_064_z007,Breast_MRI_064,1,0,duke,0.5716593,train,2026,weighted,False
Breast_MRI_064_z008,Breast_MRI_064,1,0,duke,0.5713813,train,2026,weighted,False
Breast_MRI_064_z009,Breast_MRI_064,1,0,duke,0.56999373,train,2026,weighted,False
Breast_MRI_064_z010,Breast_MRI_064,1,0,duke,0.57063663,train,2026,weighted,False
Breast_MRI_064_z011,Breast_MRI_064,1,0,duke,0.571912,train,2026,weighted,False
Breast_MRI_064_z012,Breast_MRI_064,1,0,duke,0.5736262,train,2026,weighted,False
Breast_MRI_064_z013,Breast_MRI_064,1,0,duke,0.574475,train,2026,weighted,False
Breast_MRI_064_z014,Breast_MRI_064,1,0,duke,0.577666,train,2026,weighted,False
Breast_MRI_091_z020,Breast_MRI_091,1,0,duke,0.15638849,train,2026,weighted,False
Breast_MRI_091_z021,Breast_MRI_091,1,0,duke,0.15670519,train,2026,weighted,False
Breast_MRI_091_z022,Breast_MRI_091,1,0,duke,0.15633747,train,2026,weighted,False
Breast_MRI_091_z023,Breast_MRI_091,1,0,duke,0.1550124,train,2026,weighted,False
Breast_MRI_091_z024,Breast_MRI_091,1,0,duke,0.15389733,train,2026,weighted,False
Breast_MRI_091_z025,Breast_MRI_091,1,0,duke,0.15418155,train,2026,weighted,False
Breast_MRI_091_z026,Breast_MRI_091,1,0,duke,0.15730955,train,2026,weighted,False
Breast_MRI_091_z027,Breast_MRI_091,1,0,duke,0.15909708,train,2026,weighted,False
Breast_MRI_091_z028,Breast_MRI_091,1,0,duke,0.15721491,train,2026,weighted,False
Breast_MRI_091_z029,Breast_MRI_091,1,0,duke,0.1565459,train,2026,weighted,False
Breast_MRI_103_z006,Breast_MRI_103,1,0,duke,0.53681755,train,2026,weighted,False
Breast_MRI_103_z007,Breast_MRI_103,1,0,duke,0.53407025,train,2026,weighted,False
Breast_MRI_103_z008,Breast_MRI_103,1,0,duke,0.53358495,train,2026,weighted,False
Breast_MRI_103_z009,Breast_MRI_103,1,0,duke,0.5350863,train,2026,weighted,False
Breast_MRI_103_z010,Breast_MRI_103,1,0,duke,0.53620565,train,2026,weighted,False
Breast_MRI_103_z011,Breast_MRI_103,1,0,duke,0.535618,train,2026,weighted,False
Breast_MRI_103_z012,Breast_MRI_103,1,0,duke,0.53343904,train,2026,weighted,False
Breast_MRI_103_z013,Breast_MRI_103,1,0,duke,0.53293717,train,2026,weighted,False
Breast_MRI_103_z014,Breast_MRI_103,1,0,duke,0.53048366,train,2026,weighted,False
Breast_MRI_103_z015,Breast_MRI_103,1,0,duke,0.52907485,train,2026,weighted,False
Breast_MRI_115_z009,Breast_MRI_115,1,1,duke,0.5283669,train,2026,weighted,False
Breast_MRI_115_z010,Breast_MRI_115,1,1,duke,0.52710354,train,2026,weighted,False
Breast_MRI_115_z011,Breast_MRI_115,1,1,duke,0.5262459,train,2026,weighted,False
Breast_MRI_115_z012,Breast_MRI_115,1,1,duke,0.5254633,train,2026,weighted,False
Breast_MRI_115_z013,Breast_MRI_115,1,1,duke,0.52528435,train,2026,weighted,False
Breast_MRI_115_z014,Breast_MRI_115,1,1,duke,0.5236667,train,2026,weighted,False
Breast_MRI_115_z015,Breast_MRI_115,1,1,duke,0.523872,train,2026,weighted,False
Breast_MRI_115_z016,Breast_MRI_115,1,1,duke,0.5234484,train,2026,weighted,False
Breast_MRI_115_z017,Breast_MRI_115,1,1,duke,0.5232195,train,2026,weighted,False
Breast_MRI_115_z018,Breast_MRI_115,1,1,duke,0.52330697,train,2026,weighted,False
Breast_MRI_134_z010,Breast_MRI_134,1,1,duke,0.62688607,train,2026,weighted,False
Breast_MRI_134_z011,Breast_MRI_134,1,1,duke,0.62638235,train,2026,weighted,False
Breast_MRI_134_z012,Breast_MRI_134,1,1,duke,0.6244587,train,2026,weighted,False
Breast_MRI_134_z013,Breast_MRI_134,1,1,duke,0.622625,train,2026,weighted,False
Breast_MRI_134_z014,Breast_MRI_134,1,1,duke,0.62080705,train,2026,weighted,False
Breast_MRI_134_z015,Breast_MRI_134,1,1,duke,0.6193748,train,2026,weighted,False
Breast_MRI_134_z016,Breast_MRI_134,1,1,duke,0.61756915,train,2026,weighted,False
Breast_MRI_134_z017,Breast_MRI_134,1,1,duke,0.6165802,train,2026,weighted,False
Breast_MRI_134_z018,Breast_MRI_134,1,1,duke,0.61631274,train,2026,weighted,False
Breast_MRI_134_z019,Breast_MRI_134,1,1,duke,0.6177473,train,2026,weighted,False
Breast_MRI_148_z025,Breast_MRI_148,1,0,duke,0.4388717,train,2026,weighted,False
Breast_MRI_148_z026,Breast_MRI_148,1,0,duke,0.4393349,train,2026,weighted,False
Breast_MRI_148_z027,Breast_MRI_148,1,0,duke,0.43927786,train,2026,weighted,False
Breast_MRI_148_z028,Breast_MRI_148,1,0,duke,0.43983075,train,2026,weighted,False
Breast_MRI_148_z029,Breast_MRI_148,1,0,duke,0.44069517,train,2026,weighted,False
Breast_MRI_148_z030,Breast_MRI_148,1,0,duke,0.44274995,train,2026,weighted,False
Breast_MRI_148_z031,Breast_MRI_148,1,0,duke,0.4443644,train,2026,weighted,False
Breast_MRI_148_z032,Breast_MRI_148,1,0,duke,0.44670328,train,2026,weighted,False
Breast_MRI_148_z033,Breast_MRI_148,1,0,duke,0.4485849,train,2026,weighted,False
Breast_MRI_148_z034,Breast_MRI_148,1,0,duke,0.44997767,train,2026,weighted,False
Breast_MRI_168_z005,Breast_MRI_168,1,0,duke,0.2990665,train,2026,weighted,False
Breast_MRI_168_z006,Breast_MRI_168,1,0,duke,0.2959575,train,2026,weighted,False
Breast_MRI_168_z007,Breast_MRI_168,1,0,duke,0.29361004,train,2026,weighted,False
Breast_MRI_168_z008,Breast_MRI_168,1,0,duke,0.29122445,train,2026,weighted,False
Breast_MRI_168_z009,Breast_MRI_168,1,0,duke,0.2918975,train,2026,weighted,False
Breast_MRI_168_z010,Breast_MRI_168,1,0,duke,0.2933132,train,2026,weighted,False
Breast_MRI_168_z011,Breast_MRI_168,1,0,duke,0.29509044,train,2026,weighted,False
Breast_MRI_168_z012,Breast_MRI_168,1,0,duke,0.29520673,train,2026,weighted,False
Breast_MRI_168_z013,Breast_MRI_168,1,0,duke,0.2952543,train,2026,weighted,False
Breast_MRI_168_z014,Breast_MRI_168,1,0,duke,0.29483718,train,2026,weighted,False
Breast_MRI_189_z013,Breast_MRI_189,1,0,duke,0.43679255,train,2026,weighted,False
Breast_MRI_189_z014,Breast_MRI_189,1,0,duke,0.43950874,train,2026,weighted,False
Breast_MRI_189_z015,Breast_MRI_189,1,0,duke,0.44093582,train,2026,weighted,False
Breast_MRI_189_z016,Breast_MRI_189,1,0,duke,0.44357136,train,2026,weighted,False
Breast_MRI_189_z017,Breast_MRI_189,1,0,duke,0.44358033,train,2026,weighted,False
Breast_MRI_189_z018,Breast_MRI_189,1,0,duke,0.44201806,train,2026,weighted,False
Breast_MRI_189_z019,Breast_MRI_189,1,0,duke,0.43976054,train,2026,weighted,False
Breast_MRI_189_z020,Breast_MRI_189,1,0,duke,0.43840188,train,2026,weighted,False
Breast_MRI_189_z021,Breast_MRI_189,1,0,duke,0.4335041,train,2026,weighted,False
Breast_MRI_189_z022,Breast_MRI_189,1,0,duke,0.4325584,train,2026,weighted,False
Breast_MRI_234_z021,Breast_MRI_234,1,0,duke,0.43059918,train,2026,weighted,False
Breast_MRI_234_z022,Breast_MRI_234,1,0,duke,0.42800322,train,2026,weighted,False
Breast_MRI_234_z023,Breast_MRI_234,1,0,duke,0.42684868,train,2026,weighted,False
Breast_MRI_234_z024,Breast_MRI_234,1,0,duke,0.42721468,train,2026,weighted,False
Breast_MRI_234_z025,Breast_MRI_234,1,0,duke,0.42623264,train,2026,weighted,False
Breast_MRI_234_z026,Breast_MRI_234,1,0,duke,0.42595074,train,2026,weighted,False
Breast_MRI_234_z027,Breast_MRI_234,1,0,duke,0.425794,train,2026,weighted,False
Breast_MRI_234_z028,Breast_MRI_234,1,0,duke,0.4253164,train,2026,weighted,False
Breast_MRI_234_z029,Breast_MRI_234,1,0,duke,0.42368925,train,2026,weighted,False
Breast_MRI_234_z030,Breast_MRI_234,1,0,duke,0.42300338,train,2026,weighted,False
Breast_MRI_260_z004,Breast_MRI_260,1,0,duke,0.49308717,train,2026,weighted,False
Breast_MRI_260_z005,Breast_MRI_260,1,0,duke,0.49065948,train,2026,weighted,False
Breast_MRI_260_z006,Breast_MRI_260,1,0,duke,0.48901474,train,2026,weighted,False
Breast_MRI_260_z007,Breast_MRI_260,1,0,duke,0.488356,train,2026,weighted,False
Breast_MRI_260_z008,Breast_MRI_260,1,0,duke,0.48801863,train,2026,weighted,False
Breast_MRI_260_z009,Breast_MRI_260,1,0,duke,0.48811173,train,2026,weighted,False
Breast_MRI_260_z010,Breast_MRI_260,1,0,duke,0.48906818,train,2026,weighted,False
Breast_MRI_260_z011,Breast_MRI_260,1,0,duke,0.489607,train,2026,weighted,False
Breast_MRI_260_z012,Breast_MRI_260,1,0,duke,0.48985618,train,2026,weighted,False
Breast_MRI_260_z013,Breast_MRI_260,1,0,duke,0.48957333,train,2026,weighted,False
Breast_MRI_269_z033,Breast_MRI_269,1,0,duke,0.1641863,train,2026,weighted,False
Breast_MRI_269_z034,Breast_MRI_269,1,0,duke,0.16373675,train,2026,weighted,False
Breast_MRI_269_z035,Breast_MRI_269,1,0,duke,0.1625728,train,2026,weighted,False
Breast_MRI_269_z036,Breast_MRI_269,1,0,duke,0.16118644,train,2026,weighted,False
Breast_MRI_269_z037,Breast_MRI_269,1,0,duke,0.15944384,train,2026,weighted,False
Breast_MRI_269_z038,Breast_MRI_269,1,0,duke,0.15930404,train,2026,weighted,False
Breast_MRI_269_z039,Breast_MRI_269,1,0,duke,0.15899342,train,2026,weighted,False
Breast_MRI_269_z040,Breast_MRI_269,1,0,duke,0.16006166,train,2026,weighted,False
Breast_MRI_269_z041,Breast_MRI_269,1,0,duke,0.16294438,train,2026,weighted,False
Breast_MRI_269_z042,Breast_MRI_269,1,0,duke,0.16409373,train,2026,weighted,False
Breast_MRI_298_z010,Breast_MRI_298,1,0,duke,0.24737276,train,2026,weighted,False
Breast_MRI_298_z011,Breast_MRI_298,1,0,duke,0.24499771,train,2026,weighted,False
Breast_MRI_298_z012,Breast_MRI_298,1,0,duke,0.2430667,train,2026,weighted,False
Breast_MRI_298_z013,Breast_MRI_298,1,0,duke,0.24076469,train,2026,weighted,False
Breast_MRI_298_z014,Breast_MRI_298,1,0,duke,0.23841633,train,2026,weighted,False
Breast_MRI_298_z015,Breast_MRI_298,1,0,duke,0.23820955,train,2026,weighted,False
Breast_MRI_298_z016,Breast_MRI_298,1,0,duke,0.2379207,train,2026,weighted,False
Breast_MRI_298_z017,Breast_MRI_298,1,0,duke,0.23851074,train,2026,weighted,False
Breast_MRI_298_z018,Breast_MRI_298,1,0,duke,0.24002899,train,2026,weighted,False
Breast_MRI_298_z019,Breast_MRI_298,1,0,duke,0.24085085,train,2026,weighted,False
Breast_MRI_323_z005,Breast_MRI_323,1,0,duke,0.2983755,train,2026,weighted,False
Breast_MRI_323_z006,Breast_MRI_323,1,0,duke,0.29862928,train,2026,weighted,False
Breast_MRI_323_z007,Breast_MRI_323,1,0,duke,0.29954427,train,2026,weighted,False
Breast_MRI_323_z008,Breast_MRI_323,1,0,duke,0.29834872,train,2026,weighted,False
Breast_MRI_323_z009,Breast_MRI_323,1,0,duke,0.29781032,train,2026,weighted,False
Breast_MRI_323_z010,Breast_MRI_323,1,0,duke,0.29570058,train,2026,weighted,False
Breast_MRI_323_z011,Breast_MRI_323,1,0,duke,0.29323676,train,2026,weighted,False
Breast_MRI_323_z012,Breast_MRI_323,1,0,duke,0.2916796,train,2026,weighted,False
Breast_MRI_323_z013,Breast_MRI_323,1,0,duke,0.29057932,train,2026,weighted,False
Breast_MRI_323_z014,Breast_MRI_323,1,0,duke,0.28774625,train,2026,weighted,False
Breast_MRI_356_z029,Breast_MRI_356,1,0,duke,0.24297129,train,2026,weighted,False
Breast_MRI_356_z030,Breast_MRI_356,1,0,duke,0.24369696,train,2026,weighted,False
Breast_MRI_356_z031,Breast_MRI_356,1,0,duke,0.24556476,train,2026,weighted,False
Breast_MRI_356_z032,Breast_MRI_356,1,0,duke,0.24654387,train,2026,weighted,False
Breast_MRI_356_z033,Breast_MRI_356,1,0,duke,0.24719681,train,2026,weighted,False
Breast_MRI_356_z034,Breast_MRI_356,1,0,duke,0.24713942,train,2026,weighted,False
Breast_MRI_356_z035,Breast_MRI_356,1,0,duke,0.24724011,train,2026,weighted,False
Breast_MRI_356_z036,Breast_MRI_356,1,0,duke,0.24633768,train,2026,weighted,False
Breast_MRI_356_z037,Breast_MRI_356,1,0,duke,0.2456792,train,2026,weighted,False
Breast_MRI_356_z038,Breast_MRI_356,1,0,duke,0.24470566,train,2026,weighted,False
Breast_MRI_383_z045,Breast_MRI_383,1,0,duke,0.39687192,train,2026,weighted,False
Breast_MRI_383_z046,Breast_MRI_383,1,0,duke,0.3974536,train,2026,weighted,False
Breast_MRI_383_z047,Breast_MRI_383,1,0,duke,0.39797032,train,2026,weighted,False
Breast_MRI_383_z048,Breast_MRI_383,1,0,duke,0.39768177,train,2026,weighted,False
Breast_MRI_383_z049,Breast_MRI_383,1,0,duke,0.39677322,train,2026,weighted,False
Breast_MRI_383_z050,Breast_MRI_383,1,0,duke,0.3950833,train,2026,weighted,False
Breast_MRI_383_z051,Breast_MRI_383,1,0,duke,0.39422932,train,2026,weighted,False
Breast_MRI_383_z052,Breast_MRI_383,1,0,duke,0.39413783,train,2026,weighted,False
Breast_MRI_383_z053,Breast_MRI_383,1,0,duke,0.39342827,train,2026,weighted,False
Breast_MRI_383_z054,Breast_MRI_383,1,0,duke,0.39393407,train,2026,weighted,False
Breast_MRI_398_z005,Breast_MRI_398,1,1,duke,0.68670523,train,2026,weighted,False
Breast_MRI_398_z006,Breast_MRI_398,1,1,duke,0.6891449,train,2026,weighted,False
Breast_MRI_398_z007,Breast_MRI_398,1,1,duke,0.6899172,train,2026,weighted,False
Breast_MRI_398_z008,Breast_MRI_398,1,1,duke,0.691757,train,2026,weighted,False
Breast_MRI_398_z009,Breast_MRI_398,1,1,duke,0.6931247,train,2026,weighted,False
Breast_MRI_398_z010,Breast_MRI_398,1,1,duke,0.69314414,train,2026,weighted,False
Breast_MRI_398_z011,Breast_MRI_398,1,1,duke,0.6894653,train,2026,weighted,False
Breast_MRI_398_z012,Breast_MRI_398,1,1,duke,0.68639684,train,2026,weighted,False
Breast_MRI_398_z013,Breast_MRI_398,1,1,duke,0.6877169,train,2026,weighted,False
Breast_MRI_398_z014,Breast_MRI_398,1,1,duke,0.68790567,train,2026,weighted,False
Breast_MRI_424_z010,Breast_MRI_424,1,1,duke,0.5667305,train,2026,weighted,False
Breast_MRI_424_z011,Breast_MRI_424,1,1,duke,0.56629103,train,2026,weighted,False
Breast_MRI_424_z012,Breast_MRI_424,1,1,duke,0.5659182,train,2026,weighted,False
Breast_MRI_424_z013,Breast_MRI_424,1,1,duke,0.5669304,train,2026,weighted,False
Breast_MRI_424_z014,Breast_MRI_424,1,1,duke,0.56845653,train,2026,weighted,False
Breast_MRI_424_z015,Breast_MRI_424,1,1,duke,0.5718145,train,2026,weighted,False
Breast_MRI_424_z016,Breast_MRI_424,1,1,duke,0.5743589,train,2026,weighted,False
Breast_MRI_424_z017,Breast_MRI_424,1,1,duke,0.577563,train,2026,weighted,False
Breast_MRI_424_z018,Breast_MRI_424,1,1,duke,0.57449824,train,2026,weighted,False
Breast_MRI_424_z019,Breast_MRI_424,1,1,duke,0.5692223,train,2026,weighted,False
Breast_MRI_441_z021,Breast_MRI_441,1,0,duke,0.1975971,train,2026,weighted,False
Breast_MRI_441_z022,Breast_MRI_441,1,0,duke,0.19781457,train,2026,weighted,False
Breast_MRI_441_z023,Breast_MRI_441,1,0,duke,0.19838117,train,2026,weighted,False
Breast_MRI_441_z024,Breast_MRI_441,1,0,duke,0.19897602,train,2026,weighted,False
Breast_MRI_441_z025,Breast_MRI_441,1,0,duke,0.20081386,train,2026,weighted,False
Breast_MRI_441_z026,Breast_MRI_441,1,0,duke,0.20247024,train,2026,weighted,False
Breast_MRI_441_z027,Breast_MRI_441,1,0,duke,0.20361735,train,2026,weighted,False
Breast_MRI_441_z028,Breast_MRI_441,1,0,duke,0.20385899,train,2026,weighted,False
Breast_MRI_441_z029,Breast_MRI_441,1,0,duke,0.20406279,train,2026,weighted,False
Breast_MRI_441_z030,Breast_MRI_441,1,0,duke,0.20260905,train,2026,weighted,False
Breast_MRI_468_z005,Breast_MRI_468,1,0,duke,0.7819287,train,2026,weighted,False
Breast_MRI_468_z006,Breast_MRI_468,1,0,duke,0.78200126,train,2026,weighted,False
Breast_MRI_468_z007,Breast_MRI_468,1,0,duke,0.7820834,train,2026,weighted,False
Breast_MRI_468_z008,Breast_MRI_468,1,0,duke,0.7822553,train,2026,weighted,False
Breast_MRI_468_z009,Breast_MRI_468,1,0,duke,0.78282076,train,2026,weighted,False
Breast_MRI_468_z010,Breast_MRI_468,1,0,duke,0.7839737,train,2026,weighted,False
Breast_MRI_468_z011,Breast_MRI_468,1,0,duke,0.7852934,train,2026,weighted,False
Breast_MRI_468_z012,Breast_MRI_468,1,0,duke,0.7860288,train,2026,weighted,False
Breast_MRI_468_z013,Breast_MRI_468,1,0,duke,0.78690654,train,2026,weighted,False
Breast_MRI_468_z014,Breast_MRI_468,1,0,duke,0.7870026,train,2026,weighted,False
Breast_MRI_491_z012,Breast_MRI_491,1,0,duke,0.38223433,train,2026,weighted,False
Breast_MRI_491_z013,Breast_MRI_491,1,0,duke,0.37656587,train,2026,weighted,False
Breast_MRI_491_z014,Breast_MRI_491,1,0,duke,0.37415877,train,2026,weighted,False
Breast_MRI_491_z015,Breast_MRI_491,1,0,duke,0.3749846,train,2026,weighted,False
Breast_MRI_491_z016,Breast_MRI_491,1,0,duke,0.3799044,train,2026,weighted,False
Breast_MRI_491_z017,Breast_MRI_491,1,0,duke,0.3863988,train,2026,weighted,False
Breast_MRI_491_z018,Breast_MRI_491,1,0,duke,0.3926301,train,2026,weighted,False
Breast_MRI_491_z019,Breast_MRI_491,1,0,duke,0.39486453,train,2026,weighted,False
Breast_MRI_491_z020,Breast_MRI_491,1,0,duke,0.3975404,train,2026,weighted,False
Breast_MRI_491_z021,Breast_MRI_491,1,0,duke,0.39923054,train,2026,weighted,False
Breast_MRI_508_z017,Breast_MRI_508,1,0,duke,0.44587916,train,2026,weighted,False
Breast_MRI_508_z018,Breast_MRI_508,1,0,duke,0.4457853,train,2026,weighted,False
Breast_MRI_508_z019,Breast_MRI_508,1,0,duke,0.44638994,train,2026,weighted,False
Breast_MRI_508_z020,Breast_MRI_508,1,0,duke,0.4454925,train,2026,weighted,False
Breast_MRI_508_z021,Breast_MRI_508,1,0,duke,0.44740975,train,2026,weighted,False
Breast_MRI_508_z022,Breast_MRI_508,1,0,duke,0.4471652,train,2026,weighted,False
Breast_MRI_508_z023,Breast_MRI_508,1,0,duke,0.4424759,train,2026,weighted,False
Breast_MRI_508_z024,Breast_MRI_508,1,0,duke,0.44092602,train,2026,weighted,False
Breast_MRI_508_z025,Breast_MRI_508,1,0,duke,0.44149417,train,2026,weighted,False
Breast_MRI_508_z026,Breast_MRI_508,1,0,duke,0.44490644,train,2026,weighted,False
Breast_MRI_530_z013,Breast_MRI_530,1,0,duke,0.23603725,train,2026,weighted,False
Breast_MRI_530_z014,Breast_MRI_530,1,0,duke,0.23615289,train,2026,weighted,False
Breast_MRI_530_z015,Breast_MRI_530,1,0,duke,0.23875165,train,2026,weighted,False
Breast_MRI_530_z016,Breast_MRI_530,1,0,duke,0.2382203,train,2026,weighted,False
Breast_MRI_530_z017,Breast_MRI_530,1,0,duke,0.23921527,train,2026,weighted,False
Breast_MRI_530_z018,Breast_MRI_530,1,0,duke,0.23844677,train,2026,weighted,False
Breast_MRI_530_z019,Breast_MRI_530,1,0,duke,0.2373664,train,2026,weighted,False
Breast_MRI_530_z020,Breast_MRI_530,1,0,duke,0.2371656,train,2026,weighted,False
Breast_MRI_530_z021,Breast_MRI_530,1,0,duke,0.2369558,train,2026,weighted,False
Breast_MRI_530_z022,Breast_MRI_530,1,0,duke,0.23693784,train,2026,weighted,False
Breast_MRI_558_z005,Breast_MRI_558,1,0,duke,0.7621426,train,2026,weighted,False
Breast_MRI_558_z006,Breast_MRI_558,1,0,duke,0.7629901,train,2026,weighted,False
Breast_MRI_558_z007,Breast_MRI_558,1,0,duke,0.76358587,train,2026,weighted,False
Breast_MRI_558_z008,Breast_MRI_558,1,0,duke,0.76269066,train,2026,weighted,False
Breast_MRI_558_z009,Breast_MRI_558,1,0,duke,0.7623785,train,2026,weighted,False
Breast_MRI_558_z010,Breast_MRI_558,1,0,duke,0.76282984,train,2026,weighted,False
Breast_MRI_558_z011,Breast_MRI_558,1,0,duke,0.7623303,train,2026,weighted,False
Breast_MRI_558_z012,Breast_MRI_558,1,0,duke,0.76331395,train,2026,weighted,False
Breast_MRI_558_z013,Breast_MRI_558,1,0,duke,0.7662055,train,2026,weighted,False
Breast_MRI_558_z014,Breast_MRI_558,1,0,duke,0.77066875,train,2026,weighted,False
Breast_MRI_568_z008,Breast_MRI_568,1,0,duke,0.5801876,train,2026,weighted,False
Breast_MRI_568_z009,Breast_MRI_568,1,0,duke,0.5803787,train,2026,weighted,False
Breast_MRI_568_z010,Breast_MRI_568,1,0,duke,0.58122605,train,2026,weighted,False
Breast_MRI_568_z011,Breast_MRI_568,1,0,duke,0.5782253,train,2026,weighted,False
Breast_MRI_568_z012,Breast_MRI_568,1,0,duke,0.57732356,train,2026,weighted,False
Breast_MRI_568_z013,Breast_MRI_568,1,0,duke,0.57591325,train,2026,weighted,False
Breast_MRI_568_z014,Breast_MRI_568,1,0,duke,0.5727906,train,2026,weighted,False
Breast_MRI_568_z015,Breast_MRI_568,1,0,duke,0.57050234,train,2026,weighted,False
Breast_MRI_568_z016,Breast_MRI_568,1,0,duke,0.56958324,train,2026,weighted,False
Breast_MRI_568_z017,Breast_MRI_568,1,0,duke,0.56855434,train,2026,weighted,False
Breast_MRI_595_z011,Breast_MRI_595,1,0,duke,0.24134172,train,2026,weighted,False
Breast_MRI_595_z012,Breast_MRI_595,1,0,duke,0.23931333,train,2026,weighted,False
Breast_MRI_595_z013,Breast_MRI_595,1,0,duke,0.23727207,train,2026,weighted,False
Breast_MRI_595_z014,Breast_MRI_595,1,0,duke,0.23501225,train,2026,weighted,False
Breast_MRI_595_z015,Breast_MRI_595,1,0,duke,0.23270576,train,2026,weighted,False
Breast_MRI_595_z016,Breast_MRI_595,1,0,duke,0.23125274,train,2026,weighted,False
Breast_MRI_595_z017,Breast_MRI_595,1,0,duke,0.22879615,train,2026,weighted,False
Breast_MRI_595_z018,Breast_MRI_595,1,0,duke,0.22711478,train,2026,weighted,False
Breast_MRI_595_z019,Breast_MRI_595,1,0,duke,0.22757171,train,2026,weighted,False
Breast_MRI_595_z020,Breast_MRI_595,1,0,duke,0.22694658,train,2026,weighted,False
Breast_MRI_600_z010,Breast_MRI_600,1,0,duke,0.21497878,train,2026,weighted,False
Breast_MRI_600_z011,Breast_MRI_600,1,0,duke,0.21443522,train,2026,weighted,False
Breast_MRI_600_z012,Breast_MRI_600,1,0,duke,0.21369478,train,2026,weighted,False
Breast_MRI_600_z013,Breast_MRI_600,1,0,duke,0.21228054,train,2026,weighted,False
Breast_MRI_600_z014,Breast_MRI_600,1,0,duke,0.21358776,train,2026,weighted,False
Breast_MRI_600_z015,Breast_MRI_600,1,0,duke,0.21168257,train,2026,weighted,False
Breast_MRI_600_z016,Breast_MRI_600,1,0,duke,0.21065387,train,2026,weighted,False
Breast_MRI_600_z017,Breast_MRI_600,1,0,duke,0.21039672,train,2026,weighted,False
Breast_MRI_600_z018,Breast_MRI_600,1,0,duke,0.20977941,train,2026,weighted,False
Breast_MRI_600_z019,Breast_MRI_600,1,0,duke,0.20781282,train,2026,weighted,False
Breast_MRI_614_z005,Breast_MRI_614,1,1,duke,0.5867177,train,2026,weighted,False
Breast_MRI_614_z006,Breast_MRI_614,1,1,duke,0.58919615,train,2026,weighted,False
Breast_MRI_614_z007,Breast_MRI_614,1,1,duke,0.58967954,train,2026,weighted,False
Breast_MRI_614_z008,Breast_MRI_614,1,1,duke,0.59069216,train,2026,weighted,False
Breast_MRI_614_z009,Breast_MRI_614,1,1,duke,0.5914243,train,2026,weighted,False
Breast_MRI_614_z010,Breast_MRI_614,1,1,duke,0.59002966,train,2026,weighted,False
Breast_MRI_614_z011,Breast_MRI_614,1,1,duke,0.58768654,train,2026,weighted,False
Breast_MRI_614_z012,Breast_MRI_614,1,1,duke,0.5895148,train,2026,weighted,False
Breast_MRI_614_z013,Breast_MRI_614,1,1,duke,0.5883501,train,2026,weighted,False
Breast_MRI_614_z014,Breast_MRI_614,1,1,duke,0.58550024,train,2026,weighted,False
Breast_MRI_633_z025,Breast_MRI_633,1,1,duke,0.20816953,train,2026,weighted,False
Breast_MRI_633_z026,Breast_MRI_633,1,1,duke,0.20853841,train,2026,weighted,False
Breast_MRI_633_z027,Breast_MRI_633,1,1,duke,0.20863377,train,2026,weighted,False
Breast_MRI_633_z028,Breast_MRI_633,1,1,duke,0.20983498,train,2026,weighted,False
Breast_MRI_633_z029,Breast_MRI_633,1,1,duke,0.20936418,train,2026,weighted,False
Breast_MRI_633_z030,Breast_MRI_633,1,1,duke,0.20945372,train,2026,weighted,False
Breast_MRI_633_z031,Breast_MRI_633,1,1,duke,0.21000265,train,2026,weighted,False
Breast_MRI_633_z032,Breast_MRI_633,1,1,duke,0.21066509,train,2026,weighted,False
Breast_MRI_633_z033,Breast_MRI_633,1,1,duke,0.21214119,train,2026,weighted,False
Breast_MRI_633_z034,Breast_MRI_633,1,1,duke,0.21270296,train,2026,weighted,False
Breast_MRI_652_z038,Breast_MRI_652,1,1,duke,0.750252,train,2026,weighted,False
Breast_MRI_652_z039,Breast_MRI_652,1,1,duke,0.75200444,train,2026,weighted,False
Breast_MRI_652_z040,Breast_MRI_652,1,1,duke,0.75371015,train,2026,weighted,False
Breast_MRI_652_z041,Breast_MRI_652,1,1,duke,0.7557381,train,2026,weighted,False
Breast_MRI_652_z042,Breast_MRI_652,1,1,duke,0.75640774,train,2026,weighted,False
Breast_MRI_652_z043,Breast_MRI_652,1,1,duke,0.75622743,train,2026,weighted,False
Breast_MRI_652_z044,Breast_MRI_652,1,1,duke,0.7580309,train,2026,weighted,False
Breast_MRI_652_z045,Breast_MRI_652,1,1,duke,0.75954753,train,2026,weighted,False
Breast_MRI_652_z046,Breast_MRI_652,1,1,duke,0.7595689,train,2026,weighted,False
Breast_MRI_652_z047,Breast_MRI_652,1,1,duke,0.76027507,train,2026,weighted,False
Breast_MRI_677_z009,Breast_MRI_677,1,0,duke,0.2713112,train,2026,weighted,False
Breast_MRI_677_z010,Breast_MRI_677,1,0,duke,0.26864022,train,2026,weighted,False
Breast_MRI_677_z011,Breast_MRI_677,1,0,duke,0.26508743,train,2026,weighted,False
Breast_MRI_677_z012,Breast_MRI_677,1,0,duke,0.26200902,train,2026,weighted,False
Breast_MRI_677_z013,Breast_MRI_677,1,0,duke,0.2598062,train,2026,weighted,False
Breast_MRI_677_z014,Breast_MRI_677,1,0,duke,0.25783172,train,2026,weighted,False
Breast_MRI_677_z015,Breast_MRI_677,1,0,duke,0.25578776,train,2026,weighted,False
Breast_MRI_677_z016,Breast_MRI_677,1,0,duke,0.253334,train,2026,weighted,False
Breast_MRI_677_z017,Breast_MRI_677,1,0,duke,0.2509084,train,2026,weighted,False
Breast_MRI_677_z018,Breast_MRI_677,1,0,duke,0.24856682,train,2026,weighted,False
Breast_MRI_687_z006,Breast_MRI_687,1,0,duke,0.78520185,train,2026,weighted,False
Breast_MRI_687_z007,Breast_MRI_687,1,0,duke,0.7856244,train,2026,weighted,False
Breast_MRI_687_z008,Breast_MRI_687,1,0,duke,0.78653806,train,2026,weighted,False
Breast_MRI_687_z009,Breast_MRI_687,1,0,duke,0.78703266,train,2026,weighted,False
Breast_MRI_687_z010,Breast_MRI_687,1,0,duke,0.78733486,train,2026,weighted,False
Breast_MRI_687_z011,Breast_MRI_687,1,0,duke,0.787626,train,2026,weighted,False
Breast_MRI_687_z012,Breast_MRI_687,1,0,duke,0.7883446,train,2026,weighted,False
Breast_MRI_687_z013,Breast_MRI_687,1,0,duke,0.7890779,train,2026,weighted,False
Breast_MRI_687_z014,Breast_MRI_687,1,0,duke,0.7903169,train,2026,weighted,False
Breast_MRI_687_z015,Breast_MRI_687,1,0,duke,0.79101586,train,2026,weighted,False
Breast_MRI_694_z025,Breast_MRI_694,1,0,duke,0.18988842,train,2026,weighted,False
Breast_MRI_694_z026,Breast_MRI_694,1,0,duke,0.18968186,train,2026,weighted,False
Breast_MRI_694_z027,Breast_MRI_694,1,0,duke,0.18980247,train,2026,weighted,False
Breast_MRI_694_z028,Breast_MRI_694,1,0,duke,0.18962425,train,2026,weighted,False
Breast_MRI_694_z029,Breast_MRI_694,1,0,duke,0.19000985,train,2026,weighted,False
Breast_MRI_694_z030,Breast_MRI_694,1,0,duke,0.18936177,train,2026,weighted,False
Breast_MRI_694_z031,Breast_MRI_694,1,0,duke,0.18878174,train,2026,weighted,False
Breast_MRI_694_z032,Breast_MRI_694,1,0,duke,0.18872483,train,2026,weighted,False
Breast_MRI_694_z033,Breast_MRI_694,1,0,duke,0.18905325,train,2026,weighted,False
Breast_MRI_694_z034,Breast_MRI_694,1,0,duke,0.1892351,train,2026,weighted,False
Breast_MRI_735_z013,Breast_MRI_735,1,1,duke,0.46689463,train,2026,weighted,False
Breast_MRI_735_z014,Breast_MRI_735,1,1,duke,0.4653011,train,2026,weighted,False
Breast_MRI_735_z015,Breast_MRI_735,1,1,duke,0.46598676,train,2026,weighted,False
Breast_MRI_735_z016,Breast_MRI_735,1,1,duke,0.46676996,train,2026,weighted,False
Breast_MRI_735_z017,Breast_MRI_735,1,1,duke,0.46807814,train,2026,weighted,False
Breast_MRI_735_z018,Breast_MRI_735,1,1,duke,0.4694158,train,2026,weighted,False
Breast_MRI_735_z019,Breast_MRI_735,1,1,duke,0.47062257,train,2026,weighted,False
Breast_MRI_735_z020,Breast_MRI_735,1,1,duke,0.47148567,train,2026,weighted,False
Breast_MRI_735_z021,Breast_MRI_735,1,1,duke,0.4718343,train,2026,weighted,False
Breast_MRI_735_z022,Breast_MRI_735,1,1,duke,0.4718589,train,2026,weighted,False
Breast_MRI_776_z052,Breast_MRI_776,1,0,duke,0.14341223,train,2026,weighted,False
Breast_MRI_776_z053,Breast_MRI_776,1,0,duke,0.14450932,train,2026,weighted,False
Breast_MRI_776_z054,Breast_MRI_776,1,0,duke,0.1445021,train,2026,weighted,False
Breast_MRI_776_z055,Breast_MRI_776,1,0,duke,0.14538598,train,2026,weighted,False
Breast_MRI_776_z056,Breast_MRI_776,1,0,duke,0.14616036,train,2026,weighted,False
Breast_MRI_776_z057,Breast_MRI_776,1,0,duke,0.14763547,train,2026,weighted,False
Breast_MRI_776_z058,Breast_MRI_776,1,0,duke,0.1487196,train,2026,weighted,False
Breast_MRI_776_z059,Breast_MRI_776,1,0,duke,0.14899859,train,2026,weighted,False
Breast_MRI_776_z060,Breast_MRI_776,1,0,duke,0.14867626,train,2026,weighted,False
Breast_MRI_776_z061,Breast_MRI_776,1,0,duke,0.1492487,train,2026,weighted,False
Breast_MRI_805_z005,Breast_MRI_805,1,0,duke,0.2636937,train,2026,weighted,False
Breast_MRI_805_z006,Breast_MRI_805,1,0,duke,0.2627981,train,2026,weighted,False
Breast_MRI_805_z007,Breast_MRI_805,1,0,duke,0.26260838,train,2026,weighted,False
Breast_MRI_805_z008,Breast_MRI_805,1,0,duke,0.26273605,train,2026,weighted,False
Breast_MRI_805_z009,Breast_MRI_805,1,0,duke,0.2627828,train,2026,weighted,False
Breast_MRI_805_z010,Breast_MRI_805,1,0,duke,0.26348653,train,2026,weighted,False
Breast_MRI_805_z011,Breast_MRI_805,1,0,duke,0.26309636,train,2026,weighted,False
Breast_MRI_805_z012,Breast_MRI_805,1,0,duke,0.26335502,train,2026,weighted,False
Breast_MRI_805_z013,Breast_MRI_805,1,0,duke,0.26352575,train,2026,weighted,False
Breast_MRI_805_z014,Breast_MRI_805,1,0,duke,0.26454148,train,2026,weighted,False
Breast_MRI_831_z030,Breast_MRI_831,1,0,duke,0.1867521,train,2026,weighted,False
Breast_MRI_831_z031,Breast_MRI_831,1,0,duke,0.18676518,train,2026,weighted,False
Breast_MRI_831_z032,Breast_MRI_831,1,0,duke,0.1871565,train,2026,weighted,False
Breast_MRI_831_z033,Breast_MRI_831,1,0,duke,0.18793827,train,2026,weighted,False
Breast_MRI_831_z034,Breast_MRI_831,1,0,duke,0.18697627,train,2026,weighted,False
Breast_MRI_831_z035,Breast_MRI_831,1,0,duke,0.18751876,train,2026,weighted,False
Breast_MRI_831_z036,Breast_MRI_831,1,0,duke,0.18676214,train,2026,weighted,False
Breast_MRI_831_z037,Breast_MRI_831,1,0,duke,0.18656899,train,2026,weighted,False
Breast_MRI_831_z038,Breast_MRI_831,1,0,duke,0.18655999,train,2026,weighted,False
Breast_MRI_831_z039,Breast_MRI_831,1,0,duke,0.18593256,train,2026,weighted,False
Breast_MRI_874_z044,Breast_MRI_874,1,0,duke,0.21911438,train,2026,weighted,False
Breast_MRI_874_z045,Breast_MRI_874,1,0,duke,0.219775,train,2026,weighted,False
Breast_MRI_874_z046,Breast_MRI_874,1,0,duke,0.21828774,train,2026,weighted,False
Breast_MRI_874_z047,Breast_MRI_874,1,0,duke,0.2215598,train,2026,weighted,False
Breast_MRI_874_z048,Breast_MRI_874,1,0,duke,0.2265064,train,2026,weighted,False
Breast_MRI_874_z049,Breast_MRI_874,1,0,duke,0.23038624,train,2026,weighted,False
Breast_MRI_874_z050,Breast_MRI_874,1,0,duke,0.23181713,train,2026,weighted,False
Breast_MRI_874_z051,Breast_MRI_874,1,0,duke,0.23267424,train,2026,weighted,False
Breast_MRI_874_z052,Breast_MRI_874,1,0,duke,0.23186354,train,2026,weighted,False
Breast_MRI_874_z053,Breast_MRI_874,1,0,duke,0.22803578,train,2026,weighted,False
Breast_MRI_883_z007,Breast_MRI_883,1,1,duke,0.45815325,train,2026,weighted,False
Breast_MRI_883_z008,Breast_MRI_883,1,1,duke,0.45905522,train,2026,weighted,False
Breast_MRI_883_z009,Breast_MRI_883,1,1,duke,0.4578325,train,2026,weighted,False
Breast_MRI_883_z010,Breast_MRI_883,1,1,duke,0.45634177,train,2026,weighted,False
Breast_MRI_883_z011,Breast_MRI_883,1,1,duke,0.4547787,train,2026,weighted,False
Breast_MRI_883_z012,Breast_MRI_883,1,1,duke,0.45580778,train,2026,weighted,False
Breast_MRI_883_z013,Breast_MRI_883,1,1,duke,0.45630255,train,2026,weighted,False
Breast_MRI_883_z014,Breast_MRI_883,1,1,duke,0.45484722,train,2026,weighted,False
Breast_MRI_883_z015,Breast_MRI_883,1,1,duke,0.4544803,train,2026,weighted,False
Breast_MRI_883_z016,Breast_MRI_883,1,1,duke,0.45691875,train,2026,weighted,False
Breast_MRI_914_z013,Breast_MRI_914,1,0,duke,0.4965227,train,2026,weighted,False
Breast_MRI_914_z014,Breast_MRI_914,1,0,duke,0.49584973,train,2026,weighted,False
Breast_MRI_914_z015,Breast_MRI_914,1,0,duke,0.49374563,train,2026,weighted,False
Breast_MRI_914_z016,Breast_MRI_914,1,0,duke,0.49232388,train,2026,weighted,False
Breast_MRI_914_z017,Breast_MRI_914,1,0,duke,0.49234867,train,2026,weighted,False
Breast_MRI_914_z018,Breast_MRI_914,1,0,duke,0.4934061,train,2026,weighted,False
Breast_MRI_914_z019,Breast_MRI_914,1,0,duke,0.49303907,train,2026,weighted,False
Breast_MRI_914_z020,Breast_MRI_914,1,0,duke,0.49095556,train,2026,weighted,False
Breast_MRI_914_z021,Breast_MRI_914,1,0,duke,0.49039635,train,2026,weighted,False
Breast_MRI_914_z022,Breast_MRI_914,1,0,duke,0.48977795,train,2026,weighted,False
ISPY2-615873_z040,ISPY2-615873,1,1,spy2,0.498623,train,2026,weighted,False
ISPY2-615873_z041,ISPY2-615873,1,1,spy2,0.5004581,train,2026,weighted,False
ISPY2-615873_z042,ISPY2-615873,1,1,spy2,0.503413,train,2026,weighted,False
ISPY2-615873_z043,ISPY2-615873,1,1,spy2,0.5062987,train,2026,weighted,False
ISPY2-615873_z044,ISPY2-615873,1,1,spy2,0.50694627,train,2026,weighted,False
ISPY2-615873_z045,ISPY2-615873,1,1,spy2,0.5079995,train,2026,weighted,False
ISPY2-615873_z046,ISPY2-615873,1,1,spy2,0.51022416,train,2026,weighted,False
ISPY2-615873_z047,ISPY2-615873,1,1,spy2,0.51249033,train,2026,weighted,False
ISPY2-615873_z048,ISPY2-615873,1,1,spy2,0.5150098,train,2026,weighted,False
ISPY2-615873_z049,ISPY2-615873,1,1,spy2,0.5177837,train,2026,weighted,False
ISPY2-607047_z027,ISPY2-607047,1,1,spy2,0.17740147,train,2026,weighted,False
ISPY2-607047_z028,ISPY2-607047,1,1,spy2,0.1774463,train,2026,weighted,False
ISPY2-607047_z029,ISPY2-607047,1,1,spy2,0.17706674,train,2026,weighted,False
ISPY2-607047_z030,ISPY2-607047,1,1,spy2,0.17609806,train,2026,weighted,False
ISPY2-607047_z031,ISPY2-607047,1,1,spy2,0.17546865,train,2026,weighted,False
ISPY2-607047_z033,ISPY2-607047,1,1,spy2,0.17501445,train,2026,weighted,False
ISPY2-607047_z034,ISPY2-607047,1,1,spy2,0.17456271,train,2026,weighted,False
ISPY2-607047_z035,ISPY2-607047,1,1,spy2,0.17464927,train,2026,weighted,False
ISPY2-607047_z036,ISPY2-607047,1,1,spy2,0.17441763,train,2026,weighted,False
ISPY2-607047_z037,ISPY2-607047,1,1,spy2,0.17453922,train,2026,weighted,False
ACRIN-6698-373346_z014,ACRIN-6698-373346,1,0,spy2,0.20403828,train,2026,weighted,False
ACRIN-6698-373346_z016,ACRIN-6698-373346,1,0,spy2,0.20924121,train,2026,weighted,False
ACRIN-6698-373346_z019,ACRIN-6698-373346,1,0,spy2,0.19987604,train,2026,weighted,False
ACRIN-6698-373346_z020,ACRIN-6698-373346,1,0,spy2,0.19769362,train,2026,weighted,False
ACRIN-6698-373346_z021,ACRIN-6698-373346,1,0,spy2,0.1971237,train,2026,weighted,False
ACRIN-6698-373346_z022,ACRIN-6698-373346,1,0,spy2,0.19580908,train,2026,weighted,False
ACRIN-6698-373346_z023,ACRIN-6698-373346,1,0,spy2,0.19631514,train,2026,weighted,False
ACRIN-6698-373346_z024,ACRIN-6698-373346,1,0,spy2,0.19561498,train,2026,weighted,False
ACRIN-6698-373346_z025,ACRIN-6698-373346,1,0,spy2,0.19379117,train,2026,weighted,False
ACRIN-6698-373346_z026,ACRIN-6698-373346,1,0,spy2,0.19198264,train,2026,weighted,False
ISPY2-395076_z011,ISPY2-395076,1,1,spy2,0.5410486,train,2026,weighted,False
ISPY2-395076_z012,ISPY2-395076,1,1,spy2,0.53962016,train,2026,weighted,False
ISPY2-395076_z013,ISPY2-395076,1,1,spy2,0.539524,train,2026,weighted,False
ISPY2-395076_z014,ISPY2-395076,1,1,spy2,0.54059553,train,2026,weighted,False
ISPY2-395076_z015,ISPY2-395076,1,1,spy2,0.54330707,train,2026,weighted,False
ISPY2-395076_z022,ISPY2-395076,1,1,spy2,0.5408601,train,2026,weighted,False
ISPY2-395076_z023,ISPY2-395076,1,1,spy2,0.5414435,train,2026,weighted,False
ISPY2-395076_z024,ISPY2-395076,1,1,spy2,0.5427804,train,2026,weighted,False
ISPY2-395076_z025,ISPY2-395076,1,1,spy2,0.5463349,train,2026,weighted,False
ISPY2-395076_z026,ISPY2-395076,1,1,spy2,0.5523985,train,2026,weighted,False
ISPY2-625800_z023,ISPY2-625800,1,0,spy2,0.34753442,train,2026,weighted,False
ISPY2-625800_z024,ISPY2-625800,1,0,spy2,0.3429146,train,2026,weighted,False
ISPY2-625800_z025,ISPY2-625800,1,0,spy2,0.34219405,train,2026,weighted,False
ISPY2-625800_z026,ISPY2-625800,1,0,spy2,0.3429563,train,2026,weighted,False
ISPY2-625800_z027,ISPY2-625800,1,0,spy2,0.34275502,train,2026,weighted,False
ISPY2-625800_z028,ISPY2-625800,1,0,spy2,0.3474217,train,2026,weighted,False
ISPY2-625800_z029,ISPY2-625800,1,0,spy2,0.3469376,train,2026,weighted,False
ISPY2-625800_z030,ISPY2-625800,1,0,spy2,0.34582257,train,2026,weighted,False
ISPY2-625800_z031,ISPY2-625800,1,0,spy2,0.3467922,train,2026,weighted,False
ISPY2-625800_z032,ISPY2-625800,1,0,spy2,0.34906003,train,2026,weighted,False
ISPY2-109623_z011,ISPY2-109623,1,0,spy2,0.2671541,train,2026,weighted,False
ISPY2-109623_z012,ISPY2-109623,1,0,spy2,0.26815632,train,2026,weighted,False
ISPY2-109623_z013,ISPY2-109623,1,0,spy2,0.27015305,train,2026,weighted,False
ISPY2-109623_z014,ISPY2-109623,1,0,spy2,0.27111876,train,2026,weighted,False
ISPY2-109623_z015,ISPY2-109623,1,0,spy2,0.27227733,train,2026,weighted,False
ISPY2-109623_z016,ISPY2-109623,1,0,spy2,0.2736774,train,2026,weighted,False
ISPY2-109623_z017,ISPY2-109623,1,0,spy2,0.27385142,train,2026,weighted,False
ISPY2-109623_z018,ISPY2-109623,1,0,spy2,0.2747884,train,2026,weighted,False
ISPY2-109623_z019,ISPY2-109623,1,0,spy2,0.2762177,train,2026,weighted,False
ISPY2-109623_z020,ISPY2-109623,1,0,spy2,0.27778554,train,2026,weighted,False
ISPY2-153327_z004,ISPY2-153327,1,1,spy2,0.5304352,train,2026,weighted,False
ISPY2-153327_z005,ISPY2-153327,1,1,spy2,0.52243096,train,2026,weighted,False
ISPY2-153327_z006,ISPY2-153327,1,1,spy2,0.5170658,train,2026,weighted,False
ISPY2-153327_z007,ISPY2-153327,1,1,spy2,0.5132423,train,2026,weighted,False
ISPY2-153327_z008,ISPY2-153327,1,1,spy2,0.5101829,train,2026,weighted,False
ISPY2-153327_z009,ISPY2-153327,1,1,spy2,0.50969064,train,2026,weighted,False
ISPY2-153327_z010,ISPY2-153327,1,1,spy2,0.5111821,train,2026,weighted,False
ISPY2-153327_z011,ISPY2-153327,1,1,spy2,0.5133462,train,2026,weighted,False
ISPY2-153327_z012,ISPY2-153327,1,1,spy2,0.5191556,train,2026,weighted,False
ISPY2-153327_z013,ISPY2-153327,1,1,spy2,0.5333957,train,2026,weighted,False
ISPY2-494296_z020,ISPY2-494296,1,0,spy2,0.1949938,train,2026,weighted,False
ISPY2-494296_z021,ISPY2-494296,1,0,spy2,0.19493602,train,2026,weighted,False
ISPY2-494296_z023,ISPY2-494296,1,0,spy2,0.19402972,train,2026,weighted,False
ISPY2-494296_z024,ISPY2-494296,1,0,spy2,0.1924515,train,2026,weighted,False
ISPY2-494296_z025,ISPY2-494296,1,0,spy2,0.19156533,train,2026,weighted,False
ISPY2-494296_z026,ISPY2-494296,1,0,spy2,0.19171031,train,2026,weighted,False
ISPY2-494296_z027,ISPY2-494296,1,0,spy2,0.19190261,train,2026,weighted,False
ISPY2-494296_z028,ISPY2-494296,1,0,spy2,0.19204187,train,2026,weighted,False
ISPY2-494296_z029,ISPY2-494296,1,0,spy2,0.1897919,train,2026,weighted,False
ISPY2-494296_z030,ISPY2-494296,1,0,spy2,0.1902647,train,2026,weighted,False
ISPY2-196024_z025,ISPY2-196024,1,0,spy2,0.29640648,train,2026,weighted,False
ISPY2-196024_z026,ISPY2-196024,1,0,spy2,0.29546213,train,2026,weighted,False
ISPY2-196024_z027,ISPY2-196024,1,0,spy2,0.2938696,train,2026,weighted,False
ISPY2-196024_z028,ISPY2-196024,1,0,spy2,0.2930207,train,2026,weighted,False
ISPY2-196024_z029,ISPY2-196024,1,0,spy2,0.29246807,train,2026,weighted,False
ISPY2-196024_z030,ISPY2-196024,1,0,spy2,0.29257488,train,2026,weighted,False
ISPY2-196024_z031,ISPY2-196024,1,0,spy2,0.29168573,train,2026,weighted,False
ISPY2-196024_z032,ISPY2-196024,1,0,spy2,0.2910523,train,2026,weighted,False
ISPY2-196024_z033,ISPY2-196024,1,0,spy2,0.29154366,train,2026,weighted,False
ISPY2-196024_z034,ISPY2-196024,1,0,spy2,0.29240635,train,2026,weighted,False
ACRIN-6698-884011_z006,ACRIN-6698-884011,1,0,spy2,0.19957705,train,2026,weighted,False
ACRIN-6698-884011_z007,ACRIN-6698-884011,1,0,spy2,0.19792877,train,2026,weighted,False
ACRIN-6698-884011_z008,ACRIN-6698-884011,1,0,spy2,0.19651471,train,2026,weighted,False
ACRIN-6698-884011_z009,ACRIN-6698-884011,1,0,spy2,0.19405915,train,2026,weighted,False
ACRIN-6698-884011_z010,ACRIN-6698-884011,1,0,spy2,0.1928619,train,2026,weighted,False
ACRIN-6698-884011_z011,ACRIN-6698-884011,1,0,spy2,0.19282937,train,2026,weighted,False
ACRIN-6698-884011_z012,ACRIN-6698-884011,1,0,spy2,0.19264339,train,2026,weighted,False
ACRIN-6698-884011_z013,ACRIN-6698-884011,1,0,spy2,0.1930057,train,2026,weighted,False
ACRIN-6698-884011_z014,ACRIN-6698-884011,1,0,spy2,0.19291328,train,2026,weighted,False
ACRIN-6698-884011_z015,ACRIN-6698-884011,1,0,spy2,0.19253547,train,2026,weighted,False
ISPY2-213328_z006,ISPY2-213328,1,1,spy2,0.62690836,train,2026,weighted,False
ISPY2-213328_z007,ISPY2-213328,1,1,spy2,0.62668437,train,2026,weighted,False
ISPY2-213328_z008,ISPY2-213328,1,1,spy2,0.6168416,train,2026,weighted,False
ISPY2-213328_z009,ISPY2-213328,1,1,spy2,0.612464,train,2026,weighted,False
ISPY2-213328_z010,ISPY2-213328,1,1,spy2,0.60957915,train,2026,weighted,False
ISPY2-213328_z011,ISPY2-213328,1,1,spy2,0.604469,train,2026,weighted,False
ISPY2-213328_z012,ISPY2-213328,1,1,spy2,0.598886,train,2026,weighted,False
ISPY2-213328_z013,ISPY2-213328,1,1,spy2,0.59084487,train,2026,weighted,False
ISPY2-213328_z014,ISPY2-213328,1,1,spy2,0.5992493,train,2026,weighted,False
ISPY2-213328_z015,ISPY2-213328,1,1,spy2,0.6111417,train,2026,weighted,False
ISPY2-131595_z007,ISPY2-131595,1,0,spy2,0.20911588,train,2026,weighted,False
ISPY2-131595_z008,ISPY2-131595,1,0,spy2,0.21239026,train,2026,weighted,False
ISPY2-131595_z009,ISPY2-131595,1,0,spy2,0.21656655,train,2026,weighted,False
ISPY2-131595_z010,ISPY2-131595,1,0,spy2,0.22242774,train,2026,weighted,False
ISPY2-131595_z011,ISPY2-131595,1,0,spy2,0.23150454,train,2026,weighted,False
ISPY2-131595_z012,ISPY2-131595,1,0,spy2,0.24900086,train,2026,weighted,False
ISPY2-131595_z013,ISPY2-131595,1,0,spy2,0.2561313,train,2026,weighted,False
ISPY2-131595_z014,ISPY2-131595,1,0,spy2,0.25976917,train,2026,weighted,False
ISPY2-131595_z015,ISPY2-131595,1,0,spy2,0.2621856,train,2026,weighted,False
ISPY2-131595_z016,ISPY2-131595,1,0,spy2,0.26441577,train,2026,weighted,False
ISPY2-279902_z006,ISPY2-279902,1,1,spy2,0.25965157,train,2026,weighted,False
ISPY2-279902_z007,ISPY2-279902,1,1,spy2,0.25835332,train,2026,weighted,False
ISPY2-279902_z008,ISPY2-279902,1,1,spy2,0.25625768,train,2026,weighted,False
ISPY2-279902_z009,ISPY2-279902,1,1,spy2,0.25175446,train,2026,weighted,False
ISPY2-279902_z010,ISPY2-279902,1,1,spy2,0.24959226,train,2026,weighted,False
ISPY2-279902_z011,ISPY2-279902,1,1,spy2,0.24802285,train,2026,weighted,False
ISPY2-279902_z012,ISPY2-279902,1,1,spy2,0.25099167,train,2026,weighted,False
ISPY2-279902_z013,ISPY2-279902,1,1,spy2,0.25858542,train,2026,weighted,False
ISPY2-279902_z014,ISPY2-279902,1,1,spy2,0.26584262,train,2026,weighted,False
ISPY2-279902_z019,ISPY2-279902,1,1,spy2,0.2817269,train,2026,weighted,False
ACRIN-6698-638126_z036,ACRIN-6698-638126,1,0,spy2,0.13838822,train,2026,weighted,False
ACRIN-6698-638126_z037,ACRIN-6698-638126,1,0,spy2,0.13802911,train,2026,weighted,False
ACRIN-6698-638126_z038,ACRIN-6698-638126,1,0,spy2,0.13689701,train,2026,weighted,False
ACRIN-6698-638126_z039,ACRIN-6698-638126,1,0,spy2,0.13646217,train,2026,weighted,False
ACRIN-6698-638126_z040,ACRIN-6698-638126,1,0,spy2,0.13658763,train,2026,weighted,False
ACRIN-6698-638126_z041,ACRIN-6698-638126,1,0,spy2,0.13633391,train,2026,weighted,False
ACRIN-6698-638126_z042,ACRIN-6698-638126,1,0,spy2,0.13729511,train,2026,weighted,False
ACRIN-6698-638126_z043,ACRIN-6698-638126,1,0,spy2,0.13734311,train,2026,weighted,False
ACRIN-6698-638126_z046,ACRIN-6698-638126,1,0,spy2,0.13596433,train,2026,weighted,False
ACRIN-6698-638126_z047,ACRIN-6698-638126,1,0,spy2,0.1358132,train,2026,weighted,False
ISPY2-311455_z007,ISPY2-311455,1,0,spy2,0.22208832,train,2026,weighted,False
ISPY2-311455_z008,ISPY2-311455,1,0,spy2,0.21893524,train,2026,weighted,False
ISPY2-311455_z009,ISPY2-311455,1,0,spy2,0.21589173,train,2026,weighted,False
ISPY2-311455_z010,ISPY2-311455,1,0,spy2,0.21455501,train,2026,weighted,False
ISPY2-311455_z011,ISPY2-311455,1,0,spy2,0.21423133,train,2026,weighted,False
ISPY2-311455_z012,ISPY2-311455,1,0,spy2,0.2141768,train,2026,weighted,False
ISPY2-311455_z013,ISPY2-311455,1,0,spy2,0.21388105,train,2026,weighted,False
ISPY2-311455_z014,ISPY2-311455,1,0,spy2,0.213473,train,2026,weighted,False
ISPY2-311455_z015,ISPY2-311455,1,0,spy2,0.21369231,train,2026,weighted,False
ISPY2-311455_z016,ISPY2-311455,1,0,spy2,0.21354942,train,2026,weighted,False
ACRIN-6698-663144_z014,ACRIN-6698-663144,1,0,spy2,0.19284777,train,2026,weighted,False
ACRIN-6698-663144_z015,ACRIN-6698-663144,1,0,spy2,0.1903829,train,2026,weighted,False
ACRIN-6698-663144_z016,ACRIN-6698-663144,1,0,spy2,0.18958575,train,2026,weighted,False
ACRIN-6698-663144_z017,ACRIN-6698-663144,1,0,spy2,0.18873042,train,2026,weighted,False
ACRIN-6698-663144_z018,ACRIN-6698-663144,1,0,spy2,0.19141543,train,2026,weighted,False
ACRIN-6698-663144_z019,ACRIN-6698-663144,1,0,spy2,0.19188073,train,2026,weighted,False
ACRIN-6698-663144_z020,ACRIN-6698-663144,1,0,spy2,0.19353402,train,2026,weighted,False
ACRIN-6698-663144_z021,ACRIN-6698-663144,1,0,spy2,0.19585949,train,2026,weighted,False
ACRIN-6698-663144_z022,ACRIN-6698-663144,1,0,spy2,0.19710015,train,2026,weighted,False
ACRIN-6698-663144_z023,ACRIN-6698-663144,1,0,spy2,0.19802754,train,2026,weighted,False
ISPY2-355292_z007,ISPY2-355292,1,0,spy2,0.23496717,train,2026,weighted,False
ISPY2-355292_z008,ISPY2-355292,1,0,spy2,0.23510604,train,2026,weighted,False
ISPY2-355292_z009,ISPY2-355292,1,0,spy2,0.23558225,train,2026,weighted,False
ISPY2-355292_z010,ISPY2-355292,1,0,spy2,0.23636724,train,2026,weighted,False
ISPY2-355292_z011,ISPY2-355292,1,0,spy2,0.23686871,train,2026,weighted,False
ISPY2-355292_z012,ISPY2-355292,1,0,spy2,0.23857196,train,2026,weighted,False
ISPY2-355292_z013,ISPY2-355292,1,0,spy2,0.24022833,train,2026,weighted,False
ISPY2-355292_z014,ISPY2-355292,1,0,spy2,0.24144776,train,2026,weighted,False
ISPY2-355292_z015,ISPY2-355292,1,0,spy2,0.24290006,train,2026,weighted,False
ISPY2-355292_z016,ISPY2-355292,1,0,spy2,0.24569987,train,2026,weighted,False
ISPY2-708387_z016,ISPY2-708387,1,1,spy2,0.556585,train,2026,weighted,False
ISPY2-708387_z017,ISPY2-708387,1,1,spy2,0.5574218,train,2026,weighted,False
ISPY2-708387_z018,ISPY2-708387,1,1,spy2,0.5572898,train,2026,weighted,False
ISPY2-708387_z019,ISPY2-708387,1,1,spy2,0.55697495,train,2026,weighted,False
ISPY2-708387_z020,ISPY2-708387,1,1,spy2,0.5567186,train,2026,weighted,False
ISPY2-708387_z021,ISPY2-708387,1,1,spy2,0.55684716,train,2026,weighted,False
ISPY2-708387_z022,ISPY2-708387,1,1,spy2,0.5565724,train,2026,weighted,False
ISPY2-708387_z023,ISPY2-708387,1,1,spy2,0.5562215,train,2026,weighted,False
ISPY2-708387_z024,ISPY2-708387,1,1,spy2,0.55644983,train,2026,weighted,False
ISPY2-708387_z026,ISPY2-708387,1,1,spy2,0.5567275,train,2026,weighted,False
ISPY2-735673_z014,ISPY2-735673,1,0,spy2,0.14692144,train,2026,weighted,False
ISPY2-735673_z015,ISPY2-735673,1,0,spy2,0.1482826,train,2026,weighted,False
ISPY2-735673_z016,ISPY2-735673,1,0,spy2,0.15053977,train,2026,weighted,False
ISPY2-735673_z017,ISPY2-735673,1,0,spy2,0.14869176,train,2026,weighted,False
ISPY2-735673_z018,ISPY2-735673,1,0,spy2,0.14654006,train,2026,weighted,False
ISPY2-735673_z019,ISPY2-735673,1,0,spy2,0.14503562,train,2026,weighted,False
ISPY2-735673_z020,ISPY2-735673,1,0,spy2,0.14601183,train,2026,weighted,False
ISPY2-735673_z021,ISPY2-735673,1,0,spy2,0.14776386,train,2026,weighted,False
ISPY2-735673_z022,ISPY2-735673,1,0,spy2,0.14969249,train,2026,weighted,False
ISPY2-735673_z023,ISPY2-735673,1,0,spy2,0.15106015,train,2026,weighted,False
ACRIN-6698-139973_z009,ACRIN-6698-139973,1,0,spy2,0.25096914,train,2026,weighted,False
ACRIN-6698-139973_z010,ACRIN-6698-139973,1,0,spy2,0.25073215,train,2026,weighted,False
ACRIN-6698-139973_z011,ACRIN-6698-139973,1,0,spy2,0.2501471,train,2026,weighted,False
ACRIN-6698-139973_z012,ACRIN-6698-139973,1,0,spy2,0.2511963,train,2026,weighted,False
ACRIN-6698-139973_z013,ACRIN-6698-139973,1,0,spy2,0.25342268,train,2026,weighted,False
ACRIN-6698-139973_z014,ACRIN-6698-139973,1,0,spy2,0.25409,train,2026,weighted,False
ACRIN-6698-139973_z015,ACRIN-6698-139973,1,0,spy2,0.2566536,train,2026,weighted,False
ACRIN-6698-139973_z016,ACRIN-6698-139973,1,0,spy2,0.2572068,train,2026,weighted,False
ACRIN-6698-139973_z018,ACRIN-6698-139973,1,0,spy2,0.25797144,train,2026,weighted,False
ACRIN-6698-139973_z019,ACRIN-6698-139973,1,0,spy2,0.25783068,train,2026,weighted,False
ACRIN-6698-963604_z021,ACRIN-6698-963604,1,0,spy2,0.17032105,train,2026,weighted,False
ACRIN-6698-963604_z022,ACRIN-6698-963604,1,0,spy2,0.16945176,train,2026,weighted,False
ACRIN-6698-963604_z023,ACRIN-6698-963604,1,0,spy2,0.16941996,train,2026,weighted,False
ACRIN-6698-963604_z024,ACRIN-6698-963604,1,0,spy2,0.17091404,train,2026,weighted,False
ACRIN-6698-963604_z025,ACRIN-6698-963604,1,0,spy2,0.17205949,train,2026,weighted,False
ACRIN-6698-963604_z026,ACRIN-6698-963604,1,0,spy2,0.17316294,train,2026,weighted,False
ACRIN-6698-963604_z027,ACRIN-6698-963604,1,0,spy2,0.17436214,train,2026,weighted,False
ACRIN-6698-963604_z028,ACRIN-6698-963604,1,0,spy2,0.1752858,train,2026,weighted,False
ACRIN-6698-963604_z029,ACRIN-6698-963604,1,0,spy2,0.17579302,train,2026,weighted,False
ACRIN-6698-963604_z030,ACRIN-6698-963604,1,0,spy2,0.17650037,train,2026,weighted,False
ISPY2-227832_z029,ISPY2-227832,1,0,spy2,0.33140305,train,2026,weighted,False
ISPY2-227832_z030,ISPY2-227832,1,0,spy2,0.33185962,train,2026,weighted,False
ISPY2-227832_z031,ISPY2-227832,1,0,spy2,0.33024707,train,2026,weighted,False
ISPY2-227832_z032,ISPY2-227832,1,0,spy2,0.32738185,train,2026,weighted,False
ISPY2-227832_z033,ISPY2-227832,1,0,spy2,0.32638362,train,2026,weighted,False
ISPY2-227832_z034,ISPY2-227832,1,0,spy2,0.32703742,train,2026,weighted,False
ISPY2-227832_z035,ISPY2-227832,1,0,spy2,0.3275861,train,2026,weighted,False
ISPY2-227832_z036,ISPY2-227832,1,0,spy2,0.32837173,train,2026,weighted,False
ISPY2-227832_z037,ISPY2-227832,1,0,spy2,0.32953906,train,2026,weighted,False
ISPY2-227832_z038,ISPY2-227832,1,0,spy2,0.33181927,train,2026,weighted,False
ISPY2-247641_z004,ISPY2-247641,1,0,spy2,0.51213044,train,2026,weighted,False
ISPY2-247641_z005,ISPY2-247641,1,0,spy2,0.5050652,train,2026,weighted,False
ISPY2-247641_z006,ISPY2-247641,1,0,spy2,0.5012587,train,2026,weighted,False
ISPY2-247641_z007,ISPY2-247641,1,0,spy2,0.4996775,train,2026,weighted,False
ISPY2-247641_z008,ISPY2-247641,1,0,spy2,0.49439117,train,2026,weighted,False
ISPY2-247641_z009,ISPY2-247641,1,0,spy2,0.49343535,train,2026,weighted,False
ISPY2-247641_z010,ISPY2-247641,1,0,spy2,0.49151537,train,2026,weighted,False
ISPY2-247641_z011,ISPY2-247641,1,0,spy2,0.49072528,train,2026,weighted,False
ISPY2-247641_z012,ISPY2-247641,1,0,spy2,0.49721885,train,2026,weighted,False
ISPY2-247641_z013,ISPY2-247641,1,0,spy2,0.505034,train,2026,weighted,False
ISPY2-703401_z006,ISPY2-703401,1,0,spy2,0.2848212,train,2026,weighted,False
ISPY2-703401_z007,ISPY2-703401,1,0,spy2,0.28510505,train,2026,weighted,False
ISPY2-703401_z008,ISPY2-703401,1,0,spy2,0.28504828,train,2026,weighted,False
ISPY2-703401_z009,ISPY2-703401,1,0,spy2,0.28392866,train,2026,weighted,False
ISPY2-703401_z010,ISPY2-703401,1,0,spy2,0.28313586,train,2026,weighted,False
ISPY2-703401_z011,ISPY2-703401,1,0,spy2,0.28235465,train,2026,weighted,False
ISPY2-703401_z012,ISPY2-703401,1,0,spy2,0.28376696,train,2026,weighted,False
ISPY2-703401_z013,ISPY2-703401,1,0,spy2,0.28585464,train,2026,weighted,False
ISPY2-703401_z014,ISPY2-703401,1,0,spy2,0.29018462,train,2026,weighted,False
ISPY2-703401_z015,ISPY2-703401,1,0,spy2,0.29361218,train,2026,weighted,False
ACRIN-6698-285339_z020,ACRIN-6698-285339,1,1,spy2,0.7042395,train,2026,weighted,False
ACRIN-6698-285339_z021,ACRIN-6698-285339,1,1,spy2,0.70266396,train,2026,weighted,False
ACRIN-6698-285339_z022,ACRIN-6698-285339,1,1,spy2,0.7014842,train,2026,weighted,False
ACRIN-6698-285339_z023,ACRIN-6698-285339,1,1,spy2,0.7003379,train,2026,weighted,False
ACRIN-6698-285339_z024,ACRIN-6698-285339,1,1,spy2,0.6999602,train,2026,weighted,False
ACRIN-6698-285339_z025,ACRIN-6698-285339,1,1,spy2,0.70049816,train,2026,weighted,False
ACRIN-6698-285339_z026,ACRIN-6698-285339,1,1,spy2,0.7011518,train,2026,weighted,False
ACRIN-6698-285339_z027,ACRIN-6698-285339,1,1,spy2,0.7009019,train,2026,weighted,False
ACRIN-6698-285339_z028,ACRIN-6698-285339,1,1,spy2,0.7004638,train,2026,weighted,False
ACRIN-6698-285339_z029,ACRIN-6698-285339,1,1,spy2,0.70144063,train,2026,weighted,False
ISPY2-164468_z030,ISPY2-164468,1,0,spy2,0.36702335,train,2026,weighted,False
ISPY2-164468_z031,ISPY2-164468,1,0,spy2,0.366142,train,2026,weighted,False
ISPY2-164468_z032,ISPY2-164468,1,0,spy2,0.3642247,train,2026,weighted,False
ISPY2-164468_z033,ISPY2-164468,1,0,spy2,0.36281502,train,2026,weighted,False
ISPY2-164468_z034,ISPY2-164468,1,0,spy2,0.36226687,train,2026,weighted,False
ISPY2-164468_z035,ISPY2-164468,1,0,spy2,0.3624111,train,2026,weighted,False
ISPY2-164468_z036,ISPY2-164468,1,0,spy2,0.36306846,train,2026,weighted,False
ISPY2-164468_z037,ISPY2-164468,1,0,spy2,0.36349973,train,2026,weighted,False
ISPY2-164468_z038,ISPY2-164468,1,0,spy2,0.36376122,train,2026,weighted,False
ISPY2-164468_z039,ISPY2-164468,1,0,spy2,0.36510912,train,2026,weighted,False
ISPY2-483667_z027,ISPY2-483667,1,0,spy2,0.4616527,train,2026,weighted,False
ISPY2-483667_z028,ISPY2-483667,1,0,spy2,0.4632089,train,2026,weighted,False
ISPY2-483667_z029,ISPY2-483667,1,0,spy2,0.46392488,train,2026,weighted,False
ISPY2-483667_z031,ISPY2-483667,1,0,spy2,0.46341568,train,2026,weighted,False
ISPY2-483667_z032,ISPY2-483667,1,0,spy2,0.46129408,train,2026,weighted,False
ISPY2-483667_z033,ISPY2-483667,1,0,spy2,0.4569364,train,2026,weighted,False
ISPY2-483667_z034,ISPY2-483667,1,0,spy2,0.45288923,train,2026,weighted,False
ISPY2-483667_z035,ISPY2-483667,1,0,spy2,0.44996318,train,2026,weighted,False
ISPY2-483667_z037,ISPY2-483667,1,0,spy2,0.4521916,train,2026,weighted,False
ISPY2-483667_z038,ISPY2-483667,1,0,spy2,0.45143142,train,2026,weighted,False
ACRIN-6698-793155_z006,ACRIN-6698-793155,1,0,spy2,0.2309689,train,2026,weighted,False
ACRIN-6698-793155_z007,ACRIN-6698-793155,1,0,spy2,0.23239219,train,2026,weighted,False
ACRIN-6698-793155_z008,ACRIN-6698-793155,1,0,spy2,0.23357701,train,2026,weighted,False
ACRIN-6698-793155_z009,ACRIN-6698-793155,1,0,spy2,0.23436187,train,2026,weighted,False
ACRIN-6698-793155_z010,ACRIN-6698-793155,1,0,spy2,0.2350632,train,2026,weighted,False
ACRIN-6698-793155_z011,ACRIN-6698-793155,1,0,spy2,0.2346521,train,2026,weighted,False
ACRIN-6698-793155_z012,ACRIN-6698-793155,1,0,spy2,0.23574284,train,2026,weighted,False
ACRIN-6698-793155_z013,ACRIN-6698-793155,1,0,spy2,0.23707214,train,2026,weighted,False
ACRIN-6698-793155_z014,ACRIN-6698-793155,1,0,spy2,0.23960619,train,2026,weighted,False
ACRIN-6698-793155_z015,ACRIN-6698-793155,1,0,spy2,0.2403236,train,2026,weighted,False
ACRIN-6698-490805_z003,ACRIN-6698-490805,1,1,spy2,0.5291512,train,2026,weighted,False
ACRIN-6698-490805_z004,ACRIN-6698-490805,1,1,spy2,0.5303308,train,2026,weighted,False
ACRIN-6698-490805_z005,ACRIN-6698-490805,1,1,spy2,0.5294131,train,2026,weighted,False
ACRIN-6698-490805_z006,ACRIN-6698-490805,1,1,spy2,0.5296599,train,2026,weighted,False
ACRIN-6698-490805_z007,ACRIN-6698-490805,1,1,spy2,0.53222543,train,2026,weighted,False
ACRIN-6698-490805_z008,ACRIN-6698-490805,1,1,spy2,0.5329393,train,2026,weighted,False
ACRIN-6698-490805_z009,ACRIN-6698-490805,1,1,spy2,0.5340122,train,2026,weighted,False
ACRIN-6698-490805_z010,ACRIN-6698-490805,1,1,spy2,0.535503,train,2026,weighted,False
ACRIN-6698-490805_z011,ACRIN-6698-490805,1,1,spy2,0.53495866,train,2026,weighted,False
ACRIN-6698-490805_z012,ACRIN-6698-490805,1,1,spy2,0.53592116,train,2026,weighted,False
ISPY2-891645_z009,ISPY2-891645,1,0,spy2,0.80500996,train,2026,weighted,False
ISPY2-891645_z010,ISPY2-891645,1,0,spy2,0.80293256,train,2026,weighted,False
ISPY2-891645_z011,ISPY2-891645,1,0,spy2,0.80175704,train,2026,weighted,False
ISPY2-891645_z012,ISPY2-891645,1,0,spy2,0.80088377,train,2026,weighted,False
ISPY2-891645_z013,ISPY2-891645,1,0,spy2,0.8013818,train,2026,weighted,False
ISPY2-891645_z014,ISPY2-891645,1,0,spy2,0.8038906,train,2026,weighted,False
ISPY2-891645_z015,ISPY2-891645,1,0,spy2,0.8077099,train,2026,weighted,False
ISPY2-891645_z016,ISPY2-891645,1,0,spy2,0.8115107,train,2026,weighted,False
ISPY2-891645_z017,ISPY2-891645,1,0,spy2,0.81399167,train,2026,weighted,False
ISPY2-891645_z018,ISPY2-891645,1,0,spy2,0.8165108,train,2026,weighted,False
ISPY2-527581_z014,ISPY2-527581,1,0,spy2,0.44522506,train,2026,weighted,False
ISPY2-527581_z015,ISPY2-527581,1,0,spy2,0.4452225,train,2026,weighted,False
ISPY2-527581_z016,ISPY2-527581,1,0,spy2,0.44205123,train,2026,weighted,False
ISPY2-527581_z017,ISPY2-527581,1,0,spy2,0.4399157,train,2026,weighted,False
ISPY2-527581_z018,ISPY2-527581,1,0,spy2,0.4404058,train,2026,weighted,False
ISPY2-527581_z019,ISPY2-527581,1,0,spy2,0.44249594,train,2026,weighted,False
ISPY2-527581_z020,ISPY2-527581,1,0,spy2,0.44362226,train,2026,weighted,False
ISPY2-527581_z021,ISPY2-527581,1,0,spy2,0.44491854,train,2026,weighted,False
ISPY2-527581_z022,ISPY2-527581,1,0,spy2,0.44491145,train,2026,weighted,False
ISPY2-527581_z023,ISPY2-527581,1,0,spy2,0.44661015,train,2026,weighted,False
ISPY2-410083_z005,ISPY2-410083,1,1,spy2,0.79818285,train,2026,weighted,False
ISPY2-410083_z006,ISPY2-410083,1,1,spy2,0.7924394,train,2026,weighted,False
ISPY2-410083_z007,ISPY2-410083,1,1,spy2,0.7863863,train,2026,weighted,False
ISPY2-410083_z008,ISPY2-410083,1,1,spy2,0.7788308,train,2026,weighted,False
ISPY2-410083_z009,ISPY2-410083,1,1,spy2,0.77553546,train,2026,weighted,False
ISPY2-410083_z010,ISPY2-410083,1,1,spy2,0.7752772,train,2026,weighted,False
ISPY2-410083_z011,ISPY2-410083,1,1,spy2,0.78056914,train,2026,weighted,False
ISPY2-410083_z012,ISPY2-410083,1,1,spy2,0.7843934,train,2026,weighted,False
ISPY2-410083_z013,ISPY2-410083,1,1,spy2,0.7879478,train,2026,weighted,False
ISPY2-410083_z017,ISPY2-410083,1,1,spy2,0.7979935,train,2026,weighted,False
ISPY2-830486_z025,ISPY2-830486,1,0,spy2,0.570968,train,2026,weighted,False
ISPY2-830486_z026,ISPY2-830486,1,0,spy2,0.56960684,train,2026,weighted,False
ISPY2-830486_z027,ISPY2-830486,1,0,spy2,0.56786615,train,2026,weighted,False
ISPY2-830486_z028,ISPY2-830486,1,0,spy2,0.56849086,train,2026,weighted,False
ISPY2-830486_z029,ISPY2-830486,1,0,spy2,0.570501,train,2026,weighted,False
ISPY2-830486_z030,ISPY2-830486,1,0,spy2,0.57102793,train,2026,weighted,False
ISPY2-830486_z031,ISPY2-830486,1,0,spy2,0.57191426,train,2026,weighted,False
ISPY2-830486_z032,ISPY2-830486,1,0,spy2,0.5726343,train,2026,weighted,False
ISPY2-830486_z033,ISPY2-830486,1,0,spy2,0.5737243,train,2026,weighted,False
ISPY2-830486_z034,ISPY2-830486,1,0,spy2,0.5759208,train,2026,weighted,False
ISPY2-510543_z014,ISPY2-510543,1,0,spy2,0.18930969,train,2026,weighted,False
ISPY2-510543_z015,ISPY2-510543,1,0,spy2,0.19054791,train,2026,weighted,False
ISPY2-510543_z016,ISPY2-510543,1,0,spy2,0.1904932,train,2026,weighted,False
ISPY2-510543_z017,ISPY2-510543,1,0,spy2,0.18763207,train,2026,weighted,False
ISPY2-510543_z018,ISPY2-510543,1,0,spy2,0.18430889,train,2026,weighted,False
ISPY2-510543_z019,ISPY2-510543,1,0,spy2,0.18129955,train,2026,weighted,False
ISPY2-510543_z020,ISPY2-510543,1,0,spy2,0.18032472,train,2026,weighted,False
ISPY2-510543_z021,ISPY2-510543,1,0,spy2,0.1807684,train,2026,weighted,False
ISPY2-510543_z022,ISPY2-510543,1,0,spy2,0.18128671,train,2026,weighted,False
ISPY2-510543_z023,ISPY2-510543,1,0,spy2,0.1821278,train,2026,weighted,False
ISPY2-477994_z014,ISPY2-477994,1,1,spy2,0.48240545,train,2026,weighted,False
ISPY2-477994_z015,ISPY2-477994,1,1,spy2,0.48145902,train,2026,weighted,False
ISPY2-477994_z016,ISPY2-477994,1,1,spy2,0.48144096,train,2026,weighted,False
ISPY2-477994_z017,ISPY2-477994,1,1,spy2,0.48308685,train,2026,weighted,False
ISPY2-477994_z018,ISPY2-477994,1,1,spy2,0.48430443,train,2026,weighted,False
ISPY2-477994_z019,ISPY2-477994,1,1,spy2,0.48454776,train,2026,weighted,False
ISPY2-477994_z025,ISPY2-477994,1,1,spy2,0.48375425,train,2026,weighted,False
ISPY2-477994_z026,ISPY2-477994,1,1,spy2,0.48285043,train,2026,weighted,False
ISPY2-477994_z027,ISPY2-477994,1,1,spy2,0.4840139,train,2026,weighted,False
ISPY2-477994_z028,ISPY2-477994,1,1,spy2,0.4852409,train,2026,weighted,False
ACRIN-6698-913527_z012,ACRIN-6698-913527,1,0,spy2,0.5266849,train,2026,weighted,False
ACRIN-6698-913527_z013,ACRIN-6698-913527,1,0,spy2,0.5257846,train,2026,weighted,False
ACRIN-6698-913527_z014,ACRIN-6698-913527,1,0,spy2,0.5253198,train,2026,weighted,False
ACRIN-6698-913527_z015,ACRIN-6698-913527,1,0,spy2,0.5251035,train,2026,weighted,False
ACRIN-6698-913527_z016,ACRIN-6698-913527,1,0,spy2,0.52464813,train,2026,weighted,False
ACRIN-6698-913527_z017,ACRIN-6698-913527,1,0,spy2,0.52407163,train,2026,weighted,False
ACRIN-6698-913527_z018,ACRIN-6698-913527,1,0,spy2,0.52311504,train,2026,weighted,False
ACRIN-6698-913527_z019,ACRIN-6698-913527,1,0,spy2,0.52415717,train,2026,weighted,False
ACRIN-6698-913527_z020,ACRIN-6698-913527,1,0,spy2,0.52516097,train,2026,weighted,False
ACRIN-6698-913527_z021,ACRIN-6698-913527,1,0,spy2,0.5262098,train,2026,weighted,False
ISPY2-259899_z022,ISPY2-259899,1,0,spy2,0.49323806,train,2026,weighted,False
ISPY2-259899_z023,ISPY2-259899,1,0,spy2,0.48983404,train,2026,weighted,False
ISPY2-259899_z024,ISPY2-259899,1,0,spy2,0.48885438,train,2026,weighted,False
ISPY2-259899_z025,ISPY2-259899,1,0,spy2,0.49025717,train,2026,weighted,False
ISPY2-259899_z026,ISPY2-259899,1,0,spy2,0.49096003,train,2026,weighted,False
ISPY2-259899_z027,ISPY2-259899,1,0,spy2,0.492143,train,2026,weighted,False
ISPY2-259899_z028,ISPY2-259899,1,0,spy2,0.49462107,train,2026,weighted,False
ISPY2-259899_z029,ISPY2-259899,1,0,spy2,0.49563912,train,2026,weighted,False
ISPY2-259899_z030,ISPY2-259899,1,0,spy2,0.49565595,train,2026,weighted,False
ISPY2-259899_z031,ISPY2-259899,1,0,spy2,0.49470904,train,2026,weighted,False
ACRIN-6698-866660_z014,ACRIN-6698-866660,1,0,spy2,0.21886086,train,2026,weighted,False
ACRIN-6698-866660_z015,ACRIN-6698-866660,1,0,spy2,0.21879236,train,2026,weighted,False
ACRIN-6698-866660_z016,ACRIN-6698-866660,1,0,spy2,0.2194404,train,2026,weighted,False
ACRIN-6698-866660_z017,ACRIN-6698-866660,1,0,spy2,0.21941616,train,2026,weighted,False
ACRIN-6698-866660_z018,ACRIN-6698-866660,1,0,spy2,0.21954675,train,2026,weighted,False
ACRIN-6698-866660_z021,ACRIN-6698-866660,1,0,spy2,0.22237071,train,2026,weighted,False
ACRIN-6698-866660_z022,ACRIN-6698-866660,1,0,spy2,0.22356355,train,2026,weighted,False
ACRIN-6698-866660_z023,ACRIN-6698-866660,1,0,spy2,0.22430465,train,2026,weighted,False
ACRIN-6698-866660_z024,ACRIN-6698-866660,1,0,spy2,0.2249592,train,2026,weighted,False
ACRIN-6698-866660_z025,ACRIN-6698-866660,1,0,spy2,0.22536625,train,2026,weighted,False
ISPY2-550157_z006,ISPY2-550157,1,1,spy2,0.45839033,train,2026,weighted,False
ISPY2-550157_z007,ISPY2-550157,1,1,spy2,0.4485,train,2026,weighted,False
ISPY2-550157_z008,ISPY2-550157,1,1,spy2,0.44542184,train,2026,weighted,False
ISPY2-550157_z009,ISPY2-550157,1,1,spy2,0.44435197,train,2026,weighted,False
ISPY2-550157_z010,ISPY2-550157,1,1,spy2,0.44202247,train,2026,weighted,False
ISPY2-550157_z011,ISPY2-550157,1,1,spy2,0.439562,train,2026,weighted,False
ISPY2-550157_z012,ISPY2-550157,1,1,spy2,0.44061267,train,2026,weighted,False
ISPY2-550157_z013,ISPY2-550157,1,1,spy2,0.44229186,train,2026,weighted,False
ISPY2-550157_z014,ISPY2-550157,1,1,spy2,0.44540504,train,2026,weighted,False
ISPY2-550157_z015,ISPY2-550157,1,1,spy2,0.45184046,train,2026,weighted,False
ACRIN-6698-188700_z017,ACRIN-6698-188700,1,1,spy2,0.48870057,train,2026,weighted,False
ACRIN-6698-188700_z018,ACRIN-6698-188700,1,1,spy2,0.4884098,train,2026,weighted,False
ACRIN-6698-188700_z019,ACRIN-6698-188700,1,1,spy2,0.48885494,train,2026,weighted,False
ACRIN-6698-188700_z020,ACRIN-6698-188700,1,1,spy2,0.48983657,train,2026,weighted,False
ACRIN-6698-188700_z021,ACRIN-6698-188700,1,1,spy2,0.4904514,train,2026,weighted,False
ACRIN-6698-188700_z022,ACRIN-6698-188700,1,1,spy2,0.4905418,train,2026,weighted,False
ACRIN-6698-188700_z023,ACRIN-6698-188700,1,1,spy2,0.490568,train,2026,weighted,False
ACRIN-6698-188700_z024,ACRIN-6698-188700,1,1,spy2,0.49192604,train,2026,weighted,False
ACRIN-6698-188700_z025,ACRIN-6698-188700,1,1,spy2,0.49346653,train,2026,weighted,False
ACRIN-6698-188700_z026,ACRIN-6698-188700,1,1,spy2,0.49485442,train,2026,weighted,False
ISPY2-504838_z032,ISPY2-504838,1,0,spy2,0.4245629,train,2026,weighted,False
ISPY2-504838_z033,ISPY2-504838,1,0,spy2,0.4233484,train,2026,weighted,False
ISPY2-504838_z034,ISPY2-504838,1,0,spy2,0.42222756,train,2026,weighted,False
ISPY2-504838_z035,ISPY2-504838,1,0,spy2,0.4230516,train,2026,weighted,False
ISPY2-504838_z036,ISPY2-504838,1,0,spy2,0.4208414,train,2026,weighted,False
ISPY2-504838_z037,ISPY2-504838,1,0,spy2,0.42001548,train,2026,weighted,False
ISPY2-504838_z038,ISPY2-504838,1,0,spy2,0.4193336,train,2026,weighted,False
ISPY2-504838_z039,ISPY2-504838,1,0,spy2,0.4196832,train,2026,weighted,False
ISPY2-504838_z040,ISPY2-504838,1,0,spy2,0.41836464,train,2026,weighted,False
ISPY2-504838_z041,ISPY2-504838,1,0,spy2,0.41741776,train,2026,weighted,False
ISPY2-122287_z039,ISPY2-122287,1,1,spy2,0.30151388,train,2026,weighted,False
ISPY2-122287_z040,ISPY2-122287,1,1,spy2,0.30117735,train,2026,weighted,False
ISPY2-122287_z041,ISPY2-122287,1,1,spy2,0.30020463,train,2026,weighted,False
ISPY2-122287_z042,ISPY2-122287,1,1,spy2,0.29914698,train,2026,weighted,False
ISPY2-122287_z043,ISPY2-122287,1,1,spy2,0.29883257,train,2026,weighted,False
ISPY2-122287_z044,ISPY2-122287,1,1,spy2,0.29905507,train,2026,weighted,False
ISPY2-122287_z045,ISPY2-122287,1,1,spy2,0.2987255,train,2026,weighted,False
ISPY2-122287_z046,ISPY2-122287,1,1,spy2,0.2990076,train,2026,weighted,False
ISPY2-122287_z047,ISPY2-122287,1,1,spy2,0.29954267,train,2026,weighted,False
ISPY2-122287_z048,ISPY2-122287,1,1,spy2,0.2995335,train,2026,weighted,False
ISPY2-894491_z028,ISPY2-894491,1,0,spy2,0.17584513,train,2026,weighted,False
ISPY2-894491_z029,ISPY2-894491,1,0,spy2,0.17336108,train,2026,weighted,False
ISPY2-894491_z030,ISPY2-894491,1,0,spy2,0.17129283,train,2026,weighted,False
ISPY2-894491_z031,ISPY2-894491,1,0,spy2,0.16965978,train,2026,weighted,False
ISPY2-894491_z032,ISPY2-894491,1,0,spy2,0.16698673,train,2026,weighted,False
ISPY2-894491_z033,ISPY2-894491,1,0,spy2,0.16567944,train,2026,weighted,False
ISPY2-894491_z034,ISPY2-894491,1,0,spy2,0.16600755,train,2026,weighted,False
ISPY2-894491_z035,ISPY2-894491,1,0,spy2,0.16791722,train,2026,weighted,False
ISPY2-894491_z036,ISPY2-894491,1,0,spy2,0.16817524,train,2026,weighted,False
ISPY2-894491_z037,ISPY2-894491,1,0,spy2,0.1705512,train,2026,weighted,False
ISPY2-489194_z007,ISPY2-489194,1,1,spy2,0.2754656,train,2026,weighted,False
ISPY2-489194_z008,ISPY2-489194,1,1,spy2,0.2794711,train,2026,weighted,False
ISPY2-489194_z009,ISPY2-489194,1,1,spy2,0.28056297,train,2026,weighted,False
ISPY2-489194_z010,ISPY2-489194,1,1,spy2,0.28153947,train,2026,weighted,False
ISPY2-489194_z011,ISPY2-489194,1,1,spy2,0.28439403,train,2026,weighted,False
ISPY2-489194_z012,ISPY2-489194,1,1,spy2,0.2824426,train,2026,weighted,False
ISPY2-489194_z013,ISPY2-489194,1,1,spy2,0.28132263,train,2026,weighted,False
ISPY2-489194_z014,ISPY2-489194,1,1,spy2,0.2795088,train,2026,weighted,False
ISPY2-489194_z015,ISPY2-489194,1,1,spy2,0.27702194,train,2026,weighted,False
ISPY2-489194_z016,ISPY2-489194,1,1,spy2,0.277911,train,2026,weighted,False
ISPY2-674897_z002,ISPY2-674897,1,0,spy2,0.599836,train,2026,weighted,False
ISPY2-674897_z003,ISPY2-674897,1,0,spy2,0.5997866,train,2026,weighted,False
ISPY2-674897_z004,ISPY2-674897,1,0,spy2,0.59858626,train,2026,weighted,False
ISPY2-674897_z005,ISPY2-674897,1,0,spy2,0.59614366,train,2026,weighted,False
ISPY2-674897_z006,ISPY2-674897,1,0,spy2,0.5931753,train,2026,weighted,False
ISPY2-674897_z007,ISPY2-674897,1,0,spy2,0.5902507,train,2026,weighted,False
ISPY2-674897_z008,ISPY2-674897,1,0,spy2,0.5915912,train,2026,weighted,False
ISPY2-674897_z009,ISPY2-674897,1,0,spy2,0.5922835,train,2026,weighted,False
ISPY2-674897_z010,ISPY2-674897,1,0,spy2,0.59469414,train,2026,weighted,False
ISPY2-674897_z011,ISPY2-674897,1,0,spy2,0.6005134,train,2026,weighted,False
ACRIN-6698-991818_z011,ACRIN-6698-991818,1,1,spy2,0.4369908,train,2026,weighted,False
ACRIN-6698-991818_z012,ACRIN-6698-991818,1,1,spy2,0.4335172,train,2026,weighted,False
ACRIN-6698-991818_z013,ACRIN-6698-991818,1,1,spy2,0.4331401,train,2026,weighted,False
ACRIN-6698-991818_z014,ACRIN-6698-991818,1,1,spy2,0.43680352,train,2026,weighted,False
ACRIN-6698-991818_z015,ACRIN-6698-991818,1,1,spy2,0.4422658,train,2026,weighted,False
ACRIN-6698-991818_z016,ACRIN-6698-991818,1,1,spy2,0.44146028,train,2026,weighted,False
ACRIN-6698-991818_z017,ACRIN-6698-991818,1,1,spy2,0.44100323,train,2026,weighted,False
ACRIN-6698-991818_z018,ACRIN-6698-991818,1,1,spy2,0.44311446,train,2026,weighted,False
ACRIN-6698-991818_z019,ACRIN-6698-991818,1,1,spy2,0.44656846,train,2026,weighted,False
ACRIN-6698-991818_z020,ACRIN-6698-991818,1,1,spy2,0.45054173,train,2026,weighted,False
ISPY2-157270_z023,ISPY2-157270,1,0,spy2,0.40884492,train,2026,weighted,False
ISPY2-157270_z024,ISPY2-157270,1,0,spy2,0.4105027,train,2026,weighted,False
ISPY2-157270_z025,ISPY2-157270,1,0,spy2,0.40987545,train,2026,weighted,False
ISPY2-157270_z030,ISPY2-157270,1,0,spy2,0.41464606,train,2026,weighted,False
ISPY2-157270_z031,ISPY2-157270,1,0,spy2,0.41368726,train,2026,weighted,False
ISPY2-157270_z032,ISPY2-157270,1,0,spy2,0.4128518,train,2026,weighted,False
ISPY2-157270_z033,ISPY2-157270,1,0,spy2,0.4123352,train,2026,weighted,False
ISPY2-157270_z034,ISPY2-157270,1,0,spy2,0.41111654,train,2026,weighted,False
ISPY2-157270_z035,ISPY2-157270,1,0,spy2,0.41218257,train,2026,weighted,False
ISPY2-157270_z036,ISPY2-157270,1,0,spy2,0.41427442,train,2026,weighted,False
ISPY2-943879_z018,ISPY2-943879,1,1,spy2,0.51186454,train,2026,weighted,False
ISPY2-943879_z019,ISPY2-943879,1,1,spy2,0.5081161,train,2026,weighted,False
ISPY2-943879_z020,ISPY2-943879,1,1,spy2,0.5041561,train,2026,weighted,False
ISPY2-943879_z021,ISPY2-943879,1,1,spy2,0.49961966,train,2026,weighted,False
ISPY2-943879_z022,ISPY2-943879,1,1,spy2,0.49794024,train,2026,weighted,False
ISPY2-943879_z023,ISPY2-943879,1,1,spy2,0.50236106,train,2026,weighted,False
ISPY2-943879_z024,ISPY2-943879,1,1,spy2,0.50279397,train,2026,weighted,False
ISPY2-943879_z025,ISPY2-943879,1,1,spy2,0.50336325,train,2026,weighted,False
ISPY2-943879_z026,ISPY2-943879,1,1,spy2,0.5063307,train,2026,weighted,False
ISPY2-943879_z027,ISPY2-943879,1,1,spy2,0.5110568,train,2026,weighted,False
ISPY2-601489_z067,ISPY2-601489,1,0,spy2,0.54985994,train,2026,weighted,False
ISPY2-601489_z068,ISPY2-601489,1,0,spy2,0.54994166,train,2026,weighted,False
ISPY2-601489_z069,ISPY2-601489,1,0,spy2,0.5491879,train,2026,weighted,False
ISPY2-601489_z070,ISPY2-601489,1,0,spy2,0.5480617,train,2026,weighted,False
ISPY2-601489_z071,ISPY2-601489,1,0,spy2,0.5477115,train,2026,weighted,False
ISPY2-601489_z072,ISPY2-601489,1,0,spy2,0.5487763,train,2026,weighted,False
ISPY2-601489_z073,ISPY2-601489,1,0,spy2,0.5507309,train,2026,weighted,False
ISPY2-601489_z074,ISPY2-601489,1,0,spy2,0.5541761,train,2026,weighted,False
ISPY2-601489_z076,ISPY2-601489,1,0,spy2,0.565406,train,2026,weighted,False
ISPY2-601489_z077,ISPY2-601489,1,0,spy2,0.5719954,train,2026,weighted,False
ISPY2-415039_z044,ISPY2-415039,1,0,spy2,0.36543426,train,2026,weighted,False
ISPY2-415039_z045,ISPY2-415039,1,0,spy2,0.36339286,train,2026,weighted,False
ISPY2-415039_z046,ISPY2-415039,1,0,spy2,0.36135855,train,2026,weighted,False
ISPY2-415039_z047,ISPY2-415039,1,0,spy2,0.3617644,train,2026,weighted,False
ISPY2-415039_z048,ISPY2-415039,1,0,spy2,0.3635434,train,2026,weighted,False
ISPY2-415039_z049,ISPY2-415039,1,0,spy2,0.36260515,train,2026,weighted,False
ISPY2-415039_z050,ISPY2-415039,1,0,spy2,0.3600939,train,2026,weighted,False
ISPY2-415039_z051,ISPY2-415039,1,0,spy2,0.35948843,train,2026,weighted,False
ISPY2-415039_z052,ISPY2-415039,1,0,spy2,0.36082038,train,2026,weighted,False
ISPY2-415039_z053,ISPY2-415039,1,0,spy2,0.36143613,train,2026,weighted,False
ISPY2-930853_z021,ISPY2-930853,1,1,spy2,0.30040994,train,2026,weighted,False
ISPY2-930853_z022,ISPY2-930853,1,1,spy2,0.2986936,train,2026,weighted,False
ISPY2-930853_z023,ISPY2-930853,1,1,spy2,0.2980568,train,2026,weighted,False
ISPY2-930853_z024,ISPY2-930853,1,1,spy2,0.29755345,train,2026,weighted,False
ISPY2-930853_z025,ISPY2-930853,1,1,spy2,0.2972632,train,2026,weighted,False
ISPY2-930853_z026,ISPY2-930853,1,1,spy2,0.29792047,train,2026,weighted,False
ISPY2-930853_z027,ISPY2-930853,1,1,spy2,0.29830068,train,2026,weighted,False
ISPY2-930853_z028,ISPY2-930853,1,1,spy2,0.29955137,train,2026,weighted,False
ISPY2-930853_z029,ISPY2-930853,1,1,spy2,0.2995651,train,2026,weighted,False
ISPY2-930853_z030,ISPY2-930853,1,1,spy2,0.30036888,train,2026,weighted,False
ACRIN-6698-409288_z008,ACRIN-6698-409288,1,0,spy2,0.4586456,train,2026,weighted,False
ACRIN-6698-409288_z009,ACRIN-6698-409288,1,0,spy2,0.46521562,train,2026,weighted,False
ACRIN-6698-409288_z010,ACRIN-6698-409288,1,0,spy2,0.45193276,train,2026,weighted,False
ACRIN-6698-409288_z011,ACRIN-6698-409288,1,0,spy2,0.44766566,train,2026,weighted,False
ACRIN-6698-409288_z012,ACRIN-6698-409288,1,0,spy2,0.44422024,train,2026,weighted,False
ACRIN-6698-409288_z013,ACRIN-6698-409288,1,0,spy2,0.44570753,train,2026,weighted,False
ACRIN-6698-409288_z014,ACRIN-6698-409288,1,0,spy2,0.4512379,train,2026,weighted,False
ACRIN-6698-409288_z015,ACRIN-6698-409288,1,0,spy2,0.45237115,train,2026,weighted,False
ACRIN-6698-409288_z016,ACRIN-6698-409288,1,0,spy2,0.46094078,train,2026,weighted,False
ACRIN-6698-409288_z017,ACRIN-6698-409288,1,0,spy2,0.46824482,train,2026,weighted,False
ISPY2-714205_z014,ISPY2-714205,1,1,spy2,0.423213,train,2026,weighted,False
ISPY2-714205_z015,ISPY2-714205,1,1,spy2,0.4147829,train,2026,weighted,False
ISPY2-714205_z016,ISPY2-714205,1,1,spy2,0.41298705,train,2026,weighted,False
ISPY2-714205_z017,ISPY2-714205,1,1,spy2,0.41436335,train,2026,weighted,False
ISPY2-714205_z018,ISPY2-714205,1,1,spy2,0.41132197,train,2026,weighted,False
ISPY2-714205_z019,ISPY2-714205,1,1,spy2,0.41346306,train,2026,weighted,False
ISPY2-714205_z020,ISPY2-714205,1,1,spy2,0.41751438,train,2026,weighted,False
ISPY2-714205_z021,ISPY2-714205,1,1,spy2,0.42148387,train,2026,weighted,False
ISPY2-714205_z022,ISPY2-714205,1,1,spy2,0.42942572,train,2026,weighted,False
ISPY2-714205_z023,ISPY2-714205,1,1,spy2,0.43093967,train,2026,weighted,False
ACRIN-6698-296123_z019,ACRIN-6698-296123,1,1,spy2,0.51645714,train,2026,weighted,False
ACRIN-6698-296123_z021,ACRIN-6698-296123,1,1,spy2,0.5149736,train,2026,weighted,False
ACRIN-6698-296123_z022,ACRIN-6698-296123,1,1,spy2,0.5145347,train,2026,weighted,False
ACRIN-6698-296123_z023,ACRIN-6698-296123,1,1,spy2,0.51202786,train,2026,weighted,False
ACRIN-6698-296123_z024,ACRIN-6698-296123,1,1,spy2,0.50925374,train,2026,weighted,False
ACRIN-6698-296123_z025,ACRIN-6698-296123,1,1,spy2,0.50548226,train,2026,weighted,False
ACRIN-6698-296123_z026,ACRIN-6698-296123,1,1,spy2,0.5006507,train,2026,weighted,False
ACRIN-6698-296123_z027,ACRIN-6698-296123,1,1,spy2,0.49679568,train,2026,weighted,False
ACRIN-6698-296123_z028,ACRIN-6698-296123,1,1,spy2,0.49507883,train,2026,weighted,False
ACRIN-6698-296123_z029,ACRIN-6698-296123,1,1,spy2,0.49604622,train,2026,weighted,False
ISPY2-759418_z006,ISPY2-759418,1,0,spy2,0.22818127,train,2026,weighted,False
ISPY2-759418_z007,ISPY2-759418,1,0,spy2,0.22821961,train,2026,weighted,False
ISPY2-759418_z008,ISPY2-759418,1,0,spy2,0.22856,train,2026,weighted,False
ISPY2-759418_z009,ISPY2-759418,1,0,spy2,0.2300802,train,2026,weighted,False
ISPY2-759418_z010,ISPY2-759418,1,0,spy2,0.23205997,train,2026,weighted,False
ISPY2-759418_z011,ISPY2-759418,1,0,spy2,0.23565373,train,2026,weighted,False
ISPY2-759418_z012,ISPY2-759418,1,0,spy2,0.23997737,train,2026,weighted,False
ISPY2-759418_z013,ISPY2-759418,1,0,spy2,0.2454132,train,2026,weighted,False
ISPY2-759418_z014,ISPY2-759418,1,0,spy2,0.2517815,train,2026,weighted,False
ISPY2-759418_z015,ISPY2-759418,1,0,spy2,0.2581883,train,2026,weighted,False
ACRIN-6698-760901_z011,ACRIN-6698-760901,1,1,spy2,0.5240353,train,2026,weighted,False
ACRIN-6698-760901_z012,ACRIN-6698-760901,1,1,spy2,0.5247567,train,2026,weighted,False
ACRIN-6698-760901_z013,ACRIN-6698-760901,1,1,spy2,0.5268632,train,2026,weighted,False
ACRIN-6698-760901_z014,ACRIN-6698-760901,1,1,spy2,0.5320813,train,2026,weighted,False
ACRIN-6698-760901_z015,ACRIN-6698-760901,1,1,spy2,0.53709245,train,2026,weighted,False
ACRIN-6698-760901_z016,ACRIN-6698-760901,1,1,spy2,0.53710586,train,2026,weighted,False
ACRIN-6698-760901_z017,ACRIN-6698-760901,1,1,spy2,0.5382822,train,2026,weighted,False
ACRIN-6698-760901_z018,ACRIN-6698-760901,1,1,spy2,0.5415735,train,2026,weighted,False
ACRIN-6698-760901_z019,ACRIN-6698-760901,1,1,spy2,0.54273933,train,2026,weighted,False
ACRIN-6698-760901_z020,ACRIN-6698-760901,1,1,spy2,0.5445295,train,2026,weighted,False
ACRIN-6698-748583_z003,ACRIN-6698-748583,1,0,spy2,0.19676097,train,2026,weighted,False
ACRIN-6698-748583_z004,ACRIN-6698-748583,1,0,spy2,0.19834886,train,2026,weighted,False
ACRIN-6698-748583_z005,ACRIN-6698-748583,1,0,spy2,0.1992054,train,2026,weighted,False
ACRIN-6698-748583_z006,ACRIN-6698-748583,1,0,spy2,0.19851829,train,2026,weighted,False
ACRIN-6698-748583_z007,ACRIN-6698-748583,1,0,spy2,0.19623306,train,2026,weighted,False
ACRIN-6698-748583_z008,ACRIN-6698-748583,1,0,spy2,0.19403365,train,2026,weighted,False
ACRIN-6698-748583_z009,ACRIN-6698-748583,1,0,spy2,0.1935332,train,2026,weighted,False
ACRIN-6698-748583_z010,ACRIN-6698-748583,1,0,spy2,0.19644183,train,2026,weighted,False
ACRIN-6698-748583_z011,ACRIN-6698-748583,1,0,spy2,0.20026875,train,2026,weighted,False
ACRIN-6698-748583_z012,ACRIN-6698-748583,1,0,spy2,0.20308697,train,2026,weighted,False
ISPY2-655703_z013,ISPY2-655703,1,0,spy2,0.24437039,train,2026,weighted,False
ISPY2-655703_z014,ISPY2-655703,1,0,spy2,0.24444547,train,2026,weighted,False
ISPY2-655703_z015,ISPY2-655703,1,0,spy2,0.24623995,train,2026,weighted,False
ISPY2-655703_z016,ISPY2-655703,1,0,spy2,0.24767928,train,2026,weighted,False
ISPY2-655703_z017,ISPY2-655703,1,0,spy2,0.2475406,train,2026,weighted,False
ISPY2-655703_z018,ISPY2-655703,1,0,spy2,0.24926685,train,2026,weighted,False
ISPY2-655703_z019,ISPY2-655703,1,0,spy2,0.24998933,train,2026,weighted,False
ISPY2-655703_z020,ISPY2-655703,1,0,spy2,0.24991727,train,2026,weighted,False
ISPY2-655703_z021,ISPY2-655703,1,0,spy2,0.25019804,train,2026,weighted,False
ISPY2-655703_z022,ISPY2-655703,1,0,spy2,0.25014558,train,2026,weighted,False
ISPY2-201831_z009,ISPY2-201831,1,1,spy2,0.616447,train,2026,weighted,False
ISPY2-201831_z010,ISPY2-201831,1,1,spy2,0.6146308,train,2026,weighted,False
ISPY2-201831_z011,ISPY2-201831,1,1,spy2,0.6124867,train,2026,weighted,False
ISPY2-201831_z012,ISPY2-201831,1,1,spy2,0.6111533,train,2026,weighted,False
ISPY2-201831_z013,ISPY2-201831,1,1,spy2,0.61146545,train,2026,weighted,False
ISPY2-201831_z014,ISPY2-201831,1,1,spy2,0.61180055,train,2026,weighted,False
ISPY2-201831_z015,ISPY2-201831,1,1,spy2,0.61035204,train,2026,weighted,False
ISPY2-201831_z016,ISPY2-201831,1,1,spy2,0.6073175,train,2026,weighted,False
ISPY2-201831_z017,ISPY2-201831,1,1,spy2,0.6062465,train,2026,weighted,False
ISPY2-201831_z018,ISPY2-201831,1,1,spy2,0.6075387,train,2026,weighted,False
ISPY2-687733_z006,ISPY2-687733,1,0,spy2,0.2017128,train,2026,weighted,False
ISPY2-687733_z007,ISPY2-687733,1,0,spy2,0.20413211,train,2026,weighted,False
ISPY2-687733_z008,ISPY2-687733,1,0,spy2,0.20630506,train,2026,weighted,False
ISPY2-687733_z009,ISPY2-687733,1,0,spy2,0.20592046,train,2026,weighted,False
ISPY2-687733_z010,ISPY2-687733,1,0,spy2,0.20416573,train,2026,weighted,False
ISPY2-687733_z011,ISPY2-687733,1,0,spy2,0.20358971,train,2026,weighted,False
ISPY2-687733_z012,ISPY2-687733,1,0,spy2,0.20490043,train,2026,weighted,False
ISPY2-687733_z013,ISPY2-687733,1,0,spy2,0.20495455,train,2026,weighted,False
ISPY2-687733_z014,ISPY2-687733,1,0,spy2,0.20763926,train,2026,weighted,False
ISPY2-687733_z015,ISPY2-687733,1,0,spy2,0.21328929,train,2026,weighted,False
ACRIN-6698-275034_z008,ACRIN-6698-275034,1,1,spy2,0.5611667,train,2026,weighted,False
ACRIN-6698-275034_z009,ACRIN-6698-275034,1,1,spy2,0.562388,train,2026,weighted,False
ACRIN-6698-275034_z010,ACRIN-6698-275034,1,1,spy2,0.56481737,train,2026,weighted,False
ACRIN-6698-275034_z011,ACRIN-6698-275034,1,1,spy2,0.56711805,train,2026,weighted,False
ACRIN-6698-275034_z012,ACRIN-6698-275034,1,1,spy2,0.5677521,train,2026,weighted,False
ACRIN-6698-275034_z013,ACRIN-6698-275034,1,1,spy2,0.5670489,train,2026,weighted,False
ACRIN-6698-275034_z014,ACRIN-6698-275034,1,1,spy2,0.5650191,train,2026,weighted,False
ACRIN-6698-275034_z015,ACRIN-6698-275034,1,1,spy2,0.56214964,train,2026,weighted,False
ACRIN-6698-275034_z016,ACRIN-6698-275034,1,1,spy2,0.5584933,train,2026,weighted,False
ACRIN-6698-275034_z017,ACRIN-6698-275034,1,1,spy2,0.55424225,train,2026,weighted,False
ACRIN-6698-219545_z024,ACRIN-6698-219545,1,0,spy2,0.42811638,train,2026,weighted,False
ACRIN-6698-219545_z025,ACRIN-6698-219545,1,0,spy2,0.4257242,train,2026,weighted,False
ACRIN-6698-219545_z026,ACRIN-6698-219545,1,0,spy2,0.42109507,train,2026,weighted,False
ACRIN-6698-219545_z027,ACRIN-6698-219545,1,0,spy2,0.41863173,train,2026,weighted,False
ACRIN-6698-219545_z028,ACRIN-6698-219545,1,0,spy2,0.41815564,train,2026,weighted,False
ACRIN-6698-219545_z029,ACRIN-6698-219545,1,0,spy2,0.42026213,train,2026,weighted,False
ACRIN-6698-219545_z030,ACRIN-6698-219545,1,0,spy2,0.4189438,train,2026,weighted,False
ACRIN-6698-219545_z031,ACRIN-6698-219545,1,0,spy2,0.4191396,train,2026,weighted,False
ACRIN-6698-219545_z032,ACRIN-6698-219545,1,0,spy2,0.42046693,train,2026,weighted,False
ACRIN-6698-219545_z033,ACRIN-6698-219545,1,0,spy2,0.42425427,train,2026,weighted,False
ACRIN-6698-721099_z015,ACRIN-6698-721099,1,0,spy2,0.47286314,train,2026,weighted,False
ACRIN-6698-721099_z016,ACRIN-6698-721099,1,0,spy2,0.4713111,train,2026,weighted,False
ACRIN-6698-721099_z017,ACRIN-6698-721099,1,0,spy2,0.4694971,train,2026,weighted,False
ACRIN-6698-721099_z018,ACRIN-6698-721099,1,0,spy2,0.4668516,train,2026,weighted,False
ACRIN-6698-721099_z019,ACRIN-6698-721099,1,0,spy2,0.46421212,train,2026,weighted,False
ACRIN-6698-721099_z020,ACRIN-6698-721099,1,0,spy2,0.46447325,train,2026,weighted,False
ACRIN-6698-721099_z021,ACRIN-6698-721099,1,0,spy2,0.46765494,train,2026,weighted,False
ACRIN-6698-721099_z022,ACRIN-6698-721099,1,0,spy2,0.4707979,train,2026,weighted,False
ACRIN-6698-721099_z023,ACRIN-6698-721099,1,0,spy2,0.47404727,train,2026,weighted,False
ACRIN-6698-721099_z024,ACRIN-6698-721099,1,0,spy2,0.47837314,train,2026,weighted,False
ACRIN-6698-653927_z006,ACRIN-6698-653927,1,1,spy2,0.4999848,train,2026,weighted,False
ACRIN-6698-653927_z007,ACRIN-6698-653927,1,1,spy2,0.49979815,train,2026,weighted,False
ACRIN-6698-653927_z008,ACRIN-6698-653927,1,1,spy2,0.50112695,train,2026,weighted,False
ACRIN-6698-653927_z009,ACRIN-6698-653927,1,1,spy2,0.50139266,train,2026,weighted,False
ACRIN-6698-653927_z010,ACRIN-6698-653927,1,1,spy2,0.502182,train,2026,weighted,False
ACRIN-6698-653927_z011,ACRIN-6698-653927,1,1,spy2,0.5045856,train,2026,weighted,False
ACRIN-6698-653927_z013,ACRIN-6698-653927,1,1,spy2,0.5096161,train,2026,weighted,False
ACRIN-6698-653927_z014,ACRIN-6698-653927,1,1,spy2,0.51217294,train,2026,weighted,False
ACRIN-6698-653927_z015,ACRIN-6698-653927,1,1,spy2,0.5156574,train,2026,weighted,False
ACRIN-6698-653927_z016,ACRIN-6698-653927,1,1,spy2,0.5191504,train,2026,weighted,False
ISPY2-318293_z007,ISPY2-318293,1,0,spy2,0.26793948,train,2026,weighted,False
ISPY2-318293_z008,ISPY2-318293,1,0,spy2,0.2708174,train,2026,weighted,False
ISPY2-318293_z009,ISPY2-318293,1,0,spy2,0.27348047,train,2026,weighted,False
ISPY2-318293_z010,ISPY2-318293,1,0,spy2,0.27279022,train,2026,weighted,False
ISPY2-318293_z011,ISPY2-318293,1,0,spy2,0.27090868,train,2026,weighted,False
ISPY2-318293_z012,ISPY2-318293,1,0,spy2,0.26885873,train,2026,weighted,False
ISPY2-318293_z013,ISPY2-318293,1,0,spy2,0.2685698,train,2026,weighted,False
ISPY2-318293_z014,ISPY2-318293,1,0,spy2,0.268769,train,2026,weighted,False
ISPY2-318293_z015,ISPY2-318293,1,0,spy2,0.2691393,train,2026,weighted,False
ISPY2-318293_z016,ISPY2-318293,1,0,spy2,0.27032682,train,2026,weighted,False
ISPY2-539904_z002,ISPY2-539904,1,0,spy2,0.42909026,train,2026,weighted,False
ISPY2-539904_z004,ISPY2-539904,1,0,spy2,0.42892328,train,2026,weighted,False
ISPY2-539904_z010,ISPY2-539904,1,0,spy2,0.4327227,train,2026,weighted,False
ISPY2-539904_z011,ISPY2-539904,1,0,spy2,0.4287162,train,2026,weighted,False
ISPY2-539904_z012,ISPY2-539904,1,0,spy2,0.42566642,train,2026,weighted,False
ISPY2-539904_z013,ISPY2-539904,1,0,spy2,0.42273355,train,2026,weighted,False
ISPY2-539904_z014,ISPY2-539904,1,0,spy2,0.42305785,train,2026,weighted,False
ISPY2-539904_z015,ISPY2-539904,1,0,spy2,0.4294091,train,2026,weighted,False
ISPY2-539904_z016,ISPY2-539904,1,0,spy2,0.43464753,train,2026,weighted,False
ISPY2-539904_z017,ISPY2-539904,1,0,spy2,0.44075352,train,2026,weighted,False
ACRIN-6698-104268_z009,ACRIN-6698-104268,1,0,spy2,0.44069147,train,2026,weighted,False
ACRIN-6698-104268_z010,ACRIN-6698-104268,1,0,spy2,0.442481,train,2026,weighted,False
ACRIN-6698-104268_z011,ACRIN-6698-104268,1,0,spy2,0.44505307,train,2026,weighted,False
ACRIN-6698-104268_z012,ACRIN-6698-104268,1,0,spy2,0.44624567,train,2026,weighted,False
ACRIN-6698-104268_z013,ACRIN-6698-104268,1,0,spy2,0.44752136,train,2026,weighted,False
ACRIN-6698-104268_z014,ACRIN-6698-104268,1,0,spy2,0.4483147,train,2026,weighted,False
ACRIN-6698-104268_z015,ACRIN-6698-104268,1,0,spy2,0.4494757,train,2026,weighted,False
ACRIN-6698-104268_z016,ACRIN-6698-104268,1,0,spy2,0.44981533,train,2026,weighted,False
ACRIN-6698-104268_z017,ACRIN-6698-104268,1,0,spy2,0.45080984,train,2026,weighted,False
ACRIN-6698-104268_z019,ACRIN-6698-104268,1,0,spy2,0.4553506,train,2026,weighted,False
ISPY2-846156_z022,ISPY2-846156,1,0,spy2,0.46934474,train,2026,weighted,False
ISPY2-846156_z023,ISPY2-846156,1,0,spy2,0.4687846,train,2026,weighted,False
ISPY2-846156_z024,ISPY2-846156,1,0,spy2,0.46892726,train,2026,weighted,False
ISPY2-846156_z025,ISPY2-846156,1,0,spy2,0.46934053,train,2026,weighted,False
ISPY2-846156_z026,ISPY2-846156,1,0,spy2,0.47048235,train,2026,weighted,False
ISPY2-846156_z027,ISPY2-846156,1,0,spy2,0.47092217,train,2026,weighted,False
ISPY2-846156_z028,ISPY2-846156,1,0,spy2,0.4701744,train,2026,weighted,False
ISPY2-846156_z029,ISPY2-846156,1,0,spy2,0.46936324,train,2026,weighted,False
ISPY2-846156_z030,ISPY2-846156,1,0,spy2,0.4688807,train,2026,weighted,False
ISPY2-846156_z031,ISPY2-846156,1,0,spy2,0.46883738,train,2026,weighted,False
ISPY2-683374_z028,ISPY2-683374,1,0,spy2,0.28944197,train,2026,weighted,False
ISPY2-683374_z029,ISPY2-683374,1,0,spy2,0.2894166,train,2026,weighted,False
ISPY2-683374_z030,ISPY2-683374,1,0,spy2,0.2884568,train,2026,weighted,False
ISPY2-683374_z031,ISPY2-683374,1,0,spy2,0.28746888,train,2026,weighted,False
ISPY2-683374_z032,ISPY2-683374,1,0,spy2,0.28734046,train,2026,weighted,False
ISPY2-683374_z033,ISPY2-683374,1,0,spy2,0.28787425,train,2026,weighted,False
ISPY2-683374_z034,ISPY2-683374,1,0,spy2,0.28836933,train,2026,weighted,False
ISPY2-683374_z035,ISPY2-683374,1,0,spy2,0.28820327,train,2026,weighted,False
ISPY2-683374_z036,ISPY2-683374,1,0,spy2,0.2875174,train,2026,weighted,False
ISPY2-683374_z037,ISPY2-683374,1,0,spy2,0.2876631,train,2026,weighted,False
ISPY2-301968_z014,ISPY2-301968,1,0,spy2,0.21622114,train,2026,weighted,False
ISPY2-301968_z015,ISPY2-301968,1,0,spy2,0.21484831,train,2026,weighted,False
ISPY2-301968_z016,ISPY2-301968,1,0,spy2,0.21443456,train,2026,weighted,False
ISPY2-301968_z017,ISPY2-301968,1,0,spy2,0.21416745,train,2026,weighted,False
ISPY2-301968_z018,ISPY2-301968,1,0,spy2,0.21320966,train,2026,weighted,False
ISPY2-301968_z019,ISPY2-301968,1,0,spy2,0.21101025,train,2026,weighted,False
ISPY2-301968_z020,ISPY2-301968,1,0,spy2,0.20812605,train,2026,weighted,False
ISPY2-301968_z021,ISPY2-301968,1,0,spy2,0.20550174,train,2026,weighted,False
ISPY2-301968_z022,ISPY2-301968,1,0,spy2,0.20409925,train,2026,weighted,False
ISPY2-301968_z023,ISPY2-301968,1,0,spy2,0.20351875,train,2026,weighted,False
ISPY2-299840_z009,ISPY2-299840,1,0,spy2,0.550622,train,2026,weighted,False
ISPY2-299840_z010,ISPY2-299840,1,0,spy2,0.55265576,train,2026,weighted,False
ISPY2-299840_z011,ISPY2-299840,1,0,spy2,0.55996406,train,2026,weighted,False
ISPY2-299840_z018,ISPY2-299840,1,0,spy2,0.5610712,train,2026,weighted,False
ISPY2-299840_z019,ISPY2-299840,1,0,spy2,0.5550965,train,2026,weighted,False
ISPY2-299840_z020,ISPY2-299840,1,0,spy2,0.5459589,train,2026,weighted,False
ISPY2-299840_z021,ISPY2-299840,1,0,spy2,0.540744,train,2026,weighted,False
ISPY2-299840_z022,ISPY2-299840,1,0,spy2,0.5525623,train,2026,weighted,False
ISPY2-299840_z023,ISPY2-299840,1,0,spy2,0.55369705,train,2026,weighted,False
ISPY2-299840_z024,ISPY2-299840,1,0,spy2,0.56046736,train,2026,weighted,False
ISPY2-466267_z009,ISPY2-466267,1,1,spy2,0.55457956,train,2026,weighted,False
ISPY2-466267_z010,ISPY2-466267,1,1,spy2,0.55214554,train,2026,weighted,False
ISPY2-466267_z011,ISPY2-466267,1,1,spy2,0.549596,train,2026,weighted,False
ISPY2-466267_z012,ISPY2-466267,1,1,spy2,0.54988456,train,2026,weighted,False
ISPY2-466267_z013,ISPY2-466267,1,1,spy2,0.55043757,train,2026,weighted,False
ISPY2-466267_z014,ISPY2-466267,1,1,spy2,0.551489,train,2026,weighted,False
ISPY2-466267_z015,ISPY2-466267,1,1,spy2,0.5539702,train,2026,weighted,False
ISPY2-466267_z016,ISPY2-466267,1,1,spy2,0.5537935,train,2026,weighted,False
ISPY2-466267_z017,ISPY2-466267,1,1,spy2,0.5536248,train,2026,weighted,False
ISPY2-466267_z018,ISPY2-466267,1,1,spy2,0.5545874,train,2026,weighted,False
ISPY2-254273_z010,ISPY2-254273,1,0,spy2,0.46396798,train,2026,weighted,False
ISPY2-254273_z011,ISPY2-254273,1,0,spy2,0.46397138,train,2026,weighted,False
ISPY2-254273_z012,ISPY2-254273,1,0,spy2,0.46553358,train,2026,weighted,False
ISPY2-254273_z013,ISPY2-254273,1,0,spy2,0.46750227,train,2026,weighted,False
ISPY2-254273_z014,ISPY2-254273,1,0,spy2,0.47187093,train,2026,weighted,False
ISPY2-254273_z015,ISPY2-254273,1,0,spy2,0.47641334,train,2026,weighted,False
ISPY2-254273_z016,ISPY2-254273,1,0,spy2,0.47780776,train,2026,weighted,False
ISPY2-254273_z017,ISPY2-254273,1,0,spy2,0.4796538,train,2026,weighted,False
ISPY2-254273_z018,ISPY2-254273,1,0,spy2,0.48061973,train,2026,weighted,False
ISPY2-254273_z019,ISPY2-254273,1,0,spy2,0.4819764,train,2026,weighted,False
ACRIN-6698-598835_z014,ACRIN-6698-598835,1,0,spy2,0.74541944,train,2026,weighted,False
ACRIN-6698-598835_z015,ACRIN-6698-598835,1,0,spy2,0.7448487,train,2026,weighted,False
ACRIN-6698-598835_z016,ACRIN-6698-598835,1,0,spy2,0.7442347,train,2026,weighted,False
ACRIN-6698-598835_z017,ACRIN-6698-598835,1,0,spy2,0.74390477,train,2026,weighted,False
ACRIN-6698-598835_z018,ACRIN-6698-598835,1,0,spy2,0.7434655,train,2026,weighted,False
ACRIN-6698-598835_z019,ACRIN-6698-598835,1,0,spy2,0.7430758,train,2026,weighted,False
ACRIN-6698-598835_z020,ACRIN-6698-598835,1,0,spy2,0.7434235,train,2026,weighted,False
ACRIN-6698-598835_z021,ACRIN-6698-598835,1,0,spy2,0.7443631,train,2026,weighted,False
ACRIN-6698-598835_z022,ACRIN-6698-598835,1,0,spy2,0.7455364,train,2026,weighted,False
ACRIN-6698-598835_z023,ACRIN-6698-598835,1,0,spy2,0.7463853,train,2026,weighted,False
ACRIN-6698-839274_z033,ACRIN-6698-839274,1,0,spy2,0.2654842,train,2026,weighted,False
ACRIN-6698-839274_z034,ACRIN-6698-839274,1,0,spy2,0.2649773,train,2026,weighted,False
ACRIN-6698-839274_z035,ACRIN-6698-839274,1,0,spy2,0.26392606,train,2026,weighted,False
ACRIN-6698-839274_z036,ACRIN-6698-839274,1,0,spy2,0.263355,train,2026,weighted,False
ACRIN-6698-839274_z037,ACRIN-6698-839274,1,0,spy2,0.26380068,train,2026,weighted,False
ACRIN-6698-839274_z038,ACRIN-6698-839274,1,0,spy2,0.26350707,train,2026,weighted,False
ACRIN-6698-839274_z039,ACRIN-6698-839274,1,0,spy2,0.26465878,train,2026,weighted,False
ACRIN-6698-839274_z040,ACRIN-6698-839274,1,0,spy2,0.2656592,train,2026,weighted,False
ACRIN-6698-839274_z041,ACRIN-6698-839274,1,0,spy2,0.26679006,train,2026,weighted,False
ACRIN-6698-839274_z042,ACRIN-6698-839274,1,0,spy2,0.2674608,train,2026,weighted,False
ISPY2-570148_z023,ISPY2-570148,1,0,spy2,0.40010437,train,2026,weighted,False
ISPY2-570148_z024,ISPY2-570148,1,0,spy2,0.40069938,train,2026,weighted,False
ISPY2-570148_z025,ISPY2-570148,1,0,spy2,0.40152794,train,2026,weighted,False
ISPY2-570148_z026,ISPY2-570148,1,0,spy2,0.40366307,train,2026,weighted,False
ISPY2-570148_z027,ISPY2-570148,1,0,spy2,0.4057693,train,2026,weighted,False
ISPY2-570148_z028,ISPY2-570148,1,0,spy2,0.40851718,train,2026,weighted,False
ISPY2-570148_z029,ISPY2-570148,1,0,spy2,0.41281268,train,2026,weighted,False
ISPY2-570148_z030,ISPY2-570148,1,0,spy2,0.41454768,train,2026,weighted,False
ISPY2-570148_z031,ISPY2-570148,1,0,spy2,0.41324848,train,2026,weighted,False
ISPY2-570148_z032,ISPY2-570148,1,0,spy2,0.4147872,train,2026,weighted,False
ISPY2-380972_z008,ISPY2-380972,1,0,spy2,0.2706367,train,2026,weighted,False
ISPY2-380972_z009,ISPY2-380972,1,0,spy2,0.27113745,train,2026,weighted,False
ISPY2-380972_z010,ISPY2-380972,1,0,spy2,0.27089196,train,2026,weighted,False
ISPY2-380972_z011,ISPY2-380972,1,0,spy2,0.27062503,train,2026,weighted,False
ISPY2-380972_z012,ISPY2-380972,1,0,spy2,0.27086398,train,2026,weighted,False
ISPY2-380972_z013,ISPY2-380972,1,0,spy2,0.2707704,train,2026,weighted,False
ISPY2-380972_z014,ISPY2-380972,1,0,spy2,0.27110144,train,2026,weighted,False
ISPY2-380972_z015,ISPY2-380972,1,0,spy2,0.2722983,train,2026,weighted,False
ISPY2-380972_z016,ISPY2-380972,1,0,spy2,0.27411264,train,2026,weighted,False
ISPY2-380972_z017,ISPY2-380972,1,0,spy2,0.2767186,train,2026,weighted,False
ISPY2-437162_z010,ISPY2-437162,1,0,spy2,0.4577681,train,2026,weighted,False
ISPY2-437162_z011,ISPY2-437162,1,0,spy2,0.4569295,train,2026,weighted,False
ISPY2-437162_z012,ISPY2-437162,1,0,spy2,0.45533246,train,2026,weighted,False
ISPY2-437162_z013,ISPY2-437162,1,0,spy2,0.45288545,train,2026,weighted,False
ISPY2-437162_z014,ISPY2-437162,1,0,spy2,0.45060143,train,2026,weighted,False
ISPY2-437162_z015,ISPY2-437162,1,0,spy2,0.44939604,train,2026,weighted,False
ISPY2-437162_z016,ISPY2-437162,1,0,spy2,0.44939622,train,2026,weighted,False
ISPY2-437162_z017,ISPY2-437162,1,0,spy2,0.45057267,train,2026,weighted,False
ISPY2-437162_z018,ISPY2-437162,1,0,spy2,0.45148775,train,2026,weighted,False
ISPY2-437162_z019,ISPY2-437162,1,0,spy2,0.4519871,train,2026,weighted,False
ISPY2-923968_z030,ISPY2-923968,1,1,spy2,0.18813168,train,2026,weighted,False
ISPY2-923968_z031,ISPY2-923968,1,1,spy2,0.18791974,train,2026,weighted,False
ISPY2-923968_z032,ISPY2-923968,1,1,spy2,0.18658109,train,2026,weighted,False
ISPY2-923968_z033,ISPY2-923968,1,1,spy2,0.18538848,train,2026,weighted,False
ISPY2-923968_z034,ISPY2-923968,1,1,spy2,0.18321003,train,2026,weighted,False
ISPY2-923968_z035,ISPY2-923968,1,1,spy2,0.18294142,train,2026,weighted,False
ISPY2-923968_z036,ISPY2-923968,1,1,spy2,0.18538249,train,2026,weighted,False
ISPY2-923968_z037,ISPY2-923968,1,1,spy2,0.18767639,train,2026,weighted,False
ISPY2-923968_z038,ISPY2-923968,1,1,spy2,0.18951039,train,2026,weighted,False
ISPY2-923968_z039,ISPY2-923968,1,1,spy2,0.19205858,train,2026,weighted,False
ISPY2-105286_z013,ISPY2-105286,1,0,spy2,0.21298322,train,2026,weighted,False
ISPY2-105286_z016,ISPY2-105286,1,0,spy2,0.21344806,train,2026,weighted,False
ISPY2-105286_z017,ISPY2-105286,1,0,spy2,0.21377525,train,2026,weighted,False
ISPY2-105286_z018,ISPY2-105286,1,0,spy2,0.21476202,train,2026,weighted,False
ISPY2-105286_z019,ISPY2-105286,1,0,spy2,0.21468802,train,2026,weighted,False
ISPY2-105286_z020,ISPY2-105286,1,0,spy2,0.21291949,train,2026,weighted,False
ISPY2-105286_z021,ISPY2-105286,1,0,spy2,0.21311025,train,2026,weighted,False
ISPY2-105286_z022,ISPY2-105286,1,0,spy2,0.21407881,train,2026,weighted,False
ISPY2-105286_z023,ISPY2-105286,1,0,spy2,0.21419215,train,2026,weighted,False
ISPY2-105286_z024,ISPY2-105286,1,0,spy2,0.21405597,train,2026,weighted,False
ISPY2-411950_z016,ISPY2-411950,1,0,spy2,0.18270306,train,2026,weighted,False
ISPY2-411950_z017,ISPY2-411950,1,0,spy2,0.18188943,train,2026,weighted,False
ISPY2-411950_z018,ISPY2-411950,1,0,spy2,0.18095152,train,2026,weighted,False
ISPY2-411950_z019,ISPY2-411950,1,0,spy2,0.18109015,train,2026,weighted,False
ISPY2-411950_z020,ISPY2-411950,1,0,spy2,0.18164586,train,2026,weighted,False
ISPY2-411950_z021,ISPY2-411950,1,0,spy2,0.1808853,train,2026,weighted,False
ISPY2-411950_z022,ISPY2-411950,1,0,spy2,0.18054937,train,2026,weighted,False
ISPY2-411950_z023,ISPY2-411950,1,0,spy2,0.1805797,train,2026,weighted,False
ISPY2-411950_z024,ISPY2-411950,1,0,spy2,0.18031873,train,2026,weighted,False
ISPY2-411950_z025,ISPY2-411950,1,0,spy2,0.17896983,train,2026,weighted,False
ISPY2-204939_z010,ISPY2-204939,1,1,spy2,0.40234366,train,2026,weighted,False
ISPY2-204939_z011,ISPY2-204939,1,1,spy2,0.40354183,train,2026,weighted,False
ISPY2-204939_z012,ISPY2-204939,1,1,spy2,0.40370655,train,2026,weighted,False
ISPY2-204939_z013,ISPY2-204939,1,1,spy2,0.4039201,train,2026,weighted,False
ISPY2-204939_z014,ISPY2-204939,1,1,spy2,0.40342313,train,2026,weighted,False
ISPY2-204939_z015,ISPY2-204939,1,1,spy2,0.40348133,train,2026,weighted,False
ISPY2-204939_z016,ISPY2-204939,1,1,spy2,0.40383783,train,2026,weighted,False
ISPY2-204939_z017,ISPY2-204939,1,1,spy2,0.40396827,train,2026,weighted,False
ISPY2-204939_z018,ISPY2-204939,1,1,spy2,0.40386188,train,2026,weighted,False
ISPY2-204939_z019,ISPY2-204939,1,1,spy2,0.40499038,train,2026,weighted,False
ACRIN-6698-688955_z006,ACRIN-6698-688955,1,0,spy2,0.26254794,train,2026,weighted,False
ACRIN-6698-688955_z007,ACRIN-6698-688955,1,0,spy2,0.26405814,train,2026,weighted,False
ACRIN-6698-688955_z008,ACRIN-6698-688955,1,0,spy2,0.2643964,train,2026,weighted,False
ACRIN-6698-688955_z009,ACRIN-6698-688955,1,0,spy2,0.26458284,train,2026,weighted,False
ACRIN-6698-688955_z010,ACRIN-6698-688955,1,0,spy2,0.26310748,train,2026,weighted,False
ACRIN-6698-688955_z011,ACRIN-6698-688955,1,0,spy2,0.26429254,train,2026,weighted,False
ACRIN-6698-688955_z012,ACRIN-6698-688955,1,0,spy2,0.26532713,train,2026,weighted,False
ACRIN-6698-688955_z013,ACRIN-6698-688955,1,0,spy2,0.26600718,train,2026,weighted,False
ACRIN-6698-688955_z014,ACRIN-6698-688955,1,0,spy2,0.26824754,train,2026,weighted,False
ACRIN-6698-688955_z015,ACRIN-6698-688955,1,0,spy2,0.27034432,train,2026,weighted,False
ACRIN-6698-328160_z002,ACRIN-6698-328160,1,0,spy2,0.27496198,train,2026,weighted,False
ACRIN-6698-328160_z003,ACRIN-6698-328160,1,0,spy2,0.2751904,train,2026,weighted,False
ACRIN-6698-328160_z004,ACRIN-6698-328160,1,0,spy2,0.27568784,train,2026,weighted,False
ACRIN-6698-328160_z005,ACRIN-6698-328160,1,0,spy2,0.2768504,train,2026,weighted,False
ACRIN-6698-328160_z006,ACRIN-6698-328160,1,0,spy2,0.2778213,train,2026,weighted,False
ACRIN-6698-328160_z007,ACRIN-6698-328160,1,0,spy2,0.2782694,train,2026,weighted,False
ACRIN-6698-328160_z008,ACRIN-6698-328160,1,0,spy2,0.27973634,train,2026,weighted,False
ACRIN-6698-328160_z009,ACRIN-6698-328160,1,0,spy2,0.281383,train,2026,weighted,False
ACRIN-6698-328160_z010,ACRIN-6698-328160,1,0,spy2,0.2834246,train,2026,weighted,False
ACRIN-6698-328160_z011,ACRIN-6698-328160,1,0,spy2,0.28470093,train,2026,weighted,False
ISPY2-531672_z014,ISPY2-531672,1,0,spy2,0.31567293,train,2026,weighted,False
ISPY2-531672_z015,ISPY2-531672,1,0,spy2,0.3165684,train,2026,weighted,False
ISPY2-531672_z016,ISPY2-531672,1,0,spy2,0.31683394,train,2026,weighted,False
ISPY2-531672_z017,ISPY2-531672,1,0,spy2,0.31742042,train,2026,weighted,False
ISPY2-531672_z018,ISPY2-531672,1,0,spy2,0.31816787,train,2026,weighted,False
ISPY2-531672_z019,ISPY2-531672,1,0,spy2,0.31920582,train,2026,weighted,False
ISPY2-531672_z020,ISPY2-531672,1,0,spy2,0.31891662,train,2026,weighted,False
ISPY2-531672_z021,ISPY2-531672,1,0,spy2,0.31880447,train,2026,weighted,False
ISPY2-531672_z022,ISPY2-531672,1,0,spy2,0.31906554,train,2026,weighted,False
ISPY2-531672_z023,ISPY2-531672,1,0,spy2,0.31919077,train,2026,weighted,False
ACRIN-6698-801641_z016,ACRIN-6698-801641,1,0,spy2,0.46903992,train,2026,weighted,False
ACRIN-6698-801641_z017,ACRIN-6698-801641,1,0,spy2,0.46454826,train,2026,weighted,False
ACRIN-6698-801641_z018,ACRIN-6698-801641,1,0,spy2,0.4605181,train,2026,weighted,False
ACRIN-6698-801641_z019,ACRIN-6698-801641,1,0,spy2,0.45931497,train,2026,weighted,False
ACRIN-6698-801641_z020,ACRIN-6698-801641,1,0,spy2,0.46012563,train,2026,weighted,False
ACRIN-6698-801641_z021,ACRIN-6698-801641,1,0,spy2,0.46076924,train,2026,weighted,False
ACRIN-6698-801641_z022,ACRIN-6698-801641,1,0,spy2,0.46066362,train,2026,weighted,False
ACRIN-6698-801641_z023,ACRIN-6698-801641,1,0,spy2,0.45987442,train,2026,weighted,False
ACRIN-6698-801641_z024,ACRIN-6698-801641,1,0,spy2,0.4596168,train,2026,weighted,False
ACRIN-6698-801641_z025,ACRIN-6698-801641,1,0,spy2,0.46039194,train,2026,weighted,False
ISPY2-783578_z027,ISPY2-783578,1,1,spy2,0.5553442,train,2026,weighted,False
ISPY2-783578_z028,ISPY2-783578,1,1,spy2,0.56101793,train,2026,weighted,False
ISPY2-783578_z029,ISPY2-783578,1,1,spy2,0.56375146,train,2026,weighted,False
ISPY2-783578_z030,ISPY2-783578,1,1,spy2,0.56462866,train,2026,weighted,False
ISPY2-783578_z031,ISPY2-783578,1,1,spy2,0.5638496,train,2026,weighted,False
ISPY2-783578_z032,ISPY2-783578,1,1,spy2,0.56340915,train,2026,weighted,False
ISPY2-783578_z034,ISPY2-783578,1,1,spy2,0.56316423,train,2026,weighted,False
ISPY2-783578_z035,ISPY2-783578,1,1,spy2,0.5646799,train,2026,weighted,False
ISPY2-783578_z036,ISPY2-783578,1,1,spy2,0.5649245,train,2026,weighted,False
ISPY2-783578_z037,ISPY2-783578,1,1,spy2,0.5675,train,2026,weighted,False
ISPY2-847753_z007,ISPY2-847753,1,1,spy2,0.25337547,train,2026,weighted,False
ISPY2-847753_z008,ISPY2-847753,1,1,spy2,0.25626752,train,2026,weighted,False
ISPY2-847753_z009,ISPY2-847753,1,1,spy2,0.2559601,train,2026,weighted,False
ISPY2-847753_z010,ISPY2-847753,1,1,spy2,0.25587666,train,2026,weighted,False
ISPY2-847753_z011,ISPY2-847753,1,1,spy2,0.25648504,train,2026,weighted,False
ISPY2-847753_z012,ISPY2-847753,1,1,spy2,0.25835505,train,2026,weighted,False
ISPY2-847753_z013,ISPY2-847753,1,1,spy2,0.26261166,train,2026,weighted,False
ISPY2-847753_z014,ISPY2-847753,1,1,spy2,0.2654814,train,2026,weighted,False
ISPY2-847753_z015,ISPY2-847753,1,1,spy2,0.26925322,train,2026,weighted,False
ISPY2-847753_z016,ISPY2-847753,1,1,spy2,0.27231854,train,2026,weighted,False
ISPY2-836114_z011,ISPY2-836114,1,0,spy2,0.17786032,train,2026,weighted,False
ISPY2-836114_z012,ISPY2-836114,1,0,spy2,0.1774084,train,2026,weighted,False
ISPY2-836114_z013,ISPY2-836114,1,0,spy2,0.1767352,train,2026,weighted,False
ISPY2-836114_z014,ISPY2-836114,1,0,spy2,0.17634846,train,2026,weighted,False
ISPY2-836114_z015,ISPY2-836114,1,0,spy2,0.17577349,train,2026,weighted,False
ISPY2-836114_z016,ISPY2-836114,1,0,spy2,0.1768262,train,2026,weighted,False
ISPY2-836114_z017,ISPY2-836114,1,0,spy2,0.17810218,train,2026,weighted,False
ISPY2-836114_z018,ISPY2-836114,1,0,spy2,0.17796578,train,2026,weighted,False
ISPY2-836114_z019,ISPY2-836114,1,0,spy2,0.17803526,train,2026,weighted,False
ISPY2-836114_z020,ISPY2-836114,1,0,spy2,0.17945407,train,2026,weighted,False
ISPY2-374121_z014,ISPY2-374121,1,0,spy2,0.43917876,train,2026,weighted,False
ISPY2-374121_z015,ISPY2-374121,1,0,spy2,0.43820804,train,2026,weighted,False
ISPY2-374121_z016,ISPY2-374121,1,0,spy2,0.43923122,train,2026,weighted,False
ISPY2-374121_z017,ISPY2-374121,1,0,spy2,0.44216675,train,2026,weighted,False
ISPY2-374121_z018,ISPY2-374121,1,0,spy2,0.4405396,train,2026,weighted,False
ISPY2-374121_z019,ISPY2-374121,1,0,spy2,0.43853784,train,2026,weighted,False
ISPY2-374121_z020,ISPY2-374121,1,0,spy2,0.4382069,train,2026,weighted,False
ISPY2-374121_z021,ISPY2-374121,1,0,spy2,0.43945432,train,2026,weighted,False
ISPY2-374121_z022,ISPY2-374121,1,0,spy2,0.44206846,train,2026,weighted,False
ISPY2-374121_z023,ISPY2-374121,1,0,spy2,0.44798544,train,2026,weighted,False
ACRIN-6698-928446_z035,ACRIN-6698-928446,1,0,spy2,0.24087243,train,2026,weighted,False
ACRIN-6698-928446_z045,ACRIN-6698-928446,1,0,spy2,0.23040071,train,2026,weighted,False
ACRIN-6698-928446_z046,ACRIN-6698-928446,1,0,spy2,0.23120302,train,2026,weighted,False
ACRIN-6698-928446_z047,ACRIN-6698-928446,1,0,spy2,0.23128569,train,2026,weighted,False
ACRIN-6698-928446_z048,ACRIN-6698-928446,1,0,spy2,0.23349303,train,2026,weighted,False
ACRIN-6698-928446_z049,ACRIN-6698-928446,1,0,spy2,0.23546764,train,2026,weighted,False
ACRIN-6698-928446_z064,ACRIN-6698-928446,1,0,spy2,0.23791584,train,2026,weighted,False
ACRIN-6698-928446_z065,ACRIN-6698-928446,1,0,spy2,0.23776853,train,2026,weighted,False
ACRIN-6698-928446_z066,ACRIN-6698-928446,1,0,spy2,0.23956993,train,2026,weighted,False
ACRIN-6698-928446_z071,ACRIN-6698-928446,1,0,spy2,0.24334534,train,2026,weighted,False
ISPY2-117707_z009,ISPY2-117707,1,1,spy2,0.453998,train,2026,weighted,False
ISPY2-117707_z010,ISPY2-117707,1,1,spy2,0.45179784,train,2026,weighted,False
ISPY2-117707_z011,ISPY2-117707,1,1,spy2,0.45062482,train,2026,weighted,False
ISPY2-117707_z012,ISPY2-117707,1,1,spy2,0.45055297,train,2026,weighted,False
ISPY2-117707_z013,ISPY2-117707,1,1,spy2,0.45121273,train,2026,weighted,False
ISPY2-117707_z014,ISPY2-117707,1,1,spy2,0.4527924,train,2026,weighted,False
ISPY2-117707_z015,ISPY2-117707,1,1,spy2,0.4551191,train,2026,weighted,False
ISPY2-117707_z016,ISPY2-117707,1,1,spy2,0.45775568,train,2026,weighted,False
ISPY2-117707_z017,ISPY2-117707,1,1,spy2,0.45819306,train,2026,weighted,False
ISPY2-117707_z018,ISPY2-117707,1,1,spy2,0.4587948,train,2026,weighted,False
ISPY2-553141_z006,ISPY2-553141,1,1,spy2,0.20101449,train,2026,weighted,False
ISPY2-553141_z007,ISPY2-553141,1,1,spy2,0.19939293,train,2026,weighted,False
ISPY2-553141_z008,ISPY2-553141,1,1,spy2,0.19640358,train,2026,weighted,False
ISPY2-553141_z009,ISPY2-553141,1,1,spy2,0.19436021,train,2026,weighted,False
ISPY2-553141_z010,ISPY2-553141,1,1,spy2,0.19230054,train,2026,weighted,False
ISPY2-553141_z011,ISPY2-553141,1,1,spy2,0.19220893,train,2026,weighted,False
ISPY2-553141_z012,ISPY2-553141,1,1,spy2,0.1952727,train,2026,weighted,False
ISPY2-553141_z013,ISPY2-553141,1,1,spy2,0.19940193,train,2026,weighted,False
ISPY2-553141_z014,ISPY2-553141,1,1,spy2,0.20651506,train,2026,weighted,False
ISPY2-553141_z015,ISPY2-553141,1,1,spy2,0.21137798,train,2026,weighted,False
ISPY2-778020_z016,ISPY2-778020,1,0,spy2,0.20057872,train,2026,weighted,False
ISPY2-778020_z017,ISPY2-778020,1,0,spy2,0.19856735,train,2026,weighted,False
ISPY2-778020_z018,ISPY2-778020,1,0,spy2,0.19691427,train,2026,weighted,False
ISPY2-778020_z019,ISPY2-778020,1,0,spy2,0.19631551,train,2026,weighted,False
ISPY2-778020_z020,ISPY2-778020,1,0,spy2,0.19744995,train,2026,weighted,False
ISPY2-778020_z021,ISPY2-778020,1,0,spy2,0.19794863,train,2026,weighted,False
ISPY2-778020_z022,ISPY2-778020,1,0,spy2,0.19728102,train,2026,weighted,False
ISPY2-778020_z023,ISPY2-778020,1,0,spy2,0.195997,train,2026,weighted,False
ISPY2-778020_z024,ISPY2-778020,1,0,spy2,0.19662577,train,2026,weighted,False
ISPY2-778020_z025,ISPY2-778020,1,0,spy2,0.19818705,train,2026,weighted,False
ISPY2-885590_z015,ISPY2-885590,1,0,spy2,0.22453092,train,2026,weighted,False
ISPY2-885590_z016,ISPY2-885590,1,0,spy2,0.22467323,train,2026,weighted,False
ISPY2-885590_z017,ISPY2-885590,1,0,spy2,0.22456905,train,2026,weighted,False
ISPY2-885590_z018,ISPY2-885590,1,0,spy2,0.22371916,train,2026,weighted,False
ISPY2-885590_z019,ISPY2-885590,1,0,spy2,0.22253598,train,2026,weighted,False
ISPY2-885590_z020,ISPY2-885590,1,0,spy2,0.2216178,train,2026,weighted,False
ISPY2-885590_z021,ISPY2-885590,1,0,spy2,0.22151841,train,2026,weighted,False
ISPY2-885590_z022,ISPY2-885590,1,0,spy2,0.22185922,train,2026,weighted,False
ISPY2-885590_z023,ISPY2-885590,1,0,spy2,0.22258265,train,2026,weighted,False
ISPY2-885590_z024,ISPY2-885590,1,0,spy2,0.2209665,train,2026,weighted,False
ISPY2-427321_z016,ISPY2-427321,1,1,spy2,0.12091281,train,2026,weighted,False
ISPY2-427321_z017,ISPY2-427321,1,1,spy2,0.1210395,train,2026,weighted,False
ISPY2-427321_z018,ISPY2-427321,1,1,spy2,0.121708,train,2026,weighted,False
ISPY2-427321_z019,ISPY2-427321,1,1,spy2,0.12224471,train,2026,weighted,False
ISPY2-427321_z020,ISPY2-427321,1,1,spy2,0.12254792,train,2026,weighted,False
ISPY2-427321_z021,ISPY2-427321,1,1,spy2,0.12212342,train,2026,weighted,False
ISPY2-427321_z022,ISPY2-427321,1,1,spy2,0.12213559,train,2026,weighted,False
ISPY2-427321_z023,ISPY2-427321,1,1,spy2,0.12286951,train,2026,weighted,False
ISPY2-427321_z024,ISPY2-427321,1,1,spy2,0.12336481,train,2026,weighted,False
ISPY2-427321_z025,ISPY2-427321,1,1,spy2,0.12343754,train,2026,weighted,False
ISPY2-905264_z002,ISPY2-905264,1,0,spy2,0.6768166,train,2026,weighted,False
ISPY2-905264_z003,ISPY2-905264,1,0,spy2,0.6773793,train,2026,weighted,False
ISPY2-905264_z004,ISPY2-905264,1,0,spy2,0.6795111,train,2026,weighted,False
ISPY2-905264_z005,ISPY2-905264,1,0,spy2,0.6805359,train,2026,weighted,False
ISPY2-905264_z006,ISPY2-905264,1,0,spy2,0.6820809,train,2026,weighted,False
ISPY2-905264_z007,ISPY2-905264,1,0,spy2,0.6812283,train,2026,weighted,False
ISPY2-905264_z008,ISPY2-905264,1,0,spy2,0.68071645,train,2026,weighted,False
ISPY2-905264_z009,ISPY2-905264,1,0,spy2,0.68441683,train,2026,weighted,False
ISPY2-905264_z010,ISPY2-905264,1,0,spy2,0.68404335,train,2026,weighted,False
ISPY2-905264_z011,ISPY2-905264,1,0,spy2,0.6872539,train,2026,weighted,False
ISPY2-142688_z010,ISPY2-142688,1,0,spy2,0.5416114,train,2026,weighted,False
ISPY2-142688_z011,ISPY2-142688,1,0,spy2,0.5416094,train,2026,weighted,False
ISPY2-142688_z012,ISPY2-142688,1,0,spy2,0.54073244,train,2026,weighted,False
ISPY2-142688_z013,ISPY2-142688,1,0,spy2,0.5418087,train,2026,weighted,False
ISPY2-142688_z014,ISPY2-142688,1,0,spy2,0.5416191,train,2026,weighted,False
ISPY2-142688_z015,ISPY2-142688,1,0,spy2,0.54221237,train,2026,weighted,False
ISPY2-142688_z016,ISPY2-142688,1,0,spy2,0.5425045,train,2026,weighted,False
ISPY2-142688_z020,ISPY2-142688,1,0,spy2,0.5432204,train,2026,weighted,False
ISPY2-142688_z021,ISPY2-142688,1,0,spy2,0.54168093,train,2026,weighted,False
ISPY2-142688_z022,ISPY2-142688,1,0,spy2,0.54156905,train,2026,weighted,False
ISPY2-178815_z029,ISPY2-178815,1,0,spy2,0.21962586,train,2026,weighted,False
ISPY2-178815_z030,ISPY2-178815,1,0,spy2,0.22000617,train,2026,weighted,False
ISPY2-178815_z031,ISPY2-178815,1,0,spy2,0.22036274,train,2026,weighted,False
ISPY2-178815_z032,ISPY2-178815,1,0,spy2,0.22036648,train,2026,weighted,False
ISPY2-178815_z033,ISPY2-178815,1,0,spy2,0.21931751,train,2026,weighted,False
ISPY2-178815_z034,ISPY2-178815,1,0,spy2,0.21760598,train,2026,weighted,False
ISPY2-178815_z035,ISPY2-178815,1,0,spy2,0.2166983,train,2026,weighted,False
ISPY2-178815_z036,ISPY2-178815,1,0,spy2,0.21476093,train,2026,weighted,False
ISPY2-178815_z037,ISPY2-178815,1,0,spy2,0.21397004,train,2026,weighted,False
ISPY2-178815_z038,ISPY2-178815,1,0,spy2,0.21436316,train,2026,weighted,False
ISPY2-127791_z039,ISPY2-127791,1,0,spy2,0.4746637,train,2026,weighted,False
ISPY2-127791_z040,ISPY2-127791,1,0,spy2,0.47642466,train,2026,weighted,False
ISPY2-127791_z041,ISPY2-127791,1,0,spy2,0.47496814,train,2026,weighted,False
ISPY2-127791_z042,ISPY2-127791,1,0,spy2,0.4754376,train,2026,weighted,False
ISPY2-127791_z043,ISPY2-127791,1,0,spy2,0.475167,train,2026,weighted,False
ISPY2-127791_z044,ISPY2-127791,1,0,spy2,0.4752369,train,2026,weighted,False
ISPY2-127791_z045,ISPY2-127791,1,0,spy2,0.47475147,train,2026,weighted,False
ISPY2-127791_z046,ISPY2-127791,1,0,spy2,0.47383726,train,2026,weighted,False
ISPY2-127791_z047,ISPY2-127791,1,0,spy2,0.47295213,train,2026,weighted,False
ISPY2-127791_z048,ISPY2-127791,1,0,spy2,0.4735759,train,2026,weighted,False
ISPY2-363669_z018,ISPY2-363669,1,0,spy2,0.214011,train,2026,weighted,False
ISPY2-363669_z019,ISPY2-363669,1,0,spy2,0.21516529,train,2026,weighted,False
ISPY2-363669_z020,ISPY2-363669,1,0,spy2,0.21723528,train,2026,weighted,False
ISPY2-363669_z021,ISPY2-363669,1,0,spy2,0.21733604,train,2026,weighted,False
ISPY2-363669_z022,ISPY2-363669,1,0,spy2,0.21212372,train,2026,weighted,False
ISPY2-363669_z023,ISPY2-363669,1,0,spy2,0.20611872,train,2026,weighted,False
ISPY2-363669_z024,ISPY2-363669,1,0,spy2,0.20162065,train,2026,weighted,False
ISPY2-363669_z025,ISPY2-363669,1,0,spy2,0.20244804,train,2026,weighted,False
ISPY2-363669_z026,ISPY2-363669,1,0,spy2,0.20810579,train,2026,weighted,False
ISPY2-363669_z027,ISPY2-363669,1,0,spy2,0.21570551,train,2026,weighted,False
ISPY2-461824_z004,ISPY2-461824,1,0,spy2,0.5470041,train,2026,weighted,False
ISPY2-461824_z005,ISPY2-461824,1,0,spy2,0.5471777,train,2026,weighted,False
ISPY2-461824_z006,ISPY2-461824,1,0,spy2,0.5475028,train,2026,weighted,False
ISPY2-461824_z007,ISPY2-461824,1,0,spy2,0.5469486,train,2026,weighted,False
ISPY2-461824_z008,ISPY2-461824,1,0,spy2,0.54796976,train,2026,weighted,False
ISPY2-461824_z009,ISPY2-461824,1,0,spy2,0.5509436,train,2026,weighted,False
ISPY2-461824_z010,ISPY2-461824,1,0,spy2,0.55222625,train,2026,weighted,False
ISPY2-461824_z011,ISPY2-461824,1,0,spy2,0.5536193,train,2026,weighted,False
ISPY2-461824_z012,ISPY2-461824,1,0,spy2,0.55393285,train,2026,weighted,False
ISPY2-461824_z013,ISPY2-461824,1,0,spy2,0.5538878,train,2026,weighted,False
ISPY2-134526_z004,ISPY2-134526,1,1,spy2,0.62811077,train,2026,weighted,False
ISPY2-134526_z005,ISPY2-134526,1,1,spy2,0.6318973,train,2026,weighted,False
ISPY2-134526_z006,ISPY2-134526,1,1,spy2,0.63473845,train,2026,weighted,False
ISPY2-134526_z007,ISPY2-134526,1,1,spy2,0.6374392,train,2026,weighted,False
ISPY2-134526_z008,ISPY2-134526,1,1,spy2,0.6401046,train,2026,weighted,False
ISPY2-134526_z009,ISPY2-134526,1,1,spy2,0.6421133,train,2026,weighted,False
ISPY2-134526_z010,ISPY2-134526,1,1,spy2,0.6437215,train,2026,weighted,False
ISPY2-134526_z011,ISPY2-134526,1,1,spy2,0.6471542,train,2026,weighted,False
ISPY2-134526_z012,ISPY2-134526,1,1,spy2,0.6509224,train,2026,weighted,False
ISPY2-134526_z013,ISPY2-134526,1,1,spy2,0.65219927,train,2026,weighted,False
ISPY2-814299_z004,ISPY2-814299,1,1,spy2,0.81165963,train,2026,weighted,False
ISPY2-814299_z005,ISPY2-814299,1,1,spy2,0.80793995,train,2026,weighted,False
ISPY2-814299_z006,ISPY2-814299,1,1,spy2,0.8056813,train,2026,weighted,False
ISPY2-814299_z007,ISPY2-814299,1,1,spy2,0.80451113,train,2026,weighted,False
ISPY2-814299_z008,ISPY2-814299,1,1,spy2,0.80447966,train,2026,weighted,False
ISPY2-814299_z009,ISPY2-814299,1,1,spy2,0.80508214,train,2026,weighted,False
ISPY2-814299_z010,ISPY2-814299,1,1,spy2,0.80533427,train,2026,weighted,False
ISPY2-814299_z011,ISPY2-814299,1,1,spy2,0.8054907,train,2026,weighted,False
ISPY2-814299_z013,ISPY2-814299,1,1,spy2,0.80332005,train,2026,weighted,False
ISPY2-814299_z014,ISPY2-814299,1,1,spy2,0.8054968,train,2026,weighted,False
ISPY2-914968_z067,ISPY2-914968,1,0,spy2,0.4829458,train,2026,weighted,False
ISPY2-914968_z068,ISPY2-914968,1,0,spy2,0.48298278,train,2026,weighted,False
ISPY2-914968_z069,ISPY2-914968,1,0,spy2,0.48387244,train,2026,weighted,False
ISPY2-914968_z070,ISPY2-914968,1,0,spy2,0.48679698,train,2026,weighted,False
ISPY2-914968_z071,ISPY2-914968,1,0,spy2,0.4871802,train,2026,weighted,False
ISPY2-914968_z072,ISPY2-914968,1,0,spy2,0.4861728,train,2026,weighted,False
ISPY2-914968_z073,ISPY2-914968,1,0,spy2,0.48557076,train,2026,weighted,False
ISPY2-914968_z074,ISPY2-914968,1,0,spy2,0.48527572,train,2026,weighted,False
ISPY2-914968_z075,ISPY2-914968,1,0,spy2,0.48457313,train,2026,weighted,False
ISPY2-914968_z076,ISPY2-914968,1,0,spy2,0.4849909,train,2026,weighted,False
ISPY2-636424_z006,ISPY2-636424,1,0,spy2,0.56796336,train,2026,weighted,False
ISPY2-636424_z007,ISPY2-636424,1,0,spy2,0.5709281,train,2026,weighted,False
ISPY2-636424_z008,ISPY2-636424,1,0,spy2,0.57387906,train,2026,weighted,False
ISPY2-636424_z009,ISPY2-636424,1,0,spy2,0.5755263,train,2026,weighted,False
ISPY2-636424_z010,ISPY2-636424,1,0,spy2,0.57537127,train,2026,weighted,False
ISPY2-636424_z011,ISPY2-636424,1,0,spy2,0.57416606,train,2026,weighted,False
ISPY2-636424_z012,ISPY2-636424,1,0,spy2,0.5759733,train,2026,weighted,False
ISPY2-636424_z013,ISPY2-636424,1,0,spy2,0.5794949,train,2026,weighted,False
ISPY2-636424_z014,ISPY2-636424,1,0,spy2,0.58487684,train,2026,weighted,False
ISPY2-636424_z015,ISPY2-636424,1,0,spy2,0.5860299,train,2026,weighted,False
ACRIN-6698-222135_z012,ACRIN-6698-222135,1,0,spy2,0.1961187,train,2026,weighted,False
ACRIN-6698-222135_z013,ACRIN-6698-222135,1,0,spy2,0.19618797,train,2026,weighted,False
ACRIN-6698-222135_z014,ACRIN-6698-222135,1,0,spy2,0.19735117,train,2026,weighted,False
ACRIN-6698-222135_z015,ACRIN-6698-222135,1,0,spy2,0.19782022,train,2026,weighted,False
ACRIN-6698-222135_z016,ACRIN-6698-222135,1,0,spy2,0.19791667,train,2026,weighted,False
ACRIN-6698-222135_z017,ACRIN-6698-222135,1,0,spy2,0.19792795,train,2026,weighted,False
ACRIN-6698-222135_z018,ACRIN-6698-222135,1,0,spy2,0.19882976,train,2026,weighted,False
ACRIN-6698-222135_z019,ACRIN-6698-222135,1,0,spy2,0.20028438,train,2026,weighted,False
ACRIN-6698-222135_z020,ACRIN-6698-222135,1,0,spy2,0.20102775,train,2026,weighted,False
ACRIN-6698-222135_z021,ACRIN-6698-222135,1,0,spy2,0.20170994,train,2026,weighted,False
ISPY2-981461_z007,ISPY2-981461,1,0,spy2,0.5170295,train,2026,weighted,False
ISPY2-981461_z008,ISPY2-981461,1,0,spy2,0.5143201,train,2026,weighted,False
ISPY2-981461_z009,ISPY2-981461,1,0,spy2,0.5102255,train,2026,weighted,False
ISPY2-981461_z010,ISPY2-981461,1,0,spy2,0.5070597,train,2026,weighted,False
ISPY2-981461_z011,ISPY2-981461,1,0,spy2,0.50638974,train,2026,weighted,False
ISPY2-981461_z012,ISPY2-981461,1,0,spy2,0.5112331,train,2026,weighted,False
ISPY2-981461_z013,ISPY2-981461,1,0,spy2,0.5153163,train,2026,weighted,False
ISPY2-981461_z014,ISPY2-981461,1,0,spy2,0.51999575,train,2026,weighted,False
ISPY2-981461_z015,ISPY2-981461,1,0,spy2,0.5256801,train,2026,weighted,False
ISPY2-981461_z016,ISPY2-981461,1,0,spy2,0.5286215,train,2026,weighted,False
ACRIN-6698-396723_z014,ACRIN-6698-396723,1,0,spy2,0.30194235,train,2026,weighted,False
ACRIN-6698-396723_z015,ACRIN-6698-396723,1,0,spy2,0.30262077,train,2026,weighted,False
ACRIN-6698-396723_z016,ACRIN-6698-396723,1,0,spy2,0.30468935,train,2026,weighted,False
ACRIN-6698-396723_z017,ACRIN-6698-396723,1,0,spy2,0.30606684,train,2026,weighted,False
ACRIN-6698-396723_z018,ACRIN-6698-396723,1,0,spy2,0.30654857,train,2026,weighted,False
ACRIN-6698-396723_z019,ACRIN-6698-396723,1,0,spy2,0.30587682,train,2026,weighted,False
ACRIN-6698-396723_z020,ACRIN-6698-396723,1,0,spy2,0.3046591,train,2026,weighted,False
ACRIN-6698-396723_z021,ACRIN-6698-396723,1,0,spy2,0.3031183,train,2026,weighted,False
ACRIN-6698-396723_z022,ACRIN-6698-396723,1,0,spy2,0.30440062,train,2026,weighted,False
ACRIN-6698-396723_z023,ACRIN-6698-396723,1,0,spy2,0.3064719,train,2026,weighted,False
ISPY2-666147_z010,ISPY2-666147,1,0,spy2,0.29551142,train,2026,weighted,False
ISPY2-666147_z011,ISPY2-666147,1,0,spy2,0.28736478,train,2026,weighted,False
ISPY2-666147_z023,ISPY2-666147,1,0,spy2,0.26997453,train,2026,weighted,False
ISPY2-666147_z024,ISPY2-666147,1,0,spy2,0.26867518,train,2026,weighted,False
ISPY2-666147_z025,ISPY2-666147,1,0,spy2,0.2679101,train,2026,weighted,False
ISPY2-666147_z026,ISPY2-666147,1,0,spy2,0.26796117,train,2026,weighted,False
ISPY2-666147_z049,ISPY2-666147,1,0,spy2,0.2714001,train,2026,weighted,False
ISPY2-666147_z050,ISPY2-666147,1,0,spy2,0.27228522,train,2026,weighted,False
ISPY2-666147_z057,ISPY2-666147,1,0,spy2,0.27208006,train,2026,weighted,False
ISPY2-666147_z058,ISPY2-666147,1,0,spy2,0.2720629,train,2026,weighted,False
ACRIN-6698-320538_z011,ACRIN-6698-320538,1,0,spy2,0.45664763,train,2026,weighted,False
ACRIN-6698-320538_z012,ACRIN-6698-320538,1,0,spy2,0.45407987,train,2026,weighted,False
ACRIN-6698-320538_z013,ACRIN-6698-320538,1,0,spy2,0.4534579,train,2026,weighted,False
ACRIN-6698-320538_z014,ACRIN-6698-320538,1,0,spy2,0.4536576,train,2026,weighted,False
ACRIN-6698-320538_z015,ACRIN-6698-320538,1,0,spy2,0.4533218,train,2026,weighted,False
ACRIN-6698-320538_z016,ACRIN-6698-320538,1,0,spy2,0.45315275,train,2026,weighted,False
ACRIN-6698-320538_z017,ACRIN-6698-320538,1,0,spy2,0.45364267,train,2026,weighted,False
ACRIN-6698-320538_z018,ACRIN-6698-320538,1,0,spy2,0.45594007,train,2026,weighted,False
ACRIN-6698-320538_z019,ACRIN-6698-320538,1,0,spy2,0.45890364,train,2026,weighted,False
ACRIN-6698-320538_z020,ACRIN-6698-320538,1,0,spy2,0.4678111,train,2026,weighted,False
ISPY2-266509_z006,ISPY2-266509,1,1,spy2,0.5264473,train,2026,weighted,False
ISPY2-266509_z007,ISPY2-266509,1,1,spy2,0.5254564,train,2026,weighted,False
ISPY2-266509_z008,ISPY2-266509,1,1,spy2,0.52652615,train,2026,weighted,False
ISPY2-266509_z009,ISPY2-266509,1,1,spy2,0.52806455,train,2026,weighted,False
ISPY2-266509_z010,ISPY2-266509,1,1,spy2,0.5307038,train,2026,weighted,False
ISPY2-266509_z011,ISPY2-266509,1,1,spy2,0.53264,train,2026,weighted,False
ISPY2-266509_z012,ISPY2-266509,1,1,spy2,0.53565156,train,2026,weighted,False
ISPY2-266509_z013,ISPY2-266509,1,1,spy2,0.5446156,train,2026,weighted,False
ISPY2-266509_z014,ISPY2-266509,1,1,spy2,0.5544367,train,2026,weighted,False
ISPY2-266509_z015,ISPY2-266509,1,1,spy2,0.5599852,train,2026,weighted,False
ISPY2-803677_z017,ISPY2-803677,1,0,spy2,0.45587704,train,2026,weighted,False
ISPY2-803677_z018,ISPY2-803677,1,0,spy2,0.4532323,train,2026,weighted,False
ISPY2-803677_z019,ISPY2-803677,1,0,spy2,0.45453885,train,2026,weighted,False
ISPY2-803677_z020,ISPY2-803677,1,0,spy2,0.4567665,train,2026,weighted,False
ISPY2-803677_z021,ISPY2-803677,1,0,spy2,0.45565596,train,2026,weighted,False
ISPY2-803677_z022,ISPY2-803677,1,0,spy2,0.45361036,train,2026,weighted,False
ISPY2-803677_z023,ISPY2-803677,1,0,spy2,0.45363253,train,2026,weighted,False
ISPY2-803677_z024,ISPY2-803677,1,0,spy2,0.45545903,train,2026,weighted,False
ISPY2-803677_z025,ISPY2-803677,1,0,spy2,0.45791134,train,2026,weighted,False
ISPY2-803677_z027,ISPY2-803677,1,0,spy2,0.4617394,train,2026,weighted,False
ISPY2-233832_z010,ISPY2-233832,1,0,spy2,0.5114179,train,2026,weighted,False
ISPY2-233832_z011,ISPY2-233832,1,0,spy2,0.5069415,train,2026,weighted,False
ISPY2-233832_z012,ISPY2-233832,1,0,spy2,0.50423086,train,2026,weighted,False
ISPY2-233832_z013,ISPY2-233832,1,0,spy2,0.5042049,train,2026,weighted,False
ISPY2-233832_z014,ISPY2-233832,1,0,spy2,0.5052176,train,2026,weighted,False
ISPY2-233832_z015,ISPY2-233832,1,0,spy2,0.5056855,train,2026,weighted,False
ISPY2-233832_z016,ISPY2-233832,1,0,spy2,0.5072299,train,2026,weighted,False
ISPY2-233832_z017,ISPY2-233832,1,0,spy2,0.50943375,train,2026,weighted,False
ISPY2-233832_z018,ISPY2-233832,1,0,spy2,0.5111477,train,2026,weighted,False
ISPY2-233832_z019,ISPY2-233832,1,0,spy2,0.51492923,train,2026,weighted,False
ISPY2-994987_z008,ISPY2-994987,1,0,spy2,0.17901734,train,2026,weighted,False
ISPY2-994987_z009,ISPY2-994987,1,0,spy2,0.17838176,train,2026,weighted,False
ISPY2-994987_z010,ISPY2-994987,1,0,spy2,0.17785758,train,2026,weighted,False
ISPY2-994987_z011,ISPY2-994987,1,0,spy2,0.17734551,train,2026,weighted,False
ISPY2-994987_z012,ISPY2-994987,1,0,spy2,0.17607436,train,2026,weighted,False
ISPY2-994987_z013,ISPY2-994987,1,0,spy2,0.17458567,train,2026,weighted,False
ISPY2-994987_z014,ISPY2-994987,1,0,spy2,0.1740397,train,2026,weighted,False
ISPY2-994987_z015,ISPY2-994987,1,0,spy2,0.17496361,train,2026,weighted,False
ISPY2-994987_z016,ISPY2-994987,1,0,spy2,0.1753182,train,2026,weighted,False
ISPY2-994987_z017,ISPY2-994987,1,0,spy2,0.17556734,train,2026,weighted,False
ISPY2-640463_z022,ISPY2-640463,1,1,spy2,0.20808314,train,2026,weighted,False
ISPY2-640463_z023,ISPY2-640463,1,1,spy2,0.20681272,train,2026,weighted,False
ISPY2-640463_z024,ISPY2-640463,1,1,spy2,0.20609562,train,2026,weighted,False
ISPY2-640463_z025,ISPY2-640463,1,1,spy2,0.20605007,train,2026,weighted,False
ISPY2-640463_z026,ISPY2-640463,1,1,spy2,0.20610106,train,2026,weighted,False
ISPY2-640463_z027,ISPY2-640463,1,1,spy2,0.20691834,train,2026,weighted,False
ISPY2-640463_z028,ISPY2-640463,1,1,spy2,0.20645528,train,2026,weighted,False
ISPY2-640463_z029,ISPY2-640463,1,1,spy2,0.2061528,train,2026,weighted,False
ISPY2-640463_z030,ISPY2-640463,1,1,spy2,0.20486374,train,2026,weighted,False
ISPY2-640463_z031,ISPY2-640463,1,1,spy2,0.20484176,train,2026,weighted,False
ISPY2-955953_z020,ISPY2-955953,1,1,spy2,0.72644395,train,2026,weighted,False
ISPY2-955953_z021,ISPY2-955953,1,1,spy2,0.722916,train,2026,weighted,False
ISPY2-955953_z025,ISPY2-955953,1,1,spy2,0.72320336,train,2026,weighted,False
ISPY2-955953_z026,ISPY2-955953,1,1,spy2,0.7215905,train,2026,weighted,False
ISPY2-955953_z027,ISPY2-955953,1,1,spy2,0.7209483,train,2026,weighted,False
ISPY2-955953_z028,ISPY2-955953,1,1,spy2,0.72190857,train,2026,weighted,False
ISPY2-955953_z029,ISPY2-955953,1,1,spy2,0.7208962,train,2026,weighted,False
ISPY2-955953_z030,ISPY2-955953,1,1,spy2,0.7216703,train,2026,weighted,False
ISPY2-955953_z031,ISPY2-955953,1,1,spy2,0.72314924,train,2026,weighted,False
ISPY2-955953_z032,ISPY2-955953,1,1,spy2,0.7259401,train,2026,weighted,False
ISPY2-340186_z016,ISPY2-340186,1,0,spy2,0.5537494,train,2026,weighted,False
ISPY2-340186_z017,ISPY2-340186,1,0,spy2,0.5481265,train,2026,weighted,False
ISPY2-340186_z018,ISPY2-340186,1,0,spy2,0.5425814,train,2026,weighted,False
ISPY2-340186_z019,ISPY2-340186,1,0,spy2,0.535653,train,2026,weighted,False
ISPY2-340186_z020,ISPY2-340186,1,0,spy2,0.5283892,train,2026,weighted,False
ISPY2-340186_z021,ISPY2-340186,1,0,spy2,0.52338,train,2026,weighted,False
ISPY2-340186_z022,ISPY2-340186,1,0,spy2,0.5220536,train,2026,weighted,False
ISPY2-340186_z023,ISPY2-340186,1,0,spy2,0.52408403,train,2026,weighted,False
ISPY2-340186_z024,ISPY2-340186,1,0,spy2,0.5283203,train,2026,weighted,False
ISPY2-340186_z025,ISPY2-340186,1,0,spy2,0.5324294,train,2026,weighted,False
ISPY2-324021_z005,ISPY2-324021,1,0,spy2,0.4298445,train,2026,weighted,False
ISPY2-324021_z006,ISPY2-324021,1,0,spy2,0.4282834,train,2026,weighted,False
ISPY2-324021_z007,ISPY2-324021,1,0,spy2,0.4287394,train,2026,weighted,False
ISPY2-324021_z008,ISPY2-324021,1,0,spy2,0.43063712,train,2026,weighted,False
ISPY2-324021_z009,ISPY2-324021,1,0,spy2,0.4325457,train,2026,weighted,False
ISPY2-324021_z010,ISPY2-324021,1,0,spy2,0.43418118,train,2026,weighted,False
ISPY2-324021_z011,ISPY2-324021,1,0,spy2,0.43322355,train,2026,weighted,False
ISPY2-324021_z012,ISPY2-324021,1,0,spy2,0.43554366,train,2026,weighted,False
ISPY2-324021_z013,ISPY2-324021,1,0,spy2,0.43778822,train,2026,weighted,False
ISPY2-324021_z014,ISPY2-324021,1,0,spy2,0.4391325,train,2026,weighted,False
ACRIN-6698-943633_z006,ACRIN-6698-943633,1,0,spy2,0.5414596,train,2026,weighted,False
ACRIN-6698-943633_z007,ACRIN-6698-943633,1,0,spy2,0.543913,train,2026,weighted,False
ACRIN-6698-943633_z008,ACRIN-6698-943633,1,0,spy2,0.5456503,train,2026,weighted,False
ACRIN-6698-943633_z009,ACRIN-6698-943633,1,0,spy2,0.5457412,train,2026,weighted,False
ACRIN-6698-943633_z010,ACRIN-6698-943633,1,0,spy2,0.54740685,train,2026,weighted,False
ACRIN-6698-943633_z011,ACRIN-6698-943633,1,0,spy2,0.5464856,train,2026,weighted,False
ACRIN-6698-943633_z012,ACRIN-6698-943633,1,0,spy2,0.54986197,train,2026,weighted,False
ACRIN-6698-943633_z013,ACRIN-6698-943633,1,0,spy2,0.55677503,train,2026,weighted,False
ACRIN-6698-943633_z014,ACRIN-6698-943633,1,0,spy2,0.5550274,train,2026,weighted,False
ACRIN-6698-943633_z015,ACRIN-6698-943633,1,0,spy2,0.5525516,train,2026,weighted,False
ACRIN-6698-429220_z010,ACRIN-6698-429220,1,0,spy2,0.4912982,train,2026,weighted,False
ACRIN-6698-429220_z011,ACRIN-6698-429220,1,0,spy2,0.48917657,train,2026,weighted,False
ACRIN-6698-429220_z012,ACRIN-6698-429220,1,0,spy2,0.48766753,train,2026,weighted,False
ACRIN-6698-429220_z013,ACRIN-6698-429220,1,0,spy2,0.48654172,train,2026,weighted,False
ACRIN-6698-429220_z014,ACRIN-6698-429220,1,0,spy2,0.4865054,train,2026,weighted,False
ACRIN-6698-429220_z015,ACRIN-6698-429220,1,0,spy2,0.48616225,train,2026,weighted,False
ACRIN-6698-429220_z016,ACRIN-6698-429220,1,0,spy2,0.48754382,train,2026,weighted,False
ACRIN-6698-429220_z017,ACRIN-6698-429220,1,0,spy2,0.48798487,train,2026,weighted,False
ACRIN-6698-429220_z018,ACRIN-6698-429220,1,0,spy2,0.4903081,train,2026,weighted,False
ACRIN-6698-429220_z019,ACRIN-6698-429220,1,0,spy2,0.49416807,train,2026,weighted,False
ISPY2-330134_z006,ISPY2-330134,1,0,spy2,0.23292056,train,2026,weighted,False
ISPY2-330134_z007,ISPY2-330134,1,0,spy2,0.22826082,train,2026,weighted,False
ISPY2-330134_z008,ISPY2-330134,1,0,spy2,0.2231394,train,2026,weighted,False
ISPY2-330134_z009,ISPY2-330134,1,0,spy2,0.21947081,train,2026,weighted,False
ISPY2-330134_z010,ISPY2-330134,1,0,spy2,0.2170282,train,2026,weighted,False
ISPY2-330134_z011,ISPY2-330134,1,0,spy2,0.2150599,train,2026,weighted,False
ISPY2-330134_z012,ISPY2-330134,1,0,spy2,0.21620937,train,2026,weighted,False
ISPY2-330134_z013,ISPY2-330134,1,0,spy2,0.22004597,train,2026,weighted,False
ISPY2-330134_z014,ISPY2-330134,1,0,spy2,0.22542934,train,2026,weighted,False
ISPY2-330134_z015,ISPY2-330134,1,0,spy2,0.22244285,train,2026,weighted,False
ISPY2-646600_z005,ISPY2-646600,1,0,spy2,0.19804373,train,2026,weighted,False
ISPY2-646600_z006,ISPY2-646600,1,0,spy2,0.19771294,train,2026,weighted,False
ISPY2-646600_z007,ISPY2-646600,1,0,spy2,0.19893757,train,2026,weighted,False
ISPY2-646600_z008,ISPY2-646600,1,0,spy2,0.19852164,train,2026,weighted,False
ISPY2-646600_z009,ISPY2-646600,1,0,spy2,0.19710393,train,2026,weighted,False
ISPY2-646600_z010,ISPY2-646600,1,0,spy2,0.19859146,train,2026,weighted,False
ISPY2-646600_z011,ISPY2-646600,1,0,spy2,0.19892606,train,2026,weighted,False
ISPY2-646600_z012,ISPY2-646600,1,0,spy2,0.19841106,train,2026,weighted,False
ISPY2-646600_z013,ISPY2-646600,1,0,spy2,0.19841859,train,2026,weighted,False
ISPY2-646600_z014,ISPY2-646600,1,0,spy2,0.19873282,train,2026,weighted,False
ACRIN-6698-629371_z011,ACRIN-6698-629371,1,1,spy2,0.6928011,train,2026,weighted,False
ACRIN-6698-629371_z012,ACRIN-6698-629371,1,1,spy2,0.69260824,train,2026,weighted,False
ACRIN-6698-629371_z013,ACRIN-6698-629371,1,1,spy2,0.6909463,train,2026,weighted,False
ACRIN-6698-629371_z014,ACRIN-6698-629371,1,1,spy2,0.690217,train,2026,weighted,False
ACRIN-6698-629371_z015,ACRIN-6698-629371,1,1,spy2,0.6909923,train,2026,weighted,False
ACRIN-6698-629371_z016,ACRIN-6698-629371,1,1,spy2,0.69294596,train,2026,weighted,False
ACRIN-6698-629371_z017,ACRIN-6698-629371,1,1,spy2,0.69546956,train,2026,weighted,False
ACRIN-6698-629371_z018,ACRIN-6698-629371,1,1,spy2,0.69796044,train,2026,weighted,False
ACRIN-6698-629371_z019,ACRIN-6698-629371,1,1,spy2,0.6992346,train,2026,weighted,False
ACRIN-6698-629371_z020,ACRIN-6698-629371,1,1,spy2,0.7006168,train,2026,weighted,False
ISPY2-800710_z006,ISPY2-800710,1,0,spy2,0.5324824,train,2026,weighted,False
ISPY2-800710_z007,ISPY2-800710,1,0,spy2,0.5345649,train,2026,weighted,False
ISPY2-800710_z008,ISPY2-800710,1,0,spy2,0.5363143,train,2026,weighted,False
ISPY2-800710_z009,ISPY2-800710,1,0,spy2,0.53638655,train,2026,weighted,False
ISPY2-800710_z010,ISPY2-800710,1,0,spy2,0.5358313,train,2026,weighted,False
ISPY2-800710_z011,ISPY2-800710,1,0,spy2,0.5357065,train,2026,weighted,False
ISPY2-800710_z012,ISPY2-800710,1,0,spy2,0.5371105,train,2026,weighted,False
ISPY2-800710_z013,ISPY2-800710,1,0,spy2,0.5402879,train,2026,weighted,False
ISPY2-800710_z014,ISPY2-800710,1,0,spy2,0.54350394,train,2026,weighted,False
ISPY2-800710_z015,ISPY2-800710,1,0,spy2,0.5460708,train,2026,weighted,False
ISPY2-934459_z029,ISPY2-934459,1,0,spy2,0.3963754,train,2026,weighted,False
ISPY2-934459_z030,ISPY2-934459,1,0,spy2,0.39475155,train,2026,weighted,False
ISPY2-934459_z031,ISPY2-934459,1,0,spy2,0.39362276,train,2026,weighted,False
ISPY2-934459_z032,ISPY2-934459,1,0,spy2,0.39256668,train,2026,weighted,False
ISPY2-934459_z033,ISPY2-934459,1,0,spy2,0.39252064,train,2026,weighted,False
ISPY2-934459_z034,ISPY2-934459,1,0,spy2,0.3913151,train,2026,weighted,False
ISPY2-934459_z035,ISPY2-934459,1,0,spy2,0.3893288,train,2026,weighted,False
ISPY2-934459_z036,ISPY2-934459,1,0,spy2,0.3889692,train,2026,weighted,False
ISPY2-934459_z037,ISPY2-934459,1,0,spy2,0.39169955,train,2026,weighted,False
ISPY2-934459_z038,ISPY2-934459,1,0,spy2,0.39269638,train,2026,weighted,False
ISPY2-454808_z003,ISPY2-454808,1,0,spy2,0.5732281,train,2026,weighted,False
ISPY2-454808_z004,ISPY2-454808,1,0,spy2,0.5744049,train,2026,weighted,False
ISPY2-454808_z005,ISPY2-454808,1,0,spy2,0.57352215,train,2026,weighted,False
ISPY2-454808_z006,ISPY2-454808,1,0,spy2,0.57412976,train,2026,weighted,False
ISPY2-454808_z007,ISPY2-454808,1,0,spy2,0.5773119,train,2026,weighted,False
ISPY2-454808_z008,ISPY2-454808,1,0,spy2,0.5775294,train,2026,weighted,False
ISPY2-454808_z009,ISPY2-454808,1,0,spy2,0.5780366,train,2026,weighted,False
ISPY2-454808_z010,ISPY2-454808,1,0,spy2,0.57834405,train,2026,weighted,False
ISPY2-454808_z011,ISPY2-454808,1,0,spy2,0.58061594,train,2026,weighted,False
ISPY2-454808_z012,ISPY2-454808,1,0,spy2,0.5819328,train,2026,weighted,False
ISPY2-962664_z023,ISPY2-962664,1,1,spy2,0.5412622,train,2026,weighted,False
ISPY2-962664_z024,ISPY2-962664,1,1,spy2,0.54949707,train,2026,weighted,False
ISPY2-962664_z025,ISPY2-962664,1,1,spy2,0.5505058,train,2026,weighted,False
ISPY2-962664_z026,ISPY2-962664,1,1,spy2,0.55012137,train,2026,weighted,False
ISPY2-962664_z027,ISPY2-962664,1,1,spy2,0.5499993,train,2026,weighted,False
ISPY2-962664_z028,ISPY2-962664,1,1,spy2,0.5494694,train,2026,weighted,False
ISPY2-962664_z029,ISPY2-962664,1,1,spy2,0.5516733,train,2026,weighted,False
ISPY2-962664_z030,ISPY2-962664,1,1,spy2,0.5531392,train,2026,weighted,False
ISPY2-962664_z031,ISPY2-962664,1,1,spy2,0.55283743,train,2026,weighted,False
ISPY2-962664_z032,ISPY2-962664,1,1,spy2,0.55686367,train,2026,weighted,False
ISPY2-228340_z036,ISPY2-228340,1,0,spy2,0.59380144,train,2026,weighted,False
ISPY2-228340_z037,ISPY2-228340,1,0,spy2,0.59443134,train,2026,weighted,False
ISPY2-228340_z038,ISPY2-228340,1,0,spy2,0.5945053,train,2026,weighted,False
ISPY2-228340_z039,ISPY2-228340,1,0,spy2,0.5956487,train,2026,weighted,False
ISPY2-228340_z040,ISPY2-228340,1,0,spy2,0.5965604,train,2026,weighted,False
ISPY2-228340_z041,ISPY2-228340,1,0,spy2,0.597891,train,2026,weighted,False
ISPY2-228340_z042,ISPY2-228340,1,0,spy2,0.59765583,train,2026,weighted,False
ISPY2-228340_z043,ISPY2-228340,1,0,spy2,0.5979808,train,2026,weighted,False
ISPY2-228340_z048,ISPY2-228340,1,0,spy2,0.60010576,train,2026,weighted,False
ISPY2-228340_z049,ISPY2-228340,1,0,spy2,0.6002836,train,2026,weighted,False
ISPY2-790397_z013,ISPY2-790397,1,1,spy2,0.532988,train,2026,weighted,False
ISPY2-790397_z014,ISPY2-790397,1,1,spy2,0.5297616,train,2026,weighted,False
ISPY2-790397_z015,ISPY2-790397,1,1,spy2,0.527446,train,2026,weighted,False
ISPY2-790397_z016,ISPY2-790397,1,1,spy2,0.5293466,train,2026,weighted,False
ISPY2-790397_z017,ISPY2-790397,1,1,spy2,0.52936816,train,2026,weighted,False
ISPY2-790397_z018,ISPY2-790397,1,1,spy2,0.52530754,train,2026,weighted,False
ISPY2-790397_z019,ISPY2-790397,1,1,spy2,0.5230479,train,2026,weighted,False
ISPY2-790397_z020,ISPY2-790397,1,1,spy2,0.52299464,train,2026,weighted,False
ISPY2-790397_z021,ISPY2-790397,1,1,spy2,0.5245866,train,2026,weighted,False
ISPY2-790397_z022,ISPY2-790397,1,1,spy2,0.527004,train,2026,weighted,False
ACRIN-6698-465008_z003,ACRIN-6698-465008,1,0,spy2,0.22382906,train,2026,weighted,False
ACRIN-6698-465008_z004,ACRIN-6698-465008,1,0,spy2,0.22390507,train,2026,weighted,False
ACRIN-6698-465008_z005,ACRIN-6698-465008,1,0,spy2,0.22661747,train,2026,weighted,False
ACRIN-6698-465008_z006,ACRIN-6698-465008,1,0,spy2,0.2328566,train,2026,weighted,False
ACRIN-6698-465008_z007,ACRIN-6698-465008,1,0,spy2,0.23399617,train,2026,weighted,False
ACRIN-6698-465008_z008,ACRIN-6698-465008,1,0,spy2,0.23512378,train,2026,weighted,False
ACRIN-6698-465008_z009,ACRIN-6698-465008,1,0,spy2,0.23377348,train,2026,weighted,False
ACRIN-6698-465008_z010,ACRIN-6698-465008,1,0,spy2,0.23040994,train,2026,weighted,False
ACRIN-6698-465008_z011,ACRIN-6698-465008,1,0,spy2,0.22583939,train,2026,weighted,False
ACRIN-6698-465008_z012,ACRIN-6698-465008,1,0,spy2,0.22370392,train,2026,weighted,False
ISPY2-865416_z025,ISPY2-865416,1,0,spy2,0.44543537,train,2026,weighted,False
ISPY2-865416_z026,ISPY2-865416,1,0,spy2,0.44820124,train,2026,weighted,False
ISPY2-865416_z027,ISPY2-865416,1,0,spy2,0.4502812,train,2026,weighted,False
ISPY2-865416_z028,ISPY2-865416,1,0,spy2,0.45172203,train,2026,weighted,False
ISPY2-865416_z029,ISPY2-865416,1,0,spy2,0.45297697,train,2026,weighted,False
ISPY2-865416_z030,ISPY2-865416,1,0,spy2,0.45570844,train,2026,weighted,False
ISPY2-865416_z031,ISPY2-865416,1,0,spy2,0.45942128,train,2026,weighted,False
ISPY2-865416_z032,ISPY2-865416,1,0,spy2,0.46242222,train,2026,weighted,False
ISPY2-865416_z033,ISPY2-865416,1,0,spy2,0.46419165,train,2026,weighted,False
ISPY2-865416_z034,ISPY2-865416,1,0,spy2,0.46673533,train,2026,weighted,False
ISPY2-566011_z014,ISPY2-566011,1,0,spy2,0.43344542,train,2026,weighted,False
ISPY2-566011_z015,ISPY2-566011,1,0,spy2,0.42672762,train,2026,weighted,False
ISPY2-566011_z016,ISPY2-566011,1,0,spy2,0.41702667,train,2026,weighted,False
ISPY2-566011_z017,ISPY2-566011,1,0,spy2,0.40875435,train,2026,weighted,False
ISPY2-566011_z018,ISPY2-566011,1,0,spy2,0.4044384,train,2026,weighted,False
ISPY2-566011_z019,ISPY2-566011,1,0,spy2,0.40098897,train,2026,weighted,False
ISPY2-566011_z020,ISPY2-566011,1,0,spy2,0.40030876,train,2026,weighted,False
ISPY2-566011_z021,ISPY2-566011,1,0,spy2,0.40094146,train,2026,weighted,False
ISPY2-566011_z022,ISPY2-566011,1,0,spy2,0.40425733,train,2026,weighted,False
ISPY2-566011_z043,ISPY2-566011,1,0,spy2,0.44299325,train,2026,weighted,False
ISPY2-188511_z020,ISPY2-188511,1,0,spy2,0.17887886,train,2026,weighted,False
ISPY2-188511_z021,ISPY2-188511,1,0,spy2,0.17884691,train,2026,weighted,False
ISPY2-188511_z022,ISPY2-188511,1,0,spy2,0.17876461,train,2026,weighted,False
ISPY2-188511_z023,ISPY2-188511,1,0,spy2,0.17953053,train,2026,weighted,False
ISPY2-188511_z024,ISPY2-188511,1,0,spy2,0.17912349,train,2026,weighted,False
ISPY2-188511_z025,ISPY2-188511,1,0,spy2,0.1792389,train,2026,weighted,False
ISPY2-188511_z026,ISPY2-188511,1,0,spy2,0.17840125,train,2026,weighted,False
ISPY2-188511_z027,ISPY2-188511,1,0,spy2,0.17866023,train,2026,weighted,False
ISPY2-188511_z028,ISPY2-188511,1,0,spy2,0.17892745,train,2026,weighted,False
ISPY2-188511_z029,ISPY2-188511,1,0,spy2,0.18018311,train,2026,weighted,False
ACRIN-6698-573919_z020,ACRIN-6698-573919,1,0,spy2,0.675992,train,2026,weighted,False
ACRIN-6698-573919_z021,ACRIN-6698-573919,1,0,spy2,0.6765171,train,2026,weighted,False
ACRIN-6698-573919_z022,ACRIN-6698-573919,1,0,spy2,0.6748323,train,2026,weighted,False
ACRIN-6698-573919_z023,ACRIN-6698-573919,1,0,spy2,0.6743312,train,2026,weighted,False
ACRIN-6698-573919_z024,ACRIN-6698-573919,1,0,spy2,0.67719716,train,2026,weighted,False
ACRIN-6698-573919_z025,ACRIN-6698-573919,1,0,spy2,0.6817466,train,2026,weighted,False
ACRIN-6698-573919_z026,ACRIN-6698-573919,1,0,spy2,0.6847978,train,2026,weighted,False
ACRIN-6698-573919_z027,ACRIN-6698-573919,1,0,spy2,0.68749917,train,2026,weighted,False
ACRIN-6698-573919_z028,ACRIN-6698-573919,1,0,spy2,0.69336385,train,2026,weighted,False
ACRIN-6698-573919_z029,ACRIN-6698-573919,1,0,spy2,0.70091385,train,2026,weighted,False
ISPY2-824234_z009,ISPY2-824234,1,1,spy2,0.4112836,train,2026,weighted,False
ISPY2-824234_z010,ISPY2-824234,1,1,spy2,0.41410077,train,2026,weighted,False
ISPY2-824234_z017,ISPY2-824234,1,1,spy2,0.41479072,train,2026,weighted,False
ISPY2-824234_z018,ISPY2-824234,1,1,spy2,0.4134299,train,2026,weighted,False
ISPY2-824234_z019,ISPY2-824234,1,1,spy2,0.41321367,train,2026,weighted,False
ISPY2-824234_z020,ISPY2-824234,1,1,spy2,0.41535133,train,2026,weighted,False
ISPY2-824234_z022,ISPY2-824234,1,1,spy2,0.42270592,train,2026,weighted,False
ISPY2-824234_z023,ISPY2-824234,1,1,spy2,0.42570236,train,2026,weighted,False
ISPY2-824234_z024,ISPY2-824234,1,1,spy2,0.42136335,train,2026,weighted,False
ISPY2-824234_z025,ISPY2-824234,1,1,spy2,0.42355326,train,2026,weighted,False
ISPY2-749097_z029,ISPY2-749097,1,0,spy2,0.15791225,train,2026,weighted,False
ISPY2-749097_z030,ISPY2-749097,1,0,spy2,0.15832439,train,2026,weighted,False
ISPY2-749097_z031,ISPY2-749097,1,0,spy2,0.15958624,train,2026,weighted,False
ISPY2-749097_z032,ISPY2-749097,1,0,spy2,0.1610428,train,2026,weighted,False
ISPY2-749097_z033,ISPY2-749097,1,0,spy2,0.16187783,train,2026,weighted,False
ISPY2-749097_z034,ISPY2-749097,1,0,spy2,0.16288427,train,2026,weighted,False
ISPY2-749097_z035,ISPY2-749097,1,0,spy2,0.16418469,train,2026,weighted,False
ISPY2-749097_z036,ISPY2-749097,1,0,spy2,0.1651743,train,2026,weighted,False
ISPY2-749097_z037,ISPY2-749097,1,0,spy2,0.16573633,train,2026,weighted,False
ISPY2-749097_z038,ISPY2-749097,1,0,spy2,0.16765946,train,2026,weighted,False
ISPY2-728714_z009,ISPY2-728714,1,0,spy2,0.18638308,train,2026,weighted,False
ISPY2-728714_z010,ISPY2-728714,1,0,spy2,0.1857932,train,2026,weighted,False
ISPY2-728714_z011,ISPY2-728714,1,0,spy2,0.1851754,train,2026,weighted,False
ISPY2-728714_z012,ISPY2-728714,1,0,spy2,0.1850817,train,2026,weighted,False
ISPY2-728714_z013,ISPY2-728714,1,0,spy2,0.18429315,train,2026,weighted,False
ISPY2-728714_z014,ISPY2-728714,1,0,spy2,0.18356621,train,2026,weighted,False
ISPY2-728714_z015,ISPY2-728714,1,0,spy2,0.18305375,train,2026,weighted,False
ISPY2-728714_z016,ISPY2-728714,1,0,spy2,0.18340433,train,2026,weighted,False
ISPY2-728714_z017,ISPY2-728714,1,0,spy2,0.1850893,train,2026,weighted,False
ISPY2-728714_z018,ISPY2-728714,1,0,spy2,0.18661708,train,2026,weighted,False
ISPY2-726381_z019,ISPY2-726381,1,0,spy2,0.38155407,train,2026,weighted,False
ISPY2-726381_z020,ISPY2-726381,1,0,spy2,0.3811585,train,2026,weighted,False
ISPY2-726381_z021,ISPY2-726381,1,0,spy2,0.37933877,train,2026,weighted,False
ISPY2-726381_z022,ISPY2-726381,1,0,spy2,0.37811252,train,2026,weighted,False
ISPY2-726381_z023,ISPY2-726381,1,0,spy2,0.37565455,train,2026,weighted,False
ISPY2-726381_z024,ISPY2-726381,1,0,spy2,0.37572888,train,2026,weighted,False
ISPY2-726381_z025,ISPY2-726381,1,0,spy2,0.377299,train,2026,weighted,False
ISPY2-726381_z026,ISPY2-726381,1,0,spy2,0.37875435,train,2026,weighted,False
ISPY2-726381_z027,ISPY2-726381,1,0,spy2,0.37912038,train,2026,weighted,False
ISPY2-726381_z028,ISPY2-726381,1,0,spy2,0.37793428,train,2026,weighted,False
ISPY2-592535_z012,ISPY2-592535,1,0,spy2,0.2977817,train,2026,weighted,False
ISPY2-592535_z013,ISPY2-592535,1,0,spy2,0.29990286,train,2026,weighted,False
ISPY2-592535_z014,ISPY2-592535,1,0,spy2,0.29802296,train,2026,weighted,False
ISPY2-592535_z015,ISPY2-592535,1,0,spy2,0.29613882,train,2026,weighted,False
ISPY2-592535_z016,ISPY2-592535,1,0,spy2,0.296584,train,2026,weighted,False
ISPY2-592535_z017,ISPY2-592535,1,0,spy2,0.29684353,train,2026,weighted,False
ISPY2-592535_z018,ISPY2-592535,1,0,spy2,0.29541674,train,2026,weighted,False
ISPY2-592535_z019,ISPY2-592535,1,0,spy2,0.294696,train,2026,weighted,False
ISPY2-592535_z020,ISPY2-592535,1,0,spy2,0.2947987,train,2026,weighted,False
ISPY2-592535_z021,ISPY2-592535,1,0,spy2,0.29363894,train,2026,weighted,False
ISPY2-443444_z010,ISPY2-443444,1,0,spy2,0.68593013,train,2026,weighted,False
ISPY2-443444_z012,ISPY2-443444,1,0,spy2,0.68273944,train,2026,weighted,False
ISPY2-443444_z013,ISPY2-443444,1,0,spy2,0.68175787,train,2026,weighted,False
ISPY2-443444_z014,ISPY2-443444,1,0,spy2,0.68075556,train,2026,weighted,False
ISPY2-443444_z015,ISPY2-443444,1,0,spy2,0.6812678,train,2026,weighted,False
ISPY2-443444_z016,ISPY2-443444,1,0,spy2,0.67755914,train,2026,weighted,False
ISPY2-443444_z017,ISPY2-443444,1,0,spy2,0.674212,train,2026,weighted,False
ISPY2-443444_z018,ISPY2-443444,1,0,spy2,0.6737143,train,2026,weighted,False
ISPY2-443444_z019,ISPY2-443444,1,0,spy2,0.6749269,train,2026,weighted,False
ISPY2-443444_z020,ISPY2-443444,1,0,spy2,0.68234193,train,2026,weighted,False
ACRIN-6698-775346_z033,ACRIN-6698-775346,1,0,spy2,0.22805636,train,2026,weighted,False
ACRIN-6698-775346_z034,ACRIN-6698-775346,1,0,spy2,0.22826174,train,2026,weighted,False
ACRIN-6698-775346_z035,ACRIN-6698-775346,1,0,spy2,0.22858348,train,2026,weighted,False
ACRIN-6698-775346_z036,ACRIN-6698-775346,1,0,spy2,0.2302815,train,2026,weighted,False
ACRIN-6698-775346_z037,ACRIN-6698-775346,1,0,spy2,0.230406,train,2026,weighted,False
ACRIN-6698-775346_z038,ACRIN-6698-775346,1,0,spy2,0.2303709,train,2026,weighted,False
ACRIN-6698-775346_z039,ACRIN-6698-775346,1,0,spy2,0.23121294,train,2026,weighted,False
ACRIN-6698-775346_z040,ACRIN-6698-775346,1,0,spy2,0.23149468,train,2026,weighted,False
ACRIN-6698-775346_z041,ACRIN-6698-775346,1,0,spy2,0.23240118,train,2026,weighted,False
ACRIN-6698-775346_z042,ACRIN-6698-775346,1,0,spy2,0.2333732,train,2026,weighted,False
ISPY2-497010_z015,ISPY2-497010,1,1,spy2,0.50632274,train,2026,weighted,False
ISPY2-497010_z016,ISPY2-497010,1,1,spy2,0.50434166,train,2026,weighted,False
ISPY2-497010_z017,ISPY2-497010,1,1,spy2,0.5043572,train,2026,weighted,False
ISPY2-497010_z018,ISPY2-497010,1,1,spy2,0.5060315,train,2026,weighted,False
ISPY2-497010_z019,ISPY2-497010,1,1,spy2,0.5067534,train,2026,weighted,False
ISPY2-497010_z020,ISPY2-497010,1,1,spy2,0.50449914,train,2026,weighted,False
ISPY2-497010_z021,ISPY2-497010,1,1,spy2,0.5028664,train,2026,weighted,False
ISPY2-497010_z022,ISPY2-497010,1,1,spy2,0.503197,train,2026,weighted,False
ISPY2-497010_z023,ISPY2-497010,1,1,spy2,0.50395465,train,2026,weighted,False
ISPY2-497010_z024,ISPY2-497010,1,1,spy2,0.50532645,train,2026,weighted,False
ISPY2-238790_z009,ISPY2-238790,1,0,spy2,0.41378278,train,2026,weighted,False
ISPY2-238790_z010,ISPY2-238790,1,0,spy2,0.41512266,train,2026,weighted,False
ISPY2-238790_z011,ISPY2-238790,1,0,spy2,0.41789448,train,2026,weighted,False
ISPY2-238790_z012,ISPY2-238790,1,0,spy2,0.41654393,train,2026,weighted,False
ISPY2-238790_z013,ISPY2-238790,1,0,spy2,0.41542232,train,2026,weighted,False
ISPY2-238790_z014,ISPY2-238790,1,0,spy2,0.41374615,train,2026,weighted,False
ISPY2-238790_z015,ISPY2-238790,1,0,spy2,0.41274267,train,2026,weighted,False
ISPY2-238790_z016,ISPY2-238790,1,0,spy2,0.41355667,train,2026,weighted,False
ISPY2-238790_z017,ISPY2-238790,1,0,spy2,0.4142574,train,2026,weighted,False
ISPY2-238790_z018,ISPY2-238790,1,0,spy2,0.41580862,train,2026,weighted,False
ISPY2-517870_z009,ISPY2-517870,1,0,spy2,0.55778974,train,2026,weighted,False
ISPY2-517870_z010,ISPY2-517870,1,0,spy2,0.55458456,train,2026,weighted,False
ISPY2-517870_z011,ISPY2-517870,1,0,spy2,0.5513317,train,2026,weighted,False
ISPY2-517870_z012,ISPY2-517870,1,0,spy2,0.5492275,train,2026,weighted,False
ISPY2-517870_z013,ISPY2-517870,1,0,spy2,0.54903626,train,2026,weighted,False
ISPY2-517870_z014,ISPY2-517870,1,0,spy2,0.55020726,train,2026,weighted,False
ISPY2-517870_z015,ISPY2-517870,1,0,spy2,0.5518624,train,2026,weighted,False
ISPY2-517870_z016,ISPY2-517870,1,0,spy2,0.5546708,train,2026,weighted,False
ISPY2-517870_z017,ISPY2-517870,1,0,spy2,0.55965066,train,2026,weighted,False
ISPY2-517870_z018,ISPY2-517870,1,0,spy2,0.5646558,train,2026,weighted,False
ISPY2-630758_z027,ISPY2-630758,1,0,spy2,0.43540254,train,2026,weighted,False
ISPY2-630758_z028,ISPY2-630758,1,0,spy2,0.43339446,train,2026,weighted,False
ISPY2-630758_z029,ISPY2-630758,1,0,spy2,0.4319964,train,2026,weighted,False
ISPY2-630758_z030,ISPY2-630758,1,0,spy2,0.43163303,train,2026,weighted,False
ISPY2-630758_z031,ISPY2-630758,1,0,spy2,0.42983896,train,2026,weighted,False
ISPY2-630758_z032,ISPY2-630758,1,0,spy2,0.4286521,train,2026,weighted,False
ISPY2-630758_z033,ISPY2-630758,1,0,spy2,0.4260712,train,2026,weighted,False
ISPY2-630758_z034,ISPY2-630758,1,0,spy2,0.4253375,train,2026,weighted,False
ISPY2-630758_z035,ISPY2-630758,1,0,spy2,0.42522547,train,2026,weighted,False
ISPY2-630758_z036,ISPY2-630758,1,0,spy2,0.43057877,train,2026,weighted,False
ISPY2-174903_z009,ISPY2-174903,1,0,spy2,0.21749832,train,2026,weighted,False
ISPY2-174903_z010,ISPY2-174903,1,0,spy2,0.21298142,train,2026,weighted,False
ISPY2-174903_z011,ISPY2-174903,1,0,spy2,0.21183781,train,2026,weighted,False
ISPY2-174903_z012,ISPY2-174903,1,0,spy2,0.21364333,train,2026,weighted,False
ISPY2-174903_z013,ISPY2-174903,1,0,spy2,0.2143264,train,2026,weighted,False
ISPY2-174903_z014,ISPY2-174903,1,0,spy2,0.21347904,train,2026,weighted,False
ISPY2-174903_z015,ISPY2-174903,1,0,spy2,0.2108157,train,2026,weighted,False
ISPY2-174903_z016,ISPY2-174903,1,0,spy2,0.20937622,train,2026,weighted,False
ISPY2-174903_z017,ISPY2-174903,1,0,spy2,0.21378262,train,2026,weighted,False
ISPY2-174903_z019,ISPY2-174903,1,0,spy2,0.21714827,train,2026,weighted,False
ACRIN-6698-148357_z013,ACRIN-6698-148357,1,0,spy2,0.13490118,train,2026,weighted,False
ACRIN-6698-148357_z014,ACRIN-6698-148357,1,0,spy2,0.1339632,train,2026,weighted,False
ACRIN-6698-148357_z015,ACRIN-6698-148357,1,0,spy2,0.13304596,train,2026,weighted,False
ACRIN-6698-148357_z016,ACRIN-6698-148357,1,0,spy2,0.13204306,train,2026,weighted,False
ACRIN-6698-148357_z017,ACRIN-6698-148357,1,0,spy2,0.13092855,train,2026,weighted,False
ACRIN-6698-148357_z018,ACRIN-6698-148357,1,0,spy2,0.13028793,train,2026,weighted,False
ACRIN-6698-148357_z019,ACRIN-6698-148357,1,0,spy2,0.1297166,train,2026,weighted,False
ACRIN-6698-148357_z020,ACRIN-6698-148357,1,0,spy2,0.13004038,train,2026,weighted,False
ACRIN-6698-148357_z021,ACRIN-6698-148357,1,0,spy2,0.13039796,train,2026,weighted,False
ACRIN-6698-148357_z022,ACRIN-6698-148357,1,0,spy2,0.13047479,train,2026,weighted,False
ISPY2-579881_z007,ISPY2-579881,1,0,spy2,0.20959881,train,2026,weighted,False
ISPY2-579881_z008,ISPY2-579881,1,0,spy2,0.2083575,train,2026,weighted,False
ISPY2-579881_z009,ISPY2-579881,1,0,spy2,0.20640196,train,2026,weighted,False
ISPY2-579881_z010,ISPY2-579881,1,0,spy2,0.20463224,train,2026,weighted,False
ISPY2-579881_z011,ISPY2-579881,1,0,spy2,0.20564036,train,2026,weighted,False
ISPY2-579881_z012,ISPY2-579881,1,0,spy2,0.20685041,train,2026,weighted,False
ISPY2-579881_z013,ISPY2-579881,1,0,spy2,0.2054458,train,2026,weighted,False
ISPY2-579881_z014,ISPY2-579881,1,0,spy2,0.20364586,train,2026,weighted,False
ISPY2-579881_z015,ISPY2-579881,1,0,spy2,0.2058359,train,2026,weighted,False
ISPY2-579881_z016,ISPY2-579881,1,0,spy2,0.21051893,train,2026,weighted,False
ISPY2-349330_z009,ISPY2-349330,1,1,spy2,0.5536787,train,2026,weighted,False
ISPY2-349330_z010,ISPY2-349330,1,1,spy2,0.55376273,train,2026,weighted,False
ISPY2-349330_z011,ISPY2-349330,1,1,spy2,0.55606717,train,2026,weighted,False
ISPY2-349330_z012,ISPY2-349330,1,1,spy2,0.55910665,train,2026,weighted,False
ISPY2-349330_z013,ISPY2-349330,1,1,spy2,0.5598397,train,2026,weighted,False
ISPY2-349330_z014,ISPY2-349330,1,1,spy2,0.5565909,train,2026,weighted,False
ISPY2-349330_z015,ISPY2-349330,1,1,spy2,0.5566042,train,2026,weighted,False
ISPY2-349330_z016,ISPY2-349330,1,1,spy2,0.5563954,train,2026,weighted,False
ISPY2-349330_z017,ISPY2-349330,1,1,spy2,0.5620263,train,2026,weighted,False
ISPY2-349330_z018,ISPY2-349330,1,1,spy2,0.56369424,train,2026,weighted,False
ACRIN-6698-520471_z017,ACRIN-6698-520471,1,1,spy2,0.27754307,train,2026,weighted,False
ACRIN-6698-520471_z018,ACRIN-6698-520471,1,1,spy2,0.27683264,train,2026,weighted,False
ACRIN-6698-520471_z019,ACRIN-6698-520471,1,1,spy2,0.2774884,train,2026,weighted,False
ACRIN-6698-520471_z020,ACRIN-6698-520471,1,1,spy2,0.27781975,train,2026,weighted,False
ACRIN-6698-520471_z021,ACRIN-6698-520471,1,1,spy2,0.27718303,train,2026,weighted,False
ACRIN-6698-520471_z022,ACRIN-6698-520471,1,1,spy2,0.27616426,train,2026,weighted,False
ACRIN-6698-520471_z023,ACRIN-6698-520471,1,1,spy2,0.2775051,train,2026,weighted,False
ACRIN-6698-520471_z024,ACRIN-6698-520471,1,1,spy2,0.27970222,train,2026,weighted,False
ACRIN-6698-520471_z025,ACRIN-6698-520471,1,1,spy2,0.28064546,train,2026,weighted,False
ACRIN-6698-520471_z026,ACRIN-6698-520471,1,1,spy2,0.28100336,train,2026,weighted,False
ISPY2-793684_z007,ISPY2-793684,1,0,spy2,0.44601855,train,2026,weighted,False
ISPY2-793684_z008,ISPY2-793684,1,0,spy2,0.45192128,train,2026,weighted,False
ISPY2-793684_z009,ISPY2-793684,1,0,spy2,0.4579834,train,2026,weighted,False
ISPY2-793684_z010,ISPY2-793684,1,0,spy2,0.4603236,train,2026,weighted,False
ISPY2-793684_z011,ISPY2-793684,1,0,spy2,0.45938817,train,2026,weighted,False
ISPY2-793684_z012,ISPY2-793684,1,0,spy2,0.45832866,train,2026,weighted,False
ISPY2-793684_z013,ISPY2-793684,1,0,spy2,0.45971933,train,2026,weighted,False
ISPY2-793684_z014,ISPY2-793684,1,0,spy2,0.46249747,train,2026,weighted,False
ISPY2-793684_z015,ISPY2-793684,1,0,spy2,0.46450576,train,2026,weighted,False
ISPY2-793684_z016,ISPY2-793684,1,0,spy2,0.46712223,train,2026,weighted,False
ISPY2-572444_z021,ISPY2-572444,1,0,spy2,0.14578235,train,2026,weighted,False
ISPY2-572444_z022,ISPY2-572444,1,0,spy2,0.1464334,train,2026,weighted,False
ISPY2-572444_z023,ISPY2-572444,1,0,spy2,0.14696935,train,2026,weighted,False
ISPY2-572444_z024,ISPY2-572444,1,0,spy2,0.14992356,train,2026,weighted,False
ISPY2-572444_z025,ISPY2-572444,1,0,spy2,0.15321638,train,2026,weighted,False
ISPY2-572444_z026,ISPY2-572444,1,0,spy2,0.15310128,train,2026,weighted,False
ISPY2-572444_z027,ISPY2-572444,1,0,spy2,0.15338576,train,2026,weighted,False
ISPY2-572444_z028,ISPY2-572444,1,0,spy2,0.15411599,train,2026,weighted,False
ISPY2-572444_z029,ISPY2-572444,1,0,spy2,0.15317002,train,2026,weighted,False
ISPY2-572444_z030,ISPY2-572444,1,0,spy2,0.15450604,train,2026,weighted,False
ISPY2-586207_z014,ISPY2-586207,1,1,spy2,0.4772641,train,2026,weighted,False
ISPY2-586207_z015,ISPY2-586207,1,1,spy2,0.47542086,train,2026,weighted,False
ISPY2-586207_z016,ISPY2-586207,1,1,spy2,0.4755707,train,2026,weighted,False
ISPY2-586207_z017,ISPY2-586207,1,1,spy2,0.47642806,train,2026,weighted,False
ISPY2-586207_z018,ISPY2-586207,1,1,spy2,0.47779834,train,2026,weighted,False
ISPY2-586207_z019,ISPY2-586207,1,1,spy2,0.47821477,train,2026,weighted,False
ISPY2-586207_z020,ISPY2-586207,1,1,spy2,0.47805315,train,2026,weighted,False
ISPY2-586207_z021,ISPY2-586207,1,1,spy2,0.4769642,train,2026,weighted,False
ISPY2-586207_z026,ISPY2-586207,1,1,spy2,0.47115788,train,2026,weighted,False
ISPY2-586207_z027,ISPY2-586207,1,1,spy2,0.47115698,train,2026,weighted,False
ISPY2-287300_z011,ISPY2-287300,1,1,spy2,0.39657748,train,2026,weighted,False
ISPY2-287300_z012,ISPY2-287300,1,1,spy2,0.3923407,train,2026,weighted,False
ISPY2-287300_z013,ISPY2-287300,1,1,spy2,0.38870606,train,2026,weighted,False
ISPY2-287300_z022,ISPY2-287300,1,1,spy2,0.38411283,train,2026,weighted,False
ISPY2-287300_z023,ISPY2-287300,1,1,spy2,0.3846874,train,2026,weighted,False
ISPY2-287300_z024,ISPY2-287300,1,1,spy2,0.38404727,train,2026,weighted,False
ISPY2-287300_z025,ISPY2-287300,1,1,spy2,0.3849774,train,2026,weighted,False
ISPY2-287300_z027,ISPY2-287300,1,1,spy2,0.38678917,train,2026,weighted,False
ISPY2-287300_z031,ISPY2-287300,1,1,spy2,0.38961807,train,2026,weighted,False
ISPY2-287300_z032,ISPY2-287300,1,1,spy2,0.38860604,train,2026,weighted,False
ACRIN-6698-241998_z018,ACRIN-6698-241998,1,0,spy2,0.22509098,train,2026,weighted,False
ACRIN-6698-241998_z019,ACRIN-6698-241998,1,0,spy2,0.22505745,train,2026,weighted,False
ACRIN-6698-241998_z020,ACRIN-6698-241998,1,0,spy2,0.22174631,train,2026,weighted,False
ACRIN-6698-241998_z021,ACRIN-6698-241998,1,0,spy2,0.22210659,train,2026,weighted,False
ACRIN-6698-241998_z022,ACRIN-6698-241998,1,0,spy2,0.22222576,train,2026,weighted,False
ACRIN-6698-241998_z023,ACRIN-6698-241998,1,0,spy2,0.21887915,train,2026,weighted,False
ACRIN-6698-241998_z024,ACRIN-6698-241998,1,0,spy2,0.22007237,train,2026,weighted,False
ACRIN-6698-241998_z025,ACRIN-6698-241998,1,0,spy2,0.21857573,train,2026,weighted,False
ACRIN-6698-241998_z026,ACRIN-6698-241998,1,0,spy2,0.22528172,train,2026,weighted,False
ACRIN-6698-241998_z027,ACRIN-6698-241998,1,0,spy2,0.22707598,train,2026,weighted,False
